18,16,22,23,8,type,
0,0,0,0,0,ransom,
1167592,46366,269940,21318,5060910,ransom,
1718391,103830,489837,24233,8194329,ransom,
2265543,154265,719244,27239,10518291,ransom,
2296170,139361,682828,29955,10821548,ransom,
1071202,104300,504460,10578,5064051,ransom,
1144302,83983,430323,19268,5144811,ransom,
1936187,126056,619778,20339,8844953,ransom,
2444969,146438,931858,94443,9937430,ransom,
2617747,187579,915994,33390,12333366,ransom,
835843,75751,357237,18155,3922815,ransom,
1583764,98935,502018,45403,6942086,ransom,
2300402,134620,674492,26882,10668975,ransom,
1142241,95072,462476,23903,5305332,ransom,
930004,76481,366993,16640,4264728,ransom,
2355937,176491,748073,26450,11920887,ransom,
1159000,7963,100941,21397,6750157,ransom,
456366,48584,243941,25103,2129156,ransom,
2075721,54083,550956,6321,10933074,ransom,
2801224,47800,692543,2330,15026553,ransom,
2647549,45077,637616,2477,14181172,ransom,
2803354,45497,687797,2040,15043018,ransom,
2769341,44189,665638,1896,14844609,ransom,
2741514,42596,655938,1958,14683240,ransom,
2757935,44762,670273,5681,14750639,ransom,
2801020,43355,675377,2864,14978793,ransom,
2728231,43612,658307,1897,14591448,ransom,
2743899,42739,675786,1972,14744494,ransom,
2797624,43657,664283,2009,14976749,ransom,
2736680,45125,651730,1938,14651631,ransom,
2772202,45264,682669,2074,14879109,ransom,
2706520,61043,753472,6366,14395036,ransom,
2904753,141371,1540053,530,15185612,ransom,
2949540,136195,1538027,338,15578984,ransom,
2950016,135644,1535407,354,15579285,ransom,
2954357,133485,1538285,336,15613781,ransom,
2956496,132602,1534895,315,15624320,ransom,
2956044,133443,1536606,456,15607430,ransom,
2950552,134661,1533165,333,15593510,ransom,
2959121,133724,1537224,327,15638823,ransom,
2950581,133374,1531542,352,15602014,ransom,
2957780,133025,1534965,317,15633972,ransom,
2941649,133634,1531499,304,15534998,ransom,
2935720,140440,1531102,430,15471241,ransom,
2957975,134651,1527870,364,15638621,ransom,
2964694,134151,1533210,289,15637823,ransom,
2958170,133822,1533283,297,15614808,ransom,
2963801,132782,1536772,317,15657346,ransom,
2943523,131918,1525965,394,15570523,ransom,
2773795,128274,1504141,1297,14245740,ransom,
2678639,131814,1499462,1653,13287988,ransom,
2706337,130125,1528535,844,13475016,ransom,
2722789,130673,1565351,1073,13584383,ransom,
2639590,128950,1535132,746,13852117,ransom,
2648122,130403,1456410,330,13107101,ransom,
2650509,129551,1457544,353,13122298,ransom,
2737031,129605,1614474,673,13715667,ransom,
2787021,128882,1691670,780,14050828,ransom,
2793593,129284,1716646,785,14099671,ransom,
2826030,129043,1774598,781,14325539,ransom,
2846475,128824,1824965,1441,14478678,ransom,
2872518,127469,1881171,1067,14669107,ransom,
2904910,128270,1938010,998,14884935,ransom,
2882262,127138,1957127,1343,15146245,ransom,
2837724,130188,1965683,1525,14932698,ransom,
2983520,130522,2095556,1259,15433639,ransom,
2993651,128046,2111415,1220,15496509,ransom,
2997230,128622,2124772,1159,15546270,ransom,
2974218,125806,2162349,1215,15564272,ransom,
3045806,124777,2301203,1190,16080529,ransom,
2983584,125652,2173218,1292,15609712,ransom,
3025438,124944,2268429,1649,15931405,ransom,
3026976,125748,2282031,1550,15974131,ransom,
3059849,125208,2354857,1602,16224368,ransom,
2730729,127566,1857416,3663,18101405,ransom,
2728533,132365,1466985,761,15896900,ransom,
2958165,133686,1534812,336,15608565,ransom,
2967499,134420,1538903,390,15662652,ransom,
2962774,133832,1536624,360,15627601,ransom,
2864161,129444,1496716,407,15100621,ransom,
2651925,129620,1457151,375,13125422,ransom,
2652354,129498,1456421,380,13123276,ransom,
2649828,129106,1455520,350,13112417,ransom,
2645892,129505,1455075,356,13089962,ransom,
2604389,128744,1434058,563,14411864,ransom,
2789427,130177,1452613,393,14698058,ransom,
2949286,135610,1530112,323,15565218,ransom,
2777126,130678,1445748,448,14642671,ransom,
2961973,134244,1536429,340,15630509,ransom,
2965107,134249,1536187,354,15665930,ransom,
2960046,134894,1535204,311,15633303,ransom,
2964019,134997,1534843,300,15649977,ransom,
2962410,133298,1531631,343,15656034,ransom,
2963943,135953,1537205,335,15655725,ransom,
2965129,134178,1532872,332,15668790,ransom,
2825764,134896,1473670,442,14900797,ransom,
2617685,139545,1429875,469,13775808,ransom,
2960653,134286,1548417,1186,15634502,ransom,
2467206,170867,1482402,514,12891329,ransom,
2946977,137475,1542543,726,15559791,ransom,
2947820,134951,1530670,337,15556725,ransom,
2953366,134863,1532056,323,15605251,ransom,
2958257,134970,1535383,317,15620908,ransom,
2964694,133901,1541509,296,15657000,ransom,
2957849,134623,1539048,334,15624195,ransom,
2966997,133915,1540296,316,15677854,ransom,
2586620,165507,1467147,448,13538941,ransom,
2936894,133145,1525228,332,15521506,ransom,
2404092,192854,1497263,453,12485063,ransom,
2405621,199073,1502604,383,12447521,ransom,
2381379,203045,1508367,396,12324712,ransom,
2554164,172224,1514396,423,13348963,ransom,
2949691,135377,1532134,318,15577463,ransom,
2953718,134537,1529837,343,15592835,ransom,
2953704,133711,1530546,332,15606939,ransom,
2954834,133823,1535194,318,15602318,ransom,
2952306,134461,1531440,348,15595968,ransom,
2408313,183875,1469494,421,12522495,ransom,
2398281,189909,1491316,446,12441006,ransom,
2387455,196400,1498943,355,12395385,ransom,
2406446,189428,1501639,368,12489147,ransom,
2396285,182236,1487763,511,12455899,ransom,
2383024,200149,1503524,311,12328980,ransom,
2396160,193987,1504217,1111,12429416,ransom,
2494596,194245,1515277,468,12983714,ransom,
2772249,127355,1472286,552,14313166,ransom,
2649429,126486,1455693,473,13130537,ransom,
2546811,140109,1433220,988,13271964,ransom,
2439063,169550,1480881,359,12755445,ransom,
2533104,176161,1513379,440,13222622,ransom,
2582567,167331,1475066,440,13554150,ransom,
2399549,192171,1501567,382,12467985,ransom,
2394154,187952,1490295,379,12412457,ransom,
2398589,198532,1503282,332,12414409,ransom,
2394662,190165,1494392,299,12430793,ransom,
2401808,177558,1489422,401,12525286,ransom,
2684385,159060,1504854,500,14147923,ransom,
2672394,127639,1459095,524,13388934,ransom,
2472393,167711,1465003,832,12852510,ransom,
2521386,174477,1504030,326,13168046,ransom,
2436049,197714,1494880,388,12648276,ransom,
2535487,162319,1483093,338,13291126,ransom,
2433036,178883,1496348,332,12649032,ransom,
2544792,176377,1500870,346,13316049,ransom,
2416562,181992,1477610,420,12603165,ransom,
2397691,183842,1493235,399,12471752,ransom,
2406975,183675,1495158,348,12507383,ransom,
2624924,168763,1511636,384,13761490,ransom,
2715840,132130,1472010,1218,13764084,ransom,
2430206,176203,1468937,1015,12578191,ransom,
2540616,183593,1502784,374,13269486,ransom,
2440700,187542,1503139,371,12710937,ransom,
2663408,149823,1472188,392,14067793,ransom,
2400000,185131,1492102,398,12473536,ransom,
2421225,183397,1489235,362,12582876,ransom,
2471175,177576,1493847,306,12890867,ransom,
2403562,174418,1484566,312,12535068,ransom,
2399252,186160,1497761,334,12482385,ransom,
2643909,156006,1498646,431,13922361,ransom,
2699983,127697,1463748,462,13622619,ransom,
2507206,144938,1458288,1013,13013493,ransom,
2437720,175993,1498982,375,12702761,ransom,
2420823,173502,1477772,318,12636100,ransom,
2483889,169661,1492098,350,12987933,ransom,
2517398,170689,1492941,380,13184444,ransom,
2458563,187709,1504599,344,12781422,ransom,
2439572,190350,1506566,344,12654916,ransom,
2378690,201618,1495865,312,12337980,ransom,
2418847,182588,1497826,303,12584593,ransom,
2818050,142040,1502291,511,14991000,ransom,
2666934,128514,1454899,535,13365566,ransom,
2380448,186968,1470154,654,12497766,ransom,
2472533,168378,1496933,1233,12905716,ransom,
2530821,175833,1485086,517,13266494,ransom,
2412534,192028,1497871,312,12508648,ransom,
2407496,188173,1502357,293,12505831,ransom,
2431256,177801,1496106,323,12688239,ransom,
2719247,144186,1485549,515,14351347,ransom,
2402453,191699,1504085,378,12493956,ransom,
2535130,171116,1492620,324,13278871,ransom,
2675854,154332,1505166,303,14116183,ransom,
2537136,152181,1465055,545,13076669,ransom,
2592526,154380,1485881,384,13653865,ransom,
2526768,165231,1502324,282,13235772,ransom,
3382342,153906,1874290,331661,12208173,ransom,
2291980,107981,1051704,147780,8440162,ransom,
492016,18693,286688,10593,2146132,ransom,
1131612,10533,888753,208,5062137,ransom,
1744316,62975,811411,25734,7756202,ransom,
2653,381,3495,1270,9493,ransom,
1167592,46366,269940,21318,5060910,ransom,
1718391,103830,489837,24233,8194329,ransom,
2265543,154265,719244,27239,10518291,ransom,
2296170,139361,682828,29955,10821548,ransom,
1071202,104300,504460,10578,5064051,ransom,
1144302,83983,430323,19268,5144811,ransom,
1936187,126056,619778,20339,8844953,ransom,
2444969,146438,931858,94443,9937430,ransom,
2617747,187579,915994,33390,12333366,ransom,
835843,75751,357237,18155,3922815,ransom,
1583764,98935,502018,45403,6942086,ransom,
2300402,134620,674492,26882,10668975,ransom,
1142241,95072,462476,23903,5305332,ransom,
930004,76481,366993,16640,4264728,ransom,
2355937,176491,748073,26450,11920887,ransom,
1159000,7963,100941,21397,6750157,ransom,
456366,48584,243941,25103,2129156,ransom,
2075721,54083,550956,6321,10933074,ransom,
2801224,47800,692543,2330,15026553,ransom,
2647549,45077,637616,2477,14181172,ransom,
2803354,45497,687797,2040,15043018,ransom,
2769341,44189,665638,1896,14844609,ransom,
2741514,42596,655938,1958,14683240,ransom,
2757935,44762,670273,5681,14750639,ransom,
2801020,43355,675377,2864,14978793,ransom,
2728231,43612,658307,1897,14591448,ransom,
2743899,42739,675786,1972,14744494,ransom,
2797624,43657,664283,2009,14976749,ransom,
2736680,45125,651730,1938,14651631,ransom,
2772202,45264,682669,2074,14879109,ransom,
2706520,61043,753472,6366,14395036,ransom,
2904753,141371,1540053,530,15185612,ransom,
2949540,136195,1538027,338,15578984,ransom,
2950016,135644,1535407,354,15579285,ransom,
2954357,133485,1538285,336,15613781,ransom,
2956496,132602,1534895,315,15624320,ransom,
2956044,133443,1536606,456,15607430,ransom,
2950552,134661,1533165,333,15593510,ransom,
2959121,133724,1537224,327,15638823,ransom,
2950581,133374,1531542,352,15602014,ransom,
2957780,133025,1534965,317,15633972,ransom,
2941649,133634,1531499,304,15534998,ransom,
2935720,140440,1531102,430,15471241,ransom,
2957975,134651,1527870,364,15638621,ransom,
2964694,134151,1533210,289,15637823,ransom,
2958170,133822,1533283,297,15614808,ransom,
2963801,132782,1536772,317,15657346,ransom,
2943523,131918,1525965,394,15570523,ransom,
2773795,128274,1504141,1297,14245740,ransom,
2678639,131814,1499462,1653,13287988,ransom,
2706337,130125,1528535,844,13475016,ransom,
2722789,130673,1565351,1073,13584383,ransom,
2639590,128950,1535132,746,13852117,ransom,
2648122,130403,1456410,330,13107101,ransom,
2650509,129551,1457544,353,13122298,ransom,
2737031,129605,1614474,673,13715667,ransom,
2787021,128882,1691670,780,14050828,ransom,
2793593,129284,1716646,785,14099671,ransom,
2826030,129043,1774598,781,14325539,ransom,
2846475,128824,1824965,1441,14478678,ransom,
2872518,127469,1881171,1067,14669107,ransom,
2904910,128270,1938010,998,14884935,ransom,
2882262,127138,1957127,1343,15146245,ransom,
2837724,130188,1965683,1525,14932698,ransom,
2983520,130522,2095556,1259,15433639,ransom,
2993651,128046,2111415,1220,15496509,ransom,
2997230,128622,2124772,1159,15546270,ransom,
2974218,125806,2162349,1215,15564272,ransom,
3045806,124777,2301203,1190,16080529,ransom,
2983584,125652,2173218,1292,15609712,ransom,
3025438,124944,2268429,1649,15931405,ransom,
3026976,125748,2282031,1550,15974131,ransom,
3059849,125208,2354857,1602,16224368,ransom,
2730729,127566,1857416,3663,18101405,ransom,
2728533,132365,1466985,761,15896900,ransom,
2958165,133686,1534812,336,15608565,ransom,
2967499,134420,1538903,390,15662652,ransom,
2962774,133832,1536624,360,15627601,ransom,
2864161,129444,1496716,407,15100621,ransom,
2651925,129620,1457151,375,13125422,ransom,
2652354,129498,1456421,380,13123276,ransom,
2649828,129106,1455520,350,13112417,ransom,
2645892,129505,1455075,356,13089962,ransom,
2604389,128744,1434058,563,14411864,ransom,
2789427,130177,1452613,393,14698058,ransom,
2949286,135610,1530112,323,15565218,ransom,
2777126,130678,1445748,448,14642671,ransom,
2961973,134244,1536429,340,15630509,ransom,
2965107,134249,1536187,354,15665930,ransom,
2960046,134894,1535204,311,15633303,ransom,
2964019,134997,1534843,300,15649977,ransom,
2962410,133298,1531631,343,15656034,ransom,
2963943,135953,1537205,335,15655725,ransom,
2965129,134178,1532872,332,15668790,ransom,
2825764,134896,1473670,442,14900797,ransom,
2617685,139545,1429875,469,13775808,ransom,
2960653,134286,1548417,1186,15634502,ransom,
2467206,170867,1482402,514,12891329,ransom,
2946977,137475,1542543,726,15559791,ransom,
2947820,134951,1530670,337,15556725,ransom,
2953366,134863,1532056,323,15605251,ransom,
2958257,134970,1535383,317,15620908,ransom,
2964694,133901,1541509,296,15657000,ransom,
2957849,134623,1539048,334,15624195,ransom,
2966997,133915,1540296,316,15677854,ransom,
2586620,165507,1467147,448,13538941,ransom,
2936894,133145,1525228,332,15521506,ransom,
2404092,192854,1497263,453,12485063,ransom,
2405621,199073,1502604,383,12447521,ransom,
2381379,203045,1508367,396,12324712,ransom,
2554164,172224,1514396,423,13348963,ransom,
2949691,135377,1532134,318,15577463,ransom,
2953718,134537,1529837,343,15592835,ransom,
2953704,133711,1530546,332,15606939,ransom,
2954834,133823,1535194,318,15602318,ransom,
2952306,134461,1531440,348,15595968,ransom,
2408313,183875,1469494,421,12522495,ransom,
2398281,189909,1491316,446,12441006,ransom,
2387455,196400,1498943,355,12395385,ransom,
2406446,189428,1501639,368,12489147,ransom,
2396285,182236,1487763,511,12455899,ransom,
2383024,200149,1503524,311,12328980,ransom,
2396160,193987,1504217,1111,12429416,ransom,
2494596,194245,1515277,468,12983714,ransom,
2772249,127355,1472286,552,14313166,ransom,
2649429,126486,1455693,473,13130537,ransom,
2546811,140109,1433220,988,13271964,ransom,
2439063,169550,1480881,359,12755445,ransom,
2533104,176161,1513379,440,13222622,ransom,
2582567,167331,1475066,440,13554150,ransom,
2399549,192171,1501567,382,12467985,ransom,
2394154,187952,1490295,379,12412457,ransom,
2398589,198532,1503282,332,12414409,ransom,
2394662,190165,1494392,299,12430793,ransom,
2401808,177558,1489422,401,12525286,ransom,
2684385,159060,1504854,500,14147923,ransom,
2672394,127639,1459095,524,13388934,ransom,
2472393,167711,1465003,832,12852510,ransom,
2521386,174477,1504030,326,13168046,ransom,
2436049,197714,1494880,388,12648276,ransom,
2535487,162319,1483093,338,13291126,ransom,
2433036,178883,1496348,332,12649032,ransom,
2544792,176377,1500870,346,13316049,ransom,
2416562,181992,1477610,420,12603165,ransom,
2397691,183842,1493235,399,12471752,ransom,
2406975,183675,1495158,348,12507383,ransom,
2624924,168763,1511636,384,13761490,ransom,
2715840,132130,1472010,1218,13764084,ransom,
2430206,176203,1468937,1015,12578191,ransom,
2540616,183593,1502784,374,13269486,ransom,
2440700,187542,1503139,371,12710937,ransom,
2663408,149823,1472188,392,14067793,ransom,
2400000,185131,1492102,398,12473536,ransom,
2421225,183397,1489235,362,12582876,ransom,
2471175,177576,1493847,306,12890867,ransom,
2403562,174418,1484566,312,12535068,ransom,
2399252,186160,1497761,334,12482385,ransom,
2643909,156006,1498646,431,13922361,ransom,
2699983,127697,1463748,462,13622619,ransom,
2507206,144938,1458288,1013,13013493,ransom,
2437720,175993,1498982,375,12702761,ransom,
2420823,173502,1477772,318,12636100,ransom,
2483889,169661,1492098,350,12987933,ransom,
2517398,170689,1492941,380,13184444,ransom,
2458563,187709,1504599,344,12781422,ransom,
2439572,190350,1506566,344,12654916,ransom,
2378690,201618,1495865,312,12337980,ransom,
2418847,182588,1497826,303,12584593,ransom,
2818050,142040,1502291,511,14991000,ransom,
2666934,128514,1454899,535,13365566,ransom,
2380448,186968,1470154,654,12497766,ransom,
2472533,168378,1496933,1233,12905716,ransom,
2530821,175833,1485086,517,13266494,ransom,
2412534,192028,1497871,312,12508648,ransom,
2407496,188173,1502357,293,12505831,ransom,
2431256,177801,1496106,323,12688239,ransom,
2719247,144186,1485549,515,14351347,ransom,
2402453,191699,1504085,378,12493956,ransom,
2535130,171116,1492620,324,13278871,ransom,
2675854,154332,1505166,303,14116183,ransom,
2537136,152181,1465055,545,13076669,ransom,
2592526,154380,1485881,384,13653865,ransom,
2526768,165231,1502324,282,13235772,ransom,
3382342,153906,1874290,331661,12208173,ransom,
2291980,107981,1051704,147780,8440162,ransom,
492016,18693,286688,10593,2146132,ransom,
1131612,10533,888753,208,5062137,ransom,
1744316,62975,811411,25734,7756202,ransom,
2653,381,3495,1270,9493,ransom,
1167592,46366,269940,21318,5060910,ransom,
1718391,103830,489837,24233,8194329,ransom,
2265543,154265,719244,27239,10518291,ransom,
2296170,139361,682828,29955,10821548,ransom,
1071202,104300,504460,10578,5064051,ransom,
1144302,83983,430323,19268,5144811,ransom,
1936187,126056,619778,20339,8844953,ransom,
2444969,146438,931858,94443,9937430,ransom,
2617747,187579,915994,33390,12333366,ransom,
835843,75751,357237,18155,3922815,ransom,
1583764,98935,502018,45403,6942086,ransom,
2300402,134620,674492,26882,10668975,ransom,
1142241,95072,462476,23903,5305332,ransom,
930004,76481,366993,16640,4264728,ransom,
2355937,176491,748073,26450,11920887,ransom,
1159000,7963,100941,21397,6750157,ransom,
456366,48584,243941,25103,2129156,ransom,
2075721,54083,550956,6321,10933074,ransom,
2801224,47800,692543,2330,15026553,ransom,
2647549,45077,637616,2477,14181172,ransom,
2803354,45497,687797,2040,15043018,ransom,
2769341,44189,665638,1896,14844609,ransom,
2741514,42596,655938,1958,14683240,ransom,
2757935,44762,670273,5681,14750639,ransom,
2801020,43355,675377,2864,14978793,ransom,
2728231,43612,658307,1897,14591448,ransom,
2743899,42739,675786,1972,14744494,ransom,
2797624,43657,664283,2009,14976749,ransom,
2736680,45125,651730,1938,14651631,ransom,
2772202,45264,682669,2074,14879109,ransom,
2706520,61043,753472,6366,14395036,ransom,
2904753,141371,1540053,530,15185612,ransom,
2949540,136195,1538027,338,15578984,ransom,
2950016,135644,1535407,354,15579285,ransom,
2954357,133485,1538285,336,15613781,ransom,
2956496,132602,1534895,315,15624320,ransom,
2956044,133443,1536606,456,15607430,ransom,
2950552,134661,1533165,333,15593510,ransom,
2959121,133724,1537224,327,15638823,ransom,
2950581,133374,1531542,352,15602014,ransom,
2957780,133025,1534965,317,15633972,ransom,
2941649,133634,1531499,304,15534998,ransom,
2935720,140440,1531102,430,15471241,ransom,
2957975,134651,1527870,364,15638621,ransom,
2964694,134151,1533210,289,15637823,ransom,
2958170,133822,1533283,297,15614808,ransom,
2963801,132782,1536772,317,15657346,ransom,
2943523,131918,1525965,394,15570523,ransom,
2773795,128274,1504141,1297,14245740,ransom,
2678639,131814,1499462,1653,13287988,ransom,
2706337,130125,1528535,844,13475016,ransom,
2722789,130673,1565351,1073,13584383,ransom,
2639590,128950,1535132,746,13852117,ransom,
2648122,130403,1456410,330,13107101,ransom,
2650509,129551,1457544,353,13122298,ransom,
2737031,129605,1614474,673,13715667,ransom,
2787021,128882,1691670,780,14050828,ransom,
2793593,129284,1716646,785,14099671,ransom,
2826030,129043,1774598,781,14325539,ransom,
2846475,128824,1824965,1441,14478678,ransom,
2872518,127469,1881171,1067,14669107,ransom,
2904910,128270,1938010,998,14884935,ransom,
2882262,127138,1957127,1343,15146245,ransom,
2837724,130188,1965683,1525,14932698,ransom,
2983520,130522,2095556,1259,15433639,ransom,
2993651,128046,2111415,1220,15496509,ransom,
2997230,128622,2124772,1159,15546270,ransom,
2974218,125806,2162349,1215,15564272,ransom,
3045806,124777,2301203,1190,16080529,ransom,
2983584,125652,2173218,1292,15609712,ransom,
3025438,124944,2268429,1649,15931405,ransom,
3026976,125748,2282031,1550,15974131,ransom,
3059849,125208,2354857,1602,16224368,ransom,
2730729,127566,1857416,3663,18101405,ransom,
2728533,132365,1466985,761,15896900,ransom,
2958165,133686,1534812,336,15608565,ransom,
2967499,134420,1538903,390,15662652,ransom,
2962774,133832,1536624,360,15627601,ransom,
2864161,129444,1496716,407,15100621,ransom,
2651925,129620,1457151,375,13125422,ransom,
2652354,129498,1456421,380,13123276,ransom,
2649828,129106,1455520,350,13112417,ransom,
2645892,129505,1455075,356,13089962,ransom,
2604389,128744,1434058,563,14411864,ransom,
2789427,130177,1452613,393,14698058,ransom,
2949286,135610,1530112,323,15565218,ransom,
2777126,130678,1445748,448,14642671,ransom,
2961973,134244,1536429,340,15630509,ransom,
2965107,134249,1536187,354,15665930,ransom,
2960046,134894,1535204,311,15633303,ransom,
2964019,134997,1534843,300,15649977,ransom,
2962410,133298,1531631,343,15656034,ransom,
2963943,135953,1537205,335,15655725,ransom,
2965129,134178,1532872,332,15668790,ransom,
2825764,134896,1473670,442,14900797,ransom,
2617685,139545,1429875,469,13775808,ransom,
2960653,134286,1548417,1186,15634502,ransom,
2467206,170867,1482402,514,12891329,ransom,
2946977,137475,1542543,726,15559791,ransom,
2947820,134951,1530670,337,15556725,ransom,
2953366,134863,1532056,323,15605251,ransom,
2958257,134970,1535383,317,15620908,ransom,
2964694,133901,1541509,296,15657000,ransom,
2957849,134623,1539048,334,15624195,ransom,
2966997,133915,1540296,316,15677854,ransom,
2586620,165507,1467147,448,13538941,ransom,
2936894,133145,1525228,332,15521506,ransom,
2404092,192854,1497263,453,12485063,ransom,
2405621,199073,1502604,383,12447521,ransom,
2381379,203045,1508367,396,12324712,ransom,
2554164,172224,1514396,423,13348963,ransom,
2949691,135377,1532134,318,15577463,ransom,
2953718,134537,1529837,343,15592835,ransom,
2953704,133711,1530546,332,15606939,ransom,
2954834,133823,1535194,318,15602318,ransom,
2952306,134461,1531440,348,15595968,ransom,
2408313,183875,1469494,421,12522495,ransom,
2398281,189909,1491316,446,12441006,ransom,
2387455,196400,1498943,355,12395385,ransom,
2406446,189428,1501639,368,12489147,ransom,
2396285,182236,1487763,511,12455899,ransom,
2383024,200149,1503524,311,12328980,ransom,
2396160,193987,1504217,1111,12429416,ransom,
2494596,194245,1515277,468,12983714,ransom,
2772249,127355,1472286,552,14313166,ransom,
2649429,126486,1455693,473,13130537,ransom,
2546811,140109,1433220,988,13271964,ransom,
2439063,169550,1480881,359,12755445,ransom,
2533104,176161,1513379,440,13222622,ransom,
2582567,167331,1475066,440,13554150,ransom,
2399549,192171,1501567,382,12467985,ransom,
2394154,187952,1490295,379,12412457,ransom,
2398589,198532,1503282,332,12414409,ransom,
2394662,190165,1494392,299,12430793,ransom,
2401808,177558,1489422,401,12525286,ransom,
2684385,159060,1504854,500,14147923,ransom,
2672394,127639,1459095,524,13388934,ransom,
2472393,167711,1465003,832,12852510,ransom,
2521386,174477,1504030,326,13168046,ransom,
2436049,197714,1494880,388,12648276,ransom,
2535487,162319,1483093,338,13291126,ransom,
2433036,178883,1496348,332,12649032,ransom,
2544792,176377,1500870,346,13316049,ransom,
2416562,181992,1477610,420,12603165,ransom,
2397691,183842,1493235,399,12471752,ransom,
2406975,183675,1495158,348,12507383,ransom,
2624924,168763,1511636,384,13761490,ransom,
2715840,132130,1472010,1218,13764084,ransom,
2430206,176203,1468937,1015,12578191,ransom,
2540616,183593,1502784,374,13269486,ransom,
2440700,187542,1503139,371,12710937,ransom,
2663408,149823,1472188,392,14067793,ransom,
2400000,185131,1492102,398,12473536,ransom,
2421225,183397,1489235,362,12582876,ransom,
2471175,177576,1493847,306,12890867,ransom,
2403562,174418,1484566,312,12535068,ransom,
2399252,186160,1497761,334,12482385,ransom,
2643909,156006,1498646,431,13922361,ransom,
2699983,127697,1463748,462,13622619,ransom,
2507206,144938,1458288,1013,13013493,ransom,
2437720,175993,1498982,375,12702761,ransom,
2420823,173502,1477772,318,12636100,ransom,
2483889,169661,1492098,350,12987933,ransom,
2517398,170689,1492941,380,13184444,ransom,
2458563,187709,1504599,344,12781422,ransom,
2439572,190350,1506566,344,12654916,ransom,
2378690,201618,1495865,312,12337980,ransom,
2418847,182588,1497826,303,12584593,ransom,
2818050,142040,1502291,511,14991000,ransom,
2666934,128514,1454899,535,13365566,ransom,
2380448,186968,1470154,654,12497766,ransom,
2472533,168378,1496933,1233,12905716,ransom,
2530821,175833,1485086,517,13266494,ransom,
2412534,192028,1497871,312,12508648,ransom,
2407496,188173,1502357,293,12505831,ransom,
2431256,177801,1496106,323,12688239,ransom,
2719247,144186,1485549,515,14351347,ransom,
2402453,191699,1504085,378,12493956,ransom,
2535130,171116,1492620,324,13278871,ransom,
2675854,154332,1505166,303,14116183,ransom,
2537136,152181,1465055,545,13076669,ransom,
2592526,154380,1485881,384,13653865,ransom,
2526768,165231,1502324,282,13235772,ransom,
3382342,153906,1874290,331661,12208173,ransom,
2291980,107981,1051704,147780,8440162,ransom,
492016,18693,286688,10593,2146132,ransom,
1131612,10533,888753,208,5062137,ransom,
1744316,62975,811411,25734,7756202,ransom,
2653,381,3495,1270,9493,ransom,
1167592,46366,269940,21318,5060910,ransom,
1718391,103830,489837,24233,8194329,ransom,
2265543,154265,719244,27239,10518291,ransom,
2296170,139361,682828,29955,10821548,ransom,
1071202,104300,504460,10578,5064051,ransom,
1144302,83983,430323,19268,5144811,ransom,
1936187,126056,619778,20339,8844953,ransom,
2444969,146438,931858,94443,9937430,ransom,
2617747,187579,915994,33390,12333366,ransom,
835843,75751,357237,18155,3922815,ransom,
1583764,98935,502018,45403,6942086,ransom,
2300402,134620,674492,26882,10668975,ransom,
1142241,95072,462476,23903,5305332,ransom,
930004,76481,366993,16640,4264728,ransom,
2355937,176491,748073,26450,11920887,ransom,
1159000,7963,100941,21397,6750157,ransom,
456366,48584,243941,25103,2129156,ransom,
2075721,54083,550956,6321,10933074,ransom,
2801224,47800,692543,2330,15026553,ransom,
2647549,45077,637616,2477,14181172,ransom,
2803354,45497,687797,2040,15043018,ransom,
2769341,44189,665638,1896,14844609,ransom,
2741514,42596,655938,1958,14683240,ransom,
2757935,44762,670273,5681,14750639,ransom,
2801020,43355,675377,2864,14978793,ransom,
2728231,43612,658307,1897,14591448,ransom,
2743899,42739,675786,1972,14744494,ransom,
2797624,43657,664283,2009,14976749,ransom,
2736680,45125,651730,1938,14651631,ransom,
2772202,45264,682669,2074,14879109,ransom,
2706520,61043,753472,6366,14395036,ransom,
2904753,141371,1540053,530,15185612,ransom,
2949540,136195,1538027,338,15578984,ransom,
2950016,135644,1535407,354,15579285,ransom,
2954357,133485,1538285,336,15613781,ransom,
2956496,132602,1534895,315,15624320,ransom,
2956044,133443,1536606,456,15607430,ransom,
2950552,134661,1533165,333,15593510,ransom,
2959121,133724,1537224,327,15638823,ransom,
2950581,133374,1531542,352,15602014,ransom,
2957780,133025,1534965,317,15633972,ransom,
2941649,133634,1531499,304,15534998,ransom,
2935720,140440,1531102,430,15471241,ransom,
2957975,134651,1527870,364,15638621,ransom,
2964694,134151,1533210,289,15637823,ransom,
2958170,133822,1533283,297,15614808,ransom,
2963801,132782,1536772,317,15657346,ransom,
2943523,131918,1525965,394,15570523,ransom,
2773795,128274,1504141,1297,14245740,ransom,
2678639,131814,1499462,1653,13287988,ransom,
2706337,130125,1528535,844,13475016,ransom,
2722789,130673,1565351,1073,13584383,ransom,
2639590,128950,1535132,746,13852117,ransom,
2648122,130403,1456410,330,13107101,ransom,
2650509,129551,1457544,353,13122298,ransom,
2737031,129605,1614474,673,13715667,ransom,
2787021,128882,1691670,780,14050828,ransom,
2793593,129284,1716646,785,14099671,ransom,
2826030,129043,1774598,781,14325539,ransom,
2846475,128824,1824965,1441,14478678,ransom,
2872518,127469,1881171,1067,14669107,ransom,
2904910,128270,1938010,998,14884935,ransom,
2882262,127138,1957127,1343,15146245,ransom,
2837724,130188,1965683,1525,14932698,ransom,
2983520,130522,2095556,1259,15433639,ransom,
2993651,128046,2111415,1220,15496509,ransom,
2997230,128622,2124772,1159,15546270,ransom,
2974218,125806,2162349,1215,15564272,ransom,
3045806,124777,2301203,1190,16080529,ransom,
2983584,125652,2173218,1292,15609712,ransom,
3025438,124944,2268429,1649,15931405,ransom,
3026976,125748,2282031,1550,15974131,ransom,
3059849,125208,2354857,1602,16224368,ransom,
2730729,127566,1857416,3663,18101405,ransom,
2728533,132365,1466985,761,15896900,ransom,
2958165,133686,1534812,336,15608565,ransom,
2967499,134420,1538903,390,15662652,ransom,
2962774,133832,1536624,360,15627601,ransom,
2864161,129444,1496716,407,15100621,ransom,
2651925,129620,1457151,375,13125422,ransom,
2652354,129498,1456421,380,13123276,ransom,
2649828,129106,1455520,350,13112417,ransom,
2645892,129505,1455075,356,13089962,ransom,
2604389,128744,1434058,563,14411864,ransom,
2789427,130177,1452613,393,14698058,ransom,
2949286,135610,1530112,323,15565218,ransom,
2777126,130678,1445748,448,14642671,ransom,
2961973,134244,1536429,340,15630509,ransom,
2965107,134249,1536187,354,15665930,ransom,
2960046,134894,1535204,311,15633303,ransom,
2964019,134997,1534843,300,15649977,ransom,
2962410,133298,1531631,343,15656034,ransom,
2963943,135953,1537205,335,15655725,ransom,
2965129,134178,1532872,332,15668790,ransom,
2825764,134896,1473670,442,14900797,ransom,
2617685,139545,1429875,469,13775808,ransom,
2960653,134286,1548417,1186,15634502,ransom,
2467206,170867,1482402,514,12891329,ransom,
2946977,137475,1542543,726,15559791,ransom,
2947820,134951,1530670,337,15556725,ransom,
2953366,134863,1532056,323,15605251,ransom,
2958257,134970,1535383,317,15620908,ransom,
2964694,133901,1541509,296,15657000,ransom,
2957849,134623,1539048,334,15624195,ransom,
2966997,133915,1540296,316,15677854,ransom,
2586620,165507,1467147,448,13538941,ransom,
2936894,133145,1525228,332,15521506,ransom,
2404092,192854,1497263,453,12485063,ransom,
2405621,199073,1502604,383,12447521,ransom,
2381379,203045,1508367,396,12324712,ransom,
2554164,172224,1514396,423,13348963,ransom,
2949691,135377,1532134,318,15577463,ransom,
2953718,134537,1529837,343,15592835,ransom,
2953704,133711,1530546,332,15606939,ransom,
2954834,133823,1535194,318,15602318,ransom,
2952306,134461,1531440,348,15595968,ransom,
2408313,183875,1469494,421,12522495,ransom,
2398281,189909,1491316,446,12441006,ransom,
2387455,196400,1498943,355,12395385,ransom,
2406446,189428,1501639,368,12489147,ransom,
2396285,182236,1487763,511,12455899,ransom,
2383024,200149,1503524,311,12328980,ransom,
2396160,193987,1504217,1111,12429416,ransom,
2494596,194245,1515277,468,12983714,ransom,
2772249,127355,1472286,552,14313166,ransom,
2649429,126486,1455693,473,13130537,ransom,
2546811,140109,1433220,988,13271964,ransom,
2439063,169550,1480881,359,12755445,ransom,
2533104,176161,1513379,440,13222622,ransom,
2582567,167331,1475066,440,13554150,ransom,
2399549,192171,1501567,382,12467985,ransom,
2394154,187952,1490295,379,12412457,ransom,
2398589,198532,1503282,332,12414409,ransom,
2394662,190165,1494392,299,12430793,ransom,
2401808,177558,1489422,401,12525286,ransom,
2684385,159060,1504854,500,14147923,ransom,
2672394,127639,1459095,524,13388934,ransom,
2472393,167711,1465003,832,12852510,ransom,
2521386,174477,1504030,326,13168046,ransom,
2436049,197714,1494880,388,12648276,ransom,
2535487,162319,1483093,338,13291126,ransom,
2433036,178883,1496348,332,12649032,ransom,
2544792,176377,1500870,346,13316049,ransom,
2416562,181992,1477610,420,12603165,ransom,
2397691,183842,1493235,399,12471752,ransom,
2406975,183675,1495158,348,12507383,ransom,
2624924,168763,1511636,384,13761490,ransom,
2715840,132130,1472010,1218,13764084,ransom,
2430206,176203,1468937,1015,12578191,ransom,
2540616,183593,1502784,374,13269486,ransom,
2440700,187542,1503139,371,12710937,ransom,
2663408,149823,1472188,392,14067793,ransom,
2400000,185131,1492102,398,12473536,ransom,
2421225,183397,1489235,362,12582876,ransom,
2471175,177576,1493847,306,12890867,ransom,
2403562,174418,1484566,312,12535068,ransom,
2399252,186160,1497761,334,12482385,ransom,
2643909,156006,1498646,431,13922361,ransom,
2699983,127697,1463748,462,13622619,ransom,
2507206,144938,1458288,1013,13013493,ransom,
2437720,175993,1498982,375,12702761,ransom,
2420823,173502,1477772,318,12636100,ransom,
2483889,169661,1492098,350,12987933,ransom,
2517398,170689,1492941,380,13184444,ransom,
2458563,187709,1504599,344,12781422,ransom,
2439572,190350,1506566,344,12654916,ransom,
2378690,201618,1495865,312,12337980,ransom,
2418847,182588,1497826,303,12584593,ransom,
2818050,142040,1502291,511,14991000,ransom,
2666934,128514,1454899,535,13365566,ransom,
2380448,186968,1470154,654,12497766,ransom,
2472533,168378,1496933,1233,12905716,ransom,
2530821,175833,1485086,517,13266494,ransom,
2412534,192028,1497871,312,12508648,ransom,
2407496,188173,1502357,293,12505831,ransom,
2431256,177801,1496106,323,12688239,ransom,
2719247,144186,1485549,515,14351347,ransom,
2402453,191699,1504085,378,12493956,ransom,
2535130,171116,1492620,324,13278871,ransom,
2675854,154332,1505166,303,14116183,ransom,
2537136,152181,1465055,545,13076669,ransom,
2592526,154380,1485881,384,13653865,ransom,
2526768,165231,1502324,282,13235772,ransom,
3382342,153906,1874290,331661,12208173,ransom,
2291980,107981,1051704,147780,8440162,ransom,
492016,18693,286688,10593,2146132,ransom,
1131612,10533,888753,208,5062137,ransom,
1744316,62975,811411,25734,7756202,ransom,
2653,381,3495,1270,9493,ransom,
1167592,46366,269940,21318,5060910,ransom,
1718391,103830,489837,24233,8194329,ransom,
2265543,154265,719244,27239,10518291,ransom,
2296170,139361,682828,29955,10821548,ransom,
1071202,104300,504460,10578,5064051,ransom,
1144302,83983,430323,19268,5144811,ransom,
1936187,126056,619778,20339,8844953,ransom,
2444969,146438,931858,94443,9937430,ransom,
2617747,187579,915994,33390,12333366,ransom,
835843,75751,357237,18155,3922815,ransom,
1583764,98935,502018,45403,6942086,ransom,
2300402,134620,674492,26882,10668975,ransom,
1142241,95072,462476,23903,5305332,ransom,
930004,76481,366993,16640,4264728,ransom,
2355937,176491,748073,26450,11920887,ransom,
1159000,7963,100941,21397,6750157,ransom,
456366,48584,243941,25103,2129156,ransom,
2075721,54083,550956,6321,10933074,ransom,
2801224,47800,692543,2330,15026553,ransom,
2647549,45077,637616,2477,14181172,ransom,
2803354,45497,687797,2040,15043018,ransom,
2769341,44189,665638,1896,14844609,ransom,
2741514,42596,655938,1958,14683240,ransom,
2757935,44762,670273,5681,14750639,ransom,
2801020,43355,675377,2864,14978793,ransom,
2728231,43612,658307,1897,14591448,ransom,
2743899,42739,675786,1972,14744494,ransom,
2797624,43657,664283,2009,14976749,ransom,
2736680,45125,651730,1938,14651631,ransom,
2772202,45264,682669,2074,14879109,ransom,
2706520,61043,753472,6366,14395036,ransom,
2904753,141371,1540053,530,15185612,ransom,
2949540,136195,1538027,338,15578984,ransom,
2950016,135644,1535407,354,15579285,ransom,
2954357,133485,1538285,336,15613781,ransom,
2956496,132602,1534895,315,15624320,ransom,
2956044,133443,1536606,456,15607430,ransom,
2950552,134661,1533165,333,15593510,ransom,
2959121,133724,1537224,327,15638823,ransom,
2950581,133374,1531542,352,15602014,ransom,
2957780,133025,1534965,317,15633972,ransom,
2941649,133634,1531499,304,15534998,ransom,
2935720,140440,1531102,430,15471241,ransom,
2957975,134651,1527870,364,15638621,ransom,
2964694,134151,1533210,289,15637823,ransom,
2958170,133822,1533283,297,15614808,ransom,
2963801,132782,1536772,317,15657346,ransom,
2943523,131918,1525965,394,15570523,ransom,
2773795,128274,1504141,1297,14245740,ransom,
2678639,131814,1499462,1653,13287988,ransom,
2706337,130125,1528535,844,13475016,ransom,
2722789,130673,1565351,1073,13584383,ransom,
2639590,128950,1535132,746,13852117,ransom,
2648122,130403,1456410,330,13107101,ransom,
2650509,129551,1457544,353,13122298,ransom,
2737031,129605,1614474,673,13715667,ransom,
2787021,128882,1691670,780,14050828,ransom,
2793593,129284,1716646,785,14099671,ransom,
2826030,129043,1774598,781,14325539,ransom,
2846475,128824,1824965,1441,14478678,ransom,
2872518,127469,1881171,1067,14669107,ransom,
2904910,128270,1938010,998,14884935,ransom,
2882262,127138,1957127,1343,15146245,ransom,
2837724,130188,1965683,1525,14932698,ransom,
2983520,130522,2095556,1259,15433639,ransom,
2993651,128046,2111415,1220,15496509,ransom,
2997230,128622,2124772,1159,15546270,ransom,
2974218,125806,2162349,1215,15564272,ransom,
3045806,124777,2301203,1190,16080529,ransom,
2983584,125652,2173218,1292,15609712,ransom,
3025438,124944,2268429,1649,15931405,ransom,
3026976,125748,2282031,1550,15974131,ransom,
3059849,125208,2354857,1602,16224368,ransom,
2730729,127566,1857416,3663,18101405,ransom,
2728533,132365,1466985,761,15896900,ransom,
2958165,133686,1534812,336,15608565,ransom,
2967499,134420,1538903,390,15662652,ransom,
2962774,133832,1536624,360,15627601,ransom,
2864161,129444,1496716,407,15100621,ransom,
2651925,129620,1457151,375,13125422,ransom,
2652354,129498,1456421,380,13123276,ransom,
2649828,129106,1455520,350,13112417,ransom,
2645892,129505,1455075,356,13089962,ransom,
2604389,128744,1434058,563,14411864,ransom,
2789427,130177,1452613,393,14698058,ransom,
2949286,135610,1530112,323,15565218,ransom,
2777126,130678,1445748,448,14642671,ransom,
2961973,134244,1536429,340,15630509,ransom,
2965107,134249,1536187,354,15665930,ransom,
2960046,134894,1535204,311,15633303,ransom,
2964019,134997,1534843,300,15649977,ransom,
2962410,133298,1531631,343,15656034,ransom,
2963943,135953,1537205,335,15655725,ransom,
2965129,134178,1532872,332,15668790,ransom,
2825764,134896,1473670,442,14900797,ransom,
2617685,139545,1429875,469,13775808,ransom,
2960653,134286,1548417,1186,15634502,ransom,
2467206,170867,1482402,514,12891329,ransom,
2946977,137475,1542543,726,15559791,ransom,
2947820,134951,1530670,337,15556725,ransom,
2953366,134863,1532056,323,15605251,ransom,
2958257,134970,1535383,317,15620908,ransom,
2964694,133901,1541509,296,15657000,ransom,
2957849,134623,1539048,334,15624195,ransom,
2966997,133915,1540296,316,15677854,ransom,
2586620,165507,1467147,448,13538941,ransom,
2936894,133145,1525228,332,15521506,ransom,
2404092,192854,1497263,453,12485063,ransom,
2405621,199073,1502604,383,12447521,ransom,
2381379,203045,1508367,396,12324712,ransom,
2554164,172224,1514396,423,13348963,ransom,
2949691,135377,1532134,318,15577463,ransom,
2953718,134537,1529837,343,15592835,ransom,
2953704,133711,1530546,332,15606939,ransom,
2954834,133823,1535194,318,15602318,ransom,
2952306,134461,1531440,348,15595968,ransom,
2408313,183875,1469494,421,12522495,ransom,
2398281,189909,1491316,446,12441006,ransom,
2387455,196400,1498943,355,12395385,ransom,
2406446,189428,1501639,368,12489147,ransom,
2396285,182236,1487763,511,12455899,ransom,
2383024,200149,1503524,311,12328980,ransom,
2396160,193987,1504217,1111,12429416,ransom,
2494596,194245,1515277,468,12983714,ransom,
2772249,127355,1472286,552,14313166,ransom,
2649429,126486,1455693,473,13130537,ransom,
2546811,140109,1433220,988,13271964,ransom,
2439063,169550,1480881,359,12755445,ransom,
2533104,176161,1513379,440,13222622,ransom,
2582567,167331,1475066,440,13554150,ransom,
2399549,192171,1501567,382,12467985,ransom,
2394154,187952,1490295,379,12412457,ransom,
2398589,198532,1503282,332,12414409,ransom,
2394662,190165,1494392,299,12430793,ransom,
2401808,177558,1489422,401,12525286,ransom,
2684385,159060,1504854,500,14147923,ransom,
2672394,127639,1459095,524,13388934,ransom,
2472393,167711,1465003,832,12852510,ransom,
2521386,174477,1504030,326,13168046,ransom,
2436049,197714,1494880,388,12648276,ransom,
2535487,162319,1483093,338,13291126,ransom,
2433036,178883,1496348,332,12649032,ransom,
2544792,176377,1500870,346,13316049,ransom,
2416562,181992,1477610,420,12603165,ransom,
2397691,183842,1493235,399,12471752,ransom,
2406975,183675,1495158,348,12507383,ransom,
2624924,168763,1511636,384,13761490,ransom,
2715840,132130,1472010,1218,13764084,ransom,
2430206,176203,1468937,1015,12578191,ransom,
2540616,183593,1502784,374,13269486,ransom,
2440700,187542,1503139,371,12710937,ransom,
2663408,149823,1472188,392,14067793,ransom,
2400000,185131,1492102,398,12473536,ransom,
2421225,183397,1489235,362,12582876,ransom,
2471175,177576,1493847,306,12890867,ransom,
2403562,174418,1484566,312,12535068,ransom,
2399252,186160,1497761,334,12482385,ransom,
2643909,156006,1498646,431,13922361,ransom,
2699983,127697,1463748,462,13622619,ransom,
2507206,144938,1458288,1013,13013493,ransom,
2437720,175993,1498982,375,12702761,ransom,
2420823,173502,1477772,318,12636100,ransom,
2483889,169661,1492098,350,12987933,ransom,
2517398,170689,1492941,380,13184444,ransom,
2458563,187709,1504599,344,12781422,ransom,
2439572,190350,1506566,344,12654916,ransom,
2378690,201618,1495865,312,12337980,ransom,
2418847,182588,1497826,303,12584593,ransom,
2818050,142040,1502291,511,14991000,ransom,
2666934,128514,1454899,535,13365566,ransom,
2380448,186968,1470154,654,12497766,ransom,
2472533,168378,1496933,1233,12905716,ransom,
2530821,175833,1485086,517,13266494,ransom,
2412534,192028,1497871,312,12508648,ransom,
2407496,188173,1502357,293,12505831,ransom,
2431256,177801,1496106,323,12688239,ransom,
2719247,144186,1485549,515,14351347,ransom,
2402453,191699,1504085,378,12493956,ransom,
2535130,171116,1492620,324,13278871,ransom,
2675854,154332,1505166,303,14116183,ransom,
2537136,152181,1465055,545,13076669,ransom,
2592526,154380,1485881,384,13653865,ransom,
2526768,165231,1502324,282,13235772,ransom,
3382342,153906,1874290,331661,12208173,ransom,
2291980,107981,1051704,147780,8440162,ransom,
492016,18693,286688,10593,2146132,ransom,
1131612,10533,888753,208,5062137,ransom,
1744316,62975,811411,25734,7756202,ransom,
2653,381,3495,1270,9493,ransom,
1167592,46366,269940,21318,5060910,ransom,
1718391,103830,489837,24233,8194329,ransom,
2265543,154265,719244,27239,10518291,ransom,
2296170,139361,682828,29955,10821548,ransom,
1071202,104300,504460,10578,5064051,ransom,
1144302,83983,430323,19268,5144811,ransom,
1936187,126056,619778,20339,8844953,ransom,
2444969,146438,931858,94443,9937430,ransom,
2617747,187579,915994,33390,12333366,ransom,
835843,75751,357237,18155,3922815,ransom,
1583764,98935,502018,45403,6942086,ransom,
2300402,134620,674492,26882,10668975,ransom,
1142241,95072,462476,23903,5305332,ransom,
930004,76481,366993,16640,4264728,ransom,
2355937,176491,748073,26450,11920887,ransom,
1159000,7963,100941,21397,6750157,ransom,
456366,48584,243941,25103,2129156,ransom,
2075721,54083,550956,6321,10933074,ransom,
2801224,47800,692543,2330,15026553,ransom,
2647549,45077,637616,2477,14181172,ransom,
2803354,45497,687797,2040,15043018,ransom,
2769341,44189,665638,1896,14844609,ransom,
2741514,42596,655938,1958,14683240,ransom,
2757935,44762,670273,5681,14750639,ransom,
2801020,43355,675377,2864,14978793,ransom,
2728231,43612,658307,1897,14591448,ransom,
2743899,42739,675786,1972,14744494,ransom,
2797624,43657,664283,2009,14976749,ransom,
2736680,45125,651730,1938,14651631,ransom,
2772202,45264,682669,2074,14879109,ransom,
2706520,61043,753472,6366,14395036,ransom,
2904753,141371,1540053,530,15185612,ransom,
2949540,136195,1538027,338,15578984,ransom,
2950016,135644,1535407,354,15579285,ransom,
2954357,133485,1538285,336,15613781,ransom,
2956496,132602,1534895,315,15624320,ransom,
2956044,133443,1536606,456,15607430,ransom,
2950552,134661,1533165,333,15593510,ransom,
2959121,133724,1537224,327,15638823,ransom,
2950581,133374,1531542,352,15602014,ransom,
2957780,133025,1534965,317,15633972,ransom,
2941649,133634,1531499,304,15534998,ransom,
2935720,140440,1531102,430,15471241,ransom,
2957975,134651,1527870,364,15638621,ransom,
2964694,134151,1533210,289,15637823,ransom,
2958170,133822,1533283,297,15614808,ransom,
2963801,132782,1536772,317,15657346,ransom,
2943523,131918,1525965,394,15570523,ransom,
2773795,128274,1504141,1297,14245740,ransom,
2678639,131814,1499462,1653,13287988,ransom,
2706337,130125,1528535,844,13475016,ransom,
2722789,130673,1565351,1073,13584383,ransom,
2639590,128950,1535132,746,13852117,ransom,
2648122,130403,1456410,330,13107101,ransom,
2650509,129551,1457544,353,13122298,ransom,
2737031,129605,1614474,673,13715667,ransom,
2787021,128882,1691670,780,14050828,ransom,
2793593,129284,1716646,785,14099671,ransom,
2826030,129043,1774598,781,14325539,ransom,
2846475,128824,1824965,1441,14478678,ransom,
2872518,127469,1881171,1067,14669107,ransom,
2904910,128270,1938010,998,14884935,ransom,
2882262,127138,1957127,1343,15146245,ransom,
2837724,130188,1965683,1525,14932698,ransom,
2983520,130522,2095556,1259,15433639,ransom,
2993651,128046,2111415,1220,15496509,ransom,
2997230,128622,2124772,1159,15546270,ransom,
2974218,125806,2162349,1215,15564272,ransom,
3045806,124777,2301203,1190,16080529,ransom,
2983584,125652,2173218,1292,15609712,ransom,
3025438,124944,2268429,1649,15931405,ransom,
3026976,125748,2282031,1550,15974131,ransom,
3059849,125208,2354857,1602,16224368,ransom,
2730729,127566,1857416,3663,18101405,ransom,
2728533,132365,1466985,761,15896900,ransom,
2958165,133686,1534812,336,15608565,ransom,
2967499,134420,1538903,390,15662652,ransom,
2962774,133832,1536624,360,15627601,ransom,
2864161,129444,1496716,407,15100621,ransom,
2651925,129620,1457151,375,13125422,ransom,
2652354,129498,1456421,380,13123276,ransom,
2649828,129106,1455520,350,13112417,ransom,
2645892,129505,1455075,356,13089962,ransom,
2604389,128744,1434058,563,14411864,ransom,
2789427,130177,1452613,393,14698058,ransom,
2949286,135610,1530112,323,15565218,ransom,
2777126,130678,1445748,448,14642671,ransom,
2961973,134244,1536429,340,15630509,ransom,
2965107,134249,1536187,354,15665930,ransom,
2960046,134894,1535204,311,15633303,ransom,
2964019,134997,1534843,300,15649977,ransom,
2962410,133298,1531631,343,15656034,ransom,
2963943,135953,1537205,335,15655725,ransom,
2965129,134178,1532872,332,15668790,ransom,
2825764,134896,1473670,442,14900797,ransom,
2617685,139545,1429875,469,13775808,ransom,
2960653,134286,1548417,1186,15634502,ransom,
2467206,170867,1482402,514,12891329,ransom,
2946977,137475,1542543,726,15559791,ransom,
2947820,134951,1530670,337,15556725,ransom,
2953366,134863,1532056,323,15605251,ransom,
2958257,134970,1535383,317,15620908,ransom,
2964694,133901,1541509,296,15657000,ransom,
2957849,134623,1539048,334,15624195,ransom,
2966997,133915,1540296,316,15677854,ransom,
2586620,165507,1467147,448,13538941,ransom,
2936894,133145,1525228,332,15521506,ransom,
2404092,192854,1497263,453,12485063,ransom,
2405621,199073,1502604,383,12447521,ransom,
2381379,203045,1508367,396,12324712,ransom,
2554164,172224,1514396,423,13348963,ransom,
2949691,135377,1532134,318,15577463,ransom,
2953718,134537,1529837,343,15592835,ransom,
2953704,133711,1530546,332,15606939,ransom,
2954834,133823,1535194,318,15602318,ransom,
2952306,134461,1531440,348,15595968,ransom,
2408313,183875,1469494,421,12522495,ransom,
2398281,189909,1491316,446,12441006,ransom,
2387455,196400,1498943,355,12395385,ransom,
2406446,189428,1501639,368,12489147,ransom,
2396285,182236,1487763,511,12455899,ransom,
2383024,200149,1503524,311,12328980,ransom,
2396160,193987,1504217,1111,12429416,ransom,
2494596,194245,1515277,468,12983714,ransom,
2772249,127355,1472286,552,14313166,ransom,
2649429,126486,1455693,473,13130537,ransom,
2546811,140109,1433220,988,13271964,ransom,
2439063,169550,1480881,359,12755445,ransom,
2533104,176161,1513379,440,13222622,ransom,
2582567,167331,1475066,440,13554150,ransom,
2399549,192171,1501567,382,12467985,ransom,
2394154,187952,1490295,379,12412457,ransom,
2398589,198532,1503282,332,12414409,ransom,
2394662,190165,1494392,299,12430793,ransom,
2401808,177558,1489422,401,12525286,ransom,
2684385,159060,1504854,500,14147923,ransom,
2672394,127639,1459095,524,13388934,ransom,
2472393,167711,1465003,832,12852510,ransom,
2521386,174477,1504030,326,13168046,ransom,
2436049,197714,1494880,388,12648276,ransom,
2535487,162319,1483093,338,13291126,ransom,
2433036,178883,1496348,332,12649032,ransom,
2544792,176377,1500870,346,13316049,ransom,
2416562,181992,1477610,420,12603165,ransom,
2397691,183842,1493235,399,12471752,ransom,
2406975,183675,1495158,348,12507383,ransom,
2624924,168763,1511636,384,13761490,ransom,
2715840,132130,1472010,1218,13764084,ransom,
2430206,176203,1468937,1015,12578191,ransom,
2540616,183593,1502784,374,13269486,ransom,
2440700,187542,1503139,371,12710937,ransom,
2663408,149823,1472188,392,14067793,ransom,
2400000,185131,1492102,398,12473536,ransom,
2421225,183397,1489235,362,12582876,ransom,
2471175,177576,1493847,306,12890867,ransom,
2403562,174418,1484566,312,12535068,ransom,
2399252,186160,1497761,334,12482385,ransom,
2643909,156006,1498646,431,13922361,ransom,
2699983,127697,1463748,462,13622619,ransom,
2507206,144938,1458288,1013,13013493,ransom,
2437720,175993,1498982,375,12702761,ransom,
2420823,173502,1477772,318,12636100,ransom,
2483889,169661,1492098,350,12987933,ransom,
2517398,170689,1492941,380,13184444,ransom,
2458563,187709,1504599,344,12781422,ransom,
2439572,190350,1506566,344,12654916,ransom,
2378690,201618,1495865,312,12337980,ransom,
2418847,182588,1497826,303,12584593,ransom,
2818050,142040,1502291,511,14991000,ransom,
2666934,128514,1454899,535,13365566,ransom,
2380448,186968,1470154,654,12497766,ransom,
2472533,168378,1496933,1233,12905716,ransom,
2530821,175833,1485086,517,13266494,ransom,
2412534,192028,1497871,312,12508648,ransom,
2407496,188173,1502357,293,12505831,ransom,
2431256,177801,1496106,323,12688239,ransom,
2719247,144186,1485549,515,14351347,ransom,
2402453,191699,1504085,378,12493956,ransom,
2535130,171116,1492620,324,13278871,ransom,
2675854,154332,1505166,303,14116183,ransom,
2537136,152181,1465055,545,13076669,ransom,
2592526,154380,1485881,384,13653865,ransom,
2526768,165231,1502324,282,13235772,ransom,
3382342,153906,1874290,331661,12208173,ransom,
2291980,107981,1051704,147780,8440162,ransom,
492016,18693,286688,10593,2146132,ransom,
1131612,10533,888753,208,5062137,ransom,
1744316,62975,811411,25734,7756202,ransom,
2653,381,3495,1270,9493,ransom,
1167592,46366,269940,21318,5060910,ransom,
1718391,103830,489837,24233,8194329,ransom,
2265543,154265,719244,27239,10518291,ransom,
2296170,139361,682828,29955,10821548,ransom,
1071202,104300,504460,10578,5064051,ransom,
1144302,83983,430323,19268,5144811,ransom,
1936187,126056,619778,20339,8844953,ransom,
2444969,146438,931858,94443,9937430,ransom,
2617747,187579,915994,33390,12333366,ransom,
835843,75751,357237,18155,3922815,ransom,
1583764,98935,502018,45403,6942086,ransom,
2300402,134620,674492,26882,10668975,ransom,
1142241,95072,462476,23903,5305332,ransom,
930004,76481,366993,16640,4264728,ransom,
2355937,176491,748073,26450,11920887,ransom,
1159000,7963,100941,21397,6750157,ransom,
456366,48584,243941,25103,2129156,ransom,
2075721,54083,550956,6321,10933074,ransom,
2801224,47800,692543,2330,15026553,ransom,
2647549,45077,637616,2477,14181172,ransom,
2803354,45497,687797,2040,15043018,ransom,
2769341,44189,665638,1896,14844609,ransom,
2741514,42596,655938,1958,14683240,ransom,
2757935,44762,670273,5681,14750639,ransom,
2801020,43355,675377,2864,14978793,ransom,
2728231,43612,658307,1897,14591448,ransom,
2743899,42739,675786,1972,14744494,ransom,
2797624,43657,664283,2009,14976749,ransom,
2736680,45125,651730,1938,14651631,ransom,
2772202,45264,682669,2074,14879109,ransom,
2706520,61043,753472,6366,14395036,ransom,
2904753,141371,1540053,530,15185612,ransom,
2949540,136195,1538027,338,15578984,ransom,
2950016,135644,1535407,354,15579285,ransom,
2954357,133485,1538285,336,15613781,ransom,
2956496,132602,1534895,315,15624320,ransom,
2956044,133443,1536606,456,15607430,ransom,
2950552,134661,1533165,333,15593510,ransom,
2959121,133724,1537224,327,15638823,ransom,
2950581,133374,1531542,352,15602014,ransom,
2957780,133025,1534965,317,15633972,ransom,
2941649,133634,1531499,304,15534998,ransom,
2935720,140440,1531102,430,15471241,ransom,
2957975,134651,1527870,364,15638621,ransom,
2964694,134151,1533210,289,15637823,ransom,
2958170,133822,1533283,297,15614808,ransom,
2963801,132782,1536772,317,15657346,ransom,
2943523,131918,1525965,394,15570523,ransom,
2773795,128274,1504141,1297,14245740,ransom,
2678639,131814,1499462,1653,13287988,ransom,
2706337,130125,1528535,844,13475016,ransom,
2722789,130673,1565351,1073,13584383,ransom,
2639590,128950,1535132,746,13852117,ransom,
2648122,130403,1456410,330,13107101,ransom,
2650509,129551,1457544,353,13122298,ransom,
2737031,129605,1614474,673,13715667,ransom,
2787021,128882,1691670,780,14050828,ransom,
2793593,129284,1716646,785,14099671,ransom,
2826030,129043,1774598,781,14325539,ransom,
2846475,128824,1824965,1441,14478678,ransom,
2872518,127469,1881171,1067,14669107,ransom,
2904910,128270,1938010,998,14884935,ransom,
2882262,127138,1957127,1343,15146245,ransom,
2837724,130188,1965683,1525,14932698,ransom,
2983520,130522,2095556,1259,15433639,ransom,
2993651,128046,2111415,1220,15496509,ransom,
2997230,128622,2124772,1159,15546270,ransom,
2974218,125806,2162349,1215,15564272,ransom,
3045806,124777,2301203,1190,16080529,ransom,
2983584,125652,2173218,1292,15609712,ransom,
3025438,124944,2268429,1649,15931405,ransom,
3026976,125748,2282031,1550,15974131,ransom,
3059849,125208,2354857,1602,16224368,ransom,
2730729,127566,1857416,3663,18101405,ransom,
2728533,132365,1466985,761,15896900,ransom,
2958165,133686,1534812,336,15608565,ransom,
2967499,134420,1538903,390,15662652,ransom,
2962774,133832,1536624,360,15627601,ransom,
2864161,129444,1496716,407,15100621,ransom,
2651925,129620,1457151,375,13125422,ransom,
2652354,129498,1456421,380,13123276,ransom,
2649828,129106,1455520,350,13112417,ransom,
2645892,129505,1455075,356,13089962,ransom,
2604389,128744,1434058,563,14411864,ransom,
2789427,130177,1452613,393,14698058,ransom,
2949286,135610,1530112,323,15565218,ransom,
2777126,130678,1445748,448,14642671,ransom,
2961973,134244,1536429,340,15630509,ransom,
2965107,134249,1536187,354,15665930,ransom,
2960046,134894,1535204,311,15633303,ransom,
2964019,134997,1534843,300,15649977,ransom,
2962410,133298,1531631,343,15656034,ransom,
2963943,135953,1537205,335,15655725,ransom,
2965129,134178,1532872,332,15668790,ransom,
2825764,134896,1473670,442,14900797,ransom,
2617685,139545,1429875,469,13775808,ransom,
2960653,134286,1548417,1186,15634502,ransom,
2467206,170867,1482402,514,12891329,ransom,
2946977,137475,1542543,726,15559791,ransom,
2947820,134951,1530670,337,15556725,ransom,
2953366,134863,1532056,323,15605251,ransom,
2958257,134970,1535383,317,15620908,ransom,
2964694,133901,1541509,296,15657000,ransom,
2957849,134623,1539048,334,15624195,ransom,
2966997,133915,1540296,316,15677854,ransom,
2586620,165507,1467147,448,13538941,ransom,
2936894,133145,1525228,332,15521506,ransom,
2404092,192854,1497263,453,12485063,ransom,
2405621,199073,1502604,383,12447521,ransom,
2381379,203045,1508367,396,12324712,ransom,
2554164,172224,1514396,423,13348963,ransom,
2949691,135377,1532134,318,15577463,ransom,
2953718,134537,1529837,343,15592835,ransom,
2953704,133711,1530546,332,15606939,ransom,
2954834,133823,1535194,318,15602318,ransom,
2952306,134461,1531440,348,15595968,ransom,
2408313,183875,1469494,421,12522495,ransom,
2398281,189909,1491316,446,12441006,ransom,
2387455,196400,1498943,355,12395385,ransom,
2406446,189428,1501639,368,12489147,ransom,
2396285,182236,1487763,511,12455899,ransom,
2383024,200149,1503524,311,12328980,ransom,
2396160,193987,1504217,1111,12429416,ransom,
2494596,194245,1515277,468,12983714,ransom,
2772249,127355,1472286,552,14313166,ransom,
2649429,126486,1455693,473,13130537,ransom,
2546811,140109,1433220,988,13271964,ransom,
2439063,169550,1480881,359,12755445,ransom,
2533104,176161,1513379,440,13222622,ransom,
2582567,167331,1475066,440,13554150,ransom,
2399549,192171,1501567,382,12467985,ransom,
2394154,187952,1490295,379,12412457,ransom,
2398589,198532,1503282,332,12414409,ransom,
2394662,190165,1494392,299,12430793,ransom,
2401808,177558,1489422,401,12525286,ransom,
2684385,159060,1504854,500,14147923,ransom,
2672394,127639,1459095,524,13388934,ransom,
2472393,167711,1465003,832,12852510,ransom,
2521386,174477,1504030,326,13168046,ransom,
2436049,197714,1494880,388,12648276,ransom,
2535487,162319,1483093,338,13291126,ransom,
2433036,178883,1496348,332,12649032,ransom,
2544792,176377,1500870,346,13316049,ransom,
2416562,181992,1477610,420,12603165,ransom,
2397691,183842,1493235,399,12471752,ransom,
2406975,183675,1495158,348,12507383,ransom,
2624924,168763,1511636,384,13761490,ransom,
2715840,132130,1472010,1218,13764084,ransom,
2430206,176203,1468937,1015,12578191,ransom,
2540616,183593,1502784,374,13269486,ransom,
2440700,187542,1503139,371,12710937,ransom,
2663408,149823,1472188,392,14067793,ransom,
2400000,185131,1492102,398,12473536,ransom,
2421225,183397,1489235,362,12582876,ransom,
2471175,177576,1493847,306,12890867,ransom,
2403562,174418,1484566,312,12535068,ransom,
2399252,186160,1497761,334,12482385,ransom,
2643909,156006,1498646,431,13922361,ransom,
2699983,127697,1463748,462,13622619,ransom,
2507206,144938,1458288,1013,13013493,ransom,
2437720,175993,1498982,375,12702761,ransom,
2420823,173502,1477772,318,12636100,ransom,
2483889,169661,1492098,350,12987933,ransom,
2517398,170689,1492941,380,13184444,ransom,
2458563,187709,1504599,344,12781422,ransom,
2439572,190350,1506566,344,12654916,ransom,
2378690,201618,1495865,312,12337980,ransom,
2418847,182588,1497826,303,12584593,ransom,
2818050,142040,1502291,511,14991000,ransom,
2666934,128514,1454899,535,13365566,ransom,
2380448,186968,1470154,654,12497766,ransom,
2472533,168378,1496933,1233,12905716,ransom,
2530821,175833,1485086,517,13266494,ransom,
2412534,192028,1497871,312,12508648,ransom,
2407496,188173,1502357,293,12505831,ransom,
2431256,177801,1496106,323,12688239,ransom,
2719247,144186,1485549,515,14351347,ransom,
2402453,191699,1504085,378,12493956,ransom,
2535130,171116,1492620,324,13278871,ransom,
2675854,154332,1505166,303,14116183,ransom,
2537136,152181,1465055,545,13076669,ransom,
2592526,154380,1485881,384,13653865,ransom,
2526768,165231,1502324,282,13235772,ransom,
3382342,153906,1874290,331661,12208173,ransom,
2291980,107981,1051704,147780,8440162,ransom,
492016,18693,286688,10593,2146132,ransom,
1131612,10533,888753,208,5062137,ransom,
1744316,62975,811411,25734,7756202,ransom,
2653,381,3495,1270,9493,ransom,
1167592,46366,269940,21318,5060910,ransom,
1718391,103830,489837,24233,8194329,ransom,
2265543,154265,719244,27239,10518291,ransom,
2296170,139361,682828,29955,10821548,ransom,
1071202,104300,504460,10578,5064051,ransom,
1144302,83983,430323,19268,5144811,ransom,
1936187,126056,619778,20339,8844953,ransom,
2444969,146438,931858,94443,9937430,ransom,
2617747,187579,915994,33390,12333366,ransom,
835843,75751,357237,18155,3922815,ransom,
1583764,98935,502018,45403,6942086,ransom,
2300402,134620,674492,26882,10668975,ransom,
1142241,95072,462476,23903,5305332,ransom,
930004,76481,366993,16640,4264728,ransom,
2355937,176491,748073,26450,11920887,ransom,
1159000,7963,100941,21397,6750157,ransom,
456366,48584,243941,25103,2129156,ransom,
2075721,54083,550956,6321,10933074,ransom,
2801224,47800,692543,2330,15026553,ransom,
2647549,45077,637616,2477,14181172,ransom,
2803354,45497,687797,2040,15043018,ransom,
2769341,44189,665638,1896,14844609,ransom,
2741514,42596,655938,1958,14683240,ransom,
2757935,44762,670273,5681,14750639,ransom,
2801020,43355,675377,2864,14978793,ransom,
2728231,43612,658307,1897,14591448,ransom,
2743899,42739,675786,1972,14744494,ransom,
2797624,43657,664283,2009,14976749,ransom,
2736680,45125,651730,1938,14651631,ransom,
2772202,45264,682669,2074,14879109,ransom,
2706520,61043,753472,6366,14395036,ransom,
2904753,141371,1540053,530,15185612,ransom,
2949540,136195,1538027,338,15578984,ransom,
2950016,135644,1535407,354,15579285,ransom,
2954357,133485,1538285,336,15613781,ransom,
2956496,132602,1534895,315,15624320,ransom,
2956044,133443,1536606,456,15607430,ransom,
2950552,134661,1533165,333,15593510,ransom,
2959121,133724,1537224,327,15638823,ransom,
2950581,133374,1531542,352,15602014,ransom,
2957780,133025,1534965,317,15633972,ransom,
2941649,133634,1531499,304,15534998,ransom,
2935720,140440,1531102,430,15471241,ransom,
2957975,134651,1527870,364,15638621,ransom,
2964694,134151,1533210,289,15637823,ransom,
2958170,133822,1533283,297,15614808,ransom,
2963801,132782,1536772,317,15657346,ransom,
2943523,131918,1525965,394,15570523,ransom,
2773795,128274,1504141,1297,14245740,ransom,
2678639,131814,1499462,1653,13287988,ransom,
2706337,130125,1528535,844,13475016,ransom,
2722789,130673,1565351,1073,13584383,ransom,
2639590,128950,1535132,746,13852117,ransom,
2648122,130403,1456410,330,13107101,ransom,
2650509,129551,1457544,353,13122298,ransom,
2737031,129605,1614474,673,13715667,ransom,
2787021,128882,1691670,780,14050828,ransom,
2793593,129284,1716646,785,14099671,ransom,
2826030,129043,1774598,781,14325539,ransom,
2846475,128824,1824965,1441,14478678,ransom,
2872518,127469,1881171,1067,14669107,ransom,
2904910,128270,1938010,998,14884935,ransom,
2882262,127138,1957127,1343,15146245,ransom,
2837724,130188,1965683,1525,14932698,ransom,
2983520,130522,2095556,1259,15433639,ransom,
2993651,128046,2111415,1220,15496509,ransom,
2997230,128622,2124772,1159,15546270,ransom,
2974218,125806,2162349,1215,15564272,ransom,
3045806,124777,2301203,1190,16080529,ransom,
2983584,125652,2173218,1292,15609712,ransom,
3025438,124944,2268429,1649,15931405,ransom,
3026976,125748,2282031,1550,15974131,ransom,
3059849,125208,2354857,1602,16224368,ransom,
2730729,127566,1857416,3663,18101405,ransom,
2728533,132365,1466985,761,15896900,ransom,
2958165,133686,1534812,336,15608565,ransom,
2967499,134420,1538903,390,15662652,ransom,
2962774,133832,1536624,360,15627601,ransom,
2864161,129444,1496716,407,15100621,ransom,
2651925,129620,1457151,375,13125422,ransom,
2652354,129498,1456421,380,13123276,ransom,
2649828,129106,1455520,350,13112417,ransom,
2645892,129505,1455075,356,13089962,ransom,
2604389,128744,1434058,563,14411864,ransom,
2789427,130177,1452613,393,14698058,ransom,
2949286,135610,1530112,323,15565218,ransom,
2777126,130678,1445748,448,14642671,ransom,
2961973,134244,1536429,340,15630509,ransom,
2965107,134249,1536187,354,15665930,ransom,
2960046,134894,1535204,311,15633303,ransom,
2964019,134997,1534843,300,15649977,ransom,
2962410,133298,1531631,343,15656034,ransom,
2963943,135953,1537205,335,15655725,ransom,
2965129,134178,1532872,332,15668790,ransom,
2825764,134896,1473670,442,14900797,ransom,
2617685,139545,1429875,469,13775808,ransom,
2960653,134286,1548417,1186,15634502,ransom,
2467206,170867,1482402,514,12891329,ransom,
2946977,137475,1542543,726,15559791,ransom,
2947820,134951,1530670,337,15556725,ransom,
2953366,134863,1532056,323,15605251,ransom,
2958257,134970,1535383,317,15620908,ransom,
2964694,133901,1541509,296,15657000,ransom,
2957849,134623,1539048,334,15624195,ransom,
2966997,133915,1540296,316,15677854,ransom,
2586620,165507,1467147,448,13538941,ransom,
2936894,133145,1525228,332,15521506,ransom,
2404092,192854,1497263,453,12485063,ransom,
2405621,199073,1502604,383,12447521,ransom,
2381379,203045,1508367,396,12324712,ransom,
2554164,172224,1514396,423,13348963,ransom,
2949691,135377,1532134,318,15577463,ransom,
2953718,134537,1529837,343,15592835,ransom,
2953704,133711,1530546,332,15606939,ransom,
2954834,133823,1535194,318,15602318,ransom,
2952306,134461,1531440,348,15595968,ransom,
2408313,183875,1469494,421,12522495,ransom,
2398281,189909,1491316,446,12441006,ransom,
2387455,196400,1498943,355,12395385,ransom,
2406446,189428,1501639,368,12489147,ransom,
2396285,182236,1487763,511,12455899,ransom,
2383024,200149,1503524,311,12328980,ransom,
2396160,193987,1504217,1111,12429416,ransom,
2494596,194245,1515277,468,12983714,ransom,
2772249,127355,1472286,552,14313166,ransom,
2649429,126486,1455693,473,13130537,ransom,
2546811,140109,1433220,988,13271964,ransom,
2439063,169550,1480881,359,12755445,ransom,
2533104,176161,1513379,440,13222622,ransom,
2582567,167331,1475066,440,13554150,ransom,
2399549,192171,1501567,382,12467985,ransom,
2394154,187952,1490295,379,12412457,ransom,
2398589,198532,1503282,332,12414409,ransom,
2394662,190165,1494392,299,12430793,ransom,
2401808,177558,1489422,401,12525286,ransom,
2684385,159060,1504854,500,14147923,ransom,
2672394,127639,1459095,524,13388934,ransom,
2472393,167711,1465003,832,12852510,ransom,
2521386,174477,1504030,326,13168046,ransom,
2436049,197714,1494880,388,12648276,ransom,
2535487,162319,1483093,338,13291126,ransom,
2433036,178883,1496348,332,12649032,ransom,
2544792,176377,1500870,346,13316049,ransom,
2416562,181992,1477610,420,12603165,ransom,
2397691,183842,1493235,399,12471752,ransom,
2406975,183675,1495158,348,12507383,ransom,
2624924,168763,1511636,384,13761490,ransom,
2715840,132130,1472010,1218,13764084,ransom,
2430206,176203,1468937,1015,12578191,ransom,
2540616,183593,1502784,374,13269486,ransom,
2440700,187542,1503139,371,12710937,ransom,
2663408,149823,1472188,392,14067793,ransom,
2400000,185131,1492102,398,12473536,ransom,
2421225,183397,1489235,362,12582876,ransom,
2471175,177576,1493847,306,12890867,ransom,
2403562,174418,1484566,312,12535068,ransom,
2399252,186160,1497761,334,12482385,ransom,
2643909,156006,1498646,431,13922361,ransom,
2699983,127697,1463748,462,13622619,ransom,
2507206,144938,1458288,1013,13013493,ransom,
2437720,175993,1498982,375,12702761,ransom,
2420823,173502,1477772,318,12636100,ransom,
2483889,169661,1492098,350,12987933,ransom,
2517398,170689,1492941,380,13184444,ransom,
2458563,187709,1504599,344,12781422,ransom,
2439572,190350,1506566,344,12654916,ransom,
2378690,201618,1495865,312,12337980,ransom,
2418847,182588,1497826,303,12584593,ransom,
2818050,142040,1502291,511,14991000,ransom,
2666934,128514,1454899,535,13365566,ransom,
2380448,186968,1470154,654,12497766,ransom,
2472533,168378,1496933,1233,12905716,ransom,
2530821,175833,1485086,517,13266494,ransom,
2412534,192028,1497871,312,12508648,ransom,
2407496,188173,1502357,293,12505831,ransom,
2431256,177801,1496106,323,12688239,ransom,
2719247,144186,1485549,515,14351347,ransom,
2402453,191699,1504085,378,12493956,ransom,
2535130,171116,1492620,324,13278871,ransom,
2675854,154332,1505166,303,14116183,ransom,
2537136,152181,1465055,545,13076669,ransom,
2592526,154380,1485881,384,13653865,ransom,
2526768,165231,1502324,282,13235772,ransom,
3382342,153906,1874290,331661,12208173,ransom,
2291980,107981,1051704,147780,8440162,ransom,
492016,18693,286688,10593,2146132,ransom,
1131612,10533,888753,208,5062137,ransom,
1744316,62975,811411,25734,7756202,ransom,
2653,381,3495,1270,9493,ransom,
1167592,46366,269940,21318,5060910,ransom,
1718391,103830,489837,24233,8194329,ransom,
2265543,154265,719244,27239,10518291,ransom,
2296170,139361,682828,29955,10821548,ransom,
1071202,104300,504460,10578,5064051,ransom,
1144302,83983,430323,19268,5144811,ransom,
1936187,126056,619778,20339,8844953,ransom,
2444969,146438,931858,94443,9937430,ransom,
2617747,187579,915994,33390,12333366,ransom,
835843,75751,357237,18155,3922815,ransom,
1583764,98935,502018,45403,6942086,ransom,
2300402,134620,674492,26882,10668975,ransom,
1142241,95072,462476,23903,5305332,ransom,
930004,76481,366993,16640,4264728,ransom,
2355937,176491,748073,26450,11920887,ransom,
1159000,7963,100941,21397,6750157,ransom,
456366,48584,243941,25103,2129156,ransom,
2075721,54083,550956,6321,10933074,ransom,
2801224,47800,692543,2330,15026553,ransom,
2647549,45077,637616,2477,14181172,ransom,
2803354,45497,687797,2040,15043018,ransom,
2769341,44189,665638,1896,14844609,ransom,
2741514,42596,655938,1958,14683240,ransom,
2757935,44762,670273,5681,14750639,ransom,
2801020,43355,675377,2864,14978793,ransom,
2728231,43612,658307,1897,14591448,ransom,
2743899,42739,675786,1972,14744494,ransom,
2797624,43657,664283,2009,14976749,ransom,
2736680,45125,651730,1938,14651631,ransom,
2772202,45264,682669,2074,14879109,ransom,
2706520,61043,753472,6366,14395036,ransom,
2904753,141371,1540053,530,15185612,ransom,
2949540,136195,1538027,338,15578984,ransom,
2950016,135644,1535407,354,15579285,ransom,
2954357,133485,1538285,336,15613781,ransom,
2956496,132602,1534895,315,15624320,ransom,
2956044,133443,1536606,456,15607430,ransom,
2950552,134661,1533165,333,15593510,ransom,
2959121,133724,1537224,327,15638823,ransom,
2950581,133374,1531542,352,15602014,ransom,
2957780,133025,1534965,317,15633972,ransom,
2941649,133634,1531499,304,15534998,ransom,
2935720,140440,1531102,430,15471241,ransom,
2957975,134651,1527870,364,15638621,ransom,
2964694,134151,1533210,289,15637823,ransom,
2958170,133822,1533283,297,15614808,ransom,
2963801,132782,1536772,317,15657346,ransom,
2943523,131918,1525965,394,15570523,ransom,
2773795,128274,1504141,1297,14245740,ransom,
2678639,131814,1499462,1653,13287988,ransom,
2706337,130125,1528535,844,13475016,ransom,
2722789,130673,1565351,1073,13584383,ransom,
2639590,128950,1535132,746,13852117,ransom,
2648122,130403,1456410,330,13107101,ransom,
2650509,129551,1457544,353,13122298,ransom,
2737031,129605,1614474,673,13715667,ransom,
2787021,128882,1691670,780,14050828,ransom,
2793593,129284,1716646,785,14099671,ransom,
2826030,129043,1774598,781,14325539,ransom,
2846475,128824,1824965,1441,14478678,ransom,
2872518,127469,1881171,1067,14669107,ransom,
2904910,128270,1938010,998,14884935,ransom,
2882262,127138,1957127,1343,15146245,ransom,
2837724,130188,1965683,1525,14932698,ransom,
2983520,130522,2095556,1259,15433639,ransom,
2993651,128046,2111415,1220,15496509,ransom,
2997230,128622,2124772,1159,15546270,ransom,
2974218,125806,2162349,1215,15564272,ransom,
3045806,124777,2301203,1190,16080529,ransom,
2983584,125652,2173218,1292,15609712,ransom,
3025438,124944,2268429,1649,15931405,ransom,
3026976,125748,2282031,1550,15974131,ransom,
3059849,125208,2354857,1602,16224368,ransom,
2730729,127566,1857416,3663,18101405,ransom,
2728533,132365,1466985,761,15896900,ransom,
2958165,133686,1534812,336,15608565,ransom,
2967499,134420,1538903,390,15662652,ransom,
2962774,133832,1536624,360,15627601,ransom,
2864161,129444,1496716,407,15100621,ransom,
2651925,129620,1457151,375,13125422,ransom,
2652354,129498,1456421,380,13123276,ransom,
2649828,129106,1455520,350,13112417,ransom,
2645892,129505,1455075,356,13089962,ransom,
2604389,128744,1434058,563,14411864,ransom,
2789427,130177,1452613,393,14698058,ransom,
2949286,135610,1530112,323,15565218,ransom,
2777126,130678,1445748,448,14642671,ransom,
2961973,134244,1536429,340,15630509,ransom,
2965107,134249,1536187,354,15665930,ransom,
2960046,134894,1535204,311,15633303,ransom,
2964019,134997,1534843,300,15649977,ransom,
2962410,133298,1531631,343,15656034,ransom,
2963943,135953,1537205,335,15655725,ransom,
2965129,134178,1532872,332,15668790,ransom,
2825764,134896,1473670,442,14900797,ransom,
2617685,139545,1429875,469,13775808,ransom,
2960653,134286,1548417,1186,15634502,ransom,
2467206,170867,1482402,514,12891329,ransom,
2946977,137475,1542543,726,15559791,ransom,
2947820,134951,1530670,337,15556725,ransom,
2953366,134863,1532056,323,15605251,ransom,
2958257,134970,1535383,317,15620908,ransom,
2964694,133901,1541509,296,15657000,ransom,
2957849,134623,1539048,334,15624195,ransom,
2966997,133915,1540296,316,15677854,ransom,
2586620,165507,1467147,448,13538941,ransom,
2936894,133145,1525228,332,15521506,ransom,
2404092,192854,1497263,453,12485063,ransom,
2405621,199073,1502604,383,12447521,ransom,
2381379,203045,1508367,396,12324712,ransom,
2554164,172224,1514396,423,13348963,ransom,
2949691,135377,1532134,318,15577463,ransom,
2953718,134537,1529837,343,15592835,ransom,
2953704,133711,1530546,332,15606939,ransom,
2954834,133823,1535194,318,15602318,ransom,
2952306,134461,1531440,348,15595968,ransom,
2408313,183875,1469494,421,12522495,ransom,
2398281,189909,1491316,446,12441006,ransom,
2387455,196400,1498943,355,12395385,ransom,
2406446,189428,1501639,368,12489147,ransom,
2396285,182236,1487763,511,12455899,ransom,
2383024,200149,1503524,311,12328980,ransom,
2396160,193987,1504217,1111,12429416,ransom,
2494596,194245,1515277,468,12983714,ransom,
2772249,127355,1472286,552,14313166,ransom,
2649429,126486,1455693,473,13130537,ransom,
2546811,140109,1433220,988,13271964,ransom,
2439063,169550,1480881,359,12755445,ransom,
2533104,176161,1513379,440,13222622,ransom,
2582567,167331,1475066,440,13554150,ransom,
2399549,192171,1501567,382,12467985,ransom,
2394154,187952,1490295,379,12412457,ransom,
2398589,198532,1503282,332,12414409,ransom,
2394662,190165,1494392,299,12430793,ransom,
2401808,177558,1489422,401,12525286,ransom,
2684385,159060,1504854,500,14147923,ransom,
2672394,127639,1459095,524,13388934,ransom,
2472393,167711,1465003,832,12852510,ransom,
2521386,174477,1504030,326,13168046,ransom,
2436049,197714,1494880,388,12648276,ransom,
2535487,162319,1483093,338,13291126,ransom,
2433036,178883,1496348,332,12649032,ransom,
2544792,176377,1500870,346,13316049,ransom,
2416562,181992,1477610,420,12603165,ransom,
2397691,183842,1493235,399,12471752,ransom,
2406975,183675,1495158,348,12507383,ransom,
2624924,168763,1511636,384,13761490,ransom,
2715840,132130,1472010,1218,13764084,ransom,
2430206,176203,1468937,1015,12578191,ransom,
2540616,183593,1502784,374,13269486,ransom,
2440700,187542,1503139,371,12710937,ransom,
2663408,149823,1472188,392,14067793,ransom,
2400000,185131,1492102,398,12473536,ransom,
2421225,183397,1489235,362,12582876,ransom,
2471175,177576,1493847,306,12890867,ransom,
2403562,174418,1484566,312,12535068,ransom,
2399252,186160,1497761,334,12482385,ransom,
2643909,156006,1498646,431,13922361,ransom,
2699983,127697,1463748,462,13622619,ransom,
2507206,144938,1458288,1013,13013493,ransom,
2437720,175993,1498982,375,12702761,ransom,
2420823,173502,1477772,318,12636100,ransom,
2483889,169661,1492098,350,12987933,ransom,
2517398,170689,1492941,380,13184444,ransom,
2458563,187709,1504599,344,12781422,ransom,
2439572,190350,1506566,344,12654916,ransom,
2378690,201618,1495865,312,12337980,ransom,
2418847,182588,1497826,303,12584593,ransom,
2818050,142040,1502291,511,14991000,ransom,
2666934,128514,1454899,535,13365566,ransom,
2380448,186968,1470154,654,12497766,ransom,
2472533,168378,1496933,1233,12905716,ransom,
2530821,175833,1485086,517,13266494,ransom,
2412534,192028,1497871,312,12508648,ransom,
2407496,188173,1502357,293,12505831,ransom,
2431256,177801,1496106,323,12688239,ransom,
2719247,144186,1485549,515,14351347,ransom,
2402453,191699,1504085,378,12493956,ransom,
2535130,171116,1492620,324,13278871,ransom,
2675854,154332,1505166,303,14116183,ransom,
2537136,152181,1465055,545,13076669,ransom,
2592526,154380,1485881,384,13653865,ransom,
2526768,165231,1502324,282,13235772,ransom,
3382342,153906,1874290,331661,12208173,ransom,
2291980,107981,1051704,147780,8440162,ransom,
492016,18693,286688,10593,2146132,ransom,
1131612,10533,888753,208,5062137,ransom,
1744316,62975,811411,25734,7756202,ransom,
2653,381,3495,1270,9493,ransom,
1167592,46366,269940,21318,5060910,ransom,
1718391,103830,489837,24233,8194329,ransom,
2265543,154265,719244,27239,10518291,ransom,
2296170,139361,682828,29955,10821548,ransom,
1071202,104300,504460,10578,5064051,ransom,
1144302,83983,430323,19268,5144811,ransom,
1936187,126056,619778,20339,8844953,ransom,
2444969,146438,931858,94443,9937430,ransom,
2617747,187579,915994,33390,12333366,ransom,
835843,75751,357237,18155,3922815,ransom,
1583764,98935,502018,45403,6942086,ransom,
2300402,134620,674492,26882,10668975,ransom,
1142241,95072,462476,23903,5305332,ransom,
930004,76481,366993,16640,4264728,ransom,
2355937,176491,748073,26450,11920887,ransom,
1159000,7963,100941,21397,6750157,ransom,
456366,48584,243941,25103,2129156,ransom,
2075721,54083,550956,6321,10933074,ransom,
2801224,47800,692543,2330,15026553,ransom,
2647549,45077,637616,2477,14181172,ransom,
2803354,45497,687797,2040,15043018,ransom,
2769341,44189,665638,1896,14844609,ransom,
2741514,42596,655938,1958,14683240,ransom,
2757935,44762,670273,5681,14750639,ransom,
2801020,43355,675377,2864,14978793,ransom,
2728231,43612,658307,1897,14591448,ransom,
2743899,42739,675786,1972,14744494,ransom,
2797624,43657,664283,2009,14976749,ransom,
2736680,45125,651730,1938,14651631,ransom,
2772202,45264,682669,2074,14879109,ransom,
2706520,61043,753472,6366,14395036,ransom,
2904753,141371,1540053,530,15185612,ransom,
2949540,136195,1538027,338,15578984,ransom,
2950016,135644,1535407,354,15579285,ransom,
2954357,133485,1538285,336,15613781,ransom,
2956496,132602,1534895,315,15624320,ransom,
2956044,133443,1536606,456,15607430,ransom,
2950552,134661,1533165,333,15593510,ransom,
2959121,133724,1537224,327,15638823,ransom,
2950581,133374,1531542,352,15602014,ransom,
2957780,133025,1534965,317,15633972,ransom,
2941649,133634,1531499,304,15534998,ransom,
2935720,140440,1531102,430,15471241,ransom,
2957975,134651,1527870,364,15638621,ransom,
2964694,134151,1533210,289,15637823,ransom,
2958170,133822,1533283,297,15614808,ransom,
2963801,132782,1536772,317,15657346,ransom,
2943523,131918,1525965,394,15570523,ransom,
2773795,128274,1504141,1297,14245740,ransom,
2678639,131814,1499462,1653,13287988,ransom,
2706337,130125,1528535,844,13475016,ransom,
2722789,130673,1565351,1073,13584383,ransom,
2639590,128950,1535132,746,13852117,ransom,
2648122,130403,1456410,330,13107101,ransom,
2650509,129551,1457544,353,13122298,ransom,
2737031,129605,1614474,673,13715667,ransom,
2787021,128882,1691670,780,14050828,ransom,
2793593,129284,1716646,785,14099671,ransom,
2826030,129043,1774598,781,14325539,ransom,
2846475,128824,1824965,1441,14478678,ransom,
2872518,127469,1881171,1067,14669107,ransom,
2904910,128270,1938010,998,14884935,ransom,
2882262,127138,1957127,1343,15146245,ransom,
2837724,130188,1965683,1525,14932698,ransom,
2983520,130522,2095556,1259,15433639,ransom,
2993651,128046,2111415,1220,15496509,ransom,
2997230,128622,2124772,1159,15546270,ransom,
2974218,125806,2162349,1215,15564272,ransom,
3045806,124777,2301203,1190,16080529,ransom,
2983584,125652,2173218,1292,15609712,ransom,
3025438,124944,2268429,1649,15931405,ransom,
3026976,125748,2282031,1550,15974131,ransom,
3059849,125208,2354857,1602,16224368,ransom,
2730729,127566,1857416,3663,18101405,ransom,
2728533,132365,1466985,761,15896900,ransom,
2958165,133686,1534812,336,15608565,ransom,
2967499,134420,1538903,390,15662652,ransom,
2962774,133832,1536624,360,15627601,ransom,
2864161,129444,1496716,407,15100621,ransom,
2651925,129620,1457151,375,13125422,ransom,
2652354,129498,1456421,380,13123276,ransom,
2649828,129106,1455520,350,13112417,ransom,
2645892,129505,1455075,356,13089962,ransom,
2604389,128744,1434058,563,14411864,ransom,
2789427,130177,1452613,393,14698058,ransom,
2949286,135610,1530112,323,15565218,ransom,
2777126,130678,1445748,448,14642671,ransom,
2961973,134244,1536429,340,15630509,ransom,
2965107,134249,1536187,354,15665930,ransom,
2960046,134894,1535204,311,15633303,ransom,
2964019,134997,1534843,300,15649977,ransom,
2962410,133298,1531631,343,15656034,ransom,
2963943,135953,1537205,335,15655725,ransom,
2965129,134178,1532872,332,15668790,ransom,
2825764,134896,1473670,442,14900797,ransom,
2617685,139545,1429875,469,13775808,ransom,
2960653,134286,1548417,1186,15634502,ransom,
2467206,170867,1482402,514,12891329,ransom,
2946977,137475,1542543,726,15559791,ransom,
2947820,134951,1530670,337,15556725,ransom,
2953366,134863,1532056,323,15605251,ransom,
2958257,134970,1535383,317,15620908,ransom,
2964694,133901,1541509,296,15657000,ransom,
2957849,134623,1539048,334,15624195,ransom,
2966997,133915,1540296,316,15677854,ransom,
2586620,165507,1467147,448,13538941,ransom,
2936894,133145,1525228,332,15521506,ransom,
2404092,192854,1497263,453,12485063,ransom,
2405621,199073,1502604,383,12447521,ransom,
2381379,203045,1508367,396,12324712,ransom,
2554164,172224,1514396,423,13348963,ransom,
2949691,135377,1532134,318,15577463,ransom,
2953718,134537,1529837,343,15592835,ransom,
2953704,133711,1530546,332,15606939,ransom,
2954834,133823,1535194,318,15602318,ransom,
2952306,134461,1531440,348,15595968,ransom,
2408313,183875,1469494,421,12522495,ransom,
2398281,189909,1491316,446,12441006,ransom,
2387455,196400,1498943,355,12395385,ransom,
2406446,189428,1501639,368,12489147,ransom,
2396285,182236,1487763,511,12455899,ransom,
2383024,200149,1503524,311,12328980,ransom,
2396160,193987,1504217,1111,12429416,ransom,
2494596,194245,1515277,468,12983714,ransom,
2772249,127355,1472286,552,14313166,ransom,
2649429,126486,1455693,473,13130537,ransom,
2546811,140109,1433220,988,13271964,ransom,
2439063,169550,1480881,359,12755445,ransom,
2533104,176161,1513379,440,13222622,ransom,
2582567,167331,1475066,440,13554150,ransom,
2399549,192171,1501567,382,12467985,ransom,
2394154,187952,1490295,379,12412457,ransom,
2398589,198532,1503282,332,12414409,ransom,
2394662,190165,1494392,299,12430793,ransom,
2401808,177558,1489422,401,12525286,ransom,
2684385,159060,1504854,500,14147923,ransom,
2672394,127639,1459095,524,13388934,ransom,
2472393,167711,1465003,832,12852510,ransom,
2521386,174477,1504030,326,13168046,ransom,
2436049,197714,1494880,388,12648276,ransom,
2535487,162319,1483093,338,13291126,ransom,
2433036,178883,1496348,332,12649032,ransom,
2544792,176377,1500870,346,13316049,ransom,
2416562,181992,1477610,420,12603165,ransom,
2397691,183842,1493235,399,12471752,ransom,
2406975,183675,1495158,348,12507383,ransom,
2624924,168763,1511636,384,13761490,ransom,
2715840,132130,1472010,1218,13764084,ransom,
2430206,176203,1468937,1015,12578191,ransom,
2540616,183593,1502784,374,13269486,ransom,
2440700,187542,1503139,371,12710937,ransom,
2663408,149823,1472188,392,14067793,ransom,
2400000,185131,1492102,398,12473536,ransom,
2421225,183397,1489235,362,12582876,ransom,
2471175,177576,1493847,306,12890867,ransom,
2403562,174418,1484566,312,12535068,ransom,
2399252,186160,1497761,334,12482385,ransom,
2643909,156006,1498646,431,13922361,ransom,
2699983,127697,1463748,462,13622619,ransom,
2507206,144938,1458288,1013,13013493,ransom,
2437720,175993,1498982,375,12702761,ransom,
2420823,173502,1477772,318,12636100,ransom,
2483889,169661,1492098,350,12987933,ransom,
2517398,170689,1492941,380,13184444,ransom,
2458563,187709,1504599,344,12781422,ransom,
2439572,190350,1506566,344,12654916,ransom,
2378690,201618,1495865,312,12337980,ransom,
2418847,182588,1497826,303,12584593,ransom,
2818050,142040,1502291,511,14991000,ransom,
2666934,128514,1454899,535,13365566,ransom,
2380448,186968,1470154,654,12497766,ransom,
2472533,168378,1496933,1233,12905716,ransom,
2530821,175833,1485086,517,13266494,ransom,
2412534,192028,1497871,312,12508648,ransom,
2407496,188173,1502357,293,12505831,ransom,
2431256,177801,1496106,323,12688239,ransom,
2719247,144186,1485549,515,14351347,ransom,
2402453,191699,1504085,378,12493956,ransom,
2535130,171116,1492620,324,13278871,ransom,
2675854,154332,1505166,303,14116183,ransom,
2537136,152181,1465055,545,13076669,ransom,
2592526,154380,1485881,384,13653865,ransom,
2526768,165231,1502324,282,13235772,ransom,
3382342,153906,1874290,331661,12208173,ransom,
2291980,107981,1051704,147780,8440162,ransom,
492016,18693,286688,10593,2146132,ransom,
1131612,10533,888753,208,5062137,ransom,
1744316,62975,811411,25734,7756202,ransom,
2653,381,3495,1270,9493,ransom,
1167592,46366,269940,21318,5060910,ransom,
1718391,103830,489837,24233,8194329,ransom,
2265543,154265,719244,27239,10518291,ransom,
2296170,139361,682828,29955,10821548,ransom,
1071202,104300,504460,10578,5064051,ransom,
1144302,83983,430323,19268,5144811,ransom,
1936187,126056,619778,20339,8844953,ransom,
2444969,146438,931858,94443,9937430,ransom,
2617747,187579,915994,33390,12333366,ransom,
835843,75751,357237,18155,3922815,ransom,
1583764,98935,502018,45403,6942086,ransom,
2300402,134620,674492,26882,10668975,ransom,
1142241,95072,462476,23903,5305332,ransom,
930004,76481,366993,16640,4264728,ransom,
2355937,176491,748073,26450,11920887,ransom,
1159000,7963,100941,21397,6750157,ransom,
456366,48584,243941,25103,2129156,ransom,
2075721,54083,550956,6321,10933074,ransom,
2801224,47800,692543,2330,15026553,ransom,
2647549,45077,637616,2477,14181172,ransom,
2803354,45497,687797,2040,15043018,ransom,
2769341,44189,665638,1896,14844609,ransom,
2741514,42596,655938,1958,14683240,ransom,
2757935,44762,670273,5681,14750639,ransom,
2801020,43355,675377,2864,14978793,ransom,
2728231,43612,658307,1897,14591448,ransom,
2743899,42739,675786,1972,14744494,ransom,
2797624,43657,664283,2009,14976749,ransom,
2736680,45125,651730,1938,14651631,ransom,
2772202,45264,682669,2074,14879109,ransom,
2706520,61043,753472,6366,14395036,ransom,
2904753,141371,1540053,530,15185612,ransom,
2949540,136195,1538027,338,15578984,ransom,
2950016,135644,1535407,354,15579285,ransom,
2954357,133485,1538285,336,15613781,ransom,
2956496,132602,1534895,315,15624320,ransom,
2956044,133443,1536606,456,15607430,ransom,
2950552,134661,1533165,333,15593510,ransom,
2959121,133724,1537224,327,15638823,ransom,
2950581,133374,1531542,352,15602014,ransom,
2957780,133025,1534965,317,15633972,ransom,
2941649,133634,1531499,304,15534998,ransom,
2935720,140440,1531102,430,15471241,ransom,
2957975,134651,1527870,364,15638621,ransom,
2964694,134151,1533210,289,15637823,ransom,
2958170,133822,1533283,297,15614808,ransom,
2963801,132782,1536772,317,15657346,ransom,
2943523,131918,1525965,394,15570523,ransom,
2773795,128274,1504141,1297,14245740,ransom,
2678639,131814,1499462,1653,13287988,ransom,
2706337,130125,1528535,844,13475016,ransom,
2722789,130673,1565351,1073,13584383,ransom,
2639590,128950,1535132,746,13852117,ransom,
2648122,130403,1456410,330,13107101,ransom,
2650509,129551,1457544,353,13122298,ransom,
2737031,129605,1614474,673,13715667,ransom,
2787021,128882,1691670,780,14050828,ransom,
2793593,129284,1716646,785,14099671,ransom,
2826030,129043,1774598,781,14325539,ransom,
2846475,128824,1824965,1441,14478678,ransom,
2872518,127469,1881171,1067,14669107,ransom,
2904910,128270,1938010,998,14884935,ransom,
2882262,127138,1957127,1343,15146245,ransom,
2837724,130188,1965683,1525,14932698,ransom,
2983520,130522,2095556,1259,15433639,ransom,
2993651,128046,2111415,1220,15496509,ransom,
2997230,128622,2124772,1159,15546270,ransom,
2974218,125806,2162349,1215,15564272,ransom,
3045806,124777,2301203,1190,16080529,ransom,
2983584,125652,2173218,1292,15609712,ransom,
3025438,124944,2268429,1649,15931405,ransom,
3026976,125748,2282031,1550,15974131,ransom,
3059849,125208,2354857,1602,16224368,ransom,
2730729,127566,1857416,3663,18101405,ransom,
2728533,132365,1466985,761,15896900,ransom,
2958165,133686,1534812,336,15608565,ransom,
2967499,134420,1538903,390,15662652,ransom,
2962774,133832,1536624,360,15627601,ransom,
2864161,129444,1496716,407,15100621,ransom,
2651925,129620,1457151,375,13125422,ransom,
2652354,129498,1456421,380,13123276,ransom,
2649828,129106,1455520,350,13112417,ransom,
2645892,129505,1455075,356,13089962,ransom,
2604389,128744,1434058,563,14411864,ransom,
2789427,130177,1452613,393,14698058,ransom,
2949286,135610,1530112,323,15565218,ransom,
2777126,130678,1445748,448,14642671,ransom,
2961973,134244,1536429,340,15630509,ransom,
2965107,134249,1536187,354,15665930,ransom,
2960046,134894,1535204,311,15633303,ransom,
2964019,134997,1534843,300,15649977,ransom,
2962410,133298,1531631,343,15656034,ransom,
2963943,135953,1537205,335,15655725,ransom,
2965129,134178,1532872,332,15668790,ransom,
2825764,134896,1473670,442,14900797,ransom,
2617685,139545,1429875,469,13775808,ransom,
2960653,134286,1548417,1186,15634502,ransom,
2467206,170867,1482402,514,12891329,ransom,
2946977,137475,1542543,726,15559791,ransom,
2947820,134951,1530670,337,15556725,ransom,
2953366,134863,1532056,323,15605251,ransom,
2958257,134970,1535383,317,15620908,ransom,
2964694,133901,1541509,296,15657000,ransom,
2957849,134623,1539048,334,15624195,ransom,
2966997,133915,1540296,316,15677854,ransom,
2586620,165507,1467147,448,13538941,ransom,
2936894,133145,1525228,332,15521506,ransom,
2404092,192854,1497263,453,12485063,ransom,
2405621,199073,1502604,383,12447521,ransom,
2381379,203045,1508367,396,12324712,ransom,
2554164,172224,1514396,423,13348963,ransom,
2949691,135377,1532134,318,15577463,ransom,
2953718,134537,1529837,343,15592835,ransom,
2953704,133711,1530546,332,15606939,ransom,
2954834,133823,1535194,318,15602318,ransom,
2952306,134461,1531440,348,15595968,ransom,
2408313,183875,1469494,421,12522495,ransom,
2398281,189909,1491316,446,12441006,ransom,
2387455,196400,1498943,355,12395385,ransom,
2406446,189428,1501639,368,12489147,ransom,
2396285,182236,1487763,511,12455899,ransom,
2383024,200149,1503524,311,12328980,ransom,
2396160,193987,1504217,1111,12429416,ransom,
2494596,194245,1515277,468,12983714,ransom,
2772249,127355,1472286,552,14313166,ransom,
2649429,126486,1455693,473,13130537,ransom,
2546811,140109,1433220,988,13271964,ransom,
2439063,169550,1480881,359,12755445,ransom,
2533104,176161,1513379,440,13222622,ransom,
2582567,167331,1475066,440,13554150,ransom,
2399549,192171,1501567,382,12467985,ransom,
2394154,187952,1490295,379,12412457,ransom,
2398589,198532,1503282,332,12414409,ransom,
2394662,190165,1494392,299,12430793,ransom,
2401808,177558,1489422,401,12525286,ransom,
2684385,159060,1504854,500,14147923,ransom,
2672394,127639,1459095,524,13388934,ransom,
2472393,167711,1465003,832,12852510,ransom,
2521386,174477,1504030,326,13168046,ransom,
2436049,197714,1494880,388,12648276,ransom,
2535487,162319,1483093,338,13291126,ransom,
2433036,178883,1496348,332,12649032,ransom,
2544792,176377,1500870,346,13316049,ransom,
2416562,181992,1477610,420,12603165,ransom,
2397691,183842,1493235,399,12471752,ransom,
2406975,183675,1495158,348,12507383,ransom,
2624924,168763,1511636,384,13761490,ransom,
2715840,132130,1472010,1218,13764084,ransom,
2430206,176203,1468937,1015,12578191,ransom,
2540616,183593,1502784,374,13269486,ransom,
2440700,187542,1503139,371,12710937,ransom,
2663408,149823,1472188,392,14067793,ransom,
2400000,185131,1492102,398,12473536,ransom,
2421225,183397,1489235,362,12582876,ransom,
2471175,177576,1493847,306,12890867,ransom,
2403562,174418,1484566,312,12535068,ransom,
2399252,186160,1497761,334,12482385,ransom,
2643909,156006,1498646,431,13922361,ransom,
2699983,127697,1463748,462,13622619,ransom,
2507206,144938,1458288,1013,13013493,ransom,
2437720,175993,1498982,375,12702761,ransom,
2420823,173502,1477772,318,12636100,ransom,
2483889,169661,1492098,350,12987933,ransom,
2517398,170689,1492941,380,13184444,ransom,
2458563,187709,1504599,344,12781422,ransom,
2439572,190350,1506566,344,12654916,ransom,
2378690,201618,1495865,312,12337980,ransom,
2418847,182588,1497826,303,12584593,ransom,
2818050,142040,1502291,511,14991000,ransom,
2666934,128514,1454899,535,13365566,ransom,
2380448,186968,1470154,654,12497766,ransom,
2472533,168378,1496933,1233,12905716,ransom,
2530821,175833,1485086,517,13266494,ransom,
2412534,192028,1497871,312,12508648,ransom,
2407496,188173,1502357,293,12505831,ransom,
2431256,177801,1496106,323,12688239,ransom,
2719247,144186,1485549,515,14351347,ransom,
2402453,191699,1504085,378,12493956,ransom,
2535130,171116,1492620,324,13278871,ransom,
2675854,154332,1505166,303,14116183,ransom,
2537136,152181,1465055,545,13076669,ransom,
2592526,154380,1485881,384,13653865,ransom,
2526768,165231,1502324,282,13235772,ransom,
3382342,153906,1874290,331661,12208173,ransom,
2291980,107981,1051704,147780,8440162,ransom,
492016,18693,286688,10593,2146132,ransom,
1131612,10533,888753,208,5062137,ransom,
1744316,62975,811411,25734,7756202,ransom,
2653,381,3495,1270,9493,ransom,
1167592,46366,269940,21318,5060910,ransom,
1718391,103830,489837,24233,8194329,ransom,
2265543,154265,719244,27239,10518291,ransom,
2296170,139361,682828,29955,10821548,ransom,
1071202,104300,504460,10578,5064051,ransom,
1144302,83983,430323,19268,5144811,ransom,
1936187,126056,619778,20339,8844953,ransom,
2444969,146438,931858,94443,9937430,ransom,
2617747,187579,915994,33390,12333366,ransom,
835843,75751,357237,18155,3922815,ransom,
1583764,98935,502018,45403,6942086,ransom,
2300402,134620,674492,26882,10668975,ransom,
1142241,95072,462476,23903,5305332,ransom,
930004,76481,366993,16640,4264728,ransom,
2355937,176491,748073,26450,11920887,ransom,
1159000,7963,100941,21397,6750157,ransom,
456366,48584,243941,25103,2129156,ransom,
2075721,54083,550956,6321,10933074,ransom,
2801224,47800,692543,2330,15026553,ransom,
2647549,45077,637616,2477,14181172,ransom,
2803354,45497,687797,2040,15043018,ransom,
2769341,44189,665638,1896,14844609,ransom,
2741514,42596,655938,1958,14683240,ransom,
2757935,44762,670273,5681,14750639,ransom,
2801020,43355,675377,2864,14978793,ransom,
2728231,43612,658307,1897,14591448,ransom,
2743899,42739,675786,1972,14744494,ransom,
2797624,43657,664283,2009,14976749,ransom,
2736680,45125,651730,1938,14651631,ransom,
2772202,45264,682669,2074,14879109,ransom,
2706520,61043,753472,6366,14395036,ransom,
2904753,141371,1540053,530,15185612,ransom,
2949540,136195,1538027,338,15578984,ransom,
2950016,135644,1535407,354,15579285,ransom,
2954357,133485,1538285,336,15613781,ransom,
2956496,132602,1534895,315,15624320,ransom,
2956044,133443,1536606,456,15607430,ransom,
2950552,134661,1533165,333,15593510,ransom,
2959121,133724,1537224,327,15638823,ransom,
2950581,133374,1531542,352,15602014,ransom,
2957780,133025,1534965,317,15633972,ransom,
2941649,133634,1531499,304,15534998,ransom,
2935720,140440,1531102,430,15471241,ransom,
2957975,134651,1527870,364,15638621,ransom,
2964694,134151,1533210,289,15637823,ransom,
2958170,133822,1533283,297,15614808,ransom,
2963801,132782,1536772,317,15657346,ransom,
2943523,131918,1525965,394,15570523,ransom,
2773795,128274,1504141,1297,14245740,ransom,
2678639,131814,1499462,1653,13287988,ransom,
2706337,130125,1528535,844,13475016,ransom,
2722789,130673,1565351,1073,13584383,ransom,
2639590,128950,1535132,746,13852117,ransom,
2648122,130403,1456410,330,13107101,ransom,
2650509,129551,1457544,353,13122298,ransom,
2737031,129605,1614474,673,13715667,ransom,
2787021,128882,1691670,780,14050828,ransom,
2793593,129284,1716646,785,14099671,ransom,
2826030,129043,1774598,781,14325539,ransom,
2846475,128824,1824965,1441,14478678,ransom,
2872518,127469,1881171,1067,14669107,ransom,
2904910,128270,1938010,998,14884935,ransom,
2882262,127138,1957127,1343,15146245,ransom,
2837724,130188,1965683,1525,14932698,ransom,
2983520,130522,2095556,1259,15433639,ransom,
2993651,128046,2111415,1220,15496509,ransom,
2997230,128622,2124772,1159,15546270,ransom,
2974218,125806,2162349,1215,15564272,ransom,
3045806,124777,2301203,1190,16080529,ransom,
2983584,125652,2173218,1292,15609712,ransom,
3025438,124944,2268429,1649,15931405,ransom,
3026976,125748,2282031,1550,15974131,ransom,
3059849,125208,2354857,1602,16224368,ransom,
2730729,127566,1857416,3663,18101405,ransom,
2728533,132365,1466985,761,15896900,ransom,
2958165,133686,1534812,336,15608565,ransom,
2967499,134420,1538903,390,15662652,ransom,
2962774,133832,1536624,360,15627601,ransom,
2864161,129444,1496716,407,15100621,ransom,
2651925,129620,1457151,375,13125422,ransom,
2652354,129498,1456421,380,13123276,ransom,
2649828,129106,1455520,350,13112417,ransom,
2645892,129505,1455075,356,13089962,ransom,
2604389,128744,1434058,563,14411864,ransom,
2789427,130177,1452613,393,14698058,ransom,
2949286,135610,1530112,323,15565218,ransom,
2777126,130678,1445748,448,14642671,ransom,
2961973,134244,1536429,340,15630509,ransom,
2965107,134249,1536187,354,15665930,ransom,
2960046,134894,1535204,311,15633303,ransom,
2964019,134997,1534843,300,15649977,ransom,
2962410,133298,1531631,343,15656034,ransom,
2963943,135953,1537205,335,15655725,ransom,
2965129,134178,1532872,332,15668790,ransom,
2825764,134896,1473670,442,14900797,ransom,
2617685,139545,1429875,469,13775808,ransom,
2960653,134286,1548417,1186,15634502,ransom,
2467206,170867,1482402,514,12891329,ransom,
2946977,137475,1542543,726,15559791,ransom,
2947820,134951,1530670,337,15556725,ransom,
2953366,134863,1532056,323,15605251,ransom,
2958257,134970,1535383,317,15620908,ransom,
2964694,133901,1541509,296,15657000,ransom,
2957849,134623,1539048,334,15624195,ransom,
2966997,133915,1540296,316,15677854,ransom,
2586620,165507,1467147,448,13538941,ransom,
2936894,133145,1525228,332,15521506,ransom,
2404092,192854,1497263,453,12485063,ransom,
2405621,199073,1502604,383,12447521,ransom,
2381379,203045,1508367,396,12324712,ransom,
2554164,172224,1514396,423,13348963,ransom,
2949691,135377,1532134,318,15577463,ransom,
2953718,134537,1529837,343,15592835,ransom,
2953704,133711,1530546,332,15606939,ransom,
2954834,133823,1535194,318,15602318,ransom,
2952306,134461,1531440,348,15595968,ransom,
2408313,183875,1469494,421,12522495,ransom,
2398281,189909,1491316,446,12441006,ransom,
2387455,196400,1498943,355,12395385,ransom,
2406446,189428,1501639,368,12489147,ransom,
2396285,182236,1487763,511,12455899,ransom,
2383024,200149,1503524,311,12328980,ransom,
2396160,193987,1504217,1111,12429416,ransom,
2494596,194245,1515277,468,12983714,ransom,
2772249,127355,1472286,552,14313166,ransom,
2649429,126486,1455693,473,13130537,ransom,
2546811,140109,1433220,988,13271964,ransom,
2439063,169550,1480881,359,12755445,ransom,
2533104,176161,1513379,440,13222622,ransom,
2582567,167331,1475066,440,13554150,ransom,
2399549,192171,1501567,382,12467985,ransom,
2394154,187952,1490295,379,12412457,ransom,
2398589,198532,1503282,332,12414409,ransom,
2394662,190165,1494392,299,12430793,ransom,
2401808,177558,1489422,401,12525286,ransom,
2684385,159060,1504854,500,14147923,ransom,
2672394,127639,1459095,524,13388934,ransom,
2472393,167711,1465003,832,12852510,ransom,
2521386,174477,1504030,326,13168046,ransom,
2436049,197714,1494880,388,12648276,ransom,
2535487,162319,1483093,338,13291126,ransom,
2433036,178883,1496348,332,12649032,ransom,
2544792,176377,1500870,346,13316049,ransom,
2416562,181992,1477610,420,12603165,ransom,
2397691,183842,1493235,399,12471752,ransom,
2406975,183675,1495158,348,12507383,ransom,
2624924,168763,1511636,384,13761490,ransom,
2715840,132130,1472010,1218,13764084,ransom,
2430206,176203,1468937,1015,12578191,ransom,
2540616,183593,1502784,374,13269486,ransom,
2440700,187542,1503139,371,12710937,ransom,
2663408,149823,1472188,392,14067793,ransom,
2400000,185131,1492102,398,12473536,ransom,
2421225,183397,1489235,362,12582876,ransom,
2471175,177576,1493847,306,12890867,ransom,
2403562,174418,1484566,312,12535068,ransom,
2399252,186160,1497761,334,12482385,ransom,
2643909,156006,1498646,431,13922361,ransom,
2699983,127697,1463748,462,13622619,ransom,
2507206,144938,1458288,1013,13013493,ransom,
2437720,175993,1498982,375,12702761,ransom,
2420823,173502,1477772,318,12636100,ransom,
2483889,169661,1492098,350,12987933,ransom,
2517398,170689,1492941,380,13184444,ransom,
2458563,187709,1504599,344,12781422,ransom,
2439572,190350,1506566,344,12654916,ransom,
2378690,201618,1495865,312,12337980,ransom,
2418847,182588,1497826,303,12584593,ransom,
2818050,142040,1502291,511,14991000,ransom,
2666934,128514,1454899,535,13365566,ransom,
2380448,186968,1470154,654,12497766,ransom,
2472533,168378,1496933,1233,12905716,ransom,
2530821,175833,1485086,517,13266494,ransom,
2412534,192028,1497871,312,12508648,ransom,
2407496,188173,1502357,293,12505831,ransom,
2431256,177801,1496106,323,12688239,ransom,
2719247,144186,1485549,515,14351347,ransom,
2402453,191699,1504085,378,12493956,ransom,
2535130,171116,1492620,324,13278871,ransom,
2675854,154332,1505166,303,14116183,ransom,
2537136,152181,1465055,545,13076669,ransom,
2592526,154380,1485881,384,13653865,ransom,
2526768,165231,1502324,282,13235772,ransom,
3382342,153906,1874290,331661,12208173,ransom,
2291980,107981,1051704,147780,8440162,ransom,
492016,18693,286688,10593,2146132,ransom,
1131612,10533,888753,208,5062137,ransom,
1744316,62975,811411,25734,7756202,ransom,
2653,381,3495,1270,9493,ransom,
1167592,46366,269940,21318,5060910,ransom,
1718391,103830,489837,24233,8194329,ransom,
2265543,154265,719244,27239,10518291,ransom,
2296170,139361,682828,29955,10821548,ransom,
1071202,104300,504460,10578,5064051,ransom,
1144302,83983,430323,19268,5144811,ransom,
1936187,126056,619778,20339,8844953,ransom,
2444969,146438,931858,94443,9937430,ransom,
2617747,187579,915994,33390,12333366,ransom,
835843,75751,357237,18155,3922815,ransom,
1583764,98935,502018,45403,6942086,ransom,
2300402,134620,674492,26882,10668975,ransom,
1142241,95072,462476,23903,5305332,ransom,
930004,76481,366993,16640,4264728,ransom,
2355937,176491,748073,26450,11920887,ransom,
1159000,7963,100941,21397,6750157,ransom,
456366,48584,243941,25103,2129156,ransom,
2075721,54083,550956,6321,10933074,ransom,
2801224,47800,692543,2330,15026553,ransom,
2647549,45077,637616,2477,14181172,ransom,
2803354,45497,687797,2040,15043018,ransom,
2769341,44189,665638,1896,14844609,ransom,
2741514,42596,655938,1958,14683240,ransom,
2757935,44762,670273,5681,14750639,ransom,
2801020,43355,675377,2864,14978793,ransom,
2728231,43612,658307,1897,14591448,ransom,
2743899,42739,675786,1972,14744494,ransom,
2797624,43657,664283,2009,14976749,ransom,
2736680,45125,651730,1938,14651631,ransom,
2772202,45264,682669,2074,14879109,ransom,
2706520,61043,753472,6366,14395036,ransom,
2904753,141371,1540053,530,15185612,ransom,
2949540,136195,1538027,338,15578984,ransom,
2950016,135644,1535407,354,15579285,ransom,
2954357,133485,1538285,336,15613781,ransom,
2956496,132602,1534895,315,15624320,ransom,
2956044,133443,1536606,456,15607430,ransom,
2950552,134661,1533165,333,15593510,ransom,
2959121,133724,1537224,327,15638823,ransom,
2950581,133374,1531542,352,15602014,ransom,
2957780,133025,1534965,317,15633972,ransom,
2941649,133634,1531499,304,15534998,ransom,
2935720,140440,1531102,430,15471241,ransom,
2957975,134651,1527870,364,15638621,ransom,
2964694,134151,1533210,289,15637823,ransom,
2958170,133822,1533283,297,15614808,ransom,
2963801,132782,1536772,317,15657346,ransom,
2943523,131918,1525965,394,15570523,ransom,
2773795,128274,1504141,1297,14245740,ransom,
2678639,131814,1499462,1653,13287988,ransom,
2706337,130125,1528535,844,13475016,ransom,
2722789,130673,1565351,1073,13584383,ransom,
2639590,128950,1535132,746,13852117,ransom,
2648122,130403,1456410,330,13107101,ransom,
2650509,129551,1457544,353,13122298,ransom,
2737031,129605,1614474,673,13715667,ransom,
2787021,128882,1691670,780,14050828,ransom,
2793593,129284,1716646,785,14099671,ransom,
2826030,129043,1774598,781,14325539,ransom,
2846475,128824,1824965,1441,14478678,ransom,
2872518,127469,1881171,1067,14669107,ransom,
2904910,128270,1938010,998,14884935,ransom,
2882262,127138,1957127,1343,15146245,ransom,
2837724,130188,1965683,1525,14932698,ransom,
2983520,130522,2095556,1259,15433639,ransom,
2993651,128046,2111415,1220,15496509,ransom,
2997230,128622,2124772,1159,15546270,ransom,
2974218,125806,2162349,1215,15564272,ransom,
3045806,124777,2301203,1190,16080529,ransom,
2983584,125652,2173218,1292,15609712,ransom,
3025438,124944,2268429,1649,15931405,ransom,
3026976,125748,2282031,1550,15974131,ransom,
3059849,125208,2354857,1602,16224368,ransom,
2730729,127566,1857416,3663,18101405,ransom,
2728533,132365,1466985,761,15896900,ransom,
2958165,133686,1534812,336,15608565,ransom,
2967499,134420,1538903,390,15662652,ransom,
2962774,133832,1536624,360,15627601,ransom,
2864161,129444,1496716,407,15100621,ransom,
2651925,129620,1457151,375,13125422,ransom,
2652354,129498,1456421,380,13123276,ransom,
2649828,129106,1455520,350,13112417,ransom,
2645892,129505,1455075,356,13089962,ransom,
2604389,128744,1434058,563,14411864,ransom,
2789427,130177,1452613,393,14698058,ransom,
2949286,135610,1530112,323,15565218,ransom,
2777126,130678,1445748,448,14642671,ransom,
2961973,134244,1536429,340,15630509,ransom,
2965107,134249,1536187,354,15665930,ransom,
2960046,134894,1535204,311,15633303,ransom,
2964019,134997,1534843,300,15649977,ransom,
2962410,133298,1531631,343,15656034,ransom,
2963943,135953,1537205,335,15655725,ransom,
2965129,134178,1532872,332,15668790,ransom,
2825764,134896,1473670,442,14900797,ransom,
2617685,139545,1429875,469,13775808,ransom,
2960653,134286,1548417,1186,15634502,ransom,
2467206,170867,1482402,514,12891329,ransom,
2946977,137475,1542543,726,15559791,ransom,
2947820,134951,1530670,337,15556725,ransom,
2953366,134863,1532056,323,15605251,ransom,
2958257,134970,1535383,317,15620908,ransom,
2964694,133901,1541509,296,15657000,ransom,
2957849,134623,1539048,334,15624195,ransom,
2966997,133915,1540296,316,15677854,ransom,
2586620,165507,1467147,448,13538941,ransom,
2936894,133145,1525228,332,15521506,ransom,
2404092,192854,1497263,453,12485063,ransom,
2405621,199073,1502604,383,12447521,ransom,
2381379,203045,1508367,396,12324712,ransom,
2554164,172224,1514396,423,13348963,ransom,
2949691,135377,1532134,318,15577463,ransom,
2953718,134537,1529837,343,15592835,ransom,
2953704,133711,1530546,332,15606939,ransom,
2954834,133823,1535194,318,15602318,ransom,
2952306,134461,1531440,348,15595968,ransom,
2408313,183875,1469494,421,12522495,ransom,
2398281,189909,1491316,446,12441006,ransom,
2387455,196400,1498943,355,12395385,ransom,
2406446,189428,1501639,368,12489147,ransom,
2396285,182236,1487763,511,12455899,ransom,
2383024,200149,1503524,311,12328980,ransom,
2396160,193987,1504217,1111,12429416,ransom,
2494596,194245,1515277,468,12983714,ransom,
2772249,127355,1472286,552,14313166,ransom,
2649429,126486,1455693,473,13130537,ransom,
2546811,140109,1433220,988,13271964,ransom,
2439063,169550,1480881,359,12755445,ransom,
2533104,176161,1513379,440,13222622,ransom,
2582567,167331,1475066,440,13554150,ransom,
2399549,192171,1501567,382,12467985,ransom,
2394154,187952,1490295,379,12412457,ransom,
2398589,198532,1503282,332,12414409,ransom,
2394662,190165,1494392,299,12430793,ransom,
2401808,177558,1489422,401,12525286,ransom,
2684385,159060,1504854,500,14147923,ransom,
2672394,127639,1459095,524,13388934,ransom,
2472393,167711,1465003,832,12852510,ransom,
2521386,174477,1504030,326,13168046,ransom,
2436049,197714,1494880,388,12648276,ransom,
2535487,162319,1483093,338,13291126,ransom,
2433036,178883,1496348,332,12649032,ransom,
2544792,176377,1500870,346,13316049,ransom,
2416562,181992,1477610,420,12603165,ransom,
2397691,183842,1493235,399,12471752,ransom,
2406975,183675,1495158,348,12507383,ransom,
2624924,168763,1511636,384,13761490,ransom,
2715840,132130,1472010,1218,13764084,ransom,
2430206,176203,1468937,1015,12578191,ransom,
2540616,183593,1502784,374,13269486,ransom,
2440700,187542,1503139,371,12710937,ransom,
2663408,149823,1472188,392,14067793,ransom,
2400000,185131,1492102,398,12473536,ransom,
2421225,183397,1489235,362,12582876,ransom,
2471175,177576,1493847,306,12890867,ransom,
2403562,174418,1484566,312,12535068,ransom,
2399252,186160,1497761,334,12482385,ransom,
2643909,156006,1498646,431,13922361,ransom,
2699983,127697,1463748,462,13622619,ransom,
2507206,144938,1458288,1013,13013493,ransom,
2437720,175993,1498982,375,12702761,ransom,
2420823,173502,1477772,318,12636100,ransom,
2483889,169661,1492098,350,12987933,ransom,
2517398,170689,1492941,380,13184444,ransom,
2458563,187709,1504599,344,12781422,ransom,
2439572,190350,1506566,344,12654916,ransom,
2378690,201618,1495865,312,12337980,ransom,
2418847,182588,1497826,303,12584593,ransom,
2818050,142040,1502291,511,14991000,ransom,
2666934,128514,1454899,535,13365566,ransom,
2380448,186968,1470154,654,12497766,ransom,
2472533,168378,1496933,1233,12905716,ransom,
2530821,175833,1485086,517,13266494,ransom,
2412534,192028,1497871,312,12508648,ransom,
2407496,188173,1502357,293,12505831,ransom,
2431256,177801,1496106,323,12688239,ransom,
2719247,144186,1485549,515,14351347,ransom,
2402453,191699,1504085,378,12493956,ransom,
2535130,171116,1492620,324,13278871,ransom,
2675854,154332,1505166,303,14116183,ransom,
2537136,152181,1465055,545,13076669,ransom,
2592526,154380,1485881,384,13653865,ransom,
2526768,165231,1502324,282,13235772,ransom,
3382342,153906,1874290,331661,12208173,ransom,
2291980,107981,1051704,147780,8440162,ransom,
492016,18693,286688,10593,2146132,ransom,
1131612,10533,888753,208,5062137,ransom,
1744316,62975,811411,25734,7756202,ransom,
2653,381,3495,1270,9493,ransom,
1167592,46366,269940,21318,5060910,ransom,
1718391,103830,489837,24233,8194329,ransom,
2265543,154265,719244,27239,10518291,ransom,
2296170,139361,682828,29955,10821548,ransom,
1071202,104300,504460,10578,5064051,ransom,
1144302,83983,430323,19268,5144811,ransom,
1936187,126056,619778,20339,8844953,ransom,
2444969,146438,931858,94443,9937430,ransom,
2617747,187579,915994,33390,12333366,ransom,
835843,75751,357237,18155,3922815,ransom,
1583764,98935,502018,45403,6942086,ransom,
2300402,134620,674492,26882,10668975,ransom,
1142241,95072,462476,23903,5305332,ransom,
930004,76481,366993,16640,4264728,ransom,
2355937,176491,748073,26450,11920887,ransom,
1159000,7963,100941,21397,6750157,ransom,
456366,48584,243941,25103,2129156,ransom,
2075721,54083,550956,6321,10933074,ransom,
2801224,47800,692543,2330,15026553,ransom,
2647549,45077,637616,2477,14181172,ransom,
2803354,45497,687797,2040,15043018,ransom,
2769341,44189,665638,1896,14844609,ransom,
2741514,42596,655938,1958,14683240,ransom,
2757935,44762,670273,5681,14750639,ransom,
2801020,43355,675377,2864,14978793,ransom,
2728231,43612,658307,1897,14591448,ransom,
2743899,42739,675786,1972,14744494,ransom,
2797624,43657,664283,2009,14976749,ransom,
2736680,45125,651730,1938,14651631,ransom,
2772202,45264,682669,2074,14879109,ransom,
2706520,61043,753472,6366,14395036,ransom,
2904753,141371,1540053,530,15185612,ransom,
2949540,136195,1538027,338,15578984,ransom,
2950016,135644,1535407,354,15579285,ransom,
2954357,133485,1538285,336,15613781,ransom,
2956496,132602,1534895,315,15624320,ransom,
2956044,133443,1536606,456,15607430,ransom,
2950552,134661,1533165,333,15593510,ransom,
2959121,133724,1537224,327,15638823,ransom,
2950581,133374,1531542,352,15602014,ransom,
2957780,133025,1534965,317,15633972,ransom,
2941649,133634,1531499,304,15534998,ransom,
2935720,140440,1531102,430,15471241,ransom,
2957975,134651,1527870,364,15638621,ransom,
2964694,134151,1533210,289,15637823,ransom,
2958170,133822,1533283,297,15614808,ransom,
2963801,132782,1536772,317,15657346,ransom,
2943523,131918,1525965,394,15570523,ransom,
2773795,128274,1504141,1297,14245740,ransom,
2678639,131814,1499462,1653,13287988,ransom,
2706337,130125,1528535,844,13475016,ransom,
2722789,130673,1565351,1073,13584383,ransom,
2639590,128950,1535132,746,13852117,ransom,
2648122,130403,1456410,330,13107101,ransom,
2650509,129551,1457544,353,13122298,ransom,
2737031,129605,1614474,673,13715667,ransom,
2787021,128882,1691670,780,14050828,ransom,
2793593,129284,1716646,785,14099671,ransom,
2826030,129043,1774598,781,14325539,ransom,
2846475,128824,1824965,1441,14478678,ransom,
2872518,127469,1881171,1067,14669107,ransom,
2904910,128270,1938010,998,14884935,ransom,
2882262,127138,1957127,1343,15146245,ransom,
2837724,130188,1965683,1525,14932698,ransom,
2983520,130522,2095556,1259,15433639,ransom,
2993651,128046,2111415,1220,15496509,ransom,
2997230,128622,2124772,1159,15546270,ransom,
2974218,125806,2162349,1215,15564272,ransom,
3045806,124777,2301203,1190,16080529,ransom,
2983584,125652,2173218,1292,15609712,ransom,
3025438,124944,2268429,1649,15931405,ransom,
3026976,125748,2282031,1550,15974131,ransom,
3059849,125208,2354857,1602,16224368,ransom,
2730729,127566,1857416,3663,18101405,ransom,
2728533,132365,1466985,761,15896900,ransom,
2958165,133686,1534812,336,15608565,ransom,
2967499,134420,1538903,390,15662652,ransom,
2962774,133832,1536624,360,15627601,ransom,
2864161,129444,1496716,407,15100621,ransom,
2651925,129620,1457151,375,13125422,ransom,
2652354,129498,1456421,380,13123276,ransom,
2649828,129106,1455520,350,13112417,ransom,
2645892,129505,1455075,356,13089962,ransom,
2604389,128744,1434058,563,14411864,ransom,
2789427,130177,1452613,393,14698058,ransom,
2949286,135610,1530112,323,15565218,ransom,
2777126,130678,1445748,448,14642671,ransom,
2961973,134244,1536429,340,15630509,ransom,
2965107,134249,1536187,354,15665930,ransom,
2960046,134894,1535204,311,15633303,ransom,
2964019,134997,1534843,300,15649977,ransom,
2962410,133298,1531631,343,15656034,ransom,
2963943,135953,1537205,335,15655725,ransom,
2965129,134178,1532872,332,15668790,ransom,
2825764,134896,1473670,442,14900797,ransom,
2617685,139545,1429875,469,13775808,ransom,
2960653,134286,1548417,1186,15634502,ransom,
2467206,170867,1482402,514,12891329,ransom,
2946977,137475,1542543,726,15559791,ransom,
2947820,134951,1530670,337,15556725,ransom,
2953366,134863,1532056,323,15605251,ransom,
2958257,134970,1535383,317,15620908,ransom,
2964694,133901,1541509,296,15657000,ransom,
2957849,134623,1539048,334,15624195,ransom,
2966997,133915,1540296,316,15677854,ransom,
2586620,165507,1467147,448,13538941,ransom,
2936894,133145,1525228,332,15521506,ransom,
2404092,192854,1497263,453,12485063,ransom,
2405621,199073,1502604,383,12447521,ransom,
2381379,203045,1508367,396,12324712,ransom,
2554164,172224,1514396,423,13348963,ransom,
2949691,135377,1532134,318,15577463,ransom,
2953718,134537,1529837,343,15592835,ransom,
2953704,133711,1530546,332,15606939,ransom,
2954834,133823,1535194,318,15602318,ransom,
2952306,134461,1531440,348,15595968,ransom,
2408313,183875,1469494,421,12522495,ransom,
2398281,189909,1491316,446,12441006,ransom,
2387455,196400,1498943,355,12395385,ransom,
2406446,189428,1501639,368,12489147,ransom,
2396285,182236,1487763,511,12455899,ransom,
2383024,200149,1503524,311,12328980,ransom,
2396160,193987,1504217,1111,12429416,ransom,
2494596,194245,1515277,468,12983714,ransom,
2772249,127355,1472286,552,14313166,ransom,
2649429,126486,1455693,473,13130537,ransom,
2546811,140109,1433220,988,13271964,ransom,
2439063,169550,1480881,359,12755445,ransom,
2533104,176161,1513379,440,13222622,ransom,
2582567,167331,1475066,440,13554150,ransom,
2399549,192171,1501567,382,12467985,ransom,
2394154,187952,1490295,379,12412457,ransom,
2398589,198532,1503282,332,12414409,ransom,
2394662,190165,1494392,299,12430793,ransom,
2401808,177558,1489422,401,12525286,ransom,
2684385,159060,1504854,500,14147923,ransom,
2672394,127639,1459095,524,13388934,ransom,
2472393,167711,1465003,832,12852510,ransom,
2521386,174477,1504030,326,13168046,ransom,
2436049,197714,1494880,388,12648276,ransom,
2535487,162319,1483093,338,13291126,ransom,
2433036,178883,1496348,332,12649032,ransom,
2544792,176377,1500870,346,13316049,ransom,
2416562,181992,1477610,420,12603165,ransom,
2397691,183842,1493235,399,12471752,ransom,
2406975,183675,1495158,348,12507383,ransom,
2624924,168763,1511636,384,13761490,ransom,
2715840,132130,1472010,1218,13764084,ransom,
2430206,176203,1468937,1015,12578191,ransom,
2540616,183593,1502784,374,13269486,ransom,
2440700,187542,1503139,371,12710937,ransom,
2663408,149823,1472188,392,14067793,ransom,
2400000,185131,1492102,398,12473536,ransom,
2421225,183397,1489235,362,12582876,ransom,
2471175,177576,1493847,306,12890867,ransom,
2403562,174418,1484566,312,12535068,ransom,
2399252,186160,1497761,334,12482385,ransom,
2643909,156006,1498646,431,13922361,ransom,
2699983,127697,1463748,462,13622619,ransom,
2507206,144938,1458288,1013,13013493,ransom,
2437720,175993,1498982,375,12702761,ransom,
2420823,173502,1477772,318,12636100,ransom,
2483889,169661,1492098,350,12987933,ransom,
2517398,170689,1492941,380,13184444,ransom,
2458563,187709,1504599,344,12781422,ransom,
2439572,190350,1506566,344,12654916,ransom,
2378690,201618,1495865,312,12337980,ransom,
2418847,182588,1497826,303,12584593,ransom,
2818050,142040,1502291,511,14991000,ransom,
2666934,128514,1454899,535,13365566,ransom,
2380448,186968,1470154,654,12497766,ransom,
2472533,168378,1496933,1233,12905716,ransom,
2530821,175833,1485086,517,13266494,ransom,
2412534,192028,1497871,312,12508648,ransom,
2407496,188173,1502357,293,12505831,ransom,
2431256,177801,1496106,323,12688239,ransom,
2719247,144186,1485549,515,14351347,ransom,
2402453,191699,1504085,378,12493956,ransom,
2535130,171116,1492620,324,13278871,ransom,
2675854,154332,1505166,303,14116183,ransom,
2537136,152181,1465055,545,13076669,ransom,
2592526,154380,1485881,384,13653865,ransom,
2526768,165231,1502324,282,13235772,ransom,
3382342,153906,1874290,331661,12208173,ransom,
2291980,107981,1051704,147780,8440162,ransom,
492016,18693,286688,10593,2146132,ransom,
1131612,10533,888753,208,5062137,ransom,
1744316,62975,811411,25734,7756202,ransom,
2653,381,3495,1270,9493,ransom,
