c4,c5,ff24,aa24,INST_RETIRED,CPU_CLK_CYCLE,CPU_REF_CYCLE,
3203062,454167,1157507,325929,16182752,23232972,38439900,
3489131,467130,975117,330156,18355935,22570587,37570860,
3552812,408675,1206355,421822,18315442,26211658,43695540,
3879882,552667,1168373,358067,20796278,24586821,40909880,
4584649,616335,1196002,471410,21464813,30055198,50147820,
1702326,178333,960538,391398,11299395,19246569,30898360,
5414948,646373,1375554,778342,27270394,38825427,64467380,
5836526,691711,1236427,310837,32282638,28926033,48191360,
2696339,314158,920273,361218,14402060,20691166,32764780,
1878274,215509,799897,419397,8631548,17167760,28647400,
205146,23831,108952,67197,3182558,4448045,7378440,
2898669,405501,871436,371244,14181923,19156302,32054940,
4142737,558866,1114543,325622,21096403,23726146,36093320,
3023635,356475,1033164,436303,15967509,23209804,38473200,
2503654,315350,1053775,562934,14833809,26050383,39441060,
6442842,742001,1556653,541484,32643749,37236184,60366140,
5296782,596143,1257265,503844,30801376,35553284,57028000,
982998,115842,487566,237946,4380181,10728035,17376800,
3837967,464170,1467242,766979,18305511,33700876,56235840,
5124079,665318,1374115,543038,23208667,29387389,48944920,
2728352,269282,1294351,633382,16479090,31489495,50510540,
2817666,387449,858987,356798,14237940,19121663,31902960,
4346532,513580,1891048,877361,21606964,39438102,65383920,
5651642,684966,1681435,991398,27684940,51887084,79998500,
4777736,453617,1242383,567476,29204940,36240543,58207820,
3831233,561333,1144698,216758,20569376,20922055,32285080,
4305729,527973,1184393,514370,22597379,31382198,46494940,
1876959,134139,1200399,890103,8614683,30949043,49102480,
4646438,542349,1954456,977605,21729290,45658340,65232460,
5558194,712024,1555634,540824,27862360,36536346,52199140,
2560331,286808,1234904,477169,13025979,27260759,38895840,
3126050,432340,1116431,423877,16507297,23957565,34277680,
6428788,770743,2307926,1207024,27655707,63838110,91438160,
7715734,703823,2335255,1206576,45308138,74686763,102563920,
2498355,271208,907086,538124,12412858,22421506,35009200,
3594578,502468,1324933,344313,17683085,24124176,38140140,
5382098,593452,1502363,484133,26516671,34715511,50328800,
1987680,224572,962233,544560,10052723,23109220,35763060,
4289290,504706,1673388,919481,20119770,37846097,62881580,
4409462,590528,1032327,327091,20391045,24489162,37429940,
3542908,344358,1681082,832370,19737267,39073301,57843920,
6930434,732999,1471338,597397,41253914,46295172,57325620,
5622360,735697,1534813,476390,27245179,32569013,40772440,
1602685,181258,837138,362901,9724107,20038881,27831160,
1638676,201601,666490,322875,8535856,16481401,23292300,
4112367,571263,1494535,361240,21057893,27663386,38070340,
4520477,545738,1062237,345060,22769216,26121542,36510140,
3181212,324727,814975,378459,14581214,19506846,28904100,
5193389,707911,1815255,571306,26633711,37061850,44015480,
8512827,893057,1928388,876269,47682695,64584795,81060200,
1481419,153735,529603,283198,7410295,11752473,14346040,
2941156,409573,938205,365625,17271522,24078553,40164520,
5119662,696200,1498905,494051,23340117,28661660,41978720,
2815079,317596,1147461,433919,17580906,29747482,34375020,
1833604,239380,679100,330773,11382913,18532575,24077280,
6241478,875848,1629554,485522,28660463,32870739,36445620,
12241818,1594764,2470035,1034856,70427646,113971158,122975900,
20269367,3030448,2545986,1189347,108633272,163981290,169492460,
27789679,4843384,2906533,1233904,150888205,196381774,186984840,
23767965,3524549,2743456,1099144,128113467,174219853,165958860,
21809977,3521876,2888817,1075683,117731664,160861746,153208640,
24358015,3795642,2668485,1006291,135700470,168007699,159963820,
13803187,2106814,1540859,588310,74273462,80341425,75787860,
5791894,815194,1451821,629093,32927670,47378911,44787800,
20235879,2118258,2211443,1232279,109092995,131807820,125580760,
17018075,1882812,1987224,907623,90233560,106281587,101304260,
20712773,2328573,2076126,918261,110585138,124463271,118503500,
3099578,246012,1072038,391628,19122954,27840639,28152400,
6177622,809510,2109644,698389,31296658,52406174,50241260,
5562839,714115,1487117,622001,28010608,42671811,42366080,
6752486,886788,1830941,519531,33711022,40490345,38467720,
4806142,634903,1667025,577089,26378473,40038419,38979360,
4604276,574446,1211281,347307,23132649,29222274,31454760,
6297088,820371,2075287,701329,31316204,49939678,47518780,
7018640,828809,2152955,1153153,34295785,77888039,75706200,
7919884,930916,2196157,669067,44176863,63927158,60860680,
3872683,472529,1117597,459236,19947538,29658675,31058880,
400466,32540,231976,197611,1822522,8140892,10070980,
2099860,212730,970819,624161,11212843,26659623,36234820,
2371249,315779,658645,381020,11136591,17796582,23064420,
5629931,757903,1433427,402664,27240846,30692935,38416680,
2120396,226494,932894,364430,12579472,20091970,27126520,
1180259,93721,861663,597276,8149359,21908399,34998480,
6378513,817770,1837295,950478,28672027,57778032,87914680,
5503532,614454,1486567,580207,33396260,44496855,63283360,
5283103,676413,1664311,638551,26160768,35597202,47633480,
5234812,694078,1287934,382797,25756974,31008073,38879960,
1758815,191795,872522,331822,10923687,18207480,24790220,
4575620,542453,1878056,899349,20543516,44448780,57043800,
4486198,594491,1309410,513914,22463007,32301471,41289640,
2192665,235070,1017358,429705,11629272,20727698,29252980,
3923324,517580,1381575,543729,19962169,32997540,41887700,
5761379,689848,1550892,605194,28466321,36876498,45184240,
5033235,480868,1336371,665050,30117436,45364357,53986120,
1848756,240673,653284,285884,9652265,17511890,21081140,
5550472,775621,1286182,281357,26104728,26810673,31631120,
2837374,307973,1368423,561196,17062944,31950532,41295980,
124979,16935,72832,46362,665644,1972748,3142780,
5256451,704398,1756823,572447,25042415,33481779,44642840,
4390387,561445,1155431,387334,22100943,29683413,40043680,
1883533,206957,936694,532863,10717095,23469154,36418880,
6481510,728207,1469932,640844,34776381,43515411,66688720,
4921922,648041,999962,212647,25353670,22799352,33439320,
2965955,318776,1370544,536981,15511708,30132377,45060180,
726948,88225,364095,186992,4147296,8237832,13657600,
452200,51694,206717,123963,2972739,5580436,8956900,
2861438,379434,878648,336202,13504943,18642228,30978560,
3684398,514285,885599,175802,18463447,17890733,29796840,
3581202,411833,1533736,663835,20548032,34654291,52999320,
4422085,424054,1151284,683509,23213760,35419937,54042980,
5111434,635178,1286517,300262,28473456,27783861,46238440,
3988883,498525,1020810,381679,21185318,25601954,42630420,
1490464,177571,722563,346071,8516333,16264644,27024160,
4852536,636416,1577352,552986,23929294,32936551,51873780,
3957626,522763,872619,247187,20452527,20837396,34497260,
1796821,196072,852537,371653,9556021,17065063,27063840,
3059543,413872,1021493,455572,16819514,22679664,37859680,
4476822,599324,1524827,567885,20732979,35737957,55289800,
6399240,677951,1385780,528417,36702441,47073878,69195040,
3515686,423150,1403386,667845,20600189,37753076,55173080,
4137874,580044,1211623,231802,19692766,21830966,31178480,
4535958,552387,1397447,569409,23742542,34882810,48624700,
146698,22250,113371,73130,803361,2734238,4466640,
4666514,621876,1467811,480937,23158501,28975322,47161200,
4117280,521337,970127,214642,20587215,20943902,31553380,
1109490,129500,494129,236305,6205613,10706430,16625640,
3272181,347471,1337284,806555,16959706,33442555,50055740,
3075166,218978,371529,164604,21623871,17051365,23685920,
3703188,490948,1188702,456034,18364435,25743398,41424000,
3398034,458515,924886,251171,17840402,20302787,33877120,
3066727,370279,1011309,364119,17319999,23905243,36983880,
3728236,500035,1226162,555294,17942632,28938540,43011580,
4129502,582517,885903,194919,20455805,20172302,31105220,
3521179,297156,1749769,1018529,16917207,38333422,61294140,
499122,59469,422651,232950,3908033,7634303,12679880,
2891264,265480,687289,509867,14753212,23890810,39810860,
5161673,562685,1205686,473638,31334488,34978727,58297860,
3667297,511887,862672,173217,17561163,16789643,28016800,
3483908,359255,1442318,721250,19025425,35286717,58792520,
2179840,265905,763398,368078,10861757,18377625,30663280,
2946747,434025,1080034,227849,15061470,19311181,32171780,
4763161,550264,1352581,599442,23197332,34346518,57226760,
1276162,151081,662076,302347,7140850,14144024,23539780,
4001017,536344,1266897,458010,20633316,27460696,45794580,
4875475,620055,1431770,594955,24369562,30536148,50621080,
5408340,507111,1451412,513974,32600678,38856133,60400160,
4608818,614533,1586752,679589,22934644,38651154,43700900,
4736333,616118,1165528,289766,24650714,26581833,28302160,
1534159,176477,633622,360858,8894743,16490873,22541280,
1981331,222793,890814,445080,11126084,22277399,34204820,
3779638,548140,1035413,159289,18029025,16945960,25120060,
4088388,498651,1086889,419488,20655145,27562851,39177820,
1324964,157662,887485,424198,9433395,18897846,27357160,
5391767,714464,1437287,735502,26575091,47190278,68050340,
5168368,583060,1477789,427807,30777967,38724625,55265520,
3751448,469752,1040300,400218,21145151,26880981,36850700,
3867085,512768,1251897,522306,18573238,28470933,40771340,
4463897,616146,974225,244478,23181388,23169650,32481240,
1959800,207977,959367,381792,11051868,20463804,29879400,
2468782,279117,1043132,538100,13437513,24132232,39410060,
4399621,613895,1217592,229045,21024118,22010291,30324280,
5773731,696872,1822196,869681,28957352,49474232,69290420,
5590359,719619,1372335,403901,29855949,40303396,55970260,
4721767,574684,1170710,343895,25872676,30042722,39339960,
2702972,283000,1206647,723205,13258379,31139789,46196260,
4920856,700056,1170987,233926,23359484,23844987,26602420,
4179033,452223,1671760,854397,22263917,45174679,52726820,
181989,21617,105848,64552,1999260,3986481,5674860,
4845475,658175,1545432,405221,23878337,30995647,38751200,
4891758,586631,1396736,590122,25088156,40824192,49288820,
2026789,226690,853955,525527,11880184,22197346,34136840,
6986416,828922,1686715,788240,38190658,58014172,71968140,
5430772,717974,1396703,488219,26983438,34905976,41060120,
2212418,238170,913624,403131,12631342,21683114,27762760,
3285539,390352,1225606,723737,15650495,34053196,39632920,
4979546,692462,1176416,249547,23796985,24685055,30764860,
3586204,347533,1653138,903785,17376004,39211346,52633300,
299889,39219,162587,110258,2649010,5619862,8149560,
3751621,517549,1099479,316643,19257766,22966746,35219600,
6416555,841730,1645801,842115,29263073,46166633,65570400,
4723925,398698,1328455,512702,30360839,40496707,58705300,
2086700,254122,756806,454934,9447959,17067807,27992200,
523561,37960,346271,264124,4345520,10298884,17067160,
3015581,410672,874464,295401,15679291,19956172,33266440,
2660188,356512,1487267,558687,12022092,28871504,38497460,
2934326,409559,787207,205637,15273443,22165401,29552580,
2973967,316564,1407015,571068,14677431,28461713,37175780,
1025209,93434,567212,255363,5623305,11624484,14925980,
9203211,1012171,2062361,678923,49695111,59358728,67891460,
5589056,664964,1581886,620763,28906948,40189761,52216500,
862210,102457,366812,187346,4500257,9185584,12210960,
4065141,428929,1455158,655242,19512301,33614719,54301000,
3729884,481448,1489061,346331,17946320,25830327,37475600,
4014699,506467,1113026,452573,22701425,29779348,42254540,
2405154,286447,853741,431007,11697992,20054151,29304780,
3661793,520652,1324108,295341,19441311,22956621,33279100,
6688155,739625,1564884,783544,34240451,45939606,69741440,
2454913,205963,635923,265856,15908251,19760428,26402260,
3789455,523202,1173537,354374,19104729,24186246,35810280,
5002807,631586,1255785,442595,23583212,28209154,43080860,
1858759,209477,907352,417458,10769205,19953922,29927940,
3100072,422093,965059,362287,15567701,21001406,32414760,
4243602,566022,1117254,290010,20081564,21845575,35799420,
2673261,298026,976286,364508,15164153,22510101,35976880,
2789020,316505,1073498,674443,12858801,24457012,40812120,
3102076,234641,420145,193980,22629904,18211176,30335440,
2425770,339583,673972,250469,11952185,14698356,24536920,
3891400,503223,1279751,370559,19885681,25298077,42129440,
3270245,408027,936722,330744,17068328,21136429,35193560,
2153902,239443,900510,460945,10371263,20655825,34494560,
4058474,579195,1218049,270103,18984532,19636746,32693960,
3709514,458940,897261,297939,20881055,23747341,39645360,
1712220,207082,763372,386750,8115996,17995152,29023760,
5127737,641389,1580723,753888,24831860,36900059,57395020,
7426291,824578,1503508,514459,42491323,42964864,71359640,
2136877,230094,932590,332265,12830424,19818816,30918660,
2953473,404185,905104,371655,15925361,20277183,33829380,
4550051,610144,1292730,416652,20951277,24403338,40160120,
2777522,314858,965191,351068,15916757,21559378,32118380,
2810484,358710,1012790,520505,13493469,24411130,35824900,
3620532,511407,1258889,271687,17952040,22482479,34724860,
3836249,420531,1384568,736631,19542157,32623050,54289600,
5031867,488059,1988347,1416959,23393902,60742416,96686340,
7221622,785137,2172809,837998,40059781,52313492,65867200,
4826505,592887,1333039,527975,23947996,33582498,45445180,
515050,60925,286637,133106,3652764,7421637,10477660,
3413279,429591,1293848,662890,17564813,32576122,52320020,
4911496,659691,1370602,472008,22222327,28121198,43260600,
2556522,275590,1100723,409283,15716422,25458017,38088080,
2187030,274374,822017,453990,10387837,22409419,33352980,
5270683,605851,1937239,878606,26770633,46631144,71731920,
6792796,700631,1269165,373263,40917720,38539317,58357040,
2707750,247724,1533457,1020340,13120844,39413354,61756260,
3746583,533958,1154668,325248,18739207,23192593,38167820,
4745241,607095,1217325,415372,24955755,30305412,43271240,
1577528,182350,784497,320300,8733094,17674988,23388240,
2850849,397357,980680,355162,14456097,21221327,35411200,
4142900,553072,1218737,356234,19314543,24176818,38062060,
3002321,359254,1090107,418147,18336580,26371627,37492140,
4357789,443576,1226471,755891,20893618,40378162,59336260,
6123156,763984,1741472,502287,34501627,44297706,67860380,
4224019,536056,1040713,356730,24798626,27989572,39939260,
1695116,201837,753975,387302,7965408,16397877,25943680,
5005475,699136,1463903,353190,24698352,27801064,35022740,
4218033,513927,1149140,471401,21512296,29339563,43480300,
645270,69515,288115,137557,2705153,5697694,9336440,
883020,106981,452890,235588,7281057,13166605,20676000,
1112828,108435,687577,411768,5813360,13919123,23238480,
6727163,775362,1611518,613873,34648496,41101012,57539140,
5768376,647631,1224242,355733,33098047,34397064,45895540,
1909442,221175,807537,415346,8754325,17101533,23208000,
3076324,424362,959163,373960,16591048,22010314,36631740,
4441961,593322,1171026,357341,21609165,23909834,39849620,
2828314,314471,1044437,409887,15794238,22722823,35517640,
1950499,251179,695743,359322,10725930,17577303,29206300,
3923592,533246,1297028,298778,18796496,22459504,37400040,
4496942,513853,1161634,575013,23121829,32513693,50902140,
4988954,469109,1302261,614698,29838281,37663167,57665040,
2939711,416620,1113234,375680,15572417,24579837,38009980,
2926256,383911,1185034,304110,15300769,22669336,34849340,
4539708,545897,1326446,538082,22155141,29424659,43221300,
3159602,441397,968909,325729,16469942,19404149,30127360,
4969036,661727,1146389,356420,23004991,24851245,36098780,
1790427,186461,906946,341709,10456768,18923829,28262820,
635575,76391,482211,273121,4577292,8500588,14155620,
3971567,366780,867669,533849,20574935,28062650,46696480,
3811562,444317,848917,283081,22213693,21566401,35956560,
3010682,411715,1325012,365705,14789660,23666587,39432020,
3502688,428535,782196,275885,18042342,18966502,30495380,
2023521,247867,875024,443826,12644907,22319369,36488500,
4629970,621161,1509749,414356,22057161,26142094,43462740,
4184284,481331,1288554,673726,21238933,35127135,56023120,
1805554,213361,871613,505309,8428906,19689616,32269300,
4043585,542387,1314598,479058,19520381,27702263,46028540,
5041016,632916,1319810,590488,25493886,34296714,55247060,
5264092,486041,1593877,735383,30874594,50336187,77473420,
3956271,481152,1172303,476310,22679344,31131941,40511340,
4899728,651968,1163519,361810,22684542,26668490,38226820,
2375641,255076,1142491,476452,14091498,24101713,35421920,
1462352,167978,672716,356239,7752157,16923215,26554400,
4641442,599300,1737191,680562,21685848,35205337,54141940,
3988764,500350,999871,309828,21273548,25023660,36647240,
1977360,204103,917004,563000,9198377,21103465,32626300,
4682508,614380,1655290,811770,23615146,38888856,64835640,
6826472,767728,1203849,373666,39474822,39346197,60502980,
3508859,369264,1627193,772935,17161182,38528803,56784920,
3353731,459715,1097670,465253,17654124,27913404,40355280,
4886924,668255,1155008,368773,22558859,27573301,39419240,
2433168,249607,1128184,457217,14089152,24599221,35604940,
1779861,215942,684484,350148,9210938,17393425,29023120,
4658307,619709,1627086,489871,23284238,31280227,49392360,
3772853,468754,1086795,430005,21057591,28353641,40945900,
3547676,381598,1032387,677222,17105683,31397646,48449780,
5986894,686683,1496612,472218,35097928,37545010,57660960,
3981655,523871,943831,246096,19507619,21706254,32584000,
2321658,261241,1076206,489867,12731209,25193864,38360520,
3052712,423579,947170,336607,15394749,20942886,32212160,
6977269,798703,1262107,355758,33650988,34177403,47137840,
5854210,490010,1367461,443926,31786930,37923892,50421140,
5084129,370674,584094,155030,26521850,21953254,27157080,
4889407,365587,1026110,445609,25291492,26413393,31033040,
11939382,1115372,1958692,694723,64265327,70444225,70437800,
10144917,1006472,1810455,471828,52531476,54889675,52575720,
6639430,493390,1051428,322769,34027488,37510991,35644240,
1163426,120010,429756,241075,6933225,12663920,19493320,
5011811,689586,1460289,359942,23318562,25868891,34770380,
3654825,451802,874560,334747,19889989,21874064,33321620,
532907,64126,299217,170357,3483503,7910916,13177440,
1201000,136136,462713,223629,6629556,11569224,19250520,
3625599,419967,1032136,625144,18100727,28243144,40498860,
7917867,886172,1869734,518188,44361480,44117181,58074380,
3097169,372704,1047656,395195,16572675,23993339,32787800,
587135,73211,253642,159697,3990421,7845334,11501300,
4769335,636973,1516602,459637,22862660,29018754,46109040,
3946142,492489,875867,269598,20086123,21581967,31306180,
1767118,205026,730747,391410,8457381,15049286,23887600,
700636,84530,329363,183073,4028697,7870297,13117320,
317064,31925,379230,229039,2588844,6928060,11629400,
4189534,414935,924984,614078,21651937,33274279,53155740,
2847625,288868,454065,180178,19073029,16573662,27319260,
4499166,586344,1469594,396561,20474055,23806932,36918780,
3907090,482636,1020275,387052,21307153,25502651,37410940,
366776,48179,197602,123116,2279686,5465710,9181160,
4397716,593403,1463974,479716,23412028,31479908,52386560,
3740743,514193,780413,214308,17919070,18842153,31401280,
2547535,274291,1176917,466324,13181603,25330296,40740900,
3046873,397605,1118419,566680,15602620,25626240,42232320,
6316485,680898,1368612,365805,35694108,33073796,55117400,
4632095,532625,1254912,518876,25429843,33557844,52716720,
2172409,281313,836278,402301,11573544,19610440,28944380,
4617567,612615,1476103,406314,22601290,26242406,42937140,
4116608,500629,1097523,446870,21367313,26919077,39444460,
570364,71912,342219,216054,3984531,8989594,14596920,
4972274,660103,1554737,477418,24241718,29655067,45591920,
3584787,400201,1125378,497920,18168936,27729016,40578340,
4595919,461226,1369974,782286,24466154,42455596,63845740,
5021832,374104,1662699,1060357,28564418,52442103,78145460,
2505674,168703,1440332,783198,12032131,35682655,55935780,
5152320,628541,1334840,428064,25320758,29257184,41323760,
3590242,470635,1460461,635473,18808152,35501474,47376280,
5267959,686292,1567330,393214,25395914,32702842,43574440,
4215154,474253,1586489,640460,21036499,39947324,49289820,
884698,84221,347264,93910,4653175,9325273,11168240,
6440025,791911,2004995,894002,30754973,50790004,69782580,
8310717,874440,1461154,436560,46597278,43710583,58334080,
1535798,191126,573347,323250,7971316,14801669,21574920,
2715275,245542,987875,387501,15116244,21682739,34260480,
148329,21041,96980,68260,759484,2383595,4006180,
4407514,579465,1316477,405153,20758898,23575301,39292560,
3720371,484275,802041,191736,18357221,17587291,29311780,
1894076,217660,824224,439155,10484378,19051343,28988680,
2691175,367591,1100939,507634,14904979,25316168,40852160,
5459662,612683,1615428,554533,27315251,36799440,61308660,
5800621,635085,1264704,441460,32695606,33772147,56247960,
3312993,450966,1132455,563195,17788249,27382095,43925640,
3661273,485614,1100150,212046,17626552,18760310,28855460,
4202759,507800,1339162,577985,22147708,32667469,46195480,
271389,37426,140057,89749,1615551,3616902,5812320,
4622459,622238,1479026,494011,23025533,28620370,47652480,
3656772,492817,761446,196906,17844762,18466496,30839100,
3263337,352230,1347688,748511,17580226,32933452,53483620,
6493104,727756,1563789,642877,36387122,45083223,74482220,
2665990,354448,1066403,206203,13706835,17947142,29863500,
4006889,483212,1161268,444851,20561759,28778535,44609280,
2879532,394022,976410,477795,15893063,24099785,35778460,
3588821,480983,1079663,181422,17441450,17729938,26904980,
4367220,527879,1307378,565064,21723465,31012151,46306520,
228806,28561,144559,85678,3125658,5003065,8081700,
3973531,538071,1531710,620549,19588023,30335809,48644560,
4051169,544925,1380867,601858,20363203,37720959,60975320,
5759488,605685,1116159,363702,34549296,42902010,63658020,
5750061,732718,1955615,795016,30164708,47473564,67745180,
4213734,569809,911534,198859,20253806,19475647,27287220,
2741032,308647,1173198,540544,15206198,26114128,39578340,
1528543,187807,604120,302575,8933490,15538137,23395260,
4005611,565013,1120130,181239,19073464,18465938,28444180,
4665390,560983,1365750,589864,23287767,33304345,43887560,
264709,26456,296905,173086,3978689,6547839,10580580,
6652817,794784,1879996,866587,32196780,44866273,73497620,
6028845,698534,1239312,342191,34235667,34627721,48185880,
1889292,205697,854250,350365,10088576,17474059,25531840,
3453103,462497,1179507,521494,17096592,27085159,45175300,
2198291,313269,1136085,211651,10689859,17483206,27387560,
3715787,457516,995291,274347,18303032,23903560,33228740,
3262213,389560,1394914,768806,18436170,38557871,53991220,
3863482,547697,1077013,192789,18610255,19102541,24675380,
5067795,578457,1883743,1013425,26676794,53192218,70390520,
3353163,331718,834724,617347,17299710,29510253,47702020,
5393056,618983,1355246,444475,30983770,34197877,52103040,
4468778,585198,1013730,315657,21314098,23578714,31478960,
2125785,228708,973960,415621,11191368,18901518,28420100,
1856363,194839,879132,546403,9573608,23287084,36802500,
42890,5423,31923,22166,1278019,1589279,2611320,
2794502,396818,1011158,342477,13456622,20585699,31584720,
3061359,392573,1222404,327753,14428497,20929470,33930140,
4691242,574553,1270035,615661,23753320,31939126,50051720,
4816910,428038,1120410,568474,30597830,33471390,55213060,
25679,3991,23948,16796,218847,696146,1086440,
2899322,400237,929966,319575,16432547,21212785,35421440,
4449643,616380,1106296,317972,20524247,22495190,37458400,
2592838,270692,1047659,414962,13903331,20904054,34806600,
3491925,463398,1143584,497496,16755662,25422937,42393260,
2474528,346251,1159455,240758,13726621,20786604,34665980,
3376514,424192,760600,242678,17128396,20648949,32684420,
5120833,681914,1812007,913607,26074978,49194653,76014240,
4830093,575218,1311045,331146,27641109,35529140,53859920,
4954530,574115,1303850,569906,27557293,34996166,49930420,
544654,68793,310484,160228,2990696,7336837,11334220,
3968845,550682,1158329,289190,20381161,22115903,33831700,
4610507,569293,1160717,401831,22866054,26153526,39174140,
1299526,151997,534167,281378,6520940,11833849,18488320,
3636368,464186,1191916,504149,18494428,26818280,44730900,
3016175,421377,1028906,245841,15143725,18663785,28982580,
4603801,556304,1276022,632978,23370781,38805820,57069300,
5334202,534186,1463434,680972,32625086,43746538,69007240,
2529349,393611,1032340,210914,11977386,17306411,27763820,
4524470,596644,1138781,412310,21822648,27609666,40667100,
2740647,309822,1349487,503258,15444602,30421049,45632460,
6897263,923943,1534937,483954,36765177,39673301,56673880,
7861347,997929,1645595,573713,41402982,46854923,66132220,
4123241,556481,1224071,558572,22060571,31949681,48188640,
5979275,767018,1595917,742090,30452884,40046781,58074280,
4657180,598708,1410092,534384,22172653,38221963,58349580,
4981817,528289,935352,298077,29942970,34252341,49201780,
2551166,297063,1128626,604627,14885963,26227991,40764320,
59891,10087,51262,28155,282658,1131503,1535540,
2985273,400382,931466,381506,15162978,21543355,33347420,
4335457,607241,1037937,249825,20336037,20968855,32228680,
2253301,237635,893854,330326,13131836,18196244,28777380,
1895589,211930,820112,418328,9258710,18844724,31442340,
3895020,554530,1257966,304018,19185781,20179124,33634500,
5620566,743120,1220489,681903,26671142,43258628,70413040,
4438015,412303,1265535,522548,29705921,37926404,59644520,
3050271,440719,1277817,358318,15281163,25425536,37569440,
4331262,575198,1302325,408326,20197790,26406905,40272880,
2600295,274142,971644,408053,13865500,21828971,33270020,
1058482,122416,447501,244645,5415615,9876606,16495360,
694389,78838,316494,180705,4432208,7614833,12656920,
3211178,443572,877802,212746,15787973,16315463,27253460,
4756117,626882,1104804,400560,23031559,26186444,43600920,
1875908,202825,937295,359847,11496507,19516636,32494040,
2953421,408230,1008968,447970,14513282,23706923,39545480,
3705163,473244,1242733,319019,19816567,23386668,38977620,
4526960,537990,1389466,643524,23568992,34106715,53882040,
5058167,488006,1243434,636893,28533820,36787782,61280280,
3875354,548945,1082456,176452,19202246,18213236,30322520,
4164793,520297,1072366,438376,23148877,29663606,46680840,
1209459,142828,561337,267719,5574040,12074724,19314060,
4469852,622050,1433324,467876,24290382,32565993,49617540,
6656074,808851,1972200,695114,32930927,50136711,55784120,
2331787,247091,715741,290984,13432969,20075150,20567940,
5556939,707034,1857075,701834,28114785,43274718,51148320,
8303090,928588,1827198,743305,40720404,55505600,64931680,
3460262,316821,875760,402675,21514023,28739425,30597020,
2116171,234247,824511,474800,9836257,20721955,23685280,
193336,22505,106275,72605,2926221,4574944,5148660,
2691001,369680,765737,303716,15232343,18424155,27632300,
4842484,655786,1140708,327102,22505516,23769661,33956560,
2030228,222452,881887,338349,11416949,17204902,26327380,
1712217,191495,662362,342573,8116458,16356761,27269540,
3752757,530752,1456204,617003,18800361,31169398,52052140,
6737795,772316,1195446,497011,36579565,36912961,61273300,
3501164,346255,1401168,582841,20806444,31274390,48875820,
3761165,522108,1186868,342315,18755134,23358786,38931220,
4787651,616356,1234223,414901,23653912,28045501,43223780,
1366842,145645,625212,261456,8148116,13018017,19333480,
2775014,387153,919127,411338,15949458,22827587,37289720,
4052793,516685,1380561,406497,20606461,26022522,41859020,
3553084,437633,1117910,445479,18895833,26042996,39804780,
3597670,400845,1326513,797896,18503252,41228281,58165760,
6416428,759252,1411361,324775,35718639,31838053,51938880,
4064515,494192,1046040,358298,20684327,25038789,38376540,
1497714,174951,625781,333105,6977508,13532993,22204920,
656721,72308,321840,184100,6085084,9299304,15497560,
1803004,204933,660995,355543,8397432,14830979,24786380,
3553270,506112,1086483,185958,17992083,18341382,30535340,
3329827,419127,780993,255093,16779007,20392623,34022220,
2939817,330081,1253076,708276,15850670,28555990,47617160,
6827808,802584,1556222,516502,36328517,39585884,65940780,
5233905,599632,1268076,409725,27446015,30147183,47082420,
1332150,163644,539613,289784,6886260,12781367,20394860,
1144468,133681,531178,288593,6981298,13424722,22339960,
1079396,115695,424273,239022,5511777,9203202,15389760,
3607581,498639,1028465,271505,19150546,20581259,34280820,
4320729,552094,1047345,333809,20805897,22418591,37455040,
1359899,157053,603537,280119,7223468,12852720,21297280,
3439996,446529,1211632,596363,17526512,27334008,45639580,
6606921,709530,1699485,565659,35814509,39941467,66548160,
3824034,455053,911561,359173,22373309,25175380,40519760,
1974895,229399,899145,450409,10467142,21385140,35545840,
3923418,546741,1223503,301485,18050514,22122344,36774060,
3948366,491446,972109,307219,19619805,22119739,35463080,
2117184,250444,954413,515655,11142783,20560066,33648440,
886864,101967,390795,186335,4790482,9508898,15317600,
2451484,322627,745980,299415,12668225,18683196,26841440,
6261317,796466,1900580,657642,29069107,43499474,62081420,
6278427,650665,1494458,543139,38197756,45177943,64448980,
1606534,170842,617030,292939,7820644,14511470,20786440,
4414864,590838,1390469,420800,22400332,29712015,44754240,
4754362,582984,1113401,326900,23912997,27230884,38770220,
1640427,198346,736344,355178,8588941,18265248,27868480,
4677006,547172,1559964,493043,22930776,31859094,49990940,
3195682,424359,1387566,468590,16570735,26131552,42324140,
4009053,472076,1169243,514166,22232991,30731336,45403060,
5414340,551114,1334058,725598,30292743,44212189,61642540,
4728733,587028,1498174,449551,24542035,29773143,48940240,
4150862,519494,1034090,372815,23618812,27870911,40047820,
1536324,179687,711675,397944,6741220,13477963,21214520,
4274437,585839,1337950,389257,22400618,28434053,40434160,
4052834,509126,974508,256900,20383477,22006045,30895000,
1816238,214103,781646,411431,9961927,20388132,28071560,
3573767,495585,1179602,489132,17353715,25284586,37620540,
5309690,698356,1559465,619449,25084154,37078005,53582880,
5519273,518827,1419857,605827,32105444,41971842,60667380,
3029719,385474,854099,411042,18434912,25930080,32396200,
4236766,547135,1546992,417981,21541506,29681651,41989480,
3778318,471657,1076158,405790,19635988,26065281,38502520,
1033704,120590,480453,261630,5339495,11467047,19194960,
3905180,540330,1202228,343653,21431256,25706613,41751380,
4068140,524746,914707,215839,20310049,20043795,30792420,
2150480,253902,1048429,487178,11555310,26368400,39197520,
3634181,511093,1292360,634712,19387406,30700916,51231680,
6277902,750076,1686286,579773,33423240,42887921,67209140,
4808332,549916,1210479,467995,26856889,31198521,47419160,
1782746,234527,679794,321345,9522088,15859716,24581280,
3735805,511927,1424401,358892,17786154,24314209,36799420,
3540172,452713,928231,276775,17873962,22037613,31133820,
1714097,215971,796313,412221,8405337,18516942,28946200,
997876,110754,408981,216192,7442710,11031491,18038980,
621476,60039,345131,201775,3000936,9006489,14987920,
5083816,661138,1595533,707055,25456812,35458825,59132040,
7092827,784117,1194257,446211,42144493,40726978,67861460,
2503746,262650,1070060,426579,13351957,23076490,30469760,
3906115,523066,1225183,412629,19113864,25859422,38124880,
3447713,484263,744830,201472,16452761,17353848,28371060,
3001890,320335,1231754,492363,15627112,26039371,41432460,
4427851,610735,1411756,444130,23524171,31791509,32647900,
4494424,570118,1145396,383108,24478474,29721021,33767120,
4927792,672791,1668830,511829,24757143,33554994,42351720,
6704986,740154,1510816,719855,34185470,46071158,57841520,
2981838,267212,773590,356332,17948851,22247393,25952800,
859859,91195,355515,226925,5691442,10023464,14605420,
3453574,481476,1210848,345435,16354206,24215986,30459180,
4891708,615973,1207691,320693,24941493,26252732,33018980,
2959998,394041,1048719,546480,15833248,25687184,34622580,
5078190,679501,1394259,341643,24290842,26647680,36750380,
2687497,315478,964830,368454,15180337,20615111,29587440,
3076999,300257,869134,626046,14225306,28293484,43335120,
2973096,254176,700626,313767,19652762,22888640,36388440,
1352165,168217,452343,246843,8754800,12419142,20580640,
4099948,558580,1391549,340747,18914323,23173696,38622760,
3964212,492377,949141,341885,20614449,23892394,39840060,
1294269,156396,583388,326755,6378238,13567473,21707780,
4208585,568386,1375976,423293,21332679,28366161,47137760,
4046559,545152,886319,252740,19629579,21801729,34364340,
3842675,413431,1612430,882041,19127330,42002317,61705020,
4483163,390630,863518,443551,27519677,31853601,42087240,
1127332,126210,467381,270798,6472852,14343367,17539540,
4463420,585607,1384606,420785,22404838,30444903,39915800,
3946728,499409,966507,261492,21057624,22575427,31681700,
1738284,199204,735282,411083,9986059,17323272,25538400,
3168907,422512,986254,417079,15589549,20976727,34088820,
3482529,458547,1093685,298875,17700297,21415436,35743660,
3534710,435558,1333114,540049,19153572,28800939,47083560,
4837386,454073,1494201,900531,27165545,48336346,79059340,
5480755,654965,1370753,422606,29431050,31442786,52294480,
3628297,465279,828382,320647,17426363,22313051,34879680,
1873295,207755,878881,398062,10414490,19863374,30025840,
4144148,549067,1399679,535055,20676151,32462196,50512960,
3258663,444226,818517,231194,15674066,18293014,27448900,
3371063,381587,1253308,504748,18317123,30614462,42354940,
3516915,460293,1089990,484965,16838750,26499776,38841720,
3451012,448367,1689113,725215,17951341,35631247,54109520,
6831922,857175,1611700,797069,34154992,52360612,74170520,
3966683,364734,1286231,624132,25497396,40461796,57899100,
4915083,675846,1577479,480424,23683303,31246590,41341440,
4321992,508502,1305365,574016,23721572,35335196,47571100,
95509,13131,66864,45221,442259,1820733,2898240,
4982541,639341,1776239,668355,25542624,44367769,59883800,
4516232,576489,1119913,334134,23904983,28242156,37665420,
1786316,215217,790000,434408,9480813,21989925,30349240,
3806050,497682,1415160,723087,18882475,31917172,52671500,
4792247,610315,1350584,412296,24720884,36757275,54181800,
5423654,603517,1216014,418696,29523244,34943782,49941480,
1685198,203703,774606,398625,10571429,18980258,30842080,
522601,59466,227105,131258,2128427,4815058,7723140,
2837040,384399,893147,371047,14502431,19422562,30534460,
3238129,430539,947632,183195,15737131,16641986,25603100,
4199891,507583,1411964,573145,21751116,34140880,47176120,
1233654,138668,570976,279737,7363346,13532252,22373100,
3419557,488632,1122814,331809,17652402,21307539,35514280,
6229794,749989,1442717,728932,28870627,39537958,63349620,
4183283,398154,1208893,426022,29678520,33092895,50929240,
3298404,484863,1085649,427935,32105722,47199952,67335300,
2914556,409348,1035680,247413,17595560,23177438,32939440,
4191890,520117,1165367,480129,21028683,27684346,39788220,
1158837,134672,509756,283591,5832838,11544046,17873000,
78421,12152,69140,50115,383849,1496687,2473620,
955334,96086,344677,211296,4041437,6466575,10031500,
2953509,243966,724799,294545,13993255,17368197,27199120,
8130871,594858,785680,429275,37449890,30715969,51088100,
5861713,596981,681661,272787,30972766,24635795,40909780,
4978903,513967,205322,69999,24374570,15387703,25646240,
6436703,836383,1110710,501075,32171338,33634014,52427900,
6632520,839096,1302115,286628,34831735,31070255,51118780,
7417638,902236,1184945,357604,37327000,33653287,52400840,
7363500,931650,1663031,730889,38568749,46921283,72233100,
7294683,896144,1498579,377928,37747399,36538921,51960920,
8208239,963867,1782183,723085,41588907,54476621,73000160,
6354373,766362,1500228,830871,32844346,49700926,62598180,
8923994,1019616,1711487,421329,50244382,47438065,49877980,
2650215,278241,1218486,525711,13845293,28068328,34490500,
429163,54939,239237,135065,3454978,6922811,10521840,
4699499,618906,1430233,467831,23369468,29456447,41194940,
4420407,555098,1137212,348066,22219702,26832887,33549580,
1307444,149734,526194,297675,7552479,14857095,19075120,
3414400,465929,1184336,530369,16529866,28589309,40171620,
3702716,497259,1369949,453432,21081673,29209894,41790120,
6299503,739194,1502316,695533,32484017,50991937,68135660,
3492995,360348,923406,468516,23421499,29983340,38109160,
4023342,554377,1247785,238272,20040556,22366545,29728560,
5692462,599010,2170188,1242557,27621984,59604669,76131440,
758253,8781,671625,607688,3922417,18234051,29647720,
5306962,640522,1972040,906086,24757657,43397157,55363320,
4512442,563745,1224055,373166,24407739,30053835,37531580,
1225504,153695,514578,292537,6373898,12287716,16858840,
5242711,635483,1761184,914371,26661251,48171832,67963780,
6245925,688085,1155596,263013,36427578,31297102,44153600,
3598348,418436,1250890,540060,19643983,31135397,42916740,
1575851,175198,721011,360355,9824552,18134714,28144520,
3794359,533284,1109106,279464,17774006,20789183,30287500,
5213315,617584,1546026,678265,26543033,38935903,53931840,
1093389,133561,462818,285733,6575816,13491795,20919860,
4191938,567084,1309458,461286,21790508,27799071,41723820,
4969958,635128,1372403,557754,24667596,32375268,46276980,
6848347,708983,1479333,570897,38488768,41546274,59529760,
5245386,681592,1486586,503951,26571566,35481007,47383980,
1975440,211793,725190,250386,12572818,16420636,21463920,
4350752,582571,1375306,418170,21125900,27671450,35167160,
4982003,612510,1335930,471635,26138592,32923953,40150740,
807162,109525,393509,183816,4407198,9911998,12324800,
4094292,532544,1391453,678624,21074490,36152679,49347420,
3520290,464602,1246372,323699,18310224,21651279,28920140,
7481192,796577,1835196,874128,39912252,58530189,73783120,
5662850,706142,1567622,446554,30393824,35006211,43360100,
3439220,428883,828733,302190,17842796,20176035,26662180,
2355623,288204,789902,431196,11895017,20364599,29173040,
3771901,514327,1162721,209715,21028795,22247688,27835340,
4048931,497293,1134216,438532,20514792,28674281,36287360,
2193843,249719,1054499,516682,13263668,29747848,34559140,
2784514,419467,1460518,510094,14946772,30006087,33821440,
6734804,752438,2394016,1103446,32858583,69541013,74404840,
4594089,512767,1312634,339927,26280945,36943107,37861600,
5199656,576727,1618736,491208,24640176,40336707,41867880,
2787576,356784,905832,485955,14913757,26115977,30103400,
5390519,743789,1142632,206203,25922094,23844674,25234500,
4095508,377271,1579208,588908,21042717,34760442,43404700,
299931,37755,178375,121748,4021395,6578258,9595520,
5027164,687014,1665554,513942,24488480,33791260,36674780,
6887211,790900,1767703,890682,34143019,56949745,65495180,
2490719,202356,512188,197976,18836510,19298968,19802000,
3895761,495348,1314146,587619,19406433,30053869,48656380,
4582913,648255,1027139,232697,23417478,23341112,31961800,
2624365,277646,1204560,482394,15110109,27841589,35983780,
1495242,174966,707139,358840,8555370,17737491,23922040,
2465832,375248,1044342,205569,11752375,18181391,23907520,
2985610,381472,1468838,502636,15731055,32188129,40237760,
6275518,680213,1581679,791976,32989769,47047497,59451200,
7050386,844868,1824825,487199,39531882,42101383,49669780,
4392692,535878,1238878,541386,22401619,30668809,40584220,
287594,31462,170813,95687,2470940,4752815,5920460,
4685239,546442,1740725,930193,22024755,45070540,57972980,
3716185,485653,1245896,465188,18345898,29410085,36762520,
3278637,374997,1120173,450149,17921907,26284597,34764700,
1780787,217191,808842,423068,9920602,18914663,23370200,
6854299,785049,1792603,636660,33707124,47861168,59633920,
6541266,701753,1739344,769456,38741431,53350303,64656100,
307482,37606,196544,121077,2968686,6021652,9523480,
3859152,526986,1152037,409342,18912202,24286673,37394820,
4307502,566224,1044909,344065,21336443,24492633,35039600,
3744921,441688,1337764,533298,21957914,33561787,45082980,
4631027,585042,1666661,571132,21403827,30962518,39544540,
4646547,553145,1378212,596030,24711018,41371638,50074920,
5864183,697891,2029484,908040,28008485,48737044,57326620,
7441977,771827,1646654,697713,43548670,52116767,61708420,
112914,5687,98793,85021,382394,3138404,4972100,
4007905,524097,1293417,527006,19462331,32136951,36695220,
4521789,606223,1038859,238842,23043943,24501189,28499960,
1790530,199662,851997,422947,9916948,19470035,25751020,
2216147,255872,802726,412027,13039087,20641130,32341260,
3732869,514677,1193352,312523,17559197,22334969,31663040,
5202749,615642,1628129,760730,27198602,44329218,57912060,
4402587,404798,961825,518580,25784951,33850261,49154740,
4307465,559486,1184362,364829,23050427,25525042,38366580,
4896862,632362,1333543,510171,24263733,31775642,42367480,
1577706,166839,760201,290832,9149775,15187175,21868600,
3313107,436657,1097128,537259,16912620,26181880,40071260,
3811965,517132,1073735,207693,21603423,22627300,30132460,
3158867,377055,1008651,384424,17730959,23930796,33602040,
1941359,219193,822022,424041,10546394,19319748,31517040,
2251748,338291,847800,301878,12795731,16304691,25706600,
6177619,678646,1574733,686475,31532933,40810489,60855200,
5595514,593096,1403919,506380,33566435,36414289,52551140,
4167747,563810,1209198,290664,22356846,23767456,31658740,
4688608,577920,1204186,404497,22701475,28202893,36443340,
1255568,150802,581797,309748,7925760,14475126,20202600,
3405846,451989,1084516,501185,16878142,25454447,34683520,
4224777,586972,1073194,235694,21049115,22820434,28500200,
3645302,382857,1427891,688821,19663045,33629499,44687240,
5282159,490218,1217583,626103,32075591,38049321,58105740,
3376723,493636,948628,138656,16169830,14846563,22661340,
4105328,504354,1029891,387968,20482832,26102970,35571720,
1525873,173614,637113,312441,7113515,14179777,18761060,
661502,78850,278846,155521,3846181,6555749,10747140,
2888146,355860,1022565,552864,14015306,22727597,37578500,
3543251,492771,1038399,164871,17134192,16785280,26514200,
3959137,484598,1189854,503373,21090921,28794031,43071660,
2547702,243729,822594,615491,12164508,22787640,38073440,
6263260,717518,1413382,406634,36970360,35080043,58402860,
4664247,601333,1142750,412462,22785184,27693613,46155820,
1722658,188712,850916,323152,10869154,18282760,28953180,
3403402,453331,1050608,427811,16823717,22673757,37869200,
4395800,573124,1247901,355790,21580159,23918381,39818180,
2989381,347410,1027183,386444,16148151,22043149,35454060,
2399829,294617,898464,443284,12508820,22761770,37970020,
3459821,482898,1313338,291742,17880511,18938169,31602000,
5663852,694613,1411666,911920,25769302,50574433,80645060,
6205236,696789,1676763,637412,38553722,52150629,77937860,
4336167,599790,1056016,197948,20887238,20748594,29640900,
4302383,522867,1617517,642991,23483474,43226045,51248680,
2967950,440747,1521840,307332,14338099,25901751,27308540,
4501841,576912,1260618,519743,23946236,35024544,42981540,
4354748,602442,1779848,531292,20301431,35629317,41118960,
3959581,511305,1110550,223447,19693855,27213676,29777780,
2843389,314908,1344794,683420,14945149,35324149,45367900,
5891867,766430,1796784,614922,29205917,40530289,44495540,
6444796,644678,1304297,515876,38431620,40358897,48709780,
1186402,138080,484984,281033,7362753,14099564,16880120,
5421974,735061,1678053,467571,28202894,37344536,36973680,
12868024,1643681,2597990,1184531,69070830,120685768,115956940,
26940316,3957476,3163607,1298879,147962637,206467846,196656480,
24331820,4502428,2681121,1238137,128970649,172562092,164396760,
26560572,3929231,3440917,1254289,142884914,198702200,189209180,
24489339,3804642,3006617,1194277,134977480,178060848,169475640,
22350004,3281206,2694185,1201052,123155707,172385745,164903360,
10777401,1502140,1780003,750110,58858674,76823909,73097740,
12217484,1325222,1630220,972767,68367259,86458465,82430140,
21083933,2200558,2143777,955435,108514616,115753069,110101620,
21907778,2246372,1830854,637412,117196441,104867319,100800900,
8302005,952144,1994038,664906,43005590,54496397,51621440,
4051675,516639,1322429,438619,20140677,35943251,34600720,
4120694,564672,1405824,408807,21841133,30285086,28646940,
8204365,916916,2076191,1041781,41538161,68377898,70425920,
6389285,768835,1698734,428953,36057310,39746923,47692260,
4567423,569498,1305853,574993,24596959,38608510,40913460,
594518,65909,251844,147563,4015086,6959455,10293040,
3655792,506021,1090827,322160,17880939,22648037,23068780,
5629516,696459,1594367,536678,28924991,40068063,40516300,
4659303,652038,1373781,298984,22571683,25510429,25926940,
5877876,746951,1538206,673595,31678487,45256875,45653500,
6064509,792899,1774291,484758,32166670,39436973,37558700,
6442468,781392,1897114,872201,32282422,65387876,64619420,
7539439,903121,2037382,661017,41171370,56513692,53759200,
4421242,574786,597720,276626,24851207,29295381,27998880,
5538297,780797,526915,289237,30917728,35933745,34212980,
5115899,714931,331056,143541,27989699,26749812,25478240,
3068260,516617,303993,153301,29871076,29648208,27788060,
1368155,332132,585816,330383,31645201,37174108,34910780,
4518183,627357,1404247,295004,22153261,27273822,25497000,
5306414,647402,1624939,748243,26556202,50330335,52659340,
3998904,325641,737109,366785,28717846,29269333,44622220,
3840021,527907,1185799,404454,19188846,27092055,29072980,
5594310,683454,1611528,590772,29221298,43087686,44323660,
6095249,800264,1876874,576371,29975636,43061808,40887320,
4068267,489213,1256851,573369,21281018,33004782,42323680,
643890,73122,284339,174860,2523595,4473634,7384800,
3073806,413784,894615,331377,15506576,20526458,27349660,
5427578,680314,1550225,443490,26078987,36884801,38586680,
1012425,119536,671598,344845,6703590,15416128,17450000,
4138459,403647,992027,644676,21911618,31762510,48788820,
1676094,141512,348737,155557,11401296,10900836,16765880,
2916300,400594,823734,267118,14364986,17692613,24291140,
5471755,719290,1442973,501327,26645166,33298989,44420900,
2103525,213973,973328,412585,11534786,20761878,30060300,
2283967,264987,882929,509354,12748973,22900574,38314780,
3442394,473106,1322414,295006,16018407,21572692,35218460,
3708801,469155,1018966,310681,20184734,23086289,35532700,
6049615,746883,1892972,936332,29427704,49308905,75921980,
7123171,788209,1239555,364185,42575596,37820151,55211000,
3199284,378149,1195674,461297,16797915,25245386,36217140,
4030766,491680,1440034,422217,20171330,30237456,42622540,
3951006,460383,1195308,566325,20270516,32153328,44649560,
1244679,145284,601802,334560,6457763,14380997,22983020,
4379562,590689,1432457,430765,24692615,31149326,47866760,
4221297,541835,1082764,307748,21615531,25692726,36773300,
2821763,303369,1246320,671391,14700730,29064327,44858220,
5734564,626271,1169232,523330,34418756,37305771,62187680,
4562030,575764,1218480,302721,22914770,24605370,38215720,
3388558,401560,1186784,449529,18636549,27644909,40560900,
1764071,217387,707487,347713,12707686,20450155,31603480,
4562975,628759,1412972,341539,21075469,23287119,35777000,
3941208,484021,1123929,450151,22886048,29887784,43732260,
888794,101495,396627,210069,4031650,9318213,13835560,
4660082,623341,1579112,524606,24277053,34549383,49331800,
6771441,777375,1834791,779843,33256053,48001202,63823020,
4794879,440963,1362731,567897,31065701,43855198,54646180,
3838840,506339,1297057,421920,20371535,31486723,39390940,
5441302,695373,1418163,350809,25710017,32761207,40972160,
2988621,314927,1315215,504195,16698751,32584443,41104860,
1418585,160838,607584,303691,7949817,15397724,23335580,
3366078,487666,1368819,353073,16266922,25232021,38119680,
5493542,651272,1417102,343518,28147042,32688677,44281300,
3191835,328272,1412716,749615,16234743,37705538,40242860,
7403384,819671,2151564,739202,42511583,64845040,68255580,
3396850,480619,1242248,335709,18899388,30029060,37769520,
3421020,397282,1456598,534407,16999359,31041608,39956320,
4219608,584843,1434757,489535,24769041,34948229,39802520,
4852567,623865,1344220,413069,24769366,34527198,33730600,
5564245,757339,1818888,492912,27299956,39889314,41359120,
3938678,485838,1070580,398156,20703380,28723007,32107920,
1269724,143755,693974,402768,9408018,20315965,22539680,
5875128,790070,1526487,583470,28270746,43914833,46513680,
7062881,783528,1629682,517218,43647324,50574061,51046100,
6116770,802324,2020368,668244,28793994,45656626,45657560,
3657788,455664,1008978,415644,20064121,27439532,32017840,
1030580,112946,417160,242184,4017408,8329669,8922660,
3666885,508115,1056561,302419,18137395,21615529,26070160,
4952269,625917,1295998,425255,24971406,30128009,35641740,
1336796,160964,702132,365509,8562477,18395795,24973960,
4344200,449567,1259332,788581,23475121,44637596,48284500,
7989415,974756,1718359,427526,41481573,41409578,43222820,
3925032,508689,1349503,472156,21387505,30418975,42026060,
5094820,669361,1305163,360994,24443765,27966858,35054460,
2266807,244956,980222,432729,12210661,23131736,31373160,
2350554,317182,643925,255896,12563811,17134466,16626140,
6416226,810306,1760767,476796,31251663,38736852,37098320,
3355331,480972,1052157,334252,17328626,23210648,30764940,
5758249,717682,1603596,762040,26543272,43460075,51864420,
5243420,459092,1427554,567742,34817528,42724919,54830160,
1719609,230276,456244,230733,11142336,14458241,17723380,
5589718,763222,1432178,388410,25795589,29979251,35540840,
2449415,262369,1033712,407348,14679074,22921883,31707460,
488232,56761,228047,138639,3200905,6272826,10474320,
4561187,605754,1491189,492675,22070104,29521009,48081480,
4337140,553861,1089897,280515,21595958,24766735,33099800,
2242370,250186,1208567,600062,14097905,29763916,41283120,
6273411,718177,1449490,693357,33474925,45858613,61171940,
4851381,564837,1192381,303749,26424860,29086481,40143660,
3485793,411019,1222254,475500,19350759,30345928,39656880,
1306786,148258,546697,292932,7146101,12783293,18754040,
4128505,587194,1260280,347796,21372807,26006063,37103820,
3820701,483919,893295,275667,20635481,24132680,32532180,
1780933,220221,833328,425477,9209116,19531838,28007100,
4471559,572421,1582934,572463,22975769,37059265,48181560,
5387596,676073,1274621,575317,25779938,32879699,43867000,
5697273,545072,1696212,757272,34751364,49041422,67263060,
3381159,463115,1081624,366621,17437002,24947572,30860860,
4822028,632205,1192368,314008,23020993,26141409,33816760,
2125525,231052,994671,463030,12577075,23564396,34878980,
2195352,303215,610125,287822,11281970,15295979,22131060,
4815782,631492,1468799,402999,25063723,29134385,41641800,
3516210,412412,1189776,468815,19352283,29031776,40151320,
1365969,144135,647976,432929,6672626,13874701,22584400,
7848247,859653,1797894,665289,43615584,47228053,72563400,
3582403,492508,699194,200292,17191342,18345547,28124640,
2521642,268660,1191572,480959,16622203,29362024,43672920,
2772643,388518,872817,388159,13806197,20716170,34086420,
2155668,296809,1100261,280936,12003296,20164945,31675900,
4014781,514923,934031,330171,21159975,25528337,37593780,
2860665,337303,1432868,542384,15851605,31580040,43239940,
4413556,588675,1463922,373113,22690361,30778305,41189060,
6306855,719941,1717153,848374,31525918,49054315,62933480,
2799737,224186,576167,259995,20600258,20880493,33431540,
5185114,679574,1677816,554845,25299217,35943872,44841320,
4235628,471712,1162545,406858,21007233,30287831,37893480,
1659423,198185,712987,388286,9237087,17601031,25816800,
3261695,446897,978438,382748,16740586,22846926,30993460,
3618932,504877,846860,172167,17189376,17654551,24874740,
3540605,376817,1414872,595172,20660060,35963142,49629460,
1660382,216326,686049,356541,11289868,16028031,23177720,
6570146,748690,1751654,686165,32950715,43924966,62765220,
4961119,569725,1197870,415771,27630661,31692666,43804940,
1062713,134649,494856,258766,5884282,11547502,16779040,
4441140,575246,1619592,681186,21110200,39455644,51473840,
4475789,585517,1102888,421283,22158308,27796285,38677080,
2468473,268867,1331511,459641,13405428,29190573,38859700,
3588975,487277,1124333,448913,18056439,26281110,35140720,
2163467,311111,1098326,219518,10473035,18102012,24128080,
5280103,599752,1661376,796038,29594676,50300383,63100800,
5292102,512649,1287414,612329,32213186,43335495,57526120,
3677868,526287,1301592,315750,18759957,24739257,30719100,
4251261,527420,1167058,375351,22536494,29089195,34227720,
1275364,178263,658757,348532,7184450,17282484,21656580,
5994781,773553,1901317,630134,31271811,41312901,46673220,
4327257,543157,1152843,445255,22416918,29728180,35936700,
974983,112418,489188,257879,5348071,10373554,15805700,
4442995,592141,1408925,474447,23506794,31148127,33616700,
4622878,587940,1468740,511282,25797166,36762133,37149380,
8816716,1005747,2178353,848284,45525950,60882532,74566220,
4920507,594431,1232460,441518,28853834,33825208,42146000,
612045,70353,304758,147070,2701581,6395573,10467920,
3563626,482142,1069366,415345,18247598,25829904,32382580,
4523013,597517,1044616,236538,25291690,25885123,30476960,
2479873,270256,1024913,517347,12094441,21515548,30185740,
1499585,173477,603916,312149,9565519,16285256,24113280,
3254374,472948,1175436,300561,15395068,21201444,30315560,
5810171,675062,1514925,773942,29483527,43805190,58842320,
4719488,431896,1436204,436018,31081302,38641200,47306300,
4623968,635960,1559647,422078,23335056,31836176,36847840,
4094096,509915,1110632,485360,22621685,31065850,36363280,
576577,67819,288782,161701,2374685,5289756,8111180,
3271469,436474,968447,391387,17244459,22326028,32350780,
4897287,638124,1177552,218214,24273438,23467809,28315400,
2309144,271578,977432,539225,11921146,23640519,33420240,
2856458,336567,1122771,590142,14596674,28291725,40573000,
8046129,890902,1725357,470674,45614782,46458357,58073060,
3780375,452083,1259583,515366,19348590,29570656,39435380,
220947,29251,144660,87798,2514150,5074349,6864360,
3720085,492559,1351825,529161,19111672,27976130,46639720,
2832372,377976,1163109,280748,15003144,22164015,34520220,
3079577,394448,997175,297234,15357674,23781336,33326740,
4383014,584395,1470762,620439,21678019,32222299,49449320,
4183668,576723,1131041,305974,21198702,21368026,31410120,
5118141,509186,1575712,822234,25170816,45183746,64709280,
4199248,417564,1023053,463246,27049839,31571062,44563140,
3788443,537953,1302333,280368,20482183,24257587,34707120,
4524425,543829,1274968,565411,22817332,32099762,45755380,
645008,80057,408017,227835,4267067,10113421,14763360,
4472989,594354,1433939,508993,21509696,27715211,45808020,
4168871,540459,949316,228174,20870278,20899081,32173880,
1435359,166122,673654,301701,8084200,14008835,21333500,
1490068,171776,635875,349368,8289257,15406952,25613840,
1053788,121347,522494,342332,5778130,12441748,20804140,
5231137,658446,1308648,587654,27547978,40268829,67148220,
4427137,516458,1304123,318585,25148167,29600337,49266140,
3477040,437580,880608,304112,18049683,19832107,33052540,
3724181,487257,1268009,550930,19335340,29221929,48704000,
3418816,461294,1004074,197281,16597929,17684552,29490420,
3880379,460738,1293029,525988,20797987,30574427,46538200,
1537043,174315,649854,324051,8841801,16488777,26064340,
3581829,527078,998603,167890,17132814,16308841,27193000,
3949231,499786,1226286,497970,20677999,28414553,44020600,
4018720,415555,1153369,663294,20869835,34332161,53180780,
6043303,715599,1613694,488746,35302587,39127456,58657640,
4996502,603861,1290283,413366,24394059,26936094,40555020,
1049330,130842,531437,280044,7126573,13480918,20497660,
3632382,476767,1173322,529720,18828208,28028511,45745400,
3686393,503610,1012618,191033,17742849,18757205,28886180,
3823442,437688,1428398,567145,20940566,35445588,50307040,
2930278,399583,948770,454180,14492485,28081652,30753180,
8985158,1060284,2291522,747780,50438820,63058750,61191860,
7009096,644135,1766016,797799,43335187,60799123,60785920,
1066845,110104,253073,131609,5233989,8679593,8848580,
1932189,204576,633795,332612,9371435,18593922,18987160,
1122992,114078,412167,241372,4826511,9083454,11093720,
723718,76056,326207,166471,4708287,9588498,10139400,
4849709,678922,1422283,392905,22481262,26861113,32400420,
3814339,473751,937386,361166,23387577,26792632,35975540,
1233436,119998,472782,220252,6732280,13847222,18239500,
3974755,467883,1397024,727652,19009560,36661345,48866580,
7670971,862384,1535072,339316,42676162,39218694,52254200,
4078688,461365,1554252,624376,20377238,38448571,51216700,
936901,101155,379468,151597,5567091,10978459,14698060,
4568007,622271,1485271,432331,24243187,32719676,47958440,
4452897,578302,1190356,417316,20642023,27285893,41567720,
2793577,281016,1154936,328080,15137421,25234746,39751440,
2273194,239152,1058139,469268,11660314,19762339,32397580,
40861,6846,38688,28050,334655,1049122,1687600,
2533865,349865,1043983,347916,12726248,20818096,34437820,
5236153,637970,1837456,754086,26144417,40469970,67480900,
5923751,608118,1083074,363067,37301329,33308667,52776940,
4469977,587897,1479850,592216,22559614,31529776,51142360,
2267051,303009,987765,243312,12220711,18204385,30356940,
3125335,395890,889126,273960,16273543,21767196,34042720,
3541441,441191,1311112,671254,17429962,29822446,47794100,
2833804,407541,1128870,235055,15527154,20026041,33027960,
4470796,566862,1261136,460274,21070724,28272131,42962920,
2451388,295979,1361554,665100,15132610,33463727,46853860,
7551294,860889,1705731,557729,41130687,43903798,62802240,
5011739,588428,1235842,461484,25652820,29985019,42352360,
944721,116994,420979,230013,6146479,10778607,17137360,
3888769,513318,1249302,514801,18866849,26621843,44403440,
4141094,576853,842093,177117,19696949,18347996,26779640,
2086725,216131,1027654,415610,13426315,22641957,32761600,
3145363,386215,1004790,525366,14805862,21884496,34010320,
3381950,466934,1209273,254982,18839052,21054474,33942100,
6082793,656282,1560849,750933,29435364,40524544,62657600,
3097324,293899,799615,354175,21164797,24452625,37455940,
3293430,427578,1133871,452060,16448878,26540082,41940320,
4696593,612694,1287556,494402,22938141,30860862,49118720,
2469748,270643,892983,327202,13493222,18125886,28209280,
4056740,537542,1340643,568326,21010206,30064357,48129040,
4123545,578617,837260,176154,19631882,18128702,29077740,
2153544,225490,1037413,406419,13194476,22934453,35030960,
2927939,348461,1235828,652238,15456192,27855974,37983500,
4987883,681752,1294486,447749,23726742,36539180,54717880,
5976547,682460,1344189,490831,34974541,42626232,60252460,
1531596,177856,754051,319913,8521662,16427446,23125620,
4147213,567124,1308803,394584,21698279,27540847,36150880,
4326731,562582,1071106,463041,20129508,30157616,41944300,
1730488,176336,857868,291340,10048128,16550141,23706820,
4520082,599245,1377987,634704,24160245,36181660,51501020,
4637519,612037,1337110,337605,23595923,27008103,38506200,
3248410,413610,1096447,435493,18791123,26903008,36205820,
8174449,864540,2133815,962543,42564787,64129557,80805600,
4682451,593747,954477,202930,24403142,22205199,26675320,
3662495,461666,1327601,613497,19021925,34666800,40449040,
5387357,714351,1323243,261283,26346518,28236187,26448380,
1603996,171479,728766,353940,10165316,17957275,21422400,
3361523,444774,1105739,526536,16848211,30040461,31210800,
5189368,691814,1218944,209970,25316077,23717388,26315400,
1749939,197548,904436,463902,12040276,24411860,31728040,
3561073,328173,889878,580324,17882315,27851378,39828420,
5982081,750214,1655908,449403,33509349,37532021,45984900,
5968672,729389,1755596,762928,29706904,45083381,54183440,
675993,79632,340504,196571,4384625,9755125,13225000,
3041023,407570,935836,404227,16760582,22807368,38061900,
3476917,440402,1245983,380583,16414316,24304857,32709180,
3595985,449250,986650,368604,19016762,24263053,33430120,
2877115,378609,938867,474819,14932591,24622064,36421680,
3957361,521742,1405865,373265,23042352,26699418,36732960,
7245687,757958,1759985,847067,38580472,54114279,75691020,
1606504,139821,419556,204539,10642138,12683197,18302040,
4101907,565466,1282712,363027,20726137,25850288,38535460,
4676522,591245,1193742,435496,21990967,27902790,42238160,
1861276,212420,1023604,415680,11876288,24427651,37131520,
3476181,481511,1101445,377427,17560435,22998888,35576780,
4877919,651127,1216999,401151,23858229,28363429,41177000,
1792771,182891,1022202,405091,11281744,20417046,29705360,
4228156,464956,1392327,863164,22516391,51674664,67643420,
5210057,660142,1231607,264718,30640208,33543194,41885080,
3284195,447685,867520,271641,16128805,23721619,29658900,
2489079,275382,1339817,497868,13261501,27916554,35099440,
4749803,645178,1435572,389840,25451076,28984034,34354060,
5408600,672499,1590845,672300,26675181,42208825,51499520,
502040,56087,231799,114794,4309745,7083003,10266400,
2534439,353880,1027803,388944,14585230,25549517,34119560,
4751368,627771,1636499,533627,24111295,32024686,42727400,
6411316,650841,1773847,784227,35243426,52552994,68514860,
3091075,289050,1119142,606392,19016529,33708404,44480680,
5840373,840341,1297694,285793,27420082,28571111,32259940,
2706486,309070,1185299,493237,15593381,28522914,35717480,
993756,112730,436858,253046,5289564,11236365,13988520,
3993909,555119,1451072,441726,22064278,32407939,41611120,
4610382,616024,1430054,515675,21162045,33890724,41848600,
2017024,225411,1156177,402505,13371052,27417520,35449000,
3550662,455815,1295047,622945,18298622,30675784,38798500,
6852924,741107,2147073,746854,38332962,53137496,66395960,
3546241,449453,1160763,352969,19411435,31695750,38617920,
2360198,284809,1103289,547533,12180203,27979211,34490560,
3199650,471388,1389647,310230,16511873,25237079,32178780,
3659856,485216,1163988,329909,17648691,29557060,34408520,
2467780,280425,1262521,535697,13504334,32563966,35550460,
5094767,703876,1607536,398335,25326408,32852534,33992700,
5251155,617116,1758599,761378,28263159,52733703,57612480,
5555011,521362,1257797,714846,32354607,53236791,54155160,
3909743,512214,1417939,509531,20111993,36735376,35362400,
6310626,794792,1828460,562379,32675122,45460206,43338460,
903635,106365,409365,198145,4878401,10820226,10243380,
2212159,269794,946484,482219,12061855,25173152,30694120,
4998709,697936,1294796,304714,24568975,25814882,32237200,
3277928,390927,1119127,464039,19106251,29221793,35192260,
907354,94930,511930,302501,4621933,11872097,13454320,
6201655,798544,1857809,754002,31936074,59066272,64271380,
7428418,865973,1902669,692770,41040122,58767484,56964860,
1362307,165721,681008,349938,7831944,18625383,19645500,
3631940,497005,1191630,394121,20059182,27669917,34791680,
5475969,675671,1554778,526336,25882182,36816344,46157040,
1471464,173863,721982,386393,9750260,19264196,23837500,
2022808,244975,907685,474954,10069705,26647840,26472020,
5493001,777111,1423044,360208,27767750,31962191,36116580,
2880744,334580,1153336,456269,17539619,32092568,31903940,
3760544,333759,1052687,726829,18995335,38546318,40985060,
5448429,651892,1441764,439410,32311816,38129190,52017440,
5631804,709813,1587997,543005,27674262,40049572,44245860,
1356009,161933,633949,308257,8583887,19833163,19382900,
3555045,486927,1200571,385025,17995237,27703202,32838340,
5698154,724094,1581587,520537,28167554,36050660,41886800,
1030692,121564,488509,243739,7172511,14016656,15022320,
1957064,252895,671197,333929,12002028,21639195,26745640,
7262950,902775,2073675,815763,34095377,50901785,55528840,
7012372,790731,1819848,616779,41770823,51620874,56466000,
6425205,819732,1865508,532596,31827072,40735373,41305540,
994353,116714,479436,259628,7446544,14451771,15176040,
2564630,352472,710876,331565,12114918,19463997,20907180,
6098931,783662,1654674,411005,31702277,35324768,37154140,
4401775,613252,1435289,466373,22064746,31014584,33161100,
5572781,690580,1569782,548990,28806545,41280910,45864980,
1940033,247361,776871,523783,10308985,20831908,33834460,
5050856,557089,1016720,457788,28882959,31232913,39349260,
5396130,719870,1382924,357716,27122870,30900483,34310680,
1624864,168164,780760,295623,9431224,15968224,21331340,
1015874,110948,416173,252918,6036197,10961426,15719200,
4387301,608478,1419384,405745,22915554,29711722,41364580,
4413988,559318,1150787,392328,23004030,29379364,39952140,
1748379,200779,677020,347080,8658795,15524377,23946420,
3622794,496218,1107885,353249,18170033,22855892,32697360,
4859729,635245,1239348,428893,23569894,28118638,40197540,
2155272,247087,1094953,519876,12810071,23306255,35791360,
4874075,522475,1170400,605723,30814193,39614609,65992760,
4730537,597142,1392200,334935,24870086,27274756,44276520,
3768291,460448,943678,360349,19615156,23677453,36141360,
1228845,137313,560840,317894,7838236,14652568,23957240,
4076326,549802,1335962,438845,20076307,27620384,45610800,
4049950,532704,896620,261916,21367617,21784768,35624780,
2620698,300872,1265858,566817,13697676,28611804,44302240,
3020688,434319,1005993,396520,15157114,22379763,35389420,
4878035,617142,1581905,613333,24032055,34403983,51912040,
6629035,636321,1536020,663243,39395048,47144899,66907620,
1743346,202067,588168,267860,10001424,14494764,21714380,
4596292,628723,1485240,392003,22549878,27789420,42415080,
4045314,492749,1151376,452558,22368558,30469112,44411440,
1025212,120508,502940,295486,4320615,11739936,12081640,
4074827,560415,1538741,476598,21031692,33613996,49265340,
4074538,561318,1340163,320258,21229845,32752345,43891260,
3909336,426084,1799630,664004,19507502,40671928,54216140,
4979981,647506,1656512,756901,24601570,50334486,61169420,
7704993,856171,2160399,857399,40840763,66423312,78720580,
3376545,382032,1099133,421399,18579900,26992531,32062140,
1781618,245349,577954,286412,9415212,13964307,21519680,
4969551,609724,2117214,621032,24053776,39583214,56955300,
4076053,514248,1044496,347171,22145354,27415951,34573200,
1193995,145682,534633,275482,5856432,11832160,17847000,
4541329,614564,1503226,518950,24196116,32673195,43508340,
3998486,524173,960734,232734,20123841,21432831,28450060,
3890159,422698,1494803,898608,18812738,39688889,58335160,
5008503,601005,1154401,489728,30144165,39754214,56832400,
4497071,614515,1162289,305609,22765144,26355275,36540480,
3078155,346371,1168297,482583,16198609,26231276,36176080,
1928681,267188,649429,329795,10785610,16766543,24149160,
4495094,598088,1430886,368077,22050063,27184926,38841340,
3777466,471628,1046919,412819,20414631,26660027,38251780,
603151,71275,270010,152323,2865231,6778595,10799300,
4534572,623970,1525937,517987,22881777,31560161,48542300,
4506361,602705,1218174,508209,23299930,32307047,48034580,
5421501,590862,1760014,846984,27765794,47620763,70820800,
4188688,525903,1139264,422487,24564268,30161564,45543020,
4793829,652888,1149410,311583,23536362,26972955,34550400,
2478522,263557,1162098,514159,14169502,27324768,35535260,
1873289,251096,634938,318772,10113981,15971339,22999340,
4060794,548118,1509227,421186,20533004,29784017,42063300,
4284564,534825,1129307,462923,22281635,29084788,39791600,
552121,65925,325453,190840,4458528,9726476,15783240,
5387045,691326,1919915,695735,27098724,40403973,54528960,
7963244,841651,1614651,677936,44953946,49128613,65618160,
2090543,213159,774410,395246,11517615,17756786,26428200,
2886837,408034,871509,353374,16182160,20715599,34571700,
3936385,552571,1015586,232533,18719448,20449669,31687240,
3411768,387091,1356426,547093,17373130,29598483,43943140,
2467022,348846,784682,396316,13646461,21445825,29262600,
3719586,495603,1585531,388009,17590726,26303614,35057640,
3822862,473365,1008280,374754,19988331,26299996,36707660,
1015418,109630,652177,377698,8819396,16748178,25275200,
7586576,873593,1932421,755093,38628263,50038860,72652640,
5247896,589316,1135559,329441,30763453,31775633,47072640,
2441090,273341,1016626,544830,12517695,22162807,31356300,
3207612,446905,1078488,410099,17396558,24815144,35941120,
4345039,599011,930268,239651,21730037,21775016,31134920,
3426913,385016,1544036,641371,18160939,35695149,51261280,
4321117,578983,970990,428267,24248712,30484082,43906580,
6602026,926845,1795783,487680,32392172,38744449,55357260,
4589573,550310,1408631,648788,24783568,37411415,53443580,
3700478,317531,696042,382919,23332773,25111305,38093380,
4882922,620429,1507136,507925,24834863,32179039,51476520,
4156064,543217,961894,291865,21495640,23056703,35293400,
2531079,271321,1069806,514636,12226054,20402607,31902160,
2832945,393146,905006,354010,15460542,21468978,35658960,
3804497,518191,1003676,273370,19114707,22204410,35700220,
3598434,408234,1326255,571484,18323248,29605041,44797880,
1337105,180182,446114,226094,7718920,12338276,18132700,
4840610,639201,1894751,847570,22635653,41789012,60017220,
7205242,770873,1412018,459350,41956446,42142117,64815960,
1270058,161410,578550,293103,7998522,14536821,22369720,
4684909,625601,1596632,541557,23194391,32989064,50266560,
4066324,519550,1022325,253209,20312315,22457362,32537840,
2289533,254436,981160,489920,12644525,21769837,29043840,
3513033,490808,1065378,353321,17597921,22795834,32578500,
4134273,569170,907921,216449,19849578,20099343,28737480,
4568675,540695,1538202,633959,24514475,40589039,56363820,
6534496,714009,1294218,765810,36086269,46479647,65374460,
5357048,591976,843669,327928,33817099,29090387,45341180,
5322750,658049,1111057,427526,26271695,28337657,47214160,
3196741,435890,941416,203532,15636029,17243297,28772740,
4034823,483439,1228252,498313,20965682,27721265,45006660,
1613211,193111,617286,332163,9659753,16179362,26504160,
4425916,609087,1343090,323106,20375773,22412321,37378900,
3939128,469591,1061627,421544,21409995,27618751,44784820,
1630838,188124,767461,460746,9187021,17437977,28824120,
6118140,757308,1599840,701722,33711800,49725639,82836820,
3706668,441329,1156195,294068,23761594,29354212,48858420,
4097069,503582,1134455,439168,20815800,27516350,44282360,
3593226,478452,1165649,468855,18606977,26299807,40854860,
3775065,530544,857624,177490,19437688,18457078,30224920,
3336846,350344,1371098,593842,17124017,31284652,49159340,
1625649,198842,646920,324247,10194585,16837603,28023600,
4031757,561652,1291188,332821,20417647,23931122,39478920,
5440636,704502,1525868,735235,25596827,40961581,62905280,
4037707,382094,1017610,482547,26396152,35484946,47162420,
4534600,608066,1453529,517590,22280620,30606031,45429220,
4010511,543785,900842,246316,20422345,22386485,33421280,
1933403,220071,958781,417293,10458891,19952741,30129340,
3593162,486038,1266107,498249,18815003,27698917,46143780,
3551083,499734,939419,215816,18076050,20413281,31425320,
3753938,432496,1380314,552550,19305440,32176258,48308280,
1482390,206798,642852,313302,8891072,13259152,21948380,
6166239,723523,1686377,646825,32308555,40781642,65154040,
5662745,650828,1398022,497636,29709591,37073542,52558880,
1386736,177501,694719,362691,9142226,18121325,26356640,
4032798,543070,1416773,501924,19360061,30482593,46568900,
4207943,575653,983548,298424,21122021,25131012,36519280,
1845079,195858,937864,335850,10801505,19149739,27821980,
3811050,515676,1260905,544978,19512559,30680761,43561900,
4049056,576980,885848,184274,19873894,19833095,28332900,
3990870,446639,1645638,817214,20443042,42008939,60353760,
5148051,559706,1291080,633952,32546436,41781328,68643720,
3507775,513422,1076409,168391,16732305,17367877,26843480,
4425569,515942,1231632,486291,21215667,32306682,48936480,
1026085,127852,504550,264758,5583527,11259686,17951200,
1288688,146174,506792,280548,8113935,12777863,20714140,
1711636,220877,547703,298545,8242587,13319016,22232420,
3284402,473091,1060006,175340,16816411,18038403,30059480,
3739572,471393,942063,325144,19334097,25403335,42338560,
1447410,180471,656159,307701,8143375,14967461,23644940,
4584507,593678,1645853,691698,22327821,34441745,56586960,
7031046,785182,1397285,528961,40823824,41913328,69361720,
2286066,250020,919091,335584,12719008,18507701,29063180,
4016716,513618,1407079,664959,20480596,36592544,53551100,
4796699,661324,1061359,244443,24152951,24104784,31710300,
4485340,563442,1655665,578172,23665703,36233725,46822920,
4888367,661909,1227386,398303,25031269,31405036,40689640,
1561452,158697,795978,292389,9179328,15641410,21358600,
2993986,378663,1171538,544037,15935459,26333435,38554460,
7867297,897952,1449971,515337,41742556,41169861,55296780,
3345579,308213,1183580,464754,20332534,28344683,40262720,
1739598,193760,790985,403969,10531870,19956987,27964320,
4432199,635516,1131012,209159,21306603,20013707,26674120,
4881816,589772,1592414,716906,24839513,39963508,55645240,
208853,29653,102726,69735,2403897,4095788,6542180,
4596137,622740,1409442,406696,22230928,27069131,40286700,
4263056,531043,1117670,357216,22000201,25797911,38990420,
1760402,195223,830932,481482,9973398,18447086,28250360,
7020080,759481,1681211,763032,38792348,49927987,72143720,
4388097,623109,933918,203743,20903991,20632156,27564340,
2495669,260892,1170143,504238,15116762,26743303,37053300,
2049284,260443,823215,411113,11806405,21389744,34640060,
3450986,517017,1037366,151845,16544317,16615205,26778240,
4933744,601843,1424489,593420,24894855,35727330,54554980,
784298,102545,448040,230676,4233573,10194810,15991460,
3905460,535306,1451393,494316,20590470,27549667,45852980,
7467358,868237,1536024,723797,38759223,48250206,74738780,
2890115,275172,1031020,368130,18646633,23747915,35120760,
3658158,481569,1280182,562785,18572107,31319042,43571980,
4394459,614163,971516,200999,20916108,20318921,29026880,
2516769,260610,1105131,449822,14254633,23147956,35093820,
1891622,217717,871082,440055,10483527,19863847,31332180,
3978674,582844,1122163,192597,19949741,19397802,29826140,
4852787,577189,1445846,642711,25177636,36792662,55343880,
2636728,262532,885413,596567,12545425,23254206,38199680,
5670850,643700,1422192,485366,33800327,37888993,63146800,
5173507,682888,1288219,407029,25112097,28716045,41836400,
2497698,332123,908627,361924,13755909,21030817,32549040,
5221530,721806,1411024,606896,26828412,35995384,54698740,
5751442,761328,1096564,299705,28401030,27284488,38179180,
2192603,225199,1019019,415710,12108268,21220408,30574260,
2117272,260556,840654,432492,12218725,21938672,35612260,
3740670,534260,1217545,263632,19517958,20188059,31986560,
8074044,867782,2037268,1019146,40746642,63000681,80561100,
1411915,107157,313470,133791,10040488,10801590,14374300,
4499616,613196,1498884,404567,23887088,35004849,46231360,
5090898,631091,1423386,422425,23951274,34527872,45989980,
1925415,199272,876138,284050,10339687,18411460,25358360,
2558812,277705,1006939,484338,13213565,24521974,33689660,
309981,33443,111188,54444,1999943,2896125,4106480,
3739267,505249,1101705,311502,20145899,24615162,34482740,
5970183,726707,1638153,608578,28798880,38240281,62102460,
4975583,484533,1443296,624113,30010723,44311207,66708900,
4279368,522637,1451074,639375,21137352,32960862,44743200,
4649506,642717,1059432,270527,24943911,26446913,35174400,
2021970,208816,1003778,410399,12702544,21984904,29527420,
2814561,359941,926762,496529,13670091,22302131,33709160,
2644605,376580,1082097,184961,13683569,17411496,28120200,
4083273,513785,1151971,379007,20135975,27470668,40891880,
1966204,242353,955549,501917,11861374,26741726,38651040,
5729149,725860,1923090,737037,30132244,42484766,55768980,
7279483,755010,1453486,556859,41331144,42846299,59150680,
1150920,142774,528453,288209,7318397,13256244,20514340,
4000725,533299,1344467,518296,20066129,28124358,43359740,
4550189,609174,1010709,299221,21192337,21823871,32821180,
1974174,203107,952842,382155,12468136,20268722,30977860,
2477344,303030,944164,474099,12083209,22003442,34561040,
3504987,504654,1066688,168559,18419014,18090732,29683940,
5313350,585202,1451286,759801,25678543,37644471,60327100,
4377738,387676,1084690,560536,29282062,37425558,55815200,
4111821,562933,1285793,357435,23465335,27183879,40931120,
4497938,568677,1160483,449089,20846813,28803223,45176700,
1602126,168414,762694,305485,10964884,17026540,26979040,
3613901,466284,1226824,536598,17288188,27662985,42977660,
3688383,500667,1265748,440610,18845281,27179769,44517200,
3764191,459785,1012774,425761,19520959,25786460,37334520,
2075826,232592,1031995,557150,11577868,22912997,37804880,
6171693,739767,1491492,558871,32422631,34953449,54881320,
5294941,585452,1032239,343102,29670464,30251564,44745080,
1785826,204878,806690,357163,9380002,18025405,27055280,
834945,99437,403728,222855,5719021,10384922,15569880,
1890140,216469,646662,338780,10093703,16024050,26684580,
3113894,446680,877065,121289,14900820,13678571,22797600,
3523223,460258,789714,287109,19023886,20701606,34561700,
2302015,252033,1011784,483970,11470948,23104862,36577900,
4251892,547006,1495987,666695,22226395,32709278,54347700,
6730374,701357,1461030,560048,36928099,39067192,65126060,
3095632,381698,898531,311845,16589240,20058302,31910060,
2801814,379277,912522,456462,15324180,23041375,38295880,
3405932,456457,1174348,255384,16050170,19420085,30954360,
3767186,459031,931588,375806,20503200,25714590,37962040,
2760791,323056,1168018,577595,14458384,28419148,43957060,
3496377,502600,999262,151683,16743068,15975405,24044320,
4161079,494826,1221105,523026,24278652,32509928,45980880,
5364016,525697,1366487,754137,31302503,46954079,70199180,
3980650,513232,1172630,367282,20996895,25343659,38632380,
4580126,611383,1118870,432610,23837420,30598660,43750100,
3708511,469120,1237464,397831,19409579,25513309,34228380,
3260822,425553,1165494,327148,17149348,24102375,32090480,
5131049,652367,1371137,565290,25780026,33980718,42684380,
4348852,608370,1104135,204069,20883565,20218178,24086760,
3575942,429519,1246102,522404,20605486,34764334,43457300,
2356290,240185,757866,530562,10561303,19816568,31688560,
5112898,560010,1169916,449517,32202808,37160322,49167320,
5569384,739688,1566899,533396,26055121,31878232,39848000,
2686195,294091,1150706,462181,15939269,26664994,34935000,
2327551,296649,839526,435572,11522205,22894100,28633380,
5013500,700924,1342311,335808,24550534,26413863,32852300,
2877403,336443,1056937,420519,15559407,24237433,32737960,
1079183,122999,467862,264935,5815686,12146750,18907740,
5118195,700933,1711754,652172,26713111,38609831,53990620,
6108968,736865,1166324,538384,33096141,46890444,65851540,
2812231,279612,1104097,390745,17007609,26720072,36930780,
3332682,458417,998437,347967,16818190,20219040,31335520,
5606018,719911,1475113,508127,26976671,33079403,44586200,
1615252,173501,766269,325560,10118125,17806024,25399200,
1596995,178448,665861,333984,8292702,15907368,26628440,
4519889,646159,1295845,305212,22513367,24042335,38135140,
3864767,478640,1005165,405598,20070521,27144005,39838980,
2333267,262671,1013829,610060,12423690,25913127,42717660,
6419295,727632,1396637,512941,35673980,38628687,57500920,
4022461,546167,1007883,339899,20203941,24871326,36404600,
2777372,298886,1169112,482387,15895160,25336068,36091560,
3352721,465455,1098630,405115,17273030,24481233,33139220,
5737351,729800,1535310,495492,26751120,32385395,40140820,
1872158,181391,1000430,526890,11358648,27161730,36009620,
2427101,310277,869378,447581,11903868,21168877,28902060,
3472778,474033,1428681,415668,18757582,27932432,39159160,
5914461,658509,1370906,634045,29156593,40616395,53999380,
3786565,361581,1105070,509203,23882652,32323997,49370680,
3829527,528412,1214354,365592,19186918,24846495,36766280,
4359747,563905,1014967,318064,21233256,23871613,35950320,
1792955,196901,854364,345785,9445652,18040329,27693620,
706366,85881,331856,192908,4054455,7321793,12202940,
1609030,181066,705510,397309,7481069,13951486,23252400,
2347517,342110,802010,250404,12118456,17482077,29155260,
2324831,310176,1181781,376083,13240968,21011251,35168160,
6516896,708052,1168548,566786,32291603,34983597,54798480,
2349296,225958,755853,332194,15404752,19332338,29820220,
1076954,120845,452576,273184,5676885,10876327,18194700,
3735932,516062,1116965,322485,18632203,22005344,36642120,
3990477,530871,865631,264865,19215257,20472369,34242640,
2402488,266733,1119160,473030,13761480,25088291,41362420,
3231870,428457,1121935,510801,15949149,27406539,39617120,
4559864,582186,1385871,494680,21854584,31374898,52256140,
4621515,517031,1538173,762094,23531255,37935006,60678260,
3805600,362288,926764,457286,24243313,30419663,49078620,
3770858,547655,1224994,295566,21086580,26227859,43371440,
3582591,476529,829428,241356,17712182,20145307,31031400,
2398326,258334,1183455,593717,13423186,28804437,44017500,
4780027,656068,1586490,503486,23425819,33819936,42580660,
3914045,501967,1015433,365847,20849883,29076645,41981120,
2402620,259970,1208177,629446,11614585,28271949,39991420,
3746874,485760,1440810,740260,20164980,42409563,57598020,
5685873,697632,1822798,709158,27881779,50437502,69829020,
5544925,562018,1220296,495444,33823507,44548700,62852840,
3019554,398446,1228371,635039,15646310,31265995,43231660,
4622484,616474,1472806,382649,22980786,31070809,41416240,
3992560,500322,1085058,448286,20576563,28253050,37302280,
1033033,115292,482096,311659,5310287,12974881,19581320,
4433955,613032,1429515,449447,22476981,29251507,41807320,
4128867,518788,1023275,252328,21859254,24645839,33987220,
2523830,269041,1337084,797675,12858527,33543998,46767180,
4540943,561661,1046821,586179,23581991,36068080,58330940,
4860425,560260,1541488,401226,27647977,35795980,54699540,
4411878,539219,1155191,444483,22032002,29426354,41022220,
2638068,346846,993728,518932,15027965,26334327,38476880,
4350589,597640,1424821,319447,20022018,24527133,34951220,
3989463,489478,1081798,420665,21575167,28851146,40022060,
630312,66971,286262,147895,2906186,6358974,10003660,
4065635,567064,1453542,502504,21725025,34140908,48432460,
3475786,451507,1367947,576158,18728603,32882676,47036160,
7371391,754409,1715498,739635,40902324,52716166,71602920,
3580994,464005,980467,359647,19737314,23033990,34965440,
4940101,666287,1267625,374833,23894799,28286355,39308920,
2633050,277349,1186855,452835,14222991,24729785,34799980,
1453969,188654,541401,258898,8152582,13097201,21708320,
4250250,593149,1358910,357614,20572015,26327344,41969880,
3627687,451325,898625,269085,18532147,22348982,33579300,
1437535,172991,643121,337486,8362554,16206041,25234060,
5740269,702249,1923064,936096,27339703,44074793,63352880,
6198089,707281,1077727,316377,36307975,32649352,54414540,
2816673,307240,1194909,479963,14467076,25181350,37551100,
3022115,425288,967511,384305,17292531,23466247,39155160,
4042963,529093,1216741,334728,18810177,23461599,36680220,
3686765,435839,1262112,500476,20901294,31597218,47526140,
1953954,265416,779705,361289,11382394,19363576,29651180,
4262328,594251,1418988,336661,19675871,24123181,37023600,
4128378,496276,1241502,542999,22223696,31205336,45999440,
4075131,387393,867141,506660,22415704,28904807,47069500,
4834758,615011,1445408,443897,26281105,31451327,52187980,
4080600,552781,954529,296705,19383560,23265766,35790160,
2793563,304492,1442696,564707,15987523,30959471,47093460,
3039075,436945,969994,355704,15284433,21705232,35924340,
3013523,398684,1458731,391144,15752292,26217792,38819600,
3808640,473658,1075606,323396,18860583,26533965,37157120,
3007753,425323,974101,467872,19337807,29979694,40846880,
6546084,785572,2374518,974913,31274492,52013021,66186720,
6591797,666674,1322431,482336,40716227,40681599,51605600,
999188,101837,424927,166245,4423573,10513228,14573520,
5506325,710228,1804840,527624,27050288,40036606,50015440,
4667065,553288,1433242,587064,24831319,39204833,49831100,
1491827,144512,694031,374894,6967231,17754238,24222680,
3915789,511547,1242731,443697,19870188,30230471,43239960,
4874397,644538,1102550,306287,24065379,27044538,37443480,
2943273,278751,1480532,720280,16172511,32364426,44666920,
6984842,707102,1779042,824126,38715691,53198887,73252180,
5382086,638759,1588927,403042,27821754,31364286,43215940,
4579868,489781,1737081,987956,23527857,48796624,64224520,
978829,68215,639764,502330,4033035,16912119,22193700,
4825334,659629,1541245,468050,23474110,31270278,41607960,
4307333,537023,1116887,348918,23412084,27652234,37163080,
1495149,174109,656653,332415,6764562,13301761,19189480,
2694621,393437,871551,355499,14925829,23252076,32941120,
4514531,562684,1814515,753834,22699889,43201128,57937420,
7999182,817951,1766530,701759,45930890,55471042,75217060,
2315433,279090,1027676,511125,13002654,28407040,37335280,
3348697,471133,1535078,405411,15332655,26795452,34961220,
3575879,491569,1030903,284048,17731676,26074839,32465460,
3806019,510088,1599161,509678,20866991,36924014,44286480,
5618490,725874,1477325,439005,26722265,32975829,38571840,
3333188,432506,1164541,456973,17993640,26838987,32377460,
5546348,748063,1438587,372448,26228268,31760457,33468100,
2041274,234601,990130,414285,12326435,23498122,29024640,
239174,31529,123810,62350,1600302,3195872,4747160,
6340463,832450,2198902,750179,29825319,46756800,55010840,
5660706,726205,1504304,569576,30337590,45234165,53698260,
2945446,299770,982401,531855,14086222,25406716,32921020,
7059501,788671,1556511,709657,38796020,52805432,73087560,
6972861,888429,1507537,393446,35068825,38879920,43936080,
3473847,351012,1349462,575351,17705448,36226005,35581780,
1376818,153656,522028,292547,8250308,15938281,18499700,
413028,45013,152353,85303,1615953,3665480,4718780,
3428474,456577,1008946,340223,17159504,20460940,28662080,
4239738,566628,965377,220215,21003775,20830231,29729460,
2811012,297348,1238672,555933,14775726,26113902,40186280,
1756422,229918,704886,363137,11371699,16648501,27778000,
4975796,680164,1534338,628426,22215899,38346892,63931600,
5637481,648740,1107924,391016,33476756,40293200,64824280,
2446964,267862,1073921,391174,14827446,22480320,35829020,
4468344,596322,1476609,498974,21076434,28887703,48005820,
4058069,523243,956228,262251,21020142,22534188,34708420,
1857286,212313,875236,373854,10241784,18861034,29169140,
3255968,436395,1000836,423727,16015226,22056789,35936100,
3748597,514051,1032224,231351,18957627,20829892,32881720,
4105242,456870,1577536,667707,20741842,37739621,58525300,
2325466,259166,1005864,568792,13141600,24749770,38722080,
7195516,825445,1586580,427234,38932199,36495144,56145900,
4585775,521697,1152808,456478,24816791,30589527,47204000,
432158,55396,247355,123213,2275742,5160301,8456420,
3826603,509730,1385953,548821,19449542,31617456,51934220,
2944642,398358,1026657,267025,14883255,19946384,31491300,
2942731,357586,1131827,394880,14248872,26285929,38658520,
3885618,521711,1268965,500480,19621397,27271055,39032600,
4096196,566535,871687,249586,19487247,22182276,33561800,
4125622,448699,1972797,1005970,21442617,53705635,76646780,
4778450,477460,989600,481095,29650505,34707439,50305180,
3140686,448756,1206935,284841,14883106,21052691,32397400,
4620499,524997,1541772,718971,23455622,39114709,56537180,
1018981,132531,542220,268246,5538271,12538432,18225220,
4520638,599190,1500268,578004,22890824,33037004,48062940,
3656447,504321,938827,274140,17832432,22932251,34770300,
2269712,247432,1263152,462138,12308049,26227778,38584820,
3089700,407296,1140343,517567,16653480,26502407,43656340,
4656316,556986,1630224,679723,21662501,39029472,57314700,
7226621,748780,1745254,687634,41048564,49439903,68625500,
2517028,339325,845566,433121,14957861,23121649,31803820,
3077965,427045,1339351,279495,15840923,23412170,32673940,
4512581,552854,1363481,535288,22621762,34574613,45907060,
609785,78710,318755,152346,3635366,7385504,11404680,
5300680,711888,1677136,499667,25381385,32715326,43599040,
4212391,519789,1114580,458987,22959376,30006169,41702580,
411648,40867,324700,177221,3591621,7542573,12128020,
5121497,620876,1571759,821031,23961600,43179921,63255780,
4519107,492959,1394294,258659,27977582,29034235,43956060,
4412013,523298,1281357,465275,21087232,29585144,40439080,
3107208,413473,1161538,587363,17756643,31408545,40133280,
3643922,503647,1358038,284007,18485856,26547892,30717260,
4378230,534314,1305189,563389,22243092,33703121,41904740,
495790,65188,224154,140487,3684665,6530048,10451420,
4472800,607455,1550505,547774,21162775,30798618,46338240,
4129527,539450,1242853,483848,21048109,29670485,40771900,
5214560,473481,1418282,536872,31407346,40797374,55844260,
4068961,532639,1385691,580982,20977032,33337969,48926520,
2363151,331571,1116711,255767,11856666,20235146,27839700,
4539255,560082,1439963,542178,22331710,34293967,44855820,
2322302,300697,884076,422810,13294237,23735656,31968560,
3975263,546401,1099083,209386,19259231,19950660,26035920,
4230473,498306,1458167,627710,22424567,37943315,47146800,
240244,22214,322684,189517,3730026,6305691,10548140,
4827761,648590,1329327,744421,21748868,41559174,68817440,
5570421,622034,1667223,476917,33881701,43679330,66775940,
4190191,507075,992056,360776,22913292,26103546,37768180,
4002329,529033,1242311,483618,19157931,27231604,38438100,
4448006,587711,1099054,255652,23404791,25492478,32254300,
2274590,247733,932537,487973,11346541,20260017,30663560,
2161483,267801,733860,393164,12550857,18128039,29865820,
3429605,485176,1017201,175889,16492739,16757336,27321740,
4485580,551292,1354276,599421,24158872,35688885,53985560,
5225063,723850,1629476,708236,25515900,44681162,63835540,
6179587,704037,1097513,389945,37551985,45357460,62426040,
3745728,465175,1283035,482730,19363667,27542804,36478480,
5097873,680308,1259990,259904,26158773,27132655,29458680,
5002990,627756,1764436,644077,24967088,40498653,48610860,
4896079,622083,1325036,362445,25599323,30662108,35575920,
1507561,172673,612243,330706,7341109,13152670,21114840,
1900089,238552,514864,269728,9077570,12429754,17423220,
2928499,414957,1485100,371100,16014135,27027151,32342440,
7856634,853213,1999117,943582,40258515,59823539,71107280,
1822622,148450,426364,191647,13934259,14368319,21576280,
4790196,646064,1589698,480206,23744148,32514499,41748120,
4396576,521342,1414913,566799,22409792,35465015,44773660,
971199,120018,444639,231446,6807869,11332859,17097640,
3990945,526799,1220335,514251,19213619,27694635,42336940,
4423565,588164,1078919,266938,22669092,24372654,32496400,
1853509,204445,832455,390239,10189447,18571945,27483500,
3030816,350425,1244545,703913,14878820,29217419,46988220,
5092780,644420,1170918,380346,29607334,37466383,57325660,
5464123,662231,1317586,459234,28105024,33289576,46884920,
1457040,183502,719052,357868,9034531,17520265,26059860,
4408447,596983,1397195,440265,21943424,28620118,41086020,
4459175,553788,1156850,358281,22893935,26859355,40734180,
1231926,149686,598958,282310,6780244,13039665,20412900,
3577484,462980,1242674,592062,17426039,30024825,46248940,
3800166,522346,1057336,231970,18880936,19030001,29305080,
5002218,596203,1708979,868627,26846012,47198484,70346420,
5004496,463034,1202910,524718,30665185,35063441,54689680,
3499735,495713,1092456,194634,17777334,18778975,29186680,
4342794,518213,1332639,536105,23516761,35383374,51676540,
780051,103488,376341,199982,4268402,8884850,13847480,
4151774,569870,1286448,400751,23591980,27543400,42378480,
4379491,558251,1137070,432062,20484736,28688916,46301000,
2320007,256035,1145977,439793,13729037,26824870,36262300,
3661344,452550,1407059,673818,19442681,36107955,51137180,
7234169,833255,1774205,722501,44005542,56569755,77419080,
4198931,426452,1220618,453309,25039276,32752654,41217140,
2722256,304301,1116194,578272,13927547,27734643,34152840,
4150743,587276,1067143,207707,20087410,19829079,27895260,
4287612,520995,1316067,543188,22622951,31835437,47863340,
308411,35377,168096,93070,2677793,5178466,8303720,
3736253,513624,1164795,352243,18827100,24198069,37259280,
4682203,595019,1177685,432498,23087772,30107394,46119480,
1521503,159146,984008,419015,9941727,19194579,27630780,
6721691,744491,1621341,789331,35088811,46297567,70437020,
4691214,595404,1121370,258915,25984233,26923832,39989560,
2720212,301397,1017145,364926,14986364,21416476,33432980,
3168800,386158,1308738,670473,15735446,29047235,47591180,
3274854,478280,1020743,172747,15678061,16784169,27658800,
4158906,510616,1072930,401723,21560453,27266244,41605160,
4115333,575201,1432766,439244,20763304,29369726,41845760,
4168835,527467,1037003,267970,21715158,23933454,32749380,
2529000,309181,1020909,527584,13316049,26059458,38013280,
3916749,560092,1463752,488373,19714922,29847366,39822220,
6829699,803206,1443419,645750,36398646,49797012,63874400,
3014332,271922,901271,364711,17800780,25567307,34230820,
3157976,447751,1373672,549224,16665928,33116538,47260560,
3490161,445066,1766877,752896,17376960,36246200,51397860,
3194970,439382,1015657,284082,15211517,25304281,31639920,
2365607,269458,1394125,533090,12449471,29386966,36061060,
1346846,139101,403965,182704,6291488,9596299,12472660,
5121982,681738,1438152,376321,25312339,28878301,37410240,
6610079,746235,1964306,938407,33003240,57593280,76759400,
9445703,650047,1323800,262184,47077100,38796082,62642600,
6071911,467823,520698,242867,27581732,22026694,35639240,
6417002,414766,479421,206579,26433733,19936282,32752820,
5948026,397123,309521,126391,25407789,18238778,28992040,
6475114,717408,896801,375877,30373739,25970168,42383740,
6615103,631082,242660,94333,31655351,17831901,29709080,
5836993,738314,702648,279529,28024268,23151158,38625800,
7394050,971923,1793773,639216,37808655,42850515,70557040,
8890897,1064194,1578136,733162,44868415,46867927,74660640,
13653639,1594960,2488730,1096475,79317936,102747732,143575920,
20794564,2982918,3156046,1252871,113699876,155550035,199552220,
28361403,4240768,3220307,1174401,154207741,194674606,186242760,
30249634,5216899,3244499,1340276,160126659,210194636,200226740,
27717463,4138898,3215061,1267484,147998159,196893987,187523560,
25749692,3908643,3077745,1213750,137706175,182343459,173708980,
13632689,2077792,1772936,780717,73368613,96437976,91626820,
14019208,1496238,1278719,694904,81393813,89559926,85344140,
26278383,2471948,2814391,1411777,137816899,165505139,157589000,
23024987,1862918,1885925,902483,126211047,117889933,112236900,
5183464,442408,1089212,551902,25668242,32018681,30990800,
4881877,618058,1659636,452350,24068461,34658396,32936380,
3329786,399594,1110211,440158,17648381,28896874,29477440,
935137,101115,363218,219550,4008783,8499091,10829820,
4397293,605185,1684102,435356,21913048,34257397,33139800,
7147634,839367,1677946,583776,37769931,49875790,48066400,
11863759,1227355,1720955,904043,57880660,73469980,73742340,
9988547,1211426,1891215,644650,53498356,56124571,58665540,
10889265,1315753,2247369,696544,57324198,65801873,64240100,
5208159,608174,944781,418899,27388025,30865852,41748360,
4805898,604814,1081346,519195,26025947,34721610,44306000,
10725636,1145296,2124842,496543,54501611,55918020,53694480,
10156550,1004212,2156090,552927,52317329,57975852,55155820,
9777473,909824,1941606,502139,51062653,58367569,55626600,
1596827,192501,782962,464851,9000361,20695538,24183760,
6117494,671949,1141582,617344,35249977,47502352,46865520,
6128387,770821,1674820,394007,29903414,34438290,35363820,
4795922,655157,1564676,471043,25572859,36673328,36751860,
5046111,624038,1458579,562745,26538972,35225077,43912160,
5070595,675121,1399177,370370,24921111,29870391,29627060,
4975557,647791,1329800,490625,26526926,36013441,40816260,
5833272,750256,1670223,467984,27651255,37939249,36094780,
5710191,725940,2084964,860643,30305966,53676332,54383660,
8701813,933070,1912411,690606,48302438,58661739,58053680,
1113303,109195,387762,206621,5803329,11817714,13343280,
2568104,341140,756431,413136,14226536,22059524,26647820,
6050113,760223,1718664,446185,28984316,37374805,35366220,
2038167,235747,964109,493770,12702398,24315305,35084000,
886616,101798,401036,240002,4725228,10571589,15852840,
4847396,644425,1361140,348052,23663390,28228251,33470600,
4919189,605696,1452157,566722,27155026,38915454,44858740,
7149335,752248,1911538,754140,35452597,53511364,59298360,
4423838,482431,1148052,441581,27388130,33278147,38615320,
632937,68833,253987,156080,3593447,6825432,10411700,
4025335,541908,1213432,345437,19908376,24047028,34517360,
5098345,631066,1434414,524685,26696327,35552554,40706740,
1512581,151497,425715,214587,7030752,9036825,14297240,
6536484,798859,1281884,368085,31096533,31490242,37138160,
4886560,604921,1386689,419788,25756704,31918034,40602020,
3466433,378543,1200050,772359,17054881,34107173,51564160,
4444211,427276,858900,371610,29408507,28908829,45424700,
4429915,580467,1329748,354634,20794588,23933634,35246540,
3635808,456387,1109281,462519,20041519,28817713,41256460,
675512,77112,295827,177915,3029728,6201544,10119200,
3891091,513712,1174788,385234,20410789,25105370,40299860,
4449498,577660,1089898,352455,21818913,25812098,39680280,
3043376,349580,1067201,492489,15368782,25321147,39561420,
2766919,376170,997540,429047,15305151,21032071,31560680,
6334799,693535,1653815,656181,32858490,42285979,65065940,
4844292,539376,1305087,483182,27294220,33763672,50977920,
1930865,249344,754093,368526,10676845,19566004,26020080,
4473124,584010,1526016,396519,22282494,29311444,39050760,
3854755,477292,1123581,446553,20164122,28523743,37473520,
438401,55337,238285,156559,2908386,6252089,10350980,
4119038,535347,1248718,416038,20110483,25316616,42194080,
4180107,551698,956068,305086,20366853,22719952,37156700,
2682485,279972,1396825,645133,15968151,31591892,48703840,
5938778,694496,1317624,659865,31772849,50439300,58380240,
3826210,451070,1118975,231736,22049037,25818182,40174600,
4435570,534759,1378829,561741,23362373,32879392,50974760,
1955629,256123,681856,353603,11198232,18141114,26461840,
4096664,546701,1342864,318394,19260408,23218807,35378920,
3868584,484266,1084775,426299,21878237,28711047,42109720,
195277,24452,148966,84502,1035243,3100467,5099280,
4541808,603840,1570997,585552,23231971,36388064,52287860,
5067174,676000,1356671,592215,24411583,36063139,55284860,
5116183,526891,1508441,689045,29965746,44831562,68234620,
4038365,501974,1077255,369754,22751447,25953847,38225160,
4298642,559722,978195,220833,22137271,21559262,30798900,
2221145,240178,962118,498335,11191831,22912056,33807160,
1617596,219750,531828,265558,8896745,13982365,23359980,
4016898,541266,1387497,332687,20004053,25122079,40047900,
3515994,431507,904761,324457,17661540,23549863,35545880,
3589769,501713,1244300,396554,19406602,27754056,40465300,
5934183,728991,1553571,699048,27440820,38063181,57550800,
6177207,632970,1613091,682436,37986346,47533060,66389580,
3554878,473179,1491421,346616,16997934,26184465,34864440,
4021141,496790,1075290,434883,20986010,28215410,37698440,
342070,39884,223282,125033,2740070,5715128,8923600,
4539189,610318,1512472,547404,22342866,33599867,48022520,
3528588,487625,897322,235900,17087660,21931377,30117960,
1994959,224401,1027894,413400,12022822,22412250,31280140,
4229220,536327,1550343,730646,21576595,33224461,51060000,
7218449,796219,1470369,449068,40021803,40826199,56858480,
3609965,400336,1444591,587083,19528924,36406694,48707480,
2532883,334735,788419,391368,13108170,20308452,32516800,
4169785,594875,1361045,301555,20875395,27145015,41892460,
4182040,520235,1168318,376936,21324385,29741167,39606680,
1326522,168392,691891,341043,7394774,16085305,23263420,
4771318,631972,1609084,488777,23214305,30307059,43240000,
3375327,460574,916590,255589,17006113,21483372,30211400,
3441236,354366,1245963,750301,17831023,32680610,49139800,
6233231,703307,1518706,589005,35846291,42265710,56335640,
4579143,589390,1188040,300771,24988717,28041189,33500700,
1927015,217570,804113,446505,9377738,18031579,26684280,
2618849,342001,786085,416222,14375045,20591685,30273080,
4073457,551191,1074730,181172,19606695,19431954,26856760,
5388999,668820,1714480,683938,27996529,41198079,54930400,
4372897,604911,1025476,192776,22020715,22041429,28818020,
3973807,412367,1682632,811827,22075619,41652194,57730720,
4863273,490264,762832,414195,28284387,29775482,36824920,
3194134,434498,1346379,250113,16667285,25030237,29445780,
4400446,527920,1343586,558417,21840116,34622946,43758160,
96054,14092,87168,60831,1069918,2725645,3898300,
4811587,637386,1619375,586826,24299820,35986959,48184080,
4575162,565425,1267575,405052,22318801,29286338,38980360,
1007538,127277,472283,247183,6089393,12053405,15948920,
4686092,594421,1688767,808035,23092173,38632926,51236800,
7332464,833723,1384059,454254,40947073,43705242,58314160,
3001244,312318,1333109,536336,16399879,29117965,42178640,
1996761,262253,700899,336030,10308871,17912290,27273500,
3639274,500815,1102200,216531,19432644,21525225,30807360,
4512671,546661,1334749,589640,22397404,32249438,47164340,
257649,33833,147775,93515,2264950,4556995,6846480,
4337144,586780,1451874,563677,21069430,30225035,46092480,
4579683,592787,1289394,417527,22352446,26895021,41083740,
4166543,416959,1275083,696950,22693851,37324003,55835340,
5173722,598984,1372038,619501,29061362,35956656,58885520,
3378965,458823,969432,162943,16388594,18002963,28059680,
3450816,402308,1264343,460282,19900044,32054287,47280600,
2301092,297378,875518,445139,12860973,22219620,34048480,
3376293,471407,1046759,160885,16266265,17393321,26777320,
4665826,566701,1272839,572486,23574317,31512148,46605780,
394124,48502,218464,106189,2318825,5604587,7840360,
5759710,733266,2034192,786213,29575922,45369309,60489160,
7927894,879627,1740594,724562,44217728,54980042,73965700,
1208919,126475,396995,180772,8211092,11648516,16170080,
4180258,543944,1409443,571760,20331664,31476233,46197620,
4438699,585561,1065144,233212,21599284,23737641,32517840,
2461749,265068,1175819,494085,13739091,30249832,36228740,
3313294,420760,1131635,507442,16587051,27601127,35123300,
4910936,654891,1245079,228406,24174767,26194848,34940660,
4075305,439488,1710267,714872,20171826,38299001,51021540,
733822,72498,301337,128909,5781737,7308718,9969720,
5416287,702927,1508982,772151,25041103,47262443,64365800,
7470340,823726,1699456,569759,42892809,51400984,71493020,
2997343,312281,1142616,358601,16712020,23361824,29456900,
4147030,536212,1300105,541269,20992720,31105893,44022320,
4415061,578053,1038348,219721,21922112,22108806,28832160,
1674334,188931,719078,373417,9105661,17252651,22506640,
2016683,241796,726792,368257,10186996,17196025,24491940,
4372053,610165,1099859,238045,22962031,22984980,32028020,
3710573,437967,1302360,540352,19875758,33994725,47218760,
2971323,283400,850716,581869,15117297,23661102,37439900,
5116747,624192,1328586,459096,30609080,39080583,59750140,
4379844,578698,1344653,483677,20152841,28568124,45014220,
2497971,266313,1034514,373389,14889866,21645538,32710140,
3170881,407501,1047544,498143,15890461,26684960,44302440,
3504655,467039,995229,178266,17004818,17769116,28278740,
3290083,389377,1086959,412829,18724749,26606888,38797440,
1832276,208403,763121,397583,8744551,18068402,28261140,
3066447,453289,1092352,298034,15765978,18885812,30385220,
6924297,780662,1655509,791720,34286249,46965174,70653320,
3511648,318732,895966,393266,25465404,29872312,45076780,
4866637,658617,1488018,391328,25741219,30924917,38324220,
4905198,566272,1448826,611268,23965801,36583168,50033880,
528694,65118,310596,160319,4147729,7832953,12396520,
3656730,473279,1226414,587636,18410080,29291986,42094120,
4312464,592670,963946,234720,20898419,21511243,30713460,
2085467,218188,1029351,409728,13386462,23975455,31943780,
1717734,194108,949258,507675,9380841,22127097,27914620,
7316926,822827,1719369,605677,38143694,45736285,65195740,
5551486,609374,1405763,569707,31794364,39770629,56365060,
643898,74832,351782,176433,2937216,7694325,10799080,
4026857,546420,1346422,405142,22254575,28718048,41097180,
5433316,654299,1527828,526924,26161633,34216243,43098080,
1133454,139951,525192,272305,7137449,13493742,18361540,
3916539,526343,1289097,514519,19208283,26938587,41420080,
3958776,546187,823180,200974,18677021,19679108,28576900,
3068457,300186,1413518,671362,18124573,30788533,47873560,
5509133,550978,1235381,633672,32684036,40846295,64923020,
3438862,474935,1126640,180492,17890509,19842671,30473460,
4041064,492638,1085953,417486,19919297,27525463,40203200,
1278592,160980,594680,321456,7607666,15234805,23872020,
3994520,546544,1268349,345672,19990565,24600706,37825980,
4932094,608582,1292958,469890,24164631,29465425,45266920,
1407447,174304,618124,320692,8691727,16224679,24074920,
3234508,440951,1048122,428685,16221121,23111310,35941720,
6159477,765055,1578949,699908,28553999,39323598,58732340,
4673065,418297,1250497,468352,31461138,35409181,51835840,
2890358,374319,841014,442924,14056792,20491890,30800200,
4149910,565690,1074512,215161,20966112,21545490,30778920,
3131675,347430,1149979,488271,16775345,25621218,38520740,
622539,74136,280193,156298,2785159,6118669,10096760,
3967954,547957,1287551,366130,20813376,26936246,41327200,
5031563,602731,1322299,455671,24018276,28631876,41814120,
1588457,181024,957567,483177,10745827,21800680,32856040,
5474039,613893,1380803,746213,27709950,38850791,61458240,
4748419,517099,1417916,400729,28055260,31401669,52126980,
3484659,421842,831953,288745,18148872,21506834,33225340,
2737635,319622,1297066,648427,14460751,29680970,44279000,
3205743,465984,846807,147033,15880740,15216313,25187780,
3516641,446406,778705,267436,17258990,20074807,30916520,
2334349,267964,1119618,527490,13120112,24418853,36558040,
3686081,498050,1137026,327926,18344357,22698750,32457080,
4148582,556984,1256631,522587,20928995,29771416,43538320,
4974797,470570,1516855,749303,27507061,44549823,57995940,
5469462,614675,1372810,454159,31658398,37087065,47476320,
4770843,619631,1355662,496520,23561679,31035696,41177120,
1627979,174845,781882,337045,9373323,17289010,23161080,
2439255,292004,957242,514295,13237039,25430858,36444060,
3915108,539047,1106663,219558,20015781,20622141,30477760,
3767343,462614,1030238,412836,20422486,25430278,37787980,
1178097,132895,496926,292453,6259967,12039313,19528420,
4680403,629625,1649612,588410,24114594,34719352,49585000,
6837179,816397,1425841,667790,33583697,49764957,67520640,
2844460,274576,1041130,416534,19791117,28953791,37941780,
3754582,505112,1183949,392935,19893935,25358484,32341240,
4311517,576051,1171525,412014,19902591,28462912,37950620,
1846546,189477,895399,334342,10925585,18719088,25842640,
1850330,208432,810868,411893,9172580,21015827,32682240,
4086095,583466,1244018,232223,19377341,21475247,31880200,
3918592,479824,1046543,404850,21608609,28626708,41515620,
2651651,276218,1071696,685620,12300660,23332974,38016180,
7091137,781968,1578447,469270,41177029,40440730,58408080,
4377420,548015,1234739,454995,22007361,29364848,41977660,
1826160,215132,841690,415775,11201015,20894906,29299960,
3178232,433691,926504,376905,17013248,21545997,31077040,
4357773,590641,1109396,364831,20155746,24781914,35402740,
2596189,275704,1063652,431059,15535651,24337956,34258040,
3050547,409923,909524,405914,15628829,21812872,33290780,
3398464,435436,1109590,306254,16970975,19959270,30706440,
5256751,630041,1511060,780569,26768028,44910901,65672940,
3157516,274553,637113,282911,20995320,20991214,32445860,
3538373,487000,1072359,330016,19075390,23571720,36170360,
4321490,564428,991438,342507,20469623,24553525,35807260,
2339718,249689,1080369,441743,13486670,23575933,35054320,
2989622,411978,950134,353680,15149791,21043198,32062340,
3878836,508044,1182219,378882,19009000,27487900,42450480,
3061440,353532,1043262,392757,17091742,23763395,35641020,
1214924,140253,689564,378785,7138150,16010875,23189900,
5770637,666425,1564164,694555,30112056,43858964,62612120,
5027789,604364,1003522,313988,27548149,29356610,40518720,
2840568,307347,1339680,592630,15660498,29343687,40358060,
4071729,551359,1304072,381045,21674543,28587762,37011500,
4403953,537841,1117370,342602,22701996,27755633,35864180,
2063208,234216,884062,440612,11020565,20589579,30080620,
3319226,460342,1018483,371490,17224294,23043929,31571940,
4691608,607086,1244707,373406,22003387,29494520,37724380,
1809940,188228,1086057,465073,12252875,23516362,30530940,
6261899,610420,1341293,753460,35216487,51642891,54337260,
6462813,808577,1703158,360623,32161913,36471462,35181060,
1413399,168280,666134,366649,8808199,17762844,22753260,
914786,105959,367766,213372,3997758,9124017,12002200,
4328832,592434,1368830,363423,21888829,27365734,37791480,
4139871,513794,1029495,363913,21175122,25916886,38622420,
1778146,210557,778690,399366,8899364,18187992,26183080,
2665388,386312,855413,345294,14603415,20159031,32946040,
5704780,695152,1650192,721581,26030880,39033408,64676700,
5768428,567230,1439224,547934,37932012,44119187,59912080,
1474527,171726,678851,330304,8800069,17302635,28953520,
3134400,448356,1266519,320667,14456699,22049165,36668640,
3198668,463038,929699,273761,15565597,22340993,33752360,
2676425,296799,1275719,433150,14091829,27873691,40364400,
4360053,580968,1365352,362047,21395122,26153038,37659000,
3973809,508490,1084242,345923,21477406,27543714,38530220,
2353618,269830,1037451,555426,12226437,24150959,36651840,
2472641,333078,1012893,486809,13827719,24976567,38672240,
7467762,863741,1573934,593038,37675187,42953889,62856260,
4075615,413372,1215610,477036,23793168,30926498,45738440,
817292,106300,368608,213259,4600754,8655877,14511720,
966369,103627,372827,219197,6175293,9912513,14104040,
3055255,414877,891163,264620,15093283,18037475,24452500,
4509060,587191,1114627,327416,22725748,25818466,40257220,
1680230,188369,753494,341575,10032102,16312898,27154200,
1217412,155320,479846,243206,7076995,10514096,17584100,
6403389,773450,2086278,901560,28904270,44670326,74473480,
5750430,583350,1102868,303337,36058918,32917451,54433860,
1741029,212827,815737,401874,10106966,19718620,31863100,
3809439,512250,1276361,404414,18522639,25560653,42566400,
3422306,480269,905783,277687,17543363,21846217,35521980,
2806519,306166,1371170,496261,15079482,28942992,45128420,
2968075,405276,946455,351691,15017901,20242202,31363520,
4474865,611659,1026502,303334,22050642,24848855,38264700,
2458980,259808,1117264,440197,13753330,24281266,36924040,
1603208,191229,840077,432245,10073696,19064844,29790260,
8058464,932733,1933029,743192,38600850,43855955,67754300,
4834186,541620,1164947,463324,28908403,32145901,50068560,
485734,56498,229537,134007,2487818,5854476,9837260,
4194873,571162,1370376,496844,20516476,29849149,45993680,
3861462,517471,847641,246114,20515768,21719103,36027480,
2339000,260041,1088045,449855,11988695,23820585,34908400,
3192788,436564,963990,385086,17157307,22557138,36133900,
3287328,435462,1323833,340772,16618250,27437370,38038500,
5411815,672795,1793613,686429,28061510,41926592,55916120,
6594140,904434,1748839,693982,30996400,49244626,65652860,
6409541,609822,1962428,738355,38974828,55573683,73914440,
3376296,446736,1067181,310837,16317944,23104793,29270160,
5416002,681647,1296774,370488,27266338,31041999,41204980,
2020220,210800,763774,366809,11733723,18238105,26120240,
2134807,252308,593889,308328,10884999,16448387,24145460,
4691396,580446,1795139,396732,22197175,29080583,41491940,
4172449,517577,1180987,479506,22614193,31659047,44375340,
494052,55724,318301,171723,3378117,7014195,11609360,
5402553,650636,1657140,810107,25439577,38914746,64869720,
6232768,693562,1202119,342021,38025769,35032364,54378420,
3367496,365169,1533719,585014,16771870,31815655,44717800,
3652751,493408,1145315,399892,19444749,27146164,30846240,
4603733,591022,1204855,338859,24260005,28864019,35232180,
1639654,188397,676185,343164,8144337,16046373,24108520,
2143745,276675,686646,344412,12500887,19320167,28038300,
1206307,156363,321662,183946,4906265,6681989,10706280,
538947,74195,339741,166256,4051754,7904926,11822980,
4934957,589856,1575617,638790,23884658,36815343,52622900,
6808248,703088,1460336,546243,39389511,39377064,57919000,
1783830,220690,679978,338900,11602613,18468139,30457900,
7029567,941090,1754985,536871,34201630,35792924,59553100,
3989182,482632,1021892,432578,21508809,26160626,43601240,
345856,45407,246779,116873,1890041,5084918,8441140,
4395512,570894,1450432,550625,22062111,30911481,51553200,
4132945,555421,901752,308528,19766405,22039555,36793260,
2574441,272817,1178271,489379,15124735,26415704,43059320,
3580705,466831,1262785,569959,18794574,29524443,45615560,
6905926,776068,1386273,534981,37057501,37975418,61827240,
4310569,450435,1475073,609320,24454436,33482116,50743620,
1550364,193994,544640,286077,8358973,13119864,20204840,
4360626,582220,1320206,337431,22291227,25910214,39856940,
4307849,525155,1227332,502431,21821614,28945333,43887720,
337130,44468,204961,135576,3714266,6664096,10644940,
4681202,618984,1468568,500354,22802501,28422660,47354720,
3765176,482276,908907,264659,19571225,22158078,35782600,
1717781,190220,1019116,496538,10242465,20492942,32549980,
6198217,703261,1403067,698473,32203477,41550133,67594360,
4643295,579583,941216,180545,24833810,21637515,35935980,
3486601,381954,1398659,579676,20114507,34870024,51417920,
1341614,159210,511520,253709,7442337,12185913,20308780,
4343984,597423,1332281,363967,21128626,23785942,39630500,
4353928,525959,1162524,467767,22110302,28334418,45435820,
276873,35451,205548,106324,2281546,5039875,8258560,
3750074,494277,1297681,547247,18145695,29063276,48506620,
5020245,639048,1327268,549086,25661842,30255717,50426820,
5207913,470581,1305398,532562,31447069,34747079,55431160,
3511434,467365,1150016,520112,19088090,28838983,47452040,
2439262,331228,1128758,231018,13814095,20198734,32402600,
4485343,548516,1305683,532350,22293991,32408222,47966780,
2459825,331162,794475,404392,13858308,21063913,31034020,
2950617,397269,1292494,265383,13803355,20833097,31720240,
4722441,585448,1311205,516727,24047905,32637291,46295700,
584669,72376,294886,131092,3228073,6494025,9718400,
4784925,577948,1649513,831763,22745714,38097586,63656080,
6938414,787752,1269154,399403,39968436,36964545,57403920,
2113389,229719,1001464,354311,11980151,20315405,30743820,
3693679,481316,1220055,493153,17774459,27028442,39491780,
2822008,388076,1098112,265503,14792368,22233700,31764120,
4432045,534414,1490715,605176,22765101,38188964,55010040,
1620260,194457,722396,360695,8737336,18774758,27502840,
3509763,506090,1378130,483979,16442361,29023185,39460300,
4658392,619425,1910997,819504,23798601,47450028,52824880,
7906213,770510,2156914,922059,43476310,65917294,73332500,
7170717,873126,2057652,649475,35877818,51129622,51436560,
4794677,575376,1335369,570726,25761504,39555399,40276220,
424904,44462,115425,57637,1983390,3351319,3615800,
4676794,611673,1604356,629037,23698234,41594281,45679040,
4413717,564744,1100360,289946,22286053,25673544,26393200,
6051838,795575,1936773,647741,31546752,47038001,45980940,
5361293,713977,1397165,491188,28508877,38030958,37274600,
7091865,897746,1795705,759643,33253906,62367457,59402480,
4986433,448942,1581858,657210,32316475,48802585,55214920,
173825,23679,107199,82184,1029552,3068840,4554940,
5687788,745537,1689853,507274,29745105,38351801,42575840,
5441777,698114,1443847,564999,28215009,37907280,42110800,
4399895,625113,1264699,242204,21007531,26699511,26876420,
3032830,319320,1397442,605082,15719976,32185004,40892900,
11045,2215,14817,12143,57088,526929,597480,
4992444,653910,1747909,750910,25469374,47682267,52817180,
7499882,829841,1584157,535089,42395225,59658658,59548720,
1464981,175764,616918,331800,7911152,15490809,20315880,
4873926,640947,1602494,627770,23350084,34845408,41425160,
4193368,527606,1038599,292372,21128793,23808349,28997380,
1369485,160039,591190,321403,7979436,16334824,23570140,
2008106,244752,768345,378857,10871704,19308692,24909280,
3715884,508554,1007775,176841,18022220,18217338,23432280,
4660440,510057,1485594,707114,23937187,42138109,55790300,
269112,37362,166715,91980,1373131,4105395,6330880,
4397209,555222,1557997,715263,23025571,37500314,57078480,
7734284,869049,1412375,512112,41817210,43844952,58430760,
2241490,240817,1015812,447143,12946411,21119873,30701640,
3830770,494333,1257384,530250,18371765,29017391,44461860,
3034759,418435,793109,184615,15541563,17619339,25415160,
3292818,382002,1022028,418276,17200014,23127851,33047160,
1161491,131750,503975,272563,6654624,12143209,18919800,
182652,25583,130083,80024,1807761,3890971,5781300,
2612805,323465,1164181,663185,13874716,29498296,49265280,
6252545,678474,1460511,491654,32242301,34245612,57040840,
4908009,540863,1104839,445976,28072892,28796087,48054680,
1964727,210501,837215,434898,10723907,19695624,32785960,
4073727,570218,1141518,234484,19186095,19675315,32759440,
4650562,554395,1318226,559741,24849394,34431176,54085160,
460618,60580,262686,130083,2330081,6110684,8956080,
4185733,552103,1331199,434444,22072877,27991898,43125040,
4258958,540006,1131504,373483,20408665,26052682,35951020,
3409148,345082,1264937,763356,19118598,32858242,50152560,
5841179,619341,1401166,581955,35492626,41600390,64719020,
4140086,582256,859192,193887,19743963,18672850,28727160,
2050271,209471,914019,361580,12665930,19083246,29303300,
2428629,296098,859928,435304,12034183,19791046,33049180,
3949193,535513,1215152,280561,19119924,21297253,35614020,
4499364,552696,1307315,541101,23862933,34442488,55739980,
775711,99539,384714,201117,5254246,10254802,16906540,
3768596,517207,1156201,321749,18797235,22059628,36727220,
4607989,577853,1186732,387639,22502734,27078592,44044940,
1126339,133373,520173,242328,6318778,11161037,17801600,
1523477,174764,637134,363648,8341717,15416993,25782160,
268869,29423,395521,215970,2495643,6216830,10286040,
5616927,633285,1321660,587646,28596667,34608864,57738160,
4671751,548942,1266727,388842,25009026,27560768,45901200,
3232917,370401,1007976,394549,16731346,21348965,35581020,
3906266,515683,1236766,599364,19764727,27964650,46657040,
3804129,531270,847731,167016,18676252,18737650,31198420,
2288862,242743,984468,367635,12869981,20259120,33222940,
1752625,194761,703371,405875,9901651,17158561,28631740,
118975,15430,74777,50221,533078,1685099,2774440,
3973481,500215,1272327,701867,20609387,31762557,53005420,
6514535,704155,1369090,378886,36374262,33642890,56037780,
2955647,346866,1010277,396175,17313912,22666091,37742840,
2198564,253711,866930,447133,11807836,21267582,35479440,
3227341,462405,1141769,280587,15036976,19955832,33284960,
3800875,496128,947742,317166,18236638,22701158,37802080,
1852046,209882,980716,383821,11061828,20670184,33358220,
3915078,536370,1187954,339185,19573071,22722285,36208740,
4519060,556693,1382308,520854,24512395,31202163,49867840,
6042922,663410,1337140,721192,32673368,45144666,66565200,
5728562,680304,1300373,529823,32849540,36754928,54181280,
3794634,504907,1026422,250353,20124037,21709115,33437000,
3030587,351685,1016402,394919,17260707,23773971,35696440,
2085694,236680,915566,489637,10367819,22406762,37020160,
3513674,491065,1007280,219557,16920471,18776965,30588600,
3706962,480070,863700,333632,17807644,23085965,35459360,
2166218,255515,1034256,454873,12928001,25125013,37227740,
5410397,707429,1746963,598571,26777921,36106462,44871040,
8295117,853419,1842096,827904,47867798,61028181,78114140,
82278,10240,57586,34293,1306969,1931945,2753600,
3904184,517870,1229699,456275,20352428,28119557,38021500,
4532474,585842,1131477,340098,21799403,24610117,32782500,
1327774,151860,637225,313557,9011538,16607314,25635800,
2242072,262399,844855,434901,11052383,20195138,31857880,
4167589,573001,1250136,307972,20864286,23969927,36852240,
4100285,511383,1102034,465386,20766690,28349585,44328780,
2097660,264522,916246,522198,10260159,24912876,30712060,
6741498,822517,1831446,560796,35400770,48401178,64182080,
6085986,637592,1652296,624545,33176388,46451242,63473740,
1604181,186641,704081,305799,9920394,19261764,26525900,
3503225,465691,1235001,469869,19262725,31522608,45043860,
5498813,720626,1407816,419503,25635563,32370015,40374020,
2557031,250614,1047279,431585,16002454,25411985,30036280,
3205602,414938,1022534,489632,15500304,28843254,28719780,
6516037,788028,1708822,358170,33331254,40012387,38860300,
3606589,407176,1538061,843774,19587539,43724550,54949920,
3683317,317538,762516,370508,22796895,26514262,40988020,
4525286,610927,1372154,382122,24068192,28265487,40327540,
4951130,603888,1379281,553675,24667436,34637186,47776160,
815322,91581,380155,198053,6179433,10669657,16950360,
3437901,452886,1071783,466557,18719774,28337023,40539440,
5083009,658413,1525331,559957,24170583,36160558,46153300,
3383651,391872,1328184,531049,19093112,33332840,43424700,
2933659,367320,1189629,664075,16846670,35266881,44902660,
4667154,617838,1322988,474855,21637035,35194515,54346740,
5793625,657970,1272209,398221,33763551,40797394,57926040,
2113387,245928,989538,481512,11440856,23469528,34582180,
4076610,554703,1245838,343390,20382329,24483384,34936960,
5110836,622018,1428444,563792,26272877,35957071,48644900,
637667,77608,327705,151152,3290368,7870888,11078280,
2973081,412030,875950,357190,15926161,20391420,30993680,
3641852,465520,1461932,443298,17335922,27624004,39549980,
3643664,467983,1352751,576413,21392307,33804112,48640820,
5587087,578148,1357723,748875,31816680,46591447,67655280,
4806965,627954,1111237,225417,23865936,22960852,32661460,
3546192,425826,1213511,516601,20343735,32523257,37811060,
1037221,111613,414771,226840,4384990,8690690,13276060,
4692457,636852,1402757,376820,24371460,28064106,40062540,
4728962,572208,1338908,521397,24075059,35311565,47786100,
798340,100151,350007,161061,4218415,8562108,12450200,
3089184,424268,972553,342743,17330822,22819286,37929780,
5631779,689447,1825139,918697,25826550,46314731,73079760,
5292554,495967,1356927,541444,33195463,40502583,61789640,
1923316,199018,769461,384396,12033919,21504523,35265660,
4001206,550162,1207549,273345,18660529,21784407,35425620,
4041213,494649,1050676,391201,20582998,25954742,40181940,
1414713,162716,592861,322385,7516314,13153681,21501820,
2989452,417923,1104789,381635,15108423,24023013,34606940,
3015257,389663,1190558,378674,15666890,27022581,36465520,
3724303,470982,1185919,436559,20080076,29478235,39435180,
4942579,585991,1469184,742493,25253995,37767436,53853180,
7558389,818355,1630984,631780,41683757,44651503,63330500,
2000190,211529,975319,389605,13227358,23160315,32611880,
2047853,258007,669023,358774,10486284,16562270,25761080,
3598796,490796,1441771,387402,18781306,27262630,38394120,
4655598,579005,1329941,534695,24736157,33846250,47000720,
930177,107182,436044,235295,3734014,8836637,14440180,
3899030,530115,1246132,364030,20172710,25453589,36424460,
4144774,513053,1264630,417963,21733980,26286877,37754800,
4569596,452360,1143494,683050,24262090,37970167,57454440,
4235569,466526,1087885,418530,27974069,30894487,49490740,
4923200,667671,1174764,351635,22746408,25026044,38480360,
2035452,205195,927473,356385,11641905,18547341,28407020,
786935,93293,347565,205710,4343099,7882810,13183120,
911711,103908,388494,213036,3552381,6583986,10952180,
3161181,423038,927302,386364,16847348,21272713,35300700,
4976445,676479,1261314,440131,23967383,30530276,50859140,
3656902,385637,1396885,707175,20404843,32239573,53749280,
4425395,445710,872657,383274,27984788,28450400,47441260,
4026750,539945,1370780,337757,19782025,25048623,41713260,
3660482,450729,897339,342832,19063888,22589297,37710960,
1353248,152340,607221,345728,6729599,13237369,22020700,
3946731,543275,1205921,324774,19677989,23274631,38757220,
3662965,470266,811380,241599,19215625,20885687,34432140,
2096887,233801,948173,438246,10483428,20520200,32044400,
2839182,393847,1056925,471732,16397947,23475818,38660600,
7158750,831650,1665734,695648,33711168,40217771,67176080,
4482534,409127,1150352,417215,27987639,30240088,48427960,
700999,84029,323176,189580,4025260,7065445,11768320,
991512,104576,364991,183719,3915081,7089761,11816400,
1974510,283138,555551,296837,11453026,16560516,27551820,
3585112,457835,1276247,333312,16528688,20586168,34310620,
3316289,418304,714667,229111,17001642,17710193,29498640,
1130926,140882,522560,277984,6308436,11257110,18694720,
1798389,180207,843414,523068,10122951,19042955,31772720,
5800076,630688,1130854,524230,31316490,34833591,58117040,
5034464,633173,1196450,370859,26045443,28048470,46683480,
2348426,252874,892828,333025,13550144,18618807,30997480,
1157214,129642,532203,260718,6443007,12072972,20168800,
3830895,521405,1142290,301492,17601596,19339651,32189160,
3062372,418459,598034,242689,16800396,20286877,33811420,
2224525,245845,1167226,410348,12437313,26595045,42490680,
3991567,522328,1293773,412370,20793087,28415167,43513500,
4330283,558840,1144140,506959,23667317,29893461,43220800,
5886559,550664,1751709,728805,33453114,48999343,67843380,
3636950,457777,1078137,455894,20798801,28647696,39072440,
2773905,364201,1129154,291635,13189481,21477976,30696240,
4376170,534363,1283278,543259,23063916,30930042,42699260,
1504176,178775,618101,306509,8085276,14541612,21046020,
4035330,545995,1244570,314811,19609018,22416304,31994800,
3273931,407715,796650,210669,16626268,19568309,27005520,
1448843,178820,810436,438414,9188303,19750337,29268860,
6459839,771989,1831454,860533,32136824,50215538,68363960,
6074071,680989,1225036,304235,35427830,32206450,45329200,
2126342,249025,978546,497584,10203857,19915690,30002900,
3353401,443551,1121925,448961,17349097,24706123,38504840,
4406945,599572,953823,243568,21009469,21678421,31173680,
2515884,262921,1143234,491856,13085003,23403773,32372820,
1649242,201993,704420,355162,10769326,19197672,31238520,
4435915,608197,1417316,420208,22155474,27971357,44192680,
4813710,581111,1378484,671721,24654524,35930157,54706160,
3751227,315795,727268,357129,25919476,28849359,43111920,
5705391,752191,1879744,617685,27414915,39585121,47624520,
4067750,500859,1092201,445873,22116582,28447402,43473680,
1021067,113903,474449,255807,4246876,9367358,14980240,
3451700,470185,1150443,498931,18290957,25979759,40479560,
4201719,579640,862636,183892,19996201,18658813,28743540,
3006312,315908,1398487,612140,15208993,28121516,43570720,
1631526,217151,594048,303256,9580840,15663730,26071640,
4770999,619735,1650248,605067,22885234,30875012,51256040,
7338975,750794,1421566,600109,42169503,45019407,69672380,
388614,51501,239506,114195,2041109,4942573,8127360,
1440125,160672,586175,318985,6841271,12700475,21167480,
1327369,167421,431012,241864,7887657,11967767,19981620,
4045430,543518,1251350,326936,18692505,21101891,35157000,
4395947,530341,1167558,499431,22071320,27607276,46066380,
292474,36454,182082,90965,1510372,3793067,6243600,
1353208,145422,722950,390256,7587712,13512535,22580880,
3381572,303955,621038,418555,18710106,22975676,38273300,
1518586,117293,267820,106631,10237896,9151222,15204460,
584602,64016,252354,139756,3957676,6150534,10250800,
94451,14206,73760,47052,484127,1629132,2715200,
3674562,501140,1171909,460967,17962296,24274240,40491040,
3682533,517638,721112,156146,18898447,17985979,29976600,
2282668,243405,1011070,386440,12355921,19448536,32390820,
3405476,448495,1248259,557870,18827483,28206909,47080320,
5724479,688507,1430047,604190,28307277,35606407,59367440,
5952129,620837,1691516,678373,34403274,43374867,72241120,
3894312,554433,1141357,254209,18760578,20564566,34263320,
3968150,494123,1039781,413142,20743905,26302397,43849160,
3261981,440723,997944,345662,16481572,21097540,35176140,
4042535,553323,852075,248948,20251235,21145950,32981260,
2641786,275414,1199947,501235,14435225,26796233,40298960,
1824829,246980,570914,283709,10949090,18518651,22397140,
6982195,929846,1800184,697332,33007311,45944868,51095840,
7576736,821226,2075910,793687,44332158,59520819,78744800,
4317714,594512,946790,239488,21608746,22727830,31125740,
2575932,268682,1199789,486530,15012884,27155059,38774980,
1061847,121031,390030,213720,6612021,10659643,17800200,
3906852,546645,1129567,236426,18323369,19956010,31359880,
4358776,533323,1222546,545731,23144816,29362699,40616720,
48747,7821,46190,36894,312927,1266878,2078600,
4337045,566189,1535774,601848,22707013,30914044,51482940,
6982869,779813,1389005,603383,36825064,41456886,64500380,
2940245,285094,1052323,436548,18962758,26644417,40864760,
4024153,522107,1264719,540023,19181097,27906944,45766160,
2225122,301436,1055272,224236,12177945,18835909,30391260,
4672524,569828,1328831,566143,23064530,31041270,48298000,
1899444,237721,772968,384332,12954803,21729214,34091560,
3704315,511793,1128857,247655,19357852,21127731,34884280,
4219577,520088,1144293,476738,21276670,29556889,45425020,
2300661,231306,903941,576761,12009078,23708705,35217140,
5974252,654892,1704646,724602,33587733,45123111,67864900,
1977119,277080,1166075,417790,10662146,23650115,33014640,
2612084,368702,1034381,353172,12117062,23733148,30387100,
4418667,503758,1644294,674834,21549776,37882113,44406720,
861899,86005,322640,104216,5038142,9311724,10274960,
5485336,710648,1713056,546735,26434375,37791364,42996160,
4708250,570974,1117254,405430,24856830,29226676,35559920,
1251323,109716,459524,172366,7290750,12099440,17581800,
5818287,694329,2107017,848198,28301062,49248915,58698520,
7586298,800578,1423607,419868,43460773,40925662,54487820,
1861675,213629,787296,433751,8982489,17223437,27321720,
681693,83195,319573,184011,3943474,7970347,13351500,
245512,29732,130729,81597,3085604,4698179,7768920,
4031031,513125,1383078,649071,19192241,28023981,46740320,
3875581,544563,802018,178304,18530545,17339279,28898980,
2874908,306376,1214101,521849,15166339,22764093,37940160,
1023718,109504,640393,329046,6625255,12368713,20613300,
6030805,715681,1481487,564955,30010445,38242466,63759380,
5724315,633902,1095460,427124,32560867,32824907,54717900,
11436577,1487752,2181041,923537,64435858,101663459,115351480,
25589986,4025531,3032299,1189678,139154679,186541309,186586180,
26688901,4045797,3276740,1138757,147045537,192332573,192316740,
27491990,4929245,3089519,1143461,146021247,189675734,183565080,
23976129,3682927,3043823,1292448,128633506,180410737,171794700,
23249296,3626341,2346447,917178,125506022,156867195,149160240,
5222830,672544,1521070,794357,29417707,50921185,48602180,
19757335,2019907,2706935,1479958,109789810,146966279,140067360,
21246577,2144340,1923070,696387,110601370,102602352,97644260,
20424633,1694706,2334249,1093417,109579576,108347314,103185880,
795783,60993,294652,174925,4928408,10068770,10254700,
5513736,735902,1533719,438149,27544933,34479074,34101980,
4174350,494623,1269825,558660,21984864,32264012,36851540,
25218,3964,24952,18619,114008,658999,923880,
1819120,212806,996880,597985,12035436,22308447,35778500,
3864917,347007,723363,454453,20584791,25382112,39735220,
5364920,658220,1365105,318302,29946763,29597771,38796860,
4728805,573576,1402263,598239,25179693,36729677,43820240,
1813,168,2633,2262,6087,45042,75060,
3657170,480561,1127872,457028,17944466,23389375,39079700,
4472893,595119,1005603,248416,21392484,21523530,30273460,
1708081,181627,792394,377684,11891755,19491858,25688840,
2856309,388691,898235,460804,13325106,21322655,34784280,
5481163,655413,1831680,740541,27487346,43960059,53344940,
6727128,707471,1663999,664268,39229567,49365116,64040140,
508345,56945,231275,130662,3333851,5402864,7798160,
3760992,518450,1152575,358307,18880524,24126711,37177680,
4670138,580356,1231080,413572,24066476,29966975,46088880,
1424971,162622,747682,313702,8079687,15764122,23397560,
3023500,400657,1004634,441074,17420736,25179745,41628000,
3974028,534412,1110209,300778,18645733,21738814,34720900,
3244317,359215,1198529,535746,18082537,25322641,38067020,
5702313,579504,1398828,738228,30194043,39690835,66185380,
4241812,524884,1119396,203724,24894357,23363321,38234280,
4174255,518881,1242222,524729,20889301,31509944,48635360,
1484590,174526,691054,390357,7727911,17185807,24296460,
4252886,581399,1265481,331281,21214940,24108160,38210560,
4498690,548973,1179203,462230,22821885,28714055,44687360,
682796,84502,321596,160903,3729797,6964828,11309920,
1014704,120802,467377,281174,6731453,11522854,19245660,
681985,72194,274175,151563,2759245,4932123,8214120,
4662272,601376,1402115,652953,23371082,32311359,53931880,
7334285,793312,1297985,430051,41326346,38453578,64054400,
1736072,177204,832254,297960,10672917,16155254,26857980,
3741301,507430,1210899,549192,19260180,28919271,48299240,
4271784,575153,1127700,314803,19582672,20998195,34930720,
2487392,264819,1038398,375499,15086673,23478046,37337300,
2159424,252182,803635,429193,10552585,18887961,31509380,
3641931,523749,1080727,193988,18395413,19465728,32450840,
3312503,397102,1012425,388886,18194466,21953019,35515460,
4612866,459984,1132249,673475,23673652,34016265,55047880,
5362634,642106,1473958,458635,30213509,35561623,56011900,
4096224,527811,1109335,427982,18940248,26688377,43741440,
1841855,202624,929662,375716,11507149,19517486,30445820,
3640157,478245,1159768,433597,19034027,25614985,39252960,
3384764,452022,1222542,384289,15678069,23077062,35518700,
2704522,318878,905507,307530,14258430,20802314,32298220,
1539259,180407,678821,360487,7396928,15614994,25577600,
284636,27305,323108,178509,4552737,6700511,11142040,
4457152,559337,970989,555648,21185613,30383566,50649020,
5844688,627543,1397610,394667,32829958,34705632,57527600,
2943558,359752,857685,273052,15511416,18407606,28779940,
2520592,321725,936363,516164,13433408,24080477,40285420,
3408399,481692,1041894,162651,17846866,18528002,30756140,
4044497,493844,1045635,417089,20544453,26598312,43661180,
1442923,165791,676794,376516,8891007,16061866,26415460,
3775515,513337,1174987,344684,19085891,23254779,38119460,
4291126,563446,1187312,476283,21196024,26080320,43511480,
4491897,445541,1245304,611111,23516688,34096980,55815300,
2224294,196747,514296,252084,16145359,16530242,26825780,
946809,109342,413754,238015,4747226,9382075,15694460,
3417294,484372,955885,239852,16752822,18376256,30619020,
4214938,535377,982060,300801,19941687,21333384,35605340,
1430068,171150,720893,340332,8951208,16782187,27893300,
3224548,436908,1047613,415092,18110743,24905708,41553920,
4302056,588924,1047344,301265,19808513,20964048,34949160,
2981813,318794,1321585,600229,17699377,28425631,47319020,
4109354,404277,1030860,602163,22084431,33299408,55596360,
4475137,591563,1164581,263335,24459528,28075925,46745300,
3585668,460036,800061,199536,17930312,18755562,31261620,
2285976,257398,1051985,527377,11174370,22048852,35772080,
886827,103583,366947,203481,5983687,9570116,15584980,
2104715,285508,607914,305953,10498397,16228049,27163500,
3562155,453557,1180116,249495,17123725,19441672,32332520,
3456653,427296,888028,319016,17325176,21960524,36652720,
3239411,339879,1125736,724527,15473503,27338071,45549880,
3338249,275436,566522,225843,23627940,21571652,35859860,
1787493,239365,462818,249507,9864143,12603790,21073700,
3445547,455277,1242974,265251,16177289,19930450,33197660,
3452754,420629,825849,306119,18646455,20747663,34618260,
1722698,195071,721159,382831,9929463,15395328,25731980,
4128401,571151,1205226,323142,20505662,22835486,37949720,
3655427,457327,882678,287438,18146545,21009991,35166020,
2400882,260105,1039279,601494,12223577,20663171,34256160,
3674456,356566,873749,533725,20486635,28033560,46722280,
2020029,171473,457431,245540,13163165,13067670,21829220,
2776802,397078,960160,289132,13659768,18857568,31412240,
3567897,500369,938848,247888,18844937,21530851,35970380,
3025017,313014,1164018,457993,15502016,22764489,36868380,
3231848,444007,1007198,381198,17602717,22762457,36712180,
2920321,372947,1296044,394249,13568764,22569644,37616700,
3698737,451779,993211,368128,20401360,25564186,41143820,
3421726,394688,1288176,733158,17805013,33176034,55084400,
7167468,785014,1654120,466674,40145566,37373501,62184140,
3975729,476197,971158,395008,20148699,25087979,39576640,
1531002,180519,693113,394353,8124040,16767032,24949960,
4494105,608587,1402881,370025,23230289,29331740,32536880,
4130741,523504,1062399,435228,21425802,28312374,34450320,
930021,97512,384177,213506,3773705,7829289,11048260,
695184,83882,319671,173756,3999657,7682543,12804320,
1181384,131784,563571,312363,6468971,12510671,20916700,
4141272,578501,1262716,567427,19807273,33050180,55047400,
4117642,483716,1020244,311808,23331929,30992410,51662040,
4627852,497140,1152265,416956,28188591,33830468,56480040,
3888976,528370,1334943,504701,19244656,28070845,43880420,
4560462,625193,1148592,398457,20865551,23618595,39000100,
2270087,233513,946475,358341,12814794,19397976,31008420,
858415,100510,401701,231572,6851618,10611595,17713820,
840095,91491,325569,177793,3286046,5994559,9948300,
2371179,325774,686525,258680,12767556,16473194,27512020,
4123641,545093,1424137,505800,21167713,28201007,47001280,
4187641,555590,1003834,464270,19875861,32231488,53752180,
4477454,432225,1152764,513958,30227079,35606552,59320120,
4246045,591482,1251716,312832,20268274,22356184,37244340,
3915031,476245,1068429,407082,20640147,28472392,44732820,
1384782,171124,611011,329554,7010410,13833592,22528280,
3933480,539751,1222223,378223,20603100,26254481,43629580,
3337846,469690,830012,252841,16088822,20434595,32805760,
2864354,306928,1303805,504507,15695859,27482584,43332940,
2563833,364876,857027,340070,13900760,18994079,31753260,
4510389,598038,1583938,644846,20794048,38418648,61781100,
5474038,604661,1179528,438181,30546299,39533991,59279720,
3474249,430457,1145117,563453,22042335,32625177,50084220,
3333758,447961,1337160,355689,16238588,23652713,38456180,
4149844,515079,1029001,337907,21236782,25148078,37766400,
1461580,179299,674520,351841,7388737,16080194,24939180,
4882938,644937,1634483,473548,23840210,33241206,46052400,
4262566,531216,1205439,300489,22158835,29486462,39357120,
2398958,265667,1010906,472906,13490780,28012135,35865920,
4424466,577503,1444143,673012,21479575,40757173,53037360,
6117233,711544,1551945,470877,33500328,45698570,63276340,
4734735,530805,1275323,498186,26053444,35201118,48679060,
1794990,241293,578431,292785,11402923,15663580,25647680,
5466962,653413,1767263,387020,25780936,31899247,48566480,
4032259,493254,1106741,468098,20565164,27130091,40583740,
783642,89807,368484,205678,3214295,6982670,11463260,
1065678,123523,472425,236819,5400574,10817899,17270260,
4389613,437923,776656,256404,21480566,22577475,37746060,
9755586,941473,2031971,794688,43010039,51362856,85650420,
11324243,1004462,1397077,372047,59769006,47905596,79773160,
4952722,554917,918038,384686,25439575,27487477,45805220,
7270678,791853,704902,296423,33446459,27794774,45771100,
5205665,618694,675243,291281,24887516,20618358,31904880,
3912703,506789,1356855,372229,18567805,25599251,37835800,
5048210,638859,1172674,475400,26374918,32478453,47484060,
4189556,506501,597531,249088,21668375,19702348,32182240,
8519250,1071936,1890051,629838,42649186,48783144,71491500,
7917788,944627,1678360,669475,42041553,48783672,69690220,
7558575,768395,1559823,747369,40828708,49759806,78526700,
6724163,819295,1230519,464934,36036597,35255498,58756500,
7907200,1018584,1249866,319962,39280290,34009277,53262340,
7118516,793576,1727017,681539,37860728,45238702,67922420,
5609536,660915,1009161,436486,29479130,31661229,45270880,
5223388,683934,1377538,334389,25455699,25639234,40471620,
4176856,510802,1197411,475531,21512365,30067819,44272400,
251968,24817,289074,141417,1827666,4721030,7029740,
3310164,351160,1087259,700265,16712282,31376304,50091280,
4017948,398849,599031,259069,25785674,22387298,33152880,
5233709,702225,1323961,362951,24220440,26344050,36492400,
2201145,233328,942111,336655,12404633,19094654,28869520,
3132693,362130,432584,225428,16591392,16308011,22468700,
4557514,520472,937133,454712,22704267,28744531,38797980,
1578542,218483,379605,205483,8674731,10749505,17986180,
3594119,474690,1304757,322842,16648333,22343624,37226340,
3806306,456562,1193431,488349,21069315,28446379,47433940,
3363950,322325,776952,506452,17775953,23668114,39424580,
5935210,664336,1532693,552950,33661283,39809103,66336340,
3821532,518950,766811,202636,18410463,18394928,30707000,
2622345,276204,1208242,517913,14548643,25180748,40742980,
2683904,376617,843907,374511,13629148,20860911,34547660,
3439928,477113,891658,184053,17245848,18034408,30041040,
3453876,401063,1272814,501404,17466213,27957777,45703940,
793764,93137,384309,208153,4535508,8318753,13857880,
849413,93234,513454,302757,5276740,10633511,17692760,
4481292,523139,1066938,657918,22539200,32203250,53705380,
5422427,573439,1256758,253891,31844196,28854974,48058180,
3797983,467377,1197677,454540,19644985,28058180,46764120,
1918181,243165,793103,405630,11042141,18914351,31537940,
3739752,516577,1149902,228694,17582285,20324740,33896380,
3827842,454435,985851,368701,19183719,23800644,38749040,
835883,108556,443354,233186,6431058,11582154,18901600,
4282195,553971,1416880,544450,21691605,31023217,51685640,
3834098,521780,990823,330735,20246608,20678427,34357740,
4829520,536489,1515141,758969,25565378,44755656,73969260,
5700931,648614,1464966,557657,33535643,39343250,53793460,
4510134,587273,1024609,214981,22126910,22376938,28508020,
2236352,248261,927131,500280,11990484,21984710,33675360,
1935530,257354,594169,302937,11508080,16042205,25905340,
3657990,491292,1298828,293975,17119568,22147526,35124820,
4098200,497466,1086853,417274,20871827,26503920,38981880,
371080,47512,261734,120381,1913422,5643209,8081420,
1765003,201711,930513,520415,11266284,20421155,33154300,
5793806,680482,1060477,543972,25688911,37891400,63219700,
4949811,587472,1118102,305008,30032297,34868117,58168460,
4567843,595909,1058324,321332,21280314,22963861,38277400,
2023412,213447,923696,364366,12178379,20432024,32278880,
4613603,608188,1510702,589023,22048521,30275531,49974420,
3914116,508231,864744,229258,20236596,20117304,32922740,
1510708,167515,707959,311231,8286154,14458039,23287760,
1326482,152647,555465,289425,6467112,12477079,20751000,
63994,9282,41103,27781,278196,967967,1613420,
2554598,319847,839155,428229,12862981,23273178,38870080,
4507738,542893,1509173,540854,22609581,27789128,46278340,
5914728,622739,1109081,400389,34455215,33548218,55946940,
2436554,264252,957129,509689,13291458,22983401,38272480,
211336,22141,131263,94411,936478,4181422,6969240,
3526449,473719,1188194,423549,17422357,24101779,40169040,
3147753,455415,825340,202168,14930512,17334840,28892140,
2205939,237926,804916,295580,12250479,15554128,25889860,
1472058,164785,594831,334264,6992588,12859538,21432560,
393123,44109,205191,113145,4318043,7067669,11813200,
4509556,609369,1519512,582655,21814192,30048374,50148620,
6855944,729805,1199113,431133,36767939,35022600,58335100,
1612565,159994,596878,255509,10299515,14143920,23426700,
1822838,210359,798728,458695,9557897,19328330,30543920,
302378,36774,142475,74979,1237348,3168718,4992740,
3909933,520140,1246609,442682,18470415,23585057,39368540,
3919107,513835,806817,183702,19874565,18844046,31372060,
1450063,159612,725023,298542,8284285,14638539,24363740,
1511222,171187,650636,369845,7179048,14670054,24450000,
274722,27232,394711,226724,4762957,8187783,13731160,
6521406,794153,1628350,729799,30607955,42959792,68256300,
6757396,722411,1376229,322894,38476351,36833184,52905820,
2295663,247495,764968,312550,11826973,17603877,24766740,
3025512,326833,1002170,477858,16401634,27488375,33759160,
1482825,160171,405373,213692,6742867,11845621,18413380,
5240727,675772,1542059,453599,26206771,34039941,46660500,
5055366,627918,1288985,536702,26840105,36055949,47564080,
641374,73331,320645,162433,3078896,8567130,10639600,
4375293,577229,1573638,649446,23137456,38068348,38469160,
6524752,791866,1555074,609205,31643353,59462181,56143140,
3477807,329647,1004075,458114,23220267,31395142,39232000,
2503468,341176,712106,381371,12434738,18939097,21924560,
4815884,664041,1144522,229058,24984792,25922675,30466020,
3189201,331866,1368929,607809,17514331,32764459,43749040,
540383,61745,206652,125450,2264484,4867828,6057640,
3793292,508195,1248112,445233,18669148,28023937,42399100,
4094543,566146,966010,345927,20187704,24192334,37222560,
2651882,268885,1246031,580811,15052774,25559632,41015520,
4308498,417517,1094901,596874,24442728,34036858,53822840,
1039197,85084,199028,89244,7695416,7556200,10927280,
3780942,524441,1123074,304255,19123509,22519859,37532940,
3990478,519240,950735,272729,19242550,21551526,35827040,
1202194,144277,573639,256318,6710538,12190607,19409700,
1664495,189498,715994,409627,9928907,17227498,28690840,
886363,103228,407449,229392,4825693,8535408,14259420,
3667675,506498,1305411,416794,18855945,22352692,37350280,
6663210,749579,1363960,601177,33076780,39373412,65544360,
5116201,592217,1285386,410155,29954864,30635480,51059920,
4664795,607653,1098650,388455,21747748,24631546,41060740,
1645892,167203,802643,287219,9575843,15305429,24683480,
444696,48773,185915,123779,2157425,4491437,7506960,
2980668,315522,600533,263493,16560127,17862671,29737220,
6717479,870831,1238575,356254,33820166,30596943,51062560,
4611483,594742,1088470,387506,22476620,25450288,42431240,
2317767,241029,1266863,570116,14485662,24697433,41118740,
6541679,785277,1515750,560358,32606547,35862705,59764640,
6056485,647444,1255682,420792,33710676,32497984,52361620,
946909,117172,410378,212958,5313282,9542303,15215840,
1659324,185048,685557,380522,8944249,15209135,25348320,
215459,24123,106616,57379,3036806,4099039,6865440,
2771953,399734,963044,277332,13576054,18444579,30740620,
4159175,565489,1026716,348712,19064456,21889734,36483760,
2006259,214512,915811,353597,13135114,20465835,34075640,
2866760,388076,1013816,499501,14324711,22433021,37484380,
5148322,589328,1693363,666808,23637236,34792613,57717820,
5907976,607398,1116965,384181,35836160,33733566,52241460,
1807326,202753,795389,429358,9735644,18025360,30050380,
52957,9240,48768,36147,214110,1196438,1927900,
3349704,446348,990727,408232,15827187,20214871,33759000,
3881902,534296,798169,176575,19230362,18289418,30448780,
1929760,196120,818571,295527,10945465,15114079,25156400,
1354868,147975,535331,302425,6437920,11260217,18766900,
217471,20157,256587,144226,4108592,5777360,9628860,
4714123,558102,1175755,672442,21240442,29023482,48439980,
6361961,696140,1383930,353399,36284977,33220782,55334120,
2932933,341043,935851,349535,15838266,20138085,33529780,
1755100,207105,676378,366805,9511581,16955461,28259140,
86595,11907,65301,41954,416012,1436911,2394820,
2495806,338802,805818,347426,13494447,18038137,30131000,
3119060,418115,1436467,365658,14525276,24105674,37160680,
4164212,497025,1095268,367332,22633569,27830158,39751920,
2590953,292723,1091677,497766,12873476,25639572,36041360,
5583036,714606,1658434,534346,27120221,33660397,47693320,
7320832,771416,1688432,682504,40842217,51539775,72948800,
2032922,205067,547595,259022,9895720,12974722,18480520,
1160373,125867,397145,212137,7357623,11998326,16217120,
2091403,257760,619708,330310,10475798,15337110,23937500,
4470365,542187,1736874,353052,21615469,28912332,43694680,
3633355,449237,838298,309438,18484159,20740641,34013080,
1239910,151398,587189,312781,5875213,12837096,21396780,
650291,72002,280010,151751,4543174,7418194,12409060,
2544848,273352,1184432,685252,13493970,26527298,44205560,
6901011,785820,1345256,345222,37588429,31588145,52611920,
4032887,478483,920734,350776,21234126,23002472,38394380,
1872283,221466,803509,430387,10596626,20244349,33700280,
3893914,528131,1208292,312391,19272662,22787162,37920240,
4426417,548157,1136371,383222,21300179,25121369,41868440,
1274382,145967,565098,277095,7152505,12447122,20711680,
907074,110690,445638,277080,6051532,11204870,18674640,
951156,102256,370697,215792,3845291,7809096,13048600,
4073913,537214,1302913,471560,20186915,23488406,39182100,
7175864,780283,1373134,600311,38469201,41083024,68563040,
4296731,412222,1051922,317672,22625960,24227572,40223540,
705215,86355,351650,195729,4043837,8234139,13723540,
1397462,149978,550859,322445,6648962,11662697,19437780,
3242703,448056,926778,268705,16919172,19014061,31740540,
3927196,515660,827338,255595,18339112,20746307,34597560,
1959113,211036,934607,394234,12839032,19561329,32535000,
2533338,350943,738839,300251,12905473,17498209,29197300,
4996276,653415,1556248,556262,24184481,30973109,47775980,
5403475,518370,1285181,560279,29912424,36353303,58171180,
2077829,214224,661892,357747,12891554,19037606,28856280,
302116,33626,126851,67102,2359175,3841427,5501800,
2663582,376391,826944,311770,14141647,19826062,29721040,
3508539,445488,1548390,489282,15748923,25458961,42089020,
3369334,425907,808304,281213,17390464,19269890,32136460,
2221112,266663,914562,440768,12279929,21787031,36353140,
3846388,537948,1158623,256002,18023087,19819566,32970260,
4100936,487788,1222788,535762,22046494,28871514,46482620,
4728225,456313,1119148,627238,26383074,34742058,56895980,
4256064,529390,1224791,374045,23153228,26438265,44027720,
4283136,545944,1018296,316595,21815536,24426090,38874200,
1650899,184142,746838,324442,8693922,15934647,25033820,
704300,84714,322837,187436,4049863,7163630,11825420,
1429971,160692,608800,322427,7823867,14062975,23438420,
3113498,431340,829656,241561,15339042,16764277,27988640,
4057838,532650,900879,289584,21139195,22350409,37302880,
4481570,464286,1645733,915009,22500299,39631162,62960720,
5815527,638915,1377205,510920,34548123,43007394,51909000,
6004299,759757,1629383,525380,29368322,41165113,47687560,
1898646,216490,932186,429535,10490793,23648028,27607640,
2147387,283504,674227,349830,12196299,19517109,27134480,
4733599,631034,1239155,294214,22206450,23592266,31672020,
2880336,329822,1037718,414725,15600900,22540429,36663820,
1661511,185982,716301,416974,9071838,15756068,26294440,
2834124,400976,1157364,485564,15493018,24297770,40563520,
4830035,620760,1399807,596212,22696453,39877018,64322800,
5479388,580248,1122653,354414,32100251,37772081,57114220,
1571828,179176,638487,322253,9583968,15234723,24912300,
1041258,118388,450852,268033,4100144,8049484,13429780,
3279158,450757,960084,239773,17025729,19352548,32268620,
3732109,491406,747505,176865,18233697,16828911,28020500,
1959556,214537,828764,419694,9889376,18199628,30368180,
842656,101837,400102,229844,6413358,10769952,17880660,
1248092,137034,698496,387667,8093659,15536532,25928160,
5664357,644910,1379109,617396,27738992,34314555,57241180,
5501977,624440,922167,247927,32479141,27273325,45411120,
4132670,524036,1455139,552889,22201464,33128360,55214200,
3513136,475800,908595,236616,17036737,18560366,30933520,
3251980,374210,1214489,491783,17483755,27466515,44439020,
3554326,466656,1092642,371170,16874526,22765382,34473340,
3985052,510170,884809,218222,21748810,22514143,33628800,
1806708,210607,787002,402611,8643981,17936407,28529360,
1982654,211306,725080,485362,9815519,16542588,27657200,
4205209,365313,868100,450801,26041852,26401480,43942300,
3129275,428139,895169,284585,15143663,18399496,30632080,
3335406,472078,625514,144671,16069076,15034447,25057440,
2867095,307113,1139870,475401,14831470,23133169,38555640,
850168,103477,422738,241995,5791670,10766710,17944480,
924964,105952,386758,212966,4232215,8568942,14329340,
3509049,470596,1100701,370621,16816747,22688459,37815320,
3479923,465657,963980,307187,18138905,19499921,32500760,
5117419,521519,1478635,777798,27031966,43297861,69758740,
3893322,455775,911842,351737,22669601,24326570,40362660,
3478417,439237,1097786,314758,16496734,20582677,34372180,
3914001,466621,1108126,427096,19973599,24531732,39514340,
887194,106507,431458,255249,6932436,11411126,18975720,
843227,91623,327973,196366,3287415,6390848,10648580,
2159244,302453,539947,235676,10633182,12879027,21464920,
3039524,387777,1054259,268178,14394929,19405680,32399220,
5071188,580816,1374153,677427,25723809,34100397,56886980,
5016165,468338,1275670,612518,31802022,39013776,64998720,
3427762,474503,1119255,364759,15672003,21297717,35426220,
3588947,477924,670726,210389,17508310,17214786,27581740,
1983246,220001,941582,436816,11501224,19770553,31871760,
1703667,194189,708120,362697,8038546,16632616,23948560,
1191599,153034,373576,180900,6306828,9959249,15595140,
3516355,479372,1341214,364345,17221945,23136504,36428540,
3307452,419407,726226,188618,16576920,17064784,28013320,
2932398,334769,1190286,761652,15447873,31336875,50613580,
6970227,772666,1726741,577244,39278833,43994781,73384900,
3810172,497342,797032,237756,20221692,20627389,32294760,
2229694,244371,1023760,427878,11327714,20397969,33160280,
870931,104867,413100,244317,6349029,11392834,18988040,
391438,45568,170578,102294,1547208,3740686,6289740,
4403803,569527,1349763,451664,22302977,27410339,45647700,
3680059,477242,766360,174627,18207847,16902561,28170700,
2215268,241705,1164313,591261,11888806,23601156,39337220,
5348970,626739,1328759,628002,26232057,34500538,57518480,
5642834,666160,1083011,305518,32668415,30449485,50787920,
3177008,335002,1276162,542611,17303109,26072089,41924840,
1853158,252318,600330,286741,9747470,14140103,23624380,
4074993,520986,1289932,339350,18993454,22051142,36402480,
3916362,465026,1165229,549165,22041502,31445081,48769160,
357838,44596,228632,114010,1936880,5014325,8395340,
4866867,627150,1567559,552569,23020617,31144755,51887200,
4149845,540217,1137418,393956,21651721,24541123,41027980,
4972687,510168,1268780,721731,27306904,39260069,64967880,
3703896,431278,934173,387526,22446946,26551700,43592160,
3424609,461349,934686,183726,16585495,17446321,29077240,
3897753,453787,1386756,575749,19477432,28922748,47686580,
1522024,176184,708674,370572,9670466,17823820,28916300,
4126785,563714,1283965,323420,21494578,24629046,41082720,
4281742,502583,1185411,510362,21551067,30160640,48302820,
627911,80896,301169,155961,3473821,7054342,11522680,
5212353,671747,1903998,861622,25106802,40710085,67905800,
6919808,777570,1182530,429486,37228043,35744733,59027360,
2681446,267113,1117299,432521,16748364,25101888,40001080,
3502982,473142,1131412,508067,17917483,25651619,40216940,
2264624,309322,1037183,213473,11109047,17429024,28214160,
3718057,455505,1104260,379309,18086732,25902902,40347400,
3201071,435371,1073184,527528,18727273,28520507,39880120,
3392446,438065,1352772,344933,17262130,26518563,37899340,
3935624,482623,1069728,442338,19866193,26910317,38780740,
306434,35070,214638,107158,1920018,4539081,6648680,
6443038,700584,2047124,1069515,31982103,58015400,77565240,
5952522,677032,1066584,237821,34068596,28664877,42610480,
2691212,289211,1120098,436815,16139966,25131002,38370340,
3584073,477911,1164116,458325,17667834,25772271,35707940,
4450961,582443,1072502,236704,23867353,24234052,32312740,
2303774,252304,1026122,489043,11686633,23125136,34625100,
1785729,223808,673714,355216,10523860,17287381,28766220,
3745762,511057,1163064,258020,18413591,20768401,33954720,
3424536,422447,1115454,416281,18221228,25761753,39580380,
4022433,406380,963097,606807,21893973,32041068,50754480,
6283877,734963,1775321,620921,35297573,41265728,68439280,
3791459,496740,878821,223108,18835760,21414274,29875000,
1542959,177904,696005,341795,8036225,15132385,23560360,
4065022,531288,1343855,496891,22447562,31656469,44117140,
4241705,551491,1016824,228169,21090037,22072022,28239260,
2047971,232647,887299,466243,10135106,20027373,31285620,
437668,57671,233676,131958,2986624,4846057,8056240,
3008939,283310,920349,615277,15733443,26121788,41026700,
4878174,523931,1042103,364751,28647635,27282232,43793880,
2324958,315045,1086585,249604,11397001,19587732,29170900,
5170496,616098,1528251,584481,24925274,35155294,50204100,
1251309,136083,553640,255064,7528547,14285490,20404680,
892497,91601,307724,111767,5557144,8508285,12183800,
3792401,484430,1139507,364747,17928925,23883663,34090340,
4764937,620952,1019016,261170,23847888,26241615,38272000,
3546486,348986,1472454,719098,18515668,32473780,51369520,
4491260,396637,924054,479015,27788819,30143254,50161880,
4856119,587677,1543005,337647,24585375,28262733,47153960,
4129370,506595,1062450,404447,20011893,24761631,41205600,
1422613,176650,684249,350034,9470845,17240180,28678500,
5065663,654830,1577098,563543,24022304,29592399,49314260,
3922137,491271,870050,240283,19745016,19992641,32770460,
919696,115391,413077,207023,5050425,9394252,14933320,
1691632,193637,733666,427593,10231219,19290408,32150900,
851632,87008,458926,297420,4683885,9247313,15526900,
7417462,791792,1580523,609557,40937993,40623187,67686960,
4069913,495791,934140,311672,20343408,23262430,38707240,
1359311,148659,639109,274490,8924759,13582356,22603700,
3597247,470409,1172336,492029,17374690,26392784,44043520,
3749445,529343,814404,164908,17753612,16788767,28009880,
3538012,367181,1436825,614314,19102637,29579126,48723420,
2020351,276980,668067,332862,10466610,17800583,25802040,
3072732,447134,969072,139865,15802192,16855355,28082240,
3893318,462801,1011678,364544,18921347,24099945,39641940,
1187807,139908,711978,394335,7472598,14883262,24127200,
4096267,372915,797819,494183,23455579,27140478,45216300,
2780114,274085,821466,470228,17232766,24270043,40442420,
3395385,473298,949935,146429,16322162,15781122,26277960,
4382982,533456,1184596,501089,21696261,26647411,44388200,
270384,35225,185399,132995,3135792,5788585,9646240,
3990071,530632,1351430,532363,20400299,29121242,48621460,
3560263,463820,1272537,418933,17931986,24465112,40711380,
3046098,363759,1107853,371098,17154787,25070889,40494700,
3522999,465719,1139382,539622,16697050,24824225,39808020,
5255524,618767,1615282,700325,26251626,36470324,60792660,
5519797,547455,1255945,446862,33775167,33552032,53054240,
1189829,130884,469333,267801,5859087,9888949,16447560,
226889,25433,122000,76508,3518680,4759607,7932580,
3676167,481530,1143429,478299,17141670,22773568,37989980,
2396289,326814,933455,212125,11777887,17231847,28735820,
3838403,470752,1113188,432104,19153788,25766405,41339720,
1418515,160822,608041,356861,8795252,15033482,24599880,
124613,17581,75237,49124,596870,1849609,2883500,
3111516,409161,951859,403328,15498674,21363592,35665600,
4092817,482080,1410652,637283,19038997,29702478,49522160,
5882089,616840,1116321,397933,36393361,33739451,56236820,
2626394,337937,935872,472188,12926788,21160247,35244760,
3122031,446271,1034881,170605,14989203,16725843,27859220,
4226415,502398,1148505,469034,21814849,29127732,45361360,
1019069,132175,540288,263864,5579795,12184591,19963060,
4086681,544799,1335650,399815,20400741,27122760,45265560,
3971604,543056,914698,344129,18205210,22029588,36653440,
2189468,225392,1239435,511064,15018329,25701121,41632460,
6152579,760152,1589923,791108,29910201,45902326,75925720,
5242325,613274,1067136,238384,29922496,26966796,43345220,
2598752,285294,932426,319862,14306986,19605984,30473640,
1635823,184308,667005,361718,8854031,16133210,25108140,
85750,12773,66408,42225,994859,2040405,3161440,
3216828,426970,1009555,424463,17034612,24311977,40484500,
3620440,487901,1012482,330931,17108013,22323562,37218420,
2933111,335792,1060446,398280,15285434,22719073,37819760,
2044223,248352,976900,504189,11038738,20568648,34356860,
6015539,723610,1499598,569528,31465643,38094345,63522820,
5643312,617222,1223215,413472,31028945,33428676,54918100,
1492692,180530,717801,338646,8221784,17008654,26781600,
3680117,513780,1146518,319943,18384586,22525482,37236900,
4476827,581879,1128497,425290,21841862,26647555,44488560,
1872083,207941,1039257,414627,10547181,21072482,33112400,
3945655,516578,1240381,526416,19055149,26473079,40333580,
4099781,543536,912265,313438,20164018,24288642,38863780,
3740830,367004,1587836,808223,19268216,36743217,54886140,
4781010,428887,1116575,583035,28625279,30260093,46576120,
13753,2317,12857,8445,59801,279440,456360,
1338274,143821,567289,344898,7845053,13396328,22395220,
3696499,519505,1019124,204685,17699922,18130035,30182340,
3336371,414487,704402,179085,16811261,15748497,26281280,
2332416,269935,962997,543166,11852358,20847075,34670120,
191080,21586,89369,57881,1934084,3034906,5041920,
2780564,390093,843558,345132,13412124,18119568,30271400,
4611020,591328,1532609,662487,21470024,35564283,59260680,
4972675,541343,954402,303646,29057648,34646077,57810440,
3106748,339736,1185253,634460,17464848,27604674,45914720,
172250,24254,120421,86078,1502497,3538975,5864400,
3151230,425800,944264,381907,15007772,19155697,31960080,
4365186,589926,896457,252487,21633913,20389355,33982280,
1624207,162806,754060,261505,9491203,13743166,22871480,
1444591,163574,595050,328886,6884331,13232950,22121480,
206766,22116,202491,120254,2891257,5142739,8539720,
4663009,544982,1243433,732152,21915001,32377012,54010840,
4517608,478230,1475742,359265,28454667,31719864,52832860,
4034121,501642,963680,344568,20283663,23271124,38864640,
2847572,344004,1104347,563690,14071343,25045193,41684600,
2696087,388450,1007231,182550,12919228,16284603,27123740,
3819871,487331,960521,330742,21436917,24626729,41044260,
1949053,230170,1012719,443073,10212906,22188801,35297140,
3040640,415861,1095217,390804,16404868,23187603,38157620,
3706438,480585,1477534,535409,18490478,27630512,44392000,
5946407,617496,1422526,650611,31169869,41058427,64124040,
4488881,500065,1150187,462338,26715517,30020327,50000160,
4374006,606665,1034354,278610,20399873,21573922,34196540,
2706203,279584,1041993,414872,14624332,21819327,34264440,
2483908,297734,959732,498037,13124954,23113780,38236180,
3523323,494654,1007045,188213,16930772,17188286,28647340,
3881616,474105,996871,409144,21032451,24578436,40385860,
786576,88816,329488,181374,3243103,6506144,10813200,
1206371,130581,681123,381875,8288032,15265455,25527100,
4959894,472638,1035700,604030,26674558,32046577,53435100,
3986281,514493,1060755,163907,21808869,19592454,32592240,
3706877,453472,871118,327236,19253572,20953599,34909400,
1141011,123053,499711,268810,7345634,12181632,20337560,
874527,110983,417156,216304,4565591,9847087,16366640,
2163244,244531,780054,418054,9864945,16344034,27292640,
3530949,497263,1006229,159907,16934556,16588606,27676080,
4502823,565715,1033040,393193,23563074,28415970,47498940,
2069937,217179,945074,561971,10758932,21078657,35091740,
6786592,769773,1479600,515346,39806119,41259212,68713000,
4662821,591486,1074275,368862,22966714,25828374,43083400,
1749885,191485,856125,325233,11488694,19237637,31950780,
3021042,414465,961959,371469,15318181,20602899,34371820,
3660687,478978,1152267,397569,16934511,24253186,40129700,
3178140,373133,1008357,391330,16702074,22509871,35480220,
1614449,184542,684320,397726,8811058,18425483,27835160,
304127,34228,123352,69545,1213471,2637582,3742200,
3865408,467291,1117754,586677,19346558,25315660,42226840,
7399846,819219,1344934,434278,41245529,36264851,60441000,
2083772,213871,860364,329985,12644553,17261536,28735420,
2062370,260856,748123,384910,10520219,18544184,30993580,
2700741,386415,1186008,289423,14118389,21202275,35263460,
3511637,469887,793993,234542,17081430,19513930,31409600,
2378596,253143,1104365,466938,13184713,24225636,38686760,
977640,117620,448840,251462,6594674,12017342,19166520,
2154136,280828,777766,397408,11113820,15983278,26653580,
5914171,675077,1591075,575331,28510969,36148767,60268340,
6396220,685598,1073751,374865,38135649,38826474,57062140,
21535472,3118708,3310526,1480437,119269454,187901810,195157600,
25825958,4767506,2595937,1098299,137201915,172208401,185337540,
22854152,3485449,2607473,1008234,124761570,165964005,160208920,
26356029,3979459,3365523,1167615,145564787,196842844,187450220,
29963266,4801766,3290107,1215320,162965468,211653901,201599040,
11573384,1573203,1796701,722633,60597726,76494275,73491480,
10626017,1420339,1346569,821225,60916554,73164281,69845360,
22597444,2160016,2440128,1352435,122150941,162760349,155013380,
24822551,2276048,2255192,815363,130646741,116401623,110790940,
9891164,883492,1293616,571539,52009609,52276631,50117620,
2068164,217569,825865,447774,12010969,22549354,24324960,
5134817,677790,1557402,402414,25640883,33252224,31510680,
3988559,493407,1183886,494800,22373560,33651432,36960960,
805913,85039,308198,171402,4333798,7330750,9197520,
2760496,384240,974395,286039,13840796,23795979,23870360,
6215956,768880,1848090,756237,29328986,50678664,53375480,
5102818,432289,1406428,562656,32618725,43242718,53249680,
949693,107550,390657,204368,4997847,9764255,14946920,
905930,102517,376745,174117,3583410,6919100,10623540,
857580,89581,391588,223472,5568046,10550390,15433780,
4678591,637347,1488238,359365,21750467,28749700,36009900,
3908073,480705,1110344,377012,21295413,27285259,37588200,
1159557,128961,554169,250971,6074567,12800931,18292500,
1484366,143662,704136,326850,8070658,15458819,22066320,
5589366,605322,1364776,568677,27700413,40484642,49285060,
6294267,717604,1596625,415887,33906663,36892660,50390100,
2959741,336345,894680,331640,15908115,19831663,31768960,
1038995,118857,431924,246957,5242524,9782543,16286440,
2452818,221384,880879,354538,12694374,17653243,29375300,
2616922,354267,721210,217939,12922562,14875233,24838840,
4456697,597874,992629,308854,20671719,21692670,36175620,
2068438,205447,969359,345454,11943959,19608935,32635580,
3461568,393082,1116246,704836,18435731,31126176,51003920,
8693267,999166,1708500,472706,48869419,46918555,56406040,
2391061,248310,1091055,464359,13345436,25128798,34498560,
628049,71288,260800,161211,2695339,6122693,10272140,
4368520,580230,1413128,453150,21848863,28201063,46967500,
4330784,534773,1097277,373313,21096681,23576579,39319860,
2177830,251890,974340,529877,11391897,22319415,35745380,
2785554,386289,845445,348606,14217467,19532681,32577720,
2915979,386694,1298876,343677,14722948,25014043,36559340,
4778028,556155,1384824,654824,23969438,33642250,53054560,
5469400,539797,1300429,625565,34847417,42163498,64358880,
3438565,477092,1545819,424886,15561123,25348446,36204200,
3595464,464502,937172,259308,18906200,23883769,33735920,
1684894,200885,790442,386943,8410610,16822523,25737340,
1036822,118044,449237,242436,6489380,11786970,18905160,
1435372,176909,469986,247392,9096284,13464035,22521520,
4053549,556810,1313452,325073,18739418,22184242,36286280,
3265241,413584,827635,272831,17784699,21298788,35141960,
3690306,385670,1197989,745631,18727897,31088727,51226800,
7384574,843370,1880576,529429,43068668,46742796,62306440,
4068399,507480,1133461,451007,21311793,27938418,40096600,
922731,97241,366974,198441,4341547,7429395,12123340,
2862310,389430,883163,324398,14498161,19624913,32740940,
4278691,577310,1027224,276626,21654716,23968135,38990540,
2689378,283257,1168033,479256,14482662,24181327,37724920,
1709482,217261,659855,332327,10589427,18451634,30808380,
5720698,726627,1924044,752428,26779607,40709582,62852700,
6255820,639075,1193907,404663,36902055,36528254,56059100,
1161026,141196,529120,254528,5704018,11721722,19000400,
1397629,162433,658001,354492,9073746,16960235,21360460,
1301306,174916,497787,206824,6605801,12290049,19187320,
3253546,436504,1508454,456632,15744203,25510096,42182820,
2872420,420156,778966,176722,13599115,18304244,28047340,
2414640,268343,1246509,410901,13501325,26702329,39501440,
4361491,570512,1376223,399807,21062693,28984463,43428760,
4927810,592562,1343547,628972,25223464,36676391,53400000,
5377590,485956,1483575,682179,31013702,44181048,67755060,
3432747,443289,954715,352609,18484275,21463250,35695020,
4130102,553679,856240,239719,19301705,20764684,31277120,
2571782,270176,1260006,509698,14826165,27809684,39173120,
2422529,331897,712225,361305,13213220,19773607,29377920,
3610401,458295,1326282,392225,16934412,24235266,37279380,
3657041,459028,994622,379939,19001238,24718850,36949300,
464192,50344,387873,235576,4273838,9296324,13807500,
6912569,794250,1863562,814397,33819675,45987288,74960740,
5859184,647877,1393271,567275,32971132,38908627,59990040,
3489719,314807,1970629,1074196,16325541,45026665,67584980,
1198529,125023,592140,414079,7862728,16202728,25145560,
158854,17878,60356,41950,638995,1727139,2684100,
3709809,490333,1081900,379753,17527151,22074341,36756520,
4070438,540688,841284,326106,19118521,21925478,36542420,
3097137,335121,1357946,582440,16647441,32599068,51414840,
2974755,385560,1128705,503531,15860977,26061418,42831360,
6270676,710873,1360667,543342,32205571,39385461,63671240,
5052151,509828,1356583,527833,29308187,35831478,55765920,
1546290,162974,671250,424751,9778357,20504640,33253320,
1674216,104715,1052319,841360,5923087,23975219,38305580,
3669034,461566,1199985,770151,17368953,32048029,53379800,
2147278,304638,1085600,200347,10535554,17008736,28348220,
4352437,528030,1074648,418346,21327739,25070639,41796680,
2043920,264514,731293,381068,11460164,17085530,28428220,
3383265,439548,1323034,397351,17023320,20882153,34124400,
5354707,695996,922546,545262,25919696,41132674,62977260,
3863305,361642,1189650,467212,28123494,37197069,54284760,
4393476,579945,1443475,472135,20899907,29403641,45164020,
4455458,559728,1165432,347349,22903130,27397780,40381400,
2014376,238456,948906,485545,10249930,19545473,30542560,
3350021,446648,1121686,387622,17848145,25693382,38668760,
4265608,567423,965472,209214,20761649,20462122,29231060,
2407568,271917,1128518,500655,13602283,28203493,41917500,
2407453,321308,895728,499974,12815684,22043785,34982480,
7847558,880586,1764885,574978,43505660,49476965,70691020,
4014366,484128,1255247,530402,20427200,31165312,46845620,
436258,55898,240280,136081,3267344,7205788,9487180,
6147886,783963,1854325,629453,30583130,44895109,64062220,
4424954,559498,1134330,401338,22284066,30270359,38778500,
1098607,130441,452685,230869,5405434,9623749,15615780,
1257855,143381,552703,338379,8459991,14217632,22447380,
283459,33385,390528,221101,2714150,6906670,11344520,
6229990,741286,1584144,713263,32777887,46503974,77458360,
4573568,543493,963053,229366,26120654,25424422,42335680,
2823422,300495,1116472,462878,15857880,27036129,43872700,
3571195,475074,1159706,446780,18795625,26025624,41329340,
2098972,300899,938906,210692,10171283,16761143,27747920,
3642690,449214,1079884,357711,17569619,24810767,39208740,
1997382,240725,847404,447356,10633987,19129275,31319320,
898372,102125,389221,235356,4757127,8706666,14562360,
2393436,335900,901710,381472,12033641,18904436,31507660,
4356685,512771,1278764,510937,20960411,28604956,47735560,
6422419,664570,1325034,493766,37315641,37617567,62133260,
1019427,123133,496582,280048,5846843,10808052,17333680,
539937,59630,226384,136763,4686214,7121137,11455980,
3436946,455712,1046028,416862,17280965,21926434,36604400,
4098945,559947,891624,226965,20481396,21035400,30061880,
2398641,258884,1076790,484379,13185433,23656008,36391560,
1998600,267214,581725,301285,9828341,14095307,23525840,
5248921,678182,1785843,656892,25970645,37972479,63399880,
6517355,663880,1317564,498105,36916076,40311428,67040180,
757952,104647,391207,200164,4225872,9244560,14244480,
1748331,198051,746393,419725,10296950,16506178,27444940,
1691168,177677,677764,493127,7899128,18757604,31309500,
3885605,458850,1638557,707196,19777649,35527156,59302580,
4450166,465267,1473573,819387,20740713,36525588,60842240,
1470078,129072,845614,584386,8079771,22096850,36791500,
3893910,508704,1355990,556719,18490339,28174735,46941980,
5081936,615537,1747697,875015,24755823,45735600,76299800,
5314710,500243,1328147,557886,30599474,36073322,58573400,
2402337,202637,1043928,640434,14792829,31046714,50118160,
872653,8541,759960,698851,2703835,18075667,27559960,
4479581,584695,1420915,495730,22228738,29317683,40003280,
4544527,572481,1177528,365263,23524551,27710722,35286920,
286037,34443,176807,70506,1518596,3417169,5512660,
3658101,476586,1173198,493647,17583609,25884099,43174080,
4127246,568449,1126215,329688,21873010,24010870,36876800,
5857044,578492,1897041,929488,30458873,49650064,70738600,
3483643,362861,982590,473487,20641752,25437135,37413880,
3510938,482131,1005696,156347,16904862,16650959,27657220,
4588868,560611,1399576,595518,24964022,36323901,56273980,
233708,30760,144439,73955,1269739,3107614,5081480,
5063435,671847,1686681,591910,26979526,38966963,60774380,
4846904,602661,1238758,376889,24438627,30514388,40065520,
2517063,260072,849838,362007,12261508,22728273,24464700,
6754925,830773,2096237,1028990,32059233,65264729,76116360,
8337720,905376,1668211,448449,47393372,48303535,57564880,
2810457,314729,1125008,587287,13671270,30980859,34698180,
3034395,379217,937930,492173,15217436,27298243,28284320,
5672221,752493,1398199,262317,27739258,28728825,28341200,
2414504,269771,1115591,562336,14173110,30483319,36763680,
374559,54626,153192,100690,2174627,4302080,6421040,
4065514,546928,1346308,417910,19606003,26432482,42013860,
3902647,500242,1136817,356403,20121019,22375248,35349600,
4689161,456212,1207541,664934,26346115,38195278,56592040,
5585751,667893,1557498,601050,29761353,42938437,46471920,
4351939,554456,1066765,269675,22930731,25403077,27775000,
1222516,134180,508729,272685,6114886,12426076,17331460,
1951877,211364,843996,539463,9915495,21033918,29204080,
101192,13803,70399,41909,1638464,2741309,3019340,
3990289,517752,1197285,433200,18790518,25317052,32457100,
3744159,490497,774338,168252,18466555,17084201,28473400,
1590598,171027,929558,443268,9495373,17817365,29705440,
4263368,427698,1115544,677545,23319862,36641725,61142060,
5341534,649934,1191293,212183,29833235,25200622,41933240,
4358656,522365,1273279,519376,21230902,28578081,47630720,
906854,110629,420530,211644,4860258,9952090,15768760,
1584706,171336,684773,309697,9584075,17493473,25005220,
2863370,338083,839688,383487,13119141,19074560,27266520,
4922359,618678,1469187,418193,23948036,32285203,46157900,
4372835,466555,1804227,859928,21073394,43489666,62213640,
1099485,94314,601023,379859,6890625,13242372,20309540,
5897275,685548,1294057,682262,29376752,38647010,63891100,
6626942,729988,1413568,425911,35579224,35520720,58308600,
3587708,357242,1603964,587474,19695199,33221403,54808820,
3900259,486437,1401349,710406,18194414,34457495,57479000,
3120683,366862,1204962,411664,14302654,26011461,43337120,
4022994,495533,944377,366712,19981031,28094365,43511080,
3349126,359610,1568761,938977,15682465,38645888,60298640,
142574,7574,107705,91682,531021,2624450,4363760,
1670946,148880,1063953,749579,10091876,27823341,46495400,
5687872,644467,1521324,766919,26450311,38947928,64844680,
5639815,623702,987157,265246,33787747,31746447,50405620,
3622936,429654,1538624,637218,20700309,33301519,52680460,
3911341,511214,1169210,314817,18367131,21813448,36122540,
4655450,569687,1369726,592799,23285514,33356970,51582040,
189625,26637,92586,53147,1040921,2683254,4350900,
801770,90083,377450,215231,6933245,12170306,20165260,
3347659,358563,1349509,856531,14614200,31604089,52681460,
3701185,513653,1324677,333183,18708562,21059884,35103980,
6695369,721206,1418147,651505,33547202,41708056,66621460,
3140046,337933,1111870,550050,19027753,31763069,50831640,
4131358,551255,1406490,447774,20429188,28305546,45051340,
4700449,588519,1231235,447630,23446266,27588974,46095900,
1325780,134752,683712,395837,7156454,15829530,26245460,
2097491,267413,715926,426065,10709913,19284195,30918300,
500494,56480,201131,115872,2275480,5425860,8360080,
3589353,486367,1035057,246328,19346009,20217441,33695780,
5710463,692222,1556938,777169,26173844,39255078,64151680,
4517097,378853,1131622,526801,28240695,34878388,55052300,
3458816,460397,1157319,474218,18079500,26401860,43011240,
3858912,519459,913016,265065,17985671,20141051,33452320,
2625736,241935,1064636,482884,15358216,25072773,41222740,
1501848,169246,617700,355867,7132227,13490261,22005360,
7939,1274,7389,3935,36347,134286,218740,
643085,67789,269231,162391,2925175,5457341,9095440,
457761,47488,269154,145014,2288634,4174652,6990040,
5785388,389235,703096,390758,25017114,22274772,37203460,
7455968,736838,1178997,531574,40625855,39900038,66497520,
6123999,639374,796331,398773,28749200,25712024,42805140,
7685224,1004490,1517647,362323,39231433,35009813,58394740,
7843776,951401,1352803,505566,39492990,39242956,63936180,
4496541,541174,682736,280197,23586375,21961580,35493420,
4557792,520203,902879,447213,22851821,25893510,43212040,
2480097,286355,270902,99391,12652567,9754386,16194440,
796770,95269,545724,322543,6953408,12596666,21028720,
3259305,297706,617383,433428,16038319,19515010,32519660,
4712364,539526,915856,268259,27931647,24467828,40745780,
4292352,554124,1095320,366543,19309623,22264686,37107720,
2282668,248052,822746,287213,12846869,16874289,28157680,
1254125,142957,561158,317751,7381892,13194015,21956180,
934861,85219,517212,355475,3513035,11306462,18878220,
2944786,397204,812040,218603,15326353,16411727,27318960,
4021794,542739,871494,291197,18376406,20325668,33876260,
2347455,215603,1302362,616614,15935876,30890584,51615440,
4727136,526538,1589326,1203161,20569294,47572032,79269280,
5899794,598430,2023285,898319,33584176,51798842,86265460,
4604784,484169,1567365,879645,21779804,36311342,58989800,
4092774,383372,2105376,1349841,19285082,51446126,84091460,
4460939,560842,1463954,572733,20350308,27877769,46407580,
3916875,489769,1047426,434171,20420162,26063386,40997880,
1353003,160402,639476,353429,6993615,13830533,23152740,
3635723,495776,1146371,319058,17881825,22116719,36740660,
4396689,557574,1073671,345315,21211250,24013173,38911540,
1704061,153741,1069416,573455,10474777,21695846,35246340,
3931801,365474,778980,496149,21657471,27087170,43479860,
1955755,186445,612166,316167,11832712,15723824,25363720,
2956428,402538,865294,225518,14534106,16681377,27802300,
4274675,552920,1190875,530477,19049590,28012717,46830560,
2487073,207773,1469691,711606,13155361,32484507,53753420,
1187262,148356,539549,273211,6652814,11551163,17971160,
969106,90480,442395,304260,3712448,9837048,16428920,
1116710,81114,719232,502716,7103966,20534092,34221600,
4721165,573005,1471635,630798,21757935,29931904,49900080,
6163934,676653,1080627,318737,36803939,33716895,54219800,
2208919,227664,991191,395837,12358752,21408742,33005200,
1528005,105602,876726,695608,7231824,21118710,34869320,
3120845,430951,920883,296779,15486484,19881991,33078480,
3325634,427973,970105,350649,15676840,21890776,36416540,
4353234,503425,1417400,542072,22917868,36413553,50333780,
3756270,498937,1196078,477242,19316626,29354203,40086400,
4786563,622237,1626468,657259,22957901,39864578,52102420,
5903429,560225,1607471,756642,33370575,49294564,63800280,
2748268,308737,846695,406399,15677682,25128537,31813600,
3706703,521760,1435669,320624,19098424,25960869,32451220,
4049695,491696,1147190,454079,21107974,29746431,39412360,
1110483,124468,473153,265618,5668988,11220628,18037700,
4045700,551335,1285336,365936,20281598,25920520,37127660,
4782212,577289,1201009,440382,25025756,33700189,46737180,
16198872,2214226,2739522,1179961,87788473,133394371,177847080,
24092588,3839491,2747833,1071313,128542877,175133090,192828220,
22164283,3770179,2796417,1484989,116509963,180653204,188795500,
26457024,3843304,2743362,1183844,145515979,200540470,190959400,
27795515,4198598,3080696,1193863,154747007,200319916,190782360,
19388220,3000963,2052370,801572,106608706,130212637,123519240,
6314445,1050175,1097954,235195,37942070,29442981,27232800,
5697294,797925,1497155,667331,30603574,46482543,44471660,
15797155,1784841,1632797,954724,88528354,95317414,91111920,
23323448,2601465,2165680,802401,121009848,120453362,114737120,
21660807,2114214,2400732,1066842,117152490,131089050,124734000,
4698790,606041,1367449,380754,23315332,31103272,30089340,
7805309,825678,2096655,1045185,40342936,73095332,70810640,
7765280,947240,1768370,455282,42917507,46291089,43984240,
2593903,285237,953442,397623,14061954,21732432,27583280,
793324,84245,319086,164913,4278581,7618651,10899740,
3452054,466524,1067509,297490,17916085,23201535,24825200,
5290418,632553,1441916,551121,25837551,38245777,42346420,
1034870,121528,490081,253473,6546868,12248264,18119760,
2513385,321758,801514,462292,12380398,24267389,28180560,
4832855,633302,1988803,685317,23201883,44568026,46878940,
6213389,611129,1506482,775112,33559005,50481613,61424420,
1519526,140572,466954,249876,9158273,13777038,18493780,
4319140,592027,1334219,390928,22038295,29210059,36813880,
4224790,520659,1053430,397072,21511675,26248300,36112920,
1251125,138288,554131,319744,6598625,14457462,18511260,
4585179,593417,1548549,539423,23565752,36917890,35857980,
4416300,535377,1107298,405015,21190411,27075048,30000420,
1166903,134708,499771,270612,7448406,13992478,21340640,
3086407,355496,1211676,745194,15561927,36858597,49440440,
7724330,831324,2086939,757479,41888004,51857299,73562000,
4080123,483079,1332418,617262,20740740,33536305,44128360,
1012077,118000,509422,269543,5665549,12902769,20162940,
4860264,629307,1599649,465339,23581665,32493504,44726640,
3881466,480360,963983,377899,20636747,25199971,34968040,
1070720,118936,471302,230136,4600134,9990987,14004220,
908378,95011,452032,296887,4726226,12093419,20155920,
953712,82458,576280,413793,6545960,16476503,27576520,
4960166,603389,1558501,720513,22707211,33975915,56537200,
5752768,649936,1076915,254164,33749460,29672061,49402680,
3516554,351689,1418744,670109,17194835,30956844,48547980,
680911,80986,312183,193541,3932803,6852400,11420700,
1802376,199857,368695,169335,8448516,10021100,16751760,
4087771,458333,770962,418203,20026373,21952644,36590120,
658573,80026,134634,74005,3264768,4218908,6973700,
796057,83139,285189,164161,3086024,4739702,7899540,
492745,46662,476389,260328,4849624,8566669,14318000,
6672343,785705,1510990,552260,31771874,33692808,56147740,
5470662,617899,1134805,434926,30657946,29891098,49886300,
1226673,150167,547348,303359,8022291,13450163,22314680,
1557853,152193,684245,400817,5975354,14295208,23825440,
621959,66964,322579,189477,4360465,8777634,14663200,
3292091,451806,1181936,345716,15338052,23229782,38716660,
4079364,527166,909312,243661,20123884,20020397,33367260,
1824029,201670,804568,339687,10458844,15857103,26401040,
1050282,108610,656117,367354,6593522,12297324,20488900,
5045960,583451,1053711,510179,25032954,29548441,49281220,
5775272,697877,1058935,286832,31130757,27786339,46090880,
2641258,276920,1168307,496603,14888786,23693280,36042340,
1347849,162037,577043,290234,8016148,14088734,23494720,
4545698,598697,1341919,344135,20719971,21804642,35298240,
3262938,391215,772671,270925,18873143,22105653,32538100,
1726581,203360,801420,382975,8675432,20199593,28678500,
4824775,625002,1519803,464104,24487598,33087654,50842060,
5438391,646313,1515302,667641,26287658,38104526,58660760,
5464328,495161,1581333,586138,33224309,44136537,67832480,
3339307,426767,1169553,444008,18391683,30716764,45207580,
5836105,732953,1404083,345613,27823916,31285251,41476220,
2457082,265209,1102507,515719,13784174,26045664,38697240,
1701157,216971,607770,291208,10812565,16755762,24574660,
5302294,611242,2072606,744385,24090539,37555431,61178420,
3162435,429363,733383,205672,15127595,19805089,26400140,
2295876,252073,1290900,434331,12653526,29618036,38907740,
1734298,184019,784279,455255,9026716,16884196,24492600,
4837038,422443,870673,470261,31006277,32124223,48583040,
4205161,537932,1532928,478304,19025383,29635122,45390220,
3805554,464438,1027711,412398,21273679,27989493,43588100,
1048349,94129,645588,441179,5506930,17667723,26129960,
5201677,697583,1655591,494007,25306614,35240708,42555300,
3906619,481059,1018151,383999,21151836,26507194,39888560,
4653482,620694,1627828,531842,21351980,31342858,44774060,
4226854,521840,1163939,479201,23203136,34291898,46323060,
1767073,198302,751762,479716,9463102,18506582,29970800,
7516620,826499,1704617,551651,41371490,44187558,59516700,
4455656,558464,1129090,360904,23355394,27139514,34762460,
5023503,664503,1498924,414945,23870913,28896589,36077860,
3970379,480197,1286100,584013,22141136,35726666,46809340,
409556,43970,194242,139978,2770087,6829567,9855080,
5064626,670857,1542412,427657,24740666,31838129,41329820,
3876184,484249,1045737,410027,22068535,29416521,39601400,
2563510,252780,936679,601445,11140747,19392562,31685020,
6254830,674283,1392584,520709,37304819,40219194,58574160,
4077136,550611,854690,198515,20368030,19352703,28911340,
4594348,470692,1300200,542740,22166803,32126512,48514900,
1803924,236679,582886,297990,9505438,14403305,22397220,
3534226,477360,1309306,274254,18720886,23607372,36305620,
4336430,524803,1218932,488050,22137780,29744804,43436340,
408703,50944,274964,164393,3870997,7302140,12221020,
3779906,501108,1434470,551827,18230482,30735776,51184840,
4076188,564058,1213739,409976,21594092,26268063,41116300,
5872572,555982,1678084,756965,32155045,45645915,69421440,
4929704,593830,1356162,480021,26790223,32040561,47180640,
3793061,498826,824198,184419,18479536,18039639,27168540,
2599932,291942,1200641,579610,13973930,28967792,43352400,
1603709,211505,501466,243675,10150964,14547090,24260280,
4010243,530301,1281279,288729,19074345,22852115,35670500,
3898171,475723,1099280,438415,21068964,27865579,45935740,
663730,84129,376346,175263,3624686,8544143,14188960,
4659209,607046,1647344,579618,24572090,32154629,53440700,
6891503,745995,1406046,617204,36429516,42144375,65053660,
3023546,290819,987234,451168,17647996,23295741,37078980,
3844213,468006,1388494,697441,20240083,35834896,55702900,
4325131,570013,1014435,346722,20261885,23431168,36048280,
3167808,310567,1546070,757051,18114992,35580115,54256240,
1855642,249988,590288,307944,9766600,15317171,23789340,
4377752,552787,1382534,457705,22106711,29806335,45907400,
4032059,488812,1211758,509247,21350902,30966755,48043920,
579455,60915,397647,249212,3835310,8312817,13271660,
8303543,934251,1957515,769972,44574300,52620017,75171200,
5009372,604771,1309107,482594,26491222,33423556,45923540,
1352886,141665,620557,352930,6497926,14554882,16345600,
3617037,448249,1297626,654933,17326576,31184608,45795000,
4434491,582533,1085943,337417,22156880,26191640,37653040,
3078302,297938,1554184,831788,16885848,39199439,58861380,
1848172,224641,645155,360673,9186046,16859674,28046800,
4279144,571103,1415740,426760,20416271,27955346,43721020,
6001510,676976,1722108,908454,29622369,50099018,76161620,
2979375,271482,616762,234420,21195768,21483377,35493480,
4372114,564518,1407671,451811,21147553,27226398,45202460,
4324942,563939,885040,293826,21006396,22748671,37982060,
1759800,199191,810833,405957,10191325,18583102,29841260,
3724447,485496,1181833,512043,17856782,25043227,40975660,
3970726,550721,770015,160599,20498108,18248636,30223560,
2649944,272132,1180611,498592,13820427,25068927,39385400,
494036,67367,191310,106491,2793831,5040578,8391840,
2247778,219160,845496,558032,11419463,20020254,33400600,
5589116,590426,1112126,427873,32256677,32052328,53420480,
3922591,540341,819265,176847,19878053,18167950,30280040,
2746772,283710,1126415,451604,14225534,22515917,37492940,
896772,105081,408615,251554,5989267,10686490,17820320,
330807,39101,136564,84299,1348326,2895661,4840380,
3450269,446719,1099426,484461,16407953,22815346,38025520,
4010304,552485,809349,158533,19123582,17117505,28529180,
2284393,225696,1209789,482204,13477841,22552727,37566300,
3551399,404249,899930,600170,19145069,32265816,53845100,
2284076,164176,342330,130547,16235698,12455681,20732860,
3119498,402177,900167,370618,15819861,20666500,34443880,
3547923,491284,845889,173873,17632366,17668975,29433620,
3897047,478433,1232634,465448,20062362,27427447,45712560,
3707540,464791,1203702,299912,17935968,21344318,35608180,
3567783,447755,962492,354393,19179725,23506898,38447000,
3738529,481089,1119233,494612,17866679,24142095,40120900,
2259990,303711,1255288,348564,12302945,20698894,32521500,
7397893,760299,1513111,743951,40667186,46247043,67800860,
3103942,368312,822958,433764,17287108,24260141,30683240,
4249427,579714,1120936,223272,21415589,22145747,31615340,
3615936,405183,1374910,592084,18428763,32049348,47924320,
153523,19690,90914,59291,2152605,3650688,5998860,
4697892,631483,1403711,414706,23138767,27774696,41410140,
4217472,518697,1107746,391539,23073746,29565538,42499300,
877550,112312,408423,211570,4861060,9157216,14162660,
3365897,438242,1209377,600457,17786748,30449934,50790900,
5302516,602180,1619432,642046,25968560,35768672,56665840,
6482510,684602,1487237,557018,39126003,44674248,65664560,
1893697,225096,812817,391257,10352194,19890295,29798180,
3917595,540467,1034217,205265,18886691,19491646,30018860,
5049908,504228,1976994,1180206,23557015,54077978,72979640,
612223,43985,414834,330019,3650059,11852785,16224200,
4974729,664724,1566030,431756,24350927,30824260,40955920,
4490773,531393,1329856,609200,23111086,37739560,48705180,
685733,63615,460120,266654,4485342,8619993,14229880,
5336834,477959,1168129,670933,29262559,36498509,53625080,
787477,66304,215769,124115,7090776,8689719,11721480,
4037096,520565,1355715,490555,19079358,28341164,45760320,
4642122,524417,1468685,692897,23331322,36507995,57547860,
1895741,160874,1132329,726497,10924217,30291093,41050400,
3597520,474198,1251396,544516,17371381,29005641,48349560,
3698817,510408,886280,208741,18701193,19900457,33153560,
2939665,323794,1125320,452503,15641423,24052574,38220840,
1631521,170427,964058,558907,9653380,24023904,39988600,
4970606,638890,1687776,898541,21618738,44734075,74151080,
6906085,799526,1457995,574522,38830322,49940039,76848280,
2122056,210179,904522,326337,12835797,19118962,29046100,
4473110,598599,1358434,429516,23549109,28164992,44292860,
4196864,509766,1013999,279238,20603681,21928004,34523260,
1060330,131245,507425,251977,5951383,11717803,18940320,
4174394,542369,1413943,580117,22672635,32859046,54695020,
4055037,547096,834998,223341,21327092,21083988,34349260,
2248421,234250,1051773,403828,12453070,21186868,33505920,
1981757,245940,847281,439391,12794161,20939749,34282760,
4706763,653302,1446802,568982,21299109,37156816,58937780,
6466714,739750,1298214,563055,36396363,45425888,74124620,
2080261,212861,968044,355490,11946827,18949139,28691020,
4440136,603206,1510639,425884,22689720,30444580,36729600,
4394411,539397,1330905,461781,21538296,32063451,40125640,
911269,117495,439054,240027,6675822,11399452,18028980,
3271286,432545,1120728,499125,16073481,27920185,40125940,
4478626,611819,1133169,270723,22167919,24283557,33135680,
2341074,240205,1031685,417220,13881142,22307360,31800940,
2865515,381419,953441,438440,14681529,22644760,26574360,
6197923,797760,1583931,594229,30461114,53972110,56780600,
5898784,549764,1734880,712288,36227298,56739913,65613620,
758449,90808,371987,186712,4590099,9102334,13281200,
4657049,632293,1365722,344557,23107669,26553128,37932500,
4561240,550439,1222721,534896,23757238,30938837,45063300,
198532,21926,121594,60066,967032,2558055,4163860,
1351021,162895,591275,339657,8264044,15769436,26282240,
529094,59263,232834,139508,3199309,5918621,9864360,
4366695,553382,1377605,637154,21692575,30054444,50167900,
7292961,840030,1381576,495922,40667825,43132059,71841440,
3750840,475826,1273076,374772,19523969,24804265,38077100,
4957303,640094,1147621,379885,24289607,26090041,40138180,
2114086,226846,1038107,420820,11119610,19972233,31866860,
394012,41286,162298,103996,3231761,5335969,8927120,
4105321,541916,1311019,441799,19617859,25212894,42021660,
3625340,496048,705294,193356,18544477,18721108,31201520,
2551645,218748,1438948,849241,12319881,34402509,57303960,
2246609,215680,753116,529743,10513152,18139846,28941900,
6934809,768740,1697172,450985,40467013,43682167,62263580,
5242913,629674,1516630,550614,26251555,39042634,55850360,
1468054,164466,668534,290558,7354780,16827680,22992220,
4588743,579947,1556994,585028,21782686,33379449,44199520,
5487770,700172,1434763,465543,26170233,36618232,48773100,
2221956,211312,905005,384073,13561906,21737275,31629200,
2508283,285794,997190,623676,11475699,26513910,43482720,
5556785,642928,2003213,635343,28302363,40424266,64308580,
7215732,719597,1499122,586077,40719846,46418947,67121880,
1288862,136230,633409,375131,6122437,15309424,21563560,
882066,97728,437668,268714,5652840,12541540,19096220,
2231244,245111,858996,518798,9987675,22967714,37050120,
3590864,476511,1115411,249729,17824587,20091666,32662300,
4011457,500639,1150340,467466,20154510,26457521,40694620,
1442198,146101,717484,414095,8084015,17980462,27961780,
3605400,489670,1069833,317755,18171461,21371762,35694100,
5586166,670749,1531850,755552,27091045,40618429,66511100,
4593970,417510,1130080,453486,28691294,32988911,52380100,
3374938,399215,1047116,502398,17713635,27831481,45296680,
4136708,552183,1032977,253988,19505330,20274789,33807560,
2875732,309983,1106328,479963,16438605,27119204,43495960,
2216596,259377,836158,423603,10814428,20414195,34050300,
3596867,495226,1022108,186739,18662941,18638133,30782820,
3913070,480469,1058340,458200,19939609,27133218,42890400,
1677649,175058,895879,524285,9788134,19381531,31322080,
7356691,829934,1560816,577241,39517965,41781520,59710340,
4989781,581876,1384602,518560,26138031,37365396,53407840,
1273048,151615,639709,273274,7055921,14113270,21165560,
3343303,443480,1024018,433091,17406146,24423667,37944960,
4153442,565884,1075534,295686,19316648,22823543,35081840,
2592242,280485,1116069,467927,16837687,26825131,39205920,
1868437,209772,778256,411202,9269219,18707963,31264280,
3793851,521834,1228272,319656,18788763,23920673,38297860,
4523006,547814,1375750,574594,24254033,35583314,49852840,
5194644,498537,1178255,614723,28521643,40436819,55468200,
4803015,630232,1445224,386548,24941542,30861751,36918000,
4531020,551489,1250179,513938,24220199,34049376,48539920,
769528,96544,318993,150867,4038595,7638366,11687400,
3501656,467909,1106135,417471,20005459,26064623,40819440,
4756700,614356,1153992,371529,23422486,26135851,37864200,
4076255,528116,1392069,459910,21026254,28548642,40182460,
5003542,636565,1440256,600738,24792920,40758440,53006100,
7092211,784546,1754771,620927,38622831,47451248,59673140,
5502113,647308,1357558,367687,29544330,31370121,37628220,
2392893,276237,1039368,527921,13631950,28672079,35164520,
4772344,651412,1541835,390132,25167635,33323075,37370440,
4576159,552073,1288662,564286,23224592,33835428,43663440,
297511,31940,113275,57097,1161306,2107433,3188380,
3429279,463613,1026284,339283,17338981,21159761,32674040,
4435576,583134,1261104,492791,22270560,32369031,44183860,
4211082,427372,1428249,693455,22304742,39273033,55350820,
4279138,458463,993932,449551,27991115,34584331,49383200,
4961478,683205,1135585,266579,23241818,23459256,31238840,
2471726,265732,1148207,507027,14687471,28195486,39701220,
1540167,162391,638811,385794,6119158,11533508,18742640,
4108092,558419,1257762,318527,22301604,26055641,39810240,
4297023,529104,1150065,397859,21029056,25382866,37483760,
1606051,188804,682518,348882,9259000,17411836,26425060,
3289572,425190,1152940,618404,17084277,28760868,46195340,
6517065,700097,1708456,627325,34510379,40487003,67414680,
4079888,462174,1003190,346029,22875975,24364372,38203420,
1393678,150025,710900,430664,8711762,19520725,32015420,
603900,70195,269081,157181,2332325,4452041,7311760,
2625958,355635,761075,283279,13944788,17735123,29530140,
5206263,682294,1217054,425981,25329717,27618701,46031280,
1688915,177356,844052,293838,9863591,15549541,25881940,
1955928,257651,710149,375340,11063498,20237206,33891440,
4602405,635049,1606719,643189,21854841,34778456,57883200,
5323163,618702,974280,478793,29786592,40741737,67979000,
3736680,336342,1698387,889197,20327548,41786371,65653720,
4257748,581097,1269867,279707,21921015,23056801,35487560,
3775019,467793,997689,328966,18693185,24421117,36217660,
1605320,198835,691639,371082,10182259,18318728,28754200,
3565442,485695,1058902,356209,17998746,21931342,34279920,
4506562,564156,1344417,587134,21051949,34143199,56535460,
2266427,227693,1079679,432782,13687086,20558054,32373900,
3803870,392743,1119587,684089,18762971,32862593,54892520,
6041869,690844,1600549,501493,33144757,36637331,59210960,
3778406,457470,1036408,475898,20356163,29238780,47352440,
2068896,233618,917931,493372,9877666,19634462,32597440,
4019194,549739,1240138,326089,20976495,24673383,41121900,
3825507,475619,934589,310470,19533750,23207110,36868760,
1516577,183166,679206,337164,7559921,15478310,24130800,
3078850,418407,995744,356660,15576864,22226185,31811860,
4976415,648525,1491073,569105,24967193,30358721,50641740,
4678709,458150,1375481,666937,24639817,37352568,60241660,
3921260,402522,910762,409236,24445588,26517785,44222160,
3834346,488371,1208244,258918,19118032,21332100,35519620,
3718239,464607,1022494,389236,19439422,24325461,38111620,
1071199,120241,487902,266437,6659715,10776129,17911100,
3664999,506912,1147313,355248,18353709,23555747,39245300,
4044177,524135,906751,272474,19613551,20585716,34372960,
2144080,235820,990077,414741,12153863,22472409,37352720,
2991844,394289,1174391,542970,16099365,24513491,40929000,
7310917,847784,1619577,643328,36183754,40338979,67203020,
4020454,387034,1146476,389497,25020529,28393216,44877020,
2151227,284769,699850,365778,12107977,18690629,31273720,
4000923,522413,1228882,317732,21100692,23269955,38707380,
3629595,458875,962970,375880,18891528,23559717,38547280,
850411,95679,391018,225586,5583505,10605646,17592060,
905170,107060,375969,209300,5239289,9603577,15932840,
1767616,229723,458232,253882,10363430,13803393,23072380,
3518522,463211,1362593,343708,16353078,23398381,38993140,
4747794,538798,1228773,611592,24834585,31678494,52836260,
4847189,451277,1279308,643116,30149445,36296742,60575840,
4184887,561532,1288805,377022,20659116,25104005,41707600,
3604866,456243,797262,224909,19182679,19739607,32919860,
2024226,225840,865517,414643,9966697,18268063,30369140,
3155319,433465,966406,340962,15926198,21239135,35432340,
2820059,362171,1137851,350471,15545120,23786098,39677620,
3983216,489572,1211061,468026,21482868,29831457,47156440,
1840343,254804,704505,388352,10220986,16451907,27095760,
5346906,595560,1853882,788886,26147505,43346569,72241360,
5513026,608043,1071863,296613,31975620,30868142,48420380,
2341619,268693,1196790,481887,12119117,25755189,40167220,
1171248,136264,492240,255451,6767002,12690471,19394380,
983162,113584,343686,181877,5069839,8234913,13724980,
3152286,410769,1062112,301919,15476831,20730858,34551460,
3543168,462310,746301,292858,16734085,19199890,31441700,
2424107,261073,1119329,543524,12594233,22903797,36790700,
1020170,112710,640982,358329,7696701,14077364,23516720,
3999591,384994,907198,558549,21455684,29589691,49272120,
4903875,573857,1281877,364783,26587849,29664716,49374220,
3243843,444149,602492,156492,17589258,17129656,28549420,
2402350,255026,1086918,505580,12585633,23412923,39174620,
3740982,496343,1199559,434111,19631026,26801018,44525940,
3454120,479540,751445,232296,17574329,19054120,31827280,
3055744,337939,1285377,505394,16335239,28189921,43981660,
3323672,427726,1140566,478337,17533805,27007102,38881120,
4896926,620820,1407668,445986,24497207,29613657,39971220,
4804582,478198,1338760,677521,26433194,43469844,64300220,
3250255,368611,699850,314147,19499138,21009967,34555420,
4215412,521170,1467599,397643,20769172,26560159,41174900,
3725517,466735,990476,384880,19397795,23881863,37080620,
1053326,120937,524007,287789,5646074,11261908,18606200,
4386051,582875,1406514,428280,21252029,27889288,46378100,
3766832,471735,849434,206172,18910207,19017802,30587900,
2050651,242563,928972,469900,11897387,24072088,38426800,
3364071,467350,1184153,520413,17363761,25559996,42667000,
6513419,844873,1285693,482330,32443735,37628556,62737600,
3859121,363008,1172235,438048,23121724,27337732,44755360,
1799270,237517,655446,339088,10573780,17014103,28202560,
4267778,557254,1322257,347870,20003938,23630657,39433320,
5592882,730312,1263047,452348,31288589,36989524,58451760,
2078883,274392,596205,311605,10344978,16068410,25234740,
1500358,167179,608897,311270,7018435,12749939,19848680,
57455,6865,98413,60672,616319,1721564,2888320,
2684757,282467,869168,590458,12091421,24554372,40966520,
5435951,592238,1082480,315347,33064237,29239828,48672840,
4050577,541100,857135,246940,19164221,19881517,33240000,
2033885,213153,946111,375218,11490195,18391015,30546760,
629745,76423,275264,160637,3689460,6074719,10124760,
926902,99721,364030,202173,4429989,7631996,12813220,
2980966,406268,874431,284365,14992764,17830382,29691100,
3855336,527369,781027,231083,18060915,18022190,30060940,
3111203,319489,1686038,679370,18468986,36103160,51827340,
4664799,394526,952252,516409,25983344,31454751,44921880,
2682234,258952,804161,416871,14713517,23657674,33764620,
2807536,366175,828583,276651,13621610,20071648,28721120,
5285027,686621,1183933,267528,25763473,27025872,39355220,
2850179,287150,1178773,468876,14747551,23757468,34142600,
1623033,198965,655236,326507,10534271,17245630,28783880,
5464626,654943,1712871,357138,25772494,30244432,50458460,
3749991,464207,1205661,507416,22035431,29090370,45479980,
3511886,332049,753417,496731,19309584,25042166,41529540,
6200811,744379,1848602,682102,33035632,46215544,74837240,
4872059,605335,1263025,343882,25553391,30577156,41568820,
2867632,314790,1155679,554124,13800870,29712624,37007300,
4424009,556658,1272744,436180,22272748,30681323,39743560,
5382803,712255,1305355,337410,26149422,30529623,38605660,
3363245,377804,1503784,669622,17710251,37730542,51527820,
2727293,354776,699331,344968,13788269,20982002,27129820,
5795723,743825,1636687,512124,29162922,36527301,46207600,
5745906,554453,1600067,763485,30610673,51762296,61627840,
1436331,107694,201131,79576,11151631,9302174,13219400,
1956110,216259,817041,436067,10078780,19917577,29028740,
1053237,120992,426493,221630,7106597,12970139,18733320,
4233573,586091,1256731,332731,19691777,22601155,31835500,
4116527,499355,1163938,454440,22414575,29773202,39369500,
375300,50558,193940,112557,2081488,4731559,7149120,
4182561,541572,1415463,514354,20942758,31337363,47680740,
5082506,624511,1209351,568253,25846006,33428611,47060800,
5196331,424910,1362557,537480,33133572,39023327,57577540,
3469661,471587,1129919,506556,18556514,28927535,44894320,
2718153,361248,1010826,236484,13194644,18195628,26359620,
4985594,594477,1547085,662698,26414383,39338962,54600560,
1474074,173017,714002,356698,9735668,17751874,28084280,
4045223,564068,1158611,271661,18829630,19365453,30552540,
3951859,475600,1083519,423981,20917971,27994343,39351000,
888549,113145,537536,292133,5098537,11947651,17474280,
5022126,672859,1650342,826847,24464374,45025120,75082880,
4785275,541805,1273957,360888,28582759,37468332,53014200,
4783941,571034,1289950,487751,26367975,35475707,47282560,
4994827,656839,1607804,483515,24481263,35055398,35089580,
3615825,443208,905217,342751,19082404,25483233,26359640,
4984254,637651,1732225,664263,23726884,39910056,49870600,
4659001,584550,1167833,341899,25218416,27954365,35185820,
837569,99552,353648,175975,3901680,7614992,12691780,
762889,86574,349765,214824,4435395,8384386,13533520,
6300221,762810,1727109,671847,30650380,37862824,54145020,
5513979,609638,1321416,510691,30744889,36714065,53017820,
906418,105564,438712,235640,5159768,9284232,15261800,
526467,56918,220502,126208,3369647,6017982,10096940,
2943646,392812,833502,325081,14338003,17808768,29647980,
3881679,531763,850338,194441,20691869,19904517,33174280,
3199104,338316,1342651,557544,15959013,27408605,43806540,
1430374,188823,489457,265301,9204347,13890944,23133000,
5348476,644259,1976132,862037,26105351,42788714,71424480,
6957552,752123,1369686,559978,39626500,42672958,70971840,
1187310,150123,559721,298690,7518838,13415837,22359780,
4610509,604348,1441709,501036,22305192,28992080,48353680,
3855398,484971,873367,233889,20887749,20763872,34306300,
1276981,151725,583634,311004,6678673,12701336,20574960,
1577903,182514,715872,409739,8577701,15953985,26347720,
120704,19260,92970,63966,598198,2217323,3713020,
4396773,571869,1368650,480351,21935659,28061282,46783820,
4481670,566797,1124903,496361,21855130,26165466,43695480,
4932804,450943,1309835,585766,31061137,37766975,62842940,
3341488,445289,1061305,425293,16402676,22630282,37750860,
3940824,532067,888790,235020,18696808,20027439,33379200,
2882894,295494,1226362,505608,14993914,24448192,40713300,
694675,83718,316788,191315,3996670,7555758,12592940,
2887707,156945,229695,51584,11616012,8447401,14140800,
5928639,641523,650616,284092,27393905,22522172,37512880,
4462645,482579,420185,151656,21930674,15652630,26099120,
6121985,649683,1297593,776113,28794134,36657299,61114040,
6029077,583340,603263,160463,36966050,25425599,42351260,
5417691,692329,848892,392375,28419119,28170739,47072440,
6916754,873575,1611432,416979,34304958,36402697,60619320,
4265876,520982,860935,276481,22173729,22601626,37570640,
1457903,170076,556337,296064,6905975,11102277,18503920,
906666,108869,415594,235521,6364452,11673570,19474840,
212366,22191,78848,41745,908023,1941344,3223920,
3140959,425019,984789,419326,16346936,23819471,39751740,
3147197,422098,1358797,512789,15841760,26721496,44682640,
7347364,781617,1617063,761673,40581401,49096548,81758580,
2879387,346084,1085063,547922,18043571,29969361,49876140,
3239677,474783,947843,149937,15713208,16229377,27034940,
4287258,516416,1138481,424953,22273522,28236059,47012140,
1082525,139528,547428,269266,5996565,12773618,21289380,
4151742,550441,1371860,501852,22386459,29199353,48785600,
4092061,546665,898107,286271,21968592,23651848,39348120,
1783989,200945,893311,332807,10211385,17543163,27186700,
3737257,495385,1406356,657530,20177386,32392903,54084920,
5822930,645262,1302908,501555,29517652,34871819,58140200,
5157825,555728,1381691,533688,29202011,36802080,58416460,
2317308,308530,818385,390217,11606829,19677143,32317300,
3218225,450892,1066208,183516,17933215,19308653,32109100,
4285404,511411,1164345,477862,21052384,27741714,45675020,
844123,107240,393244,214758,6365730,10505960,16888460,
3725566,500370,1195169,425702,18357937,25244664,42122220,
4190029,563742,1142096,410797,22239736,26847923,43837760,
4764431,465213,1478063,711291,26430308,39751188,62660540,
4479361,576565,1362671,541917,22601739,33805646,48922740,
3845986,539305,756248,191560,20204904,19342816,29736180,
2462483,255443,1132071,483807,12976593,21987683,33774100,
1388218,157718,592916,321282,6748792,12062189,18209980,
186510,21756,100449,61917,2811284,4129025,5186700,
3609103,472947,1100519,421012,16935254,23622393,34887780,
2852011,386984,997693,291067,15005619,19828677,33047780,
6293901,614012,1441969,694223,33353242,40203992,63090180,
3442859,359991,1019764,539601,22056599,27998741,46464840,
3186926,460334,992050,165107,16335794,17283404,28847120,
4228601,515269,1163057,442708,20484972,27831442,46105780,
1051600,134854,542483,267173,6213266,12693693,20431080,
4432917,593662,1381355,438850,21679950,26887530,44793140,
4372295,542761,1083122,355950,20971898,23895814,38557240,
1389171,162823,699471,311606,9359311,16091709,25425060,
4300336,549396,1583480,780007,22244980,39745964,66340600,
6566519,712100,1281463,402397,36705008,35055798,58500620,
3652905,410287,1115682,432888,19657220,25985704,41847440,
1983268,234676,798874,391259,11129316,19659034,30913940,
3707777,524277,1050359,198662,17875790,18983981,27931220,
4926301,597192,1468625,621311,26085439,42285057,55770980,
3542931,369964,549043,219149,16335265,17410843,22227180,
5977782,783386,1871612,601392,30354783,45540873,45650160,
6028424,796571,1786394,723592,29200765,48090577,49257500,
5560046,729433,1608373,470483,28856330,37352498,37429220,
5373854,531432,1539733,816010,28349194,46680248,65578680,
1161023,84545,199310,97325,10202430,9162543,13026300,
2798020,401867,1003819,291257,13789775,20477029,31436560,
4720607,626027,1311297,417861,23480680,30497986,38125740,
1719575,184648,899492,326386,9970208,18096734,24622700,
4458236,573073,1468318,602916,23118546,35936030,40616640,
4330681,569611,1021390,272351,23308055,24795069,31285540,
4430192,554035,1612793,685126,21951599,36785064,47561960,
6632391,753322,2088138,959193,32954679,54646864,65758820,
4112291,354600,845206,358980,26362946,29214815,36670440,
3256819,436133,1123218,451778,16551231,26588907,33122380,
3557957,507710,1211519,285876,16811850,25530534,29965860,
4648568,598265,1427791,424257,25012208,30526122,36303300,
5455944,677090,1506081,424288,26435824,33819009,38024320,
974160,124246,492169,260696,6328046,12488256,18313960,
3326294,438737,1089955,386288,16036797,25973480,29809200,
4920105,609706,1373681,460128,24133873,34190682,39577900,
2435288,244573,1103238,737283,13149270,30671667,42014880,
5884397,612401,1453447,834169,32380585,43953501,62261900,
4588557,659439,987710,169866,22712147,21418900,28531560,
2698913,285837,1084505,457592,14480149,23532657,34317840,
484446,51515,192667,111756,1920306,3406977,4587280,
841427,98952,392005,227265,5758283,10861588,16441960,
2258668,295703,676599,359483,11251529,17286030,28566600,
3101442,431750,1041107,182130,15546460,18571820,30883300,
3724329,459541,835517,312456,19377382,25644753,43035280,
13544512,1853766,2733844,1331327,75940849,122884056,177424860,
22206971,3486216,2810183,1462031,116449019,178843246,198735260,
25658470,4297828,2815657,1291155,139092335,184496792,187044580,
24715212,3851800,2885761,965565,135395490,176740139,168349860,
28091849,4261414,3227631,1158283,154330666,204039695,194355400,
26412860,4057086,2980594,1159439,141701033,184399373,175419940,
7129116,945808,1506054,564161,40373080,50799559,48534600,
18911698,2170254,1967428,1008216,104286636,120416736,114670220,
20796249,2384354,3021341,1122058,107004923,138223840,131562160,
22655868,2364850,2146117,885755,120104170,128908044,122768580,
8161235,774920,1537344,1033980,39806133,65902246,63605860,
3509732,290268,668621,284050,25293241,25814419,31964440,
4038789,440245,1120842,428328,19298011,25323117,33204580,
5884706,750806,1497798,376741,28702591,31600036,32910300,
1711598,199895,747249,378982,9618408,16973951,23566960,
1057853,120006,462328,265428,6934704,13453885,18943380,
6488276,883829,1408953,347050,31069503,32123854,30410780,
2303345,248215,1088655,452801,14335590,25422073,32403140,
1199214,133201,533464,284404,5011583,9348819,15581420,
2624914,350772,784235,241522,13612271,17760872,24144800,
4574997,614732,1009560,307563,21373520,25351003,31871020,
2333460,229093,1263122,507990,13836766,24891320,34668260,
5438195,505916,1264762,698583,31419269,43725631,56066540,
5595322,746253,1465431,413677,26245806,28340216,32946980,
3184843,373616,1055278,411066,17986655,24606635,35093100,
553192,60973,225328,138006,2236344,5308031,8787120,
955750,110917,387502,217172,4931229,8413298,13708140,
1031368,115286,446736,239704,6381767,11701630,19502600,
3987844,535344,1167800,319711,18338822,20183947,33400580,
3194638,417897,679769,203271,16750627,16341752,27247420,
3809396,392873,1316830,755658,18629329,30860307,51184860,
3784000,311200,840819,395142,24622015,26226611,43256460,
647509,67903,269358,175978,2947949,6060159,10148120,
3198120,425504,947497,418626,15512537,19720989,32821780,
2534586,316399,876902,145679,12507978,14472249,24120380,
3650960,452068,908142,326201,19073936,21680932,36168600,
1175431,133072,552476,252318,5824159,12004941,19974280,
215254,20751,105699,84340,1240493,2841584,4703700,
2846841,378050,828969,379199,14013066,18687444,31145880,
2781294,357921,939820,169304,13731165,15923380,26297320,
3677955,442314,1157903,469659,20607389,26697750,42499860,
4087614,413288,849210,508444,20741075,27376040,45518760,
2125922,184457,514173,239905,13846695,15768570,26247180,
3103811,401540,953114,372892,15321351,20108170,33547280,
4052348,552176,950211,228689,20497003,20583607,34306080,
2577494,276166,1071510,420490,14296070,21448405,35790280,
1267102,141206,541072,274885,5805065,11047000,18333400,
1095934,128350,438083,239353,6851508,11770354,19699800,
4236757,551608,1414156,385893,20513715,25555452,42333280,
3716140,462668,907476,332966,19195908,23338970,38716260,
2890277,262092,1040117,747142,13403569,26439465,43205520,
4017104,310553,1009527,569686,25696678,31495655,51853500,
1837154,155805,991271,713728,9923694,26617775,44077120,
4892774,558674,1967637,879122,21483205,37920600,62833420,
4197431,461884,1251940,668983,20552069,29837591,49226660,
684056,83708,309276,170739,3504437,7487784,12248280,
1476918,165552,615210,342059,8068535,14392768,23907000,
852056,94011,342712,187134,4679272,8331625,13971600,
4369968,557642,1486593,462963,20477385,27404992,45682720,
4007871,461010,1135452,539669,19827553,28576955,47689120,
2031143,220082,817199,514704,10288346,17869089,29760180,
4496462,413740,966871,482176,27890780,31388005,52223160,
1555843,208808,500477,280650,7754406,13400212,22460160,
3417543,460888,1319959,351244,16250128,23580552,39175920,
3634669,465609,885011,252995,17892770,19227711,32046580,
1513498,187404,720237,372700,9365381,16755164,27326980,
4690743,602611,1547961,483336,22587173,31910126,47451140,
3827516,479068,847722,203340,19286691,18830340,31444120,
1782358,208009,799888,400981,9163951,16652254,27238240,
882347,100874,375418,205478,4780303,8800850,14630520,
44869,7360,47161,33791,209878,968024,1613420,
1773288,181883,882557,499678,10198204,18488616,30924160,
7094015,809669,1584895,529291,36424373,36936701,61481060,
5048649,573871,1207749,407286,26642245,26564823,44092600,
1673952,189115,638845,315748,8975045,14668882,23488320,
117216,15745,55688,44551,603104,1486266,2483360,
1631657,168857,652424,335115,8571703,15108713,25205780,
3677023,521480,1067528,157058,17828016,17220329,28713720,
3841012,453941,933403,335471,19561887,21730075,36262000,
1434431,175567,597358,312591,7594019,12823279,21321120,
93987,6040,242311,131943,1443981,2934403,4857860,
3925115,386652,1018221,647714,19339171,29375482,49026100,
5454064,640893,1330320,277475,31668618,30492537,50763280,
4031088,487534,954596,296337,19813353,20775002,34658880,
1858092,211557,726227,371655,9555825,15951702,26518920,
260600,32384,158755,102838,3874360,6000827,10042140,
3663752,485041,1238074,410897,17263874,25899304,43168900,
3707190,509268,748294,162753,17650050,16897499,28168660,
2224608,231865,1013420,381035,12097367,19492691,32438720,
1481388,164307,756083,436381,9379651,17498488,29281620,
3523063,328013,629209,395840,19476089,21810916,36310060,
4868381,594118,1354591,414333,26175888,28111249,46818620,
3845244,485311,857252,199602,18962787,18416038,30693460,
1854173,202636,763369,371105,9350840,15570339,25916920,
1120141,128946,467324,269716,5657941,10316496,17193980,
279621,36431,147759,100927,2370861,4447664,7418480,
4023435,517319,1271209,388651,19025713,23525767,39256440,
3799533,495133,795013,171122,19618360,18072106,30115380,
1703922,182536,768469,336714,9253945,15267011,25436120,
2843800,299524,941904,639773,12991243,24445974,40768860,
2092937,160237,239858,78609,15688508,11154158,18546140,
1719729,167113,831231,528122,8921543,21940751,36615200,
3508126,440545,1412355,589519,16002068,28108081,46865260,
4148223,536437,895348,222042,19824414,19002637,31701700,
2059360,217519,896065,388525,10761123,17778682,29535940,
203913,26525,124486,88377,2762591,4860699,8219320,
1481501,162988,579075,336772,6989365,11847221,19646340,
1199503,158903,542847,282877,7130039,11840995,15782760,
4355669,561327,1274402,606278,19632207,37826217,61081860,
4623455,508992,1190556,393929,26700316,34942463,58174780,
3215247,397349,886138,319683,18480554,20868385,34859380,
4593580,578239,1491734,595726,21662170,31039460,51631520,
3514676,476437,803021,245059,16645321,18486347,30887760,
2452662,246503,982202,361551,13507193,20328727,31980280,
1852336,213650,809349,456102,9689381,18455539,29401540,
309711,34154,139830,115252,2377534,5384835,9021360,
3502299,461926,1252687,447707,17837961,24614172,41097540,
4105226,518097,1118035,488350,19134830,33530932,55843480,
4803823,508019,820204,194980,29116577,28698337,46298800,
2176565,253165,929587,472762,10680061,21441774,34308640,
217409,28335,136220,94951,2100592,4606825,6263180,
3582828,479669,1276964,504697,16695727,24158057,40296640,
3371154,456869,1042615,286470,16598976,20754572,33794360,
2927287,323586,1008990,367048,15485038,21898807,34427840,
1484932,170667,651563,359904,7053250,14348174,23913460,
170271,20898,99077,66039,1846837,3345937,5576520,
3813780,499120,1242722,464161,19930907,25444606,42463560,
4010823,523057,857910,190101,19313024,18323812,30516940,
1827861,196979,840211,341450,10234487,16514014,27489660,
1472099,166747,615106,346743,6992780,13483613,22472540,
106947,12235,57030,40796,2113111,2920446,4921640,
3939729,494671,1372139,654445,19323832,30071628,50179140,
7156185,824616,1285964,436220,37555574,36594471,60989800,
2657971,256376,1034594,388040,15582674,21612994,35920460,
1478328,169704,625369,351150,7022292,13749254,22915620,
309502,39455,164692,105037,2819768,5215816,8724640,
3503370,458105,1012420,304800,16791467,19539673,32532060,
3798942,517566,776100,236315,17749187,17123604,28539300,
1923470,191951,866592,295686,11122719,15631647,26052700,
1664685,193606,753676,431848,8976825,18929159,31548340,
119578,15034,62405,47540,589536,1798038,3031420,
3794053,493892,1278449,358202,19777413,22421131,37402980,
6490921,734643,1426145,630716,31600828,36378103,60707680,
3409859,321428,904742,347502,21411488,23976906,39816220,
1652479,187444,699073,380351,8898142,17341999,28903240,
88220,13794,67327,45231,1382821,2394919,4087920,
3802849,508361,1109264,306654,18517782,21207429,35303260,
4089268,517374,957748,256288,19725212,20121820,33501080,
1281355,138937,581701,233707,7352335,11214321,18656960,
1663261,188354,711554,408853,8954392,17109570,28515940,
46243,3960,99870,59006,1352232,2210059,3799880,
4121353,551393,1363026,739190,18973226,36287479,60545580,
4897588,537280,1556363,561161,26697782,40856689,67991420,
3948702,480476,744031,267406,23012790,23336236,38834540,
2227434,240016,969310,463296,11324899,19650783,32751340,
52989,8584,53481,40731,286161,1379071,2327640,
3579682,482686,1069442,346274,17810198,21803522,36349400,
4146634,545497,997296,325267,21055877,23351491,38919040,
2264430,240022,994176,334803,12839429,19263965,32072860,
3681385,479128,1256182,523898,17656662,29457225,46696480,
4767154,640298,1410013,408297,23235172,29678400,42443440,
5412741,564296,1536957,653736,30808311,53359169,76427160,
4402791,460351,1512305,740980,24460922,44338531,58890260,
5316813,702320,1426518,291972,24985429,27909723,36578560,
4660536,522072,1517510,579055,23496831,38503583,46040900,
659815,39719,273374,227783,2896634,9097221,12278060,
1031768,95553,564597,374271,6294127,16348078,23870280,
3830193,420773,1130236,418993,18050682,26049765,35049140,
2563006,353551,1447941,259228,13750697,23833983,28000520,
5829733,694066,1768236,819510,29059289,48934927,60882820,
3150091,274731,429741,211354,20320259,19557384,30039500,
932101,112181,408020,236235,7306178,13146369,20115900,
2313676,286714,751168,411803,10564819,15946858,26611960,
3332794,434707,1204765,230931,15756881,19824906,33041220,
4079700,497316,1059158,383330,19767510,23941183,37394200,
941329,118661,431464,224235,5204167,10123005,16269400,
830163,100166,381913,217203,5700363,10166788,16844960,
2784383,361260,824122,427197,12721738,17420870,29068580,
3097295,383422,1221882,263500,16693656,18378442,30657000,
6971062,747056,1527719,727487,35316003,41461760,68559040,
1481628,131627,356261,147561,10249428,10616767,17348500,
795564,97069,394471,211771,5452984,10180135,16959420,
2033149,252851,646667,339207,10237751,15520090,25923500,
3613454,493113,1185694,207267,17121773,19113040,31859680,
3731767,448889,888671,308463,18516841,21648564,36165920,
1319098,163004,615155,332581,7576796,14655246,24293180,
3723213,500969,1206858,351760,18764446,23728946,39581860,
4980795,646911,1470894,571798,25601690,34574619,55667420,
4153779,422192,1130732,552289,22674693,33653615,53462240,
2277162,214175,591444,290775,14363514,16592329,27596240,
644751,72991,287959,164015,4353204,7312008,12186600,
2676593,375698,968967,284038,13181972,18453905,30789120,
3297399,418054,1235149,390976,15389530,23822311,39704480,
3200988,374523,891506,302498,16245084,19771971,32987320,
1603219,186159,745983,415742,9280382,17012968,28287060,
674982,58243,335163,249506,2617350,7749929,12916620,
3236491,431740,1126564,394694,18097875,21325986,35633200,
7390495,853637,1423835,604925,36421430,41128216,68531220,
2818268,258045,929278,311888,18237473,20972846,34887440,
1261533,145425,551051,315424,8062496,13772326,23004000,
713698,77976,309605,161885,3258138,6062991,10103740,
3478160,466655,1013173,197288,16927510,17664305,29424240,
4418753,529989,1108708,339006,21363155,23038262,38255660,
1496662,177336,641260,336780,8606629,15943917,25382780,
3027539,408259,980123,412923,15773935,22473594,37551580,
3949406,452909,1706893,707506,19453321,33738458,53435660,
6675848,701813,1383961,579070,36125955,39186124,62457600,
2306484,229548,727263,388970,14519968,19608826,32673360,
129992,19084,87636,54190,948855,2052586,3288640,
2484935,341861,741019,252829,12183061,16413162,27454340,
4256788,571903,1143350,296277,19758612,22193055,36948740,
2591267,278755,974422,344425,14217731,20819099,33754380,
2547236,312180,943909,518212,14709437,24619625,40564680,
3481323,487339,1127151,227577,16310394,18646671,31067200,
3690139,446488,1086911,368109,19818113,22800511,38113620,
4911574,498823,1334432,799174,24769656,43396099,69027320,
1923826,178731,472720,221196,14078299,15994494,25236140,
2242729,287405,744985,404604,11143592,17569197,29336440,
3235691,440287,1053442,128636,15597054,16252797,27084900,
3287907,405066,781683,246530,16847701,18398934,30612880,
1673582,197751,747876,421585,9031496,18208342,29955420,
3885773,543810,1230060,339572,19491453,24038002,37884080,
4274030,545817,1042279,354131,20742238,24487363,40749240,
1999504,210903,924542,356508,10728358,18180444,28744160,
532028,71074,257577,144268,3019834,5915033,9858540,
2644370,295839,995042,646326,13687524,25737842,42949640,
4191859,496384,837340,329222,24516948,31614159,52709560,
3531119,424754,1143074,239079,18302177,21464797,35740420,
3557326,425190,870838,293279,17861210,19256048,32154780,
1454547,176085,610531,319136,8947492,14154695,23489860,
900938,98577,356967,215600,3626600,7304383,12214680,
3377376,468349,1009693,241380,17350153,19303958,32186000,
3944775,518559,881056,241317,18786372,19757031,32872740,
2385075,257321,1077865,481577,13839509,22614866,35956300,
3453068,464113,1246091,539443,18292232,26553929,44307780,
7639771,866005,1546668,550292,38924596,40823244,66865900,
3058056,310781,1104302,394828,18202116,24346306,38023060,
1134032,134855,504910,320021,5626864,10781626,18037140,
723972,79320,305483,166647,4066570,7155543,11398340,
2826399,386774,812299,248424,13934714,16484423,25496620,
4677980,606577,1137703,344534,22391925,25126086,38655660,
1679302,166771,783281,272368,9859990,13931487,22454920,
779900,95297,353136,209154,4179388,8237460,13763440,
1224495,123146,701134,379708,7312712,12565964,20969700,
5158451,601272,1073866,539567,25260494,31672579,52804120,
5853740,680161,1344727,390610,32240899,33269633,55414240,
2545927,278785,901079,292961,13928024,17506523,29129580,
894168,104749,393737,222965,4926279,8903406,14906720,
788901,86096,318469,176032,5843013,8857724,14694540,
2470143,340604,717774,236397,12196519,15606805,26059880,
4356267,580955,1188358,343126,21201573,25347404,42256560,
2487111,272921,934742,323870,13721786,18305043,30451520,
1781637,234864,635049,340149,9369055,15812484,26467340,
4181067,557777,1412356,341827,19690216,23483589,39069680,
4403296,535272,1239466,522730,22547535,29235936,48805420,
5011306,514878,1244596,672812,27635178,37077063,58846600,
1238123,124736,370558,190288,9132076,11298634,18427420,
1360998,172678,428476,231763,6781607,10503155,17607900,
3975208,520365,1261758,239974,18873008,20340465,33832180,
3696962,449519,906374,318824,19298175,20860222,34761400,
1021071,112771,463969,245136,4261149,9248555,15370660,
773694,87951,333573,183415,5354274,8943149,14905000,
826163,91285,460343,241715,4805482,9817605,16438600,
6126627,762474,1943064,862953,28392282,43440200,72399460,
5761676,639692,1034625,251017,33578399,29152288,48553060,
2557778,272645,1030252,458282,13271019,20115948,33504880,
686283,75160,328030,165700,4769401,8263145,13762940,
983001,117608,346650,182595,5208727,8271149,13829420,
3129370,432923,1261149,357896,14858995,21870775,36437560,
3552350,480463,794267,206132,17153692,18190861,30318080,
2332441,243841,1038555,442246,12223034,19652338,32882040,
1040940,121773,450378,243031,7422693,12062068,19926820,
1693494,176218,744713,445046,9295086,16858817,28189160,
6025075,722036,1688044,635740,29626227,41642020,69378000,
4663339,570567,891110,221540,25362219,22909297,38148800,
2587156,271732,1170318,488907,15158862,24213328,40359960,
3182677,424825,1086848,333322,16093518,22195057,37008620,
4070767,550804,864150,237232,19659567,19642893,32815720,
2638331,274016,1205239,473648,13480668,22881261,36180840,
838915,99602,381859,230008,5728278,9681066,16135020,
518976,58479,280341,162808,2555475,6186344,10431880,
5414483,713115,1579014,710674,26301452,37661398,62755760,
6317596,671509,1012420,222455,38055130,31519134,52538180,
2836245,298448,1266165,525847,14171453,24617083,40925820,
862383,102749,404175,247733,6764711,11121416,18535360,
654589,76358,307231,180948,2630132,5866288,9810820,
3663813,482409,1150113,332598,17659321,21811039,36352320,
3768964,490853,803008,187481,18506235,17507101,29178020,
2259578,246743,1021276,469328,13259038,23087403,38445300,
2100635,305321,677458,326389,11092705,16462898,27489700,
4530648,557880,1720812,727412,20846671,37367907,62314900,
6638515,686331,1285306,370350,38497579,36805974,61323640,
1830900,227965,858171,471719,12811191,22161954,36853160,
1203300,124500,423943,225165,4681434,7014804,11691280,
3166377,424291,961974,318559,16624356,20779542,30628540,
4548996,572008,1159609,337404,21945320,27450137,37096360,
1945688,208870,870450,446844,10380454,19451026,27738260,
763544,94237,337414,201339,4311217,7556732,12557680,
1032314,107034,645944,354971,5232107,9176552,15299380,
3215691,294394,524686,388006,16841810,19070808,31787840,
3221711,374923,843723,324314,19804733,23686992,39488440,
3823431,483222,1251026,287800,18125053,19573051,32614160,
3325017,404416,919311,329987,17431509,19612056,32652820,
1211063,124784,428250,235278,4702949,7088607,11814300,
900903,108802,417110,247159,6919355,11924537,19874620,
396941,43318,172826,109131,1557015,4161132,7037140,
3368179,449858,1378313,509983,15478015,26516293,44120280,
2612630,298651,1388295,414918,14439742,22610384,37718600,
4686781,494155,1370499,764923,24513732,40855184,68057640,
3901499,453691,997736,361149,22912029,25494670,42491180,
3809823,519164,974567,215986,18718745,19550720,32618440,
3446680,368788,1334545,543698,17786614,26508383,44112900,
687185,83879,317877,184060,3968672,6940231,11566980,
1333875,152524,579032,301421,6412943,12362149,20659800,
2851955,376690,831590,249936,13952049,17318396,26962720,
4796949,625353,1139319,277821,23679078,26816359,38346960,
4655454,537924,1813393,818390,23050748,46750240,66765140,
6102407,757219,897484,346670,36220166,45150341,64529420,
4655792,605323,700105,276045,25597644,30319836,43299800,
4137580,566713,350961,165103,22523992,23440432,31324720,
3345687,509829,207141,80220,18337365,19105567,24084420,
5319054,679291,598405,267825,30674206,30811509,34984860,
889808,251604,440491,135487,28590019,27713596,29721280,
2387571,369129,830940,451341,22736535,29425383,32075020,
5926128,796562,1512871,372610,31552009,34785634,36127960,
4292801,411225,1340076,667008,23902525,36288494,48560880,
6619731,813150,1968625,624410,34947302,48584226,51592240,
5406254,666313,1500687,538638,28429153,41643732,45346160,
6538509,890295,1517188,386203,30401896,33126895,35718100,
2196552,221401,1018689,379358,12310296,21700898,27734760,
203975,24223,112692,74433,1999487,3652542,5261200,
1229661,132181,461276,279947,5554035,10500705,16121440,
870132,100646,523178,271859,5733110,9307058,15570620,
5356816,703477,1445001,593930,25176807,40107607,63303040,
5701593,693353,1072529,310211,31665047,34440140,49101600,
1867751,191792,879349,321466,12057258,17739570,27972440,
1475637,164925,630253,339551,7828228,14464624,23562000,
852592,92513,319819,173575,4641607,8089830,13550320,
4088367,554689,1230118,247811,19177975,20590823,34283980,
3962947,476149,1014373,358789,20066969,23557790,38674500,
418406,52253,228727,105556,2221013,4966113,7909240,
4592111,392816,946312,409290,21636844,23621980,39404000,
8098280,871269,953193,551893,37860314,36500119,60915820,
5848735,610355,810961,311820,33004574,29244038,48729280,
4382447,517400,823214,391254,21169621,20945433,34802500,
3381608,392350,489499,217242,18513087,17896801,29861300,
7264662,910300,1658472,502195,35168617,34616899,57695600,
3575391,455176,766732,164648,18824789,17206677,28677640,
1491846,167031,635026,305430,7782226,13162550,21909000,
1178261,130610,525546,315697,5887959,12477639,20847980,
695480,63140,452258,296199,4004195,8210837,13625860,
3753449,326990,719262,434216,19769794,22958813,38263720,
887245,66633,177200,71146,6568153,7268605,12081020,
396817,44570,149062,78595,1545883,2768000,4613360,
808406,81191,283127,151833,3135381,4077473,6795840,
3591,506,1805,1511,14802,59208,98720,
796790,82574,292719,178851,3089154,4345015,7241720,
549675,68446,135246,76393,2898806,3789858,6316440,
698337,84725,208416,118423,3145801,4642176,7736980,
1568221,173718,847900,456812,9523639,16554512,27624380,
5185761,658461,1287259,451294,23020443,25939974,43233280,
5027524,610812,1325346,477886,24845275,32556948,48615920,
1547109,192919,744185,381316,8511581,18270371,27074820,
1539658,150901,571505,228535,8160680,11324208,14906600,
5707563,546913,1319211,764556,27847491,42216377,52009000,
2344703,219034,353759,132802,14695539,14707034,20737880,
1674464,170755,447802,246384,7358614,12044154,14875040,
943672,97721,233891,118424,4382116,6840838,8094860,
306900,36331,117510,71874,1225524,2872209,3362080,
604219,63957,212814,128050,2389526,4109160,5406280,
1688,400,2710,2125,8013,101507,156200,
853188,92567,327057,192809,4409693,6453167,10755360,
2757335,372773,975582,313260,14199472,17698227,29541380,
5583889,687994,1091447,463664,25107844,25514183,42523600,
3237820,334842,1429776,592464,16209133,27569426,45915480,
188480,26409,78448,68176,1152717,2298795,3951380,
1167667,131355,482865,274259,5467180,10158650,16940980,
2108423,202120,665338,470226,10230718,15770141,26274980,
2523812,201134,286513,73364,18029285,12658199,21063060,
865699,92359,330617,195794,3445132,6586413,10977440,
8513,1271,6754,6051,39087,183469,305760,
398960,41936,143696,77138,1551077,2066120,3443520,
472790,48843,181126,103176,1971571,3382780,5738700,
1279860,157605,230894,112819,6537717,6628057,10938680,
1199306,124566,428355,236223,4657125,7016758,11723620,
1919493,267371,745045,380189,11563911,15976058,26652900,
5230246,620919,1522232,550664,23666920,30125116,50209080,
4075235,496082,1085097,438063,20337379,22942034,38264320,
281359,32793,153597,62052,1556886,2986585,4920220,
1649785,186531,685709,395688,7654750,14459831,24099600,
1134630,157683,512608,322348,7293617,11820292,19768200,
6424822,768218,1593264,474782,31981489,36614873,61023920,
5438874,519669,1303927,395592,30104250,32266907,53744640,
1571723,185858,251535,110582,8311766,8325385,13841920,
2197909,245228,982706,563154,9339502,17395726,28992660,
80864,11589,63206,45585,410112,1520087,2533480,
721237,80985,330649,190238,4374913,8790945,14685520,
1831035,255169,493331,230041,9225889,12027199,20045660,
3057974,405031,1051366,142907,14849824,15966548,26611240,
4536007,530038,1404115,604395,22953965,30919237,51531640,
3605210,353710,663153,394472,20336940,23534678,39224360,
1786404,177925,569835,292593,11794281,16398680,27297200,
1539922,180842,533564,259677,7425515,12023614,20109580,
3370402,461725,1045812,127983,17009594,16719570,27832560,
4884274,582046,1307862,545302,23791190,28418920,47395240,
452224,62745,236629,120201,2625425,5555042,9293420,
837875,91663,377520,205165,4132671,7803193,12965480,
1207290,136828,729907,380040,7468362,17069089,28447860,
5592077,657955,1420373,513994,26880271,31670030,52817080,
6181110,666108,1271996,369234,36082126,33412257,55684460,
1053769,131908,500307,279601,5777252,11450851,19065660,
867220,102966,367939,198757,4600032,7886339,13163220,
2373126,310847,658361,341146,12249688,17292555,28839760,
3075707,397656,1063968,150974,15002264,16193934,26961920,
4508212,531829,1291030,545551,22400593,27683547,46139860,
692436,89100,294702,158201,3857037,6950687,11566180,
1822449,187438,718269,468536,9383651,16304791,27193180,
3515696,309984,668259,385804,20435741,21572838,35954300,
2577146,357170,712193,227442,15511053,16976388,28294300,
4502577,592540,1092970,301455,20863171,22215868,37059860,
2115080,219941,948265,333960,11991549,17546851,29177320,
410932,51532,168413,76880,2372654,3110638,5184380,
2786036,364112,851362,460204,14817584,22138665,36931760,
3009922,389887,1056385,155058,14758751,16308906,27181640,
4582652,550754,1417263,664369,23109150,31889430,53184460,
4461527,412858,893197,471103,24850943,27916557,46533380,
1141549,117059,402318,222458,8283168,11631137,19307700,
2486724,322913,667403,347261,11478102,15772932,26322080,
3051574,382231,1057881,156233,16172294,17007594,28346800,
3826382,470804,988762,362603,19563657,22573405,37621820,
825141,89180,376573,205599,3476021,7097061,11827980,
841234,98968,380281,201295,5694431,9793798,16288700,
1666283,195397,585316,309778,7547212,13149124,21949180,
4732733,610206,1539187,513593,22807180,28242424,47104280,
6703628,697041,1210341,395651,39185156,35810086,59615860,
1750292,201096,709261,373335,8416676,15277402,25468620,
657810,77944,279724,157089,3821000,6458900,10759460,
2569217,328834,754850,407700,12986878,18947022,31612420,
1953209,273009,1075639,187634,9459499,16059879,26765760,
3455787,454256,750957,178542,17778778,17502003,29170480,
2272689,260929,1056595,505373,11573319,22900090,37815880,
372235,45602,161593,65426,2094409,3151026,4979220,
3186127,334691,1204666,782154,15975285,32905450,54940040,
6512049,753787,1383988,252332,37084998,31810035,52947700,
3774270,460456,893660,285169,19654550,21643279,36084140,
1660063,188797,719394,378620,7846989,15578933,25920140,
656612,77548,290937,155978,3828994,6841559,11402620,
935031,102546,384575,237223,4049748,7895460,13188000,
2392204,327220,611841,212900,12476771,14217559,23662000,
2615760,326713,893673,156165,12894817,14715342,24525580,
3616382,441947,966962,340214,18406974,22583944,37558360,
2299792,232883,818368,527706,10946986,18490929,30097240,
3918011,361298,838388,411599,24863439,27683040,46165360,
454878,43736,141837,65836,3177191,4039375,6733980,
3100319,414310,992181,434536,14723899,21489446,35747300,
3723318,456181,1264895,379315,17716338,20934299,33939720,
3183313,391571,806378,268406,16801161,17638987,27046020,
1131656,130765,538788,292938,5804234,12172798,19740940,
548562,57374,212443,125144,3243828,4941114,8261880,
2030773,284727,700977,304171,10639450,14381815,23944080,
5516315,622780,1741029,741944,26234491,39453158,65786600,
4920774,535213,808072,181997,29797311,23810356,39650140,
2098919,233311,872415,425841,11329345,17807569,29679100,
645638,71376,278157,168280,2498570,4070522,6784120,
919037,101812,410638,258656,5096959,9500853,15834940,
2730285,366766,938285,407265,12225303,19210969,32018240,
2677248,345966,956779,115728,13049554,13976847,23294740,
3313711,403629,790378,265036,17545599,19757317,31891760,
3369216,345781,1170575,706590,15748708,31229481,43916360,
4202233,382239,951257,426542,26480096,32946669,41494680,
2331821,260524,971280,501330,11985319,26875761,31600000,
3063624,442376,1379621,452647,14816533,29844528,36280000,
2248018,328623,1246713,429589,10641744,24669997,34647900,
3536268,448320,1115963,322686,16769214,26905065,38012040,
2328912,259938,1137163,464992,12953338,25795780,35797040,
1963204,216308,641645,296679,8951712,15235275,20420800,
4156344,541482,1416960,437012,21845874,27306290,43402300,
6919864,766943,1374227,544792,36179365,40476018,62559540,
4323657,390724,1500799,529809,23440761,31756094,50567780,
743040,87753,333853,194857,4212671,7332366,12185100,
986145,111294,439434,247481,5217305,10803815,18062960,
3457835,468263,1011607,258903,17069856,18759138,31232900,
3748979,482086,821507,179362,18485065,17557133,29261900,
2025412,221403,894521,406850,10121097,19178195,31941720,
1134778,129246,477310,278846,6489594,11750113,19618020,
1806798,192765,801865,523941,10517666,19315239,32344440,
6602085,730842,1436794,446737,38735126,39763100,65309520,
3581438,489218,762694,178798,17204306,17431989,29029520,
2475024,260637,1177487,457240,12860239,22869388,37691180,
2812509,388430,909976,335874,14282365,19347678,32291320,
3454468,438938,1272771,396779,17393567,26188129,43674100,
3721112,457857,960903,345536,19257817,22306837,37103440,
1774011,239314,701067,347046,9481934,16254221,27140540,
3917609,522301,1319031,289145,18939705,22757116,37932820,
5262504,615016,1414344,672151,25560820,36112983,56859680,
4192049,418792,1060408,508797,25405762,34867099,56983360,
1326568,134218,455122,226525,9310488,12841433,20219880,
1345765,182561,341272,185764,6856402,8793997,14610920,
4057922,528501,1380154,334330,18802602,22939007,38231760,
3466080,419278,850935,286156,17753750,19885717,31848200,
1150590,136028,466999,260886,6627321,11652813,18608800,
4055753,537186,1287255,404687,20060454,25249682,42083120,
3722911,481668,981672,272657,20092109,20489340,33362780,
4499826,487443,1515546,846568,20704188,42337608,66496740,
3516022,313965,712503,308287,23232383,22985005,38274460,
591633,68147,282312,156202,4086970,7393336,12340800,
3728781,491078,1125346,328244,17956550,21384981,35667020,
3672081,482872,785666,187593,17923647,17494935,29144220,
2188023,230163,943505,419716,11118220,18425688,30675980,
714069,83091,308922,181747,4696561,7683864,12840320,
588808,71499,298191,192980,2931857,7393407,12291960,
3805819,475959,1300063,521111,20133496,26027585,43447320,
7013784,804067,1175690,418988,36985311,34057243,56762440,
3082384,297889,1209138,464176,17265469,24873363,41388080,
1086356,123919,453996,264687,5512937,10138147,16896680,
507433,61629,252956,165202,4420327,7989547,13383720,
4153150,540530,1214769,320129,19794706,22059948,36730040,
3638507,452484,821694,160598,18313120,17099101,28498260,
2018666,232237,874383,474110,9597099,17099063,28465040,
869951,104186,419226,241862,6942133,11808189,19680320,
152504,9337,275688,154994,1853668,3911480,6552980,
5674758,666228,1397221,671787,26168131,37055272,61758700,
4723621,510795,1013113,207606,27822013,25005338,41642000,
3253247,390573,1084225,393428,17509132,25234120,42134920,
3601484,482689,1190564,488682,18876880,26822187,44664680,
3339543,420987,1002628,245157,15756925,17973935,29464380,
3615995,429916,1181764,439811,18264460,26690709,40757940,
1041185,125736,502282,279576,5959019,11008799,17595780,
891042,101260,372808,209916,4619001,8521488,14244740,
2293931,311705,756385,322454,11701858,15155084,25211260,
4386676,542006,1330006,496179,21600628,29901495,49860060,
6062827,639247,1118647,389194,34579257,32648248,54379820,
1815962,200934,827042,395235,10310386,18946408,31595380,
864378,95808,342825,202830,4548296,7885783,13183620,
2418342,335258,706524,317994,12809869,18651389,31060980,
2765640,352444,968735,141493,13473226,15116556,25120580,
3404948,405938,802517,255689,16297239,19433449,32327660,
1771253,209872,806797,421327,11886732,19749229,32245660,
485951,45785,414130,227475,3202679,6087995,10156080,
5487042,610786,1161089,598179,26856183,32704285,54519700,
4178740,472906,1003117,197646,23887466,21718060,36162680,
3318386,399450,960297,317090,16966833,22854758,38125420,
2767266,354562,965289,503908,14818560,22950023,36080740,
2865241,371518,1095483,281978,14195648,19616191,32292680,
3938697,523905,917134,406649,18400806,23491286,37278320,
1986964,210747,937611,354381,11371862,18955212,29856760,
1411594,155228,597844,324396,8251777,13497991,22217540,
2508414,290600,845824,547613,12101894,20408617,34047960,
5348297,586939,1274935,341348,30495224,33137151,55228760,
4303859,520562,809144,300451,22691674,22676821,37761400,
1761627,178218,861780,315398,10350615,16035741,25640120,
1755234,197880,730222,412782,9125920,15584792,25594960,
976070,115178,315447,163708,5154885,7988359,13347800,
3847215,529019,1207478,227936,18848594,21055887,35093300,
4008554,483141,1073191,403327,19818377,24818895,41398260,
914654,106728,334369,162713,4780276,7893995,13089120,
3157223,324211,1147834,737507,15719872,28697259,47626740,
3601604,309767,647383,272768,23530548,22139373,36308900,
3224660,439407,970426,186212,15612777,16791173,27998220,
3791647,483893,782990,230800,18240798,17778804,29584900,
1425243,164064,696835,322064,8265934,14553652,24289700,
1475431,161259,599339,307601,7834774,12897606,21462120,
911059,98304,392499,220040,5689884,10082584,16804320,
3423484,473365,995884,176138,16142274,16745993,27944500,
3907288,502591,1047479,465559,19376014,24836689,41411080,
5112660,502095,1433019,712261,27214518,38714208,63592020,
2478323,241852,772391,402036,15609253,21379319,34794560,
1244907,162220,348506,192515,7001662,9690020,16070200,
3553221,471315,1136484,201986,16922064,18303489,30540600,
4147549,502504,1083870,405164,20884995,25093540,41801080,
605807,76738,347514,198293,4146101,8817467,14681480,
4584046,590004,1472706,481418,22190710,28168551,46980020,
3492796,482225,729909,190661,17782512,18646123,31016560,
3200675,324392,1330100,674663,16719766,29101200,48535460,
4039214,381157,913419,471475,24457740,30902784,51470920,
517448,61937,258199,153211,4463125,7544291,12539900,
3813038,493378,1190165,373628,18151308,21894460,36558260,
3842744,503356,806639,190050,18576639,17989020,29947680,
1640915,170106,727031,288035,9261411,15022583,25038500,
1714238,200426,768745,437036,9112192,17545057,29207860,
133922,19346,92601,64716,721711,2390578,4051600,
3948533,518020,1405200,462107,20870893,25544678,42676940,
6832761,757855,1268779,539334,34493107,35650057,59315840,
2306411,219954,801960,279601,14787463,17870770,29751500,
1789237,204893,765881,435646,9465916,18866066,31443080,
555599,61848,263788,128910,2574013,5248579,8754200,
3429209,456170,1149260,318547,16915050,22763159,37955340,
4038499,531798,958739,305689,19480002,21929953,36516180,
1494733,155963,707732,282584,8627326,13254289,22056900,
1368012,154050,547328,304783,6494613,12673062,21121680,
1206133,124236,591104,388466,7211545,13640003,22767940,
6185796,674429,1331288,521696,33935362,36358989,60631720,
4306167,574093,953783,255468,22026955,23246832,38711140,
2008177,202586,884957,291153,11433389,15972384,26586720,
1657233,188617,687082,394532,7686311,14457227,24095820,
446075,47648,176475,98026,1772269,2869574,4782600,
2624978,349495,867979,423488,13401049,19895001,33197060,
3700011,475420,1137882,251240,17712075,19429944,32377820,
3103585,378308,924563,302745,16888574,20921236,34834640,
2628240,284953,1008742,639879,12260990,23106940,38545720,
2804742,233084,334367,154100,18849240,14833813,24688760,
629560,61590,225050,141879,3637612,6129378,10283400,
2821779,385598,871796,326760,13624056,17780874,29609360,
3817188,530189,818772,141182,18782613,17054192,28623300,
2964429,310312,1273109,508224,15487862,25323774,41972960,
445163,48292,182776,113529,1773244,3247063,5419820,
1084240,121589,451953,235740,6154199,10591343,17704800,
1986222,272681,815700,433178,11018290,18407739,30813240,
6313431,694039,1547913,479496,32182656,34851867,57969780,
4920620,556981,1168664,440401,26556330,29175494,48536200,
910913,115547,441403,239095,5061571,10239012,17065200,
1045923,117963,438621,232917,5316277,9880623,16467820,
739763,78564,319151,207660,4483256,7763609,12990280,
2921396,404831,825030,197345,14170656,15157864,25245480,
4555742,583969,1126162,393474,21040270,25745584,42909340,
2703072,309368,1115188,489979,14604041,25877392,43095360,
973468,97037,614984,366478,6052104,12654331,21197880,
3546102,350303,770309,525233,17491134,25468269,42364920,
1625271,140204,305934,119318,13172810,12571749,20927420,
10452054,1073353,1911825,506096,52658206,51746614,69413760,
12503880,1104547,1566077,341647,64944637,54458050,64071280,
9907791,719570,934984,234955,51212004,39399714,44421280,
10544616,773833,1078190,306145,54378050,44826646,47735720,
12673999,1062764,1773726,326650,66381785,59037606,59788480,
13414386,1241129,2188152,592935,67591277,76217243,73926960,
12565665,1027229,2115278,782601,65902695,80201144,76320900,
13235346,1055596,1843789,489041,72380808,73233570,69778480,
10429504,806886,1320500,286815,53356491,51734209,49195960,
6476304,550489,968045,153111,34256072,34784653,33118960,
11506146,1174475,2429178,676066,56726257,63633709,60681220,
9483508,870495,1463507,435558,48885204,46690166,44325720,
7613864,569886,1186630,300872,39307737,36877930,34849000,
4852229,386045,657876,158681,24607658,23149849,21930360,
11159526,1097218,2280220,771580,56702956,68836459,65620440,
11832947,1100653,1994720,604843,66437843,67058298,63804660,
6257243,463615,670876,206836,31674371,27273544,25416420,
3798382,295734,562716,226566,19711813,19382657,19908940,
795424,78914,296519,175059,3501892,6134123,9815220,
2785560,381005,812578,223324,15514896,17056481,27856340,
4549453,600445,1010757,294430,21504171,22549295,34062420,
1922832,201069,890565,357832,10550533,16697761,26749280,
636723,73618,473988,263419,4968363,9274388,15175720,
4537435,476812,1220856,746784,23379781,42005585,68230960,
4331863,539130,1117769,191177,24514641,26558626,44008880,
4062090,500131,977012,258005,20024712,20908762,34020000,
1815733,210890,804077,422739,8735584,18311625,29352040,
798829,92508,344681,193932,6412312,9211821,15353300,
2550184,344979,696511,297752,11639457,14463565,24139720,
2812843,342592,1070912,172980,14304909,16331076,27233040,
1760475,189174,790735,353322,9319980,15514962,25809760,
1139735,119305,637018,386027,7888574,14245613,23815700,
5137474,675685,1290304,572923,25538080,39527426,65900000,
4951325,548798,1449210,452353,27960641,36355532,60560240,
3333578,412935,850272,285154,17294962,18812105,30861420,
1230773,148859,574955,301461,7994663,14511296,23746640,
972281,103769,374142,205912,4048116,7084220,11840460,
3424059,466199,1023341,232313,16799975,19071732,31801800,
4344617,546741,1058963,334706,20552458,23141365,38553400,
1385336,148305,642051,273405,8233971,13226574,22102640,
3527135,459547,1404604,619496,19141076,28289623,47205760,
6584450,777558,1528367,602701,32640297,41291869,68770220,
4032891,418827,1174431,359126,24530280,28901310,47129740,
1691501,191310,765862,412929,8226273,16906076,28110020,
119225,12241,54052,33698,1613178,2502015,4172000,
2626096,355395,856267,346015,13343364,19675484,32825920,
2840558,358769,1370182,337015,13081393,21003963,35007340,
3574621,436155,797438,227207,18223023,18005769,29543740,
2072949,242032,888298,463415,10417250,20117604,32122720,
216978,24385,249183,146936,2796936,5226048,8724160,
4793540,572925,1281136,603898,22125968,29810743,49677680,
4425865,477983,1390947,376014,27454147,31579123,52598580,
1612885,160771,787814,255832,9490480,13964925,23240640,
1645878,188259,696896,400620,7639184,14189628,23649180,
184872,23298,100198,67452,2522466,3857711,6429500,
2369073,321010,759707,315079,11306183,17507056,29251520,
2954450,377746,1367829,340071,13641432,20864795,34741560,
3353010,418508,747695,168134,17085556,17141803,28624580,
2640149,309123,1326463,720401,15262675,31030755,51746480,
6775303,809814,1547686,522950,34370334,36915235,61464360,
4507483,516736,1046690,314428,24559680,26154073,42880940,
1656013,192036,725930,370598,8489571,16511434,26483080,
647247,76053,266662,148673,3754678,6430430,10530840,
2408716,305523,743848,406225,12679768,19502777,32617240,
3238241,417852,1073543,144830,15680304,16517191,27453460,
3813040,466602,985160,361027,19316935,22579643,37598820,
1111015,113308,513527,283936,4902634,11218057,18709820,
3380203,301785,1433357,1101625,17202678,39634189,66075520,
4745304,398555,1434609,884650,27487257,44069461,73526820,
3589809,463645,1227239,277674,16805653,20902242,34755980,
3854090,469643,965955,358250,19777802,22543036,37620980,
1542931,182255,691742,376368,9058619,16240289,27082520,
3764900,507105,1216522,311022,18664640,22471461,37406620,
4405299,538342,1120299,353345,21543146,24414227,40808520,
1324916,153750,605923,270038,7090702,13032131,21582500,
684158,83191,454503,267789,5553107,9988651,16681900,
4195039,470197,1329043,839121,18576908,37864425,63161600,
5100252,602103,1139486,306949,30893193,29733618,49506020,
3368196,468506,912939,240141,15650087,19920410,33209680,
2674953,276766,1061933,384376,14329412,20266139,33726500,
766056,89756,350370,210558,6028971,9170891,15449100,
1086739,129876,499928,269116,4660812,11036517,18327740,
3494936,470710,1031824,231069,17082218,19434596,32346620,
4011818,497577,935656,238538,19497830,20017503,33361980,
1687274,178818,899555,413244,10527441,18949088,31644940,
3133478,324420,774420,526435,16801991,23921079,39854740,
3105444,279200,732835,333508,18297682,19851683,33069880,
2682804,385404,919061,274681,13114105,18021111,30028540,
3568274,491513,1003784,267301,16667031,20313363,33856160,
2749267,291736,1040379,383219,14693928,19911088,33156100,
3310169,450080,1036617,401740,18595296,23670599,39500380,
2867030,363654,1334150,384960,13251852,23100559,38486680,
2877896,360903,808019,177594,14765220,18434170,28554060,
1660281,205751,911673,479896,9892153,20086300,32230700,
3375817,353101,827208,537128,16982758,27373286,45655720,
3953743,441925,831515,302638,23468828,25423143,42386140,
4111432,516097,1414103,444616,19971560,26037103,43466700,
3285105,398152,966622,323158,16997769,20805218,34198860,
1155120,133723,530590,298815,5838533,11807314,19569760,
409638,42702,150952,81008,1588585,2674374,4449820,
2434595,341580,786713,326439,13011420,18694122,31190440,
2874499,377006,1390586,397201,13265065,22929820,38259940,
4821710,543300,1226443,525407,24255972,26948692,44955300,
4746780,470356,1175488,607346,29312838,35778666,58911900,
582118,62631,227528,120370,2355900,4196865,6462340,
273855,23120,152473,114991,1434632,4780815,7889040,
2622705,359835,900921,382203,13154669,20980485,35035380,
4078908,521389,1112078,216951,19231706,18993545,31621760,
3091559,353789,1014127,384259,16802959,21326283,35567900,
787589,78265,370803,236495,2932994,7056983,11704500,
801816,91818,329303,178587,4410128,7882065,13136700,
1385148,151909,750497,460318,7902631,17340884,28970460,
6309343,714761,1290524,474868,33276618,34584654,57640540,
4535026,571175,912319,255022,23401634,23185655,38675260,
2318705,239180,1127044,388623,12913337,22838380,37966140,
694234,81927,317217,167258,3987117,6882993,11471500,
594964,66034,245199,154495,2345092,5252077,8753420,
1193206,122069,444695,247618,7164989,10719297,17898960,
3576430,487937,1041277,228599,17210810,18345872,30576480,
4179379,509123,1008326,278445,20255070,21612764,36067000,
3130222,326216,1091675,702808,15500449,24961335,41539040,
3273510,285490,629600,275244,22194011,21266614,35444820,
3383599,450983,1084914,338507,18551770,23723684,39533040,
4111187,549189,886446,269816,19536423,20166994,33635720,
2500727,259632,1173343,448075,14311126,25613945,41351060,
2747605,380078,837719,326709,13909610,19266029,31525080,
2979124,371515,1159488,302922,14431302,19963594,33272600,
4046377,481097,1052352,389410,20189958,23891676,38694660,
1671395,190117,879170,480603,9474762,17934611,29110380,
4347072,413396,933926,563440,24573408,28480422,42147680,
3036359,368708,707104,253448,17013612,17374109,29004240,
3862540,511765,1039041,253858,18251349,20080438,33454020,
3252508,365721,1148740,467559,16770395,22202872,36016060,
832199,101572,396388,227769,6479584,10948795,18223620,
947138,93180,402087,260252,3653165,8920256,14867040,
2484618,339815,680511,227238,12260364,14396567,24027900,
3828215,512628,1055110,277746,18516700,22235859,37120380,
5003723,552340,1767630,864928,24776351,42808730,71282140,
4373818,445401,1012104,421487,28322630,31499166,52520440,
3851493,527708,1295488,317608,17775289,23067928,38440320,
3411233,430943,820097,211724,18240488,20400139,33948300,
1550447,190506,778232,379586,7913531,17417044,28203660,
1060936,122168,438046,232836,5399022,9908564,16508260,
677905,77922,332552,200669,5390399,9416730,15747760,
4029103,546738,1235743,317023,18672998,22264472,37077020,
3656474,462491,1055723,380656,18848206,22813605,38048040,
4456007,481540,1270178,723511,22337301,35767455,59632500,
3200410,293194,759722,350403,20597442,22302262,37079440,
1435099,210290,414509,208020,7295875,11584880,19363580,
3848719,511061,1358797,322351,17838867,22180550,37014960,
3366256,414428,803149,262552,18147498,20158855,33635020,
1361847,166995,578940,320677,6490233,11667363,19308360,
1042335,114471,479089,248553,6930829,12232581,20382300,
1333133,207643,309036,134850,6556584,7814610,13081560,
4488851,541789,1716824,585445,21623660,30515289,50865300,
4630473,429335,1197285,501160,28050143,33174632,55257480,
1591841,138685,408428,207863,9936891,10394915,17290900,
1402223,147648,578585,297569,8187863,12945570,21610140,
1584294,219076,403137,222189,7966158,10432715,17386920,
3982248,508986,1477348,370940,18360869,23793398,39662700,
4035312,491836,1146163,388993,20821203,27477518,38276200,
1052654,108864,389637,153640,4916249,9756996,13110100,
1529494,162483,692581,306443,8026278,17525041,23264680,
3312624,320980,1051433,627118,15511406,28999625,38724940,
7556494,835157,1914318,444431,42276946,45117482,60129740,
3834922,467127,948343,334977,19989918,22926892,36764240,
1040487,103020,363989,189779,4910351,8479474,12180860,
2615565,236453,853943,336951,12624608,16929653,27675400,
377174,34067,202143,101721,1988330,4295079,7132040,
827730,88017,313419,186945,4308807,6641567,11134400,
2786459,387464,799479,242782,14123195,16985358,28275520,
4131811,546432,1117071,385904,20563101,22568753,37687680,
5835668,544188,1659067,778046,32204706,45491508,72376800,
2061750,206164,790748,455544,12672327,20855736,34102440,
3708294,506719,1221745,335515,17147185,22773699,37968160,
3791284,465010,998754,343885,20119737,23947683,39900080,
1163380,140855,562905,284944,6273112,12487334,20778320,
4915541,604701,1716623,744498,23709367,38077629,63462760,
3875784,521661,811621,217731,18786464,19558325,32597360,
1983105,200603,1171926,476158,11951109,21795232,35763940,
3937583,395807,941996,622865,20865044,33116211,52108740,
2279680,157949,494487,264140,15825685,19892221,31075660,
3958234,503590,1239307,473676,18993139,28237511,46974460,
3296287,404993,835240,352420,15296168,22721797,37878960,
2386237,242304,1044386,420741,12693386,21888218,36422540,
1242369,144613,556994,316438,7297190,13694489,22824460,
712450,87584,242910,197083,4730485,8826358,14744320,
5393580,668417,1737917,709925,24338479,34126793,56877940,
3328718,443200,814830,243956,17027031,18917913,31529480,
3544109,382497,1155851,690332,16805475,30752667,51255220,
3212713,281727,715121,324344,20925233,24023246,40004640,
328286,40993,199615,130452,3611742,6660455,11134080,
4228293,551197,1272770,395496,19953123,24128991,40215300,
3664169,471215,782388,167785,18195552,17113773,28597940,
1578499,174488,675543,321766,8236947,13791158,22883880,
1242888,142998,554220,317340,7302799,13027345,21712240,
83947,11474,54994,43780,1784668,2339788,3899740,
4194525,531765,1435302,583964,20607016,29774002,49725520,
7156458,807503,1292777,526174,37510640,37923876,63172020,
3373591,308552,1139479,437845,21884982,27106313,45127800,
2959047,409543,947162,430986,14608082,21766479,36315780,
2136057,302154,1102721,182225,10433818,16768719,27947580,
4383706,536473,1194283,458000,22363282,29385989,48973420,
2564980,329337,1018751,505529,14038267,23738038,39616620,
3636154,514533,1129974,218642,17021577,19477347,32418380,
3984608,488797,1055375,429382,20209758,26781279,42161340,
1660559,181831,822861,478007,9962463,19462448,29573500,
8550299,954908,2059392,732098,46388409,54243635,72307720,
4640430,573746,1273136,534698,24086377,31968749,43851160,
601100,64684,275184,145103,2596251,5647780,9144260,
1427903,159437,591712,354309,8071871,14326938,23878200,
222058,32463,142762,88657,2643675,4568807,7701580,
4103207,546669,1240803,366201,19279471,23339146,38860100,
3620808,488690,793353,233394,18775783,20286248,33812540,
1669786,192252,782409,357020,9638219,17438140,29014260,
3963822,523201,1352479,638336,19691840,30508505,51002720,
7226852,737252,1688203,788449,39932715,47121065,78474180,
3186367,348291,1265886,508605,17007720,27777324,45001660,
2189459,273677,793963,395334,10949524,18810884,30785760,
3599001,503849,1133343,220357,17018329,18847622,31406100,
3837504,465726,981854,368838,20074359,25268663,42146620,
1207425,154244,579437,283623,8385809,14471980,24063400,
4270656,573100,1412208,439656,20499786,27134348,45256040,
3822281,490346,1077195,341089,21581440,23306605,37548740,
4578563,470846,1285036,711142,23771064,37767809,60573200,
5231864,594250,1466672,582999,30444290,37688980,58854060,
4385676,591274,959715,214913,21822012,21632869,27278620,
4401760,563818,1517439,513929,22409202,33030570,46194740,
4726936,616444,1326761,487128,23005845,32676035,44569600,
1774680,190765,881882,352079,10657165,18609614,27497560,
2840766,364067,859728,326245,13534309,20250339,29028540,
4439241,592396,1152761,414301,23031826,28370807,40606080,
4745194,433389,1699243,982833,24208157,46822723,69865100,
3583371,317984,907485,404526,24038978,30169017,46943100,
4374809,601711,1127965,218342,21018567,21011512,30526780,
5404624,693229,1523890,603612,27601235,39988351,50219680,
5627217,682964,1717093,751942,26003734,40520626,46485700,
2606759,198347,1418743,823229,12846851,34153259,50109720,
2024353,166642,1043979,726565,9615351,25299776,39642120,
4590051,634422,1106576,208632,22801162,21490414,28219880,
3919162,441291,1512086,654704,20651878,35676402,49363000,
3812014,319483,589723,389267,23103290,25230115,33697260,
5043680,621935,1551107,534970,27889325,38908159,55498920,
5142269,635791,1410614,411134,25409069,32589887,42997440,
2246176,252493,805893,342294,12242950,20826739,26015740,
5849535,731838,1789548,648536,28078824,40948320,50620000,
5093407,620986,1191186,302602,24989526,28222467,37020360,
2625309,302203,896436,465824,14294290,27103488,31923020,
4148262,489048,1349140,627215,19785534,38019650,38824880,
3141668,400902,1293963,342935,17061187,26689121,32394420,
7475297,768965,1852896,894417,38393857,64763374,62907060,
1271268,101516,198475,82307,9314872,8177827,8875600,
1341487,156537,576384,290849,7821579,15310095,23855020,
1831144,245045,566246,288907,9564048,14198636,23718900,
3116422,441981,986836,137170,15025128,15500840,25854500,
5263794,654475,1297443,492938,28153416,34812716,56536680,
968315,125011,504905,251501,5296630,12286182,18006380,
4080621,545412,1325230,465560,22092557,29222232,48259380,
4424298,574348,1060620,328518,20660495,23267567,36823060,
3496852,347290,1386868,723105,17808817,31231501,49206620,
6099734,644345,1407987,558641,36280789,41721132,68662520,
3217331,436805,970877,239256,16629963,20057336,33428960,
3441790,408935,1085089,421913,18107231,25490469,41327620,
1969477,234150,860738,438807,11097263,21596390,35896200,
3445338,507324,962615,148293,16429913,16526093,27443800,
4489142,538619,1195222,500803,22909447,31206145,47681220,
716025,85789,393231,181247,3727453,9038780,12015380,
4761900,642456,1539969,475970,24633789,32668169,46444160,
5108781,613037,1606547,717857,27290827,40453547,55122720,
3677651,331403,655906,395840,20888803,22984565,37224280,
4975845,580235,1344042,518075,27066478,33132888,51657000,
4136320,544311,919535,197902,20049622,19602128,28985960,
2115696,228145,985055,454476,12874948,23805019,34551680,
2226779,286708,801892,404875,12251034,20448895,34023800,
3173500,459525,1044511,181737,16457743,18229838,30382600,
4100672,493937,1065632,398318,20507132,26716801,41966880,
1025442,122812,523928,271357,5022227,10110747,16271780,
5088189,623829,1575760,739693,24156015,36040871,59469280,
6805682,711662,1792669,739903,39649229,50974530,84470560,
2863069,344963,922352,330630,15404902,20438779,31845940,
3576095,487544,1189834,530177,17325116,27286711,45574240,
4102611,568330,1005386,263815,20256121,22804790,36604020,
2520862,262642,1042208,434317,14246725,23674627,36598820,
2476320,316504,997422,501821,12004042,22718461,34944400,
3371896,479547,1058396,165830,17258514,18653165,31089120,
3933574,470441,1043800,400930,20896813,26747970,41743620,
1693361,158461,891308,606255,7677454,22520936,36666360,
5488175,658673,1764593,832134,26297585,40058325,65801060,
7281406,748843,1599897,712524,40130448,50091470,79536240,
1842995,188828,920676,326420,12275676,19473987,29833020,
3765098,493737,1177920,452877,19543366,25684857,40708680,
4419430,584160,1028518,318067,22140500,22412435,36164260,
1989144,209657,968260,399226,11377851,21095295,32850980,
2853899,373745,909463,453325,13803587,22515806,37626840,
3574691,467433,1062787,199721,18443380,19143409,31535480,
3408173,408569,1117521,443074,18794432,27272689,42793880,
3093106,309806,952794,633983,14311599,25440417,42451120,
6203686,699749,1435695,371310,36642683,35455781,59042980,
4653507,585979,1154349,467165,21685512,27412024,45652660,
1497604,169789,761356,316243,10331105,18242287,27566960,
3573653,475249,1094123,458698,19207951,25794040,38895820,
4146812,560941,875601,240929,19715422,19816991,30457080,
2134123,218264,1015189,399871,13680561,22142711,33514220,
2011073,221907,831054,431284,9826924,19483673,32498700,
3153021,454133,909412,170325,15390798,14840715,24709820,
5440053,639264,1285637,669397,25268734,34219280,52704400,
4342713,380486,1286129,463840,29448530,35140954,52440080,
513795,67402,227075,106087,2903548,4920828,7146580,
1974566,210238,740047,401074,10043753,17251246,28785960,
2130864,324594,850966,156371,10081409,14144448,23540980,
3925328,527491,817624,241680,18203958,18512038,30725300,
2838916,305317,1166770,475326,16533204,24135720,38014840,
285569,27100,151356,76408,2477638,4142763,6260540,
2638706,271662,1090740,661917,12444426,24677911,41189380,
5518258,599511,1246389,367343,32808607,32808869,54684040,
4745383,610301,1048447,289167,23094465,25877498,35211940,
2772370,289833,1339731,507242,15283621,29175645,38967420,
4329663,570707,1427357,395374,21228167,28903438,38436080,
5077494,629748,1463021,512472,23333791,34795439,46398260,
2298042,237298,987025,303241,12431502,22097514,29259560,
1424080,154273,533192,319975,8434137,14317237,23896020,
686508,70878,388216,196050,4261947,7554830,11903040,
5946211,710693,1665653,667301,27895175,47329326,63126580,
6004803,675095,1354099,433977,36613751,43708635,58229720,
2619652,307500,868673,326318,14198119,18968926,27446920,
3134084,417252,934342,364014,15654082,20223133,30238160,
4424962,589778,1008527,299370,20535171,21292889,32291060,
2232093,223009,1005692,379098,13749342,20851446,31956000,
2814027,356311,1052711,541491,14317036,27109097,36205200,
5027701,697283,1148706,208944,23728169,23084326,28844140,
3146542,320008,1467159,665431,18843347,34215245,48229860,
3728644,346329,695738,426105,21675664,28010516,42955440,
5074097,624670,1335253,390067,28410564,32990647,44235980,
5481216,672993,1613529,636847,27853874,41253831,52166360,
737807,93041,417020,208736,5312141,11207762,17159880,
2979684,413016,971223,354173,15110917,22269491,32004040,
4636466,644857,1272691,462303,23115207,30463728,45645040,
2371154,251114,1032956,379409,13367584,21685353,32266840,
2545019,322167,976180,498667,13621664,25364657,41989540,
4959834,680833,1539230,379312,25900181,29968547,48577740,
6050578,651926,1317657,623612,30569449,37336123,56017960,
3408187,308593,882214,416018,21411519,26028904,38025300,
689528,82919,327093,183312,3928334,8184317,12891420,
1684198,187281,660553,365134,9992019,17664031,29491460,
3739967,509291,1124806,178689,18819459,19930278,33163540,
3614834,441420,857214,314131,19675950,20883572,34792380,
1312321,146783,562463,306583,5946959,11524518,19207280,
3634033,486326,1209630,358613,19549138,26610745,44366140,
3814057,528427,1214790,497192,19802198,29963942,50109040,
6382381,634795,1895449,826367,34074199,52105523,77523300,
5352990,622629,1459114,476538,29547607,38795559,48298900,
4992442,651534,1463412,526131,23404820,37082285,45426400,
2280623,236713,1046160,434922,12729105,24246901,29887500,
1203250,133036,574033,354737,5919284,15896881,23451800,
560522,61303,230494,131730,3361303,5714624,8217580,
2384885,333463,712363,281226,12451375,16068816,26219920,
2959886,392476,1319871,386439,13647393,22714118,37857040,
4726928,550692,1222569,588148,24070879,29015917,47541060,
5499126,542493,1283659,640419,34274137,41255770,66571060,
3434495,458283,1352327,339390,15642475,21858558,36403840,
3400775,443763,836745,246134,18979721,21871365,34731940,
2212198,248900,1109699,479265,11238566,24207645,37194400,
601091,70044,250426,133037,3465441,5579399,8788540,
682637,65348,321726,230708,3009317,8165943,13643740,
677502,74261,275764,153312,2630605,4032787,6687480,
2332813,189997,566358,251084,12880383,14404161,24055680,
7520894,655328,1020356,564189,34850855,33304518,55534920,
8128074,771725,523918,162655,45343947,30511257,50818340,
3562495,511446,1009834,295793,17226495,19258742,32150040,
4837995,605122,1225812,430157,24962626,26711225,44483340,
4045951,484139,1043524,401444,21534725,25622976,42688540,
4617532,525926,841672,409722,23795165,25841845,43134640,
5220742,713162,1377392,526025,26735114,37228136,62001840,
4503761,607158,1406011,434401,23078171,33642391,56104660,
6873639,820927,1535999,764661,33509808,46312249,74653820,
14533807,1838968,2432975,1096648,83500460,109091422,148305920,
23605842,3523877,3202872,1343443,129408595,188760011,197992020,
28706413,5016878,3122722,1271441,152281079,204296206,197666120,
30371984,4854580,3011247,1051256,166314022,209023731,199063980,
26559662,4033942,3309568,1241276,142181652,194950210,185631920,
19492703,2959237,2203760,828047,107448335,130377436,123839560,
5127355,698690,1271286,530646,32528744,45256218,43117680,
14182661,1619160,1477609,817043,89521894,95047400,90951940,
22681886,2238857,2439025,1393420,118563989,163983640,156170540,
24349017,2416719,2388913,868883,133660146,135659389,129130500,
9990728,909577,1505436,638521,53060853,58297250,55384980,
2905250,184595,846426,467957,15231068,25112272,26019360,
5068183,673199,1720819,507717,25626826,37798163,35523000,
4337295,535549,1185685,527242,22653175,32282647,34695920,
1384801,149714,561448,305206,5931503,10385847,12254640,
4022614,538227,1229335,385176,20135422,28218880,27869140,
5576426,658189,1725602,713001,29344615,52145160,50514240,
4553908,407788,964208,471029,28274620,37280775,46093080,
2405358,307417,822629,442283,13248465,24025821,30296060,
4719626,608894,1443833,390476,23184669,29521361,33328320,
3931843,499742,1247221,547176,20865414,33938688,42778960,
450809,55722,212936,146859,2045195,5584433,8414680,
5199438,669446,1678665,527769,25899365,35253766,41392180,
4355331,528520,1203954,490498,22509900,30733609,37545640,
1522105,156973,665805,359378,7259906,13523285,20502600,
4717890,546771,1227871,681540,23415925,35223951,54609700,
5357647,550533,1382115,341142,32599159,36453464,51076560,
4206792,515913,1213032,453033,21297472,29397712,39469960,
1348031,158227,645345,312559,8081895,15213300,23112520,
4041639,547026,1344311,421558,19482300,26057654,37501420,
4046533,505932,1034234,358846,21863974,26338716,34886000,
1053269,122710,510298,314513,5262022,13787699,20144560,
4117943,551592,1343369,498926,19582655,27943101,46537600,
4733606,597667,1217161,516257,24450510,30785347,41112240,
6118307,551066,1660883,739915,34597841,44601071,65322400,
3185913,408272,869949,372077,17871257,23239640,38481840,
3789642,527706,793568,145806,17955787,16928050,24414480,
3181723,337399,1357374,606008,17587650,32195055,43696220,
1188507,135846,553856,298463,7418483,13648676,22761540,
4030805,548161,1159771,321188,18697517,20220780,32531340,
3537678,444766,770881,240804,20030899,21419194,32392560,
1276979,151324,643994,294147,7298416,14433680,22053840,
4918783,599789,1748207,808359,25037051,38293541,62990000,
7032644,765678,1120320,366242,39073018,34516122,49273060,
5706390,579224,1631149,571489,28155828,36726741,49229840,
3279165,444756,1050486,433938,17547176,26078945,37080940,
4111876,564505,810951,178819,19540477,18841335,25793940,
3231246,382677,1410279,636020,18293955,35019319,48060780,
1264988,145691,595878,294738,6957611,13890828,21574140,
4380011,598630,1277817,372318,21316587,23789976,34333500,
4172036,508336,1257563,560600,23357568,33134843,44623680,
3674749,345377,734770,441016,21295169,27057035,42495220,
5089484,629615,1579660,551609,27264873,37723104,51689260,
3451258,476122,874475,273477,18458065,24215132,32206780,
2938690,310282,1274415,548010,14810338,24533342,34726020,
3001434,402974,988344,391113,16873485,25726419,37061840,
2226817,323067,1068124,221251,10832489,18200421,24276560,
3971037,464047,1226714,462157,18845584,31052530,40693740,
2237636,281771,1034290,483525,12724098,25356936,34631320,
6570557,787362,1995068,792455,31831673,49556555,64739280,
5770203,609239,1253775,456380,35410195,38727706,48207060,
474297,49107,313751,185753,2419909,9082071,11288100,
4903518,645006,1657432,573931,25502040,37479981,44057100,
3541836,464746,923851,265768,17544838,22584114,26569640,
2382234,270146,1084870,555739,12786354,24250771,31538460,
3472571,447410,1140903,485811,16806205,23349880,35594460,
4071654,560976,818531,158254,20519924,19072023,25274360,
4190118,443948,1936835,935315,22277870,50146657,63644200,
5314427,552817,1135163,513955,33283350,38999770,48990360,
4240641,555765,1730237,505923,20876710,33903303,37659580,
3835499,454335,1274092,559978,19860405,34113511,39615780,
191914,14122,151224,129243,1548527,4695826,6211740,
6826575,904038,1807726,569903,32720306,40281641,40144600,
4626858,603189,1381552,580091,24711758,35895193,47301940,
5541578,735794,1282875,348936,26755267,27412873,34118580,
1884778,183217,1082112,431993,11524309,18694572,25413180,
3184840,313263,679997,476729,17781125,25701193,40961980,
8165730,984571,1744087,516995,43288838,43610633,44816240,
4009939,512384,1199258,460454,23438343,30624631,38194300,
5177191,680302,1242018,344320,25382798,29076838,36901700,
2082325,217257,991908,427596,11285860,21252717,30108360,
54739,8606,54209,41938,771030,1786204,2860200,
3510243,460542,1286978,426867,16439570,24192481,35435500,
3608727,490747,1083282,324185,18720179,27196947,36263380,
3627807,383563,1486072,729875,20250121,33862345,50460240,
7448002,785385,1767308,724456,41656454,48655869,71486140,
4223634,544751,1010260,202512,22250210,21697047,30172460,
2104588,230342,899783,455209,10525014,19607919,29654700,
2213397,302673,650556,344240,13209765,18280135,29234860,
3809568,481660,1183454,301897,19110774,25376256,36300900,
4086101,486591,1298522,559804,21826867,31112069,45933000,
312053,38971,166819,104670,2624912,4954182,8251380,
4780106,630931,1521862,502880,23670957,28885881,48120040,
5189802,659508,1374374,616953,25217110,33009721,52543040,
3492100,325763,800723,378986,21831792,29122105,45831140,
5488647,650429,1779148,688926,28799078,43542767,60001840,
4705498,615107,1094135,246461,22436614,24513474,35014160,
3105350,309785,1262220,517112,16552781,27558536,38604780,
1218850,129723,503188,218151,6282896,12306220,16408460,
1030344,98320,300404,169095,4647851,8312529,12473320,
1471221,138986,569367,360299,8183881,15742610,25850040,
3243925,446310,950361,229728,15822124,17983360,27564860,
6802063,769135,1779758,681420,33419386,43515883,72594660,
7187051,753491,1765516,692757,43082748,49208515,69142820,
4917765,640707,1155256,199660,24273213,22973159,26894220,
2712533,298384,1134940,617456,13979164,28965167,44000360,
184187,27162,149822,102988,1269861,4179411,5837360,
4435851,590668,1433739,521934,22626345,30792130,49041340,
4040841,524730,919432,239379,19727144,21649015,33241800,
1315364,152325,650613,265935,7442511,13496709,20683540,
3618712,472383,1375606,627874,19549888,32185646,53676540,
6685238,778902,1434946,578004,33226050,37823763,61038140,
3748191,356042,1090734,427760,22893826,26314869,41421200,
1482668,166755,626752,346353,9226082,15414635,25250700,
28168,4587,21176,11955,115671,417040,557840,
3444989,447832,1161788,523541,16768541,27272619,45488100,
3698028,505928,892324,155220,18580732,17555958,29259980,
2482474,274306,928844,341454,13641950,18934474,30138160,
2689738,345466,870564,436083,14937471,21796504,36290500,
3365521,439177,1232705,272298,17360337,18626630,31044900,
6121651,682401,1546366,738885,30626895,43350799,72462940,
2941592,261135,809224,352793,20152696,24871371,41297440,
4048477,548645,1217621,292844,20180745,22488463,37415100,
4136864,514896,1076622,412240,21673922,28111987,46077120,
1363028,157153,700375,287129,7741441,14849272,23265600,
4191820,563203,1411056,633011,22492532,35195180,58727280,
4138608,566844,836988,175262,19755344,17869388,29764580,
2112915,227153,1136020,442709,13027633,24790283,39283100,
2348511,281396,1051418,547720,12585440,20600847,34147900,
6192244,711252,1553776,494335,30169095,34625809,57703520,
5931112,630821,1367873,531579,35467921,39892547,62988740,
963634,121632,482550,247931,5073847,11452131,18295940,
4410968,592407,1392620,354814,23030464,27163563,41756220,
4411265,526368,1209931,443609,21645859,29054759,44305100,
1035124,132390,513561,242301,5764440,12073728,18237780,
3941777,485663,1441334,679791,19557841,35155301,58673040,
3378076,453283,982232,194632,17799618,19996376,31207140,
3333130,367561,1221761,511150,17505557,29318490,45271300,
6808235,727949,1823355,931190,39629316,60769973,77271120,
3260840,438351,1214863,207208,18019187,21881126,27215260,
4114094,498342,1212240,480907,20212997,31912749,40313680,
978093,123645,497122,247737,6794091,13324255,18435500,
4077107,558661,1251695,377239,20416031,26267187,35105260,
4572843,572797,1203245,448611,22910424,30240743,40216240,
1328538,150424,650336,267352,7526136,13856959,19222500,
3710891,487871,1209515,519178,18388979,27643378,42707180,
5556209,693638,1465526,578144,26572084,32508541,44419320,
5179182,429517,1263760,497735,32633917,36537459,52358360,
1670989,193622,756085,416929,7762129,15205062,25341820,
266966,20416,181074,141770,2143699,6237408,10421140,
2972008,357821,1013503,543602,14628350,24139629,40198680,
3344010,431013,960647,243019,15921769,17284610,28807620,
3109615,390177,886551,317708,17382769,21034229,35091600,
2431425,289294,1039622,515831,13579952,24804649,41298440,
3117702,437022,1069146,241472,16231459,15701127,26228520,
6935539,770156,1404258,680999,35100205,43917044,69534880,
3229009,314067,973886,464357,20423016,28896309,45918280,
3731974,511415,1084546,302225,18706101,21595268,33166240,
4506863,563558,1070649,370471,21443961,24917299,38334160,
1435079,166696,710715,323717,10778513,18542511,27583100,
2933771,391329,974831,396380,14453504,21653331,35546020,
3500936,440487,1062292,250178,16628807,19228269,30076560,
3281564,394783,990391,338492,17492629,22329291,34279860,
1425680,161855,773140,442566,8605880,15796908,26010920,
2150121,274518,522121,386132,9073796,18334336,29131420,
5037451,514467,1050908,417074,30897941,33628722,55401560,
4551267,608727,1108780,299138,21099344,22169280,31444640,
2520227,272999,1121760,423512,16625911,25341023,42215920,
2220655,256113,893670,470565,10728535,21722022,33404280,
3342845,466934,963997,149079,17110321,16578055,26411760,
3696796,452934,823724,297450,20497780,22776239,35854300,
1548322,186424,756161,378658,7204170,17535150,27350840,
3731421,502023,1134381,342451,18839068,22285292,34425000,
5668939,684233,1579644,725363,26826660,40895499,59257400,
4567347,396108,1105539,460870,31785498,35861297,55176640,
3329106,442899,1037768,442537,16749537,25792102,37132840,
3464961,439280,1123142,355344,17634766,23000283,37678920,
3354370,424219,1023463,349041,19566483,26262610,38782800,
2540228,295348,1053672,532617,12352191,25835540,36099400,
3079738,443388,1095509,193182,15816668,18739034,26739900,
3373863,429042,846565,252432,16983924,20407951,28193480,
2063324,242057,1092156,515372,11977655,29136949,41876560,
6025844,701137,1631372,685713,29872112,38048711,57927780,
6534537,718091,1368160,466262,36875218,37995471,50788460,
1355900,152077,674285,286621,7771442,15425649,22020040,
3692547,498263,1168166,422688,19143486,26944615,38820380,
5007764,633936,1282366,340770,23911561,26489355,35322460,
1374813,156549,648267,315720,8798800,15709622,23655180,
2548709,312735,945718,490544,12363611,24157718,32743860,
3580307,483396,1164721,262339,17961213,19789428,29760240,
5325503,626943,1369758,696240,26907297,39031499,58747380,
3469793,279095,665495,292041,22079397,22492810,35384120,
804523,97965,369202,196686,5560010,10185868,16960360,
1745531,212975,620007,327376,9116773,16347978,27334980,
3666081,492352,1055727,180649,17709273,18006870,29960640,
3429251,434317,883667,325084,16880745,21282477,35035420,
1744198,204514,778876,437307,9686194,18112177,29961840,
3742456,513373,1125043,339655,18834759,22664542,37816820,
3664069,489896,1080347,387598,19166656,25329321,42214560,
5179689,496285,1645478,797490,26533687,43586613,69328840,
5117601,565320,1307415,502611,30030663,34161620,54063620,
4549375,599296,1270003,486456,20665336,28368709,43653040,
2325552,240174,1078820,437742,14790359,23929871,35151900,
2230980,284172,790964,408223,12314814,21266666,32930000,
3712075,492345,1240348,270828,17449319,21794522,33530400,
4125878,505012,1127589,463066,20905527,28370816,43851420,
1281673,143799,580628,297311,6674544,11140751,18160300,
4315544,556793,1423417,577989,21713544,27900767,46569040,
7006175,755462,1217704,457672,38075473,37684597,61451780,
2789891,279142,1182265,446864,17750877,27798368,43791840,
2932986,412341,920210,395303,14879777,21105980,35210360,
4031535,512304,1340081,468075,19597008,29902110,47250040,
2986514,349795,981328,353450,16003735,22023290,33730240,
1895026,229171,721096,381131,10736120,19045240,29744920,
4016880,534820,1274179,321642,19863631,24296464,37339420,
3877937,490348,1191364,499700,20385194,29209375,43716760,
3937262,424880,1180426,754814,18747644,33033948,54980640,
6072511,667130,1456199,374516,35682693,35346167,58103460,
3943458,482928,1000168,324989,20761572,25142102,37898380,
1705881,200814,796750,395389,8628917,18783590,27958500,
2803604,386282,878004,346724,14302402,19815550,33059720,
3475199,432962,1297456,410521,17951087,27045387,45075820,
3633917,453207,934754,348910,18966575,22476771,36486900,
2139909,275726,792198,400449,12146334,20190765,33460760,
4193631,540481,1494853,438076,21054933,25324174,41788200,
6087688,692726,1506848,771497,29698544,44244826,68941560,
3723649,327809,920045,435590,25515239,30334430,47779540,
3722006,505269,1184276,357908,18696741,24123294,37957300,
4011637,526686,910411,313047,21400043,24026590,39320920,
2031578,225482,916159,390934,10306466,19326939,30484560,
3053851,413815,908302,337828,15463236,18619869,31066980,
4623495,606240,1069672,323959,21316397,22615931,36710640,
2177548,223870,1113048,424631,14496403,24800365,38567940,
1129378,128331,671556,370313,7461609,14251879,23731520,
7224064,864570,1900151,795874,36562300,49563851,80927800,
5559048,587279,1266259,400867,32164143,34387709,53736740,
1888571,228890,876552,443341,10596463,21019462,33547500,
3291181,451924,1038285,378751,17613638,23635284,39425840,
3849916,522576,833499,216347,18511709,19665611,32232460,
2612442,271383,1195595,474439,14843396,25653356,40239000,
2823121,382794,874227,339316,14322203,19356124,32305900,
4292908,579109,1158930,345815,21353362,26161152,42963640,
3650169,392320,1510872,711148,20770002,35391402,54080800,
5277247,538196,942404,513802,31060633,33445093,45721380,
5288953,704834,1367207,340883,25915832,28331230,37774780,
2792906,292345,1191896,497285,15037351,25375151,37886820,
989447,118962,456720,271706,5381172,11947310,19221380,
3986178,539365,1283271,380667,19702739,25263332,41139840,
3967202,501396,920417,242691,19875520,20327337,32643400,
2194262,240928,968417,447765,11742816,25553053,32623640,
2378719,247212,970252,547127,11813831,23966721,34039660,
4269413,334761,842828,377428,27144309,31294656,44447960,
5063267,653699,1494125,342039,24167821,28219083,37589660,
4307978,513095,1207894,414156,23264644,29450215,40016980,
1453338,150782,400421,200245,6396064,8605462,13140860,
1626244,174427,603127,329748,10574788,17557082,29001200,
1175390,102978,337694,156835,5417202,7441669,12509100,
3998146,505729,1376636,457266,20026016,26310540,43776320,
3803192,521783,764680,186962,18956561,17796857,29661580,
2537801,268614,1454628,604780,14374582,29081531,48435800,
4366532,577316,1067226,654385,22168607,37475326,62525480,
4942247,546321,1511101,377803,29244000,36751009,61268040,
4325573,538474,1070923,417160,23658676,27375390,44773040,
2339635,293456,974335,488978,12660145,22516144,36663380,
4254517,553797,1362431,335032,20560995,23582826,39229920,
4246888,520322,1198074,474134,22143584,30128478,47415540,
612839,67537,304770,165446,2645243,6457202,10524680,
3302925,450675,1241606,471633,16244492,26197881,43697320,
2676852,356696,1059407,281712,14580631,19677533,32796080,
5845725,678154,1750637,858096,29755659,44918195,72077500,
5687691,619097,1203603,411841,34566926,35654021,56998520,
4254154,575725,984926,269189,21517720,23534207,37053820,
2610187,269514,1178868,474932,13994052,23951643,35321960,
1962343,255757,656950,350124,12085820,17493863,29190340,
4060208,543887,1391569,388734,18573146,22823667,38039340,
4067996,493959,1058467,429922,20594820,26510577,42762060,
737625,90271,371830,183734,3469307,7978702,12976980,
1253629,136377,684284,390509,8397170,14994384,25066740,
4481746,448629,946322,541172,23951471,30686356,51135100,
5196314,608484,1406147,329355,27339096,26530510,44162920,
3585383,446922,918084,349369,20438227,23620550,39448520,
619664,74300,333493,178464,3131219,7730625,12828520,
4594038,611278,1494065,530922,24184283,33041979,55036080,
3745204,490265,835808,227079,18177136,19769644,32949220,
2546995,271347,1195473,523215,15010855,25848119,43051020,
2947138,378456,970365,439777,15548952,24413916,40728360,
3594966,474933,1026995,227741,17442695,19020251,31748860,
5151385,576046,1760227,848702,26143993,44822128,70676900,
4225401,380809,898887,401144,28024403,30057676,50019920,
3788074,525597,1316007,410837,18390107,25970614,43279500,
3871548,483855,899712,269894,20162639,21518547,34775440,
1073574,136748,576490,291067,5589818,12816120,20514720,
4055691,538720,1265809,450192,19719296,27435621,45683320,
3997784,518291,877724,235801,20708865,20816131,33963400,
2200363,244421,1006117,468837,11029782,20599456,33068800,
3131827,393320,1229336,625882,17349506,28473116,47541080,
6617351,717719,1492700,499929,34759740,36580425,61048420,
4889824,539578,1428570,546703,27464146,36324013,56809080,
2078485,275779,694454,362216,10963021,16332192,27253660,
4019465,506452,1278004,291433,18933713,21391066,35652500,
3774002,464907,984247,383711,19779510,23559006,37333200,
305157,33298,204899,116600,2549209,5634513,9395740,
4477679,578393,1431620,561409,21559010,30779367,51272340,
3780168,496854,1012786,301303,19527336,19420509,32397960,
4591238,514192,1376962,760926,22599782,39848171,62038760,
3216908,267844,691176,315734,21363972,21954821,35426240,
93815,14368,78964,53919,442802,1896443,3090940,
1341442,145283,519172,299904,8274114,12763463,21305840,
3606740,504898,1023597,223901,17495114,18449787,30746380,
4235416,519326,1046244,351687,21436542,24208391,40371660,
4187602,557794,1320776,521091,21209016,28937444,48188960,
3739458,517465,712553,163200,18252410,16659481,27766340,
3176754,307213,1471119,741962,16898124,31612770,51302020,
4199241,384698,939323,536925,25399959,31623853,50560740,
904623,83280,234962,128194,5396675,6571649,10673200,
3282297,426182,992064,433730,15179846,19542643,32617040,
4029832,574670,912664,243885,20214503,21827261,36360820,
2976333,320534,1204763,510490,15332660,25593307,42621860,
1595304,206306,577622,284769,9725087,14691802,24520200,
3607037,486481,1169481,218014,16959918,18969010,31615260,
3869913,455973,1018465,377506,19445716,24311094,38961260,
741852,93694,320161,167329,5443502,9035268,14218360,
3083725,335209,1126718,726341,14075131,27455231,45326440,
3607314,280396,720622,388623,25864681,27876197,46392260,
3364542,470062,1001205,221750,15838472,17294526,28824200,
4015131,510664,903499,340621,20498224,22715749,37859380,
1725252,194861,823825,355744,9911880,16682528,27823740,
4010622,518564,1269786,449343,19099585,24945832,41560080,
3613988,491879,665866,194134,17382321,17003321,27680200,
2317133,243395,1093656,427118,14182060,24178156,36875120,
3469935,463958,1242323,480320,17989205,24991654,37609900,
6972743,841912,1344242,592947,36393624,41302247,63532080,
4203949,378368,1286387,554451,25832867,33625506,53003060,
2064755,287138,626216,314440,10722003,16939651,26298540,
3997842,517211,1175630,239815,19069979,20776075,32040840,
4340037,506161,1494005,625308,23604827,35354821,55166980,
492454,55899,239214,122493,2494078,5603557,9377640,
4675465,617896,1633209,562784,22460478,31935536,53224820,
3218796,452579,737698,213716,15298036,17749051,29033480,
3299719,357943,1494218,724154,18799000,34977949,55904840,
6856630,774443,1723347,663760,38010509,50229113,73314720,
4453797,551449,929841,204534,23022499,22149702,31571760,
2511734,271164,1125234,479920,12976806,24484372,37287980,
822097,99836,405128,230373,5664329,10824501,18130400,
372315,46963,169636,100337,1499870,3464843,5756980,
3362655,443999,993737,411958,16686761,22398311,37385140,
3884662,543890,845186,177961,18450488,18323248,30461000,
2781046,293065,1151568,443900,14376227,22842842,38120940,
1005726,124093,671133,370716,7436928,15392402,25606720,
5732639,685185,1482058,573598,26839477,34637708,57820920,
6486375,691694,1309442,441097,38063337,38630578,64055640,
889848,117109,446454,223251,4819981,10109832,16230420,
1413562,160882,559792,310591,6798997,11337847,18946260,
380867,39244,185056,124450,2976783,5483034,9087920,
2956111,414498,795856,230608,14245402,15924882,26646020,
4888031,627530,1233030,437985,22974067,25347960,42364280,
1477702,163649,686832,286592,8227716,13708852,22627340,
1401481,163646,565134,301134,6960747,12717026,21287320,
2698729,324726,932378,567302,15097815,24264126,40452620,
6190803,692817,1327047,297187,36224828,32260040,53719580,
4610946,545816,1294318,546143,24088378,31329492,52175520,
796869,89876,448903,272207,5004934,11763565,19645820,
4117594,541756,1293635,408695,20241609,25267294,42078220,
4250082,534540,980723,290135,21305197,22215831,37026540,
1230596,138156,575086,250552,6990000,11922473,19837140,
2002412,230840,841098,473387,10918075,20904541,34924120,
182456,16335,333957,183383,2078400,4486251,7440620,
6223822,721819,1671697,746815,30685541,45661771,70720720,
6674536,770348,1568652,586315,36209899,44460649,63016460,
2673013,274430,984554,331706,14773200,22502280,28797780,
5669859,712370,1696491,603725,27142939,40118063,50194740,
4471425,582651,1040777,268087,22680162,26569691,37596760,
3158950,326571,1265491,534855,16861923,31181432,40508180,
3493865,430431,1071481,567151,18793691,33699742,33396580,
5353028,720667,1226586,254698,25674519,26510807,25228720,
5726523,548858,2060689,1078148,30823708,63887080,65773960,
1723961,129530,245184,82439,12442342,10099298,10719780,
4343933,567829,1534689,545305,21543825,35342868,40935840,
4679813,556099,1350035,502821,22806269,33811192,38474020,
1164629,146471,567690,300255,7431857,15882091,19960980,
3633908,476442,1273147,593572,19306427,33277282,43279840,
4032962,560180,913045,213758,20270401,21468995,28707580,
2635942,272221,1116049,422160,14318434,25104618,33277200,
4150344,476652,1262357,774894,19659828,33187783,48612200,
5632299,601001,1523566,258235,35012377,34159577,41633700,
4776035,571616,1427004,622343,23662416,39203182,47132400,
772533,88999,397492,205924,4456270,9451251,13080860,
1051080,120908,446043,236144,7759980,12445426,19878080,
2012492,267251,491441,267354,9580174,12287308,18190540,
2439420,345563,1253705,271706,12878917,21357623,30664760,
4747696,581195,1335240,535007,24323157,29081298,44854340,
1104008,128244,786310,407602,8171888,17325596,27954260,
5378381,681904,1254838,652747,25684944,39158234,63031080,
7445459,827574,1666010,421282,42342781,41814678,49691080,
3933518,547619,1268899,363772,19570908,25267661,36000540,
5287829,651942,1499727,600879,25435086,33844000,46021520,
1145923,137835,538806,248459,6825086,14318511,18816100,
4892288,640251,1418580,365906,24374656,28627743,34963340,
4100570,507178,1145351,430511,20748609,27176993,35097640,
214239,20997,245801,144638,2793040,5039420,7711960,
6355677,732446,1774768,852908,32564276,56235248,67273860,
6370176,699577,1358274,284501,36261482,33579906,40028260,
1489175,175038,634029,355919,8934996,17443874,25937520,
2260046,250186,977764,537217,12223188,24708636,41277100,
4010151,540400,1124104,183728,19199557,19709242,29106640,
5010844,604446,1635632,692388,24651563,40695774,52617220,
1048171,104870,430696,171370,5655919,11016275,13650160,
4435555,584455,1507058,426649,22325058,31418524,46698860,
6604734,759191,2076465,885660,31090111,49580844,66186600,
4547211,395126,1061221,391560,29340457,34304899,45367460,
1967709,217368,780167,463705,10488306,20604302,29534900,
515055,54386,188834,109555,3050447,5738459,8736960,
4958357,606998,1422390,285512,24216544,25650507,37035040,
4703530,549302,1326082,557547,23584339,34285849,48979700,
687291,85003,338568,187122,5925097,9355512,14254460,
3618414,486206,1201874,445033,17896057,25599826,42651420,
4734133,617521,1343400,507552,22789294,26505694,44158520,
4563622,457149,1330653,641258,24306621,37113569,58591820,
2915463,269450,782910,385119,17715819,21367555,31742600,
176545,20730,89349,52644,1806004,2764525,4569680,
3296245,437693,976278,380687,16413319,20272663,33821280,
4339693,583263,924418,300584,20254356,21719514,36199380,
1611781,160121,749042,271142,9414783,13597263,22628340,
2345500,273988,935651,494558,12588222,23364175,39018500,
3502504,490465,1084854,177308,17945867,17680218,29465840,
4816013,627296,1247885,614124,23004556,35231683,58735240,
4943075,475792,1343618,642356,29411358,39950031,66516940,
762785,88199,331386,182945,5314233,8606852,14344660,
1955791,233310,626028,340944,10421049,15360769,25705720,
3344781,466265,1038274,153286,16051392,16185265,26887480,
4093508,492137,1050935,405713,21725265,26331530,43945720,
872619,103372,429153,225307,5125168,10049381,16690740,
3908662,528587,1176680,321330,19524341,22783948,37973660,
4408308,533376,1287273,435483,22210099,25814426,43135980,
4029323,406273,1140846,679158,21798118,33758786,56207480,
5035777,567011,1180495,526008,30368303,37380084,61240340,
4546471,588771,1312147,374229,20969577,23001183,38194460,
2969195,336140,1087009,419657,17082261,24761530,39797880,
2285609,272954,915840,452113,12227366,22378459,37028860,
3647505,499456,1012497,166014,17646935,16867542,28128260,
4130488,502770,1187090,487849,22443051,30512497,47267460,
688928,81799,340986,189038,3059492,8515615,11455920,
3617426,498755,1374279,468216,20262100,26574012,44180780,
7654385,892962,1628255,755788,37179674,46613157,76635220,
2801433,252713,880367,327266,19642197,25700035,40364060,
3120363,420035,963034,413872,15340786,21659324,36132720,
4346547,571262,1190295,352467,21125483,24450198,40773480,
2799018,322931,1024837,377908,16834661,23870126,37344340,
2455220,296590,875651,441509,11889352,20851360,34785300,
2706573,388926,1049025,195335,14030301,17961095,29935060,
3803686,472083,971314,312585,19919651,24981318,39309880,
2109104,256295,1122290,593151,11632586,24684055,40190000,
6567141,772219,1520343,527588,35241273,38838838,64635760,
5026954,608686,1079000,415974,25783685,28319351,47146420,
1693378,173811,850291,299076,11065332,17683137,27958720,
3244064,428400,1010197,402265,16021989,21357233,35556840,
4651052,609111,1200171,350431,22386902,24827709,40545400,
2425102,252985,1061875,402690,13734652,21788294,34214600,
2354232,264613,904361,502214,12446592,23747640,39264740,
3165697,446898,1066454,207440,15471653,18117002,30210500,
4998489,592290,1286454,675091,24796493,35554223,57015360,
4807972,438021,1292862,546591,30432057,41004558,60802960,
4274621,562704,1303930,367522,23036270,27510687,39591840,
4676039,570371,1268967,483230,25232134,31954068,46628320,
1024772,123753,498727,231057,5257958,11589381,17182880,
3008900,406244,901404,374759,16122242,21325006,35575360,
5378696,716299,1410840,478783,25186915,29757122,43301500,
2035998,206528,937482,368413,11624072,18874867,28759200,
2101756,254478,863791,486833,12323581,24633423,33675060,
6744164,770136,2002224,856568,32120971,49320322,68371140,
5603910,588209,1309284,501968,34336621,37692038,59553540,
783260,85682,323847,190876,4880183,7727396,12747360,
3578203,488188,1109392,354746,18424293,23353518,36127660,
4261415,571693,973193,321997,20706224,24326463,40385880,
2635752,278777,1155156,450204,14846233,25522942,37648700,
3750038,496881,1220367,458259,18764950,29616916,38021340,
6372039,776827,1886796,618575,29895542,42347530,49820420,
1817567,209063,854679,424414,12260122,25671992,31319420,
3240668,387090,1329079,736739,16831930,38031931,45989960,
6334094,683042,1827841,598070,36313025,46501339,60283120,
3978479,494893,1008756,285017,21825873,25184253,35001900,
1809694,214175,820228,435799,8624267,18976629,29388980,
4198431,558916,1311715,376418,22117020,27188582,38870060,
4801074,594168,1214987,453059,24127863,29667373,41873520,
691866,79306,336656,161928,3960870,7976408,11335220,
3624967,495126,1086102,382549,18228831,24361762,29503620,
4807573,617596,1450749,584243,24073811,36834679,49956620,
4624493,444850,1306908,655230,25148833,38416440,54533880,
3650445,390762,872960,404557,22601927,27126744,38106120,
5011249,684250,1216858,300883,23250653,23326019,33323060,
2505858,272203,994500,425282,13968143,21731652,31825780,
844252,97853,370326,195252,3360445,7816735,13079600,
653350,77907,278350,144765,3749288,6559016,10892060,
5426566,495133,963723,367935,26638080,28769846,48066780,
6012503,689276,1553203,290835,28401182,31120186,51833160,
4685599,576195,1206804,463504,25122633,28231853,47197380,
10742016,1076190,1197292,620930,51521408,44530806,72648560,
4533549,500512,805461,322811,24602310,25412881,40808720,
5051164,610846,957621,435670,26570054,29707241,49248800,
5521396,731107,1407653,403564,29459885,34066451,56759260,
6931417,878478,1128085,315449,35727856,32046442,53313520,
6079315,690706,1678340,730615,31325994,41122978,65522740,
6458001,825209,1482596,417202,32667631,34470806,57377500,
6622138,833890,1220385,408629,32753214,35238069,54814200,
4002218,399726,1665658,847487,20464497,39803286,59224360,
3872821,311126,746780,378498,26632529,27227754,43461540,
1389104,161059,628376,365119,6275537,12451646,20586420,
3814152,517767,1075186,302493,20783251,22531210,37478960,
4367695,555624,1063828,330766,20962072,22489948,37517420,
1747134,197749,804069,395569,10160316,18991609,31584700,
3260459,447067,997081,383400,16435726,21210555,35478080,
3479499,444746,1149090,382303,17747634,26422975,43978380,
3144673,369047,1252548,503246,20023916,28308076,45450560,
5283411,596502,1196878,728089,26236328,36600707,61092480,
5165149,576648,1510060,404608,29670455,32425749,53899600,
3988002,478938,1113557,507898,20379218,28572312,46458160,
1345393,155594,609314,340184,8666275,15952537,24628460,
4548566,598867,1509380,451714,22958904,30557878,40880440,
3986745,490958,995222,319516,19931595,23539343,33656840,
1699564,203472,736115,362489,9537527,18624751,27869600,
2570414,351466,738621,284836,13085275,16676431,27794080,
3853539,495032,1536203,577474,19879196,32994524,52053460,
5354728,640957,967776,406476,27956321,38324050,55816820,
3672952,373952,1318394,580666,23597740,35745612,53792700,
3916127,536097,1113489,238311,18237925,19033860,31170140,
3973176,491416,949313,331440,21601970,25088388,36011840,
1317108,155668,642499,340670,8069930,15157074,23898620,
4530981,592770,1388844,426123,22003311,28201894,42349460,
4057727,501394,975545,292096,21293585,24164993,33782220,
1745651,208239,789964,395220,8629134,18105691,26869020,
3019649,421704,1085017,543709,16402720,25925306,43262640,
5159065,640119,1489972,531994,25908343,42771897,57437800,
4956947,549080,963404,316833,28367844,31837265,42583560,
2687826,340407,1028623,540609,16525292,27341600,39554280,
4469894,584941,1252800,328549,20823633,23199567,32513800,
3580770,438930,1074940,418561,18700195,26491624,37575080,
607744,73438,241989,146953,2810328,5796948,9729940,
1640723,182562,705620,369827,9744614,16697262,27744880,
708318,76668,323151,178823,4078428,8365249,14005720,
4736108,651307,1496901,633605,23103134,33451893,55819020,
4538232,564128,800543,302789,25276187,31769659,52112140,
3782097,402067,1106252,423370,22021377,29030031,45074420,
4026582,515312,1255717,399261,20245373,26616408,40855080,
3605434,479081,725679,219463,20138156,20331521,29698760,
2503638,260379,1151098,448461,13082785,23449289,35117680,
3273114,444820,1058838,407776,17587393,24850799,36306320,
4471507,601534,1033095,296296,20938273,23388801,35031960,
5074071,509030,1553863,529929,26969374,35308643,50752520,
3689776,346881,845363,556315,19595406,26967111,44077240,
2833183,232835,633541,279991,19094532,20665713,33386380,
2504370,340600,682599,244084,12892207,14939221,24898660,
3689946,496406,880503,224699,17220581,18410992,30174240,
2907976,326684,1013707,406680,15423754,20419275,32121520,
856352,102008,404304,240906,6115604,10534261,16892840,
812255,90821,329233,173002,3166600,6266917,10037540,
2101932,293889,619012,241116,10355408,13832478,23054140,
3432177,427919,1420330,477787,16781936,24354236,40624280,
7169801,735618,1428600,641774,39234234,40886509,68177080,
2516747,271608,963816,481008,15105671,25074653,41807360,
4294683,576457,1294001,376530,21055376,25704432,39797840,
4044185,480568,1045617,307682,20304549,26149152,37389060,
1992133,223990,876028,403223,10555155,21199529,30325840,
1624790,175291,644546,288824,7732445,15108634,21508260,
1272616,140150,623027,255823,6349943,15225997,20916240,
4727606,638263,1557792,360202,22514958,29710151,45015220,
5385961,604683,1310827,679790,26511211,33380009,51486700,
3438404,307984,739080,342145,23210268,24613698,40669320,
2622727,230957,932976,348698,13112343,18712560,30549780,
1511531,198430,443949,241815,8700563,12087064,20165700,
3987102,498154,1374836,399972,18291848,25878756,42026560,
3894087,476083,1010664,382118,20442004,24152208,38585820,
3696301,514664,1132241,262093,17462855,20414709,33965780,
6216618,755130,1515419,499000,33493148,40415485,62614360,
4115254,522065,1057764,465746,22074496,28861731,45243120,
5166531,650443,1755869,723614,24901189,37243735,56937880,
6587855,687515,1281320,414126,37941923,37662774,55257460,
1218713,156528,533240,272078,6625541,12928533,20550780,
1876416,206674,814181,430334,9806781,18278899,25645140,
1418719,190525,390068,183104,7821913,10813666,18052120,
4167862,531917,1421537,376039,19257312,23553696,37732400,
3767044,464970,1022536,398433,22820289,26279260,38622280,
208651,25971,115158,77039,962024,3536494,5923700,
4354226,578353,1593838,625042,24636799,33189430,55223840,
6499845,742940,1277657,596531,32732835,39331433,65636400,
4328082,386906,1309150,506219,27037142,33325026,52444400,
3211170,433602,924716,348355,18932096,22909221,31339020,
2760594,388068,994585,237435,13279190,19509126,30056100,
4184802,485447,1510438,632474,21729127,34201247,50657580,
1491472,184103,541641,272720,9390868,14404079,22395040,
4390929,589809,1254674,321320,20498164,22554423,34710820,
3824105,474328,1024766,421737,19812200,24398027,37997240,
346637,35405,412444,238232,4028061,8102256,13331700,
6170960,725142,1770192,828416,30905833,48561366,79820620,
4078774,429567,1217549,294487,24341828,27774717,44619300,
3227236,399555,1017675,277129,15838474,23623150,35332220,
1746170,208767,799608,392642,10126072,18301919,29351040,
89266,10566,50622,38284,3067462,3156236,5260400,
4179069,535257,1245101,495292,19366129,24702827,41204980,
3861437,516881,783958,168824,18688564,17121432,28548460,
2086890,222442,992373,411632,12714475,20973786,34911920,
3107558,410935,1123350,483869,17346732,23206798,38758180,
6627807,777374,1436775,558992,35895867,40511046,67535160,
5121835,496029,1498552,602085,30232075,39436322,62760240,
1556389,187736,665233,332270,10713739,17475590,29141460,
3909871,530035,1144432,225897,18434593,19330591,32217800,
4346602,522958,1169479,504459,24723860,31498296,50418880,
309045,37246,188637,86116,2539435,4631820,7388060,
4158710,535264,1503474,669395,22593101,36154083,60290460,
4119344,570840,864845,233254,19824043,19863723,33110200,
2696286,275940,1470155,648366,16572107,29221921,48730660,
5509133,679486,1358893,746140,29978788,48783739,71514600,
4507888,505397,1296377,311565,27215842,33649979,48111740,
4508550,545309,1307008,556632,23682933,33237001,47699960,
1760543,225274,604565,308428,10394182,16012829,26462960,
3842835,519049,1220593,254080,19122049,21726387,33672760,
4266668,515656,1153220,485261,21807638,28347015,41278520,
178985,21623,141172,73849,915904,2818686,4635520,
4906731,632399,1714139,619446,24334301,35802522,55259540,
3518184,473024,1032092,380008,18435494,26081973,38275900,
4805104,465890,1615622,769773,25058289,47604618,62313880,
6054998,686236,1629798,607042,35849188,44298601,56191880,
4169382,543761,962522,192205,20527256,20020192,28945860,
2431440,269911,1142028,588650,13242532,27914560,43177960,
1920140,246700,635799,331464,9952452,16459377,25370960,
4300351,576108,1104324,228227,21063043,20921996,32171080,
3447432,394730,1192901,479091,17781079,26405720,40325540,
208682,25783,124496,79898,2497079,4432671,6696480,
5561066,724273,1874819,894900,27700427,43950613,71903520,
7126348,792970,1323287,506725,39698691,41273866,68532300,
1914937,196123,904875,340421,11039658,18858074,29779560,
3547407,469842,1157645,460524,17265648,24796122,41244520,
4051031,559956,840053,199032,20273766,19287333,31588300,
2958305,313079,1341281,584100,15162629,27326924,43446160,
1903812,257771,564954,279936,10532917,14704646,24482960,
3251591,434342,1089375,176550,15669835,17594790,29380020,
4111450,490870,1200884,468356,21887280,29471128,48116460,
2973884,306670,996601,657357,14814140,25711320,42542480,
6033957,646757,1744731,668257,36288124,45890043,76491360,
3762830,508854,935692,213942,17996498,19142326,31903400,
2347740,263931,1115716,311856,14757183,24489123,37855660,
3250531,433920,1285052,564699,17608491,30638613,50973400,
2364310,333656,1176051,224236,11499668,18642649,28689280,
4235123,512442,1196794,398874,22454193,29943045,43701020,
3063769,408393,1246933,550511,16391464,28288728,40698820,
4494383,618570,1287442,339092,24275806,25965110,36177440,
5947479,638044,1768988,905118,30898459,54489317,76039600,
2238112,155891,291684,99356,16790911,12720745,20098460,
4735475,620697,1652379,544497,22583553,32574829,43414060,
4076262,513202,1152922,316793,20222082,25693922,34285700,
1229012,151488,590453,302827,7754093,14780415,23060320,
3465681,458128,1085883,482999,19282024,27834424,45728260,
4070978,567880,894340,186334,19458612,18926627,28316540,
2861928,307859,1335195,549881,16000061,29097291,45006020,
1241429,144521,776760,377800,7931383,16378412,26632440,
6648366,758360,1572668,595249,33459666,40526785,66254920,
6193911,667368,1400095,529196,34059279,39963666,60800580,
21018360,3029246,3015076,1277421,115134561,171716308,182107520,
25939742,4084559,3048354,1319330,140919734,198551265,198086140,
28062448,5001392,2791155,1234711,149461665,199840111,190342300,
27329869,4405822,2819121,1037598,149832699,194391874,185136300,
22899947,3333851,2631405,1166766,122877343,163592458,155559260,
6267343,960615,1058125,264734,37766461,34150123,32038860,
6798889,995286,1324066,636575,36085943,43659425,41583180,
9168060,1007522,1655130,696100,57763369,59499664,56627860,
19612771,1754384,2045901,1182950,105094003,112322628,107155280,
27297160,2293495,2479100,984708,142138818,128805676,122666680,
8743488,672053,1512039,657079,48573801,52596541,53805440,
5829929,651213,1681279,570584,30817079,40715616,38441840,
5916869,712517,1677530,722244,30293555,47610601,47551740,
254010,30896,159818,88640,1353851,3885531,4014360,
5661725,683773,1976343,941947,27740925,56430700,56396740,
7335114,779144,1422768,402767,41710861,40443911,40877620,
1655488,191283,726340,423615,9336291,17331297,26016420,
2450897,318014,820608,411052,12122349,20562383,25945820,
5001046,693781,1078315,206441,24498065,22811682,28158020,
2868115,301322,1312139,576096,14769315,27680266,39206660,
97697,14484,70395,53685,555092,1957104,3287060,
1131973,128901,485020,282642,6699367,12471057,19364460,
1569881,161727,812024,424343,8488608,15290056,25236980,
5740435,732189,1325102,437151,27482815,32800309,51910940,
5782616,621312,1153142,427491,32327479,32549968,49958820,
1554986,234050,581455,370526,8897537,17197277,26455980,
3444671,468971,1084393,363294,18553196,24676324,41127340,
3913385,531188,881071,298379,18355787,21109599,34054740,
2213923,233729,921871,343335,13442401,19578801,30679340,
3988619,512060,1321493,537193,19279958,29862403,38906740,
4040362,544659,873919,168365,20289155,19694624,27872180,
2855389,285439,1227074,626167,15105911,25490957,39855760,
4649359,418959,1083607,571863,28143031,33491254,53475040,
54904,9073,44730,25935,269433,971713,1554120,
3328677,436809,968327,414787,16319506,21332775,35588700,
4090568,545437,908753,237718,19366978,20531808,31610480,
1855059,185069,845309,292809,10673631,15522233,24766360,
2463282,288715,881794,477979,13096175,21036223,35094180,
2771822,398565,1033889,178107,14168828,17147871,28612880,
4376007,531355,1137829,395385,21448561,25503015,42183260,
4890926,558340,1442183,772075,26072948,38450963,62787080,
6759671,734951,1106301,473581,42607584,42937477,68052740,
3619299,426558,875970,463490,17852758,21927869,35098320,
3179642,431841,1018429,162050,15402195,16383452,27140660,
4155928,512220,1115173,469985,20813225,27018209,44545580,
633293,75271,354014,191125,4041666,9177863,15258400,
4043796,542340,1201409,318338,20241430,22815342,37991240,
4485126,542797,1097179,367818,22431799,24414814,40734400,
1169102,144946,727413,380862,7447185,16585928,26990980,
3904452,420557,1262468,895824,19190181,38849589,63276560,
2349829,181658,346268,116100,16347814,13530465,20249420,
3997079,563423,1146497,337806,21175631,27539085,41920900,
4730702,587315,1198797,408000,22619418,25955011,43003980,
1358254,161588,628819,314136,9105738,16163330,24946660,
3589417,478065,1132360,458778,18724190,25588143,42695400,
3711758,504029,1022643,273815,21885126,24759417,40554940,
2929950,335135,1060583,380776,15907390,23404382,35856960,
2524023,332836,1065409,560697,14051860,25829769,39524680,
5460445,624143,1696419,657537,27409136,39990128,61179240,
4815561,585160,1201688,420938,26342589,34951929,49892560,
2777388,314563,1578606,521582,14878086,31271049,44729940,
1418431,133332,602112,283184,8642009,16898564,24035800,
2499497,273557,1062790,538529,11238839,26448351,37001420,
2748257,431458,1223649,395119,14890303,26314829,34895480,
3437240,490095,1235091,426576,16978446,30946112,38735140,
3941603,442187,1465603,559822,20575006,34946029,43049800,
6666986,804409,1896746,732446,33602873,43428944,56086960,
7042386,728681,1536474,600505,41197883,45240265,60945020,
1342564,95415,420187,84826,6528521,7633607,12176520,
1221469,142599,538619,323561,7247818,13799231,22753300,
538843,55084,223307,120898,9037018,9129482,15215600,
3252960,454007,904200,262559,16024792,18573961,30970940,
4854871,618718,1214071,467444,23224328,29217085,48698980,
1518945,170442,789616,301888,8731332,16007984,26630820,
2916227,398604,1070049,461639,16341458,22605981,37771840,
6661543,745794,1574911,642311,33282532,41672430,69474000,
4177518,432962,1073724,376136,25813315,28126891,45125940,
3276944,402562,1192754,691971,16399009,34359914,47945000,
4577114,631910,1153698,213591,22942401,23027124,31641340,
2954185,315495,1233749,505338,15868697,27240921,40247180,
783096,85516,311084,183411,3882359,7590095,9264220,
4877105,656096,1488481,360829,24333630,30381321,37149320,
4157305,501526,1133376,467716,21752294,30101249,46152400,
3177987,297662,999632,633682,15876922,29127564,34304040,
5243244,570212,1176301,431878,33705902,36585383,47198680,
4640446,626097,1202041,338417,21484596,25356163,37686200,
2451084,254878,1106371,415159,16754611,25868253,37987080,
2164593,253948,837625,445067,10695871,21199908,35317840,
3672353,540614,1087382,192914,18496883,20360665,32403180,
3824283,472478,985687,369521,20315122,25060459,37449780,
1018761,110992,526503,274636,4620971,10616946,16600780,
4160225,579278,1282269,646377,20190675,36339399,59404880,
5342637,636335,1648109,585637,28685853,42566519,68168980,
4326095,482140,900131,264606,24690863,28636295,43178960,
4469207,585874,1322628,425683,23555217,29506477,36666860,
4812953,600185,1230240,427922,23299791,28863113,33274780,
1125936,131299,481791,258699,7297945,13034781,18436440,
2578421,330095,836160,444022,12532616,21333156,30854720,
2720368,370946,1089495,182209,13835018,17833917,24837460,
3801413,459641,996303,332946,19999511,24962744,33401640,
3385275,363320,1225960,784106,16888256,35362320,50692180,
4863222,557961,1064767,395206,29795357,37055197,59430920,
3637621,451889,1211661,371913,19679789,25823529,38615320,
4130885,502156,1171001,445209,20686453,25432849,37399240,
3069354,416097,936643,408674,16501759,22020142,34233860,
2917733,374894,1286772,376926,13410578,22623274,32596300,
3231052,403305,867236,262007,17342294,22460148,30901340,
1838830,220744,834625,443347,9717359,19243986,30093360,
540539,60392,233493,135032,3209522,5421601,8645380,
2156121,297680,523600,197486,10612262,12181083,19624460,
4477449,587472,1636711,666856,21627994,36853140,56746120,
4941712,549416,717168,246083,28493788,33021321,49284060,
2998051,306361,1181018,542833,18610832,29958026,45727940,
814845,84088,290053,152636,3145526,4370691,7068260,
3198393,439697,929253,257467,15732879,19412966,24785320,
5004571,626624,1307497,431022,24224828,29459343,37720240,
919432,115484,407064,217954,6561736,10700247,16854700,
1824040,234779,633699,342953,9432561,16483047,25467600,
3881420,535566,1413610,403500,19398135,26999322,41255340,
5179978,601694,1400469,700109,25570067,36642782,52690620,
4241452,399379,1024907,496510,27983403,33649908,52891960,
3633224,487512,1202866,377409,20479690,25916113,42142660,
3608438,499830,937476,289401,17204448,21491906,33601400,
3325140,358430,1663736,619613,17661119,32181128,47137720,
3413375,463963,1011804,362830,17218184,21248654,30568280,
3557096,476348,1287450,395686,17360182,26769820,38242980,
2821347,318114,972066,364857,15343942,20984848,30493220,
963201,81902,691920,491574,6434102,18223831,29319760,
3463485,327374,989080,670199,15709507,28757305,45423240,
4782263,507314,952434,294785,30008742,28761200,47935900,
4550204,608278,1016880,306589,21045969,22506221,37520880,
1945172,197890,898920,317321,12003266,17679048,29463200,
1988265,263618,616530,325842,10422259,14856068,24816920,
4237586,550439,1475452,417947,19271763,24313155,40466540,
3633449,449115,867534,327950,20012129,23375878,38991980,
1146501,129304,519055,266753,5154421,10362831,17252660,
760843,86569,324646,180559,5219477,8683504,14474860,
1901392,204874,809614,485777,9969708,18448804,30830540,
7610692,848253,1764261,579184,44950842,43728062,72590000,
3623597,439218,825171,304503,18991019,20236090,32994800,
1330574,157263,584355,326439,8781943,15554958,25967140,
3977425,552056,1255828,371538,19426149,24978541,41604780,
3689418,481795,834978,260710,20279733,21947160,36578680,
2646830,297790,1210115,559879,14481323,28341724,44398940,
2958184,399457,908744,348410,15007087,19769431,32560540,
3794576,507195,1097001,276947,20383248,24368616,39934780,
3171561,352081,1368182,563642,17841661,26315935,41206940,
4098268,452006,1048445,660391,21488485,33703285,56207820,
6050946,689984,1518308,348201,34232820,33176688,55325980,
3886016,479053,1057808,416933,21602571,26729216,41524740,
1035866,121137,477425,263507,5938724,12212365,20172620,
3893382,520901,1370931,432969,18939583,27742359,46236960,
3419822,483131,790087,261223,17155813,19921511,33203140,
3149020,325652,1363795,566701,15813432,28083807,43620940,
3690334,507695,1142618,406917,19551248,27142091,35904020,
3915101,530586,843646,236257,18408912,20128374,32883100,
2435081,249507,1231413,554673,14089485,24688964,37947020,
3317532,308772,666889,431092,18267998,22472247,37376880,
1764514,149000,419888,207656,10386595,10357915,17263220,
2522505,343372,708504,283823,13595615,17099163,28532560,
3102429,407987,1152903,324442,15927852,22774827,37957780,
3905218,483530,1137490,457554,19423688,23827224,39678580,
1212714,135975,576415,300499,8175169,14208446,23765600,
4980660,658464,1555930,419648,22767563,24858126,41407640,
3504030,418301,862259,303930,18965101,23171602,38066180,
2664264,290068,1129321,700304,13693963,29442911,41332180,
7063239,785435,1676592,580363,40284967,44268301,73124280,
3845955,490000,874095,222632,20458692,20459426,33197960,
2414002,274813,1116487,573731,11493062,22175767,35110080,
2939621,395650,850830,339131,15855297,20083288,33071720,
2238975,303011,1147075,304083,10607215,20510471,32682180,
3960809,480384,939063,332896,20104938,23874744,35692760,
2092529,252006,989677,481804,11554797,23517466,36924920,
4016584,545145,1317628,458281,17967551,24237357,39430020,
5374486,636377,1286671,656555,27066881,34899794,51604680,
4742952,423208,1530740,486923,31967614,40763061,56364500,
4666945,584524,1445970,443422,22605315,31507005,39291220,
3971152,475255,1043827,389645,21920509,29791859,37616080,
5001360,678312,1579878,490405,23947454,32366318,40413100,
4386927,545855,1160468,442664,23313924,32069628,38490980,
631580,78739,351018,190067,3834175,8585620,12913600,
4461318,579068,1341497,354381,21457118,25588181,33605380,
6345027,693060,1477636,733166,32805553,44427354,52735200,
3303879,292111,847672,412678,20549581,23007106,36498420,
3312867,448299,1003551,357359,16682402,22594292,28949120,
3770509,522274,929157,233420,18795424,23037884,28823520,
2676398,268960,1147440,451306,14301095,24035772,33186780,
834069,99908,398185,220624,5707640,10104390,16698400,
807787,88305,316290,176899,3505417,6134903,10179720,
2577824,348271,701133,226569,12639660,14599824,24109560,
3819745,534865,832269,196812,18057480,18113030,30204160,
2982815,311960,1243454,504784,17005135,26456906,44061420,
1597942,204320,554305,267640,8914505,13535711,22559560,
4356241,590114,1489318,395154,21090117,28048440,46789240,
4628663,527256,1317691,603809,24178590,31794722,50747620,
4339303,397019,881083,432113,27433006,29629046,48955200,
4691117,597010,1584586,536813,24016655,33990224,56521520,
3666502,491608,820108,245646,18930022,20966164,34928920,
2032829,221866,933547,385214,10630859,18650242,30290120,
3007993,406998,916522,361512,15016771,20422623,34038700,
3763681,527227,811624,147907,17929517,16485738,27498440,
3034632,318812,1301139,528285,15758281,28462698,44946520,
1891087,262599,637528,331867,11253692,18534925,29057660,
4738398,602882,1708809,599798,22926373,32373287,52782920,
6614451,698118,1347642,609259,35065051,40254373,64714520,
1535012,142710,408367,175355,10307927,11422696,17754160,
1275345,140395,558038,277628,5831688,11525430,19199560,
1526184,201627,464596,255923,9500770,13242762,22138420,
3769146,490936,1111704,227752,17967086,19156710,31904940,
3677493,458595,949689,373405,18466762,21303025,35505240,
347902,40446,225258,128877,3332330,6042559,10036980,
4292057,574321,1519157,586566,20859823,36882499,56581520,
5152883,700059,1574006,665974,26822364,44802190,57793160,
6947105,698495,1926667,793421,38895775,58810936,72707340,
5438307,661863,1623023,611798,27499894,39189687,48970160,
5908654,713899,1525468,360099,30299900,35906819,41198600,
3229853,357374,1267524,585397,15495388,35060466,43147400,
2883884,335866,1083210,459772,14350727,29416234,34635520,
3614453,508367,1694264,630318,18617318,37458973,44066400,
3916674,543761,1354825,509946,19277672,35769244,42074320,
4809689,504169,2057673,898899,24370125,52595271,63567680,
8789823,946626,1996894,595277,51107990,53977255,64289360,
3732415,464166,1060187,413390,19508289,26784121,33833920,
2033658,175741,724982,250061,10367822,15100587,21367140,
4770507,631420,1486786,484954,24278773,33565416,34821940,
4050595,517119,960245,278798,20743460,22940336,25509940,
1562151,173060,618739,323149,7192115,13308474,20311460,
1282618,159170,500362,262952,8999154,17307972,19123940,
6259180,804323,1760764,650970,29809727,38231342,52762880,
6683829,661760,1620670,712517,40783975,51937185,68630920,
234065,39090,93797,62915,1452380,3016009,5120000,
4329792,547645,1560794,541221,22500253,34459860,52036200,
4205101,530734,1043172,287734,21102756,23493904,33708200,
1625317,190436,692220,368172,9080650,15898410,24697720,
3418545,448436,1144393,470202,17412891,26657476,44428380,
3635939,498455,968635,231329,18515155,20824992,33389620,
3529940,395527,1507502,632913,20038983,32426956,49661100,
4356661,481733,1112973,682936,23425391,39040323,53432420,
6742811,814681,1344402,269105,36906418,31642388,42186140,
4732461,574965,1639928,625791,25821221,39246307,54055080,
4296720,598929,1030673,238804,20739452,22159794,31020240,
2937575,306974,1194129,502345,17111038,27326055,38026280,
1758114,231025,435154,224046,9718154,12560217,19636060,
5348053,725175,1248117,274512,26695097,27335642,31468520,
2631670,281328,1158796,488090,13389380,25731373,32292260,
984259,104498,522053,337207,6621843,12158532,18494540,
7787096,849585,1877147,711483,44048614,55532909,69415900,
4633109,571062,1315311,438165,23133090,30367583,38497340,
990967,120472,425762,224076,5256376,9617448,14856220,
1523315,176085,686209,376109,9607640,18482343,29180260,
252938,30022,144155,75402,1371095,3195052,5365260,
4225009,567012,1282258,367381,21045255,25128582,41910580,
3861506,482696,914944,278859,19883874,21036484,35027840,
904213,111562,390958,205463,5987797,9791073,16284640,
4637489,570455,1654253,813817,22934302,35694019,59532760,
6337022,716691,1185494,350553,33534714,30569181,50985920,
3891594,404414,1264122,498228,21840666,29739255,48509760,
2348191,309610,816240,412975,13069537,21057320,33050980,
2977072,406753,1180507,216479,15381016,19395544,31733840,
4782557,576611,1260034,541140,23681893,30363880,48142380,
548109,69096,320619,168034,4140868,7966904,13170540,
4355624,583404,1346639,417869,21301858,26069811,43449760,
4160008,538167,1040174,345945,21886890,26210910,43524000,
1473194,174506,715092,314527,9184931,16701470,26804820,
4779233,627031,1720690,846820,22881543,39151423,65289520,
6578148,771102,1207109,401409,34895130,34183225,56982040,
3462628,329860,1187682,448826,20427153,27968359,43915280,
2566791,343985,913789,454242,13876097,23086402,34718860,
3658611,495040,993659,172505,18617264,18281719,28463340,
4007427,473010,1267106,526110,20458098,29055158,48421540,
426417,56294,232412,139002,3190470,6770578,11261440,
4046849,547937,1311189,403443,20409910,26912365,44764000,
4224359,519712,1036016,283428,20815167,22293407,35985940,
1819227,230761,883336,509982,11692770,21387836,34822560,
4887535,477511,1175340,693032,26437919,36485508,58828440,
899493,70572,225490,120212,7215088,8632945,13592780,
3790141,505417,1128167,301544,20114906,22602838,37640540,
4096895,506020,979398,253270,19959967,20093360,33523020,
1099453,127432,504001,247907,6173378,10683075,17752820,
1838830,203514,759418,417092,9687784,18661542,31083840,
219050,26174,117785,63665,1970091,3385209,5675940,
3714445,499044,1129240,311963,17750981,21040705,35101440,
5957650,704014,1564576,746743,30053724,37321351,62197240,
4104418,343836,929775,333459,28148958,27037266,44994200,
4140782,538791,1397167,638288,20842588,32360694,53982020,
3414712,466133,906483,174441,17477724,18554853,30936920,
3293778,371732,1246538,461846,17620451,28189909,47016440,
3536975,499837,1297493,370539,16740874,24998912,41543620,
3028500,438186,724406,173423,14340255,18271632,28117100,
4330498,528333,1565366,602899,22842751,34377612,49529960,
4262324,595562,1134030,297051,21819487,25142475,33881260,
4837315,484924,1695663,819950,26885553,48434972,66109240,
4088428,417528,1067728,503093,24523626,29088090,39616060,
3635220,522020,1108091,223288,18811738,20760011,31259320,
4696300,562355,1547372,683386,22291048,39011174,54585820,
909551,115488,467707,238873,5827264,11821093,16968760,
3670815,509624,1176162,360234,20295338,26367132,39498080,
4793350,594315,1254606,396851,22957694,27402113,39696640,
1261487,146467,652363,284681,7169680,13882611,21810600,
2055823,222465,1051726,611679,13171734,26586317,44024920,
3452543,278045,459583,293685,20760490,18518076,30493200,
2970279,397915,992975,350449,18084392,23445131,39063800,
3689739,474666,1256025,395607,18167958,24286041,40476780,
3012169,362309,960576,340337,16002137,20361801,32021520,
4249041,549481,1367059,567334,21226197,29397307,48961340,
2097334,277855,1000109,229209,10273143,17102073,27424540,
3812666,467172,1047824,396132,22060205,27231786,40482960,
2630817,340688,860225,441612,13615894,22632715,34546580,
3032963,398590,1335318,550179,16461976,26536518,44189640,
7870138,817461,1564818,604277,43645117,45721707,70440880,
1958427,212218,834467,400773,11648848,20890428,31125020,
4000314,549234,1193827,306657,20646526,23494738,35906240,
4815056,596251,1333064,509883,23546038,32402416,46154300,
780602,98839,340788,186018,5214627,8474402,13409300,
3578616,472452,1183150,501176,17800382,26021511,43436640,
4549412,608990,983474,267694,22106508,22072038,33784100,
1876328,184670,906839,334097,11082602,18861847,25359040,
4023879,449055,1462931,893676,20071585,45516041,65206960,
5351542,589841,1318030,328620,33223989,33735095,54305460,
4528496,595007,1187377,441391,21291164,29992801,44143140,
3091476,348994,1538003,556202,18131494,36123972,49880860,
4394695,595598,1498342,396938,21395487,29552820,39075860,
5329589,644607,1552342,644431,27578192,40016413,47875100,
155044,16021,107957,46723,2238460,3359678,4426580,
3684855,477254,1149262,474464,17863213,23564521,39367640,
4008190,510422,1612708,607365,21514416,34966311,46776680,
6569877,645325,1455922,629085,37151179,43170013,61413380,
3713163,446687,1110749,553744,20910953,32910202,46267560,
4647896,643949,1048303,173228,22984842,21328602,27893100,
4846373,602294,1683869,568141,24768518,35980380,45299160,
4909158,631121,1275329,334044,26179248,29434123,35814220,
1166213,134698,564303,283522,6626888,13520400,19174480,
2593962,329771,807274,411527,13083083,22220765,31594440,
4378259,601847,1182160,273445,22224646,22476559,29006640,
7828992,833349,2059480,888041,41323466,54970703,69451320,
6041025,739883,1338247,386286,33472192,34113526,44336540,
1738402,185361,855237,386070,9949803,18600255,27136760,
1998792,228905,685215,373064,10349423,17699407,26800540,
4491188,638208,1026464,190785,21393149,20272052,27530820,
5048103,641523,1492270,522235,26341790,33106804,42272440,
5028366,653348,1330583,358483,25449596,29449345,36534060,
1420053,148177,676630,282182,8990605,14924588,20943280,
2480920,279477,983598,587339,14646480,27473106,39744980,
7854702,879202,1593895,467895,42227810,42565687,56871940,
3677706,442359,1280247,550512,20639145,29696675,41531580,
1028955,107092,389582,209365,4187239,6711959,11143420,
4502718,605708,1430051,396584,23513601,29887229,39835120,
4728691,576949,1338235,534907,24644330,34807438,46310460,
575041,66573,294010,131637,2763161,6669671,8829420,
3273239,440826,1041579,394702,17460201,24370518,37665020,
3811011,473883,1742472,706517,18798073,33830880,49118640,
6061314,610871,1486967,648901,32082818,44555557,61386280,
3542117,368004,1083585,511086,23303790,32932916,47476280,
3620935,512265,1327990,290899,17059173,22573508,32156660,
3911622,492793,1169011,447768,21857078,31319211,42445540,
1721349,200209,807217,394454,7532964,16401351,26478080,
4232526,586209,1350485,369125,21900732,27386482,39035520,
3841197,486465,1042204,325385,18874781,24321228,37238900,
1627763,187065,701121,333369,9424526,17753048,26256800,
4898715,584718,1599641,765990,23589046,36906309,53077380,
7541426,807623,1669177,626007,43821534,47302112,67546300,
1417313,159447,667684,308279,8079731,15238348,21748080,
2011361,235988,942253,537231,11921870,25301331,42244280,
4192711,574563,1336850,334751,20749264,25192951,40306860,
4251706,515664,1123721,419491,22607919,28587688,40773400,
2046495,228141,876855,477106,10377304,19532943,31279240,
4012991,547789,1230175,311178,20027836,23230780,37850780,
3894715,479952,974180,324464,21560716,25173008,39133500,
1748508,189616,931899,483401,10148625,18992858,30539600,
5944018,663616,1343923,702548,32026871,41520024,63197120,
6023419,736982,1367986,401013,33123320,35176998,52559940,
2713207,276312,1151959,416717,14761113,25612320,31990320,
2689442,335990,863188,390549,15961569,24568683,30736560,
6204194,804788,1517117,364296,28560861,31084452,38856240,
2494987,263701,1277329,484280,15329597,30570562,38180560,
2046180,210482,702914,346159,10758537,17418306,25197280,
4344921,573659,1325047,402553,21954338,28088927,39487540,
5289421,628365,1499457,628651,27697903,38692478,53263060,
6167885,546989,1725220,635653,36566263,51417636,63372700,
3323090,444864,1097310,414206,17755028,26644694,38592660,
4653803,626235,1083808,334360,22803891,25041003,36901520,
3939503,500639,1447978,490119,20687650,30262413,43284740,
4309842,587844,1000898,249153,20817659,22622200,30646860,
2717782,293768,1287437,538196,14769634,28675674,38621280,
3507171,477164,1008620,276326,17214355,20575229,26374880,
4917174,599330,1544576,602646,25406537,33407921,46808860,
4431695,425149,963227,595406,24456573,31551276,49486700,
2894733,306940,730815,328316,17912780,22018983,31254620,
4339766,568679,1710925,493203,21240307,29541207,38218060,
3774882,468075,1108343,428616,19760785,27866750,35982840,
924254,106818,413530,262240,5478312,11428610,17025220,
4094789,551624,1331778,402155,21270535,27082066,43787940,
4023775,514132,1161930,304914,21063249,26560578,31501740,
1993289,237841,910482,466817,11765270,22587699,33187220,
4544625,592260,1473873,697759,22554654,36057284,49753060,
6969790,792439,1588485,530733,38632782,43110547,59333520,
2772653,284786,1143324,454875,14954412,23829637,31532500,
1901735,257862,574170,288933,10382308,14403111,22446020,
3591741,474102,1478613,373822,16590795,24438134,35264480,
3897903,470921,1041745,380398,20953314,26239772,36150360,
1021893,131278,483278,269592,6141177,12164887,19288500,
4860803,637109,1522101,426479,23634884,29932985,42889680,
3117711,412718,955593,324915,17474407,22872020,35000220,
4975354,490715,1543084,828898,25181581,46338959,64239560,
4618356,521968,1069725,424439,28575576,33341960,46154560,
4268069,578335,1108113,323754,20004398,23792252,34102260,
3204320,339481,1175134,452558,16898095,24899305,36307900,
1792095,227528,623338,309808,10405204,16064548,23278600,
4457629,577443,1386495,392073,21535457,24627058,35181360,
3664284,454306,993354,391298,19191723,24455802,35181560,
489112,62523,222423,144138,3482554,6883593,11212600,
4229988,562307,1500072,630166,21538357,31605416,52693800,
4414739,550739,1145207,482243,21943888,36132928,55744760,
5152510,561012,1139802,404819,30628135,37379922,53649200,
4072662,543375,1255194,448579,20620765,27102555,37254480,
4191520,552893,884069,273324,21655701,23355184,33133120,
2573046,273529,1200758,540275,13583367,25933040,36464760,
2160303,284447,694477,368919,12271166,19348978,26261240,
4716889,609641,1484457,411575,21992283,26496394,35843620,
3375039,408530,1006013,383752,18716673,24249552,36388900,
817134,99067,448167,304954,4730983,10772318,15919880,
4649509,440027,1003889,579560,27202561,38393781,54131660,
1662653,197204,411351,213196,9386418,11719033,18811200,
4108481,532666,1368496,343107,19965623,23080173,38512960,
3722548,467865,916117,333034,19281827,21398016,35616680,
853017,95748,396744,225225,5722112,10288143,17236580,
4225271,550405,1382374,472277,20205887,28993822,48255700,
4004166,518838,907068,260818,21483116,22157064,36928460,
2272298,248830,1005735,443587,11570881,20181683,32636000,
3280905,451514,1170722,540654,18507057,26245155,43557700,
6514425,774204,1244903,454002,34183435,35212023,58698160,
4438074,435166,1469095,559038,25756236,34991208,55479260,
711644,86156,326338,191410,4102786,7482338,11836620,
1031061,112725,414910,252137,6196302,9963730,16098660,
2424232,335027,660499,248499,12911775,15853566,26467460,
4134123,570428,1012563,264307,19727322,21826487,36344360,
3098321,330386,1291109,542617,16970272,26738853,44530440,
1489229,205061,408445,208832,7898569,10987943,18380400,
5072915,668839,1831455,712440,24063751,37354817,62350920,
6501200,665410,1272072,412197,38617610,39057874,65087020,
1304872,168382,645459,354061,8596386,17063293,28351580,
4088488,521518,1513341,604777,20462957,31669304,52780440,
3164450,434696,963924,259795,15371025,19739940,32073460,
2540866,290909,1094578,313286,13557441,24089118,36380080,
4313888,579674,1445995,555403,21067313,30666833,45229480,
4371928,570514,987509,257321,21771464,22434368,34230740,
2700525,292242,1234569,588428,13752515,26307724,40599980,
2318405,271619,985809,543950,14227460,26411294,39228100,
7566994,818792,1633700,451970,41764788,40504339,57818720,
4132145,502210,1146644,468171,20937266,27308657,39556480,
420292,53297,266693,153597,3594038,7731361,11327380,
4409575,577605,1596281,667192,21904288,35900619,59768740,
3728572,528087,770749,219827,18989073,20312966,33858320,
2276656,237192,1118723,440610,14929027,24120443,38135320,
3534662,471175,1214131,511796,17126395,25060773,41552160,
4108657,563223,1064298,304535,22190888,24696014,39421200,
4654215,500214,1719579,855903,22699151,43748062,70506340,
4655726,452752,991228,463559,31181160,34646511,55006360,
3553598,501473,1084662,224448,16941090,19437057,30903080,
4326612,527318,1169869,470681,24146597,31487504,51407380,
789084,107128,443605,207202,4022930,9889766,15894820,
4693627,599470,1700528,640829,23735138,36226835,60378680,
3705969,495228,839418,265973,19089594,22696863,35325460,
1702404,186750,864509,339198,10511864,18271465,27544680,
3929824,518164,1472940,683107,22122928,33495126,51937140,
6615274,802661,1523519,641349,31098151,41110000,66958620,
5196985,508984,1618173,626936,31375856,42200146,63980300,
1965970,275912,607004,315726,10316261,15314856,24754140,
2486129,357617,1057167,193816,13493198,18228561,29585100,
4703681,581251,1249828,475985,23352325,29516287,44844360,
977097,121537,519545,275443,6036835,12770849,20204240,
4476384,598276,1469148,496743,21622511,28776726,47844520,
3625050,479143,796379,181532,18669500,19781379,30425060,
2766241,292503,1093145,635113,14261579,25179484,40512300,
4465399,403258,1079386,582581,27732845,34003756,55064760,
629442,74607,275211,153952,3429730,6897068,11481680,
4099799,537089,1292295,398101,19302219,23789739,39661020,
3488180,488785,731082,238823,17704094,19851756,33077640,
1691872,175919,831462,296141,10519612,15698949,26116920,
3889193,502005,1270400,522369,18621804,27360383,45626880,
3612011,508258,819424,156280,17195071,17211956,28705040,
2738558,286501,1271547,528360,16366425,28166815,44990260,
4065943,450303,1258198,743025,21527417,38355015,63180920,
5748329,656653,1305715,232174,33661257,31835878,52968780,
4651575,562592,1311892,529926,25172710,32344946,51263820,
1626663,195056,786029,400685,9657210,18268821,29661800,
4007511,541085,1286489,424219,19721695,26721516,44552780,
4060445,538492,965593,317805,21503066,25217953,40699860,
1721396,187002,1002328,296530,10047432,19370716,29937400,
3901522,513406,1388892,558549,19859012,33147387,49964780,
3979048,558206,818998,193327,19872233,19356726,30872000,
2591994,270436,1158374,483375,15555926,26012578,41451340,
2086780,255622,911894,477039,11694722,21803220,29666080,
6617951,736703,1552591,531968,34417590,38488575,59445080,
5623803,627825,1454951,579562,31048899,39530171,59233900,
670146,77745,306440,167455,4620261,8711958,13575860,
4491188,607701,1392372,402047,21956553,27630405,42860220,
3942022,479542,954482,298149,19427412,21295631,34926720,
1313280,164348,668492,364734,8183431,16399322,23089540,
4007224,521806,1347823,525290,19367906,31121064,42691740,
4355727,556294,1098288,223847,23427491,22773234,31564020,
3467776,357506,1244291,732897,16470941,32491532,48264440,
3524642,305092,814585,365840,24657373,27555306,41748940,
98984,16015,78796,49219,455546,1829085,2660220,
3907163,519660,1222178,457481,19444824,28007202,39705500,
4739639,606277,1214253,283325,24698290,27406960,35400600,
1449100,173824,674438,348458,7562810,15436168,23741400,
2490298,323196,856743,435101,13355800,22049098,34179580,
3803899,516566,1013434,161798,19332620,19478836,28735080,
3990260,474180,1290234,540183,20401943,32349670,51618840,
1052769,105694,501811,323278,5358680,10015218,16604980,
4695001,427540,920930,477391,30275423,34171895,46978320,
1873304,228609,567332,306214,8784359,13813086,22274800,
3076285,424571,913469,120493,15837562,14827968,24375540,
3375214,411198,813946,300713,15825276,21164557,35274300,
1867112,218805,812495,409480,10020257,19166354,29510240,
686447,76058,310932,171801,3510721,6921461,10570200,
848299,89280,335168,208715,3706316,6840181,10504180,
4323848,297686,671807,271718,19028219,17145761,28652780,
8963465,662744,869276,446279,43308154,35603212,59336520,
3875330,394705,429702,97380,20147632,13837375,22963200,
5859920,645378,99123,24176,26065740,13425965,22406120,
5517584,560325,609678,268883,26530809,19686842,32838540,
6402965,809868,1006870,322683,32927217,28323072,47199540,
7241666,936617,1340659,436747,35879609,33787696,56072540,
7804505,912736,1752988,669023,39765981,47885864,65433660,
5943762,684885,1032062,381578,32329239,35031118,43783960,
8498520,1045302,1897430,1015278,41288710,65142332,81574980,
8475938,1046147,1901862,457013,43034419,48315208,60326880,
9312271,1079998,2238741,929584,48648327,65401766,81889500,
4580771,415179,772476,455608,24129790,28366011,41467220,
4990969,628305,1335793,363338,27948332,30160876,44469620,
5837126,645645,1524098,466379,30020061,35166745,53029920,
976889,123862,498889,248060,5301479,11125783,17470300,
3514713,468848,1154044,511497,18189680,26193647,43306940,
4278934,567926,1209915,348595,19744789,22991952,36896840,
2797865,310138,1010857,366602,16708872,22820569,35585240,
2020995,250024,688001,360404,9852772,16487912,27571120,
4158434,587072,1500464,564953,20950445,34088212,56801780,
5261544,652575,997545,432974,27739923,39268039,61211940,
3753178,387249,1434884,566782,24492883,37201786,55972980,
4078678,560520,1224679,260351,19883295,22367487,31690180,
5009485,603058,1383046,565504,26918217,36473286,48889540,
392325,51189,216598,101144,2020443,4865065,6841940,
4078001,543436,1300940,517107,21056334,30862269,37815860,
4657233,606282,1210701,417102,21722659,25555106,39243440,
3920508,506752,1357172,427619,20467549,27727056,39957460,
4278756,579993,1299981,463198,21594705,32522477,44182180,
4184538,422454,1354788,666499,21005285,38286992,53481020,
5575962,612720,1185913,368322,33589908,32999111,43577780,
4663227,593507,1207495,306729,23699262,26517298,34510440,
1082599,133105,498528,251248,6002943,11277522,15816180,
2381884,295063,832051,434021,12122335,21075694,35220640,
3551125,502709,1033088,175882,17134543,18155580,26692500,
4164843,510787,1195700,511683,22511536,32302426,45904640,
1066748,117432,469351,248371,4836740,9761188,15330640,
5355562,684797,1843960,610919,27857453,39296694,49304180,
7749966,789859,1576062,670109,43837883,48597053,73574180,
858705,105167,350812,172328,5326120,8442363,13493580,
3374002,458226,1038517,446618,16604454,23158832,38590500,
3866196,518753,1095674,288651,19270924,23395619,37085020,
2892880,319526,1037450,364066,16575031,23517784,36534160,
2526859,326966,937135,477278,12306570,23500471,39257260,
3314522,458873,1054648,168377,16928279,18109392,29723640,
3688070,451498,961216,359071,18404840,25873966,38990600,
3752745,383407,1332485,825578,18043448,35990170,52426800,
7121685,805229,1729036,431545,41773279,43433710,54253860,
4977347,592216,1512501,635328,26737637,42548261,51930260,
35082,6226,35973,23234,176442,810931,1333160,
3668523,493525,1215467,468494,19874622,29835872,39322680,
4377835,592125,1109566,311026,20566573,24343964,33728740,
1920727,199972,927342,377250,12048693,20733583,27434800,
4745618,519484,1094404,442083,22690696,30442477,43600220,
2880702,430686,1208964,231354,13846714,21848196,28450860,
4940767,640047,1488701,585980,26759398,41654380,49823120,
5483912,549623,1365006,728128,30175943,47799287,58063040,
4779133,631486,1478021,387399,27328251,34943857,45465960,
4745723,586731,1316935,541992,24539706,36339140,47309260,
711910,87630,383638,174960,3591244,9729373,11245300,
2795538,385939,1151465,428187,14017632,25645306,32230580,
3472565,448282,1688933,460209,17014183,29771582,38147400,
2997298,377141,964999,210370,15516058,23623403,30509580,
1802344,220485,725164,407380,10423130,18376187,26731860,
2392687,224121,832893,568409,11375467,20017995,30564040,
4670437,488529,985657,341689,29848299,28717967,47880140,
4828775,639476,1443324,469636,22016629,27486435,44247740,
2577528,286222,910958,343298,14663296,19238762,30558820,
2142992,259980,722728,373718,10737742,17523378,29245840,
3581373,486507,1149599,226319,17915970,20515955,32842300,
3870879,471011,998859,416209,20161394,24571799,36415360,
1074229,121071,480560,251618,4565353,10262081,15974680,
3877933,523159,1394988,548941,21055561,30303422,50093220,
5011355,616687,1261725,567626,24631565,39796039,66352340,
4888186,519975,1131999,343880,30687075,37658121,58709680,
3803330,507828,1242470,435289,19191862,25945752,38008280,
5214280,665282,1342535,467814,25531581,30287547,46449100,
1611030,175129,783955,320302,9297408,17665570,25150680,
2275718,282626,808026,437672,13119930,21024757,35144180,
3774272,516476,1162472,256580,18887113,21397335,35649800,
3816443,471637,991167,394988,20722489,25280496,40047000,
1432548,169427,665489,364953,7358237,16374704,26715980,
4764326,599506,1616081,669465,23437725,32654004,54374040,
6905413,766377,1418343,558789,37344146,41194273,64596020,
2265072,219943,925052,366999,14056995,21024124,33275300,
2854944,395013,955859,401169,14851505,22340199,37199860,
4951158,644339,1458524,472752,23007871,29319665,46738700,
2764370,309062,1035626,377629,15138712,22178584,34599760,
2040698,244841,824173,427767,12388015,21708104,36070040,
3862421,527690,1154200,222314,18140560,19106042,31812000,
4023376,498552,1064603,454271,22627079,27720910,43723900,
1400190,153785,652869,369826,7852214,16496511,24065240,
6255374,754770,1934173,748013,31018263,46093168,57570640,
6891609,736347,1493657,555176,40558582,43647794,58175260,
724901,78038,335761,183077,4180128,8305420,11850120,
3163188,431547,922332,348915,16106722,20370836,31612440,
5263952,689925,1317547,491643,24392593,29978409,46146780,
1859913,189239,876442,326688,12190890,18305580,28330960,
2257032,287734,697174,360814,11310543,17595485,29359600,
3653512,483509,1176208,272281,18336375,22032783,36760140,
3975510,493627,1323646,584839,22310786,33259656,50130720,
4568404,386749,862680,522631,25265989,32942205,37997840,
4304903,572839,1302141,391965,24119225,28407048,42223360,
4148422,513654,1011047,293536,20356311,22333064,37180680,
1607476,183530,718566,344341,8298006,16503114,27471480,
2755387,377388,855539,348980,13999003,19520248,32567320,
4819550,630481,1303650,385745,21984904,25466556,42473160,
2785311,311057,1183214,439876,17291928,27546309,43889840,
1363440,156349,685076,346516,7598896,15117145,25228320,
4976142,622748,1498733,643447,23213065,34180704,56959900,
6401197,677261,1080782,308457,39137886,34691958,57816660,
2508795,265194,1122003,484238,13227901,24060313,38436980,
3897971,529197,1251459,368908,20566016,25978109,43085760,
4230749,524749,1065140,311137,22284623,25496965,39523600,
1538239,183869,694133,353613,7829415,16194434,25258880,
3118518,428105,1011814,394263,16817829,23608370,36443300,
5211688,687532,1231349,407817,25107122,27625078,45322080,
1920719,197610,971058,345612,11352713,20628911,33369220,
3193421,368689,1224117,714851,17297278,30933241,50115080,
6452558,704612,1472866,331270,36545914,34002761,56547740,
2934088,417138,606664,224857,14525673,20869189,32388480,
2509880,285839,1078741,497510,12794959,28789707,37102080,
1272580,98588,906821,553296,7521248,11829767,14943560,
3952913,328509,1559060,1000853,19666040,25468564,32116520,
5380010,585602,1123729,592404,27189011,26750973,34235940,
3859468,440765,593378,272254,19715987,20583983,27081500,
951792,96650,585249,335375,4972409,11501761,14810060,
0,0,0,0,0,0,0,
