c4,c5,ff24,aa24,INST_RETIRED,CPU_CLK_CYCLE,CPU_REF_CYCLE,
2157868,344570,922315,326586,10056575,19746146,32954160,
2823533,398595,953128,183997,13551139,15097368,25168840,
4048464,498745,1015681,435289,19535730,23783503,39697900,
878569,110378,451082,220860,4758277,9784480,16228320,
2404430,358507,746215,345503,11834524,18296391,30591160,
3901769,509224,1303846,421797,18445771,23804773,39623440,
4425097,515355,1206751,625266,22627699,31229568,52173560,
3894110,386475,1139964,593110,21590891,29184332,48024600,
681666,80236,283158,150908,4281170,7102272,11728440,
528356,56199,228876,157921,2411625,4987079,8345680,
856191,98412,392995,210228,4155372,6564690,10906920,
1763043,156855,106708,52356,7962740,4984607,8307660,
1004479,111889,394967,230842,4073710,7378215,12296980,
607994,45554,382715,311230,3045935,10415803,17359800,
1610289,160550,564502,405169,7328215,12358172,20666180,
2990005,266037,616833,325348,17643322,18682663,31068980,
65328,9102,34765,25237,326890,1078078,1796940,
795063,83135,288139,168721,3081973,4281501,7135840,
32675,3024,9823,6899,491627,519359,865660,
143185,15775,56426,38059,549205,826265,1411240,
656562,67016,230949,117310,3134725,3771620,6243580,
312897,26195,119023,16395,1372037,2771615,4619200,
1161827,117506,449770,198261,4693664,8121377,13535240,
402326,34084,134684,19368,2105531,3125475,5209340,
393941,34539,132198,18833,1732362,2920895,4902200,
1613311,164649,624088,288402,7058976,11238143,18696320,
1152691,122053,342677,134794,5587872,9033192,13898400,
1378214,143252,488131,292411,6196965,11037499,18178680,
462669,50546,220213,121817,2805500,5025435,8248240,
1912681,155244,667491,223536,10093279,13648429,22778840,
935658,103314,381769,228079,3842852,7380069,12288920,
333300,37986,153563,106705,2057289,4078057,6796900,
1098609,122857,466496,280658,5350859,8563305,13628720,
126336,15609,60803,31915,618266,1676860,2062880,
64663,9234,37833,32260,317307,895006,1491740,
1206887,123801,429356,244140,4687462,6373308,10622100,
35279,3966,17432,12891,517359,716446,1194140,
806107,85182,299987,163402,3727204,4922959,8204980,
0,0,0,0,0,0,0,
288,63,379,318,1465,8400,14020,
804815,84330,296510,170445,3128347,4268840,7114700,
21352,1594,3982,2452,446240,347535,579240,
982213,107357,410116,241969,4511747,6258120,10430220,
0,0,0,0,0,0,0,
0,0,0,0,0,0,0,
1200143,121610,429815,246076,4663694,6021695,10036120,
23139,2059,6770,4944,454804,436762,727900,
804794,84615,296526,168511,3697381,4833370,8073680,
1583,263,1549,1327,6429,7238,0,
37996,5059,15458,11157,176990,386107,643500,
971526,104246,385432,221124,3738228,5121504,8535740,
28190,2379,7398,5635,472553,415204,691980,
594120,63828,239342,150060,2848031,3594709,6024580,
205370,19723,57305,21229,812908,1088518,1780800,
4771,885,4227,2902,25942,136384,227300,
1453380,154829,571241,340924,6319401,10396736,17327840,
422108,49404,207292,140440,3474073,5539862,9233320,
664156,76594,287257,168687,3089431,6246610,10454840,
832477,94928,359837,211209,4515258,7459172,12378960,
1060453,122261,369958,207441,5622257,9384192,15673820,
1273630,140148,491933,285239,5603601,10339012,17197940,
591229,67851,273338,158599,3157157,6282481,10470640,
1067498,107417,482306,311979,5814008,13852300,23120600,
1019078,112461,487116,270476,4847898,10281240,17092980,
799093,86871,342203,190246,4535400,8218753,13750580,
2020773,220452,827004,462811,9509795,15905811,26085780,
1080200,128615,506256,262193,5605460,12930643,18499000,
1619005,167152,529508,239017,8296318,13106084,18230340,
2537059,283209,911529,421599,13035437,24227190,32327620,
2629842,264213,791134,330481,14759819,22750362,27580780,
4111918,530687,902293,480082,19282992,30139635,40504620,
2577312,279616,901268,460491,13569749,24930906,30991200,
1104822,106987,425750,280839,5147183,13584622,15767680,
2378970,256494,890650,445723,12677464,26062937,27673420,
1511364,150840,780394,431777,10371337,21753371,22914140,
1726291,186749,723635,372553,7221300,13642968,15873360,
2456031,258615,941793,521436,12564390,25831121,34259440,
1904344,173326,484119,347853,8380540,15564960,21395520,
4392378,494007,1306591,611513,23364780,36326235,55664740,
2835725,357392,693625,359590,16270090,20465477,32160340,
3256538,434234,617008,307668,15026855,16610092,27615600,
288709,29637,137057,100581,1553610,3736908,6228080,
153103,21396,74781,51954,783074,2310654,3860280,
995755,95707,583405,324113,5670642,9218408,15424100,
1811133,165349,267236,257437,7598995,9358601,15522100,
971432,99766,344374,199252,4423893,6057698,10096220,
251488,24301,85790,31182,1106479,1806251,3010340,
29270,2467,7962,6733,1208105,930783,1551400,
970898,104976,381439,211738,3738015,5112231,8520460,
26239,2195,7212,5379,464935,431714,719540,
606914,61078,242609,153339,2290629,4976388,8293980,
297774,31247,115560,62634,2770335,3001427,5002340,
0,0,0,0,0,0,0,
816529,84426,297652,172476,3528079,4595513,7659260,
5857,705,3056,1937,516886,409525,682520,
828098,84542,292743,156514,3586848,4516917,7528200,
401757,41511,143063,77075,2510377,2736224,4560320,
37498,5135,15026,10133,175285,399097,665160,
800957,83732,291245,164718,3112439,4287525,7145840,
7382,915,4355,2679,28533,84520,140880,
481706,42099,221530,156738,1794781,4356432,7260720,
847897,91837,327313,201904,4906353,8768937,14619280,
310128,35374,153915,105900,1755007,3535821,5842940,
1381226,145629,543349,301556,6164509,10900582,18122780,
518846,54602,219332,120874,2724411,5254255,8764900,
859936,95856,376644,223790,4082793,7064510,11766140,
1556759,167545,632880,358396,8620356,13946460,23244120,
356875,37324,147121,95901,2037257,3688705,6266020,
1007767,110045,406829,242056,4423456,7742773,12790880,
635273,69122,286048,184663,4605550,8023831,13372760,
596480,64757,263319,154134,2737543,5130109,8565620,
1043409,111243,423197,239304,4902585,9005482,15001540,
342530,27367,187409,155509,1626264,5839824,9800860,
1515026,118198,758393,550615,6862127,17757110,29527500,
22966,3592,20918,16650,121002,533182,888600,
630136,62454,203955,113254,2846872,3879196,6499000,
990374,106922,409071,234303,5017916,6335883,10526100,
10916,1402,5889,4078,43681,162767,271340,
1018464,112682,399751,225167,3991468,5925595,9875920,
35,0,0,0,0,0,0,
222346,24898,96314,64258,1183994,1459907,2466820,
670908,67850,210504,116609,3854859,4364240,7240080,
2991,561,4379,3477,16089,138189,230340,
971805,106452,390433,217434,3741597,5280367,8800600,
256,57,327,327,1124,13136,21900,
92062,7479,19975,16316,726277,782068,1337100,
1471169,159075,601672,336315,5643780,7621908,12669320,
44205,6108,19600,15265,1048072,1062661,1771160,
735859,78483,278061,164116,2806417,3797088,6362220,
256292,28159,125761,66313,1007700,2425375,4042480,
343677,10800,249549,231369,1473038,6332420,10544580,
1058698,92572,461401,310762,4923285,10328033,17180020,
275523,34485,117006,84928,1513988,3167135,5278520,
429378,44869,154871,95112,2670913,3445948,5743220,
591961,58069,269830,179923,2338565,5940061,9900140,
85234,12500,24792,13545,379737,622214,1036980,
1373479,145088,525842,296079,5304832,7354070,12256740,
21841,1633,4253,3224,448536,374095,623520,
405797,42142,151949,94168,2518521,2865544,4775860,
1147594,118698,474849,354871,4320547,9578827,15964700,
954719,94032,385669,348120,3515334,9926068,16543460,
963057,82259,434824,304676,3590290,7845426,13075660,
56154,6432,18737,14257,615791,824549,1374220,
403315,42285,152736,89338,1563637,2264544,3769700,
496456,43387,226113,166759,2776177,4913304,8180500,
193453,19701,75996,69227,711306,1980851,3301480,
1198127,122096,430243,250392,4653947,6162529,10270860,
21664,1613,4068,2561,447769,352511,587560,
420071,44889,158372,98999,2511919,3274390,5509480,
1223670,131151,474866,297376,5947493,11962807,19888260,
394636,45022,211563,126773,2475420,4926412,8210620,
1435909,156417,593056,343137,7149136,12302009,20537200,
141009,15347,63833,31029,701455,1393627,2288960,
882791,95730,361648,221087,4124846,8151252,13585520,
2407190,281159,582608,366357,13454690,20689890,34823420,
15882916,2403381,2114799,887786,87461413,116328864,193876680,
17673994,3360401,1915014,901587,92133623,116854000,194747500,
18214833,2970538,1901543,863947,98033520,125037323,196798300,
21126218,3226091,2299040,865378,116524948,147471311,197778080,
25786044,3954040,2959726,1216355,139251755,189441839,199398040,
23542872,3771352,2511811,1120205,125965977,167259286,168258100,
11327042,1140540,1468108,876452,61540010,73689459,75927340,
19437989,1702848,1440943,801274,102318611,102559313,105349420,
17874247,1190033,857290,483052,96701757,66933495,63763760,
442858,48203,185457,111959,1783445,4675037,6025700,
410306,43469,155644,97746,1605928,2545420,3622020,
771228,80229,286615,177910,3374471,4721072,7793520,
469840,48523,170361,97831,1818846,2518067,4148520,
9285,1043,4152,2963,1032411,783579,1305960,
401701,41923,148852,90008,1553932,2185216,3641960,
399436,41474,146698,84687,1552175,2094044,3490060,
421678,44645,166649,106165,1636694,2587817,4313020,
458029,47754,164953,99311,2173183,2928094,4842660,
644413,65341,151160,74793,3040814,4567941,7122280,
999750,106619,325876,180641,4350050,8192769,11388520,
989423,105347,330323,181404,5280056,8492914,11657300,
870916,95283,364153,225539,3345757,6239750,8444220,
1057522,103071,386171,133594,4395793,7617483,10658680,
517842,45874,192187,34523,3322724,5147835,7339980,
1425479,140986,526740,224032,6424959,13196707,16511860,
896443,85927,310178,95751,3717622,6429884,9137260,
1291034,136305,280170,118143,5958048,6606726,9985480,
845902,75904,201780,115549,4142699,4464906,6530220,
4749,848,6115,4286,29765,244337,402580,
1694744,134283,606902,191995,8468051,12884751,21484020,
526559,43294,245198,172908,1940602,4793491,7955620,
493382,51261,178366,108751,2243405,2923270,4906220,
738264,75938,266623,136450,3245027,4310826,7184620,
7417,813,2748,1067,632268,466596,743680,
951202,63620,574320,459599,3335171,11394561,19024680,
1171287,40582,806444,693274,4601356,19226210,32043580,
978321,25571,744944,662009,3150240,17335164,28925940,
1232065,92721,634324,480399,5621839,15092422,25120480,
66232,8936,34020,24699,812587,1184273,1939840,
434204,45185,168145,97681,1724088,3081624,5170080,
723336,42200,425048,349700,2525738,8952244,14886560,
252103,30415,123360,81941,993354,1983696,3339960,
986844,97820,330172,177445,4766368,5679713,9432340,
2445,429,3089,2804,13069,111460,185780,
571654,63811,240490,137163,2184270,3070124,5116860,
399129,41414,144715,82249,1550625,2077479,3462440,
578013,59177,206026,131552,3237860,6407605,10713400,
634584,70446,254466,142406,4522647,5567311,9319000,
608214,65269,236359,140610,3383306,6287886,10391520,
915814,99300,373618,229692,4330022,8390485,14003100,
518482,57854,214733,136829,2176178,4310785,7162500,
382016,43868,170441,117479,3090516,5331297,8919700,
1113128,116566,402144,234889,4653875,7715362,12893680,
630524,71288,255070,146780,2848560,5576167,9225440,
838315,88741,320184,197914,4225472,7396910,12360060,
757444,89111,370038,217088,3173958,6602408,10975240,
453621,48832,197633,116264,2907523,5324356,8921420,
551844,62468,247712,151179,2296414,4913441,8153360,
894299,97199,358005,210788,4198566,7798266,12997160,
935041,103740,341803,198481,4674362,8160051,13599980,
674174,72894,268551,166423,3428337,5685643,9476060,
584348,64333,235355,154664,3016948,6328228,10546960,
946973,99599,362657,203874,3970753,6627506,11079900,
736223,73227,334810,222011,4237115,9287072,15504940,
837680,89161,325607,197864,3843536,7345123,12208380,
401827,41917,142401,76067,1561662,2190735,3651200,
23577,3448,20800,16529,124247,441618,736000,
437980,45727,159544,89883,2912504,3355202,5591940,
403744,42770,148522,80738,1575007,2278029,3796700,
473447,49997,168817,100105,4197472,4361279,7268760,
403144,42431,143606,79020,1567366,2191551,3652540,
40916,4019,15866,10871,1434621,1275345,2125500,
798406,81960,280616,147173,3100148,4031413,6719060,
397863,41417,142495,75469,1544713,1990681,3317780,
595692,66185,250713,144160,2640859,3676653,6127860,
414256,44253,154731,84474,3503297,3681782,6136240,
43861,5153,9703,4242,181280,321092,535160,
400955,41796,147396,90488,1552308,2190361,3650680,
427451,44238,156807,97277,2072085,2797942,4757100,
834338,83506,388193,263301,4230360,10487501,17380600,
822523,84829,293346,181804,5022458,7813243,13022080,
575877,53670,268529,195985,2875484,7761706,12936140,
1082253,115418,431555,249968,5014292,8627408,14412780,
997080,112106,415932,265903,5565722,9290613,15483340,
944006,77071,448348,319246,4052741,13333673,22238840,
940071,48899,583943,483148,4776740,15280463,25500740,
198811,15718,97741,82154,1176667,2970299,4873620,
880861,95530,353323,232095,5604109,9532741,15887980,
916327,99692,364906,232086,4274118,7971866,13286300,
1084651,105219,462113,293018,6361900,12809675,21512680,
1086881,115665,507354,288907,5082267,10336644,17099680,
751498,69448,355635,220348,4152987,9712327,16201920,
1191408,124244,508728,291568,5112123,10300092,17147500,
1144434,118963,447823,239196,6014463,10544825,17607980,
1242037,124364,494411,264419,6093066,11181941,18679100,
1117294,120118,553073,368933,4886373,11344303,18873480,
1046878,110821,474775,260573,5840660,11774095,19589640,
791124,86342,351949,215326,4726334,8973953,15063660,
1310820,140018,514911,269838,6287078,11082786,18359060,
1071006,112554,440509,246317,5268977,9562458,15963900,
432076,46873,173675,98668,1736181,3136349,5250200,
503276,51839,170952,108004,3814104,5579495,9265800,
857837,84663,336299,196948,3330102,6642584,11104860,
432446,45060,157224,88935,2694459,3218885,5330860,
265165,32482,124383,86567,1042624,2003007,3372200,
408732,43232,151539,82826,1604524,2341518,3757600,
188214,16859,46221,13968,741681,928347,1404580,
436401,45991,161418,93045,2737193,3325338,5566940,
422010,45309,165661,93813,1647332,2742343,4549100,
183994,19897,73391,48056,1062214,1312432,1666000,
446611,48663,176554,97101,2672609,3248259,4956700,
401862,43993,164099,88465,1939598,2675610,4425740,
803312,81716,287791,162705,3102434,4119195,6873920,
410094,42619,149589,86875,3123072,3224292,5350860,
73933,6187,16303,11563,296722,465376,809260,
398969,41607,143352,76789,1542772,2097454,3495760,
355360,38254,137120,72407,1728341,2102994,3470480,
404381,42209,151342,93410,2211247,2673723,4456180,
597291,66869,263717,163892,2296056,3577067,5961880,
3139792,273519,322120,174420,16541274,15165023,25312820,
3855698,388980,600674,352004,19726167,21153879,35257780,
413856,44140,153811,85999,1609391,3063536,5063380,
1626568,177957,698376,406205,7575746,14686664,24477800,
1109268,116194,440411,249212,5389330,9635955,16059960,
756262,78175,309170,173324,4864087,7862638,13264240,
734979,78693,318204,179926,3396075,6267498,10544140,
1283742,129478,486693,255624,6214367,10100212,16722300,
970272,108335,451848,257273,6049651,9552394,15920980,
1442820,153019,630406,354891,7559688,14375595,23959320,
724214,72716,291791,154176,3934952,6995706,11659580,
941346,86635,499991,347052,5574050,12733116,21221680,
1239247,130392,517122,296723,6086538,12120048,20200040,
1258398,134543,525563,307745,5808213,10959125,18318560,
1158460,120463,466920,243069,5847841,10122223,16871720,
759818,84104,375236,209601,4687043,9107667,15117700,
743745,82587,342927,205876,3420846,7007520,11679220,
1401380,148956,593939,336606,6669858,11773285,19621840,
677583,76512,306785,183227,3134938,6262187,10471060,
1232868,148257,489106,279835,7064622,12857786,21395740,
574547,62831,251331,156265,3087502,6368739,10614560,
948816,79368,520561,361271,4062407,12372203,20701400,
1215887,113234,516099,328454,5618932,11564648,19192180,
1186215,125573,513394,294861,5343236,9502118,15836900,
1523866,164531,657837,351895,7660010,14287765,23845440,
818828,84186,356466,194022,5242002,9094539,15204120,
1011999,74839,570963,414298,4024887,13372847,22234440,
3343673,418407,859289,502668,17288676,24502206,40836860,
1776303,208132,656851,351692,8986947,15539187,25905140,
1904717,208718,693355,352474,9929984,17273965,28776800,
1439727,151810,750016,386054,9049969,15928740,26546860,
940971,93684,405002,214218,5673923,9979671,16598820,
2103892,236673,889148,447589,10823376,22408470,37373180,
1621426,171022,444883,325739,7639777,14367906,24026260,
2822569,298427,927394,507134,12729419,24110951,40104400,
1021876,110342,421977,201835,6093973,10080658,16810300,
2786817,166649,587879,297336,14147299,14992193,24938200,
3756905,245433,906137,457271,18413436,21245775,35409540,
3714825,189698,719473,377561,17916540,17914144,29939860,
4907865,328037,1110044,559456,25169033,28127957,46789580,
1348723,133075,442554,216608,7313056,11017066,18383720,
688045,72066,264461,142673,2855960,5097502,8474240,
1311422,147909,539047,298827,6351946,11769539,19615940,
1030361,106454,469802,232376,5058020,10086793,16867580,
1861179,202822,767438,371273,10089292,17327917,28827460,
495679,67456,191891,103247,2800522,4830756,8051320,
1969741,192318,845996,507154,9493495,18168953,30315360,
2207034,224751,669109,396873,12077761,18584140,30939420,
235655,28367,120526,80065,931264,2439781,4100860,
1268711,144008,540066,252802,6427380,11521946,19202780,
1025000,114220,425559,189666,5531177,9868353,16458780,
887718,93766,331248,176187,4913061,6758231,11215960,
1281256,149176,598807,282362,6518178,13136478,21916800,
167691,12277,259592,147689,1788535,3507465,5890280,
3662777,383557,1084090,664146,16777471,32896109,48818720,
1121247,113009,548922,349850,5605947,15080619,21640280,
601201,64328,257978,118162,2492636,5479858,7799320,
1338424,151439,573829,273838,8478333,14782087,23275800,
668168,69415,233101,59663,3275185,5693499,8795880,
1291309,136267,565628,230561,6474896,12990288,19977680,
1276303,136846,497758,254787,5899458,12821889,19713940,
2104709,269294,885978,492106,10912330,23550905,36286980,
2473208,298379,767203,408989,11381687,22984284,34778100,
970899,114870,192886,91974,5025986,6057609,9223140,
1648373,161431,539777,263158,7710494,12476905,20146480,
2037608,176299,680223,387677,11646088,18268368,30480960,
947051,83894,430315,118227,4285739,6621408,11001840,
1106847,125289,433390,227207,5660190,10016369,16694100,
214421,22750,251351,136764,2651978,3948615,6657940,
2879318,281776,791624,529076,12245193,22068409,36712360,
1133617,123044,510063,295095,6308154,13870531,23165920,
505828,52472,224526,134996,1911020,5538988,9184100,
1139325,128173,451861,250802,6150709,10659914,17766560,
65285,9188,46856,30325,3828042,3580168,5966940,
1480415,161454,567288,288549,7086129,12499033,20831480,
1000861,121571,484769,263759,5201046,8399491,14010080,
2560935,240784,771564,558337,10718930,20125310,33525800,
1161703,125031,475914,283557,6186306,12734124,21212620,
283877,40010,103318,64981,3043558,4113895,6893700,
878807,91992,360884,174800,4276584,7635348,12684380,
1121060,127890,445560,241200,5720356,9271037,15458500,
410424,46470,169031,82842,1591195,3408934,5675720,
1151408,130916,449626,249163,6200654,10169644,16949320,
283288,39404,95947,56614,2846067,3705542,6233600,
1277336,134532,504278,255201,5862857,10128795,16848820,
1068315,125191,650626,356647,6298844,11536357,19250660,
2652844,241084,617114,450475,11341414,18374680,30564480,
1191487,134989,453866,259979,7317765,11805524,19675940,
253107,35394,91341,54281,1458841,2571854,4320360,
897531,98920,409125,205779,4382360,9070122,15089840,
1091740,122516,424071,231071,6459968,9673603,16162880,
463433,50001,182109,102104,1833894,3515566,5790360,
1136418,127897,448337,247556,6135470,10240762,16999600,
102860,15489,62868,39125,626662,1609211,2745180,
1486129,161539,552013,289113,7703456,12133691,20100840,
2330810,261707,948279,587132,11408502,21104452,35225440,
1262892,120291,302937,211090,5014331,8520884,14153020,
1136196,130112,462399,258656,6133885,11327199,18878700,
184908,24398,116335,75152,1633672,3620486,6087960,
1392214,152235,472470,248035,7113159,11268273,18666860,
1091370,125683,445282,235331,7014763,10882772,18152600,
560559,65800,265207,162111,2137882,4539431,7594800,
1158825,131717,465749,246867,5892553,10345975,17240880,
181375,21564,95768,58625,1992483,3603522,6027820,
3446483,356633,1146331,724489,15878122,27497648,45830880,
1480368,149546,502127,305093,7411873,13988456,23325860,
531072,54942,225958,115941,2196336,4665995,7718260,
2843203,377758,499702,277477,13928027,16918672,28265600,
726283,87637,336132,150534,3735493,7885433,13074880,
614416,65169,231446,140759,3575652,6255882,10426500,
451999,48826,183374,120391,1822561,3256566,5427500,
274532,28849,146817,107948,999711,4270972,7152160,
1251245,117363,508861,330996,6072754,10016179,16728140,
1332874,126250,251526,191141,6404993,8424694,13972840,
976973,103964,375877,209623,3759694,6072237,10120420,
398716,41500,146049,89923,1549189,2093841,3489680,
306893,34529,126359,75202,1578161,2240075,3767260,
288116,29795,109513,74595,2247693,2754359,4611860,
261553,26700,83693,37023,1034180,1433839,2322540,
419543,43094,151952,92872,1987023,2470714,4117900,
577827,64445,244267,142066,2228589,3287837,5513040,
215191,25000,100230,69740,2106229,2250720,3744300,
491299,52992,198370,122110,1927883,3109448,5182280,
356944,38588,141743,84580,1768401,2467106,4099860,
816508,84876,300951,187252,3701719,4926073,8196420,
409121,42816,156201,100931,1591485,2314917,3858240,
84670,7857,24008,18339,1605542,1508119,2547260,
347061,37443,138326,84188,1317843,2025242,3375740,
401662,41514,147177,86152,1559002,2094664,3457100,
403218,42232,153043,85777,1569216,2249612,3749360,
419762,45619,159712,88039,1994072,2807172,4678600,
214944,17629,77406,40907,1244353,2332640,3929020,
2377235,233327,772451,542213,11356736,17353975,28923080,
473423,48795,157247,88870,1768480,3406408,5643460,
999595,105178,385829,223013,4711458,6125294,10208820,
429262,43941,151865,83964,2825516,3075476,5125880,
0,0,0,0,0,0,0,
504996,54538,174844,100714,3995187,4390712,7317840,
446469,42688,183532,115405,1698302,3959498,6599140,
420402,45697,172757,112839,1629615,3017092,5028400,
397689,41467,143875,77160,1543840,2080381,3467340,
223867,21591,71877,36165,1306908,1720717,2867840,
574740,63999,246177,150668,2198285,3269867,5449840,
4488170,412799,662801,294866,24464569,24211275,38195240,
7455570,584085,1014414,322557,37359085,36498634,52268260,
7917474,609234,1115811,337561,41655871,40427282,50065400,
9388825,709843,911936,317770,45757383,41459538,47297320,
12492285,972720,1919637,760110,63346556,71630026,74495700,
12626517,934391,1802228,594120,64300182,69864154,69147740,
9477770,758231,1192618,279320,48722270,47244327,44982280,
10095593,895116,1309179,348275,51961410,52945371,50447000,
10045836,815911,946031,113064,51263336,42115586,40048560,
11132288,873113,1311131,384696,57601215,56312285,53670060,
4758360,439606,946890,331892,23772940,32584067,30859260,
6552026,622455,1594807,601075,33289849,49365684,46775520,
5329958,448571,1054692,428362,27696726,38826597,36996560,
4582046,370537,463369,48961,23732272,20662016,19496980,
6221168,533408,1106654,427027,32140069,38691941,36643340,
4673598,407318,690919,157141,23734507,26147499,24539880,
6627433,528820,954467,329742,34804303,35951609,34080440,
5380440,477961,941545,325326,27244253,35034833,33276780,
7467206,719793,840656,231422,38073882,37387244,35603600,
6271649,453987,689306,222803,33241508,30030952,28555200,
2768309,208735,332651,114748,13708901,12193609,12514700,
715024,74428,261186,156213,2769311,4082336,6189720,
666525,50223,323464,230691,2495832,9679402,16124380,
1211700,108561,442818,314236,6115592,8885596,14029760,
1251683,111107,266726,202187,5132929,7860502,11243000,
402605,41941,143954,77131,2077504,2480978,4134980,
411113,43448,157742,92782,1599966,2423127,4038640,
416310,42403,149404,92365,1991980,2443603,4072660,
85089,341,71671,66896,248361,2507320,4178900,
403304,43163,150037,84024,1567960,2506977,4178280,
406724,43317,150650,91570,2822943,3595906,5993140,
429183,43688,143235,85270,1641796,2121511,3569800,
762781,79386,289668,148619,2987018,4136741,6860620,
26491,2342,6691,5112,468309,474892,791440,
396987,41369,144154,77564,1535295,2074598,3457680,
399589,41711,142786,78551,1553127,2085352,3475580,
221472,25974,102780,67281,1387366,1703893,2873560,
558868,55021,186578,101626,2240087,2934166,4856720,
21522,771,4209,1874,15905,74939,124880,
458319,47683,159443,99597,2145625,2781102,4635040,
415950,44483,155908,84782,2178558,2930729,4884580,
54514,4825,14042,13370,246313,397205,695680,
938864,100150,346712,196883,4497980,5921725,9869640,
295724,29729,105974,50551,1515166,1811118,2984620,
398085,41712,145328,80926,1541182,2074076,3456800,
401904,41561,144206,79044,2047817,2387149,3978600,
30639,5582,34267,24299,132335,944389,1573900,
397447,41465,142470,77538,1545077,2173736,3656820,
586188,66029,254313,144257,2250320,3351523,5552040,
403097,43038,152638,82850,1563456,2303331,3838880,
419938,43998,146135,79476,1993694,2702389,4503960,
5574,781,3667,3308,606662,491707,819480,
971414,102968,375604,204955,3735003,4933689,8222780,
423038,43052,145955,78521,2006994,2384697,3974480,
396976,41205,145214,80577,1535531,2054469,3424120,
400436,41702,144315,78335,1557922,2090497,3484100,
4948,580,2394,2167,580626,443485,739160,
436105,46751,158637,85983,1716415,2424118,4040240,
410816,42904,150977,81022,1595634,2249617,3749380,
451895,47971,179447,113376,2877013,3666860,6111420,
397561,41100,143029,76791,1543339,2033132,3388540,
26963,2423,9055,6917,476522,524024,873340,
800953,81671,282338,150160,3112132,4050457,6750800,
403936,41822,145689,78622,2383049,2616197,4360400,
486286,50636,154630,96068,1969666,2597554,4329320,
397911,40862,141608,77085,1544494,1987945,3313220,
6362,985,8625,7488,34308,182447,304020,
424520,44639,152656,80963,2397251,2953600,4922660,
573580,63858,239012,135019,2199988,3076814,5127980,
398973,41640,150581,93109,1544446,2169307,3615680,
703710,66649,260750,103105,2897577,5071139,7257660,
509927,42780,176233,21780,2578471,4127841,5892580,
1295792,125266,448787,176566,5259941,8026885,11462120,
986349,97146,348890,134838,5156695,7946869,11388900,
1204171,117713,330749,114860,5290802,7067539,10642480,
1042265,102663,289465,172891,4946886,7025851,11635500,
0,0,0,0,0,0,0,
1694086,136529,560415,160490,8273314,10321224,17202120,
398361,41713,144500,86329,1546871,2322861,3871420,
411479,43689,160210,98683,2094646,2935715,4892760,
399523,41602,147838,91957,1551917,2139845,3566400,
51441,7499,46838,38978,255517,1193936,1989920,
800466,81454,285740,161241,3100559,4067082,6778420,
422762,43669,150347,81998,2006833,2522598,4204200,
464120,53005,207049,129380,2473264,3063904,5139880,
462496,47424,163904,84680,1789359,2400166,3966900,
78620,7733,29588,14729,704017,874488,1457400,
399145,41894,145524,79473,1547509,2115909,3526440,
406545,42106,144732,79438,2644574,2856008,4760040,
356323,37953,127193,76259,1393496,2035967,3438760,
500490,56172,206103,119776,1985620,4006533,6622520,
58336,6092,21886,9356,252173,413962,690040,
825624,83539,286994,153848,4244122,4880991,8135040,
398270,41304,142587,77232,1546459,2022701,3371220,
242181,28058,107242,65398,958262,1362439,2304560,
417629,42655,148414,78243,1632769,2145772,3576300,
184070,18107,67478,34015,2215009,2534623,4190600,
396966,41492,141428,75450,1535974,2060566,3434300,
599770,61131,209276,109514,2402333,3357188,5595320,
88445,8309,25348,19012,354269,557831,963480,
412274,42648,148391,78924,1965686,2480535,4134160,
441838,39950,207794,137581,1688818,4634783,7691020,
976957,103500,377732,208599,4302584,5558922,9264920,
398664,40925,142611,77367,1547795,2005351,3342220,
757,162,1254,2364,12572,89141,182280,
436548,46880,160173,85604,1710756,2413817,4023300,
430911,45660,156300,87115,2041889,2698783,4463940,
397938,41551,143376,78048,1540375,2051402,3418920,
405449,42139,146101,80129,2448183,2702240,4503860,
4804,1068,7605,7404,44108,261085,435100,
418242,42650,145067,77883,1963802,2389501,3982560,
403860,41641,145608,78544,2153377,2527773,4203720,
797724,80866,278660,148428,3097547,3895731,6492920,
397337,40526,141243,76544,1542119,1963710,3272840,
46649,4340,7600,5997,546614,532287,887160,
403471,42201,147358,80096,2341548,2673195,4455340,
398741,41333,142884,75589,1548477,2015312,3358820,
419092,42707,146717,80665,1985006,2397372,3995660,
420099,43726,157036,92072,1640043,2361758,3936360,
10640,1359,6623,6480,1257527,984116,1640180,
571815,63590,241532,137847,2184975,3084811,5141320,
481723,51763,166824,96239,1932196,2643937,4406620,
878835,92413,301548,168209,3459514,4416042,7360140,
620025,67702,259437,157212,3906450,4590782,7651300,
61667,6511,4434,3359,322295,310823,517940,
396748,41150,142200,76357,1534358,2004510,3340800,
402695,42245,150705,81519,1570729,2164304,3607160,
425852,43948,153807,94938,2620655,2968104,4933960,
398603,41075,143869,83327,1547609,2034302,3390480,
1689,392,2805,2649,8012,75761,126240,
396955,40983,143287,76951,1535380,2012729,3354580,
431180,44721,151819,80483,3418381,3441237,5735440,
703642,72145,252138,141780,2684982,3404195,5673640,
530911,54066,187995,106963,3202157,3744713,6241140,
0,0,0,0,0,0,0,
962961,108462,390979,232871,4363957,8287727,13812780,
412189,43259,148146,85590,1608378,2226129,3744220,
474693,50040,179054,117072,2780230,3548020,5879340,
376452,39383,138512,84395,1446882,1945717,3242840,
58903,6505,17587,10120,247582,500314,833780,
396713,40868,141603,76198,1534090,2030112,3383540,
420256,42869,145597,79951,1995226,2350234,3917040,
623642,64300,225784,134884,3369917,3786104,6344180,
703394,76351,284421,147005,2752958,3834318,6356700,
77505,7728,25762,12482,692443,798787,1331300,
398441,41207,143923,84666,1542879,2069714,3449520,
428541,46009,174934,111796,2309619,3421761,5702820,
346998,36347,125868,71782,1316630,1729902,2883200,
421699,48282,150460,86654,1861434,2997477,4856580,
729173,76436,265769,132588,3673671,7703969,12134480,
1447760,144101,368375,138305,6699454,8759174,12591020,
1665716,172601,387967,150135,8621374,9524589,12523740,
1490009,143179,286413,117479,6713840,7492702,10229860,
1568474,160299,414403,195510,7055940,10604005,14036360,
1113470,112394,303108,164306,5211725,7813313,11402600,
814120,83289,240279,127843,3470498,5493522,7984700,
405013,42392,146569,90350,2402245,3063855,4768560,
179316,20384,78708,53331,669681,1061715,1802140,
220247,21497,65088,26583,875363,1089601,1667580,
404890,42503,150425,84771,1574082,2264732,3774640,
420706,42996,148742,81859,1992522,2460972,4101600,
436695,46675,173779,111006,2785433,3621864,6036440,
178115,2869,147927,137779,560382,4399159,7365680,
840749,84731,286635,150466,5020998,5624849,9382120,
432540,45169,153406,79950,1694171,2330030,3849260,
423494,44126,146379,79125,1642830,2180912,3634880,
406345,42201,149045,81169,1585550,2258753,3764580,
30161,2721,9086,6904,1059231,881881,1469760,
427739,44076,150335,81791,2951018,3151324,5252340,
400297,41739,145568,81330,1555788,2168663,3614420,
436516,46493,157844,91907,1720386,2428833,4048040,
397730,41036,146694,93815,1544296,2078973,3464980,
200030,3596,155834,142745,1497917,4810545,8017660,
810127,83349,289364,158503,3151097,4264438,7107400,
397905,41236,142511,75914,1545014,1996471,3327440,
429378,44131,149683,81700,3333328,3404635,5674540,
398394,41256,144890,81688,1546642,2044580,3407620,
32682,2885,8278,5911,1736122,1308043,2180100,
397508,41489,142405,76946,1538630,2089617,3482720,
399366,41541,144708,79500,1551554,2076784,3461260,
428751,43989,151755,81833,3085103,3213473,5355700,
352101,36327,129760,74935,1342010,1811515,3019120,
52921,5515,20665,7843,234736,428972,744300,
845408,85777,302323,163169,3622916,4658331,7741600,
474123,49059,154161,85883,3060244,3323310,5538980,
402064,42750,154435,82277,1560594,2335416,3892380,
447542,51262,204686,133645,1662909,2513217,4222100,
204243,21750,68767,34441,2904757,2814226,4656840,
396936,41387,142153,81325,1535088,2102592,3504280,
433059,45028,151277,86312,1685476,2326579,3877660,
436858,45257,161139,93808,3074521,3437727,5701940,
267576,29471,109569,65867,1057963,1451502,2353160,
131366,11825,36328,12187,487471,671989,1045380,
796479,80403,280532,147430,3091346,3870936,6451580,
420152,42756,147878,82819,1995369,2386203,3977020,
671024,76610,261312,171151,3049464,5690768,9484480,
126077,14135,53767,39023,1653105,2130343,3584560,
329267,36153,133398,71247,1313910,2028961,3347780,
590710,58932,202546,102470,2360638,3215787,5359660,
421316,43195,149915,82012,2001211,2488541,4147500,
355116,37238,130438,76292,1353045,1836160,3060300,
49315,5189,19261,8943,224257,430047,750440,
403190,42446,147843,77221,2242016,2663248,4405020,
1063887,115517,394994,218183,4164137,5688481,9480820,
397621,40854,142587,78285,1543430,2040737,3401280,
2478114,313172,303458,159346,13190853,13862494,23131020,
2691524,375145,124624,50101,14845812,13759644,22932720,
3137918,427377,244472,115901,17730411,16603829,27666460,
3046228,414101,242762,113143,16175334,15756765,26255360,
3082427,417557,247816,115540,16392037,15713559,26185380,
2995393,415941,221058,120057,17689372,18443181,29556860,
895289,208994,274832,148782,19211119,20149738,30428780,
734445,207774,306979,167954,21206907,21743460,30510360,
1081234,150978,431591,239090,9155691,11399139,16589820,
443351,44732,153504,94260,2084895,2691667,4486300,
630810,63253,146899,96767,2869934,4063030,5958040,
437929,49567,189765,103837,2277422,3089901,4484360,
399066,41563,144201,80991,1550674,2096150,3493660,
398661,41502,143921,78038,1544527,2049891,3449700,
594543,43060,304796,226388,3286150,7732711,12783040,
70442,8156,25397,17569,2198331,2005970,3376860,
526464,43667,253989,180356,1924692,5029955,8350100,
397563,41520,142843,80202,1543554,2092912,3488280,
819025,83860,297485,160428,3187719,4238045,7063360,
469932,47915,170275,101356,3148982,3805284,6256840,
504846,42959,202982,42476,2626610,4889813,7520220,
848550,80370,307694,104967,3508007,6207805,9550080,
884956,83994,300590,93029,3655947,5688102,8754840,
868949,81657,302184,105103,3585852,5794568,8915340,
1141934,114125,297684,121900,6105901,7151426,11317860,
366607,26232,25670,11835,1883072,1249543,2082580,
397348,41774,144426,82921,1534202,2153682,3589460,
1651648,124197,500729,122794,7706468,8381717,13969420,
798698,81325,283933,162527,3102778,4265200,7108560,
4987212,306221,413330,124554,20322583,14274630,23819820,
4401794,472821,280723,66819,20935658,12743238,21205020,
5113482,568463,441298,214535,23642557,16337627,27229220,
4188796,487205,505509,194328,21183571,16833296,28083420,
4176681,497718,527800,212169,21124584,16922845,28204900,
4089943,475019,525681,215306,20695769,16784992,27979440,
4042071,462965,394872,118231,20881885,15082169,25133360,
4229364,488945,524764,198771,21429599,16815003,28035020,
2547861,293004,410509,204319,13051716,12234342,20356740,
797347,80995,282566,160885,3095711,4262451,7104100,
574972,56179,265784,189811,2161827,5222848,8738820,
140515,14778,53500,24586,599133,1026056,1676220,
422200,45063,174438,108432,1642439,2856553,4760980,
398215,40697,144690,88730,1545683,2101864,3503020,
407515,43084,152938,84315,1585073,2250771,3751340,
1184834,146128,305659,178206,5904536,7702610,12903060,
218271,20674,72890,28152,1215118,1765770,2869600,
397630,41208,142868,78843,1537571,2099418,3499080,
397925,41330,144722,84216,1545094,2056486,3427460,
695285,72816,248944,143223,2685993,3782138,6336940,
347080,38170,149085,94799,1355275,2250075,3750620,
663840,73608,215088,122446,4322537,6476997,10607580,
996565,100873,285954,149484,4321987,7436656,11681820,
880306,93848,319486,181128,3851361,7607011,11788800,
890438,91606,288153,164465,3838324,6661886,10468600,
243745,26503,98895,50891,1136773,2448420,3735320,
409095,44311,150880,85013,1594256,2888876,4383340,
827305,57978,460417,349661,2970735,11464460,18102220,
619881,41783,326373,244314,2640227,7906460,13211640,
489619,50161,245178,170981,1773340,3726233,6210120,
603277,61269,204291,97094,3273587,3867919,6412800,
424837,44061,148453,80149,2686968,2971613,4952640,
442830,47617,165717,93724,1746235,2637541,4395980,
397940,41124,143325,81459,1544838,2088671,3481140,
301751,32703,119592,76231,1189737,1672070,2820480,
109304,10799,36453,15793,403538,691273,1118400,
426271,43601,152021,85534,2017480,2547734,4246180,
398812,41480,148949,94597,1544262,2126861,3544740,
484547,42233,218726,155648,2282770,4900981,8168260,
180900,2892,155266,143918,570323,3680852,6134780,
967873,102542,369225,201721,3726341,4922329,8203820,
423414,43692,149418,79476,2504017,2838024,4764100,
401278,41787,148137,90840,1987494,2417811,3995680,
397951,40622,142649,82708,1544724,1998492,3330720,
0,0,0,0,0,0,0,
398783,41532,146103,80515,1544245,2089116,3481780,
419445,42932,151170,92929,1993210,2448019,4080040,
409005,42646,154451,102712,2417943,2914332,4857320,
400800,41557,147481,89103,1559769,2153058,3588500,
102256,13768,32920,22229,478648,1036570,1727660,
821447,84104,295134,161691,3194161,4241631,7069360,
429768,43591,155184,89601,2034376,2512188,4228280,
3119817,311562,320091,132291,14981886,9869585,16415400,
839031,91903,187394,84609,5153447,4533328,7555460,
0,0,0,0,0,0,0,
449921,47649,162788,94069,3070908,3479915,5799700,
424958,44143,148229,87899,1655318,2284102,3806800,
397300,41233,144819,84187,1536677,2048015,3413320,
397726,41249,146186,91663,1544248,2058630,3431000,
28323,2455,7246,5235,1109223,864319,1440480,
796875,80689,278417,148832,3093477,3903879,6506460,
436092,44831,154484,92139,4156128,4001236,6668680,
498138,58050,231163,144367,1861802,3207212,5350820,
474524,48346,164418,86981,3590012,3682252,6137120,
344413,26208,161648,110507,1367405,4311951,7186580,
398554,41291,144290,84789,1542806,2196037,3660060,
441367,47030,157738,87254,1748937,2424096,4040180,
366725,37358,128449,77397,1762797,2081304,3468860,
385496,40862,142632,76946,2270932,2832380,4754600,
103971,10333,33109,13925,788505,861997,1402820,
862969,88435,288700,155989,3437327,4536865,7561300,
406407,42371,150436,91444,2785537,3023730,5039500,
309909,33447,118471,68700,1214679,1837618,3084080,
290527,31244,117352,72828,2277901,2584237,4319280,
255384,24313,73331,32823,2150200,2054165,3389700,
398181,41230,144672,79369,1541029,2092274,3487200,
572145,63039,239130,136519,2192869,3054781,5091240,
178893,20390,82557,59704,686645,1017796,1730080,
267363,26264,79551,35238,1819318,2052229,3455040,
370943,37717,131703,68487,1562040,1895635,3084320,
823305,83358,282421,149835,3199041,4053686,6756220,
770234,88367,269481,169705,3554329,6285118,10504020,
47700,6884,27345,23393,281610,666491,1116620,
442861,45903,163775,93813,2046442,2838490,4696860,
411459,42788,146231,78443,3093003,3191127,5318600,
398754,41675,144617,79456,1544019,2130067,3550080,
427619,43664,150903,87487,2759501,3004931,5008140,
19330,2435,11777,6703,79453,328411,547300,
417673,42610,145458,78435,1978612,2336604,3894340,
629368,71004,259507,148138,2456207,3596381,5993840,
887420,93932,306267,172724,4294799,5188890,8648180,
397894,40859,141326,76699,1545203,2002450,3337400,
8095,1230,8507,6402,41755,238779,397940,
427294,44147,152323,89458,2859847,3088411,5147300,
397917,41264,144550,78922,1544704,2069787,3449700,
399662,41897,146704,80886,1549758,2094492,3490800,
398779,40992,142558,77239,1548190,1986648,3311100,
30000,2631,7550,5322,1334569,1021487,1702520,
433412,46625,159313,91769,1706223,2495161,4158580,
581501,64618,244636,143543,2230481,3188156,5313600,
887678,95360,353005,214021,3373570,4682231,7803700,
507318,51162,179974,102389,2836019,3314086,5523440,
4172,721,2348,2147,24273,89481,149180,
396883,41044,142662,77221,1535106,2021108,3368540,
398432,41198,143490,77282,1547735,2010351,3350560,
458064,47552,160016,90931,3263607,3575968,5959960,
398262,41207,145106,86142,1546955,2117961,3529920,
0,0,0,0,0,0,0,
396514,41042,142401,77297,1533088,2000848,3334800,
406789,41701,143706,77865,1762378,2183401,3721800,
821888,88684,326525,191509,3287595,4362187,7242080,
522431,53118,187676,99470,2979802,3484849,5778360,
125260,16834,63239,41829,563963,1602464,2670760,
396244,41013,142369,79976,1531987,2059504,3432500,
594008,66481,256091,148210,2421399,3467710,5813280,
398362,40959,144382,88721,1751044,2454112,4056360,
378188,39439,139036,78252,1453367,2113806,3523020,
56996,5881,20710,7753,844550,803100,1338460,
397038,41384,144945,77913,1535747,2054420,3424060,
402716,41689,147906,91363,1565642,2295855,3826520,
491860,51705,177466,105884,2238680,2890300,4850940,
715708,79468,304073,167807,2755757,3922070,6537200,
193397,17396,49811,17996,1744001,1666683,2743680,
398655,41556,144176,78109,1543381,2085934,3476520,
398497,41466,144165,77999,1547705,2028684,3381140,
350828,38070,133917,86977,2792329,3057399,5129340,
345727,37456,142927,74408,1366642,2077466,3462380,
343528,37692,136256,73186,1356574,2024286,3340260,
486158,40980,215923,145251,1811840,5001318,8335520,
432984,44765,160457,99973,2044653,2804676,4674620,
301407,34782,114552,84412,2293771,2758059,4630760,
786520,81584,290965,152628,3039092,4016494,6694440,
403037,41965,147758,78853,1563091,2095789,3458940,
397701,41292,143381,77814,1539268,2051545,3419260,
597821,65484,244538,144128,2657099,3544952,5908260,
18297,2717,14213,12519,1827586,1586146,2677340,
392701,40479,137153,71407,1487470,1894144,3122640,
427207,43351,152153,89754,2833842,3042745,5071300,
479574,37313,218202,147097,1784657,5350666,8917720,
400984,42084,147861,82744,1580730,2235839,3758380,
8042,1089,4855,2391,15402,42741,37580,
1122173,122254,425187,247373,5199727,8360592,13934460,
441887,47555,159153,87467,2781335,3458346,5763880,
422797,44402,158485,93231,1677800,2435104,4058520,
406264,41977,147221,80861,1576819,2086136,3476880,
40343,3766,16366,6619,190416,535222,835580,
814029,81664,329717,126025,5013389,7944752,12220740,
819227,82331,323414,108733,3388027,6634194,10205160,
862532,87627,342540,130371,3586382,6987375,10751800,
822844,82778,319199,123978,3390782,6496151,9995580,
956476,91227,209495,45226,4847526,5788283,8711300,
1015215,97810,300629,165693,4811489,5582085,9251860,
420929,43552,158688,93176,1639101,2443989,4073220,
1649332,123562,504783,127409,7691125,8512490,14166720,
398102,41285,145943,85084,1545508,2148428,3580620,
62358,6854,13857,8640,613435,730283,1216900,
408917,43077,150039,81821,1591531,2267715,3779580,
442678,46211,151522,81593,8947235,7448636,12448300,
505953,52581,164798,90573,19130339,14814437,24656780,
401113,41650,145532,93742,1558125,2299533,3832560,
73763,9962,24289,16657,348111,737638,1229380,
798091,81288,280981,147635,3099487,4048220,6767040,
454201,48143,175087,100228,2130906,3315992,5496260,
398650,41555,144124,78758,1543790,2110027,3516780,
725562,55314,332081,235739,4450115,9811068,16351840,
65880,7279,30110,14453,285194,603334,1005440,
433706,45027,153393,86746,3395968,3701576,6169200,
398156,41275,143071,77011,1546031,2050170,3417040,
476672,54273,209177,127589,1779231,2786394,4644080,
681548,65800,270264,184926,2588776,5683347,9472220,
74365,7077,22874,8641,672706,685928,1143240,
895525,95607,304495,163609,4278782,5265574,8776080,
398964,41672,142148,76099,1551174,2055425,3425720,
412977,45711,157661,92392,1620173,2657468,4429100,
406598,28794,233761,182652,1460504,5539614,9300060,
287470,26426,98693,56818,1518049,2446423,4017860,
405011,42128,147200,86483,2458339,2803795,4673060,
407491,42569,147689,80492,1582561,2121915,3536500,
348863,36586,125486,71069,1324176,1793422,2989040,
298972,24305,161548,126443,1109826,3360426,5634860,
292367,28462,84497,38321,2776542,2636211,4359380,
795271,81230,279288,147335,3087606,3941161,6568600,
398237,41328,142744,77200,1547096,1997798,3329620,
196853,23061,90817,57525,728179,1103767,1873340,
225831,21050,64058,27576,1302010,1505961,2510020,
397337,41022,141919,75456,1515051,2015023,3324600,
412083,42980,147838,79180,3831605,3778810,6297980,
422442,43341,147995,80280,2356165,2671243,4486120,
7994,876,3265,2504,1012883,793504,1322420,
401206,41616,144819,75802,1537255,2034727,3356920,
641850,71121,250405,141884,2556107,3461674,5769420,
833726,85624,292207,161413,3267577,4295051,7158480,
424233,43432,153355,97670,2651758,3189179,5349260,
24410,2932,12995,7841,1662813,1380870,2267500,
418096,42916,144984,77515,1980746,2376769,3961260,
399686,41592,145075,78391,1553394,2090158,3483560,
405387,42230,148282,86604,2414903,2738640,4564340,
398700,41551,144598,77544,1548185,2032240,3387080,
295,64,379,317,1504,8030,13380,
419504,43211,149330,85044,1987000,2425832,4043060,
407171,42295,146103,79476,2498083,2796211,4660260,
1072339,115227,399924,243175,4604205,7452415,12420680,
397542,40879,143082,77676,1543059,2022798,3371400,
27924,3661,18985,16560,153988,444244,740440,
396982,41633,147118,83974,1535335,2086196,3476980,
449010,46392,154132,84854,2111393,2662687,4437900,
411009,42784,147843,84511,3296884,3404792,5674660,
398628,41379,144946,81024,1547816,2052765,3421260,
26296,2233,6386,4169,701254,563538,939280,
442884,47607,163556,89340,1756124,2648763,4075080,
397479,41174,141880,76008,1542681,2004811,3341320,
809834,82121,284262,149792,3146206,4065781,6776320,
526532,60860,236827,146352,2338803,3792313,6320480,
107960,10738,40388,13563,2275789,2045806,3409680,
447755,47260,166579,95733,2118435,2893445,4822360,
425647,44992,159896,90186,3345807,3629222,6048720,
417976,44230,172429,109824,1652438,2795184,4658720,
374097,38597,135770,76775,2086974,2441023,4068460,
50265,5350,19173,6729,220624,373016,573860,
472496,41002,209896,140957,1771249,4614543,7724760,
990821,57163,597143,475093,3448691,13125427,21841860,
730934,76932,259863,145585,4057889,4850791,8084620,
444464,47970,159949,84752,1748929,2523890,4206460,
85815,10023,31293,16516,387043,673939,1123240,
396239,40650,142020,80276,1531943,1990655,3317820,
430487,44459,154428,85575,2036402,2736467,4560720,
398540,41362,148733,92565,1542988,2178712,3631180,
218477,26017,102120,65361,1718422,2213778,3723740,
213497,20332,75341,34588,886754,1454423,2389920,
397459,41278,143952,78688,1537864,2168788,3614680,
451849,46625,157908,98002,2119382,2795183,4658620,
458866,49766,158517,92637,4621803,4728219,7914240,
521726,54675,201752,107913,2059271,2995643,4992720,
462916,50858,197024,105153,2131485,2802866,4637600,
398442,41358,148274,95627,1542598,2162200,3603680,
411589,42933,153407,93381,3122708,3349460,5582460,
319391,34103,118909,67863,1216762,1755979,2960240,
84906,9415,39251,17732,406511,771472,1286040,
418267,42232,143183,75602,2442830,2642592,4370560,
577360,63957,243510,140598,2204932,3152897,5254820,
408844,42889,156523,100478,1594880,2282274,3803740,
296723,36194,117173,76768,1191362,1993708,3356540,
628189,61295,200526,96308,3123421,3556966,5894640,
401436,41535,142796,75850,1555261,2040254,3400380,
400831,41809,145146,80607,1551475,2148741,3581240,
400426,41537,145138,79989,1556529,2075957,3459860,
122043,11978,34265,23786,844813,1016529,1737580,
298309,31488,116940,63573,1149511,1582975,2603660,
414802,43637,150917,80953,3192200,3437783,5729640,
403736,42152,151391,94435,1566529,2306323,3843940,
634599,69925,247086,149957,2518852,3395949,5659900,
27077,2415,8318,6799,829673,772074,1320600,
802745,82648,286383,150482,3107907,4082486,6770460,
405495,43100,155756,88933,1586383,2326627,3877800,
420983,44190,162754,100125,1634204,2411048,4018540,
426876,44531,150584,88143,1661705,2296405,3827400,
73231,8556,25295,17335,2372568,2084425,3474100,
402791,41974,147082,81083,1559651,2159840,3599700,
432310,44581,152643,82675,3037364,3210390,5350720,
570506,63089,242753,148012,2178490,3123870,5206520,
397925,41096,148179,91197,1544882,2084879,3474760,
286463,34983,117386,76501,1560915,3223481,5372520,
841333,87253,312003,180570,3633756,5281699,8802900,
437744,46238,171136,107385,1761833,2751514,4585800,
590759,60179,211323,127656,2356911,3442067,5736720,
594822,47571,309369,226950,2684331,7438169,12396940,
3905,502,1373,798,16494,60805,101280,
570554,63093,240891,139754,2178503,3147499,5245860,
411090,42980,151153,93072,1611995,2247716,3746280,
423884,43521,154014,93847,2294924,2780333,4633880,
397805,41277,147603,89957,1544342,2085200,3473660,
38142,5319,14563,10903,179387,389674,649460,
979926,103736,380399,217374,3774052,5047764,8415160,
432294,44749,159791,92653,2770468,3179906,5288140,
578681,64018,248783,157990,2209242,3335661,5559340,
582591,47786,328382,251699,2030771,6372590,10654780,
156010,17139,62278,23334,666476,1179235,1931460,
592182,64735,247960,147854,2625663,3495650,5826080,
576070,63691,246639,150270,2209116,3189510,5315820,
700621,46139,389017,306577,3292915,9946199,16610880,
751170,111235,271774,226863,2819911,7007606,11713460,
433343,25724,224088,169420,1598497,5755817,9558920,
879182,85659,318864,184472,4818997,5999561,9965240,
402704,41617,148140,95136,2094087,2559809,4266440,
429422,45338,159962,102379,1687827,2427239,4045420,
304619,28230,152844,128414,1119740,3363548,5639920,
236817,23742,74026,31020,927097,1245426,2041660,
424637,43716,154965,87789,2508404,3050123,5083460,
397967,40720,146381,93110,1544751,2087778,3479620,
960151,92095,402358,318181,3574201,9453548,15784740,
492571,41418,251868,216093,1843360,6528048,10927080,
912683,60973,468311,381095,6229560,13353839,22188980,
1132209,114823,468827,294676,4340715,7296009,12159940,
433632,44796,161447,101259,3077553,3453441,5755780,
535463,55371,200055,139993,2006142,4317579,7195920,
53947,5815,22811,10292,237030,464217,773700,
397812,40972,145452,88447,1544361,2078534,3464240,
431842,44576,156409,96859,2041247,2630261,4383700,
399401,41486,144081,79813,1551759,2083060,3471700,
197372,22997,92124,60056,736371,1238464,2098020,
240538,24641,70118,32157,1283986,1712895,2662940,
738095,75167,311536,115198,3042978,6150071,9476140,
1188276,124528,483289,207245,4803762,9417762,14488020,
867292,86930,331634,125823,4105162,7041866,10829820,
577201,52648,190122,40600,2449238,4378363,6762400,
732465,73115,286338,99635,3045221,5903912,9061340,
1412658,184275,331451,188359,6135492,9150279,14235940,
767040,67876,176531,107289,3439008,3649839,6082020,
1160054,91675,253570,104622,5588029,5657239,9462300,
539886,38985,269145,36129,3815089,4499787,7500040,
416464,43801,134388,71466,1629657,2145299,3541780,
408727,42981,148804,80924,1590731,2296333,3827200,
820167,85105,304710,163996,3197991,4737891,7972440,
430590,44778,164418,99680,2034544,2870850,4733020,
6339,832,3362,3073,546176,502041,870700,
410711,43499,154367,85450,1588764,2334537,3857000,
536583,49364,234016,164778,2058456,5139055,8565000,
424507,43916,151640,89632,2486006,3075813,5107280,
405665,42110,150007,95039,1576129,2169407,3615620,
7840,1308,6874,4273,51105,232519,387600,
487576,38546,217276,145261,1802626,4944246,8240460,
716883,80245,268911,159969,6604355,8168649,13614380,
975560,103304,379493,218879,4243897,5466818,9111360,
454120,47734,173727,108486,2179732,3180451,5300700,
8333,939,2459,998,1150462,843693,1406120,
398214,41631,148747,91128,1541224,2186617,3644280,
401635,40931,147498,90206,1560385,2125331,3542200,
425029,43945,156452,97043,2017328,2721659,4536180,
409559,42983,148054,82174,3553598,3597777,5996280,
36200,2046,16392,12497,483287,1234909,2092300,
673407,41188,363991,277066,4508157,10293614,17121500,
602005,66284,250551,149980,3221485,4068971,6781640,
1117169,125458,348499,224322,4337879,9303425,15560920,
482138,51187,175697,91176,1939591,2850421,4712700,
153469,12237,85808,62262,939748,2340138,3891360,
573963,43311,296723,229277,3748545,7242324,12070540,
407068,42472,151103,94064,1581139,2277672,3796140,
397392,41375,143250,78747,1537701,2036200,3393760,
193664,21234,80048,53064,1103401,1362823,2305120,
805128,23146,571322,498567,2644629,13311282,22185540,
986169,39010,662764,555528,4020597,16029840,26716620,
765798,41520,460718,373407,2646097,9511567,15818700,
710711,63484,291632,184473,2658221,5638292,9464180,
292489,26458,109343,68983,1537218,2598532,4297720,
392239,31688,199402,136063,1439528,3836817,6395100,
472882,42429,207276,136960,2332149,3988622,6613620,
398736,41581,147110,90780,1548410,2123146,3538580,
404565,42755,153294,87455,1577534,2387706,3979480,
34694,3835,21222,14024,527267,852597,1454980,
401469,41909,147980,90515,1550128,2183596,3605700,
467921,50668,170461,109549,2879719,3486533,5810900,
398058,41433,144919,85160,1545751,2088210,3480280,
479081,50901,178324,106494,1825755,2604177,4374060,
327719,32946,116211,50806,1323344,1864940,3074500,
437515,45532,158328,86354,2296694,2853211,4755340,
449559,47803,168850,107487,1748728,2702267,4503900,
425332,45136,174603,110532,1689622,2792086,4653520,
318346,33701,117582,67609,1617362,2017541,3396580,
101757,10190,34646,17769,369156,673733,1088920,
681775,56836,311764,228196,2795494,7953340,13255540,
396648,40957,145162,89527,1533865,2151609,3585980,
397889,41162,146256,88190,1544638,2092609,3487660,
204349,23347,93569,67089,1477169,2073931,3329840,
988171,107736,410236,225604,3768084,5485143,8936060,
595775,59728,207314,117175,2379610,3357739,5596200,
435557,45016,164723,105854,2059146,2777542,4629240,
441186,46708,161607,100424,1749310,2578140,4296860,
18800,2714,13715,11943,915581,884152,1507420,
395893,40969,138283,74381,1459918,1953561,3222120,
397524,41295,146718,89742,1543178,2078578,3464280,
484062,50340,157700,97565,2321623,2862591,4770900,
403735,41865,147042,83677,1797403,2314111,3856860,
0,0,0,0,0,0,0,
892068,94966,310571,176720,3537023,5031810,8386360,
475458,52545,173799,97702,1914802,2936702,4894460,
428169,44649,159658,97085,2832797,3270832,5451420,
397926,40945,147472,94002,1544816,2204841,3674740,
0,0,0,0,0,0,0,
427873,43609,154589,93473,2998058,3300717,5501280,
399395,41732,149012,91998,1554046,2365096,3976060,
518651,46558,220866,149859,1938276,4653631,7721860,
662334,76211,255922,162519,3823379,6306059,10544120,
51936,5341,17994,5841,219531,331976,519560,
821647,84192,296842,173402,3231956,4458432,7430660,
398020,41105,143348,81302,1545407,2072473,3454120,
472955,51021,175811,103529,3526111,4109943,6849760,
344620,32209,152428,102508,1336040,3766496,6311340,
156451,12288,74481,49598,542245,1689578,2781540,
423562,43505,154333,92656,2197226,2770807,4618120,
838637,42823,511110,417502,2913180,12036990,20061500,
490368,43397,226537,159567,1834436,3994112,6656840,
210011,23880,92845,66669,1175672,1607853,2713640,
388840,42485,157738,83776,1483632,2100951,3467820,
807172,82634,289540,152496,3143305,4208763,7014640,
401491,42004,145266,82396,1802673,2405921,4009920,
398238,41602,151512,96053,1541365,2344603,3907680,
115692,12198,39622,27651,465900,666414,1144680,
393076,28015,192160,124064,2673418,5276014,8759240,
576118,64524,240985,138101,2203779,3213920,5356460,
398839,41082,148132,94217,1549088,2199107,3665180,
380548,41564,142978,84457,1490599,2399460,4056800,
88565,9726,38266,18879,790161,994900,1643240,
392105,39607,137545,82708,1436952,1911234,3151700,
799638,80713,282770,161441,3483040,4283296,7138820,
398613,41211,148299,91837,1548408,2078944,3464940,
252660,29828,110745,70954,986748,1687157,2845780,
199720,17848,50634,16981,1130914,1312302,2163000,
411102,42559,145909,78093,3355800,3345996,5561940,
427935,43988,155030,91389,3017877,3259421,5432460,
2583068,292415,572347,417289,12754003,23975198,40025400,
3030812,418333,233463,129683,16420838,16302227,27197420,
2906352,396449,167175,59206,16029343,14644893,24342980,
3117958,425587,246922,112288,16578632,15864747,26441360,
3549252,471657,421055,210892,18815768,19393147,32320400,
2980150,415504,256299,124800,16555755,16119750,25615360,
355733,160419,180894,96212,18595439,18489382,27597400,
975912,235311,424103,235200,22246698,24001373,32571420,
463379,67834,177096,97263,4349111,5911975,7998420,
398342,41215,147882,90979,1542475,2199658,3666060,
401353,41221,145678,82398,1757711,2239377,3732300,
27605,3591,12572,7473,209161,396818,708020,
539883,61192,230317,127983,1957356,2834559,4674600,
606026,65792,249107,147154,3894700,4334566,7224260,
800278,81612,283957,159343,3109683,4074925,6791600,
439177,41560,179372,112385,1670111,3845704,6409500,
5622,916,4284,3859,24628,176304,293860,
397130,41611,142652,75197,1535740,2127828,3546360,
433870,45415,156290,87103,3066786,3706215,6162260,
396941,41049,146511,90252,1535592,2098136,3496960,
401071,41780,149293,91566,1559721,2146535,3577540,
115618,11523,14201,9662,1208817,1087160,1802380,
431787,46514,159277,98228,1698744,2550091,4250160,
403209,41841,146535,83249,1568152,2141933,3602000,
1008740,110456,402307,234057,4635801,6721341,11151320,
404003,41897,149973,92815,1569853,2205379,3675580,
25888,3872,21285,16132,107149,467744,779540,
396638,40813,145473,88741,1533844,2070389,3450720,
420297,42651,150812,92442,1996370,2424672,4041100,
399186,41272,143851,78631,1546003,2059698,3432860,
400769,41327,146261,82569,1756997,2285303,3808840,
11735,1861,10166,6747,54109,210036,350120,
662803,75169,258683,164481,3017593,5747896,9460000,
427813,44007,151661,83616,2017304,2502031,4136120,
894981,98934,368086,221376,6342094,7192263,11910100,
540623,53862,187795,106122,2469746,3102886,5063320,
41143,5842,18403,12811,191157,512131,853640,
409338,42699,148250,96064,3181694,3467185,5778620,
410522,43094,151053,85514,1599128,2242439,3737320,
398946,41303,148001,85615,1546705,2176311,3627200,
344133,35809,127593,79332,1324541,1917286,3195340,
76852,7190,22888,9811,675431,677997,1130020,
404456,42020,147570,83506,2186605,2563399,4272380,
397910,41176,145446,84114,1544742,2078394,3463980,
647105,67720,238279,137126,2491807,3430997,5750700,
353697,38625,144479,80943,1372692,2123202,3538520,
251960,24394,68820,30889,1382492,1751976,2886240,
643522,67435,270479,97667,2624362,5534577,8519200,
861464,87572,349366,131048,4479551,7878959,12118660,
791662,78077,300002,96020,3264882,6137869,9481820,
640137,51651,268104,104045,2703532,6914161,10629320,
792981,78327,293758,99255,3222535,5977528,9163620,
1018589,104349,235210,104053,5313716,5639463,9066460,
756038,65972,170953,100214,3383630,3316489,5519740,
1094599,90498,255048,130863,4927503,5701163,9569220,
1354904,131849,681359,248667,5917651,10934203,18190020,
612573,67617,256480,148171,2713312,3718775,6164120,
403860,42247,150441,94365,1565248,2253034,3755140,
404031,42080,145028,79116,2041949,2440229,4067000,
203375,23879,93241,59246,756413,1258432,2131420,
192595,17794,50371,17324,772785,1001002,1634340,
401719,41478,147796,87099,1560476,2118064,3530200,
423973,43670,151191,85125,2005946,2551180,4251920,
400151,41436,144124,81982,1555340,2060204,3433680,
97221,9318,30554,21651,1671125,1630269,2760500,
713673,73268,262990,145406,2758122,3573383,5921080,
400373,41421,149798,92306,1555913,2151839,3586440,
433793,46245,160948,104758,1708452,2439312,4065500,
399435,40954,145608,91388,1552217,2077104,3461780,
29082,2503,8495,7880,484015,498734,865100,
575635,64179,244737,138302,2644764,3420676,5613540,
421928,43515,147923,91379,1638473,2234020,3723300,
396531,41233,145180,86364,1533193,2066040,3443340,
397711,40930,147800,90905,1543642,2084474,3474160,
21651,1642,3951,3081,447486,344970,574920,
804020,81032,285446,165144,3125668,4097992,6830000,
578362,64096,246732,151745,2718768,3570467,5950840,
396672,41030,144357,79338,1533563,2029600,3382600,
398213,40432,145296,89568,1545494,2059372,3432220,
21732,1549,4098,3078,447881,341189,568620,
400791,41612,142741,77739,1551660,2129775,3549620,
495500,52279,167395,104314,5580043,5378394,8963900,
423276,44927,164172,102073,1694931,2823420,4747500,
406740,43670,155058,95790,1588791,2379191,3976160,
131448,13931,34390,18128,896002,1111895,1819560,
808064,81654,285711,163739,4972802,5397326,8995560,
479945,54110,171010,101815,1911158,2782636,4637880,
419198,42651,146635,81701,1985339,2492859,4154860,
367599,38393,131315,78540,4933144,4489146,7481900,
55332,5626,19503,7130,228642,342535,570920,
436791,44912,156084,91687,3598455,3773663,6289400,
398403,41425,146665,89822,1546810,2219410,3699040,
653620,75920,249606,151812,3014895,6313950,10538860,
285309,32955,126965,73055,1131906,1891803,3181900,
227828,21256,67634,36129,1987889,2226451,3677020,
803158,82996,291162,174204,3118038,4243908,7073180,
421655,44813,155871,92126,1649843,2394561,3990860,
272923,31010,110632,67038,1078987,1661730,2803480,
353309,35960,124292,67014,2891961,3090062,5149920,
265758,27926,82688,40208,1075756,1553590,2555360,
396570,41035,146321,91104,1533735,2081404,3469000,
406682,42084,152190,98162,1578408,2203140,3671900,
191534,20903,80103,59370,1531462,1697687,2737340,
235117,24027,78116,36282,950291,1365579,2151440,
421981,45259,170520,109387,1622196,2820386,4524380,
803028,82819,292692,180061,3118054,4272957,7121660,
437818,45897,163801,103480,2075649,2770559,4617540,
11014,2016,11296,8691,120243,271225,485840,
395568,40422,136720,72626,2592256,2684330,4440200,
397526,40683,146624,95854,1543062,2099425,3499140,
397444,41241,147621,90638,1537171,2088813,3481360,
397912,41330,143292,78513,1545163,2022556,3370940,
0,0,0,0,0,0,0,
423147,43070,153645,101054,2263219,2680111,4466820,
399757,41636,142523,75970,1555088,2057768,3429600,
804071,83337,293484,180659,3122314,4265128,7108660,
462095,50175,169737,112088,1847013,2744403,4573940,
21685,1582,4376,3092,447518,382755,637940,
429360,45321,159512,89508,4355933,4375116,7291880,
397992,41231,145741,90020,1545100,2118054,3530080,
445248,45697,160873,105670,4887560,4651261,7752060,
450047,45898,156903,98524,2110516,2667260,4445440,
0,0,0,0,0,0,0,
401580,41851,149480,91744,1827841,2394940,3991560,
402603,41799,151947,94202,1570245,2226791,3711320,
804718,83365,289875,164405,3126035,4150765,6918100,
405067,42600,158183,97207,1574965,2476547,4127560,
36248,3138,7918,5607,2613416,1914344,3190620,
426871,45318,163509,95094,2224610,2889941,4816640,
437325,45363,159740,96686,2076232,2762947,4604940,
412103,42658,148415,80867,3825099,3792381,6320620,
410398,42894,156116,97623,1603868,2305998,3843240,
76178,7943,13863,9553,721975,776323,1293880,
401881,42000,150340,92751,1760587,2407854,4013020,
405337,42127,150072,91248,1574662,2205474,3675960,
805971,82952,293429,183815,3131227,4229752,7049580,
395416,43677,148218,89953,1569937,2661862,4470120,
84259,7935,27026,12644,1899027,1552461,2553540,
577193,63979,244222,145381,2203874,3186619,5311120,
574673,62904,242883,146433,2207255,3199363,5339460,
499594,56941,223958,140687,1914662,3016066,5038120,
508973,51587,156656,85087,2842593,3350549,5494620,
57279,6099,22767,10408,247372,440934,662320,
570162,62403,239548,137422,2177881,3037738,5062920,
403632,42076,152747,90122,1575714,2213425,3689080,
772670,79636,279692,173134,3358091,4548643,7614920,
351396,39065,136737,76357,1392005,2111608,3519280,
137914,12786,44573,25112,1187522,1340336,2200160,
402419,42338,149593,82004,1559240,2208928,3681600,
398456,41089,146372,90200,1547337,2087013,3478360,
345673,36971,133918,82301,1323165,2095839,3526900,
342322,38782,141887,89208,2484761,3000564,5000900,
473838,54176,170891,102003,2328360,4398806,7331520,
402706,42318,149984,90820,1548354,2250541,3717100,
448305,48797,184144,120973,1788462,3609934,6016440,
831500,87595,311273,193621,4055801,5596816,9361640,
417316,45142,170628,95307,1693634,2585291,4308880,
351134,36171,131021,69420,1299154,1679216,2764960,
397099,40908,146190,89344,1536011,2071656,3452760,
432614,43963,156110,97054,3680721,3703222,6172040,
135300,14926,51474,34963,523774,841533,1436120,
259507,26167,89878,41319,1009354,1323468,2205860,
398473,40510,142619,75381,1540222,1950444,3047760,
418429,42464,146865,81833,1982202,2360200,3933520,
407021,42457,151426,85465,1590892,2265806,3776200,
592013,65835,248883,144912,3594326,4328876,7248660,
487011,52399,166908,101061,1945580,2734203,4523200,
536364,59943,192939,124417,2189934,3372023,5620060,
426280,43556,154288,100364,2012624,2562012,4270020,
397611,41179,146002,90042,1544047,2141468,3569080,
1735,262,1367,1318,8686,34078,56820,
429077,44539,149781,84652,2793178,3055560,5092520,
397966,41135,145347,89077,1545478,2097893,3496480,
570117,63549,244963,148073,2177299,3176629,5294420,
419988,42644,146405,82679,1994882,2365460,3942380,
412478,42892,150488,93247,1611832,2257172,3762000,
406956,42450,147751,79507,2786707,2997666,4996160,
398226,40584,146188,89422,1546282,2130008,3550040,
396692,40750,145706,90160,1534505,2065622,3442720,
397595,41183,147445,90939,1543614,2085401,3475700,
33695,2941,8411,6044,1911132,1456301,2427140,
409498,43526,155185,85859,1594170,2329717,3882940,
479846,41456,217012,157350,1792136,4660586,7767660,
433824,46169,160526,106019,1707912,2546716,4244580,
424267,43735,153849,92427,2017894,2699637,4499440,
628124,65085,284400,190786,2378812,4409756,7349680,
399741,41878,151350,93028,1549533,2291401,3818940,
401991,41643,147386,90916,2067902,2504333,4173840,
397138,40866,144291,83482,1536147,2041358,3402220,
398771,41397,146614,90791,1550083,2158634,3597720,
70555,2837,44844,41034,1177261,2048146,3413640,
396848,41374,142596,78991,1535209,2130250,3550380,
397967,41190,148459,90522,1545367,2205143,3675200,
401025,41451,147417,91318,1552515,2189169,3648560,
367204,38075,131475,75119,1778489,2341690,3936640,
457839,47178,166697,96493,1789734,2421544,4002100,
449134,47629,162307,100420,1757318,2630422,4384060,
402690,41839,145495,79442,1994741,2486278,4143840,
352860,37343,135732,85333,1392965,2097299,3588760,
406905,43214,147579,79551,1579539,2322976,3811520,
108540,10292,37034,19312,989768,1123779,1832280,
459598,48095,148035,82216,1863544,2490235,4150400,
597777,63063,257068,106808,2435017,5171393,7968940,
740608,69706,272263,91819,3035384,5607844,8648380,
919163,96895,396701,176520,4573593,8287481,12749560,
1060365,111002,416328,161273,5393009,9096818,13973940,
839485,85462,330026,117235,3463405,6770724,10422640,
1055952,104523,259232,99646,4694257,5357905,8509440,
436300,41676,121774,82253,1949605,2254035,3666820,
357912,35767,128704,85517,1752314,2658404,4243780,
1463760,102651,416817,74360,6934041,7292689,12120380,
485267,42484,212735,142532,2942078,5640820,9367560,
675734,76540,262795,168716,3091125,5768853,9614800,
165313,18684,71162,47938,617613,1015856,1726820,
296128,30994,107561,54845,1661274,2264525,3774060,
848433,88479,300427,176957,5680719,6342934,10537780,
508571,44574,229433,167234,2264053,5060376,8433900,
408599,42812,152030,95530,1588456,2383084,3971780,
17494,2511,15324,12771,831861,947111,1622280,
390242,40251,135223,70493,1469429,1902114,3159180,
398353,41067,142968,76494,1544650,2031067,3351900,
419977,43111,144717,79732,1625013,2242868,3738120,
424688,43866,151887,83299,2014533,2620234,4367040,
5743,778,2856,1720,25567,89199,148680,
412322,43182,151650,81521,2949895,3218001,5363320,
979503,104146,387930,234707,3782209,5313720,8856020,
415812,41308,161569,96017,1599265,2983906,5007240,
462981,41413,202634,142298,1737385,3452457,5720020,
37900,3817,13917,9417,1742732,1470572,2450940,
396982,40806,146315,89839,1537010,2115582,3525900,
426787,44933,163244,92878,1664683,2481487,4135760,
446475,47843,168969,105624,1765990,2692554,4487600,
425783,43958,150860,86808,2535911,2934394,4890680,
8034,1017,4442,3738,31319,92815,154640,
396255,40913,143884,80295,1532513,2074245,3457020,
804002,82015,294891,185504,3127602,4251339,7085500,
420128,42756,150466,84442,1990095,2491550,4152580,
397687,40963,146639,87682,1543951,2071863,3453120,
5400,879,5504,4352,28056,162679,271160,
405648,42622,151423,91883,2221011,2828512,4714240,
425366,44268,167946,104175,1694582,2567011,4278460,
396261,40706,146158,92829,1532222,2078884,3464840,
431723,44065,155024,95941,3558000,3797264,6328800,
0,0,0,0,0,0,0,
402046,41497,150520,84310,1562364,2180863,3634700,
804876,82791,294392,181907,3133896,4375138,7291940,
456696,47306,161552,90717,2827644,3569103,5948560,
345688,36041,127309,76885,1335732,1908080,3214020,
148044,18215,46477,23775,657430,1129581,1848540,
396834,41054,143166,81406,1534942,2032218,3387040,
436153,45264,158813,89716,2268297,2809035,4681900,
421852,44599,164617,105296,1638904,2498862,4164860,
341877,35731,122324,70065,1314958,1809652,3016100,
55026,5597,19937,7145,227518,330940,551500,
420061,45479,171993,100205,1628902,2781781,4636240,
1010883,101341,347432,189716,4361062,5676330,9460480,
411172,43302,161309,107081,1601899,2410806,4017940,
356532,42699,152376,97229,1887336,2587984,4375720,
218352,25243,94174,39789,830501,1324779,2145960,
406396,41830,149816,91096,1581863,2227553,3712560,
401415,41139,146327,89481,1559633,2117502,3529160,
441200,49558,143167,78829,3769567,4445227,7442360,
294057,36129,130326,72424,2048480,2593013,4338260,
188508,19005,57614,19761,1720149,1872090,3070520,
608908,68244,258277,159767,2360010,3494530,5824200,
1297842,138979,506709,289160,5031222,6977005,11556740,
441378,49731,167222,82244,1685729,2627333,4085140,
234507,26084,93846,55939,1942381,2304398,3859960,
243058,26631,82974,32177,913113,1305461,2113960,
397421,41113,147286,89920,1538607,2090770,3484620,
442838,41537,184877,124482,1685272,3887543,6479180,
330416,38541,124614,69153,1671089,2434074,4110020,
424936,53397,178656,101245,4361047,6290008,10488600,
385975,39855,134756,80410,1384527,2080449,3411100,
475799,53178,193703,122179,4139360,5857289,9762180,
802045,81099,285806,162302,3124462,4096123,6826900,
237284,29154,108242,69049,1613649,2157423,3638920,
190043,19685,55691,16673,753189,1077565,1749780,
435861,46866,160884,97234,1722906,2566163,4276940,
430783,45852,158214,84495,3576648,4594583,7657680,
406484,42029,149478,92582,1578012,2168229,3613760,
33842,5262,22802,14937,251124,610069,1066240,
396999,40768,142453,85915,2038467,2446467,4029580,
397448,40833,145720,88545,1542859,2079213,3465300,
410905,42563,149490,80103,1593533,2146661,3577740,
804710,81178,287543,158691,3139710,4086083,6810100,
23405,2045,6587,4988,455664,406935,678180,
458855,49522,156548,84849,4275637,4760935,7934900,
532604,63115,192525,115883,3035253,4039996,6636460,
407236,42605,152585,94575,1584165,2399853,3958020,
419448,43862,160449,99352,1627087,2395809,3930860,
0,0,0,0,0,0,0,
419336,42755,153235,98409,1986342,2530531,4217420,
400043,40969,143387,77511,1557029,2037704,3396140,
408079,42319,148111,83214,3079854,3191292,5318900,
799410,79913,279444,150085,3110599,3887631,6479380,
70087,9119,21845,16921,310156,656442,1094080,
426788,43524,153752,96114,2927287,3213618,5356080,
406803,41881,150966,91372,1579519,2153373,3588940,
396461,40750,148797,97241,1533213,2097120,3495140,
419857,42389,149345,90353,1993688,2410231,4017040,
0,0,0,0,0,0,0,
404161,41696,151615,92920,1587858,2256642,3761080,
400679,41538,148279,90509,1862340,2338530,3897500,
378101,42579,160251,98601,1477563,2645126,4442460,
845290,84212,299111,164546,3283596,4267175,7077940,
43096,4800,20241,14750,1276981,1221829,2036360,
396280,40832,146213,93490,1532780,2103950,3506580,
398213,40783,145167,88341,1546421,2060233,3433700,
366657,40955,136014,73992,1756376,2346083,3943940,
449617,46052,161679,85883,1771257,2336107,3859820,
1830,276,1440,1343,9042,34837,58060,
413090,42322,151327,92261,3217569,3353170,5588620,
397089,40806,144743,88498,1541240,2102861,3504780,
404050,49360,154230,88317,1595700,2643188,4405320,
795467,84312,285264,152043,5184770,5811835,9733880,
106493,10573,38860,13560,459632,685588,1093920,
423915,42298,154783,97288,2002072,2885270,4842980,
495661,43832,227651,163284,1878895,4664520,7740360,
287339,35821,136307,81198,1408350,2650818,4468820,
525565,54414,187980,102356,2010202,2877524,4747600,
105552,11658,14178,8288,503469,605847,1009660,
396982,40814,145712,86773,1535865,2113154,3521880,
424420,43233,151978,93890,2331299,2737007,4561680,
200937,25467,94437,58516,750328,1291656,2199380,
753623,84575,291191,152920,2948406,4474958,7470600,
455552,47287,170482,86155,3706802,3908795,6458560,
397346,41011,143938,78413,1537151,2075848,3459720,
654410,63293,310699,209277,2441450,5406651,9011160,
87518,10370,30701,20961,840474,1150076,1965680,
717690,79453,268436,145774,2655210,3891533,6468380,
65441,7284,30002,14670,288260,557724,895960,
685231,77967,267430,173734,3486394,5941707,9902760,
401199,41254,147241,89329,1543226,2084639,3474380,
29498,3741,17179,12976,157553,403926,673160,
774327,85862,300356,180878,3737270,5100125,8562540,
624061,65776,234903,113396,2411739,3286761,5415640,
396209,40523,141272,76642,1531895,1992423,3320660,
485793,41911,217323,156809,1816044,4493053,7488420,
24329,2074,7400,6030,461461,475072,791780,
640359,72121,259489,152443,2975422,4302271,7220420,
162499,16988,49434,13734,598623,985713,1591880,
397429,41157,146461,87695,1539708,2090727,3484620,
399210,41051,143647,81570,1551130,2022923,3371580,
27462,2424,7164,5052,856441,696292,1160440,
592549,65377,234893,145283,2361687,3665192,6170100,
676914,70898,227781,109319,2606191,3534179,5828940,
417857,42278,149882,95120,1979611,2437113,4061820,
482190,41374,215666,148815,1802927,4271462,7119040,
6833,772,2384,1414,890904,670032,1116740,
409788,43588,156265,89508,1704917,2488328,4201480,
384466,39900,137635,77300,1376555,1927352,3160740,
435075,44345,156611,99617,4096251,4024764,6707920,
421385,44079,160629,96777,1641900,2402257,4003840,
54636,6981,32506,26558,1041627,1481284,2468840,
760096,80628,302856,180127,2979911,4365388,7275800,
814066,83499,298531,172890,3178721,4552895,7622040,
537550,49839,222942,122002,2114084,4606380,7208840,
1064463,105193,412963,170174,5093667,7590669,11681360,
471858,40038,163154,17904,2057999,3677217,5656960,
1128510,115795,420399,168883,4631480,7384173,11356940,
881827,82850,305492,94975,3643214,5732754,8816360,
908112,86923,234069,116727,4341463,4988798,8012420,
737522,66048,176485,113366,3298375,3466928,5778220,
647692,41030,84007,22388,12418620,9200708,15368100,
1078970,91200,443213,116991,6518400,7868368,13075360,
801275,80732,286429,163438,3119079,4105355,6842320,
399337,41345,148010,91273,1546240,2120246,3533860,
486247,51024,162805,98861,1957666,2702027,4503360,
292,67,380,380,1531,16129,26900,
468666,49906,165516,90658,2211573,2928558,4881000,
451436,46082,152974,83447,5559723,5019079,8365160,
396643,40931,146677,92698,1533946,2164131,3606940,
398097,40416,143809,79544,1546411,2027568,3379280,
0,0,0,0,0,0,0,
420733,43197,148001,81512,1994179,2422428,4037320,
804745,81364,282901,150116,3328835,4139918,6899780,
384239,45903,146179,78939,1495230,2383823,3973060,
449809,46207,169209,116140,1770462,2505347,4175660,
7390,837,4154,2613,28570,81470,135780,
437366,45288,155614,86143,4001084,3947496,6579140,
470274,48939,160094,95718,1917329,2602966,4338300,
323639,38490,126557,70543,1648918,2332087,3931640,
501490,51842,183139,103337,1912701,2748715,4534560,
8747,1227,6617,5519,187420,312187,520220,
405260,42437,153135,93160,1575860,2291111,3818580,
801039,80516,283698,162867,3118620,4001803,6669640,
247851,31257,112198,67387,1348343,1989242,3365840,
586682,59902,201446,103550,2257372,3168518,5233040,
12231,1345,4246,2623,1506365,1122842,1873260,
403435,42029,151059,88466,1562497,2258797,3747920,
423627,44782,161664,90514,1650952,2418915,4031380,
386631,44547,147107,110451,2335727,4255943,7155380,
711999,77083,264581,139313,3654841,5104949,8445580,
26199,3491,16852,14310,144282,406064,676740,
434833,46161,159401,97195,1713784,2457194,4095340,
850604,86263,293219,163388,3677837,4582658,7637720,
39323,5351,21221,14570,795741,951348,1633360,
765958,79811,276585,152719,2860508,3882106,6424020,
0,0,0,0,0,0,0,
397515,41128,145855,89522,1538239,2084009,3473320,
419447,42795,146751,80552,1992296,2377392,3962300,
9888,1170,3841,2687,1109101,841187,1402020,
747229,80076,283949,168385,2914816,4243635,7106260,
70697,8416,37429,21157,258441,862073,1403240,
401336,41589,150972,93272,1559364,2253639,3756020,
840836,85658,301953,175606,4334559,5207622,8679320,
0,0,0,0,0,0,0,
742871,80388,280332,160688,2853693,4106500,6876800,
73609,6519,24378,13125,675807,711469,1151240,
403440,42711,147940,81598,1756635,2501511,4169180,
397835,41116,143165,77005,1545500,2015924,3359860,
39396,5454,14728,10310,184536,362246,603720,
704272,77235,268111,156805,3118581,4235614,7109860,
117788,12645,41576,13823,422763,807666,1294280,
403161,41886,148978,91916,2086245,2530186,4217040,
800542,80226,283346,157122,3116254,3966196,6610420,
7810,901,2683,1421,32999,98152,163580,
600698,65345,234795,138076,2730673,3743348,6286420,
219047,23367,66997,22295,826330,1203575,1959400,
409659,42420,150938,91083,2822099,3094080,5156820,
442335,45912,153046,81696,1729073,2308260,3847080,
0,0,0,0,0,0,0,
493527,49302,167693,106340,2316897,3043355,5135480,
326583,36920,128480,62704,1221586,1687719,2750040,
414670,42825,154806,88003,3088997,3374839,5624760,
976660,102794,379188,210133,3772847,4997364,8328940,
0,0,0,0,0,0,0,
676246,75589,267318,165032,3028832,4176852,7005840,
398905,42784,144468,76089,1543316,2127341,3498340,
410084,42788,152939,89452,2074421,2570801,4284680,
409902,42898,154720,88383,1600398,2231814,3719680,
0,0,0,0,0,0,0,
419361,42853,149078,84839,1986318,2384762,3974600,
402479,41844,146745,78312,2067209,2504976,4175020,
397919,41612,148297,91337,1812856,2368995,3948240,
802827,79420,281095,153358,3118910,3927476,6545780,
0,0,0,0,0,0,0,
441760,46023,174285,109013,2111876,3053086,5088500,
501506,43782,228963,152452,3007150,5930479,9884160,
349942,40321,135206,77374,1328839,2271161,3801640,
685745,73584,265149,157414,2743219,3770466,6264140,
21745,1728,4574,2339,447826,375243,625440,
397871,41023,146765,89539,1539053,2116869,3528140,
402901,41178,145659,78622,1824313,2247050,3745000,
388196,46643,152781,87564,1512520,2562996,4271620,
880683,88521,307692,169926,3454044,4566280,7610480,
50053,6211,31761,23787,599089,1086952,1811640,
571403,63002,238938,135384,2183337,3116932,5194860,
664958,62514,322287,211116,3538673,6569786,10949700,
275543,33352,116292,64172,1095960,1795966,3041060,
532524,54863,191181,104624,2190459,3083667,5089020,
295152,36332,122709,81310,2887892,4273211,7121980,
401351,42166,146940,80171,1553350,2376902,3961540,
447407,48998,188006,123006,1782583,3199871,5333120,
447468,50293,182852,110073,2446856,3704461,6032380,
905292,97363,323312,162732,3497665,5076040,8175360,
97266,9156,31398,9960,428711,564658,854640,
456628,48321,165432,102744,2161709,2924380,4873900,
398463,41142,146193,89919,1547758,2103668,3506140,
148812,17748,60548,41322,1340431,1662893,2833660,
662853,69880,239333,119188,2535939,3363668,5543720,
5300,847,3555,2545,22839,130593,217640,
419116,43058,152824,90567,1985109,2493925,4156500,
405270,41404,148284,91647,2530140,2796425,4660760,
8036,1400,9717,7681,339847,528164,941180,
946552,104878,366223,204439,3588128,5175517,8617800,
271610,26219,77595,22294,1478893,1701653,2785940,
571974,63093,243957,149250,2227312,3174284,5290540,
406781,41669,145278,78556,2816488,2945685,4909420,
0,0,0,0,0,0,0,
768927,84090,282593,162910,2956365,4287872,7146360,
250725,9801,172212,145617,1225583,5067538,8445900,
410605,42309,149232,90746,3526298,3650788,6084640,
429826,43591,154234,95705,2525154,2885057,4808320,
37583,5112,14605,10436,175971,387871,646420,
712814,78203,268035,144987,2770504,4081103,6605400,
508798,50544,173506,85092,2350606,2864488,4659540,
410448,42612,149403,81544,3227839,3319779,5533020,
397923,40842,144429,88958,1544973,2065901,3443120,
0,0,0,0,0,0,0,
664043,73548,262492,158724,2981334,4289346,7199340,
587590,39357,363285,278689,2887467,8058543,13380820,
400538,41442,146559,86379,1552651,2224393,3707380,
402198,40876,144496,81716,1563812,2077661,3462740,
30472,2870,10918,8147,490045,535675,892740,
558251,60754,219404,139732,2773138,3749442,6310820,
663875,68134,230430,110636,2557487,3413618,5627680,
397380,41018,146300,85087,1537299,2059451,3432420,
482014,52760,176386,104472,2690503,3592958,5988280,
38062,5305,15295,11245,178089,407296,678800,
814202,94947,335179,196294,3202647,4775988,8022140,
241869,26518,79778,29535,909102,1291272,2089780,
443633,46620,169187,103262,2086604,2852561,4754180,
412008,42226,150594,90596,3386842,3446757,5744540,
0,0,0,0,0,0,0,
477830,50578,171558,102338,2932414,3567307,5996480,
772662,79066,270435,144973,2899851,3744591,6191220,
396739,40798,145489,89252,1534777,2062329,3437240,
603759,65342,246898,143043,3716354,4146958,6911780,
0,0,0,0,0,0,0,
458149,47394,150311,90478,1854544,2377654,3962660,
399011,41488,145970,84603,1550622,2175495,3625800,
379836,39160,136418,79187,2942648,3051975,5120780,
990294,138233,334289,241355,3821943,8243799,13705560,
40900,5736,20940,14593,194453,548975,914980,
420431,43105,149590,89792,1991568,2615262,4358860,
809914,82153,287052,162559,3159275,4341139,7235240,
442707,39371,208559,143833,3133240,5393060,8988480,
450956,45928,163228,83760,1771013,2355630,3926120,
0,0,0,0,0,0,0,
424304,43500,153275,85137,2008519,2555426,4259040,
974568,102718,356736,176883,6214934,9826086,16011900,
834520,83263,308756,93688,3449021,6125159,9421100,
1050781,92113,414205,190938,4654105,9774188,15036000,
477731,42405,159763,19710,2073122,3427078,5276020,
1060533,107980,324332,109831,5957440,8381629,12916680,
1073462,107551,320748,168262,4286328,5400997,8828860,
697638,65900,160437,83056,3189112,3764787,6210140,
1297177,103698,325270,133945,6193736,7029874,11662040,
472885,32069,235779,23300,3638993,3887394,6455080,
491770,52475,163805,90114,1922879,2957713,4921300,
578263,64245,243629,147177,2219839,3246163,5410180,
253199,31345,114541,68772,1369253,2010884,3402900,
579473,62724,201739,96470,3438809,4794811,7941820,
5295,844,6314,4466,27930,182993,305000,
399551,41508,148617,90340,1547288,2192023,3653360,
1148739,123358,472284,275129,4408565,5955877,9926460,
89498,7558,20646,12292,1613843,1507953,2507080,
732143,79204,273531,145844,2813404,3783385,6099240,
412613,85456,82500,75992,1638084,3628520,6047540,
418448,44251,149175,92345,1982304,2909618,4849480,
427302,44591,159126,85756,3412776,3704156,6173580,
0,0,0,0,0,0,1820,
769247,86661,285619,151404,3330305,4981938,8325340,
87031,9972,32999,16958,379264,659748,1057800,
582421,64501,245693,149897,3557916,4198877,6998080,
803825,81222,284965,160386,3126412,3959535,6599220,
4923,668,2203,1962,22119,80685,134440,
734301,83877,280695,154556,4858934,6168053,10326860,
178584,11137,111836,82081,598411,3072807,5089820,
401521,41708,148996,90976,1555212,2214508,3690960,
420557,44077,147379,82425,1997126,2763272,4655900,
11606,1580,6439,5462,703147,628740,1013320,
583688,64778,232347,135357,2548064,3515752,5904740,
215644,22185,66975,23646,836205,1275220,2077400,
447430,47547,157120,87085,1747677,2482297,4137100,
824008,83763,293448,165359,3576801,4761992,7936660,
0,0,0,0,0,0,0,
444270,45233,158152,86747,1799119,2509286,4231440,
394586,47899,153900,80902,2634252,3528196,5821800,
396219,40806,146159,89436,1532024,2072566,3454300,
404389,41910,145912,80275,1569755,2054025,3423300,
21746,1673,3726,2345,447756,338894,564800,
818268,63519,459712,351121,2940182,8781171,14679960,
623663,66522,236087,132042,3267194,4893795,8112580,
818156,129796,235968,164436,3240594,5683353,9506100,
832407,82837,309039,177329,3222755,4597626,7628580,
0,0,0,0,0,0,0,
430139,46270,160810,87263,3407643,4485260,7475480,
398362,40866,146933,85361,1547172,2155515,3592520,
458639,47388,151003,93840,1857652,2371816,3952960,
419845,42445,150244,92230,1994144,2430597,4050940,
3903,491,1435,1179,16493,52777,87960,
400260,41486,146201,79808,1552671,2080497,3467400,
408480,43051,152259,85722,2125103,2788724,4647960,
474956,50725,185410,120198,1884807,3812457,6388060,
877589,83559,340035,208806,3360598,5431681,9018800,
38136,3635,12270,8210,1406599,1177761,1962940,
396899,40895,145827,89924,1535122,2090090,3483460,
398746,41145,144934,84993,1549144,2038653,3397740,
390094,43725,139070,75875,1846334,2478003,4130600,
817841,93545,302089,182951,3722416,6764718,11259660,
241063,10400,178541,156176,839056,5281035,8801880,
428715,45704,163608,89496,2305211,3161925,5269820,
398435,41358,147514,90605,1547573,2163205,3605320,
321087,38183,126011,68722,1223674,2027854,3426180,
897121,91539,320878,175813,3878265,5039596,8351680,
1853,275,1365,1306,9167,35033,58360,
404113,41386,145410,79908,2515289,2733053,4555140,
398235,41208,146310,86295,1548092,2077941,3463240,
174444,21610,83217,53666,705342,1166103,1990040,
652632,67722,229249,127211,2881380,3929052,6503720,
468599,23258,311117,282671,1599779,8163545,13605940,
398835,41482,148062,91068,1545113,2253239,3755440,
420267,43963,157091,93809,3116436,3449082,5748480,
6692,1571,11077,7937,65906,319349,586120,
1326303,147491,508672,279660,5127443,7492496,12478780,
584932,51782,214042,84710,3281399,4932659,8186540,
1170656,109449,512841,328950,5688706,9551990,15920020,
1516070,155196,306338,241025,6342613,10840520,18085180,
1745,312,1723,1494,8087,40461,67000,
792282,82576,291316,166471,3083762,4478139,7463460,
8106,894,4282,3243,21333,111328,185560,
423145,43167,152077,95114,2011163,2618150,4378280,
423622,44738,164696,96092,1639834,2469153,4083780,
39413,4839,11664,9324,1183296,1136772,1894700,
845001,91613,314062,186112,3291402,4824885,8103260,
348713,35275,126313,64560,1345281,1810880,2955400,
457221,47973,164014,101681,2164644,2807547,4679280,
399694,41429,147851,90615,1553962,2127120,3545180,
18345,2115,7586,4124,1618936,1239493,2065780,
891510,100947,364437,204672,3412952,5126033,8588980,
78765,9456,33235,11498,322331,621563,990900,
430323,43922,151655,86068,3384529,3448129,5746940,
426223,45695,170929,94337,1665780,2843715,4739520,
1714,411,2765,2298,8231,73519,122560,
784369,89042,343846,213887,3403063,4877136,8172160,
615726,61924,200396,92042,2382969,3022956,4995340,
406872,42228,147655,84609,2649005,2889140,4815260,
398656,40227,146501,89216,1548571,2053521,3422540,
0,0,0,0,0,0,0,
420097,42803,151810,85001,2018630,2517555,4241820,
571772,64463,239796,132310,2161853,3057815,5050400,
431236,45928,160001,98039,1698116,2401198,4001980,
407030,41942,146557,84358,2551622,2805975,4676600,
9130,1328,7283,5460,36900,157579,262660,
400308,41240,147897,90374,1549706,2124420,3540720,
827179,83087,293774,164057,3590940,4571098,7618480,
398341,41075,143863,78184,1542486,2056230,3427100,
409862,42511,149063,87464,3109538,3233578,5389340,
83339,8645,5535,4690,405775,378303,630420,
402816,42169,149043,86108,1561728,2193595,3655920,
429344,43751,155813,96101,2290442,2806973,4678300,
437643,41126,181892,124268,1657498,3919272,6532220,
404590,41604,151268,85544,1580061,2210440,3684140,
23471,2043,7122,5722,456170,467583,779360,
400271,41092,146252,89942,1549139,2150946,3584860,
814674,82490,286833,162656,5026767,5432568,9043400,
347030,38982,135069,75648,1354157,2026768,3395800,
477943,47949,167327,97169,3093357,3362984,5571140,
41113,5608,15729,11241,191662,407654,679400,
675123,76871,263607,163000,3072328,5763490,9637940,
842794,45051,513435,427690,3268983,11567133,19244780,
381580,45537,151528,84602,3181229,3944203,6573480,
453826,46681,165372,90404,1776455,2437508,4055820,
23484,2143,7361,4963,456022,467960,779940,
435903,45050,155524,95049,7543114,6466141,10776920,
800850,80595,285854,162494,3123489,4072619,6787720,
341717,32630,191365,141674,3123482,5701565,9582700,
699199,77236,272795,146601,2656876,4035236,6678400,
51342,4996,15841,3258,188072,234519,357100,
418958,42779,150591,87599,1985256,2457539,4095840,
400993,41592,143712,77472,2016874,2398393,3999820,
225020,28993,107956,64323,888199,1563417,2655000,
527838,58263,189434,89100,2005143,3105367,5159040,
102101,11561,34145,14913,436916,789264,1281500,
512763,55530,177372,111937,2427716,3364272,5607000,
806255,82903,291751,174045,3138918,4232128,7053480,
77607,4456,64530,56654,793802,2579985,4385880,
718490,76810,278822,156794,2647318,4339121,7191900,
84002,9367,35375,12409,329755,620286,988840,
423425,43202,154180,94698,2252169,2727682,4546180,
397785,41178,145720,83457,1544859,2038963,3398300,
0,0,0,236,5474,51102,129640,
844671,93602,331385,186678,4031915,6044828,10071620,
194367,19998,58853,20035,772347,1206107,1913200,
408003,42697,154461,94687,1583823,2217361,3668420,
1197404,130632,502076,306674,4967178,6961291,11602160,
56767,8533,15057,11084,300579,564423,940700,
533641,57572,202102,125207,2106939,3137790,5292180,
302491,34529,109888,50030,1464738,2002984,3275520,
570966,63108,240039,138305,2181294,3059738,5099540,
409892,42308,152933,100116,1592449,2235449,3725720,
21749,1807,4866,2509,447879,384292,640520,
415206,43558,153887,88312,3801578,3919896,6617440,
403688,43393,149888,78090,1543889,2230363,3651960,
715560,68062,266588,108929,3295358,5413559,8344820,
1259944,121262,452726,189613,5118352,7912295,12172540,
483767,42530,162214,21479,3088079,4320681,6652780,
875119,82722,299648,93990,3612541,5662223,8706280,
1312669,129476,339804,114817,5836504,7155946,10998680,
509260,50868,154398,93533,2533452,3128087,5247340,
665421,58676,165830,96748,2828129,2945775,4849600,
1260123,83038,365510,50151,7669998,7508604,12514260,
398453,42186,147477,83482,1543326,2365323,3942200,
401111,41590,146035,79076,1559378,2097432,3495680,
403727,41724,147694,83580,1561376,2115214,3525500,
835659,84801,298738,171964,4605222,5349892,8916360,
39798,5460,14551,9763,187699,391672,652860,
571038,63424,242843,137420,2198376,3112353,5187260,
508348,48208,184138,114039,2006097,4011274,6685400,
430770,44846,162299,105767,2038654,2817707,4696160,
493609,43197,220662,155690,2950152,4925704,8209460,
0,0,0,0,0,0,0,
399790,41598,147797,80981,1551042,2173810,3623000,
404200,42397,150188,82688,1577603,2202856,3671480,
418485,42811,147153,79524,1982573,2419368,4032320,
805466,82761,288690,164016,3135421,4097309,6828820,
25712,3248,15179,10141,884010,865080,1441800,
398725,41095,147030,85142,1543874,2132203,3553700,
397529,40958,145769,88912,1543462,2062001,3436580,
726294,84713,276315,162594,3316176,6209471,10349080,
404564,40773,145775,83995,1559897,2121809,3551460,
156342,20753,50286,30576,1086845,1561922,2599160,
411449,43154,153945,90900,2583072,3121288,5202120,
451671,47677,168568,108134,1763415,2750692,4584460,
345492,39203,132315,72123,1319753,2016382,3394360,
856515,88303,314490,182158,3345390,4511083,7505720,
21736,1733,4658,2195,447814,385336,621120,
407906,42564,149391,86977,2592657,2876521,4794300,
572161,62920,238769,134767,2193732,3026152,5043600,
341576,40050,131478,70672,1307147,2035481,3392440,
582075,65957,254658,153718,2271887,3452643,5788060,
80491,7266,24037,7359,1656298,1408684,2314160,
420670,45300,170312,106460,1632103,2814809,4691260,
411805,43367,158701,99381,1614166,2461118,4101820,
250791,32044,119509,70947,1008408,1818233,3081160,
943964,98587,337455,179528,4040378,5481482,9117940,
76847,8565,27051,13953,292339,557032,894640,
399588,41255,147184,90048,1845574,2328365,3880640,
404504,41560,147435,88755,1570668,2083236,3472080,
138223,16842,58896,39633,575744,984749,1703460,
601474,67570,222020,105855,2270857,3302465,5475260,
82476,7763,27402,11799,1501257,1334008,2189660,
397356,40965,146411,88015,1537176,2095110,3491860,
399276,40589,148434,91102,1551809,2119341,3532260,
0,0,2,594,6341,64043,154440,
1178354,128461,433272,241864,4915363,6819773,11318200,
55382,5284,20276,8677,873484,861374,1472380,
406749,42437,147631,80386,1916343,2369037,3914460,
594934,65107,241986,141736,2281368,3160920,5268240,
3905,498,1463,1226,16504,45541,75920,
647430,72805,257385,142940,2898659,4068718,6831140,
169813,16925,50058,13978,631457,925550,1490680,
463591,49834,169286,109222,2616277,3293170,5488540,
404412,42444,152543,88414,1578225,2274348,3790580,
7390,917,4319,2664,28570,84279,140480,
942476,99258,349184,208514,3705467,5119937,8595680,
278270,29526,94602,39110,1400066,1668537,2718440,
410676,42702,150825,90335,3287200,3404845,5674700,
426015,43461,155698,94938,2480614,2854217,4757000,
11946,1921,10257,6740,54844,200344,333840,
439620,45797,157250,84450,1784355,2483795,4188520,
351412,38601,131585,67943,1295111,1728304,2827220,
590962,64740,250724,152457,2620867,3543403,5905640,
415240,42316,153482,94746,3648495,3680810,6134680,
0,0,0,0,0,0,0,
833106,86746,296968,163162,4113366,5153109,8588460,
575125,64004,245544,137921,2209094,3260323,5433840,
545866,50192,256127,179427,2114484,5608432,9347480,
456730,46371,148649,91674,1860392,2357201,3928700,
43016,4175,14334,10925,1830181,1456430,2427300,
397645,40950,142399,78292,1538449,2046451,3410780,
397503,40813,141858,75070,1543426,1977368,3295640,
396842,41146,144913,82232,1535173,2031088,3385200,
462527,47998,163593,92444,2840072,3364918,5608220,
0,0,0,0,0,0,0,
803812,82706,291950,172168,3122804,4213494,7022360,
572190,62762,240163,137769,2193537,3023603,5039340,
500456,43005,219056,147698,2234643,4709259,7855200,
405530,41287,145867,83262,2212984,2570090,4283520,
271197,34773,114451,78213,1507603,3314926,5558720,
403207,41849,149208,90076,1550404,2249013,3714520,
425026,44439,162781,101635,1694593,2477585,4129300,
534175,57527,196887,105840,2476647,3894294,6524560,
497788,50517,183376,103278,3141160,3583008,5937620,
52539,7524,26378,18547,245097,604824,1008100,
803238,81021,285364,159266,3120450,4050663,6751260,
405192,41669,147689,86063,1572934,2092712,3487800,
398250,46982,156691,89957,2599471,3343379,5572360,
449403,45755,165040,95894,1770730,2389160,3981960,
0,0,0,0,0,0,0,
396564,40814,146238,89410,1533749,2060681,3434420,
420295,43695,153933,83465,1997130,2590802,4318000,
212275,26811,99917,62105,796445,1421006,2413860,
614134,64485,217259,107361,3246103,4201504,6955060,
0,0,0,0,0,0,0,
795423,80002,279312,154835,3088650,3882398,6470680,
426674,44555,155283,84085,3052563,3418539,5731520,
110925,12538,37673,26616,1300224,1424066,2403340,
704866,74651,259312,128906,2689958,3644052,6010800,
30081,3267,5230,2665,123359,181552,302700,
469979,50849,165007,100140,1880646,2704049,4506820,
693815,79881,274821,158146,4169963,5563041,9271780,
8485,1110,5817,4741,41693,191683,366180,
848877,90217,313542,180805,3317067,4769066,7903060,
0,0,0,0,0,0,0,
831103,84040,289234,154306,4819778,5269850,8783140,
398400,41375,144939,83350,1548504,2060346,3433940,
0,0,0,0,0,0,0,
743744,80843,277751,151194,2893599,4111918,6886840,
167655,8890,101935,81867,939853,3366164,5576420,
401827,41515,149681,92738,1565042,2316254,3860440,
410654,42626,146801,80096,2324792,2647927,4413340,
0,0,0,0,0,0,0,
923368,104266,378684,211161,3534788,5287246,8845980,
52162,5252,18995,6980,225324,312053,486200,
837667,86188,297301,163659,3284212,4323093,7205160,
436202,45337,154848,85979,3479306,3612468,6020920,
12903,1724,7083,5061,52198,187435,312360,
742137,81152,276875,159278,2848808,4114966,6858240,
51917,5241,18305,6391,228448,333858,556440,
431999,45208,152120,83616,3506586,3796581,6327680,
397573,41067,144846,88599,1543795,2078180,3463580,
41173,177,36007,34177,124462,1397514,2329180,
658750,74695,260117,149567,2586670,4010114,6732380,
191988,18538,52989,16175,1081997,1273768,2072960,
821847,84054,300964,174297,3196353,4370802,7284680,
399676,40704,143409,77307,1554162,2009789,3349700,
11499,1232,3389,2386,1672722,1216060,2026780,
653516,72218,237106,137677,2592051,3554663,5972100,
200674,21003,62335,20344,807959,1165305,1892360,
593134,65269,247798,146645,2631873,3487877,5813120,
399702,40742,145420,88263,1553739,2060768,3434620,
63642,9562,40528,33468,762989,1464352,2440560,
402819,42014,153481,95623,1566429,2340878,3901440,
416716,43926,156257,84796,1627104,2289983,3816680,
830116,77334,343359,224674,3146963,6363911,10640220,
449468,45022,159527,84486,1746735,2234290,3689860,
31358,2878,9417,7831,852092,780629,1301020,
396747,41284,145658,84212,1534677,2086704,3477860,
669676,76354,263090,164093,3068638,6001457,9675860,
405752,42371,148428,83304,1555384,2143436,3538520,
452164,47029,166955,96729,2541182,3182985,5304800,
0,0,0,0,0,0,0,
398244,41294,148401,91865,1541810,2154674,3591100,
398422,41344,142864,76627,1547395,2035798,3393060,
713600,77990,265045,151424,4533506,5419730,9081760,
718197,78988,311839,168424,2837576,4444904,7360980,
1360,258,1467,1368,6123,45905,76500,
629499,70046,257407,158251,2438739,3549704,5916100,
738483,70129,273203,109311,3773798,5698726,9500120,
782794,78106,292935,96417,3221352,5571779,9315780,
882208,83442,308968,108723,3650003,5564962,9241100,
496578,37018,226574,98040,2045885,6796327,10721060,
859498,82473,310419,116045,3546412,6225231,9583000,
935448,93874,235167,117624,5418392,5848548,9243720,
748166,69078,162446,86854,3336161,3616727,6043880,
1467013,132096,444836,241766,6082066,7226176,11347880,
749058,55534,306983,32289,3771401,4319463,6946520,
425403,43730,152839,94732,2583057,3152399,5254040,
411772,43045,155653,85491,1608029,2278903,3798120,
324185,37667,125865,68336,1250468,2003294,3387720,
471492,49375,176680,98840,1829723,2589944,4268780,
109798,2601,79441,73271,1087285,3214964,5352540,
399736,41640,146576,80898,1548265,2253695,3756180,
397488,40929,146475,87721,1543509,2076287,3460520,
166341,20258,65807,45086,708774,1302427,2233080,
1095971,112594,391053,204861,4593898,6067605,10049840,
4691,795,4275,3394,14733,101327,168900,
405495,42556,153267,94850,2289509,2768046,4613460,
401420,41495,144689,80194,1560003,2063478,3439180,
7672,1729,10729,6550,100812,285109,530900,
756960,82060,270475,142624,3193617,4251089,7062800,
53694,5241,19772,7558,230467,327060,511580,
442743,47830,158583,87111,3384280,3944808,6574640,
404473,42332,153112,92152,1582085,2337809,3896260,
41082,160,36047,34291,124131,1446949,2431600,
1130941,121779,412042,216856,4407655,6244549,10413300,
93558,9341,33708,14015,1283213,1297126,2136040,
396944,40912,145745,89059,1536639,2094256,3490440,
399335,41084,145860,83670,1551031,2045445,3409100,
0,0,0,0,0,0,0,
725118,81358,269110,166320,5017174,5776450,9676820,
418450,43745,148179,71240,1725726,3086368,5096320,
435420,44755,157425,87783,3372608,3632785,6054660,
410421,41796,155102,96422,1602265,2239782,3732960,
0,0,0,0,0,0,0,
947927,98710,342777,188852,3720608,4909726,8244320,
281206,30839,96581,42171,2033680,2327302,3816860,
405349,42572,153353,92014,1580094,2346961,3913820,
474117,48510,158049,96640,1914370,2458585,3986460,
9293,1337,4947,3061,39751,151232,252060,
428654,43919,152014,83321,3008679,3167535,5279260,
397726,42613,142936,75843,1544685,2162965,3604980,
403597,42209,155336,95555,1570264,2331647,3886000,
397810,40184,144640,88548,1545768,2049295,3415460,
29742,2552,6672,4758,1468912,1116442,1860780,
800578,81017,285373,161229,3110987,4025342,6708900,
612878,69186,252620,145386,2388609,3454247,5757140,
422066,43583,149283,90719,1631002,2215768,3692920,
684187,77276,264948,160307,3110219,5636659,9394340,
36642,3361,9709,6770,2392011,1838341,3063960,
439740,47144,176458,112226,1766119,2809609,4682700,
602039,65496,249332,152676,3282145,3987594,6646020,
400986,41595,148000,82222,1554481,2193216,3655360,
398094,40127,145604,89167,1546921,2042871,3404800,
0,0,0,0,0,0,0,
1002146,104686,382794,214776,5433955,6165223,10275400,
404607,41897,147807,85574,1571596,2158193,3592180,
396720,41189,145223,83937,1534625,2047549,3412500,
410165,42742,156976,94693,1601781,2295491,3825800,
3351,460,2690,1647,16365,76857,128100,
419610,43310,149219,86538,1988529,2416248,4027100,
408762,44068,153871,91049,1684946,2388077,4011220,
417503,45140,164882,98402,2721918,3340212,5560960,
423895,42923,155321,92057,1609273,2220436,3679200,
0,0,0,0,0,0,0,
799335,80452,277589,146294,3104867,3876517,6460860,
421043,42876,150799,87547,1998994,2458477,4097520,
350665,40946,134202,72728,1333146,2080714,3501620,
460594,47144,171382,100891,2456597,3040499,5058920,
14088,1556,6349,2967,40825,105077,145940,
396813,41080,145412,83660,1534903,2043066,3405020,
470077,48810,160225,94797,2633504,3020891,5034880,
350347,42798,139886,75822,1381838,2456268,4130460,
522749,64712,190102,97619,2074342,3354645,5612660,
52467,5232,19211,6865,188214,343534,538420,
810762,82246,288889,164326,3156464,4128568,6880940,
451889,47404,170556,99592,2637197,3269818,5449760,
235591,30257,108881,63581,940026,1581531,2685860,
542405,61820,192010,96269,2080953,3207325,5295520,
59539,6127,23196,10503,258098,430166,717000,
431606,44188,152404,88599,3614952,3595276,5992080,
421308,45221,169897,109549,1639722,2732913,4554880,
166563,20611,81160,52710,677049,1334767,2285540,
660216,76711,284092,153514,2535125,4012470,6679580,
174445,17260,55261,19831,1018549,1288805,2096720,
801084,80542,283034,149956,3114230,3964948,6608280,
407386,41952,147514,82236,2229135,2578997,4298380,
9452,2217,11891,7990,136200,351584,642340,
608165,68604,240481,133350,2243370,3419452,5693840,
212305,21091,60598,21285,2252534,2196586,3611640,
398024,41000,146406,89908,1540855,2124372,3540560,
398081,40805,145835,89009,1547620,2050890,3418160,
1688,370,2719,2613,8011,67909,113180,
455712,48443,166401,91903,2558991,3222026,5417900,
423173,46851,155433,84171,1596444,2480546,4084880,
798246,80623,277975,146868,3100008,3869280,6448820,
406002,41611,150185,92716,1575908,2135056,3558440,
48773,4676,8298,5613,553987,567966,946560,
455625,47255,144927,77719,1846180,2248454,3780560,
400332,42420,147998,85925,1555410,2201750,3625860,
403058,41049,149952,91985,2354363,2694109,4490180,
577757,63682,243196,143429,2218603,3147208,5245380,
56889,1755,53580,47975,196660,2301565,3870100,
432637,41711,170930,101537,1636692,2700011,4465900,
398101,41461,142274,75532,1545751,2089965,3483280,
4160154,326796,630963,188074,18253193,14467672,24139320,
5808398,396887,320119,135790,24642140,15706676,26167660,
5315240,320800,253930,39080,23353593,14021786,23371360,
3990239,455695,651379,276102,19917231,19804840,32974040,
5555804,598030,305529,111110,24363355,16588436,27647400,
4666630,482274,435347,194906,21677377,16512500,27520780,
4358199,511730,677076,258245,21944172,18734933,31258460,
3764912,453603,382462,128503,19514379,14460626,24101180,
4262033,476959,596863,266145,21340598,19497281,32474380,
4273441,501474,544899,213593,21742971,17321752,28890780,
4380362,499574,640800,273851,22009948,18546580,30935160,
4513026,521234,588845,227783,24786786,20055720,31005400,
4417573,506131,433250,133794,23223684,16975029,24359300,
5349750,617116,645313,239558,27172565,21878265,27873240,
872144,93111,209098,119180,3711100,4656346,7003220,
404166,41818,145751,80875,2425486,2744776,4574600,
398673,40319,144473,88852,1548411,2048794,3414640,
33950,4304,12701,9360,143482,441970,736740,
445805,47012,173360,100256,2128532,3081367,5135680,
398482,41178,146989,88650,1548068,2159315,3598860,
727877,79903,271355,157176,2816906,4133322,6935240,
517485,55947,192766,103316,2879040,3698834,6116720,
8029,1010,4405,2717,31288,87582,146000,
3383394,360375,368053,151104,15498965,11239534,18732460,
4566021,536006,590090,245863,24092326,20287534,25725740,
4052473,468212,507525,201766,20375388,16492917,24094380,
624228,64039,241848,137085,2507971,4381436,7291140,
38454,3706,13425,4529,115053,290455,450300,
418521,42834,150401,89663,1983587,2483140,4138640,
425875,44644,159279,95188,3719282,3873315,6455520,
618905,67460,229916,135278,2352773,3469701,5845500,
769143,82774,304810,161267,3369566,4404076,7276680,
1567,253,1242,893,7949,42405,84580,
583691,64937,247274,141329,3310003,4039672,6720700,
596619,66227,258523,155176,2293796,3427110,5711920,
344499,39671,132087,70389,1305364,1947813,3270780,
486180,54651,177813,104706,2007517,3020784,5095620,
69948,6708,27317,13399,607403,820216,1272340,
398125,40961,147385,90387,1541886,2136952,3561520,
406611,42283,148052,85288,2673602,2874090,4790140,
340598,40807,135104,74532,1396376,2253731,3812500,
800679,83969,285259,148873,3009575,4141943,6881380,
75999,7809,22157,8346,311909,466868,766840,
431032,44386,154869,94697,3367897,3488624,5783880,
397673,40870,145474,89148,1544233,2052099,3420200,
228969,29232,107876,63611,916544,1555378,2642140,
512001,57330,180545,84646,1930681,2907148,4795020,
75153,7186,28047,23325,683448,801756,1336280,
895828,94210,349095,165168,4466922,6774713,11296020,
827519,79491,297883,96661,3429527,5602239,9342800,
578029,53817,197497,49581,2535468,4533811,7620140,
1428981,147312,523680,213197,5737096,8662100,14433840,
596978,56168,199147,42197,2506109,4258383,7040660,
1089577,110146,257482,109855,6949530,7329021,12213960,
777909,69767,185354,111599,3480304,3694176,6157000,
2910236,312753,263100,49507,13924796,8860722,14800620,
2790265,264869,731884,179645,16025449,16579739,27662800,
265361,29338,99449,44521,1010252,1705414,2780380,
418118,42784,150374,92209,1981050,2560971,4268380,
401668,42091,146793,80174,1562760,2119248,3532100,
6603,768,3100,3074,882869,656422,1094060,
800381,82458,287766,159715,3121969,4303753,7218480,
398271,42392,142382,73547,1531521,2034233,3344100,
700659,79432,268511,163430,4419490,6757933,11263300,
397876,41204,144309,88924,1545631,2116805,3527960,
25546,3322,15668,13224,140651,367391,612340,
396840,41292,142472,76455,1535296,2036381,3394020,
453938,47696,157344,85189,2134158,2826505,4710700,
411109,42881,151445,90554,3296092,3467182,5778780,
418480,42735,146413,78265,1988606,2349608,3915880,
39959,5497,14862,10439,186134,395708,659500,
810209,82357,294452,168203,3327027,4390133,7350720,
435533,46075,165804,93666,3016433,3427419,5678380,
397567,41035,146093,89276,1538393,2086997,3478400,
419265,42590,151022,92688,1997106,2472029,4122620,
9296,1043,3972,2053,981170,743378,1238960,
420853,45306,169444,101466,1632276,2816112,4693420,
404458,42314,156041,95228,1579784,2345286,3908820,
418028,42745,147627,83761,1980389,2443893,4073260,
416156,43854,158815,98551,1628176,2411868,4019880,
3435,436,1730,1712,349185,276987,461640,
970430,102024,379183,219446,3736937,4969367,8282200,
399320,41410,145088,81979,1553257,2044173,3406840,
418734,42588,148427,84077,1983362,2385949,3976660,
399526,41507,145745,80117,1553169,2142459,3570760,
42630,5771,16641,12390,766306,793933,1323220,
401087,41394,148160,84048,1554166,2108888,3514860,
403708,42063,146777,80242,1566082,2110002,3516720,
418109,42765,150670,92630,1980454,2429213,4048700,
405365,42090,149829,86180,1585482,2231133,3718460,
7328,833,3302,3276,1012366,745802,1243000,
802886,81036,281390,148923,3118753,3971773,6619660,
419967,44033,152446,86621,1640545,2286344,3810520,
462172,47689,160842,95759,3727303,3980146,6633460,
403591,41183,150131,91587,1569679,2178749,3631240,
0,0,0,0,0,0,0,
398109,41366,147617,83708,1540757,2173383,3622360,
434646,44842,160048,93767,3078129,3365482,5609280,
397195,40660,146871,89902,1536350,2167038,3611760,
398402,40543,144530,81740,1548854,2065168,3441920,
21308,1601,3862,3983,453776,367738,612940,
811477,82090,287665,158246,4764883,5225577,8709200,
448780,49295,163594,93287,1845344,2693935,4536180,
432594,46523,152833,80093,1644296,2308334,3799980,
439616,45481,165032,103715,2078400,2859712,4766100,
6970,886,3731,3419,658871,522215,870280,
404723,42090,146652,84146,1568658,2141471,3569080,
400129,41546,149014,91335,1555618,2147876,3579820,
416433,44966,152616,81378,1983328,2584229,4307140,
401447,42078,150108,92857,1554515,2179047,3631640,
9344,1065,4215,4161,1304041,966796,1611320,
799051,80666,282693,158353,3104588,3988658,6647860,
399806,41224,146355,82459,1559749,2069959,3449940,
426571,47552,139954,76869,2080632,2626820,4412040,
451744,47261,166182,82965,1768608,2472622,4086880,
6763,878,3127,1687,702701,555248,959280,
401780,41792,145989,83337,1981998,2381463,3935220,
432199,45659,159632,94304,1691558,2454309,4090440,
325868,38299,128073,70306,1257448,2060346,3482760,
458661,50854,172287,85484,2182393,2968295,4933640,
73653,8421,26120,14023,275970,540030,866160,
805967,81633,286142,163894,4213287,4798511,7997420,
410726,42382,150788,85733,1596888,2172903,3621520,
517254,64872,226669,146681,2480254,4865146,8159720,
507511,55787,180830,89932,2536465,3538113,5894220,
98834,11257,43892,21465,425132,852661,1373540,
610719,64449,227366,123411,2436295,4102606,6837580,
573435,63204,244331,149613,2199770,3206980,5344960,
221960,26547,96989,60820,1186765,1628209,2761220,
469362,54679,184892,92279,1885179,3071027,5121080,
151348,15220,46090,13734,2599156,2280148,3750080,
827749,83272,290221,164335,3585595,4506190,7510280,
400690,41846,147550,82820,1560474,2103237,3505440,
96785,9742,30055,21412,1293124,1355246,2321660,
515633,61250,219760,119124,1941974,3018505,5011280,
231264,25076,71038,28343,947639,1454424,2379480,
445588,46189,169161,107070,2097410,2826466,4710780,
418946,44154,162027,97014,1998012,2756498,4594220,
0,0,0,448,5513,58392,144160,
428142,46395,159703,88590,2113308,2796702,4669980,
390486,41188,138534,74245,1560061,2098594,3441200,
993782,103915,383930,219635,4193035,5302766,8837880,
426169,43868,150923,91842,1961126,2480685,4134440,
21433,1646,3859,2542,446680,339138,565260,
401999,41555,147765,90730,1940103,2492946,4201500,
754346,66096,401177,280018,2754775,8131474,13505520,
406519,42180,151070,92167,1642107,2331932,3920320,
424696,43574,149688,82314,2180959,2643372,4371800,
0,0,0,0,0,0,0,
426319,43757,154076,90077,2569142,2889508,4815860,
432290,45515,158570,87562,1706397,2473469,4122320,
824002,83259,285707,159209,3744917,4543587,7572660,
410468,42179,151378,93878,1594726,2209746,3682860,
21481,1640,3909,3009,446826,338801,564660,
414713,43657,154637,84594,2303929,2797846,4663080,
565768,42024,288202,211525,2060477,5964432,9940600,
422285,42784,148402,81053,2174357,2691322,4485440,
405413,42643,152032,83117,1584094,2289354,3815580,
21443,1644,3829,3036,446680,338840,564620,
398467,41329,143255,78553,1677219,2159127,3598520,
403313,41798,145501,78968,1569335,2104125,3506820,
798171,81500,283689,148516,3099732,4058955,6765040,
418815,41895,147961,91320,1989432,2393355,3988940,
1730,277,1303,920,8610,30526,50900,
400787,41959,146419,78143,1816235,2286230,3810380,
398887,41383,146907,85134,1549117,2082723,3471220,
473662,53821,183261,116359,2490231,3572222,5955380,
432611,44865,151525,81150,1663965,2247470,3745760,
86904,9583,18090,10941,744071,780210,1300340,
418148,43471,150927,92576,4497337,4341449,7235740,
473429,51961,159801,86091,1883176,2483403,4138980,
631167,74282,274115,178356,2741905,3873060,6514340,
764561,77605,267168,134792,3010834,4122643,6820680,
64121,6649,5190,3708,745638,663885,1106580,
427741,45741,170907,106588,1663327,2647876,4412960,
419359,42700,147066,81455,1991762,2404444,4007340,
34915,5470,27722,21793,954454,1361831,2303240,
801093,84454,299931,167770,3111967,4588022,7611800,
21612,1698,3816,2511,447494,344741,574600,
421147,44521,159634,89704,2407291,2948730,4914440,
398772,40939,145881,89216,1550129,2071290,3452160,
413466,46667,152762,80870,2268368,2936808,4928660,
1123598,125048,479641,273443,4288031,6159073,10273560,
382010,45697,149822,93747,2634721,4418692,7328940,
419790,42954,147575,86735,1984815,2707175,4511940,
444167,47205,170054,100232,2573360,3431137,5718340,
0,0,0,0,0,0,0,
976230,108609,396253,230095,4455083,6103924,10203240,
18346,1700,6475,2508,29150,91764,127480,
430140,44121,157548,94092,2316859,2821352,4702420,
419765,42501,150275,92173,1994876,2426431,4044080,
442659,53655,195771,121590,1645325,2689024,4514620,
1064106,119187,424494,224378,4911908,6704833,11150740,
71328,7516,26158,8979,258114,417026,690780,
428207,43800,153254,87586,3066331,3226619,5377600,
420981,43083,150365,91003,2000456,2451516,3987460,
2401,320,1773,1352,11672,49870,83100,
665753,76097,266450,157822,2924863,4382962,7347360,
372863,40577,151977,78898,1436339,2141766,3527580,
420481,42733,151111,93026,1992739,2448708,4081220,
401149,41173,147442,90695,1754561,2241451,3735760,
353442,42196,134823,71829,1358230,2092775,3487940,
502615,50903,176241,92105,2431061,3111013,5233700,
483770,49620,187747,80257,2912828,4081880,6760400,
816930,79551,302263,106686,3373246,6035128,10053360,
836568,78583,292920,96336,3812739,5550828,9250040,
438404,40018,149604,23995,2093674,3506111,5827320,
836520,80724,297281,111330,3449832,5787224,9614320,
1184738,116672,308010,109059,5605207,6650251,10500320,
747036,66328,174166,104215,3337561,3559485,5932600,
407426,42144,146960,82838,2651259,2916702,4861160,
1497504,113022,464242,114626,7141020,8092421,13537240,
586432,59173,198821,95323,3715347,4181146,6918760,
436880,46070,155963,86941,1728011,2422416,4037460,
411008,43414,159092,102026,1996377,2914533,4890720,
429569,44169,159166,96898,1937687,2545082,4208140,
3600,414,2310,2304,18694,77539,129240,
479203,50887,178546,106219,2473991,3587153,5978540,
397570,41163,141893,75122,1543537,2099821,3499700,
372688,41778,140045,77535,2176637,2718309,4564360,
449438,45448,165772,96161,1767109,2377228,3928080,
261266,32461,116440,68835,2197170,2617100,4412460,
594828,59703,195783,91885,2952951,3507098,5794180,
399600,40826,143773,78101,1553844,2033663,3389480,
345917,40111,130291,71383,1700704,2369543,3997340,
474103,49732,178814,101987,1975181,2894816,4776160,
176021,21766,80155,45102,777813,1983605,3339740,
493209,52877,193646,112119,3808510,4631798,7685900,
424700,43552,148647,81311,2365622,2667313,4445460,
283102,35014,124788,70609,1130418,1961189,3318160,
544056,55069,190165,108301,2445305,3163399,5221840,
240633,30582,113497,69149,1126639,1866730,3161480,
573906,58103,191171,89329,2191908,2925547,4825360,
538171,56818,177777,113875,3341304,3823507,6377900,
157620,19094,70950,46494,633072,1100992,1887140,
668204,70289,233995,122899,3286521,4111724,6791460,
11919,1645,8773,5635,46997,204618,341040,
431438,45193,165904,104033,2257280,2981502,4969180,
622554,68342,264437,160151,3016692,4068329,6789080,
14189,2805,12693,8433,174402,388665,700160,
972786,103903,378154,217664,3994029,5270249,8608300,
213140,26628,97274,60565,815381,1407888,2389960,
617891,64289,206240,102705,2855692,3663583,6062880,
678282,76365,259350,161507,3086445,5378772,8964560,
25651,2140,5388,3841,464546,425580,709260,
823294,86410,308688,182807,3236683,4697064,7828540,
191845,4618,151221,138350,1264793,4898564,8164200,
399573,41547,148360,88759,1547431,2293859,3823140,
425318,44088,153436,95732,2531478,2966151,4943560,
97448,12088,26891,19059,806444,1079887,1791460,
847395,89243,301343,176767,3368127,4638393,7764860,
197467,23067,73877,47612,1044885,1611350,2713820,
712592,77376,255861,125897,2760860,3953332,6526520,
428444,44368,155134,96978,2171350,2705963,4509860,
52018,4411,30070,24910,569253,1499711,2528700,
773763,80712,303405,187029,2986586,4916319,8193600,
221146,5758,161079,138288,1502318,4341765,7202420,
403794,42336,151883,86208,1570802,2362789,3938060,
424770,43719,150417,88773,2386637,2806702,4677820,
0,0,0,0,0,0,0,
775190,85429,287503,157309,3771268,4979510,8299220,
110281,11469,38884,19720,930899,1212170,2031340,
766650,79992,275698,146299,2872759,3885773,6396060,
405402,42990,149148,80841,2491716,2940622,4901080,
3903,500,1385,801,16493,44317,73860,
703865,79091,272807,163972,3149519,4499980,7548420,
163490,16958,52896,19180,1027161,1321913,2152240,
425881,44739,152495,95050,1652578,2354560,3924300,
397577,41083,146214,81364,1543789,2038199,3397080,
23392,1927,5449,4165,456334,379840,633100,
608519,68196,245323,151888,2615185,3722412,6249820,
200915,21680,66585,24086,865039,1392672,2326360,
813013,83576,280400,150465,3443753,4261923,7049760,
404205,41759,147754,80754,1983863,2442686,4071220,
5256,761,4014,3419,21332,108718,181180,
441046,45720,162279,100345,2181986,2829179,4766580,
397530,43034,153259,81193,1440796,2249913,3700340,
428833,46422,177230,113611,1930240,3249788,5416140,
397525,40181,142222,75921,1543322,1980517,3300900,
35197,3881,15678,11074,510609,583768,973000,
404814,42168,150270,92001,2490433,2851098,4784600,
402571,42864,144609,76764,1563316,2176502,3605280,
875339,92280,315714,191187,4001844,5329592,8851680,
397643,40511,144855,85889,1544161,2060022,3433340,
38346,3763,12685,9501,876107,800259,1333720,
398466,41603,145783,85025,1542716,2117613,3529440,
420986,42871,148824,80363,2000057,2487344,4153340,
353426,39959,144413,88782,1750804,2471641,4153580,
447815,45730,160220,88564,1716961,2273653,3755340,
5759,883,5521,4307,31307,199769,332940,
423872,43499,151722,89695,2384299,2760147,4600340,
399276,41059,144100,77216,1551863,2046481,3410740,
806305,86674,283971,152549,4501700,5462455,9124860,
511854,52381,169543,103137,2096313,2714700,4490500,
21602,1634,3906,3054,447445,341064,568440,
398811,41661,146121,79479,1544937,2110253,3517060,
402083,41156,147555,91452,1841252,2328180,3880360,
340762,40838,139776,76534,1334815,2286418,3841860,
486150,50097,174142,91611,2382076,2993593,4966280,
0,0,0,0,0,0,0,
456692,48053,164735,102540,2169645,2784413,4640640,
576438,63304,244006,148009,2465719,3332871,5554840,
713598,71949,324412,209629,2712524,6276035,10511340,
875658,96192,318110,176894,4441267,7062096,11722160,
16215,2542,11920,7742,72912,287975,472220,
622466,68957,269006,167021,3013067,4545753,7576120,
398048,40472,145635,89176,1546563,2060659,3434440,
180106,21207,76723,51577,1596563,1917329,3257120,
664090,68795,232515,124160,2909730,3744156,6087060,
4279,622,2785,2295,199488,191692,319480,
397503,40720,145914,89029,1538682,2091630,3486040,
426012,43411,154065,96298,2389164,2823149,4705160,
455854,49169,183735,111708,1929937,3220211,5092280,
789682,81445,284289,167269,3316625,4309907,6990380,
44041,6159,19687,14170,206320,562020,935560,
399131,41119,146764,90236,1746187,2282769,3804620,
404898,42013,146109,80741,1573826,2087058,3478460,
82373,9333,27206,16327,1188578,1363448,2306680,
768950,84684,286525,158061,3801819,5018170,8362980,
53486,5427,20092,7363,230220,341383,535080,
425641,44033,156594,84454,2466472,2980141,4966860,
398184,41063,146376,89290,1546111,2092057,3486780,
434875,44366,151142,80441,2590063,2838778,4731360,
771243,84522,296363,174314,3896305,4978193,8359520,
221751,26024,98119,41353,850683,1440395,2178900,
500342,43136,222490,153729,2229663,5040982,8401580,
566794,60854,202251,113763,4435593,4977348,8329220,
61227,7922,39049,24297,248755,924265,1506720,
688998,75807,263245,148030,3057450,4164199,6991480,
140146,15380,53028,21661,523355,959060,1547900,
495470,54056,169498,104262,2322051,3107474,5179120,
399342,40889,146761,90036,1552599,2122679,3537760,
414186,42817,148679,84675,1614772,2160801,3601320,
616821,67389,242841,143105,2727031,3710934,6234080,
205336,22156,65982,22850,834857,1288599,2100300,
399352,41257,145183,82767,1683105,2177398,3628960,
774689,85199,293587,175137,3034015,4491432,7519780,
84229,8348,31360,14270,956242,1056983,1727860,
601182,66923,258203,152001,2409827,3651390,6160620,
413990,43835,154061,84018,1862884,2491574,4064800,
399064,41450,144989,78388,1546022,2086596,3477620,
401203,40624,146222,90126,1827560,2282065,3803380,
429921,44305,150397,92146,1677236,2250591,3751080,
418987,42594,147863,80058,1984646,2428420,4047280,
442120,49008,160192,86740,1750265,2624173,4373540,
398720,41805,149598,91575,1695855,2298780,3831200,
405619,41375,147634,84505,1576764,2101391,3502360,
71255,2950,46018,41266,1180993,2456119,4093640,
396659,40964,147432,88830,1534221,2187001,3645000,
420967,42932,149781,92596,2000036,2500801,4168060,
400727,42274,146094,78491,1745651,2304154,3840240,
397587,40182,145430,89017,1543783,2055567,3426020,
439042,44957,156993,97453,3299943,3431331,5718980,
632424,69510,246407,147638,2502359,3397498,5662560,
434781,45426,162056,91326,2063522,2780630,4634360,
359279,41534,141893,76425,1574414,2325408,3909800,
439340,44226,160071,93638,1673736,2290159,3783020,
31984,3307,14166,9954,497502,611125,1018620,
601563,66591,252154,153475,2330817,3478694,5803000,
775308,73095,292050,98641,3643439,5782327,9641400,
763133,77118,288195,96235,3597876,5961796,9986980,
945264,92512,331269,122531,3826750,6256709,10383940,
855913,82962,297397,99363,4536820,6340341,10564840,
1193456,124983,419564,184975,5465123,9265781,15470600,
773491,75749,197295,98686,3651314,4099186,6792720,
579584,54528,139293,82070,2918353,3253777,5465900,
1346272,111225,332211,128916,6098317,6814922,11396040,
545548,38914,249522,37653,4092574,4549754,7498860,
411207,42551,148979,79780,1595029,2321223,3868700,
420655,42788,151029,93854,1997264,2551710,4252700,
15185,1648,4864,2724,2004699,1470693,2451200,
808095,87496,286725,156100,3517201,4767978,7998300,
538629,57957,183062,96989,2149627,2939212,4851640,
456281,47966,162342,97916,11184977,9114555,15190960,
403212,41968,145709,81896,1568767,2152732,3587880,
0,0,0,0,0,0,0,
884949,100711,353640,206860,3758055,5310900,8898180,
216100,26304,113603,62751,2122488,3273496,5411220,
404954,42359,153187,93352,1574704,2376209,3960320,
434498,44718,161023,100409,2358420,2874369,4790660,
0,0,0,0,0,0,0,
711168,77761,266465,145553,3148049,4267809,7159380,
515913,53508,182753,90460,2170859,2944585,4865300,
397406,40802,145923,89194,1538043,2094489,3490820,
424544,43158,151892,89759,2308800,2651994,4420020,
1452,195,760,522,6848,32032,53380,
619247,67830,241381,140748,2736445,3684560,6190600,
203889,22084,66226,24529,1478206,1717279,2815300,
397480,41135,145320,84345,1537901,2082471,3470780,
439026,45243,165627,104136,2596911,3210221,5350440,
14493,2367,19172,13864,81362,480412,800740,
473042,47459,165731,102043,2249798,2981785,5030040,
804388,87906,294258,159003,3148549,4463229,7423460,
420522,44580,151041,82010,1747446,2299249,3784500,
404869,41566,148607,91359,1572004,2128862,3548120,
27396,2262,6977,4211,889269,694925,1158180,
397007,40777,145502,90352,1543075,2169470,3663160,
431970,46181,158881,87777,2586463,3145992,5054980,
348561,38876,137689,83412,1357065,2126364,3580140,
476033,47809,166289,89598,2580571,2936537,4847820,
26445,2150,6482,5217,711603,573299,955580,
397714,41269,145616,88784,1539204,2106999,3511680,
831314,83691,290257,155114,4086272,4810765,8017960,
344736,40180,133827,77551,1306527,2020459,3367400,
502983,51818,186580,110485,2691458,3482395,5804100,
30201,2641,7248,5810,937565,764200,1273640,
397900,41034,145055,78526,1540298,2077640,3462680,
422764,43232,153607,95220,2009937,2494904,4158080,
309516,36638,122860,66944,1211978,1930588,3260980,
493423,51716,185597,108273,2802136,3442097,5692980,
39749,5379,14888,10697,185958,360986,601620,
422029,43325,153338,94473,2095660,2592489,4320860,
807129,82318,282613,149981,3143519,4031055,6718540,
334675,39629,119499,69269,1765945,2352332,3971720,
552398,57989,202606,104907,2123099,3258116,5378980,
6543,857,2971,1940,216385,217260,362000,
418271,42577,150091,92892,1981707,2432296,4053880,
432903,45866,155982,93388,1693715,2469639,4116120,
149485,17785,66776,45354,1228149,1556936,2657120,
650327,68741,229888,110932,2488174,3367709,5550980,
34796,3011,8310,4780,2126992,1568291,2613860,
430082,44075,155203,97254,2545497,2928064,4880100,
798432,80750,284386,161791,3106144,4024363,6707300,
338992,40391,129170,88677,2397851,4175758,6959460,
796867,83673,287637,157470,3091329,4433156,7388580,
70244,7910,37301,26274,1125937,1421336,2368960,
505305,51087,217603,129330,2882678,5581890,9352620,
577504,62495,230316,120769,2163215,4195297,6942520,
64691,7495,19683,13699,650432,764718,1274640,
995044,107971,406434,246225,4810168,6455643,10759260,
5351,764,2814,1793,23719,96151,160300,
416433,42238,148712,91364,1970669,2419895,4033220,
808886,84070,292691,154050,3890207,5137223,8038540,
0,0,0,0,0,0,0,
821203,83915,295750,171930,3748053,4661198,7768620,
0,0,0,0,0,0,0,
420824,42977,150043,85324,1993958,2420843,4034740,
403550,41488,148889,87043,1988187,2443913,4073020,
5000,840,6168,4327,26509,177011,295000,
828507,85228,300589,177119,4500735,5323910,8873320,
1468,177,323,0,0,0,0,
442402,45409,167031,106484,2082098,2803181,4672080,
845588,85859,295565,166385,3303139,4358953,7264980,
3182,422,1797,1370,305558,247295,412160,
1377376,107089,716948,558158,5033491,15785985,26391000,
1106661,66057,646479,582386,5158845,16425856,27309020,
397172,41220,145155,82805,1536556,2193870,3656480,
430607,44340,152009,82549,3009007,3249723,5408340,
21233,1509,3135,1765,874597,623936,1039880,
1257355,138386,510377,341291,4746356,9554332,15971560,
352570,35488,137873,90548,2304345,3926815,6496700,
898478,99772,304637,219810,3439345,6672671,11121060,
824784,82889,288651,154384,3749470,4571522,7619180,
0,0,0,0,0,0,0,
1258326,90693,684860,547535,4953219,14768306,24723340,
918730,35125,699904,590200,3197802,15840074,26357580,
1529669,170800,512054,398601,5828072,12339204,20497740,
761037,89672,229799,153603,2966771,4806605,8010900,
32072,3051,12584,6965,906584,874042,1456720,
738168,82213,278446,160017,3473777,4909230,8133940,
122736,13236,44903,16119,451959,833010,1337900,
423025,43453,152553,93759,2002176,2566047,4276700,
800759,80615,285756,153346,3116921,4023557,6705840,
3197,382,1772,1335,294918,236161,393600,
597732,65914,237676,144437,2282161,3355483,5638600,
396986,43188,157970,82690,2130597,2671063,4404880,
395819,41074,146334,86674,1536570,2069707,3449560,
454689,46329,157989,98259,2435980,3018139,5030220,
0,0,0,0,0,0,0,
474461,48013,166620,102410,2712729,3325006,5599700,
384957,42661,147157,76293,2365248,2745132,4511480,
390313,41950,148535,89893,1525178,2242445,3739020,
832846,83341,287658,152685,3881015,4638966,7731760,
61558,6424,4490,3078,320363,313252,522100,
631361,69731,260495,158647,2990202,3978820,6675140,
426821,44867,149765,79960,2782022,3091527,5107420,
353924,40707,137533,74191,1343842,2092177,3486960,
506284,54339,203793,127684,2648848,4082104,6803500,
4744,983,5933,4576,25385,165729,276200,
455178,48150,180183,112249,2138687,3111295,5185580,
403626,42362,148032,79854,2046938,2594002,4323340,
348202,40397,132633,75952,1696924,2494299,4205240,
876191,89022,313929,170452,3429207,4527188,7497040,
283596,36276,124533,79479,1781602,3654812,6091200,
569793,63416,239143,136025,2175553,3206080,5343400,
450215,46993,167580,96240,2350203,3153360,5255580,
292875,34849,118576,67167,1522158,2160838,3650120,
530583,54768,188968,94066,2431789,3194338,5274220,
31,9,74,52,124,4149,6920,
425196,43693,153248,85540,2018882,2559675,4266000,
399484,40954,146018,90534,1552448,2090459,3484040,
256598,32483,117759,74050,1523938,2226171,3760060,
1013519,103877,345417,173110,3957142,5366556,8892820,
24441,1956,4611,3327,900456,671759,1119580,
577890,64134,249111,152531,2211808,3312291,5520360,
584442,63057,242609,147946,2538149,3318502,5564860,
89360,7884,25654,18248,446338,743323,1266420,
723514,78123,270257,140156,3215686,4105723,6781000,
4744,777,5867,4064,25385,151898,253200,
760181,43768,446916,361707,3021575,10641375,17769580,
1157834,43116,807858,703002,3970206,17981055,29975060,
287493,932,249423,233138,885000,5953696,9923020,
1631755,121229,818754,606267,6302787,15917216,26520780,
51273,4700,15992,4120,181614,268503,401900,
443607,47708,167003,94783,1963638,2781656,4636140,
397516,41103,145049,88968,1543465,2075387,3458960,
515291,4494,430587,400178,2504318,11342636,18938360,
1530484,83971,930177,766293,5300991,19856416,33093760,
298139,3272,238496,219844,2480724,6639919,11032580,
397311,40580,144496,82863,1536794,2125880,3543260,
428743,45145,156974,95547,2338740,3110476,5184280,
19674,1458,4057,2928,436322,362882,608500,
1284228,141759,499879,278377,6012774,7759553,12862220,
127033,11167,39747,13954,1229465,1206787,2011320,
685692,66610,272325,118240,2826695,5452258,9093160,
839432,78903,303495,111808,3828862,5772399,9617680,
486652,36322,224126,98881,2645674,7081207,11798620,
1361060,143154,514390,231326,5418835,8890180,14819900,
610544,47962,283171,137613,2934560,7938560,13255440,
1158037,110156,325547,162892,5104120,7990573,12820200,
741688,66561,175907,96180,3833762,4051105,6751940,
7433,937,4394,2690,28793,85247,142040,
2065478,168913,643342,210186,9655737,11208265,18742820,
377731,41089,140870,63700,1655839,2115549,3463100,
396624,40815,142873,76566,1533939,2040775,3401320,
422447,43533,151503,81575,2005980,2498009,4163320,
89793,1937,81035,72946,310195,2737929,4607220,
939776,105716,362613,204023,4454906,6999153,11670560,
73367,8036,29292,9427,286474,482249,754760,
427739,44363,155487,82722,2026384,2557260,4262100,
400257,40736,143549,77229,1556746,2029249,3382060,
13116,1857,6676,4863,209843,339275,565500,
622549,70341,250635,140151,2441503,3588183,6032400,
655383,65321,195153,89945,3055244,3558112,5880440,
401736,41746,145904,78453,1558133,2125942,3543200,
429704,44021,151644,82850,3222998,3300332,5500520,
42532,5900,15883,11410,199874,413656,689420,
420577,43320,149117,81077,1992474,2495434,4159080,
410032,42768,150518,81644,1600601,2272763,3788000,
401144,41580,143964,77202,1938448,2353644,3922780,
419414,42328,147725,78204,1992240,2386985,3978360,
6567,942,5253,4488,28151,143954,239920,
423811,44014,146047,79241,2005011,2463490,4105880,
1270203,141359,518269,300386,5435686,9081568,15169640,
413871,38875,165595,107944,1816929,3857070,6394600,
496472,52203,196648,112810,2452378,3617175,6028500,
580625,19996,422562,400231,1952588,10719770,17900140,
694238,57591,322736,249047,3495647,7300017,12132600,
572947,63451,243497,137365,2197056,3197384,5328980,
652294,74485,216403,145857,2864005,4904193,8173540,
859508,89351,319535,228282,3613380,7043513,11773180,
314116,10811,232337,212218,2140531,6435274,10691560,
396394,41026,142395,75612,1532881,2129053,3548500,
1507954,162853,562992,362673,6151178,10905570,18175840,
834618,104409,263405,182984,3217907,5862871,9771560,
629553,55801,298752,214931,2938999,6435837,10726420,
504679,8672,402903,366536,1619978,9621297,16069400,
816245,46462,487906,404394,3193158,10440205,17366480,
405288,42322,150670,81935,1582773,2372199,3953720,
343162,40463,131689,71347,1674411,2372827,3954720,
732005,80234,275837,185467,4057061,6794804,11342040,
58129,6154,23117,9703,252530,489765,812960,
592696,64985,247928,140341,2629184,3568808,5948000,
807628,83839,297800,175127,3146755,4284785,7141260,
259495,31996,113526,64833,1178307,1824130,3090240,
1041606,102287,439040,340152,3876420,10154042,16981960,
889206,81384,432428,341498,3839623,9779926,16190420,
450266,48114,158375,84817,1759289,2744786,4574460,
428213,44245,151679,81951,2758234,3150927,5251560,
202295,25413,94683,58767,757060,1330134,2259160,
598860,68708,258865,144860,2851176,4175154,6959060,
293921,22416,141347,93505,1089009,3515019,5815580,
419141,42779,150229,91109,1986049,2542086,4236700,
873872,90658,309802,189138,5482283,6219740,10366360,
24658,4444,21327,14340,217820,621326,1088580,
527023,54213,198723,118353,3054522,4723817,7888800,
712058,45646,403431,313865,3258957,8939893,14836160,
999368,132758,263310,182055,3953448,6294532,10491020,
804852,104173,199825,121740,3725292,4708601,7847680,
22094,3566,20702,16292,123644,626047,1097620,
632894,72050,264895,149970,3220466,4366538,7223920,
429945,46738,166669,89846,1674304,2700021,4472420,
433398,44697,153990,87583,3312364,3512515,5854180,
836509,85397,301784,175431,4668072,5433160,9055160,
0,0,0,0,0,0,0,
419277,43166,153336,85440,1986115,2580714,4301220,
399524,41135,143738,76970,1553004,2152820,3588060,
400789,41846,151187,93065,1669956,2309187,3848740,
400137,40845,147548,87519,1555318,2103241,3505380,
32018,3272,13375,8807,697975,776387,1294060,
396714,40872,142793,75410,1534458,2082518,3208040,
425707,43548,155327,94883,2485331,2886906,4797680,
448345,46445,151365,79881,1764089,2394840,3991420,
889985,91171,303866,180936,3912927,4970026,8283320,
6637,791,3116,2651,857708,638653,1064480,
398088,40796,147483,87612,1540331,2116402,3527320,
654425,73398,270531,157081,3072329,4245965,7076600,
399561,41992,146536,78838,1548168,2144629,3574380,
437078,45486,160659,89207,2068788,2834346,4723920,
494521,1670,430149,402512,1667495,11083349,18506180,
1065590,42607,728409,619794,3555910,16205453,27009200,
1489371,152310,559842,450605,5577966,13474976,22424260,
596612,65902,251834,142561,2942660,3920076,6533460,
1297118,118326,596204,410846,5319717,13318003,22230560,
785118,5744,668167,617801,2963585,16119473,26865740,
905844,44947,583023,481277,3129908,12861685,21402340,
424355,43531,154432,94052,2168169,2783416,4639040,
398642,41595,146794,79479,1546673,2238604,3743520,
428825,43291,154482,92013,3030038,3296939,5465900,
28464,2611,8614,5708,1014724,837992,1396660,
455397,41815,197474,128163,1724973,3894738,6525260,
780008,44620,461426,382137,3341557,10109180,16814720,
408045,42517,153260,92898,1575864,2348241,3913640,
828125,84489,295984,170193,3587800,4662705,7771120,
46186,6392,19919,15040,585343,803117,1338580,
769175,41962,468736,392485,2667058,10126125,16910800,
1083058,85280,528750,422973,4626908,12341529,20535360,
516458,46838,224533,152741,1936308,4281328,7135540,
430523,43837,157708,85509,2298640,2929185,4882040,
18419,1306,3645,2369,532019,471120,829700,
405289,42422,149301,82065,1766131,2436685,4005940,
429360,44030,157269,96263,2888419,3184582,5307580,
397060,41174,147086,89203,1536565,2187431,3645720,
825671,83061,294385,167637,3576057,4555670,7592740,
1849,297,1466,1367,9094,41242,68720,
400830,41512,148722,90996,1911441,2394466,3990740,
402534,41709,146883,85221,1565270,2148857,3581500,
976020,63742,563682,438272,3862323,13411836,22387100,
1033138,44455,704979,594022,3451932,15415551,25658760,
68169,7648,31136,15474,802153,950436,1584120,
397146,40890,142438,75466,1536380,2048695,3414440,
594795,64825,246386,141994,2700326,3651626,6151360,
388223,43233,142602,79155,1446548,2079796,3403660,
814890,87574,302144,158641,3362056,4671876,7786480,
51803,5144,18141,6381,227783,332060,553420,
398820,41637,146068,83160,1544186,2102012,3503360,
398013,41137,145041,80491,1545524,2042394,3403980,
346439,40049,134572,74647,1314648,2020845,3368120,
3001261,266257,429456,114257,13160660,10586875,17695060,
6081446,283204,226159,49037,23668598,14180047,23611540,
4481523,487082,526141,158278,21768883,15596098,25993340,
6752394,736676,450187,207408,30649014,19475743,32459280,
4944851,553760,507992,169212,24273959,17941945,29964740,
4395788,518843,651172,284976,21835570,18606047,31004920,
4081120,466300,466452,156680,21041908,16260115,27049000,
4140527,485329,528762,216954,23124886,18299424,30507400,
4208842,486491,534012,220024,21672879,17078927,28467720,
4155725,479361,484114,188948,21435812,17020423,28464180,
4230454,492946,485148,166229,21629503,16911564,26079900,
4271563,478923,579003,261496,21041302,18975063,27252020,
760141,80092,343174,225747,3897542,7296820,11998840,
951142,43563,615785,514578,3833055,14087972,23520180,
364692,13240,253401,228069,1230591,5896678,9847860,
786167,82769,273806,149440,3493849,4626901,7685480,
515825,48266,230147,150951,3349615,5645197,9359780,
452303,43371,185283,124735,1717339,3226244,5377200,
566776,56651,207509,128176,2901650,4712380,7853960,
105268,4261,77529,72198,359169,1989607,3359640,
489374,53957,180909,99382,2286915,3534451,5846520,
793650,87163,325354,210925,3745676,6267744,10446240,
520109,48584,226148,150856,1955332,4643446,7739120,
425887,43928,150546,84533,2625896,3039658,5066160,
98806,6929,56040,47397,740341,1862975,3056940,
1096571,120314,414874,258466,6229279,9111597,15185880,
405635,42459,149441,80831,1582168,2254558,3757580,
506253,49362,217148,149011,2354412,4871288,8118820,
883171,44110,563946,466627,4472061,13735044,22925540,
354366,8515,269342,248336,1148459,6808370,11346960,
686856,58240,316819,237054,2516525,6694865,11124440,
498519,48976,183911,97608,2356770,3670538,5988860,
1026978,103982,415172,174798,4172576,7259181,11174280,
862592,80350,309212,109074,3948003,6031721,9278420,
495784,43280,160384,18881,2536079,3822121,5918340,
1445332,146690,548012,258046,6355311,9468577,14534660,
1111832,112985,259512,99913,4994920,5299985,8150860,
781681,71074,184282,107728,3501977,3756753,6261160,
549606,51426,225431,154356,3172854,6073220,10121960,
1561438,92371,607210,284711,7503691,12897628,21496040,
616044,45053,328644,248223,2222108,7163619,11939300,
420700,44526,161644,101124,3057521,3567065,5944960,
399485,41449,147396,85867,1543750,2202352,3670540,
428161,44411,157961,96107,2028143,2724775,4541280,
29288,3874,20627,18015,447974,673911,1123120,
977919,104304,385444,211754,3768556,5184039,8640140,
459103,44711,155168,96001,1816133,2639108,4432400,
3670289,328419,479636,257397,19500953,19343369,32238720,
3010102,277352,435670,246692,14749205,16135859,26858700,
392140,59607,26330,19504,2474497,1599431,2665680,
418419,43007,148717,85982,1982603,2728961,4548200,
409170,42909,152629,86032,2039656,2701522,4502520,
399292,41405,143994,78326,1540533,2077537,3462520,
822509,81553,196250,102431,3530205,3572991,5988860,
2866219,318052,281233,50846,13076979,9351535,15552060,
827326,84662,296685,172782,3974831,5358555,8964840,
416267,43182,154868,93909,2581501,2973077,4921200,
419307,42934,148679,81576,1986397,2446926,4078160,
350172,38384,131257,71579,1334837,1876202,3127040,
68541,7718,28791,13757,1584748,1540850,2568100,
401430,42059,152499,93071,1559900,2295454,3825760,
398713,41077,142365,76276,1549306,2036938,3394940,
620700,57824,325151,237333,2580734,6602357,11003960,
440012,49007,164786,81439,1732475,2664320,4491120,
303789,19728,172857,147768,2120947,4888935,8102180,
798487,80695,283200,149699,3099785,4134305,6890460,
410115,43311,155680,89150,1603020,2278961,3798240,
367191,40093,136171,79552,1757523,2287033,3811800,
392099,45566,150979,79630,1540778,2455805,4092960,
103312,11916,41389,21286,1168026,1371197,2285220,
397086,41258,142499,76039,1536191,2052550,3420940,
691983,42300,401370,326001,2446443,8660114,14467600,
491658,42159,248023,180556,2123748,5049465,8381780,
274079,33252,124254,73228,1673354,2353146,3972480,
266979,19438,126766,84258,990847,3015080,4976440,
1060204,112161,396402,226922,5100205,6367292,10612040,
400819,41524,145916,78953,1559529,2145565,3576000,
339987,39061,127752,70843,1660229,2326559,3921820,
392311,27398,228032,180641,1438415,5213513,8705560,
299480,33253,105372,47601,1960437,2380922,3905640,
657038,44256,369761,295103,2343044,7880273,13133660,
420977,43315,153066,92535,1999851,2706865,4511360,
236467,30705,112689,67248,2005615,2405201,4060680,
169030,17646,57356,19217,663986,1180793,1969120,
416088,43165,142855,73453,1942125,2384992,3914120,
1188520,130750,438988,267463,7143345,10103311,16838780,
572172,63532,244913,147834,2193035,3246865,5411500,
203829,23628,88211,63163,2512132,2931970,4949280,
271787,29033,106861,50416,1006813,2435852,4031560,
700020,65022,290756,176082,3089916,6177860,10261900,
489323,42942,223361,160351,2693135,4993998,8323300,
410124,43041,154364,85354,1601300,2258883,3764840,
31360,4186,16553,10247,583826,735191,1281780,
392826,40915,139969,84411,2121951,2544278,4201320,
573348,63330,242874,137386,2196334,3170952,5276180,
799106,81124,283040,148956,3102995,3978005,6630000,
401837,41102,147413,83629,1561966,2092590,3487700,
23831,2131,6417,3579,454037,467952,779900,
401042,42574,149326,89263,1557670,2309977,3849980,
417256,43115,156578,96723,3182442,3420699,5701240,
440993,47240,165143,91770,1746752,2648791,4414540,
398240,41073,145889,88776,1546592,2083625,3472740,
19533,1969,7214,4064,371067,397692,696600,
405938,41858,148232,90139,1624404,2197713,3629080,
428443,44259,151027,93347,2455124,2884017,4806660,
799245,81172,287376,154413,3105370,4086872,6811420,
433641,44547,161491,95455,2965410,3364518,5607420,
46547,914,38078,36142,146747,1537995,2563300,
444682,46819,173354,110819,2098953,3165811,5310400,
947320,57479,561523,478106,4417013,13270763,22117860,
776615,58891,391609,307653,2789073,8180764,13600940,
420184,42677,150104,88985,1995309,2563940,4273180,
73049,1987,59508,57673,1223931,2475072,4150000,
794161,97642,207250,128892,3097382,4326552,7179100,
562527,41409,290372,220098,2041430,5544867,9241480,
799970,81330,283767,149430,3108450,4077008,6794940,
442072,46054,166433,103278,3487357,3859253,6458080,
442807,54119,133475,117025,1725492,4007168,6670420,
616717,70652,186549,114545,2761880,3952973,6588160,
979623,66346,596182,470865,3447740,12017426,20063020,
1131622,80076,608923,516571,4983551,14315474,23825180,
474400,44680,190076,118206,3193024,4246460,7077500,
368903,49443,80576,71252,1442728,2627429,4378960,
397471,41288,143870,79327,1537965,2137565,3562660,
399573,41405,148509,90567,1553263,2161513,3602440,
770687,78472,276539,160142,3329752,4219388,7032320,
538854,60620,233114,138378,3111973,3798131,6330200,
95336,9978,36363,12550,421341,705679,1176140,
397484,41174,144207,81152,1538245,2070110,3450200,
460424,48112,161783,95477,3409768,3726950,6211720,
419895,43277,149966,79560,1989521,2463159,4105320,
477969,57499,211475,130047,1777732,2696703,4494520,
139048,15179,51246,23682,1628498,1728214,2880280,
396349,41142,141282,76074,1533004,2035507,3392580,
425132,43524,152834,82243,2088225,2579890,4333840,
786330,86247,276639,150440,3606476,4761320,7901700,
446285,48651,164718,80874,1758373,2554210,4257020,
52820,5627,20872,8032,233016,396764,661340,
449670,47502,155260,86730,1777622,2399758,3999580,
450288,48192,181292,118838,2835276,4002335,6744940,
433467,54737,162111,87513,1981898,2896295,4771080,
375358,43206,146518,77730,2798455,3371774,5662220,
110687,12676,44326,16842,402943,790394,1272940,
427319,44242,153654,85699,2895275,3202204,5337020,
403893,41948,148587,86821,1569733,2198315,3663820,
737685,87387,292076,194349,3305739,6070181,10179440,
587317,66711,240272,121392,2627825,4043792,6724720,
219535,23681,75161,32101,1096599,1703071,2792720,
436273,46233,161299,100436,1719317,2509403,4182360,
577739,63892,249502,152245,2217503,3341566,5569300,
374084,43795,141668,76711,1783838,2481161,4135280,
213350,25000,93007,55357,893812,1576944,2690580,
241723,27262,81845,31200,909330,1348499,2185580,
402117,41510,148607,88596,2178796,2558585,4264280,
444109,46369,157949,95031,1740466,2470993,4118260,
220017,27890,105690,65457,828937,1542328,2619820,
608879,60967,198714,102928,2759720,3482939,5799820,
403554,43194,145286,76971,2030971,2489435,4105400,
398017,41304,143970,80206,1540419,2060551,3434300,
425326,43583,152975,87113,2017993,2544036,4240000,
197107,25223,98726,61755,1095209,1687486,2859380,
233465,23533,70324,25315,1637425,1870577,3072580,
398673,41666,145811,81558,1549602,2247028,3745040,
1201573,66903,784655,639030,5866308,18510862,30885760,
958015,43497,623824,528051,3232926,13380715,22267140,
64376,9747,29797,19922,389753,855867,1482940,
823663,83030,287229,158494,3463884,4563270,7548920,
585414,44297,303151,233545,3229115,7053060,11789100,
1158810,65182,756177,625929,3959361,15511848,25852900,
628583,45046,327084,253677,3528036,7284903,12107580,
329019,746,285843,266880,991961,6922693,11537800,
424266,44316,152827,81381,2259915,2877422,4795700,
609651,63210,274154,168946,2316554,4220575,7068280,
880535,44305,550127,462683,3638920,11946051,19886360,
425542,45130,168245,98319,1694879,2689783,4482980,
21604,1750,4585,2495,447234,375346,625560,
802237,81371,288251,164381,3121181,4157239,6928700,
409966,42610,152409,92420,2098438,2616596,4360980,
431923,45684,159769,98527,1699587,2429089,4048540,
427584,44496,152454,94749,1665333,2336309,3893780,
98190,2434,83811,75198,318328,2741869,4569860,
426363,44003,155381,94706,2836853,3246038,5410100,
401351,41253,146247,89421,1559388,2216469,3694080,
419802,42839,151023,92323,1988060,2456697,4094580,
397837,40490,142112,77537,1545024,2022285,3370460,
12291,1466,5008,3785,1515235,1139391,1899020,
919087,90838,332090,163158,3648234,5311818,8699640,
846835,80357,302722,95557,3501406,5624699,8651140,
861763,81984,308576,109527,3563058,5765634,8859940,
1109761,107694,386981,147333,5944677,8775740,13499320,
479752,42442,168759,26360,2083215,3615971,5566820,
998941,101172,234011,98670,4444698,4976671,7646460,
635992,59091,170626,94411,3090677,3463567,5783220,
848040,73528,204339,97786,4397840,5227389,8720300,
1219863,103055,470946,125385,6035048,7351231,12157040,
70603,7562,9107,7988,1274310,1039442,1732480,
846932,87066,302367,169645,3325914,4545786,7576340,
430878,44461,151963,81135,2763705,3088716,5147880,
433442,44313,155446,87698,2356230,2869556,4793860,
421935,44755,163164,93676,1648041,2529966,4180800,
37386,3833,17250,11012,1483266,1363939,2273360,
569868,63454,241068,136628,2175971,3121168,5202000,
398571,41071,143591,76934,1548720,2022631,3371040,
397794,41123,146754,88646,1539930,2080251,3467060,
442742,45188,154126,94253,2082281,2673374,4455660,
326150,40365,129074,95417,1767174,3815881,6359820,
808572,82085,283237,151616,4374701,5134975,8558300,
423629,44465,159402,95445,1685525,2454809,4091320,
402279,42025,150590,87675,1557466,2219834,3699760,
368829,39312,141348,88354,1464066,2126409,3577740,
87007,8880,36722,19821,2078070,1977928,3297040,
575341,44107,291942,224945,2089242,6469713,10748880,
467304,50369,190856,118693,2696078,3947957,6622300,
888279,55158,511036,418744,3100560,11497298,18034280,
354162,40052,137117,78034,1358405,2115159,3587600,
51887,5161,18517,5983,214092,275676,401900,
837099,83656,304427,167849,3606874,5215649,8726900,
634766,50366,318186,238688,2317838,6330533,10516500,
486562,41095,244194,185933,2121900,5027280,8412780,
449946,47987,190211,117774,1693947,3500151,5799720,
158670,9474,100042,81028,575120,2348524,3914300,
650803,52273,304702,224173,2448847,6228327,10380340,
528480,53244,204176,143437,2034848,3974065,6657440,
677921,54019,360404,272990,2803438,7751314,12905840,
345684,40930,144306,88340,2184013,3012119,5047500,
134496,14028,43733,15044,851338,1116215,1807820,
797524,80791,284228,156790,3101204,4017143,6713560,
411116,43221,150973,82648,2226281,2650643,4398640,
341404,35710,161617,105713,1326834,3384376,5735240,
420443,42151,202913,140772,1577272,4197363,6950160,
337552,29084,149381,98927,1219579,3212653,5309800,
716354,74288,272051,190327,3825369,6362685,10604560,
573341,63042,242041,147821,2198883,3166043,5276740,
299721,27943,176114,132436,1084712,3442223,5788900,
223732,22932,66885,23147,944265,1493083,2487500,
522748,60131,180956,109189,2923504,3858346,6375060,
971175,102405,375722,208204,3741118,4997624,8329360,
397573,40736,145178,89003,1543585,2048893,3414860,
154975,19595,68948,49115,660133,1420352,2429300,
513607,53087,238884,143263,2254390,4101361,6773660,
484965,47135,220900,141746,2244530,5094050,8558220,
472076,42517,203410,131523,2565960,4065325,6707600,
431368,44779,158509,91635,2046742,2637974,4396600,
63061,8505,26719,17900,378798,768822,1330500,
374783,40430,140496,76420,2133569,2593456,4276820,
402093,41723,143772,76882,1558676,2051362,3419000,
804655,81505,287153,163328,3126215,4084283,6807100,
397371,40762,144992,89133,1542674,2049439,3415720,
47723,5178,22916,19090,616624,830288,1446300,
415092,45402,154232,81706,3977211,4259372,7034800,
426479,43797,154353,96194,2467259,2853449,4755820,
409479,42756,157469,92317,1604959,2420741,4034520,
434294,45205,168431,106670,2074690,2896511,4827560,
1728,260,1366,1564,73475,119413,257660,
444667,46918,157307,88973,1939464,2706644,4462800,
479462,49022,149392,81783,2308351,2700922,4501480,
800199,80907,286234,163014,3110580,4047654,6746080,
413015,42208,149914,87820,2667942,2973347,4955540,
551,92,531,736,6718,56035,117520,
637313,71166,265019,153691,2832832,3932741,6535620,
422613,44248,156731,86578,3261141,3506358,5843880,
396266,40813,144808,88772,1532152,2088272,3480500,
595295,65019,247009,150298,2647121,3511658,5852720,
1813,273,1445,1344,8993,39519,65840,
443751,43048,181717,122195,2267643,4235358,7092980,
680442,75854,277929,183617,3074796,6689000,11142620,
938766,92752,344177,212851,4744925,7168795,11940880,
545842,61386,193951,127644,2171873,3509130,5847160,
3910,423,819,144,7542,0,0,
400284,41931,148085,79984,1551069,2170963,3618260,
428911,44281,154093,84672,3008896,3302498,5504180,
424570,43160,153826,94776,2730196,3016326,5035140,
479012,40933,215204,148035,1801031,4262096,7137520,
167624,422,144697,134190,497180,3333802,5522340,
574034,63901,245346,144800,2197041,3280120,5466900,
638629,67376,289646,187107,2440767,4443148,7416920,
830923,84430,292759,167562,3612433,4531687,7545660,
411636,42289,151892,94132,1589497,2194517,3657580,
6108,703,2976,2913,778556,584647,974400,
426920,44752,150859,84070,1657129,2327338,3878980,
402768,41839,151981,93610,1571129,2238907,3731460,
988411,44851,642863,548540,4137975,15148576,25281520,
410190,40199,156833,104625,1573943,2303345,3805020,
3903,490,1401,1167,16493,59484,99100,
396733,40919,143874,80961,1534532,2044041,3406700,
527150,43186,243382,181253,2327332,4975825,8327160,
843577,76297,380061,254921,3664771,7025237,11719680,
450531,48648,169567,86123,1747218,2540034,4184180,
73603,6832,24387,13818,675888,713924,1189880,
591535,59414,209808,126405,2361282,3433277,5721980,
433861,46004,174604,108882,2841981,3732952,6221620,
366516,37170,130053,79997,1754586,2043356,3405600,
525057,63283,196039,108981,3708968,4811989,8020080,
80576,7755,27187,13495,703627,779213,1298600,
592718,65813,251802,146551,4108530,4751671,7919480,
583256,64750,247965,145861,2238772,3329295,5548800,
575419,65257,231834,139711,2581799,3541076,5951320,
244146,24179,75236,21075,962167,1437174,2355880,
410613,44138,150129,79412,2632336,3286006,5457920,
420081,43039,149639,81324,1990076,2453680,4089520,
412564,43099,157351,98096,2571299,3124529,5207520,
345739,40003,132147,70985,1311140,1999743,3332920,
85085,8280,27642,13125,2045845,1719939,2866600,
401966,41533,145149,76878,1562406,2110337,3517200,
420111,43514,145767,77558,1625941,2168460,3614020,
541508,58794,197041,121836,3155454,5015797,8359820,
297864,35769,119138,65016,1187466,1944190,3287420,
534410,55037,190886,95770,2081990,3035131,5014060,
427239,44117,153967,89311,2025944,2604987,4348420,
407231,42485,151814,92647,2527005,2921314,4868860,
432526,44411,156243,85788,2043116,2583688,4306120,
249646,31801,124776,82214,2179073,2767309,4662760,
185377,19352,54212,14418,727138,1081961,1752620,
428376,44103,151779,82111,2891389,3129362,5215660,
424033,43289,150436,81819,2347035,2747063,4315820,
461279,48091,150483,87659,1876409,2410471,4017520,
135764,13198,49471,37483,927717,1802969,3102900,
1104401,75228,616475,456410,3900486,12395458,20562140,
408321,42430,149630,87397,2900165,3197711,5329580,
399895,41794,149091,86609,1543778,2192369,3653900,
411816,43460,157216,96668,1610324,2482124,4136940,
14147,2881,12740,8433,173281,384252,694900,
690946,46549,374923,291647,3848948,9090669,15133400,
470847,42593,202816,140953,1764345,3508058,5813040,
423514,45457,161223,98224,1664007,2490077,4150160,
693614,78798,265152,163757,3153430,5585518,9309200,
33946,3061,10891,8195,739072,689071,1148420,
1000832,107820,399617,220316,3903952,5769863,8951160,
427678,43799,150928,81531,2023497,2499088,4165160,
428241,44985,153022,87178,1663247,2392209,3986960,
404567,41864,151191,95556,2303933,2725952,4543200,
284240,7709,215519,201879,903526,5813457,9689140,
561843,41832,286128,210380,2033012,5583881,9306480,
399102,41415,143890,76655,1551855,2111042,3518460,
429574,44217,154118,90286,3169798,3484725,5807800,
484613,41700,228616,164605,2145457,4993688,8368460,
70013,5992,32519,17713,272222,645443,1027100,
809010,82754,291123,155139,3710389,4651162,7752040,
416906,43525,155651,82851,1623426,2376794,3961300,
440702,45527,158323,97367,4778012,4584949,7641560,
321016,42416,154078,97648,1305151,3039758,5109760,
417983,43219,137047,37162,1774048,3160133,5231460,
1004916,101878,404892,163292,4074443,6759480,11264340,
842705,79690,301788,111994,3835874,5882161,9800640,
835115,79912,291247,97619,3437673,5446935,9079660,
444587,40590,158737,26900,2699367,4049279,6810160,
1053877,101811,269213,96926,4919767,5649289,9315700,
1007591,97917,313337,169320,5883417,6506378,10843940,
406880,42387,148692,83292,1581882,2286306,3810540,
1683478,129418,541924,162623,8864747,10099655,16832840,
4522,983,7959,5949,51869,230875,429020,
401839,43322,146007,75773,1536777,2249191,3699980,
398297,41065,146975,85922,1541083,2141686,3569480,
595753,65121,250416,151796,2651496,3590952,5984860,
420154,43352,147956,90288,1625298,2209921,3683140,
45905,5936,18261,13470,1656912,1489186,2481980,
405607,42648,149390,79397,1577058,2228903,3714820,
972637,102898,381291,208419,3743713,5061363,8435520,
577181,63994,248497,148152,2214670,3279724,5466200,
428355,44008,157607,98254,2751001,3153060,5255120,
4768,762,5866,4090,25505,158912,264860,
605096,66806,254049,145804,3055717,3946942,6578200,
570233,63264,243014,137584,2177582,3114058,5190100,
397821,40880,146102,88945,1544646,2075649,3459300,
344863,37566,129919,70784,1307174,1813444,3022440,
74370,7074,24136,10449,678517,718765,1197940,
406125,41981,148572,86638,2233378,2624584,4374300,
892859,83440,362722,220546,3405306,6861819,11436380,
431013,45354,154442,83804,3191912,3606193,6010340,
402286,47587,151296,85417,1579405,2583007,4304980,
59132,6371,23904,9927,255783,467127,778600,
398047,40701,142023,74998,1545697,1990839,3318040,
426404,43512,154087,89858,2012727,2497995,4163500,
406595,42318,149418,85511,2525972,2893490,4822500,
266722,33006,116570,65630,1054651,1803163,3055160,
244066,22751,71416,36657,2690164,3372066,5596580,
729301,45477,439491,354241,2588210,9132751,15205480,
795866,80493,280555,149984,3090444,4038651,6731080,
398610,41095,144621,82753,1548828,2062988,3438260,
178085,19614,53472,35855,2163093,2420599,4096700,
324440,37151,144343,72752,1261287,2398759,3938120,
400990,41523,144320,76474,1549522,2070693,3451040,
397232,40835,144334,77544,1536518,2046642,3411080,
427994,43928,153220,94806,2029593,2592392,4320840,
6854,1561,9887,6342,81633,264859,495800,
677900,77930,266839,158478,4005878,6226432,10321980,
438498,46966,162134,95749,1735898,2671242,4452020,
839484,86377,311235,173017,3324553,4693815,7823020,
393593,37230,164836,106078,1466233,3481937,5803200,
282023,27468,97539,52466,2426115,2910212,4850340,
426846,46508,171326,97908,1655442,2904445,4840760,
603148,67980,255504,143526,3583358,4746213,7910380,
408989,42874,156702,95886,1591521,2299752,3833020,
345869,39425,131189,70636,1316153,1957015,3261640,
52108,5250,19033,6945,229368,356181,593640,
428532,43880,150822,81191,3021455,3141680,5236060,
398040,41158,147544,89655,1545937,2117300,3528820,
797957,79962,283183,148411,3098873,3968070,6613440,
1695571,139471,300442,135802,8530060,9402311,13325680,
3586426,249770,337364,33375,19487336,14075098,18760860,
4316534,312439,385002,86528,21981424,16284338,20416780,
4477977,323102,521963,113666,22782075,17889852,21214600,
4656494,332794,535768,97554,23639978,18036214,20284220,
4821926,331936,498387,72849,25691196,18816209,20591540,
4888972,328482,408314,38238,25827475,18098910,18880740,
1670494,135923,258898,108587,9740343,9127818,10482440,
398964,42021,146321,86776,1548412,2463553,3079360,
800175,81324,285726,167799,3106619,4040815,6510540,
23201,3145,13702,13342,177095,352364,621020,
398481,40245,137496,74066,1822116,2175914,3592420,
399422,41990,149601,91808,1546036,2156350,3593940,
411674,43428,155842,93929,2714532,3170389,5283980,
397481,41220,146173,90350,1536379,2106578,3510940,
24377,3177,17673,12748,100284,360628,600980,
398623,41471,142338,75199,1546940,2019447,3365720,
592472,64831,245142,143083,2628121,3413321,5688840,
401330,41855,149005,88599,1559545,2152508,3587480,
620898,70747,271588,175024,3351072,4360771,7301780,
448625,46825,143435,59806,1878241,2633566,4355560,
408485,43001,150242,86348,1587110,2209636,3682760,
396859,41148,147736,93444,1533385,2082430,3470720,
434838,45231,160328,91621,2059088,2928845,4881300,
393376,35357,171664,118886,1937899,4794880,8058340,
353330,22731,218673,157958,1286106,4836602,7993940,
526066,56245,174753,97404,3984395,4614524,7691040,
482801,52336,173494,99887,2273475,3100359,5167260,
572276,63087,238921,140218,2192959,3081769,5136400,
304214,33028,115995,66782,1198861,1712848,2888500,
505325,50335,177652,99719,2723083,3180479,5266680,
431795,45431,150257,82756,1681449,2560091,4266700,
572490,63466,241205,136810,2187997,3084521,5140780,
398496,41196,146462,93854,1546063,2088828,3481420,
217195,25157,94074,59848,951398,1696690,2895820,
406084,20330,222882,167060,1693659,6032135,9985780,
402503,41925,147867,94087,1968509,2541959,4246200,
465868,48813,153006,95437,1885962,2536924,4206360,
573797,63302,240901,138317,2199808,3135790,5226240,
165083,18491,73963,54504,627690,974333,1658000,
632820,62952,208232,99990,2469590,3010016,4982920,
431546,44701,157287,99642,3019665,3332571,5554300,
441861,47241,172908,100257,2075667,3174462,5290820,
404045,42269,152729,93765,1574895,2307818,3846320,
15245,2538,13307,11377,76333,338246,597420,
401714,43477,148723,76088,2189535,2614613,4324060,
573257,63181,240606,136976,2197961,3087975,5146640,
699420,78306,265403,164265,3523894,5823005,9705020,
346723,36181,125660,74292,1318481,1739589,2899260,
135051,17146,64942,43570,646749,1460621,2434300,
808157,84047,283972,153059,3606284,4567273,7612200,
407137,42712,153161,96098,1583491,2315339,3858860,
433918,45000,158417,93558,2699122,3132121,5220280,
277704,32827,132841,85665,1104412,2079794,3500200,
196450,17899,52722,20813,2737712,2466835,4048200,
400233,42811,149796,91288,1549229,2271875,3786420,
422439,43788,148751,90864,1640330,2221221,3701960,
397490,41300,145708,89486,1536367,2075677,3459460,
114424,10516,31526,25191,819874,931960,1643900,
317848,35490,127974,64988,2628729,2766565,4577400,
800104,81317,283642,159789,3106158,3993871,6656480,
434394,45453,158002,90211,3443074,3655991,6093240,
416461,42654,149739,91697,1971029,2429426,4049180,
24936,3276,14709,9378,1548948,1448170,2446880,
419861,43767,152632,90214,1982893,2517512,4162320,
453455,49397,166207,103133,3742593,4039104,6731740,
399184,41555,147322,93253,1548327,2125061,3541680,
436001,45620,157343,87117,2868665,3301158,5501960,
24096,2139,6732,3281,822462,739307,1273940,
418907,44631,156836,83640,2348928,2837082,4686660,
971728,103118,381104,219911,3741356,5146374,8577280,
405346,42322,150448,93364,1576708,2197541,3662460,
420939,43600,151232,82343,1992742,2490640,4150980,
4915,584,2517,2350,585994,470997,784980,
399721,41608,146015,82727,1548569,2071408,3452360,
427147,43968,150510,84668,2728520,2944573,4907600,
403531,42316,148398,90147,1567847,2263279,3772000,
403787,42506,152379,93872,1570086,2295967,3826600,
24088,2068,6985,5682,460533,441933,764040,
408638,42964,152002,93432,2525307,2891495,4805900,
798018,80630,278918,147150,3096560,3886550,6477520,
452706,48163,164499,102615,1787765,2623105,4371900,
390814,41602,138357,79786,2404303,2708430,4514020,
63284,7171,27931,13612,277090,583727,972920,
421025,43358,149837,92018,1997716,2459384,4098960,
403436,42286,145627,79915,1563055,2178024,3630000,
409068,42804,150547,89447,2993673,3164908,5274860,
345676,36545,125010,70264,1309136,1821961,3036600,
75511,7166,24671,11240,684732,798603,1331000,
408301,42884,149015,83849,2228431,2721559,4536040,
971176,102709,378149,215731,3739288,4948937,8248380,
794212,85185,311819,179169,4024116,5376293,8960360,
362080,39676,147661,86528,1395165,2399242,4021000,
90107,8613,30107,15957,1724274,1557846,2573500,
411827,43770,152358,83566,1608185,2229930,3716540,
397685,41495,143728,76948,1536937,2003422,3338960,
461002,43284,187684,130744,2116338,4296554,7160860,
293294,33933,76929,56351,2492391,2725780,4576660,
322927,32453,121160,54334,1300925,2066411,3417280,
1002149,100795,400156,177882,6104940,8516379,14201460,
1216207,118038,432918,171587,4922995,7489484,12482220,
811157,80361,284878,96663,4941987,6872579,11488040,
493787,44170,170466,31185,2652270,4058161,6769360,
1176663,116089,328952,124216,5263256,7046355,11730900,
485054,51539,154280,89403,1868171,2575897,4269140,
607533,56464,162942,98125,2601478,2940236,4900360,
1463690,112964,407837,117066,8324417,8593333,14355720,
567755,57418,256757,113009,3241291,5671071,9418220,
396785,42310,139592,74880,1532461,2400978,4001640,
431689,46174,165188,95745,1720858,2646800,4411280,
852988,83341,321737,191989,4686732,7028578,11714340,
440092,39266,205085,148404,1667569,3927463,6579740,
88351,10429,30330,15046,345258,634388,1052980,
579484,49528,272958,195730,3429995,6468176,10814340,
610810,50006,294119,220096,2233079,5681427,9435020,
441087,45302,159045,100161,3524663,3748609,6247800,
534619,66286,166742,126476,2078185,3786015,6343800,
357291,37390,118225,74929,1409994,2863703,4739220,
397810,41608,144005,78823,1537939,2149209,3582040,
445496,48413,167848,104882,3272248,4030169,6716860,
837678,81014,313228,181557,3216880,5195015,8658320,
112797,3510,86296,79049,764391,2519397,4232820,
845019,91713,303007,216539,3188594,6738072,11196320,
546370,46348,267719,199450,2950003,6287984,10479980,
823260,68581,390777,315499,3011435,8369775,13983600,
572688,61401,199956,133708,2191845,3571944,5919240,
1069,248,2006,1618,8005,110161,234620,
600665,67495,249766,152324,2994903,4110575,6795440,
436086,47367,158814,95368,1715268,2435105,4058560,
426565,45101,154261,99356,2763637,3554992,5925040,
808392,88006,327933,197660,3103089,4222291,7079580,
223514,20810,65667,22501,1232462,1530190,2483000,
414956,44250,150998,82195,2866305,3133642,5222800,
398328,41712,145758,82312,1540338,2079859,3466400,
399253,41646,145365,82395,1550548,2051864,3419780,
479910,41632,217163,147956,1785685,4396866,7328100,
21550,1620,3850,2884,446919,351972,586580,
405556,42303,150182,92623,2155023,2734770,4557900,
397486,41273,147148,90138,1536546,2109583,3516020,
399645,41412,146987,90863,1551323,2081865,3469700,
535688,57606,207392,123626,2000716,2640799,4435160,
288299,26756,81248,30960,1567244,1793834,2769340,
447645,49068,179787,109793,2967809,3938458,6564060,
431048,46282,163665,98255,1699821,2608736,4347900,
647124,74393,265179,164184,2529070,3866345,6443880,
403788,42247,146279,83377,1564993,2112725,3521180,
114635,14730,31351,19450,2131690,1856374,3093980,
399583,41576,146439,89958,1551625,2138110,3563520,
401721,41913,146565,80860,1554556,2076684,3461200,
401735,42134,146239,80125,1561789,2173972,3623260,
238763,27064,104555,67238,1276671,1584717,2675060,
678989,60368,264403,171149,4265614,6764764,11240700,
403655,42707,150270,84892,1708002,2392704,4031120,
444840,45756,164006,106167,3437059,3872296,6397220,
399614,41683,144535,82806,1551400,2085701,3476160,
117960,12391,43416,31868,464572,896806,1528160,
325847,35696,123846,60814,1257056,1794615,2957560,
483012,49659,155677,99329,2323445,2860118,4766880,
407226,42521,151048,94754,2513439,2846300,4743720,
397828,41534,142549,81906,1550646,2065043,3441720,
40246,6307,16837,13657,186701,465699,810160,
807675,82771,289207,165495,3126104,4080480,6766860,
420588,43083,148467,87938,1996102,2399723,3999420,
424380,44779,161400,98909,4026294,4163661,6939420,
241300,27308,106225,71278,1287369,1611853,2720140,
183036,16471,44808,14460,1041209,1170480,1918980,
704365,42982,411079,327348,2469916,9142121,15270620,
1426640,81230,904931,759290,5398630,21537796,35896260,
736719,64357,382568,277529,2685537,6532098,10852900,
152015,15560,54598,39321,1004236,1473433,2489580,
312462,35193,125432,63672,1774981,2196152,3626520,
815394,84801,300028,165351,3167683,4615831,7692880,
720003,43021,426866,353895,2528776,9492069,15854020,
736252,42427,437598,356283,2550168,8859576,14732060,
110674,2075,84898,79856,727789,2730725,4618480,
820823,44117,490082,393997,2903371,11408908,18947860,
421290,48158,158979,96674,2905581,4126376,6877280,
398388,41542,146339,90095,1545829,2112459,3520820,
401603,42163,148643,84024,1557715,2211674,3686080,
28101,2700,8929,7565,475180,506047,843360,
414114,43909,147672,85972,3691940,3665219,6108660,
999945,106344,384262,223784,3855527,5287175,8812060,
398691,41602,145746,83622,1547271,2201126,3668600,
403131,42259,148715,82059,1565854,2175061,3625040,
21732,1571,3858,3003,447645,347642,579400,
405962,42361,148918,93766,1944139,2519342,4222340,
403041,42003,148445,90673,2064877,2493555,4121920,
399746,41564,146136,84639,1552504,2068687,3447760,
398130,41552,146858,90347,1540753,2072600,3454340,
25615,2163,5864,3215,464089,388894,648140,
409382,42637,152714,93913,2573726,2911035,4851720,
1023998,103732,344841,179361,4072633,5309228,8848700,
420866,46130,167393,110936,1636962,2875459,4792240,
431718,44614,152469,85524,2270502,2721265,4535540,
12412,1998,10511,7832,56342,200591,334320,
399398,41716,140930,75235,1550618,2043515,3405780,
398639,41506,144057,81576,1542320,2040400,3400660,
420303,42861,151338,92755,1993853,2554101,4256840,
372585,40035,141867,88504,2523890,2954496,4957720,
33304,2958,9910,2107,89375,139727,199140,
399217,41594,146697,92836,1550256,2132299,3553800,
819688,83136,286140,159507,3545485,4319811,7199680,
399330,41619,147808,87622,1550132,2125546,3542660,
359331,38598,135434,77607,2314586,2798459,4697760,
51725,5116,18077,5752,217290,294015,456260,
398682,41759,144007,81644,1547259,2105585,3509360,
468970,49251,162551,96187,2192527,3016587,5027600,
405335,42164,149719,92952,2015309,2516543,4194220,
328016,34545,121542,72255,1262339,1827873,3079920,
112522,13669,43502,22628,467493,927890,1487880,
420627,43020,148240,87427,1995727,2397349,3995620,
980479,104128,379237,212893,3775637,5089429,8482340,
417595,43781,155610,101503,2861230,3190262,5317100,
206031,24188,95373,60361,775021,1295481,2194260,
212771,19014,53436,19286,1206058,1272964,2086980,
399919,41974,147693,91034,1553891,2255231,3758680,
724810,47046,411551,339904,3640716,9924722,16575180,
676885,52342,325566,248238,2539951,6784290,11273460,
153763,17137,65300,50042,595523,1141785,1936800,
304301,31602,111661,54595,1552512,1976122,3259700,
410624,43320,152537,94694,2428409,2918610,4864400,
801004,82209,291487,171054,3111827,4201430,7002420,
614187,45746,322113,245439,2261727,6914185,11554360,
121094,10994,36059,22563,820004,1057139,1769880,
403862,45280,153619,92357,2357283,3261359,5435780,
657761,65268,307104,211878,2457930,4946640,8210340,
409042,42860,154208,98380,1582514,2405448,4009060,
768388,89448,272384,178031,3914642,6849089,11448580,
141560,16662,37618,16843,651132,1148681,1914180,
521282,58407,206373,123775,3662039,4651895,7719880,
403797,42541,149582,95330,1569335,2409314,4015560,
831089,86042,288511,156512,3233613,4370434,7284100,
358418,36552,133601,81975,2247364,3344238,5641260,
204065,9818,132829,105089,720512,3403933,5605780,
397446,41775,146030,87633,1536180,2175674,3626120,
398710,41682,148093,94033,1547363,2136589,3560960,
601419,67431,258240,160902,3504075,4490485,7484220,
232884,27213,105557,68480,919076,1483465,2506260,
164837,14816,44677,14590,620777,869947,1416080,
432948,46764,156719,86210,1700612,2404617,4007700,
420218,42858,148478,89737,1993987,2376461,3960700,
816015,84439,293183,170671,3967176,4909345,8182100,
188204,22275,92161,62995,732436,1765337,2984360,
331431,25309,154317,104840,1223229,3538781,5853980,
409981,43838,155912,89859,1593290,2453774,4089580,
420335,43046,148067,84832,1994492,2429303,4048780,
415466,43875,152018,90559,3943773,3913657,6522740,
205573,19972,84695,65805,768979,2029649,3416400,
469088,46262,178541,117589,2913750,4407988,7346840,
407076,42918,150969,97432,2769288,3163277,5238120,
398683,41522,146398,89288,1547118,2107661,3512800,
927195,100529,376308,223676,3599362,5262927,8805380,
100668,9267,28479,12556,802942,868610,1447880,
542307,60585,234705,133158,2010972,2987513,4945380,
756083,74654,286278,121637,3360016,6017808,10037440,
823899,78352,301303,116555,3408770,5612784,9343540,
874026,84507,309928,113060,3916001,6233591,10349360,
508789,45201,174224,26048,2222124,3682499,5806280,
834446,81670,302880,99589,4168099,6777125,11320400,
899552,91577,224570,118017,3983507,4499354,7464940,
746914,66016,170258,97246,3343236,3303807,5506420,
1463698,122693,367072,173506,6728092,7158405,11964400,
577553,41239,274212,34421,3156857,3864825,6407820,
404413,42506,150429,88086,1577528,2371872,3953080,
399896,41929,144995,78940,1546768,2087607,3479380,
398757,41226,146592,89306,1547428,2080831,3468080,
427377,43807,151179,85038,2755712,3037710,5062900,
0,0,0,0,0,0,0,
572739,62948,239078,135839,2196259,3037614,5062740,
432977,45262,163459,99995,2046318,2659969,4433420,
408961,42436,151081,97804,2780893,3025718,5042760,
478068,56555,213782,136088,1811883,2813182,4722520,
536663,52686,182511,85342,2121609,2679708,4432440,
420045,43099,148079,84671,1993189,2382030,3969980,
403213,41638,146880,89668,1558303,2120140,3550680,
410068,42559,151337,93826,2849288,3090272,5149740,
370526,39729,145893,85613,1457178,2297240,3828760,
115333,11842,23809,10728,551461,714940,1191500,
423039,43825,152187,93188,2008817,2573509,4289240,
397236,41428,147441,89622,1535146,2112628,3521100,
407059,42330,150983,97663,2352417,2775499,4625780,
235188,27948,101253,66065,892998,1424887,2405720,
598715,59582,192384,93231,2348761,3044069,5039700,
425954,44126,153411,86368,2025305,2514294,4190600,
401912,41799,144156,79683,1554925,2100759,3501300,
409433,42864,153077,92137,2751201,3065277,5108740,
116668,12824,35081,27216,496536,801296,1369260,
775511,91296,342877,207175,3408013,6046540,10033960,
594232,64765,241662,139144,2641541,3513933,5856520,
440107,46898,173879,107168,1767854,2735481,4559240,
411847,43784,150704,89869,2360501,2836835,4728040,
194587,19172,65196,39833,830441,1416845,2395220,
821850,85819,302365,165336,3185103,4700363,7743820,
420405,42960,147536,82905,1994797,2399771,3999680,
598713,68056,257829,159073,4251101,5953912,9923200,
365573,38679,134120,74117,1473252,1942260,3270840,
68484,5753,18683,10218,589561,678426,1096980,
736914,65177,385000,281043,3380999,7886877,13178860,
905058,47260,542746,444578,3216271,13039878,21699200,
397280,41357,145804,93357,1535684,2155125,3591880,
276523,32030,121234,78660,2362811,2686064,4510760,
566544,54627,180012,84414,2206277,2714963,4490980,
804916,83206,280806,147342,3123606,4053891,6756560,
432826,44600,160426,100923,2672825,3118693,5198000,
397535,41641,147416,89255,1537290,2256415,3760740,
3903,495,1471,1182,16493,52400,87340,
423203,44525,148584,84932,1643239,2289348,3815540,
419068,42960,149379,90242,1983636,2469916,4116540,
407871,42509,146406,80760,2513997,2785275,4642120,
397468,41410,146987,94977,1536506,2072813,3454740,
552,91,516,516,2550,21742,36240,
433958,44296,158298,98995,3417797,3546511,5910840,
800625,81242,281488,147517,3108672,3915059,6525060,
441228,45082,176928,117662,1787671,3461002,5802200,
777842,71285,381626,268441,4278430,7530575,12517360,
7986,991,4482,3842,30531,93807,156340,
398458,41388,144960,88949,1546280,2094014,3490040,
397913,41541,144896,87004,1538325,2065469,3442380,
434669,44919,158426,93481,3012300,3369824,5616360,
409593,43513,157120,96373,1591755,2311883,3853120,
27313,3829,18773,15438,112537,427468,712480,
422977,43518,154577,99189,2007675,2557032,4261820,
800033,81729,281704,150872,3106780,3947904,6592920,
411232,42932,154573,94366,2591214,2984646,4961000,
562472,42005,289327,224364,2035156,5943302,9905560,
3903,495,1453,1177,16493,53762,89640,
573467,62875,243979,150033,2198579,3170752,5284660,
420288,43024,149479,90169,1990129,2460522,4100760,
598360,66599,252606,145806,2321712,3407077,5678540,
589146,65895,246917,143480,3214923,4025587,6709320,
7990,1004,4543,3281,30548,91075,151800,
448427,47526,160451,98821,1755874,2597179,4328480,
1004092,106097,391410,227359,5545412,6669423,11115780,
573374,63494,240819,137003,2198774,3105000,5174960,
397030,41441,145572,78952,1534224,2181579,3635900,
32059,2829,8141,5854,1614647,1245482,2075820,
398692,41410,149041,91333,1546975,2147589,3579400,
457941,47381,148009,88655,1853718,2285116,3808480,
420577,43445,150675,86807,1995601,2465135,4130040,
408326,42624,149671,92015,2786880,3049203,5056340,
5552,879,3514,2228,24006,116987,194980,
402293,42013,149235,90146,1565391,2169635,3616040,
856429,88459,315797,187630,4890917,6126979,10211500,
434508,47928,161202,90734,1739051,2613771,4361120,
9826,994,4982,2963,21342,67791,113000,
447075,47099,161375,85459,2104130,2746626,4577680,
462975,50153,160389,97548,3515003,3708811,6181260,
717507,76134,297407,197251,3186960,7178740,11964520,
350056,32517,165455,126932,1680716,3590268,6017940,
269163,27874,92577,49928,2362331,2692780,4457100,
403830,42447,144538,77239,1574870,2198733,3664520,
401782,42141,148533,86539,1562829,2185349,3642340,
804609,83525,289797,164749,3122627,4151867,6919780,
43912,4524,20845,16865,1560389,1482661,2471160,
587867,65610,259758,157829,2279766,3621128,6035300,
397112,41620,142620,79188,1534784,2061445,3435740,
444747,45790,153268,92995,2097840,2681653,4507560,
403334,41934,148472,90795,1552368,2107052,3488920,
26716,3747,19312,15944,287006,566187,977540,
445382,48269,161470,100101,2726031,3375935,5592520,
409009,43499,151138,86251,1596739,2297301,3828740,
408158,42972,149069,81223,1585064,2159751,3599620,
998101,105849,396178,263624,4205841,5756337,9593800,
6622,1079,7022,4101,34590,179653,299380,
407280,42229,146090,84430,2636753,2855310,4758860,
398390,41705,144899,80045,1542156,2057407,3429000,
398825,41099,147240,90280,1547757,2083347,3472220,
429013,44302,151401,83934,3053054,3330332,5550640,
0,0,0,0,0,0,0,
399651,41509,146041,88939,1552274,2085486,3475720,
431861,44882,159591,99714,2041470,2641387,4402360,
409417,42966,152124,94423,2521505,3059384,5098940,
753802,79530,275448,162135,2912428,4063142,6818840,
51973,5192,18738,6062,212987,274415,416900,
477029,51074,169877,107788,2260663,3003948,5011400,
409231,42837,149543,85776,3140691,3318828,5557060,
411631,43413,153848,96682,1945508,2535217,4191420,
346149,37513,131900,86746,1661365,2157610,3629820,
258006,29624,122561,63937,1947345,2334530,3856980,
399101,41579,142444,77989,1549243,2046545,3410860,
607828,66347,250508,153155,4697131,5020938,8368260,
398195,41734,134832,76186,1888180,2440928,4102280,
458993,46863,164215,92842,1812460,2421184,4001620,
583656,65139,252947,155052,3115338,4088024,6813360,
399476,41628,144865,86824,1550637,2081061,3468440,
421642,43332,151530,87623,2179589,2587887,4347160,
211659,24704,95748,60247,1461135,1719104,2865060,
195335,18087,51791,18325,783308,989089,1614380,
431221,46507,156129,89098,1693081,2359050,3931760,
431651,45135,155439,89044,3349812,3491627,5819360,
405338,42168,147687,80412,1567261,2107436,3512400,
197089,19590,66622,36109,831140,1340297,2233880,
830074,85715,294156,162787,3590867,4501585,7502800,
440990,48034,177694,105360,3400585,4321362,7202140,
399253,41783,146464,89808,1550270,2100585,3500920,
441495,46564,166111,98812,3036898,3539634,5899320,
0,0,0,0,0,0,0,
460441,47719,150532,93473,1869358,2427670,4046140,
592018,64455,247731,147742,2624643,3510485,5850840,
574874,63277,242668,148063,2205950,3121972,5203260,
578682,64231,243106,139412,3043745,3716104,6193500,
2692,559,3830,4183,18719,159267,275980,
859406,91082,318912,199523,3363827,4992186,8207720,
403034,42434,152574,92650,1566085,2225219,3708740,
438480,45520,157409,98720,3293132,3526236,5877060,
397449,41606,147885,93957,1536227,2107503,3512460,
550275,92739,163210,149448,2107945,5630970,9384880,
706952,79365,267846,163266,4366829,6700343,11167220,
398418,42092,143474,83294,1540523,2161957,3603300,
698144,68225,267672,118306,2903664,5225566,8711160,
815604,79934,315973,122188,3302221,5534962,9263320,
675903,63809,238740,56969,3814970,5448115,9041800,
1278691,125633,449570,183792,5183041,8246652,13435720,
1343676,128774,361106,124904,5936047,7498866,10107560,
883610,73810,372989,274660,3823565,8518229,13578280,
439073,46001,160348,86761,1739914,2602837,4338100,
1384200,86963,440853,120158,7595067,9349617,15582700,
467084,51717,162020,91010,1869312,3014718,5024580,
397419,41539,146301,89042,1536121,2100886,3501520,
356211,37781,130485,78344,1355552,1845504,3075880,
349097,40261,151944,88204,3012002,3827163,6412460,
154029,14396,42585,15680,583536,858290,1396800,
1177234,129274,498962,296116,4522761,6581985,10969860,
438467,45395,158657,89680,3234690,3539910,5899880,
511613,37096,267632,204930,1816410,5867923,9779940,
51846,5497,19478,6872,227957,405447,675720,
398648,41826,147342,87280,1541854,2144222,3573780,
421152,43493,151964,92426,1997941,2552832,4284380,
406987,42746,151806,92891,2488349,2827826,4693120,
273408,30553,110176,64920,1081352,1500145,2534160,
218618,23312,55695,23700,900939,1375730,2259040,
904232,139223,261677,187222,3589284,6333966,10556600,
876118,92989,313673,185662,4969828,6224964,10374700,
397887,41568,145731,92798,1538328,2095064,3491760,
7380,863,4535,3459,28480,88818,148080,
520292,45236,226821,154258,3433907,5463603,9106080,
405366,42525,146417,77024,1566892,2229229,3715460,
399181,41685,147725,89907,1549691,2115517,3525860,
419214,42958,150435,92396,1984345,2435939,4059960,
0,0,0,0,0,0,0,
401230,41864,145574,83925,1559338,2078007,3463380,
491655,43576,224046,162576,3129565,5152670,8587740,
797795,81446,279071,149772,3103161,3997741,6662880,
597054,67831,267140,158713,2291519,3960456,6601000,
0,0,0,0,0,0,0,
410153,43161,154043,93414,1600860,2325293,3875520,
5345965,305702,458024,107964,21776422,14958730,24958040,
5035575,426544,445629,147321,23115117,15786041,26284840,
5669115,605142,480141,181608,26106243,17405031,29032220,
5673893,612365,345597,113112,26238389,16343221,27238160,
4408095,514303,564120,189334,22682793,18093780,30156740,
4245416,500239,602140,274408,21579766,20009189,33382460,
4499919,518112,643152,279951,22347515,18529412,30848480,
4276419,487596,559364,215523,21596374,17795793,29651120,
3870960,447454,414231,136051,21650261,16637660,27725520,
4330801,504609,639712,279888,21680051,18443762,30753080,
4994876,575086,851582,485154,24226453,27277247,42711740,
3890979,443798,482967,199154,19750064,16091005,24137640,
437037,51434,204197,131215,1632433,3017639,5030320,
154783,16198,58604,21756,700074,1119723,1865940,
430520,45990,167743,100746,2464541,3344062,5539480,
399627,42231,146392,81892,1547331,2242753,3737880,
689700,72091,243133,139656,2930724,3860187,6501260,
481028,50693,178178,93837,2871306,3585223,5926980,
98082,11847,39181,26965,411575,835223,1364700,
398574,41923,144098,75500,1546828,2036242,3393800,
473919,45926,190534,121361,3452696,5292995,8855500,
775810,87244,352898,239745,3332679,6804505,11340420,
313850,34094,129635,72127,1217874,1886129,3143720,
247615,23864,73033,35167,1401093,1771704,2919060,
548085,45215,267686,202169,3862650,6783081,11305040,
400016,42021,148176,84650,1548663,2348249,3913700,
366719,38467,130890,76299,1849727,2382215,4004140,
467171,46007,160478,84074,3503974,3529014,5847940,
423418,43350,150799,84259,2266693,2681979,4469980,
399333,41703,145467,82994,1550239,2096822,3494740,
439622,41652,184839,131047,1665320,3405253,5675380,
195450,22456,88781,58197,734056,1145392,1942780,
251203,24880,86607,46046,1809847,2381146,3934920,
398241,41790,145183,80984,1539617,2203142,3147320,
458275,49106,165553,97973,2170841,2852346,4754020,
492749,49818,190458,132596,1894532,4005129,6709260,
224428,16062,137982,121257,1070231,3553515,5960380,
809154,83149,289193,153183,3161387,4427219,7344900,
405124,42286,150124,90150,1565394,2253518,3755900,
429793,44653,153244,88380,3061151,3267184,5445340,
396955,41038,144620,89097,1534005,2098253,3497120,
0,0,0,0,0,0,0,
401349,41869,148011,90567,1713945,2236370,3761840,
416085,42463,145341,78187,1810167,2208343,3639540,
401392,42158,149081,85776,1560931,2161182,3601900,
594298,62457,224160,130529,2881057,4191349,6985480,
0,0,0,0,0,0,0,
821098,84892,304898,167675,3196503,4714444,7857440,
599591,65647,250008,150808,3632264,4232312,7087760,
415006,43753,157127,95914,1992457,2584458,4273420,
493985,54862,167863,96781,1993438,2855842,4759760,
7395,911,4347,3504,28547,86486,144160,
430340,44474,155919,99230,3277065,3514052,5856720,
3283764,331635,396832,98875,14473627,9878246,16477360,
822586,108024,205308,112807,3807068,4402642,7315600,
368687,38549,131822,76123,1764977,2262987,3771620,
53292,5437,19887,7842,234659,369058,615100,
807308,82185,290085,171389,3641900,4531044,7551720,
396962,41186,145250,89595,1534098,2087680,3479420,
395948,41520,145642,84132,1549675,2155994,3593300,
208795,23477,86234,57338,792625,1217553,2063520,
241319,23033,66634,28388,1771764,1852548,3053240,
398783,41650,146138,89803,1547695,2108123,3513580,
419502,42981,146718,79936,1986094,2378946,3964920,
383249,43560,161775,104368,2245284,2726783,4578540,
200102,22244,85604,39021,807983,1325275,2174960,
434925,46982,160857,98194,1709698,2449245,4082080,
1001454,105263,384094,224648,5349348,6403061,10671700,
405687,42455,151721,93286,1567923,2172711,3621220,
1002,176,1082,1082,3865,25248,42100,
604151,65693,247265,143459,3670839,4173163,6955260,
459029,48045,145922,79632,1858365,2294612,3824320,
399233,41438,145324,80562,1550165,2060104,3433500,
422677,43729,150963,84446,2179431,2622002,4403900,
17699,2507,12809,8477,293620,400855,634140,
400066,41974,146169,83651,1559480,2226123,3730680,
406923,42633,145759,84514,1566781,2321514,3864240,
860584,87899,315341,186338,5023723,6160827,10267880,
398314,41478,144005,80429,1541288,2033496,3389220,
0,0,0,0,0,0,0,
457517,48746,166530,100392,2167243,2832511,4720740,
676974,76190,258544,155204,3071223,5444620,9074500,
413765,43535,150925,83211,2538848,2910429,4850720,
440042,47201,175026,110495,1768201,2758017,4596700,
0,0,0,0,0,0,0,
461931,47972,161656,99750,3323514,3674859,6124720,
812708,37806,512212,419416,2792875,12912459,21520840,
806937,83917,294641,180783,3138906,4301272,7168760,
397406,41387,142725,79402,1536419,2001437,3335740,
22330,1820,5204,2888,451490,404897,674860,
401293,42036,148014,89094,1560019,2136579,3561020,
407541,42691,149652,82750,2985234,3261329,5435480,
399484,41598,143410,80006,1550654,2042823,3404660,
345399,36328,126964,73242,1338116,2015151,3392480,
83521,8109,26130,9187,1428188,1267495,2078820,
402089,42292,149610,92271,1561093,2205348,3675540,
398026,41452,143953,79774,1538828,2037153,3395300,
783766,84705,304090,178153,3063604,5303744,8873700,
439955,47836,157260,86107,2086402,2791182,4651600,
93109,10329,40502,20139,379734,803418,1339420,
428711,45482,161887,98046,2753834,3223204,5338060,
397032,41230,146259,89937,1534298,2063198,3438680,
326545,35010,120215,69036,1248098,1749186,2948760,
146926,16873,42013,17986,983757,1208790,1981180,
477180,53004,167633,101186,1892652,2615503,4359100,
407038,42888,152744,93599,2454669,2833797,4723000,
402101,42068,146410,81353,1556781,2116213,3527080,
412922,43243,152492,94800,1617970,2392576,3987640,
399130,41810,143913,76795,1549163,2025153,3375300,
457466,47177,155002,84362,4089453,4067873,6788980,
447308,47056,157520,91926,1742405,2440976,4056900,
430994,44351,154582,94008,3545321,3658839,6098080,
0,0,0,0,0,0,0,
399619,41672,144840,83998,1552992,2084130,3473520,
425354,44030,152432,87337,2009322,2553436,4255760,
442278,48399,166731,106497,1750432,2665485,4442460,
426189,45153,163812,96086,2169262,2832583,4720840,
419392,44132,158359,93173,1640317,2511364,4185540,
762577,72139,281493,100282,3148848,5254598,8760020,
855895,80701,305896,104391,3679901,5817193,9744140,
848698,82965,298080,113585,5647170,7704461,12792660,
851167,80740,293161,105233,3507742,5376363,8956740,
854866,79365,203656,34874,4461729,5279073,8839220,
564105,57787,163060,85741,2360027,3265081,5467920,
689236,62802,178909,94745,3782179,4012310,6628860,
1182928,96962,336166,118236,5400711,7052772,11788020,
848141,75327,375948,111816,3745100,5274940,8758140,
407083,42238,146259,84029,1586050,2117631,3529360,
421870,43208,152878,92128,2001221,2506266,4177100,
398104,41586,143360,79585,1540846,2048059,3413420,
356223,37706,129926,73985,2128619,2428193,4047080,
453195,40956,161436,93339,1821641,4345017,7309440,
640935,106268,194595,155500,2550875,5946239,9843140,
398642,41752,143785,85665,1547244,2173042,3621700,
445043,46669,165001,103033,3315115,3764241,6273640,
354483,35474,130859,75304,1354513,2400091,4033780,
381691,34857,206827,142845,1443049,4321749,7202980,
609682,60089,201281,109613,2723730,3582141,5936540,
398411,41347,146459,89306,1546176,2075219,3458720,
408705,43028,147127,79976,2839545,3007149,5011940,
207011,24255,95256,64923,784280,1228935,2082400,
466599,51921,166666,106154,2272082,4209025,6980900,
480686,41805,221115,157792,1788589,4720292,7867140,
447457,47156,164873,97161,2143697,3015904,5026520,
407628,42904,152310,93364,2699338,3015032,5025100,
501624,56664,214430,135260,1984286,3195979,5360380,
257512,26524,89069,40070,995575,1317089,2161460,
1000750,109246,410472,255809,3857625,5938164,9896900,
461974,49621,164541,94334,2189685,2846711,4744560,
425048,45090,163147,107828,3623890,3863927,6440000,
44710,5025,16224,10911,247557,436999,762060,
389567,39905,142733,88038,2641428,2785176,4608160,
397440,41500,146210,89095,1536107,2133902,3556460,
403453,42475,152773,82503,1568041,2263582,3772680,
402283,42285,147469,87930,1563569,2188865,3648120,
24127,2165,7579,5461,462747,452284,763080,
400310,41940,148078,89542,1555249,2147128,3558960,
819948,86454,301786,179579,4480185,5490943,9151440,
811537,127436,225372,155849,3186151,5650001,9416740,
397618,41562,147708,92343,1537023,2115038,3525100,
23190,2385,2081,1612,90093,134414,224040,
421538,43821,152283,83635,2003071,2557318,4262040,
399836,41655,148543,89846,1547785,2154319,3590580,
408183,43136,147387,84668,2749830,2974951,4958400,
398704,41807,147220,92417,1541810,2146901,3578160,
1867,426,3015,2876,8827,91876,153200,
463858,49688,164166,92076,2194832,2821419,4702340,
817680,85358,295014,172864,4662863,5469265,9115420,
488660,42277,218628,147145,1825933,4372692,7287820,
577896,63853,246071,148874,2205748,3180229,5300440,
0,0,0,0,0,0,0,
429002,43766,155264,93700,2933225,3169668,5282780,
402556,41541,144740,78500,1558862,2084119,3473480,
398777,41374,149071,90224,1547559,2183615,3639360,
409630,42960,153051,84573,1591712,2235105,3725140,
23318,2039,6665,5079,455339,418334,697240,
409698,42615,149667,91533,2823064,3044166,5073620,
765955,81538,292683,170036,2955847,4516042,7526680,
452197,47321,164256,95362,1784057,2471435,4118980,
369531,39524,141716,82160,1407071,2121037,3535120,
74261,7401,24242,10476,678274,833236,1388720,
472089,51400,165143,95191,1892963,2722883,4538180,
650273,43227,361632,283051,2842574,8163880,13606500,
405973,42144,150441,95355,1574950,2178426,3630660,
363453,35446,143114,88249,1439099,3238946,5466340,
479772,82088,107740,78295,1870460,3578027,5899300,
689492,77355,270951,161626,3822357,5000992,8334800,
926763,100558,370203,211099,3545788,4986749,8311160,
512191,54576,188013,105872,2049671,3025370,4993360,
214338,24911,99145,63086,799839,1238898,2098460,
211466,18820,52653,18760,1841030,1743063,2871180,
634290,69689,245648,150580,2517136,3474888,5791600,
397724,41510,146387,89321,1537968,2084424,3474060,
399899,41718,145778,87342,1553717,2073945,3456580,
35171,3379,11204,7740,1547839,1258772,2097960,
515887,43586,236611,169760,1951969,5932814,9888100,
398526,41710,144462,81786,1546722,2076026,3460060,
746175,82083,294471,182133,2926928,5126726,8586840,
467777,47707,167988,90661,2135925,2818529,4663720,
64348,7441,30061,16121,284921,609423,1015720,
399651,42214,145771,76834,1547296,2080700,3467800,
724456,81642,270470,164916,4062124,6609585,11015980,
570579,63483,244450,152036,2178983,3168158,5280220,
372507,41880,144611,84796,1460394,2329573,3882600,
75420,7240,29608,25044,686128,886774,1477860,
399762,42146,149310,89841,1546859,2222797,3704660,
400454,41943,144287,78038,1555901,2143614,3572700,
744170,78798,273607,164861,3958427,4884287,8173700,
421721,44701,153534,83880,1625212,2395482,3959020,
52585,5441,19494,7987,231082,439039,731700,
487908,52056,173152,109734,2944823,3575592,5959460,
842437,79079,396485,292207,3133557,8167714,13612820,
433990,47273,182844,104967,1717587,3089520,5149220,
248009,29482,108813,64889,982063,1598222,2697480,
183185,16326,48147,18746,1061281,1268638,2080480,
401614,42103,149438,90154,1556649,2227531,3712580,
414961,43657,152971,90505,2399991,2869909,4783140,
698203,75976,273368,165851,2739950,4062530,6804640,
325533,35039,131771,72322,1229639,1974604,3290940,
224596,20367,58267,22664,1259434,1326586,2177160,
398088,41894,145789,81153,1539429,2106461,3510740,
411260,43121,148805,84292,2993425,3213465,5355780,
397949,41749,147413,86899,1538706,2112556,3520920,
111191,11421,33820,23338,445729,706650,1211440,
303017,32681,120629,61383,1171416,1667248,2744960,
427851,44432,156922,94571,2472710,2912007,4853240,
398699,41524,146465,86855,1565362,2186753,3678240,
589768,66148,232566,140430,2265495,3359454,5599100,
283867,25398,77495,29950,2409706,2446063,4077020,
398935,41907,142596,74670,1530823,2059092,3398120,
406552,42600,150839,92907,1571980,2236919,3728200,
398680,41617,144366,86819,1547053,2068863,3448120,
369785,39077,134162,78542,1769918,2502699,4171180,
68334,7095,24402,10596,2316649,1957273,3262120,
595142,65097,245900,139010,2647147,3474499,5790880,
447757,47721,160855,96882,1747655,2565307,4275340,
406459,42633,149246,86504,2350123,2746706,4577920,
341193,37580,128498,77578,1376281,2064037,3473820,
461296,45953,159427,77167,1738628,2274694,3757380,
420558,43229,150590,88672,1996934,2435563,4059260,
398005,41441,148761,97499,1538340,2141753,3569640,
400731,41498,147307,91474,1557261,2113556,3522560,
311029,36463,122357,79358,2274368,2753334,4622720,
308739,34940,139218,73312,1187515,1776675,2927300,
398959,41412,144542,87527,1548330,2041861,3403060,
630629,64180,218073,114721,4068796,4707693,7846220,
398724,41468,146822,89941,1547418,2118589,3531000,
22336,4150,23100,19576,90177,694241,1157080,
819816,82521,281374,148025,3548709,4254157,7111940,
422026,45275,157451,85489,3191973,3452755,5721160,
419133,43063,149924,83479,1983939,2453015,4088280,
483705,51707,160398,97633,3752985,4201218,7002060,
3903,488,1377,801,16493,55256,92040,
428027,44258,152170,82766,2954444,3165330,5275560,
398966,41056,142494,79162,1548267,2042727,3404460,
400060,41655,146083,83037,1549831,2110599,3517700,
399363,41160,146673,90429,1550006,2090336,3483900,
21893,1681,4454,2841,448656,377333,628840,
898811,95519,308253,168885,3577046,4833662,8056180,
407580,43119,152658,97770,2532390,2966463,4944120,
429064,44571,149627,83710,1658680,2236236,3727200,
746192,66087,357564,259301,3209100,10128242,16914320,
366721,8840,274076,241289,2501610,7303459,12172360,
430025,45610,163056,100982,2483170,3331331,5518240,
421547,43330,147978,80455,2009112,2476503,4127460,
411424,42901,151192,93963,3032183,3312151,5520140,
403655,42287,148716,91630,1569048,2282885,3804820,
0,0,0,0,0,0,0,
797948,81292,279546,149203,3096643,3899724,6499420,
420493,43392,151102,85592,1996063,2507957,4179940,
488933,55970,213581,129175,3293011,3826483,6377520,
442013,48044,161853,81840,1740565,2672444,4454100,
52472,5352,20023,7410,230598,357937,596540,
721486,68652,268427,97790,2967484,5006491,8345840,
859423,81333,314213,115025,3820262,6077893,10155700,
830188,84760,296953,105404,4635640,7123628,11836480,
745092,73206,276406,90001,3115913,5194162,8686540,
789755,74193,213344,42256,3673863,4912320,8192700,
1084029,108953,323037,155056,4315162,5347012,8876500,
789015,69907,174930,92963,3881011,3810943,6351660,
1075736,87282,273430,104128,4968661,6058277,10164100,
612252,49929,343994,70949,3353194,5275099,8725140,
399154,41852,143986,76669,1549950,2131752,3552880,
572700,63384,243468,142814,2187250,3101054,5168400,
402934,41896,149031,91699,1584904,2208257,3714280,
248337,28200,101203,70673,1262880,1716546,2860840,
209720,20367,58776,23269,2098934,1994712,3290640,
398854,41332,145991,88808,1548067,2120586,3534260,
972271,102553,377820,218563,3744825,4952532,8254180,
398820,41498,142894,80728,1548022,2030441,3397520,
67441,8280,21824,13732,1507539,1405690,2307940,
397313,41535,144545,81289,1535649,2056509,3427500,
406783,42234,150594,92910,1578096,2154413,3590640,
571308,63288,239943,138191,2181314,3030304,5050500,
430065,44979,157085,95711,2036845,2647342,4412340,
12684,1811,9597,7881,765752,757783,1262880,
397510,41406,147320,91298,1536653,2118322,3530560,
422454,45395,168858,108168,1644351,2781431,4635700,
977099,103132,384934,223546,3769425,5166339,8610660,
410862,43393,152763,84463,1602578,2220210,3700380,
21646,1646,3984,2441,447431,349082,581820,
399468,41886,147411,86531,1546360,2115373,3525680,
408573,42877,155450,96037,2930772,3239212,5398600,
419358,44209,161230,103494,1627435,2404574,4007620,
444959,48291,160838,103709,1757093,2599459,4332400,
62903,7879,22912,15054,1112261,1207610,2046740,
483189,53731,169816,105732,2473619,3066753,5077240,
412521,43288,155129,96064,1609391,2359826,3933040,
807003,83328,292374,168554,3134461,4178779,6964560,
346928,38452,129842,73363,1350007,2034398,3424400,
96628,9279,22329,8198,729250,726985,1177840,
546825,49142,224462,161872,2131702,5025381,8375600,
412165,43081,152492,97308,2317352,2934209,4891680,
404520,42420,150952,92345,1563550,2251245,3750720,
273543,30976,111077,65070,1081507,1524475,2574500,
126360,12236,42769,16805,469760,825220,1341420,
427932,43939,152554,90819,2886103,3124040,5206680,
406709,42234,153774,91696,1588489,2720616,4568680,
933678,84149,417313,283351,3460481,7870324,13046980,
76584,8634,36144,20968,326326,738097,1196560,
422587,43538,152755,92444,2140018,2624455,4408080,
721459,82929,279275,178566,3830719,6447177,10711160,
399218,41727,147375,93671,1550146,2143840,3573020,
350851,38486,136329,83583,1381688,2203357,3706400,
91493,10464,42175,23024,381751,821388,1334680,
430309,44679,156980,96230,2034619,2672022,4453480,
407354,42818,147796,84196,2805120,3090044,5157560,
399879,41574,147543,94239,1549982,2139972,3566600,
773257,65561,382556,276924,2826291,7576146,12660800,
196749,18049,53139,24249,795186,1010234,1649960,
422194,43318,151811,90995,2003089,2556707,4261100,
430192,45334,175300,111598,2571943,3313238,5544800,
402744,42209,151597,96878,1568355,2266094,3760780,
158842,17792,66626,43017,604961,917596,1563080,
237136,24195,76726,32422,923364,1229941,2015860,
471911,50033,166239,101067,2212593,3124828,5208260,
587630,67215,252366,141785,4465286,5239445,8732460,
399132,41415,145068,85203,1549466,2086558,3477560,
504096,52603,178804,101770,3181677,4020945,6735240,
346111,36972,132582,70440,1313352,1721675,2835700,
398941,41499,145460,88645,1548739,2062824,3438100,
462668,50232,163050,96733,1848759,2679927,4466580,
420225,44226,151947,83998,1994041,2629432,4382420,
97594,9374,28865,20273,385439,617868,1063560,
308482,33128,121761,69704,1184619,1603138,2638080,
771930,83268,310441,186510,3725739,5256103,8760080,
397622,41903,144834,82133,1537345,2049105,3415160,
422819,46742,168322,99373,1645757,2883991,4806740,
435958,48531,157510,85052,2741948,3777481,6295860,
409813,43400,154414,83601,1592509,2232713,3721160,
572864,63094,242982,145071,2195604,3132409,5220760,
570910,62862,243318,148646,2179943,3080539,5134160,
433579,48151,161338,84824,3112016,3777309,6316320,
1360,192,1219,639,6861,22993,14880,
434170,47115,158859,89866,1707341,2500596,4167660,
417391,44308,158176,96363,1627989,2358475,3930740,
404527,42313,150281,96484,1580002,2207016,3724460,
438020,45121,154651,84676,3340659,3447637,5707320,
415203,43452,155993,94760,1621290,2293740,3822860,
397234,41204,146900,89861,1535320,2062410,3437380,
422566,43861,148234,91458,1640166,2192785,3654640,
420367,43200,151610,90760,1990662,2446804,4078020,
305572,33019,113729,65806,1208110,1612229,2754760,
96377,9514,33465,14777,774760,847734,1356940,
399820,41872,146884,83930,1548588,2107096,3511840,
404827,42496,150465,92134,1574280,2210288,3683660,
398232,41504,146991,89736,1539735,2102838,3504740,
160189,16231,54243,39752,1573168,1577468,2632400,
705728,75489,254758,132527,4077221,4969990,8201440,
397933,41095,144570,80745,1538410,2050632,3417740,
438850,47701,158653,92654,1732950,2373001,3955020,
458349,47814,147107,84585,1856196,2365008,3941760,
28882,2701,10440,7806,486746,638363,1097680,
398470,43205,142715,75176,1533379,2182299,3603760,
425173,45432,163703,99443,1662571,2590360,4351220,
415557,43433,156649,99918,2694708,3054511,5056980,
397451,41241,145611,90095,1536455,2060348,3433860,
0,0,0,0,0,0,0,
1017648,112382,411069,242228,5211576,6915917,11526640,
397553,41455,145878,90182,1536233,2118101,3530200,
399969,41624,147007,90357,1553093,2125590,3542640,
678674,76517,265933,161227,3072439,5561527,9269060,
28440,2708,9421,6408,474974,497152,828660,
635465,71997,283099,165967,2512331,4093252,6822120,
409515,42691,152536,93696,2832301,3095026,5158360,
604684,66727,250337,157039,2326192,3469135,5781980,
413316,45343,143198,85980,1628453,2262965,3771640,
81490,8127,29395,13865,705836,864031,1440080,
907627,97733,325026,192003,5087968,7173009,11954940,
641842,72531,273058,166142,2495574,3806741,6344680,
399007,41678,144063,77725,1548798,2012730,3354500,
346277,36532,124562,70352,1312946,1664352,2773880,
73584,6803,25643,21891,675300,751758,1252960,
401449,41913,148317,91629,1560417,2125316,3542220,
403645,42414,148873,89249,2272166,2620871,4368140,
401032,42276,147576,84443,1558638,2129744,3549540,
219868,25878,101444,63568,838531,1238938,2098600,
209679,20430,66668,32503,1054991,1697990,2829840,
842145,89320,305114,169927,5916679,6651798,11052680,
411704,43619,153956,84419,1601816,2246322,3743940,
426820,44867,154197,95340,2585072,3297345,5495540,
147359,17194,48799,37303,602303,1023442,1739480,
298154,31749,118945,55934,1149118,1640214,2699800,
399906,42172,145241,81260,1553285,2069847,3449680,
427914,44049,151649,83699,2018388,2450460,4084140,
400859,42093,152868,100726,1557575,2232445,3720700,
4222,723,5885,5748,43428,178569,331560,
418105,46724,165096,96698,2997756,3804712,6307300,
890027,97913,368421,220293,3437287,5034163,8410400,
502303,51648,184942,109367,1967398,2746386,4553840,
449855,46701,155771,92246,2555826,3056834,5094740,
0,0,0,0,0,0,0,
397302,41567,145918,88594,1535486,2117453,3529040,
398662,41094,146851,89409,1546788,2090541,3484220,
594960,65039,244624,139610,2639392,3403699,5672880,
402338,42411,152220,87204,1564787,2288475,3814100,
39844,5928,15732,10894,560703,646030,1076700,
408744,42643,151437,88195,1581575,2269718,3782780,
900081,81826,396565,278376,3380220,7866559,13145040,
498464,49176,199048,119435,1920402,3242984,5371040,
454859,51553,195561,125558,3214732,3474098,5824240,
172754,18040,74196,42588,729339,1359045,2230940,
398108,41533,146734,88691,1540003,2080033,3466760,
398793,41328,142817,78101,1547608,2001925,3336540,
432304,45111,160083,95097,2043414,2589156,4315260,
221984,25934,100965,64011,2536684,3306800,5557220,
191910,17941,52003,18894,780872,989896,1602560,
429352,44283,154591,94660,3150796,3300099,5500260,
957031,90456,406160,214804,3807887,8124066,13613920,
1119642,94897,435850,193378,4467865,8680967,14401700,
458102,39952,150644,14723,1991604,3422113,5702260,
975446,95851,321544,115600,4473342,6634055,11062520,
826093,78279,291642,101080,3398994,5493203,9151980,
959248,97017,240328,114966,4267233,4956921,8252040,
899433,77488,185359,101452,5261634,4629564,7715960,
764677,50905,101342,21792,3666033,3144616,5274960,
907739,77432,415432,118318,4111154,5782933,9604280,
397572,41582,146059,88601,1536737,2117840,3529740,
661603,71202,264266,162407,2947636,4104683,6874940,
573549,56875,185896,92802,2211881,2826913,4677680,
10608,1153,4247,4112,1535973,1127925,1879880,
677686,76673,261473,161982,3079620,5498264,9163780,
397486,41745,141643,75551,1536393,2054398,3424040,
424775,45078,158971,87607,1690346,2419490,4032540,
426523,44211,155390,90358,2689503,3173186,5288640,
193070,18877,63658,36980,817240,1314495,2190800,
399193,41565,146679,89045,1549614,2096155,3493540,
411716,43845,160774,94765,1595212,2523585,4239740,
432790,44470,157823,101164,3209338,3490605,5783820,
854120,90668,307796,175539,3358405,4661352,7768980,
7367,904,4340,3596,28425,86180,143640,
398736,41299,143999,80184,1546966,2016382,3360720,
435360,46725,161307,99070,3327768,3969921,6616540,
399100,41579,146236,88688,1549254,2106276,3510380,
5358,842,3593,3162,23138,127780,212980,
398967,41907,145372,79593,1543238,2091982,3486620,
431475,44219,154643,97246,3342202,3415785,5693040,
399021,41568,146285,85887,1543947,2100336,3500560,
405054,42624,154843,86490,1581373,2367597,3945900,
407631,42123,144100,77191,1588945,2053233,3422140,
462825,48008,158640,94918,2164584,2699436,4499180,
581429,64552,250236,148583,2241294,3422275,5703800,
400953,42134,146947,84901,1554155,2114772,3524560,
405571,42436,146376,84564,2314198,2619934,4366600,
552,83,524,524,2550,20226,33700,
536711,54732,208392,132253,2121974,4721757,7869600,
463328,44051,182877,114505,2126569,3348586,5581020,
408484,42604,151468,90465,2363924,2786381,4677900,
456360,33842,262544,208773,1887213,5821568,9736160,
792645,62649,371490,263788,2903856,7534428,12489800,
570086,63117,242239,146296,2176094,3203640,5339360,
594853,64685,247460,150801,2645267,3451097,5751940,
728619,76262,317661,206253,2743403,5367182,8945320,
7721,1018,4361,2599,420643,404300,673860,
744974,86103,232667,151898,2907345,5111976,8519940,
746110,73055,312382,230495,2805915,6699429,11165840,
654841,63384,313003,214598,2442679,4832598,8054240,
432792,45381,165164,99799,2836192,3399750,5666360,
88088,1246,80766,75473,289305,2308858,3882120,
1152922,92551,554351,398352,5785077,12046097,20076900,
666629,67321,259231,192943,2507927,5165053,8574340,
405864,42450,148240,85664,1575076,2123947,3539820,
405744,42586,152228,94624,1568110,2217298,3695420,
38908,3706,13295,10477,2030798,1620243,2700440,
422866,44870,161403,94554,1646969,2508293,4180560,
426982,44778,149221,82135,1655967,2310794,3851280,
573381,63044,241147,143367,2198783,3097890,5163240,
373279,38736,131672,77311,2202552,2407470,4012480,
52163,5428,20213,7557,228892,373030,621700,
800013,81433,283248,147170,3111498,3939376,6565600,
397025,41135,145122,88591,1534452,2046552,3410920,
492094,54012,166125,97133,3429982,4091114,6818600,
216734,25407,99976,63780,811277,1239831,2100300,
181028,16183,46631,20070,722033,939142,1531400,
404491,42409,144746,79133,1572410,2089657,3482880,
421038,43633,153644,93813,2100346,2663894,4473800,
450267,49992,161764,89314,2645667,3322284,5503320,
18389,2962,18853,11789,83034,521201,868720,
423874,45465,168235,95187,1640614,2662056,4431540,
802311,81593,283514,155969,3124712,4018216,6697080,
442906,46443,166698,103915,3346600,3653242,6088660,
673844,76203,262154,163622,3059339,5392393,8987340,
0,0,0,0,0,0,0,
434658,46252,165101,93645,1735197,2600922,4334960,
604576,68821,253181,149281,3813637,5509846,9183060,
419502,44247,158461,87314,1627638,2402923,4004760,
391507,42876,134041,75233,1521996,1983111,3305140,
56802,5878,24365,12450,255497,467914,779840,
506076,58427,176124,105394,3278572,3977721,6629380,
800363,81594,278008,147900,3114281,3962938,6604940,
420858,43896,149605,93497,1627784,2210320,3683880,
294087,34619,121951,77604,1186278,1733486,2922820,
173851,15712,47592,20003,1024167,1165238,1908500,
397791,41744,144452,83364,1538562,2067646,3446140,
424745,44910,160554,102781,2489216,3039291,5065500,
573432,63720,247640,152389,2186472,3265249,5442000,
0,0,0,0,0,0,0,
402959,41756,147102,89308,1565559,2107893,3513180,
425938,44146,156510,87239,2021137,2589116,4315080,
802538,82452,287669,163169,3123097,4085807,6809680,
403888,42463,150505,89412,2353510,2743859,4573100,
5250,723,3812,2832,21299,105971,176640,
711238,45584,411766,331289,2517332,9096161,15160280,
427930,44214,153151,90328,2024986,2662815,4438080,
988089,42904,662222,561673,3339396,14863927,24807160,
1066988,46303,719882,613800,4921991,16644384,27706960,
1572,233,1188,267,0,0,0,
451434,48979,164321,105089,1792943,2580163,4300360,
397437,41328,146108,91780,1536299,2095019,3491760,
814936,83805,294796,172387,3168942,4216907,7028180,
495532,29069,322150,276019,4110920,8710416,14551200,
360527,38911,145425,76777,1403346,2036480,3360160,
418422,44440,171240,104534,1655065,2692009,4486640,
398022,41488,146175,89811,1539730,2089961,3483300,
404568,42372,149735,90974,1573052,2254051,3756740,
64474,6353,15299,10209,2281424,1927389,3212440,
417044,44452,165086,101285,1643900,2620161,4366840,
407677,42890,149047,80535,1589914,2245873,3743180,
403783,42391,151680,83502,1570437,2177803,3629720,
827897,84956,291181,164229,3584912,4688908,7814800,
1706,268,1248,896,8580,31952,53260,
407712,42580,148285,88132,2809461,2988033,4980080,
437234,47019,161608,104542,1725300,2472011,4120000,
570427,63047,241292,147783,2177705,3085912,5143180,
405976,43026,149815,85012,1575471,2202107,3670180,
192546,19103,61271,31387,813616,1244871,2074880,
433094,46154,157676,97183,2041178,2984575,4974340,
411744,43179,148908,85169,3423243,3705846,6199740,
441634,47627,174925,101144,2070370,3165347,5245860,
806446,83113,287696,167567,3144059,4216182,7027020,
23290,3161,15623,11701,1323000,1130673,1884480,
399918,41694,144908,83872,1548644,2076849,3461420,
458465,47695,152224,93645,1858968,2377450,3962360,
397361,41399,143062,78529,1535804,2081160,3468580,
33517,2951,9034,7096,1864599,1408152,2346820,
400691,41824,146879,86014,1556733,2156098,3336540,
398578,41510,148191,90118,1543120,2097296,3495460,
400477,41604,144837,79400,1554895,2034856,3391420,
385440,42029,143691,87484,3096909,3614612,6024360,
467218,48352,172492,102427,1845719,2634492,4390900,
444012,45348,147687,80773,2086643,2477639,4129340,
920310,108027,374394,227642,4054657,6990347,11650660,
402605,42188,145772,82327,1773020,2307355,3879480,
385450,41481,146671,88730,2177661,2680412,4433420,
52533,5318,20229,11426,230439,388101,646800,
401656,42251,149442,92154,1561042,2170938,3618220,
430933,48235,161312,98836,3355706,4333538,7222480,
574034,63331,242463,146453,2201774,3117421,5195660,
191618,22105,88650,56129,710466,1008518,1714560,
702337,63470,275938,173442,2689339,5765855,9575980,
420297,42934,149739,91805,1994559,2404261,4007120,
399359,41936,146234,85487,1546558,2126347,3543960,
404377,43324,151595,84440,1946658,2816885,4694840,
0,0,0,0,0,0,0,
838780,47558,506901,413621,2909071,10941806,18236400,
418059,44205,160764,102032,1633795,2504449,4174020,
419660,42991,151503,97729,1986464,2478748,4131320,
612985,69757,258908,155877,2382340,3532396,5887380,
147784,10968,89219,79692,1089698,2937346,4895620,
892325,84587,368322,235756,3394390,6536022,10893300,
404933,41867,147393,91051,1571611,2182726,3637900,
397961,41458,146033,89367,1538868,2067818,3446320,
415504,42970,144919,79185,1997975,2431565,4052680,
235128,19715,90332,12486,1020817,2145950,3577780,
847905,80038,310195,114395,4808813,6640342,11069360,
888849,85533,307142,102000,3673388,5906290,9840500,
882288,84528,313614,117113,3637328,5871198,9792900,
619831,58377,226595,66774,2598884,4223373,7070500,
824764,75573,212709,88287,4054267,6057956,10055920,
1166780,110639,321753,192430,5999292,6631297,11052040,
1181215,101366,278472,105257,5368928,6269296,10498120,
1039320,92771,483403,155506,4530747,6225448,10325640,
194895,23785,73191,34223,875141,1655966,2760040,
433867,48239,170132,89195,2052147,3111045,5185160,
409985,42741,151176,92849,3155182,3283629,5472660,
409755,43185,153551,95067,1591953,2268540,3780960,
476922,53915,206509,125423,1765837,2454300,4090520,
94309,9265,33238,13101,415755,594288,990480,
455591,51076,185591,109246,2834680,4251964,7086620,
805897,84147,294145,177855,3128837,4276151,7126920,
434189,46988,160081,88978,2057559,3052089,5086940,
360168,37741,131392,78255,3162241,3081725,5136300,
51910,5251,18504,6624,227732,338482,564180,
424990,47176,159834,90836,2015103,2909051,4848400,
406736,42510,151299,92761,2447961,2809896,4683100,
430341,46854,165491,94970,2711245,3420665,5701140,
153196,17012,72427,47737,628799,928204,1581160,
275451,25729,81198,37482,1403421,1737251,2861500,
447726,48821,164566,106152,2908136,3456112,5760180,
817962,84107,296070,176618,3488274,4659301,7799320,
438424,45618,154536,95607,1736745,2367088,3911320,
13710,1944,12368,11355,625140,696555,1194760,
490996,50482,155536,90789,3156331,3368772,5580760,
398992,41701,146652,90051,1548431,2145003,3574940,
425191,43938,155061,96509,2010182,2591067,4318380,
403651,42981,156559,87808,1571323,2333483,3889140,
5004,592,2013,1296,593767,449560,749280,
431782,44607,151567,82499,2880465,3136143,5226860,
406120,42763,152802,85797,1586284,2268920,3781660,
805487,83884,292930,175836,3126218,4194145,6990300,
368915,37926,128784,73178,1769033,2055656,3426100,
340540,40215,138558,85854,1802115,3788323,6313860,
413364,44170,152943,91818,2217601,2942306,4903780,
427262,45463,159796,93151,1702336,2524269,4207120,
421516,44568,164993,106359,1634753,2457249,4095400,
377559,44753,151591,99216,1931529,2914117,4890760,
152488,14394,46610,18763,1030953,1197578,1962000,
401360,41859,147311,88712,1551102,2119506,3532500,
586282,46412,304873,220804,2497651,7561992,12603300,
820263,86246,303896,172348,4192741,5379236,8965440,
111982,10819,32477,21806,811116,1065617,1835420,
312719,36254,126100,60914,1817897,2302221,3816820,
406350,42604,148865,80846,2045052,2528598,4180340,
420736,46422,159397,95423,1996539,2862351,4770600,
579406,64336,243689,145279,2872510,3643238,6072160,
29183,3533,6611,5553,118947,320989,557880,
433174,48687,164291,97924,3393321,4001980,6636340,
594015,65028,244724,143952,2634529,3447372,5745600,
419752,47944,166210,94406,3228446,4541012,7568200,
799460,81695,283400,147721,3102669,3982560,6637540,
67855,8580,22681,15275,1301494,1265053,2108460,
406380,42495,149796,86300,1576987,2157617,3595980,
419585,43274,149032,91708,1985770,2422346,4037220,
414446,43220,156179,98816,2239706,2738879,4564760,
399418,41709,145931,86786,1545039,2151845,3586460,
215424,21445,69779,39570,1267253,1730240,2883760,
580799,63944,247326,154929,2967080,3722423,6204100,
429579,44571,150008,82220,3293009,3483555,5839960,
424403,46013,169942,104725,1719365,2886155,4776340,
631480,67173,236262,141877,3076093,3883723,6506640,
207189,20110,67057,25575,833629,1212624,1987200,
445243,45628,159345,98301,2977454,3307846,5513040,
570880,63510,241907,141338,2181188,3229143,5381920,
441530,45914,155928,85521,4061432,4000408,6667380,
398287,41670,142955,80651,1539976,2015712,3359500,
40684,6340,17641,12995,189256,445776,742880,
399548,42220,145861,82806,1551082,2069866,3449840,
437449,45541,156441,85027,2987413,3210681,5351080,
405533,42419,154483,97404,1583822,2311387,3852400,
264106,31504,112411,69401,2133032,2754380,4624100,
585663,58973,190308,102209,2283735,3165898,5242900,
429190,44261,152748,88190,2835066,3124576,5207620,
398865,41562,146134,90137,1543178,2107304,3512180,
399346,41743,143690,77554,1550429,2010933,3351580,
118682,12658,40145,28846,468228,713171,1222400,
313297,32731,119012,58895,2268209,2470169,4083100,
399519,41455,145924,88503,1550656,2102294,3503820,
420236,43384,146310,78766,1988849,2363672,3939460,
405304,42983,149864,80820,2030258,2548056,4246640,
27759,3196,12438,9319,661475,844356,1482940,
803890,86118,282335,145117,3940232,5140280,8490740,
468726,50131,167485,102942,2864689,3278102,5463400,
460505,48246,151334,94244,1865145,2413606,4022680,
437737,45189,157019,94013,3129998,3379034,5631720,
8806,749,2148,1285,220214,187222,345800,
438473,46556,164198,90984,2547259,3100607,5133940,
424622,43666,147448,84107,2012795,2458757,4097920,
397594,40915,146084,92060,1536882,2090680,3484400,
387938,37550,167158,113273,2631799,4579860,7700180,
78287,8121,27221,9700,311116,489608,748760,
972121,102605,384329,219572,3743659,5081784,8469620,
772586,86909,301245,192308,4650142,7288034,12146520,
398271,41674,143283,79811,1540460,2169925,3616540,
221667,24497,93039,63230,2562897,2659598,4466320,
409837,45403,170184,91304,1572828,2249797,3715540,
428541,45258,154464,96142,1663349,2451394,4085600,
461518,49327,166559,99087,2182755,2884252,4807140,
411841,43116,152517,95347,3299990,3438054,5730040,
34251,4653,27561,22564,168171,600674,1034780,
422952,43611,146601,82482,2430945,2691365,4452120,
998321,104792,383819,220173,4203577,5379309,8989620,
410036,42701,153575,93489,2280783,2700712,4483340,
398655,41299,146026,90395,1542122,2079818,3466360,
0,0,0,0,0,0,0,
430078,44060,153805,94194,2844066,3079715,5132960,
404928,42732,151588,88318,1569660,2302940,3838180,
432112,44159,153368,86802,3249195,3459572,5765980,
571566,63395,240673,136729,2183487,3109118,5181860,
28826,4935,31698,27409,124848,888442,1480780,
420827,43341,149219,91269,1997094,2466779,4111280,
822869,85973,293813,163963,5103272,6194687,10324500,
501759,42395,222600,148797,2240309,5248292,8747160,
449929,49471,170910,105587,2793539,3579628,5966100,
29987,2719,8992,6815,480167,453206,755400,
413306,43318,150548,85250,3453938,3494160,5823580,
408176,42704,152867,95356,1579033,2265158,3775260,
428274,43770,156200,104815,2734149,3163544,5298380,
446221,49982,170818,93126,3079089,4045723,6745580,
20458,2139,7656,3288,713995,551779,877320,
647978,74165,253978,158127,2541615,3626313,6043940,
924194,98596,314399,176954,3645403,4829605,8049380,
420640,43366,147255,83138,1996338,2441512,4069240,
329233,34662,120902,72962,1852692,2116166,3560680,
75113,7713,26742,10421,318823,463408,738680,
399250,41444,145495,79940,1549811,2034372,3390540,
401817,42007,150997,93387,1557393,2173094,3621940,
428381,43930,154280,95044,2603537,2936425,4894060,
119277,11873,35525,28167,838969,1200432,2032960,
352366,42234,143791,73068,2534602,3278388,5430460,
594518,64902,245217,143662,2643424,3496238,5827060,
984709,104358,386378,214840,4463587,5602643,9337760,
407732,42769,149127,87773,1582657,2141544,3569240,
21822,1611,3816,2500,448970,364348,631100,
406159,43878,151241,88143,2283550,2724748,4507060,
432810,44922,157219,98078,2531987,3013473,5022380,
413304,44115,158744,96760,1608200,2376855,3961500,
461018,48630,172360,99496,3583384,4030024,6716580,
0,0,0,0,0,0,0,
419823,43060,146755,80298,1987008,2396274,3993720,
414963,42961,150764,91098,2854412,3095056,5158420,
802210,82347,284081,157438,3117503,4062616,6771020,
399518,41875,147317,89049,1550590,2146598,3577620,
115786,14740,24200,17423,583511,855952,1426440,
420934,43468,151254,93373,2044447,2680934,4544020,
414506,43805,154066,97222,2293374,2693331,4409200,
454321,47405,156848,89922,2125465,2667815,4446460,
383538,39992,138453,76596,1531539,2058784,3475580,
26205,2670,10079,6397,748816,656343,1048780,
595000,57774,223414,92028,2419820,4005829,6685740,
838178,79256,300442,99496,3467178,5523310,9208280,
1235892,119193,429941,166392,5007240,7242383,12068180,
882857,93904,352005,150692,4414446,8247801,13777500,
699710,64650,231196,52044,3839566,5364074,8904180,
1015484,102023,271213,113625,4523600,5636051,9385060,
781621,68960,176278,101689,3850582,3957014,6595080,
780687,86761,324947,184377,3853599,5692317,9538000,
1348129,93410,378264,60459,7525863,7374110,12272840,
311552,34328,122356,60957,1206825,1869858,2966660,
462181,51381,186757,121245,1821926,3236401,5065860,
400430,41809,148173,90469,1554738,2143682,3572780,
811592,90820,328643,201350,3399766,4898994,8198920,
208413,20234,71978,23220,905140,1266678,2100380,
405444,43072,151897,92334,2252384,2726065,4512200,
571658,63112,242799,146995,2183268,3094991,5158260,
399362,41509,146511,89574,1550596,2065137,3441980,
400599,42040,147065,82150,1551031,2106552,3510780,
30861,2609,7574,5246,1388102,1058369,1763960,
399148,41794,145901,89140,1549247,2139692,3566060,
403099,42375,149726,82082,1565587,2188486,3647460,
399892,41584,143521,79455,1552358,2043751,3406220,
576716,64170,222638,129275,2529695,3502396,5871020,
279261,26126,82999,42583,2687322,2580753,4267380,
435930,47703,157151,92123,1719467,2442232,4070480,
420318,43430,151826,90448,1989927,2533160,4221900,
420734,44380,156448,97041,3083701,3380828,5634740,
414611,43153,151498,84079,1986848,2576067,4319120,
18424,1973,6140,1559,1355944,1007664,1661160,
431090,44388,155385,94404,3146718,3344382,5396060,
571829,63463,243770,149349,2184358,3216820,5361340,
422271,43404,150624,93164,2004223,2559102,4265220,
221185,26095,102655,64548,860606,1284037,2173700,
583534,56784,182227,87356,2942858,3246303,5376920,
421899,43359,149693,86879,2001742,2426091,4043500,
399551,41761,147278,88729,1546550,2113875,3523100,
405008,42027,146802,84499,2284943,2595063,4325060,
116311,12757,51587,37225,521169,1031974,1753880,
328707,33239,118603,57242,1579232,1997282,3294940,
407091,42385,149260,87639,2526096,2812599,4687680,
462456,50965,171744,106322,1906182,2843272,4738720,
441692,45792,156977,101103,2807591,3136792,5227860,
8533,1153,6021,6160,40807,205103,375560,
798721,81383,283128,158440,3091194,3911404,6432300,
440465,45579,157927,90339,3192088,3347895,5579860,
398092,41514,147850,90567,1539388,2120457,3534160,
427694,43637,150318,83036,2511813,2885490,4809120,
29205,3546,6595,5343,118100,267610,446020,
427760,43998,154293,94823,2741031,3198274,5304660,
400313,41592,146885,89730,1554271,2128003,3546620,
402700,42086,149231,85929,1557974,2156237,3593840,
446395,46822,170908,99666,2103378,2898620,4831180,
8561,952,3567,3374,1196487,879716,1466180,
972198,103062,379687,222548,3745443,5063587,8439220,
575339,61212,174981,104120,2753327,3517302,5862120,
404791,42156,150153,96538,2382482,2753230,4588640,
498766,55846,182326,103822,2006980,3032060,5053460,
33747,3258,12489,9663,496734,539646,899500,
406988,42948,150320,80410,2266632,2682269,4470360,
429657,43957,155450,98753,2043401,2587804,4312980,
431377,47042,179472,116171,1671216,3053372,5088880,
255483,29386,108690,66414,994312,1442950,2438820,
165159,15914,52767,21644,1320441,1498193,2462880,
1251947,139399,495916,287339,5281379,8445463,14075760,
399036,41499,144384,83825,1548744,2075666,3459500,
450780,47047,169178,105681,2151583,2944967,4908260,
93769,8853,25739,18773,368544,544571,941380,
318572,35066,126959,65271,2577001,2726628,4510720,
397846,41399,147107,85106,1537946,2102735,3504560,
427066,44217,153516,88347,2032096,2561432,4269100,
400903,42098,149238,91449,1552293,2145683,3576120,
7503,996,4364,3819,806112,706263,1211060,
460150,49724,162423,98420,1800963,2571234,4251420,
800585,82333,283250,160702,3108113,3996577,6661020,
406095,42178,150969,96247,1575748,2153053,3606780,
611920,67420,258384,156938,3879652,4661186,7755320,
21812,1665,4370,2620,448247,343611,572700,
403207,42301,150591,93221,1568888,2252453,3754100,
405803,42677,147319,83535,2370517,2728351,4547220,
399581,41733,145934,83929,1551683,2073626,3456040,
427944,44490,155864,86688,2030101,2604173,4340340,
10662,1197,3602,2662,1487421,1089890,1816440,
399483,41648,144018,77683,1550481,2054255,3423740,
827054,83269,290574,166052,4210856,4801642,8002840,
400207,42079,144306,78975,1555353,2058145,3430280,
470644,54300,211196,131680,1842379,2676711,4518420,
98581,8691,30801,8289,329437,471709,697580,
470369,50802,176689,111482,2227019,2982279,4970500,
404809,42599,149406,89031,1568127,2200175,3666980,
438551,46659,169559,111031,2730372,3298040,5496760,
369660,38857,136753,82054,1457520,1976796,3353840,
54614,4700,14846,6179,540262,502551,782240,
412365,42872,150965,86711,3075605,3255311,5425420,
825160,84418,302054,160268,3244002,4242641,7070940,
399552,41811,144705,82960,1551977,2094232,3490400,
261763,29156,107597,68384,1013289,1479416,2499360,
331771,36935,144154,75153,1631987,2225283,3674880,
455282,48287,161330,94045,2570371,3144203,5240200,
571077,63180,244308,149185,2180733,3190160,5316940,
431251,44335,152085,85316,2997635,3151436,5252480,
95780,9398,35922,26658,412998,737564,1263120,
342661,36666,128478,64373,3154066,3088285,5113300,
507598,54827,174477,103937,2914149,3579092,5965120,
972637,103010,379727,217163,3746437,5111300,8518860,
442265,46418,157179,87276,3715324,4198835,6998080,
5122,681,4670,4886,29321,150055,283780,
430366,44736,153137,86194,2645545,2906443,4810460,
593132,61468,212291,121669,2370121,3599637,5936800,
612788,63669,277466,175850,2309219,4877474,8123300,
400145,42239,147189,77946,1553317,2138636,3564420,
53121,6941,33452,25319,1349113,1783870,2973240,
398306,41981,143337,79533,1540603,2114029,3523400,
448192,47258,163757,90785,3337734,3632621,6054340,
972784,102550,379294,223129,3747606,4990224,8317060,
481493,49671,151370,85559,2322908,2697829,4496360,
53380,7441,19214,11587,2196582,1832893,3054780,
615174,68403,258628,153413,2758893,3870841,6485140,
821171,84802,294446,159235,3168057,4306009,7143140,
405580,42168,150767,91400,2631384,2904506,4840760,
317797,33432,116858,69184,1705252,1931697,3242200,
117581,12151,44781,21845,1313895,1470685,2439380,
434394,44906,153535,89030,3796810,3755185,6258560,
422452,43858,150017,92409,1639815,2260263,3767060,
1102626,117580,400283,229657,5869089,8265391,13775580,
97436,8370,22150,14700,744188,1114972,1891700,
351649,40916,150101,90848,1403647,2297140,3810920,
404717,42117,146542,81042,2403913,2698232,4497080,
402961,42706,149650,88819,1568407,2221585,3702620,
430278,44248,156321,100518,3104129,3341059,5568500,
17804,1571,4095,3236,433301,600024,1039940,
444050,49250,163529,97110,1746014,2606503,4310500,
402084,42022,147787,89854,1951239,2408117,4013540,
405884,42327,151092,95887,1574936,2181559,3636020,
835719,85724,298897,165614,4188931,5002437,8337420,
1778,484,2087,1235,91172,140385,251520,
1764683,170942,325005,152283,9092573,9155237,14549620,
3750260,273157,388778,97113,19690438,15650914,22189440,
4360185,318306,576847,120471,22091012,18421430,24401940,
4176293,300944,474170,94795,21669158,17380281,21454840,
2462610,165283,214766,22160,12733721,8497393,9495620,
410748,43187,154771,90836,2277369,3068938,4563720,
397754,41625,143320,77700,1537594,2088321,3480580,
403614,42130,151291,93200,1568132,2325115,3875260,
624230,66241,230224,130729,2460101,3109412,5237560,
180239,16738,56301,20477,1084450,1212736,1964200,
418005,44150,156479,96132,4130090,4123158,6871880,
460694,49544,166104,99292,2176224,2843194,4738640,
441165,46674,157439,98320,2688989,3249516,5415800,
409805,42954,147968,83435,1586074,2193452,3655780,
21779,1806,4913,2368,448065,384000,640000,
600059,66216,252314,151466,4766245,5100457,8500780,
402624,41955,146800,80659,1557614,2126961,3544960,
433490,44587,156537,92332,3578050,3679244,6132140,
300883,33891,129198,80721,1543953,2122078,3570620,
539066,53013,173552,81608,2087791,2594480,4290320,
542065,53597,204674,92678,2869173,4055152,6767620,
1011995,101254,394979,153869,4103141,6621748,11038180,
833772,79107,300598,107360,3441813,5579560,9300840,
454670,39882,149543,17614,1973107,3212376,5356920,
858704,81186,298095,103269,3540731,5513714,9191140,
1123444,116243,302804,126990,5973622,7384376,12305340,
748315,66596,169767,99208,3344145,3497852,5829760,
549812,63306,233970,143591,2455550,3451121,5751740,
1317161,90520,381929,61500,7652391,7710008,12849920,
802418,81760,281277,153393,3113742,4212196,7020420,
434847,44561,155040,95741,3383786,3493305,5822200,
399334,41755,147488,91296,1544392,2151635,3586100,
371093,38511,131383,76436,1779332,2120476,3533960,
68011,7255,26220,12431,1685894,1511724,2519520,
432030,44572,161680,98703,2054416,2771859,4619740,
494427,56355,177891,103108,3202206,4095313,6853920,
1156605,139391,190192,92204,4500729,4506844,7461480,
373740,38753,123800,72226,1786637,2158413,3630920,
144756,17917,40796,18232,964114,1214599,1990740,
948819,101734,315234,179413,3815991,4984771,8307820,
437214,44731,155430,95960,4113341,3983097,6638360,
398183,42076,147809,86820,1539423,2199401,3665680,
69593,8888,25641,20239,1265995,1312835,2188140,
408158,43266,153250,96854,1598244,2311186,3851900,
419444,42904,148292,90811,1969021,2373357,3955500,
413050,43420,158129,98803,2206425,2805851,4676520,
345993,36177,124382,70240,1310743,1670770,2784620,
52115,5205,21975,19400,228788,409704,682860,
852133,98506,360787,229850,3744086,6616904,11035700,
1182197,129506,490734,287292,5682114,7326678,12207900,
446324,46168,163607,96818,2137065,2769381,4615580,
228009,26980,108199,68534,891053,1474752,2491660,
201291,18837,62414,38001,2034237,2123576,3505640,
399535,41897,142300,76678,1551382,2047226,3412000,
430304,44760,151836,87364,2964507,3160602,5267640,
422026,43349,151543,86790,2002259,2445912,4076440,
155365,17765,52522,40535,649336,1135293,1925820,
308679,33904,126903,60833,2329038,2682959,4437900,
399441,41587,142856,81157,1550697,2040176,3400280,
834787,85896,304024,183804,3614342,4679288,7798700,
411272,43354,153355,90055,2257468,2785992,4643280,
0,0,184,801,5580,50966,118880,
476797,50838,170157,98857,2220612,3074701,5090520,
410570,42669,150964,92498,3128589,3345136,5575300,
398587,41698,145864,82935,1541230,2052745,3421140,
509004,57149,220534,136883,2273054,3050048,5083460,
100690,9725,37056,23126,1190584,1216572,2027580,
397978,41586,148048,91027,1538352,2122940,3538140,
423459,43311,151128,93371,2009312,2457537,4095940,
926141,97892,348960,202008,4441143,7360270,12267100,
370766,38327,129073,77596,1778001,2118354,3530540,
100413,12295,38578,21638,1074483,1307722,2179480,
428501,44749,155339,90494,2660442,3096291,5160460,
606944,63168,224992,131161,2431995,3835654,6392760,
593787,65168,244518,144254,2633104,3478946,5798280,
312520,35784,137899,88222,1858371,2755082,4625680,
120634,11481,35932,13029,459612,658594,1064080,
410192,43094,156744,96525,1593974,2263779,3772940,
421898,43199,149733,92008,2002516,2439876,4066440,
806282,83423,295574,175774,3130619,4211020,7018400,
5887,661,2284,1823,740030,552857,921440,
427329,44380,149101,80853,2636876,2949591,4949840,
402832,42115,149793,92129,1743145,2317132,3822200,
504006,43474,221335,153240,2249621,4843497,8072600,
404352,42066,149234,91708,1568307,2213472,3689160,
12340,1893,11266,9669,747717,750198,1250260,
574399,63701,241976,140274,2201613,3144330,5267660,
490209,51679,169694,94122,2771173,3395343,5625880,
421159,43177,148730,85649,1998337,2426883,4044840,
775611,81838,276771,152096,4681293,5226030,8709960,
82065,7855,26348,12448,1502355,1347537,2245900,
399653,41574,147516,91073,1551380,2177184,3628580,
432168,45205,157912,94648,3052963,3456848,5761380,
430063,44248,151694,82810,2844133,3086810,5144580,
346617,36828,123763,70225,1314366,1699112,2831880,
51998,5116,21792,18612,228009,411615,686040,
399038,41269,145279,78020,1548538,2028301,3380560,
399118,41423,147050,89477,1543427,2094235,3521060,
422706,43449,152148,93584,2005636,2506292,4163400,
660237,70614,234032,137229,3753744,4320634,7235040,
388796,43665,160678,95103,1498879,2226243,3676540,
428375,44375,155078,92519,2446046,2846072,4743580,
417428,44619,163733,99276,1624361,2489118,4148560,
496494,53858,173113,102033,2352467,3145190,5239920,
40080,4821,23060,15257,1794740,1613591,2689340,
407597,42693,155617,95656,1584870,2289524,3815840,
420659,43129,151531,92452,1995870,2456126,4093480,
402979,42430,147119,82014,1560224,2178539,3630900,
633215,71822,242450,150522,4031491,5891226,9818680,
460423,47570,165208,97928,1821111,2526585,4210880,
423583,44709,157765,89382,1680577,2377596,3962600,
421920,43224,151421,88937,2002581,2463455,4105720,
433948,46009,157266,95213,2165734,2941213,4902140,
344190,36255,125299,70741,1320047,1713890,2856480,
84022,8019,26111,12466,1857423,1606123,2676860,
400845,41824,143105,76635,1544260,2262348,3770500,
421964,43053,149997,88579,2001941,2434722,4057860,
400472,42223,146515,82527,1579123,2144205,3607660,
196739,22778,96688,63348,1415692,1677334,2795280,
640822,61785,202972,110733,3362377,3807190,6311720,
473830,52316,181377,105949,1877452,2934923,4891620,
490557,53020,165243,99674,1976640,2812540,4687640,
406922,42916,150721,86863,1575019,2224518,3707560,
132511,14555,41933,28879,573020,1072829,1821820,
543641,62268,242303,136930,4120472,4586605,7610380,
448702,48165,179573,115988,2112176,3348145,5580140,
587428,65247,250635,151335,3940046,4551047,7585140,
355015,37971,132611,74674,1354183,1842524,3070860,
85745,8287,28822,17065,2099090,1782827,2971420,
807027,83416,290156,167071,3139068,4275432,7125760,
422237,43493,152165,96566,1998731,2485032,4141720,
405047,44754,155436,87605,2316108,3251302,5418800,
347941,36884,127102,72849,1320284,1772180,2953620,
73784,6809,26254,22733,676206,758668,1264360,
408596,43832,155561,96713,1598892,2452879,4088220,
437246,47376,164966,105677,2044104,2759845,4599760,
429099,44243,153014,92082,2655522,3101093,5168520,
218917,24967,94071,64169,827034,1272929,2155060,
237949,22187,65059,28212,2164752,2078362,3430780,
1145108,83623,587353,446120,4165318,12169352,20282220,
431638,45359,155657,92580,3291835,3502924,5838200,
417557,44075,155850,97844,1644312,2402734,4037360,
32832,3400,15239,12449,997762,1055217,1758620,
428077,45299,151540,89850,3063094,3316113,5493080,
399031,41695,146428,85446,1548761,2122369,3537320,
424932,43973,158460,98171,2013714,2595324,4325500,
586914,64955,249263,152920,3812810,4374170,7290240,
21904,1681,4202,3065,448453,344530,574220,
402814,42683,145617,78119,1860441,2352246,3920340,
975950,103027,380296,218253,3768264,5015101,8358360,
458784,48352,164504,90541,3708292,3893235,6488700,
411689,43752,147560,91767,1602903,2168016,3613460,
44630,5157,22120,17271,546522,727074,1211680,
405526,42523,152866,99058,2368001,2836866,4728100,
404052,42024,147411,89902,1567442,2119925,3533240,
398676,41589,143392,79033,1541621,2037395,3395580,
429029,44524,153271,89359,2662128,2987549,4979200,
4254,623,2558,2086,21439,89602,149360,
431010,44377,153996,94468,3915187,3903685,6540020,
885707,92276,311648,176855,3666256,5015692,8325500,
431561,45731,157425,85124,2976124,3566656,5944400,
399051,41349,145728,86090,1548822,2106775,3511280,
58794,6237,13957,11163,1288489,1178869,1964600,
400493,41911,148014,89294,1558319,2274932,3825680,
423211,45474,164504,88945,1666217,2544037,4212640,
403315,42295,150883,89483,1568130,2181361,3635680,
370258,38286,128722,73429,1774002,2096955,3494920,
54995,5735,20798,8012,243660,393491,655840,
781976,89523,294392,189594,3941163,6866772,11444560,
825329,83781,287013,156178,3628886,4489351,7516240,
435010,46050,164467,94727,2267148,2929257,4848220,
332031,34796,119582,71483,1677912,2088336,3514260,
102723,10415,37062,17056,385426,709598,1148820,
599038,60590,209010,124516,3638875,4254948,7091580,
409424,42963,151776,93997,1752453,2482267,4170820,
529781,53853,206764,103163,3020918,4753292,7880320,
446741,38239,158623,17808,1948016,3391652,5631760,
1008468,100588,392048,153971,4097564,6444600,10743680,
1054076,106825,409081,172671,4280618,6876344,11461100,
1273734,123861,445268,187190,6376215,8526249,14207680,
1033593,102645,274007,101967,4949697,5835021,9722120,
243661,19277,35312,16519,1209708,1147266,1912160,
446262,48930,162214,90167,2470712,3161953,5270080,
1661696,127502,527203,141155,8815204,9844194,16406980,
407152,42843,150600,94295,1580187,2272366,3787320,
360170,38173,134231,76888,1373650,1959650,3266000,
53510,5548,20061,8092,234284,385382,642300,
471970,49491,161095,89998,2795151,3222948,5371560,
399065,41957,147961,94903,1543751,2217189,3695360,
833618,86738,302015,176211,3608210,4705184,7841960,
355749,37654,127568,71892,2286570,2433597,4056060,
51908,5285,21387,14972,227730,397035,661740,
401486,41958,150252,92942,1560120,2184379,3640540,
397941,41410,144125,79879,1538413,2020030,3366680,
595705,65222,247714,147022,2647843,3524757,5874520,
203074,23837,92996,59674,753083,1118249,1897320,
202578,18734,54567,19756,1418512,1435122,2358180,
578644,45092,290009,212949,2109020,6436351,10727180,
397357,41235,146676,94342,1544181,2191201,3697200,
845781,90122,306040,181580,3304733,4600525,7627200,
116906,10639,35571,28074,827876,1159878,1966900,
337519,38101,140542,70233,2315137,2602645,4304060,
431627,44775,155912,91626,2040148,2571112,4285060,
416181,44585,159624,96647,2054851,2724329,4540560,
398198,41360,142678,77922,1551335,2047573,3412600,
38336,3797,14502,10002,1588139,1336642,2234920,
422702,44091,148901,86319,2000960,2513643,4178160,
576232,43320,296548,218098,3620633,7493188,12488680,
419442,42919,148093,81366,1984993,2532915,4221360,
636788,69383,248859,148368,2483401,3423933,5740500,
176721,16068,44196,15117,1321547,1281579,2102160,
397958,41433,144090,77545,1538578,2198813,3664680,
461234,48001,158905,92960,3200675,3601337,6002280,
398302,41521,146504,90316,1539752,2102294,3503800,
96985,9348,27805,23559,386654,560981,968760,
364203,40533,141454,84906,1793567,2405407,3975200,
580884,64419,247515,150990,2220655,3228916,5381580,
403829,42043,144587,78412,2066516,2405215,4008660,
433719,45385,155024,85354,2895054,3194471,5324080,
639936,70106,246873,150300,2543133,3459819,5789960,
438163,46754,163600,96941,3385121,3690339,6116320,
421309,44549,167053,110778,1648272,2543462,4259400,
436185,45180,160693,98565,2524910,3115637,5207040,
401089,41871,145187,83302,1811653,2255094,3724560,
28184,2660,10289,8620,484094,563391,938980,
428479,46448,169861,104805,2592685,3566347,5943880,
403641,42600,148429,81889,1568364,2237546,3729240,
429705,44414,151224,83063,2815820,3024162,5040280,
688705,79005,273580,165852,3120040,5719651,9532660,
430667,45388,153770,83669,2042541,2743754,4572840,
471689,51405,176196,100592,2536988,3317820,5529700,
397919,41749,146218,87065,1538150,2124213,3540340,
439684,45690,162937,102456,3007874,3380791,5634620,
398067,41650,145885,87196,1539226,2090545,3484220,
37126,3804,14559,10936,1605742,1370270,2283800,
399552,41479,145426,88563,1550710,2119291,3532160,
443459,45881,151664,83377,2112906,2592230,4329100,
436868,45255,154378,96115,2801429,3138936,5223600,
418647,44155,156954,90443,1623908,2325480,3875740,
436454,44818,152019,84856,2799848,3038220,5063780,
485497,52554,159110,87260,2293700,2805899,4676520,
484235,53845,173835,109464,2578385,3200100,5333460,
575448,63649,246398,152682,2207682,3239408,5399100,
346545,36409,125494,70738,1314527,1677809,2796360,
76786,7901,30918,13854,693353,907098,1511860,
405765,43041,147562,78172,2352963,2718749,4531220,
450357,47296,166417,99123,2136878,2834992,4759660,
417018,44515,151431,94925,1942356,2473627,4088300,
295550,32000,114938,68017,1159739,1548006,2613720,
538904,54182,185495,107234,2438756,3086797,5110820,
406390,42578,150464,94188,2178004,2651921,4419820,
427586,43877,152891,90983,2671271,2924008,4873420,
401190,41920,148962,90325,1559543,2167752,3613020,
142777,14516,46277,33613,2096277,2022254,3404180,
299191,32597,120194,57884,1157680,1621960,2669540,
438981,45458,156092,89080,3700686,3745247,6242120,
601705,65619,250570,150023,3709310,4323444,7239640,
351937,37127,126259,71826,1719684,2014669,3323880,
73688,7021,23812,10522,677822,737833,1252800,
815869,85889,295894,172343,4196234,5021843,8336420,
405821,42526,151392,93544,1584245,2247167,3745400,
416873,43149,147588,83358,1976403,2427748,4055520,
438173,48624,155211,91102,2267607,3015119,5022100,
84668,8308,29912,15308,725783,873378,1455620,
405762,42899,150625,84906,2295790,2828521,4714220,
407959,42529,150223,89728,1583360,2178962,3631680,
424418,43859,155086,87510,2012334,2559265,4265500,
197124,22780,90866,57715,1294528,1493277,2522580,
403080,43350,156130,83172,1919287,2458204,4063220,
818894,85172,296717,182020,4787387,5478262,9130400,
398800,41394,145622,89459,1547914,2072493,3454100,
427494,44510,153200,86465,2660574,3016634,5027680,
42427,4631,16211,12317,235872,435010,758700,
568646,59821,203786,114686,2568859,3535967,5859560,
410006,42845,147938,83218,3234665,3284096,5473520,
419359,45101,167368,106345,1870632,2929099,4881760,
577861,64308,248031,151017,2198197,3197611,5329400,
0,0,0,0,0,0,0,
474054,51946,175211,104813,2244101,3011132,5018500,
869187,91006,297062,175766,3459065,4618568,7697700,
411598,42884,151644,90442,2280885,2684923,4474840,
404428,42126,145411,79317,1563198,2063553,3439180,
28395,2604,9299,7982,739606,664863,1108160,
428603,44205,152177,89634,2771519,3048851,5081380,
397659,41290,146730,88675,1537124,2095359,3492240,
433298,44549,157567,99099,3253133,3438605,5730940,
406342,42344,150829,88823,1579071,2280284,3800480,
43907,5227,10041,4180,181475,325667,542800,
699922,78701,264852,158554,3530737,5797194,9661960,
817463,85415,297593,178649,3944825,5018675,8364420,
621440,68523,263806,166852,2793066,3927846,6546360,
412056,43713,155808,92512,3163585,3404952,5674920,
2419,521,3483,3240,11377,117433,195720,
459488,49421,162633,91168,2176234,2864594,4774420,
580682,64470,248385,148165,2944713,3886492,6477420,
406841,42343,150582,94413,1578559,2182304,3637200,
346594,36917,128612,70835,1313072,1856618,3094420,
51751,5225,18628,6404,226804,335129,558600,
489622,43439,217688,149168,1831684,4628862,7714860,
777523,81057,275959,150949,3358947,4379489,7299240,
636408,69287,265707,149566,3281861,4203341,7005540,
324423,34225,119182,68399,1246332,1756397,2960720,
125734,13501,52135,29904,862556,1328942,2181360,
420735,44841,155916,82774,2913640,3241918,5403140,
405540,42972,149207,81323,1582846,2216721,3694640,
607331,68169,255426,143655,3930845,4627178,7712020,
226202,25477,101473,70799,1205313,1615064,2725620,
276192,29770,83690,41253,1491923,2116074,3493020,
482086,42141,215916,147947,1800410,4366851,7278120,
814637,86246,296164,160453,3161844,4376599,7294320,
429391,45404,155259,83685,2843625,3183506,4994680,
31665,2812,8430,6746,1547921,1220186,2067480,
433008,47015,154947,84978,1675462,2529490,4181940,
428674,45874,160491,85896,2680034,3221706,5369440,
398034,41345,142943,77233,1539263,2030861,3384760,
421498,43926,151078,81126,2000606,2481822,4136380,
12151,1361,3994,1529,1491758,1102699,1837820,
419915,43843,146642,79557,1988394,2422120,4036960,
407480,43400,154859,82355,2274817,2804752,4674620,
806426,84293,294147,165477,3130535,4223448,7039080,
229896,26177,99559,63681,1231822,1515792,2560000,
204195,19254,58717,22905,1632820,1738422,2863380,
595329,65431,246839,141847,2640094,3497415,5829020,
733593,84008,294739,175766,3546479,5026269,8377100,
397989,41418,144789,80399,1538433,2054906,3424880,
157679,10645,109316,94267,609481,3309377,5549200,
435757,49435,174057,89434,1889504,3287590,5445640,
419923,43901,149675,81104,2995051,3171374,5285660,
411390,43506,153978,83958,1604618,2266708,3777840,
694890,73977,261604,158995,3084500,4022478,6738540,
200866,17079,65221,19669,1719417,2215217,3667000,
859018,80758,306339,97219,3919607,5995642,10004320,
839882,79883,302906,106314,4162049,6142336,10234720,
861921,82280,293297,91590,3553459,5492804,9150280,
874818,83552,304037,103830,3976753,6091896,10149620,
681198,64202,159079,33424,4065458,4482691,7193460,
754710,67583,169293,92372,3376609,3561607,5526900,
449843,46722,152981,86583,2800121,3300942,5519120,
1639214,123853,499678,125735,7638616,8372202,13947360,
758246,72137,314827,222335,4048191,7408288,12381040,
220548,21029,62495,24144,859550,1034284,1660560,
473459,51456,177224,109345,3021226,3723996,6206720,
418698,43565,148595,80905,1980029,2479573,4165660,
414154,43452,154801,95036,2337003,2877178,4793340,
402185,42038,145809,85346,1583944,2130388,3543480,
25587,2198,6041,4154,465110,419225,698720,
418542,44202,155817,87522,3476959,3682452,6137420,
416322,42440,144955,77634,1968561,2320880,3868180,
689330,78357,265072,172642,3156923,5630976,9384820,
507253,52122,175437,111187,2544274,3517560,5895860,
331078,36845,139733,72670,1328092,2123646,3506040,
420829,43191,148341,79960,1997619,2448976,4081580,
405879,42839,149593,82734,1869328,2415183,4025220,
433074,45344,161658,100061,2053723,2673939,4456460,
406577,43395,150578,82541,2483529,2866817,4778060,
442,93,610,547,1896,24085,40160,
429959,44411,150195,81765,2749912,2928014,4880000,
398919,41717,143247,77399,1542810,2100422,3231480,
430055,45476,156342,85976,2851169,3174449,5290840,
439427,48924,161728,88388,1730616,2524032,4206740,
448045,46235,158468,89417,2834016,3165661,5276100,
398582,41229,142438,77968,1546628,2041664,3402780,
459296,49743,162203,91809,3297214,3959384,6599060,
400102,42721,146379,77943,1552941,2172174,3620340,
207290,22625,86001,56384,2156264,2135726,3612900,
250535,24571,74146,31773,2304043,2245934,3695080,
405901,42741,150664,81056,1585473,2254696,3757820,
419155,45128,156283,81849,1984671,2708944,4514860,
234726,27568,107490,67701,2742190,2678003,4497180,
352817,37540,140612,72870,1330624,1891787,3125980,
823925,84294,286910,151774,4052955,4876663,8106620,
401627,42209,145822,78214,1562245,2101825,3503040,
422376,43857,152216,85324,1999672,2660381,4433980,
192940,18946,60113,26663,815836,1203928,2006560,
492511,54423,170219,98873,2600481,3352734,5587800,
416507,42831,144965,78202,2003868,2562733,4304980,
442183,48383,177167,111370,2619975,3631265,6018360,
419533,44601,145249,79435,1986760,2726432,4544060,
14449,2217,12109,9129,66556,238600,397660,
405354,42271,144679,78226,2278013,2646190,4410380,
799017,81477,278923,147567,3101361,3908125,6513380,
430055,44703,152072,82924,2846070,3072186,5120360,
405491,42863,152364,91005,1571589,2274704,3791140,
103810,1926,75773,69816,696546,2868548,4780900,
574481,63657,242316,141800,2203557,3341923,5569840,
412007,43331,151461,90473,2845901,3535864,5927260,
537395,57536,190663,117646,2436309,3881344,6434920,
466367,44976,185123,122932,1775930,3368104,5613540,
14498,1589,4629,1815,1883546,1450833,2418060,
598006,65545,246466,141900,2659429,3546969,5911600,
827373,85216,295164,158574,3575604,4623753,7706360,
432286,45339,151631,97334,2039851,2518873,4198160,
421253,45594,161212,91526,2632564,3340747,5567860,
21756,1702,3923,2548,448635,336427,560680,
401143,41661,144117,77708,1559168,2068042,3446740,
408014,42516,147365,80827,2750984,2918011,4863300,
399766,41553,146353,88445,1551892,2113538,3522540,
421098,44291,152133,81598,1994643,2678644,4464320,
7860,846,2393,1081,1064376,779526,1299160,
462001,49535,154330,83787,1877681,2593950,4323240,
830046,84958,297583,161319,4401680,5168844,8614780,
399022,42627,150140,78461,1548517,2329785,3882940,
290189,32390,119487,71858,1473151,2098690,3536700,
181163,20202,75596,39108,1392077,1941967,3193340,
423860,43515,149164,81765,2599797,2861788,4803460,
579449,64492,243383,139714,2460341,3335474,5525280,
354863,37272,131274,75550,1723482,2322862,3948900,
296904,35864,129718,76624,1198155,2042945,3359640,
511213,58052,188264,109235,3419569,5256910,8727940,
428443,44514,150015,84222,2756651,3132522,5220840,
825228,84647,296941,170060,3246053,4435681,7392720,
227084,25448,96806,63899,2061482,2137266,3596020,
255550,26097,76729,32987,1064308,1673393,2788900,
413963,42317,139979,73091,1931325,2249026,3714620,
413470,43100,148115,79966,3242547,3360269,5600420,
399396,41622,144114,78229,1546008,2060429,3434100,
66343,6600,20504,13774,1736203,1479654,2530660,
360998,37875,131419,69550,1328160,1747525,2831540,
428448,43896,150162,87254,3615352,3597193,6016940,
406922,42680,145851,78592,2056259,2445192,4041300,
799603,81432,277832,147780,3105616,3898375,6497220,
0,0,0,0,0,0,0,
405232,42556,149558,81962,1579472,2191948,3653220,
464463,49870,167463,92911,2191728,2876856,4794740,
408901,42991,148192,84765,2461295,2773108,4621820,
434205,46108,164761,93478,1685836,2517423,4195700,
60643,8117,38673,32453,1886630,2206908,3678300,
398975,41771,142508,76552,1548149,2102316,3503820,
432670,45281,160918,94760,2046129,2678125,4463520,
400838,41874,145364,78900,1557873,2093425,3488960,
980951,104956,387555,223349,4660158,5858345,9763960,
28543,2413,6876,6009,1268393,954401,1590620,
401999,41706,148260,87105,1563151,2216901,3541500,
420327,43256,148830,86560,1990707,2386523,3977460,
415388,44018,154893,85737,2615484,3036034,5060140,
397371,41227,146309,93054,1535742,2100248,3500400,
26473,2164,5502,3540,1200517,921301,1535460,
425278,44400,146426,81512,1654598,2217615,3696180,
427780,44146,150150,82957,2599054,2857443,4762400,
610550,68694,256105,153288,2370546,3487750,5812820,
838478,87295,302005,157729,3622963,4820405,8034020,
11500,1410,6283,5009,368259,389018,682320,
470659,51658,157904,86765,2645178,3069920,5082640,
500004,55423,170097,98717,2345947,2980706,4967800,
405080,42344,146426,82731,2327398,2636559,4394300,
571711,64955,247612,138589,2183699,3228435,5380740,
35289,3359,13664,7010,1384480,1224286,2040540,
422137,43283,147426,80278,2003655,2406981,4011620,
571735,63533,240376,138681,2184511,3224135,5373560,
403369,43517,151851,80714,1998411,2578872,4298120,
642964,67557,233349,132914,2469737,3242594,5438420,
189988,19344,67136,24624,1279505,1768909,2914000,
420886,43676,149172,81773,1996734,2436784,4061280,
592526,66493,252378,145514,3700269,4436972,7428820,
437450,48613,163720,91184,2149692,3006430,4976780,
428841,46034,158008,83462,2020614,2849127,4748560,
335363,1362,287976,268257,1006428,7534825,12558000,
407283,42651,146726,80329,2424969,2891794,4819600,
427975,43869,149506,83010,2929054,3143042,5238300,
334224,38218,136229,81869,1438697,2232213,3721220,
489657,50291,166317,86805,2994315,3573464,5819980,
491535,49634,171487,83821,1906009,2521044,3960260,
465699,48818,161826,92663,3124054,3689336,6148720,
415957,42764,146459,80052,1984688,2375118,3958500,
181116,20581,81000,59990,1273783,1498650,2531420,
440306,46019,158632,90011,3370264,3484678,5807460,
221029,21232,65316,26779,867099,1178410,1921540,
605752,66348,249239,145335,3888256,4419709,7366260,
690805,77086,262446,171724,3477504,5698582,9497440,
14644,2253,12868,12157,108397,337079,595500,
583407,62834,203780,119498,3439028,4381253,7302240,
707408,72720,254775,128906,2737176,3486042,5776300,
433090,44872,153851,85544,3250065,3453278,5755400,
590151,59790,202688,102482,2349784,3281757,5469640,
23723,1966,5349,3960,458702,376357,627340,
409523,42712,146186,79492,3010749,3167691,5313340,
420257,45792,164353,95907,1622161,2656953,4394420,
423563,43935,150228,82595,2010891,2465019,4108380,
420332,44662,155861,85336,3122764,3332401,5553940,
0,0,0,0,0,0,0,
418033,42839,146732,82054,1982252,2380613,3989580,
804149,82154,281638,148273,3127492,3956190,6560600,
430390,45690,163319,91214,2709212,3190710,5317940,
397537,41581,142570,77260,1536949,2006667,3344500,
34750,3257,10287,8912,1422022,1140966,1901700,
459480,46669,162668,89516,2176263,2872711,4795800,
865733,86125,328769,115468,4763088,7198494,12006100,
870479,83784,311478,105304,3954550,6359148,10594400,
1033018,105091,393551,161044,4991238,7398313,12329260,
453688,39464,149699,17025,1971278,3194488,5318360,
1354603,137348,403984,172310,6214178,7834796,13051000,
1137886,106246,315359,181802,5316936,5692454,9487400,
402049,42426,147622,82642,1563521,2226290,3710480,
1633736,122162,496359,136354,7609642,8231590,13719240,
0,0,0,0,0,0,0,
400487,42098,144439,77117,1554956,2098475,3497480,
430860,45307,156251,83344,2983100,3335073,5558400,
421033,43115,150905,89817,1998627,2437137,4061920,
405870,42416,146843,80852,2229498,2577729,4296300,
0,0,0,0,0,0,0,
431919,44381,150720,82550,3110885,3198940,5331600,
798532,81394,278327,146009,3099189,4021330,6702240,
471959,51111,171328,107815,3461413,4062944,6771600,
446148,46650,165524,103780,2934379,3493024,5821700,
4768,681,3704,2200,19217,100828,168080,
444868,46420,164283,95606,2095971,2798606,4664320,
410739,43419,154711,90979,2473874,3028226,5047100,
402811,43831,151429,81313,1566333,2272513,3787520,
428621,44954,157858,94745,3170071,3477426,5801280,
1228,182,1155,623,3011,0,0,
421323,43588,148655,80738,2000857,2400130,4000080,
798927,81738,281540,148882,3102281,3984369,6640660,
428501,46866,154650,86017,2235399,3132221,5220260,
236921,26790,103671,63610,2001143,2315317,3909440,
195113,18021,51651,18238,775899,970293,1572100,
602654,65662,246781,141702,3289926,3907394,6512300,
398082,41338,142092,76566,1538879,2024023,3373320,
317814,34035,117608,72380,1616344,2027307,3413020,
339588,40043,129402,80334,2105832,2895739,4837220,
307757,31285,83859,39793,1275686,1595528,2625680,
430663,44446,150592,81150,3037656,3150978,5251660,
833989,88656,309999,183835,3259713,4699443,7832440,
224081,25322,99885,69199,2316637,2400832,4035020,
289731,26430,72515,30850,1375255,1639338,2766440,
509897,58218,225370,126637,2099030,2889175,4781680,
500737,53958,168497,92121,2695301,3360588,5567120,
471303,51953,198381,133273,2203516,3820406,6367240,
81319,11727,37672,22965,448121,938443,1597900,
678190,77380,266891,164629,4042268,6253881,10413260,
417525,43313,144162,77528,2311556,2823703,4733780,
437020,46695,168575,103075,2361926,3076232,5080500,
834986,86835,296977,161802,4228400,5087583,8479440,
1688,379,3086,4079,17063,159959,300740,
469251,50331,170690,104349,3140094,3587847,5908160,
419104,44225,160459,90889,1641625,2580512,4300840,
444135,46810,172220,109058,2922547,3630390,6044260,
428653,44155,151673,83013,2940334,3097229,5162120,
43863,5158,9625,3753,181316,315307,525500,
399724,41932,144791,82159,1551706,2159659,3599420,
397789,41420,145536,83500,1537849,2051653,3419420,
398911,41571,143389,78154,1548195,2038913,3398200,
1359806,134621,476585,240920,5959987,7343257,12272460,
5071894,362085,440228,38867,21229501,14414473,23990580,
6419347,338431,359859,135051,25478535,16630370,27750500,
6331049,409036,301655,105143,25885589,15722258,26198280,
6178619,480487,298034,107684,25763216,15532855,25895500,
5332166,445024,467881,145973,23984248,15856403,26420220,
5042117,548841,283825,56456,23069538,14280487,23685180,
6808979,674345,409475,171291,32220420,20905831,30042300,
4835790,598133,584526,200500,23007137,18092330,29908040,
4049723,459354,620387,289344,21310837,19983258,33314660,
3976378,467968,683122,341985,19987731,20093590,33489400,
3845800,446727,395039,137705,20971893,15704487,26173840,
4002721,457046,542396,217441,20204157,17884214,29807000,
3961282,459798,535492,220693,20390730,17688201,29480360,
4183604,476655,550564,229610,21114832,18332279,29200940,
4325496,500662,574337,242077,22531456,19617263,28296680,
3456715,396895,355406,124250,18409953,14059991,19116240,
399044,42052,144203,77378,1548750,2359972,3933220,
426715,44396,152638,84713,2382962,2796856,4661420,
576291,63790,246457,152236,2213178,3237622,5395960,
837703,87592,299394,162133,4691497,5463085,9105020,
34832,4618,12626,9267,148933,517036,861740,
609357,69364,255284,149114,2365226,3565663,5942720,
397593,41185,143425,80842,1537071,2078370,3463980,
581454,65956,249726,141237,2228740,3284786,5474620,
805937,84127,231700,97091,3724332,4526791,7605500,
4265954,468592,346471,78395,20642112,13368288,22257620,
5945673,673552,395170,157146,27327353,18569183,30948820,
4559900,523071,596926,199468,22218154,19283139,30124460,
3892266,460655,541318,233551,20887268,18771367,30747780,
3925292,460619,603675,273802,19583392,18183066,30343700,
4117850,472125,463728,150308,21445436,16653721,27711300,
3968699,461058,600447,254933,21095172,19745281,32909300,
4096604,466918,608973,268787,20433435,18522533,30871120,
3937141,453203,510554,219087,21240417,18111928,29049500,
1009331,112886,200315,114180,4554259,5722425,8976320,
309452,31724,110793,54564,2458160,2597948,4296060,
471103,50868,170449,100093,2233008,3014788,5024640,
487704,50693,155730,86214,2914091,3350461,5584120,
258827,29525,114088,78585,1373739,1814002,3057200,
578464,57946,194103,105489,2258099,3101880,5169640,
408016,43000,146391,79782,2612875,2870469,4750380,
403126,42281,146832,80670,1582585,2182052,3650720,
426098,43918,148290,80566,2642578,2862247,4750760,
115891,10653,30419,21889,817248,879294,1499640,
316112,34621,128538,65648,1790108,2246745,3710560,
449228,46752,153558,86012,2729130,3073333,5122120,
732936,84494,270951,169912,3354770,6168663,10281080,
420337,43350,147593,81895,1991459,2459603,4099320,
31303,4042,17826,12287,889166,971899,1653480,
808126,84509,291776,164579,3136470,4271287,7085140,
596291,65258,249022,147299,2646069,3571368,5952220,
508414,55846,177355,104515,3831507,4270162,7116960,
397601,41725,147040,83180,1552547,2119351,3532300,
35365,3028,10486,8492,980575,840138,1392160,
420083,43223,146155,79047,1994353,2393505,3989260,
399597,41581,143884,78033,1547326,2050919,3418240,
2630149,260043,323325,96263,12791790,9041209,15102600,
2569231,306391,378189,111576,11375279,8830165,14682920,
29295,2494,8096,3722,1263385,1007448,1679020,
1184568,129939,491601,295799,5869548,7486909,12067360,
399916,41486,145601,78976,1547813,2115506,3525820,
441314,46365,161057,89828,2841586,3207813,5346340,
397853,41305,146460,87785,1538055,2078676,3464460,
33815,3214,11352,8909,1239105,1038902,1731400,
438152,45715,158849,87776,2977892,3339298,5565460,
424256,45325,161413,91080,1648477,2491140,4151860,
458596,48874,162001,93255,2175115,2804363,4673940,
404423,42457,147297,86745,2298589,2668949,4448220,
8829,1135,5057,3925,34151,100349,167280,
835624,86812,299608,172181,4481654,5270144,8783540,
452385,47050,155327,85082,2122648,2703851,4506420,
401149,41826,144934,77686,1629894,2189302,3684760,
403034,42762,149675,81779,2136830,2582722,4258640,
0,0,0,0,0,0,0,
421860,43507,149439,83025,2002475,2449245,4082020,
406237,42681,146807,78930,2362430,2691028,4485040,
398924,41607,147685,89038,1548059,2110259,3517180,
419770,43907,150705,79893,1986680,2497459,4162420,
8427,1025,3614,1645,891054,683003,1138320,
806560,83754,292109,167296,3136080,4182539,6970900,
428272,44554,154678,84848,2648091,3038047,5063460,
405624,42704,147869,79569,1576793,2225191,3708620,
270722,29916,108033,72040,1412305,1692844,2855120,
369026,42501,160209,87597,3040707,3614281,6024000,
439149,48469,178766,105628,1970217,3262333,5403160,
405743,42528,150993,93624,1567919,2247944,3746600,
435592,47791,176733,102581,1704280,2718123,4530100,
25392,2086,5242,3569,463378,394380,657300,
407566,42614,149083,79349,2575355,2894364,4823960,
807739,84448,288303,158956,3141895,4146447,6910800,
425129,44434,152760,84376,2383722,2891631,4853300,
391173,43684,167467,106804,2568434,2817852,4712960,
216101,24289,91875,40545,1242146,1902534,3108620,
406778,43029,148560,78879,2349290,2697414,4495640,
399225,41670,143550,76347,1549589,2060908,3434820,
447695,46372,152730,83510,2414950,2807990,4680040,
159535,17821,68002,46482,634745,967660,1646860,
331391,33498,90444,42389,2680919,2732256,4534340,
404772,42684,145998,78542,1583123,2179672,3632680,
1227912,120693,441222,178716,5348428,8079802,13468800,
1033900,104663,416572,170795,5765600,8203201,13673920,
468839,41270,154552,18794,2031015,3332038,5547600,
928901,90583,312888,107337,5160713,7168022,11944540,
1383066,140331,371228,136334,6142070,7642401,12729280,
617230,59843,169121,94546,3125151,4231111,7107720,
578036,56569,171773,89326,2782050,3470405,5678180,
1483757,111912,446292,112661,7465376,9000965,14922420,
422400,45210,158508,88744,1652470,2961509,4942600,
445974,47197,171252,96492,2130436,3123135,5181700,
828162,85283,293781,156152,4940853,5580881,9301420,
399570,42169,147128,79758,1546801,2217119,3695220,
34796,3871,14559,9415,507025,573650,956060,
407504,42452,152413,93401,2507619,2858455,4764040,
399541,41670,144020,79664,1547157,2069213,3448620,
421760,43623,150688,90376,2000967,2480545,4134240,
436999,37951,203219,146941,2118465,5096223,8493740,
88325,11081,31253,15939,396462,714003,1190060,
448346,47601,176415,112476,3192386,3949513,6573260,
436173,45457,159844,95901,2933192,3390781,5633340,
809581,85221,293462,160743,3150844,4668444,7779860,
418814,46170,145977,82299,1973286,2763361,4605440,
73383,8433,39686,28974,1215049,1596459,2660720,
410681,43153,156842,99795,1588440,2469417,4115640,
424678,43983,149858,86534,2008826,2545542,4242560,
360348,38243,135676,78254,2006034,2399017,3998240,
306256,33984,125814,71365,1233641,1869953,3150500,
161060,14262,41364,14116,965414,1013559,1655300,
407855,42393,151346,98774,2507298,2942472,4904060,
398517,41638,144985,86046,1540971,2062295,3437120,
881601,95430,353086,212307,4451406,5563977,9306820,
130464,13055,47825,16578,539731,894915,1446500,
674517,70704,235660,139698,3092749,4290851,7151360,
401252,41795,146329,84791,1559292,2131243,3552120,
411374,43063,154345,98582,2447505,2854161,4756860,
377659,41830,152740,93252,1442683,2654191,4423700,
80363,7662,26169,11885,1467722,1308605,2181060,
583570,65863,256444,147759,2237773,3476101,5793540,
430786,43789,155114,94380,3115195,3247594,5412800,
398272,41257,145457,83670,1540820,2080769,3467860,
635084,67551,241309,143639,3888290,4425640,7409880,
204049,19548,57544,21495,820480,1047193,1711580,
429209,44800,149685,80100,2421805,2853469,4755800,
420854,42916,147474,81744,1997100,2382027,3970040,
404542,41863,149573,92064,2032923,2489273,4148820,
223115,28043,108965,67685,871503,1631119,2769680,
232703,23481,60784,21314,1718910,1903253,3123040,
424106,43795,150283,84520,2005211,2464228,4107000,
438691,47239,161794,100290,2048205,2742030,4604000,
404937,42172,148123,90672,2159642,2557107,4227820,
720215,80339,300232,178874,2816974,4135480,6955120,
269984,30472,100698,42609,1001117,1510688,2455040,
398060,41316,145461,82591,1539145,2053504,3422480,
421103,43056,150699,92741,1997997,2416269,4027160,
404293,41766,144351,79132,2066524,2510086,4183560,
5718,1211,8555,5807,60874,238185,451900,
392752,41617,136330,69796,1478223,1923192,3151120,
431094,44349,155089,92663,3250226,3384929,5641560,
483456,50644,158708,91037,2328558,3006739,5011200,
352983,37587,128537,73829,1730433,2179460,3632460,
459666,47318,162426,89835,1817586,2414202,4023620,
400976,42609,149666,87594,1559646,2220925,3701560,
416947,44372,158602,90684,1623172,2364760,3941160,
426786,43989,150766,81399,2512681,2814197,4690220,
385755,46727,148445,82059,1494313,2371532,3952480,
63214,6932,29993,12519,277630,611161,1018600,
440804,45815,158330,85833,3349679,3611141,6018640,
679702,76643,261164,164756,3073803,5478223,9130580,
625644,69134,264020,152055,2771600,3990497,6650760,
370625,44493,155945,89726,2145931,3185109,5356320,
483509,50521,173716,89346,1904355,2616513,4312220,
430127,45105,150075,82801,1675907,2329378,3882320,
398246,41404,143103,76892,1539724,2040626,3401120,
516521,45122,225196,152850,3952966,6339842,10566400,
172422,21213,81565,52660,696160,1168316,1995780,
392272,29898,186407,132003,1754240,4500232,7454620,
400747,41550,147282,90676,1557174,2208843,3681380,
579539,64085,244635,141763,3272494,3926825,6544800,
399982,41367,147067,89462,1552128,2086899,3478160,
138144,16368,43514,27958,1995250,2253032,3804400,
851832,82282,352286,218795,3159591,6132452,10172200,
577548,63958,244642,139426,2213874,3143045,5238360,
399207,41517,146011,87004,1543971,2060877,3434820,
430458,44556,156942,96291,3092458,3352263,5587040,
0,2,221,221,384,17623,32280,
499353,51045,222969,143398,2791757,5118642,8491280,
511650,54475,165290,89252,2420900,3233090,5388460,
422598,45625,166262,104656,1652667,2600058,4333460,
641959,52829,316109,238412,3651083,7715014,12858420,
28714,3842,19113,13991,119130,442524,737580,
838273,88329,301710,173257,4775658,5924044,9873420,
422812,43686,149710,81216,2007954,2463832,4106300,
401356,42052,149783,91556,1554671,2175857,3626440,
366893,39242,141008,89576,2216999,2721735,4570220,
81413,9834,27042,12118,318583,555843,892580,
429198,44723,153195,82204,2024285,2527902,4213140,
428851,44871,150807,93557,2496895,2891358,4818940,
581032,64872,246261,141558,2220640,3233970,5389940,
503650,55548,240835,162249,3435472,5692879,9562240,
265145,15401,161304,116298,946104,3429285,5637240,
778029,82091,278909,153973,3372912,4409808,7383340,
459878,48012,170760,87360,2690634,3303987,5472880,
571330,63543,244507,141723,2181414,3158633,5264380,
384268,44438,143394,77228,3570157,3731560,6219300,
50452,5181,18016,5658,221894,338900,564820,
429133,44427,155776,85107,2032261,2577014,4295040,
413460,43899,150716,78683,3088996,3256404,5427380,
397475,41295,145222,89402,1536271,2086672,3477800,
288269,37139,129619,80324,2518796,3125637,5259220,
184551,19347,55855,17686,689053,1075217,1741320,
775874,83927,284825,160735,3349375,4423085,7371760,
462403,47642,171545,95086,1823923,2621393,4368900,
422429,45639,158971,88383,2561702,3050326,5083880,
171052,20960,79823,51350,698409,1176527,2005980,
257289,26971,79138,30629,2445025,2420378,3985920,
398371,41386,143685,76581,1541099,2035504,3392480,
400594,41534,149380,91590,1555430,2138593,3564320,
354341,37923,135623,81412,1377824,2077966,3497400,
135914,13796,31413,14566,1006314,1115162,1872980,
399194,42749,142278,73573,1519698,2103691,3458240,
765029,85339,284434,157090,3971672,4999186,8332000,
504074,52769,179111,101210,2000590,2908589,4847640,
347991,40400,134289,72631,1319471,2030237,3383680,
270557,20632,136165,111853,1361764,4336952,7271320,
445653,49985,162744,90180,2124653,2958024,4882980,
562186,42102,289402,222206,2033513,5688535,9492740,
434422,45459,161336,99885,2056417,2810211,4655300,
618391,75789,248078,151961,2851884,5474054,9160440,
67167,7551,26596,9547,932288,1009421,1650800,
442202,47730,179204,116690,1782475,2862961,4771580,
938461,105778,383000,232157,4761822,6390718,10699900,
472596,49430,176359,100427,1832935,2604812,4293840,
467752,52684,178881,100378,1913671,3040306,5116940,
202265,12781,111518,78948,676192,3036190,5010260,
420713,43136,146407,79558,1996319,2428801,4048040,
450315,50014,186335,117625,4051878,4971471,8285680,
413824,43874,160944,89396,1630981,2565988,4276700,
223391,28740,109509,67041,845947,1596503,2711760,
183533,19414,54402,14464,733853,1036981,1679700,
421606,43189,149255,82787,1999829,2410087,4016800,
691307,76908,268541,154414,2723269,4030994,6769440,
561226,61258,199097,101791,2901134,3724989,6158180,
40627,5287,20595,12816,262681,622318,1083920,
369481,39556,137211,81601,1331410,1911906,3137400,
435445,44969,157335,87108,3186661,3469563,5782580,
423048,43104,153315,93871,2004437,2535547,4225860,
425749,44241,151918,93772,1657947,2304486,3840900,
13025,1471,4528,3233,1637276,1215277,2025520,
399251,41963,143544,75975,1544239,2080410,3467380,
417826,42874,148864,91975,1981930,2389046,3981700,
627477,70441,248899,141708,2448380,3614277,6074220,
588980,62441,203122,97438,2899158,3753829,6206840,
0,0,0,0,0,0,0,
430211,44268,153890,90040,3126836,3283572,5472580,
408408,42141,145838,80583,1747204,2229850,3750240,
752931,72511,286989,101445,3288182,5589718,9292080,
820919,78832,301862,107791,6744808,8130638,13622340,
557415,50213,184114,31526,13259092,11646480,19343460,
1090854,94802,462569,251495,4367173,10747106,17920820,
936928,94387,300587,114553,4059127,6062893,10130240,
984541,99898,293145,150151,4504714,5815483,9590320,
959436,92354,248535,121350,4965207,5323514,8508960,
824855,58605,152405,43013,3991265,4001719,6669040,
891896,74956,384859,113417,4323230,5598438,9297240,
406303,42168,146195,82161,2330581,2658856,4431360,
409265,43370,155951,94942,1592109,2375065,3958440,
355309,41933,140455,76157,1359282,2181698,3636160,
73653,6888,22783,8853,676262,687064,1145080,
587949,43640,295323,219723,2731627,6882701,11471340,
423761,45539,162751,99215,1650221,2594571,4324160,
541814,56820,193929,119647,2514235,3381902,5699000,
620543,71988,236485,119647,3343210,4409178,7334000,
97824,10737,35828,13078,351595,627993,1000620,
1075994,65537,669118,546338,4086753,14074933,23492040,
451842,49229,170073,92917,1780183,2782850,4604160,
405338,42362,146068,81390,2380022,2695491,4492500,
215917,27244,101700,63085,821183,1438081,2444980,
218234,22547,63356,21684,1967487,1987356,3265260,
483024,49668,154688,91386,2311430,2770942,4618360,
404434,42173,149855,92173,1575610,2200213,3667080,
434022,46701,161273,92615,2204289,2844854,4795680,
384447,41976,147265,80743,1487823,2290151,3821820,
409404,42559,140703,82471,1844043,2313511,3800020,
400466,41714,146468,83116,1550539,2084633,3474360,
405953,42054,148849,91328,2383053,2708109,4513440,
360699,41040,148909,86121,1386574,2474730,4164040,
95071,9704,37502,19396,1818188,1786829,2957200,
683304,79977,276784,164997,3097092,5836398,9679900,
398433,41762,143648,76336,1540857,2233523,3722580,
626294,51639,323024,238010,2362188,7392385,12320720,
396439,46635,163407,96586,1927942,3080124,5187820,
463155,48075,163515,82518,2790041,3232049,5332500,
446306,48565,163543,102221,1766649,2602361,4337220,
403650,42510,149018,84415,1569601,2211594,3686060,
432419,44669,157840,99921,2043914,2629529,4382520,
364849,43217,142601,77335,2344479,2957816,4929760,
74960,7729,21647,8400,317053,492043,820140,
399347,41468,144502,81321,1550247,2052532,3420940,
398325,41512,147245,89634,1540044,2075330,3458840,
598079,44823,298749,230766,3972550,7569838,12616520,
266250,33178,114494,64868,1064449,1825590,3093460,
559040,55882,190170,93115,2835461,3436525,5678780,
402821,41992,147038,90141,1569615,2254427,3791520,
488790,47387,196144,125025,2220144,3867963,6412320,
409091,42771,147193,83544,2602485,2868893,4781420,
163533,19862,76179,50237,665745,1256408,2199580,
308267,34294,93087,38335,1559331,1930518,3137880,
693922,81155,278222,166122,3661097,4726156,7876940,
397709,41569,146710,89736,1537821,2111944,3519940,
430759,44416,152747,87615,2989484,3176417,5294120,
27291,2155,9310,6619,487695,599855,1044720,
809730,84582,287461,150714,3130516,4227151,7001240,
405002,42321,148723,87936,2265846,2754092,4630980,
493459,44244,226652,154964,1834754,4518702,7489820,
421468,43612,148078,81084,2000461,2427884,4046480,
11636,1369,4575,3265,980019,806954,1344860,
400123,42052,145256,78625,1549003,2161836,3603020,
429512,43676,150543,81890,2859160,3012294,5020460,
397877,41622,144246,83193,1537943,2082819,3471400,
434402,44796,155165,89258,3252074,3468998,5781800,
8551,747,2093,1247,202245,175802,326560,
851886,86862,293556,156441,4439601,5246382,8710280,
407028,43027,150060,87203,1584436,2286404,3810680,
469713,50966,168930,106840,3364949,3845478,6429860,
400707,41830,144944,82664,1553987,2148596,3562600,
29366,2472,8116,5123,477585,419869,699820,
589265,65611,250436,143155,3986612,4568170,7613680,
410741,42983,148673,80692,1595088,2168105,3613500,
429985,44695,154445,90789,3057157,3346548,5577620,
347226,38946,132218,75013,1323447,1956085,3294320,
83638,7878,25789,9802,1798485,1475306,2425200,
802853,82074,282712,149364,3119455,3991279,6652140,
580714,57390,195416,107651,2317913,3042857,5071340,
398001,41462,147075,89831,1539111,2083781,3473000,
377685,44216,142065,77489,2580475,3065895,5109840,
57982,6551,28171,12126,259093,642749,1097520,
450277,47722,173556,102079,3748919,4116594,6846120,
399785,41711,146237,89764,1554001,2121491,3535800,
500939,52905,166945,97192,2905019,3363079,5597840,
29853,2565,8618,7380,1259396,972547,1620880,
464112,50445,169949,106748,1854752,2791300,4652100,
823565,83541,285494,151639,3863071,4628971,7748680,
591710,65574,249444,140270,3389046,4041049,6701380,
405779,41966,151347,96150,1568654,2178582,3631020,
27706,2395,7085,5763,474648,442281,737060,
405683,42551,146716,79097,2360739,2659807,4433000,
620952,69837,256026,143834,2393258,3560770,5934560,
700300,79044,265453,162213,3534204,5909556,9849360,
349265,37065,127912,76866,1695522,2118949,3565560,
84805,9321,36896,22624,1203911,1315444,2158460,
421583,43694,148175,79730,2000193,2444194,4073640,
807163,83390,285416,151812,3139391,4178945,6964820,
408421,43324,148768,82511,2476085,2833070,4721780,
345579,37631,128922,72599,1308720,1814601,3024340,
88337,10780,32612,15573,396437,691001,1151640,
597074,65480,244889,139172,2655396,3433106,5721840,
416507,43881,155095,99525,2478397,2933944,4890000,
400610,42447,145573,82960,1555904,2104910,3508220,
377333,43135,141482,80870,2568589,3132144,5220240,
246891,9349,167473,144594,1205236,4927767,8213020,
404890,42788,145214,78050,1578235,2211747,3686260,
806982,82729,287562,165439,3933756,4670122,7783540,
398886,41756,146192,85240,1548084,2116625,3527680,
39912,4412,18698,13065,935162,934791,1558080,
406658,42617,145062,76898,1740144,2237016,3762180,
418669,43590,150222,85934,1810678,2350301,3883300,
417208,43835,160410,100266,2976635,3436543,5727520,
397670,41945,144108,76521,1545215,2065399,3442320,
33187,2930,10321,8486,1478039,1156260,1927140,
741957,64889,387094,274141,2702311,7111608,11852620,
467258,50008,166614,95817,3101856,3563150,5938560,
856184,90911,312489,179657,3333208,5106243,8510380,
355956,37777,130888,75917,1360029,1907264,3178880,
51801,5410,19691,6814,220689,334920,558160,
430732,44809,153900,85252,3166753,3360343,5600520,
417408,42871,147023,83086,1980108,2412990,4021660,
402757,42192,148946,91376,1562653,2178326,3630600,
353507,40580,134890,76214,1985167,2499504,4165880,
52417,5533,20327,7462,230900,370466,617500,
429982,44341,151202,82953,3189858,3266963,5444920,
399549,41123,144146,77604,1551191,2061897,3436520,
843241,88277,305864,184179,5366419,5979763,9966160,
363849,42238,134441,73259,1766881,2425072,4041880,
57755,6202,23256,7895,237300,385952,643260,
406732,42926,147704,86926,1949646,2433302,4055540,
404279,42230,147904,87147,1571001,2144733,3574660,
460945,49342,186477,120646,3235941,4210464,7017380,
345753,43127,138729,83358,1796953,2806679,4727260,
170197,18901,62773,24813,637908,1256918,2044140,
489744,52586,161222,87180,2449686,3018205,5030300,
412805,43488,151948,83338,1603117,2241371,3735620,
852271,90938,311564,186518,5285909,6135730,10226300,
113333,13180,53488,30150,1323883,1746954,2982300,
389272,42102,142365,74607,1407201,2108825,3439440,
424019,44128,151184,93491,2005845,2513982,4189940,
401557,42167,148501,91079,1560975,2146828,3578060,
375943,41982,136112,75601,2295959,2672760,4454760,
58146,7118,28821,13411,480504,770119,1401900,
484396,50753,151936,92464,2684577,3003839,4889260,
420250,43332,150478,92991,1989008,2489817,4149640,
401172,42206,148733,87617,1559882,2162937,3604960,
764341,85185,284717,154361,3951926,4971571,8285900,
57178,6287,23522,9256,250289,476987,795040,
459419,50200,162858,91055,2173526,2837089,4728500,
410808,43348,151858,92669,2678665,2999358,4998940,
603752,66148,248946,142024,2678795,3523471,5872420,
339712,40573,135041,75331,3364165,3666856,6155980,
355624,43112,146936,85018,1839958,3673439,6076520,
401643,42387,144955,77800,1563349,2261939,3802480,
447259,46759,165705,100906,2123333,2864964,4741640,
701824,67627,262317,101481,3182986,5159691,8602920,
1027353,101737,389777,164395,4232767,6827989,11431560,
686218,63293,217452,38897,3207919,4721184,7823620,
875125,84570,305666,100265,5383851,6877944,11470620,
1112801,116988,398321,156535,4733699,6837428,11426160,
820269,80270,230015,96666,3495841,4225585,7007420,
537039,37583,134841,105792,2497603,4637560,7801080,
1048746,80944,208641,68812,5084167,4704880,7779320,
970118,85409,446617,135770,4425512,6658896,11098140,
406111,42551,146815,82594,2208755,2745761,4576340,
431821,44801,155928,91384,2040485,2595680,4326180,
438113,46459,154838,96520,1714701,2538764,4274780,
409164,44093,148676,85556,3144064,3353242,5544380,
399166,41683,144561,83358,1549643,2080455,3467460,
437177,45084,155647,87603,3670154,3738769,6231300,
421202,43270,150832,92842,1999389,2450870,4084840,
6627,1042,7156,4654,34684,179762,299520,
410423,43218,147540,78398,3240453,3338291,5563800,
399066,41663,143015,76856,1548979,2050788,3417940,
419701,43118,146968,80341,1986741,2395555,3992680,
383358,40236,142440,86385,2446235,2678136,4463540,
435617,45529,160989,96608,1710436,2426749,4044520,
620372,62118,213011,115534,3727426,4310214,7183780,
399362,41524,146635,87543,1550194,2100139,3500240,
435596,46306,160466,100115,2137586,2873652,4856520,
384717,41719,137148,80546,2706584,2817205,4646640,
80542,9964,44277,21254,335466,1014770,1691420,
418754,43001,146182,78254,1982453,2379343,3965540,
428894,45430,162750,94365,1684421,2521178,4201940,
405618,42437,149300,90849,2601477,2899563,4832660,
456047,52370,174459,102462,1784762,2783910,4702380,
950330,102996,376529,196027,4024522,5542838,9175340,
407378,41896,145579,78864,2596669,2842139,4736920,
398850,41503,146820,89752,1547814,2093104,3488520,
429382,44087,153581,92999,3022249,3296339,5494020,
4159,552,1828,1424,17617,74155,123580,
458602,47481,158997,87441,3002826,3402312,5670500,
398319,41798,144050,76211,1541558,2083035,3471720,
399409,41458,147624,89627,1549818,2118426,3530720,
425269,43867,155570,96057,2482900,2863168,4771960,
39394,6152,14884,10138,182205,359964,599940,
837707,87271,302205,176489,4289661,5209665,8682700,
428101,43536,157595,102981,2018165,2566440,4277320,
401210,42095,145484,83781,1559615,2125508,3542580,
411493,42800,150572,87842,2895580,3145314,5242140,
0,0,0,0,0,0,0,
421892,43809,150208,80508,2001984,2507852,4179780,
402691,41773,148467,90589,1982203,2483932,4156600,
462591,48130,153662,94744,1876130,2482821,4131900,
514069,58703,223503,137422,2337682,3234597,5424860,
87233,8233,31474,12027,1391935,1254077,2049620,
808928,84059,289364,158078,3147422,4225389,7042360,
428966,44562,156643,96017,2972478,3262237,5437060,
430087,44974,159678,93541,2037232,2662238,4437120,
351380,37613,132265,78014,1362298,1939589,3266320,
148375,17965,42882,21035,885949,1236558,2027080,
405941,42871,154403,95292,1584680,2350346,3917180,
715905,80643,273537,176280,3252042,5948484,9914220,
428696,44526,150916,82224,2790428,3154999,5258260,
416325,48033,169312,97311,2947481,3820239,6374360,
53456,5501,20695,7490,235386,394199,649660,
897131,95440,324168,189091,5257742,6493987,10823200,
398709,41766,147587,88802,1542923,2217623,3696080,
538485,48498,248108,178694,3214282,6353154,10588600,
22302,1702,4711,3748,447879,403959,673340,
402042,42337,146846,78714,1559141,2178689,3631080,
409007,43104,149072,80532,2668378,2937690,4896140,
398323,41752,147737,88710,1539787,2126370,3543980,
378696,39617,135379,75409,2832582,2970404,4950760,
52545,5391,19622,7176,230872,360766,621660,
504109,43966,222927,146825,2247489,4648398,7736580,
994340,108151,400867,235383,5474009,6821307,11368800,
403141,41685,145980,81102,1560886,2140072,3566800,
410697,48288,152296,86891,1963014,2757778,4596320,
75748,8204,31662,15512,1685110,1579072,2631680,
398034,41275,145388,88395,1539335,2120360,3533900,
463154,50040,185325,110976,2602769,3804100,6340260,
401734,42301,148367,89963,1554460,2212520,3681920,
387300,45569,151237,85319,2229140,3091750,5097420,
64153,6764,25678,10304,1406021,1250397,1895220,
400250,42434,147108,77716,1637946,2254139,3790440,
1001691,107895,400181,241147,4131888,5721239,9501500,
413237,43090,155034,94405,2796022,3171915,5286560,
12811,1784,12668,10106,70646,361954,603240,
437513,47131,182795,112700,1728480,3068186,5113740,
431750,44633,156421,88061,3333766,3533897,5889800,
447175,46625,153582,86096,2637708,3078335,5170400,
407360,42549,146498,78141,2413370,2729222,4514700,
25633,2269,6172,3675,464463,435957,726720,
439187,47627,161059,93275,1734981,2481456,4135800,
408987,43227,148133,80217,2509055,2849115,4748480,
783593,81117,281979,173337,3381739,4445828,7409720,
587811,65511,256277,158550,3265108,4310527,7184260,
81421,7921,28377,12771,1417396,1313113,2188600,
399795,41980,144659,77218,1552210,2096862,3494800,
419878,43627,149777,79058,1988426,2445126,4075160,
430870,45913,171272,108761,2219389,3115067,5191800,
563736,62419,261812,174502,2097983,4754735,7924540,
120590,11660,39712,14153,882686,1068408,1780660,
491524,54220,171690,98943,3952247,4174308,6957160,
399709,42334,146372,79598,1547464,2127413,3545680,
757730,81765,283502,155917,2925346,4179003,6965140,
421329,43746,149657,80853,1995289,2450125,4083440,
112450,14621,50653,29449,1018064,1472664,2454460,
398885,41402,145460,86174,1548054,2124023,3540120,
436980,45134,160325,92135,2853334,3224228,5373740,
400094,41465,144213,78005,1553530,2117003,3528360,
370100,42052,137221,74504,1769973,2390596,3984400,
118980,12664,29029,15459,897470,1019239,1698780,
401958,42108,149058,90516,1563724,2211859,3686340,
428246,44247,156291,90225,2886847,3186998,5311720,
708970,78834,257331,142691,2754228,4038056,6748100,
476790,53427,177450,86783,3077744,3792205,6324820,
93417,9307,30748,11024,705805,821488,1315140,
401261,41794,148276,90563,1559249,2148453,3580760,
405793,42437,149889,89285,2545883,2868771,4781300,
353201,39997,137608,75486,1353315,2064843,3441420,
551101,67757,234559,154427,4066370,6195690,10370980,
388768,43011,162074,83626,1471608,2390123,3941480,
479278,52644,178879,112259,1946284,2959947,4933220,
397940,41589,145704,89133,1538389,2102683,3504440,
442457,48909,153400,88508,2096152,3089042,5211820,
587671,63363,222087,110019,2373040,3573673,5947700,
403511,43234,142290,73278,2089408,2502785,4117320,
421507,43361,152355,89687,2016445,2523248,4205340,
403699,41752,146566,83775,1548164,2132794,3554620,
328366,40944,146835,83709,2275251,3332592,5600760,
100654,10797,35548,12640,354626,620636,1006760,
431904,45978,159334,85755,2042316,2685880,4446040,
401389,41804,148909,90757,1559885,2184353,3674460,
401765,42149,147163,86191,1787367,2265154,3741220,
154750,17345,57155,40771,1005186,1391223,2380980,
672690,70272,244697,129030,2580070,3473476,5726480,
402335,41961,147946,90067,2005586,2439921,4066580,
399808,41638,145690,78378,1551872,2080794,3470340,
431027,44299,155345,93698,3375932,3480135,5790000,
95665,11823,30826,22981,784433,1139618,1946840,
406295,43889,151718,92097,1570659,2325305,3828220,
406112,42449,150761,91091,2119012,2570307,4283800,
399443,41835,146352,86383,1550963,2098055,3496720,
424797,44078,152192,88323,2207322,2628602,4381080,
2419,529,3619,3677,15164,140686,279220,
801777,83854,285542,148424,3113012,4120646,6821180,
397987,41411,145630,88680,1539822,2075948,3459880,
432064,44432,154119,87257,3292753,3461553,5769260,
420645,43146,147336,80518,1978426,2380913,3982560,
9460,1138,4338,3339,495157,404388,655980,
398947,41699,145096,80876,1548296,2101213,3481840,
398024,41586,142818,77232,1538828,2030949,3384880,
1180864,68856,700247,594936,4102645,16402559,27371620,
1225245,91739,625075,524367,5644896,14753119,24554500,
23424,2039,7111,5747,455843,427852,713040,
806702,82326,292652,159199,3148237,4260178,7100160,
460650,51069,174937,107768,2609279,3336789,5561340,
403291,42070,147706,90159,1570591,2261389,3803180,
962646,97855,430785,232306,3804391,8430899,14062180,
497342,43430,183661,34447,3193953,4681985,7766240,
862024,82476,308978,107622,4893379,6812782,11334260,
852924,82658,303064,99726,3512865,5683996,9467540,
1452494,84097,830950,597607,6714088,20354386,33965160,
2002360,155245,891252,680297,7823039,20964257,34574000,
1597158,169818,404141,343598,7183583,12165203,20151460,
800614,81385,283638,148245,3113159,4347469,7265080,
1677162,128736,519641,134660,8160051,9135732,15192740,
425184,44781,162136,91574,1657241,2529378,4215680,
407272,42918,157539,92934,2631909,3122779,5204620,
1710,347,1678,1242,7244,41427,69040,
421560,43466,152803,91629,2001785,2509015,4181740,
1135515,136767,309682,221883,4488043,7946013,13243400,
406093,42782,147586,89315,2342966,2849650,4749440,
550299,66400,235364,145723,2110362,3400379,5667220,
136451,13608,49633,22477,1322046,1532396,2554040,
821918,83326,287332,151268,3559591,4463858,7440980,
580103,64336,249999,144433,3112586,3948668,6581140,
433259,44197,155845,90789,3517587,3593202,5988740,
349017,40323,135602,75931,1327512,2092951,3488280,
110316,12981,58777,40782,1496363,2149912,3583140,
682968,77852,267678,175035,3225640,5801115,9702220,
427048,44434,154505,84609,1890870,2532598,4187160,
447062,48253,182740,116263,2493678,3589462,5988420,
350982,41385,135671,78253,1315581,2053727,3422900,
84634,8611,31756,15331,1344506,1373697,2289500,
890959,93314,304609,172496,3536582,4791045,7985200,
423863,44071,152389,82294,2010484,2533392,4222360,
461547,53672,175576,107904,1870529,3169289,5325820,
71523,7727,30525,13703,1033509,1105245,1791560,
438264,45767,154639,83745,1696818,2394705,3982220,
429426,44787,155517,93320,2848094,3219662,5366060,
417023,42861,149718,92134,1972269,2442552,4070860,
353981,41112,135327,72288,1354875,2079422,3465740,
58828,6085,22169,8926,737267,761072,1268440,
576966,63737,247511,151500,2207371,3262280,5437060,
799477,81715,280841,146839,3109134,3910155,6516960,
416900,42696,147754,84417,1971555,2362393,3937300,
317291,38544,124161,67971,2101010,2644901,4498100,
97712,12026,39146,14354,1508767,1702982,2761520,
425715,43948,159637,96770,2019321,2674813,4458060,
410017,43073,147326,80283,2618910,2878068,4796820,
398456,41586,146370,89834,1540787,2086555,3477580,
230287,27978,102049,62836,1236939,1748954,2958060,
239437,27197,77097,30885,1672377,2103726,3496500,
432634,46183,162673,96839,3583640,3822252,6336500,
819400,83370,286941,162017,3549387,4341017,7235000,
429632,45585,164804,100921,3410628,3683387,6138880,
71822,5932,16242,10067,304633,573793,1017680,
640275,41873,390249,304662,2564901,9161375,15207600,
408126,43005,151472,93816,2593967,3042453,5070900,
399483,41778,146896,86588,1551602,2133451,3555780,
406183,43369,157580,93557,1587862,2474051,4157580,
11914,1910,13292,9917,69631,408156,692000,
608140,45991,317486,233943,2558119,7180374,11955720,
1156008,46742,784883,683248,4606598,18220027,30366220,
1545535,83720,932269,754748,5374702,19761465,32960960,
1116287,46353,771042,661813,3741200,16937364,28162280,
0,0,0,0,0,0,0,
421335,44717,151342,79995,1999105,2728742,4547900,
459557,50392,174259,104505,3636558,4068562,6768920,
432922,45702,160371,94603,3384942,3737278,6228720,
960824,59076,632885,522755,3248210,13279278,22195320,
379388,11383,263279,224159,1646070,6279191,10433560,
414245,44275,158759,94685,2138220,2742338,4561320,
399213,41364,150632,92025,1544374,2206867,3678120,
989093,100455,342512,173197,3910424,5218302,8697120,
367558,40933,137563,78088,1757948,2294970,3824900,
62283,6663,24174,10427,822108,955895,1593260,
399113,41137,144699,79499,1549097,2087426,3479060,
420624,45742,169842,108193,1630418,2810975,4685040,
421705,44348,150228,80780,2000596,2598225,4330360,
430303,50688,150886,83408,4041296,4246704,7077800,
56534,6667,26473,9386,230054,522609,871040,
399977,41646,146722,89501,1553924,2114033,3523400,
418362,43184,152001,93972,1978373,2452278,4087080,
839084,94418,343282,196355,3165054,4562418,7604040,
530279,61726,195027,97509,3107610,4138438,6945880,
114534,12327,41392,16211,413346,737630,1184460,
400041,41566,144507,78943,1553318,2035660,3392820,
433386,45210,157636,98593,1685533,2475976,4156320,
705663,78898,265606,162934,4574954,6551510,10886120,
153832,18585,68521,45308,627085,1099939,1895180,
291429,32180,102241,46356,1503593,2065182,3375780,
411069,42996,149080,81538,2992810,3187048,5311780,
401537,42450,149289,85581,1555643,2183393,3638980,
646030,75589,282953,177268,2811073,3899060,6544700,
381852,39267,123229,41940,2709662,3144738,5246720,
369245,39146,132319,68442,1323327,1801153,2955740,
399900,41483,143825,77009,1552463,2029321,3382160,
427762,44045,153029,89415,2633454,2936389,4894000,
347698,40271,133328,72582,1322805,1984171,3306920,
51851,5147,18658,6954,234668,396152,707480,
525255,51320,222855,142351,2399102,5375448,8945460,
733968,53199,387232,310547,3782770,8803020,14637640,
909119,65879,481859,400857,3244307,10405972,17343320,
350287,40601,132315,73248,2207550,2825829,4751060,
493855,51011,179386,89653,1956863,2780261,4591940,
397398,41111,145407,88422,1535996,2062116,3436880,
719063,77407,249127,169485,3274612,5703702,9537460,
599494,57597,250648,177523,3599534,5828300,9689700,
221503,27156,101118,62631,1177165,1706976,2898020,
197281,20651,56897,17039,798610,1098857,1785300,
964381,111501,360361,244304,5392049,8158276,13631320,
1414738,97418,768282,651556,5348001,17858485,29763920,
916139,49590,559656,472786,4371264,12937239,21528320,
80861,7864,23159,16063,369878,664654,1169560,
912892,100287,370121,203366,3834358,5211186,8623280,
807964,98624,247094,170736,4627403,6690689,11185120,
960289,93700,435309,313133,3543784,7978702,13263820,
512884,45911,240382,173639,1917962,4418847,7364760,
1879,508,5115,3915,36805,175437,340880,
711004,81846,233513,149492,4241985,5984850,9926460,
2141222,305052,399430,292778,8517479,10882095,18136880,
1369007,151549,468271,371539,5757667,11466187,19144280,
475122,42746,212676,154972,1771645,3774813,6257500,
0,0,0,0,0,0,0,
961509,105370,322781,182481,3763679,5790601,9685040,
430401,43251,156363,95063,2009291,2696875,4460620,
570372,42516,292622,225233,2606393,6092727,10154600,
600108,68878,277946,175792,2320241,4200495,7000780,
3518,175,196,0,0,0,0,
412680,44152,157699,85717,1611636,2323418,3872320,
769551,96589,210988,140906,4213478,5555712,9293560,
607159,49245,295548,230748,2606420,6205319,10308180,
377362,38938,136229,78912,1797919,2281238,3802020,
59713,6377,25093,15537,918425,954725,1591160,
815777,82849,297093,168543,3180621,4434887,7391440,
430211,44325,154683,94012,2597753,2993536,4989060,
431688,43258,154182,91894,2106352,2599634,4336840,
427775,48695,154168,81844,3489757,3872410,6449360,
75173,8233,36392,18640,322805,707339,1178820,
434734,44441,149171,79732,2071115,2485519,4142520,
454777,47471,153936,95566,2568836,2978711,4964600,
564156,42278,291737,226197,2047011,6224724,10374480,
808050,115768,180920,116363,3188740,4006331,6677160,
56339,5821,20400,7629,246877,411428,685700,
834945,84885,296200,165629,5097500,5583908,9306520,
399440,41613,146523,85122,1544403,2122537,3537540,
429731,43563,151398,80294,2944897,3088217,5147000,
292559,37779,135947,85339,2236075,3053160,5144660,
639628,75169,265206,154416,2861202,5382443,8914160,
416438,43813,155377,90860,1619994,2442781,4071320,
436847,46398,167264,95768,1733242,2586252,4310540,
461691,51187,158907,94816,1835992,2532455,4220760,
154776,17488,59923,41097,1003296,1578743,2693160,
359070,43148,126948,56742,2314477,2731396,4490040,
810882,83495,296349,157933,3162418,4261680,7102700,
570743,62629,246222,148802,2179565,3175752,5292900,
369307,37183,149305,98002,1398078,3180593,5355680,
809929,8886,668014,613144,2903687,16215353,27046180,
513746,44532,239654,161442,2920469,5127656,8466440,
399530,41531,146525,86464,1551108,2139138,3565260,
608839,42702,330159,259842,2184681,6670250,11117040,
1223628,56217,820795,662999,4240175,18650040,31157220,
689284,54728,299756,134058,5261981,8507656,14124420,
863895,82193,306060,98985,3566130,5905908,9844200,
1260047,121830,436545,163868,5103195,7474438,12466580,
853568,79669,305098,111543,3513709,6020573,10064880,
1529980,93179,809573,615594,5922676,19048819,31368540,
514662,41932,84091,36132,5053876,4300311,6999620,
398601,41837,148727,89817,1541145,2263749,3772400,
1936519,127576,738094,344299,8971802,15113744,25223600,
918115,43399,596642,507136,3753032,13468190,22446720,
965786,29182,753496,670963,3082555,16816186,28078640,
934058,21464,708197,624954,2987303,16645667,27694320,
1343317,62054,862380,727565,4621538,18915053,31525200,
845330,83096,306200,169201,3623547,4871299,8084900,
496538,43247,221405,154341,4056176,5765277,9608720,
155251,18661,69523,45467,634895,1086801,1873540,
291916,32848,112321,56170,1664673,2632831,4326120,
459711,50054,164682,98401,1829475,2799236,4665500,
411222,43456,157475,98580,1603992,2323291,3872080,
473591,42818,209758,143337,1784123,4151265,6952900,
286494,16936,173056,145147,2012268,4580303,7662020,
284603,31703,106298,49059,1066820,1630060,2655260,
398447,41552,147473,89693,1540611,2098946,3498320,
800749,81687,285112,149152,3113559,4009800,6683000,
604862,66199,252149,145273,4055037,4673947,7789900,
17279,3082,12651,7776,179431,380903,687880,
429181,45477,150233,83486,1930634,2621076,4316800,
402947,42309,149681,91566,1740925,2347759,3912920,
604956,66157,252062,142064,3895230,4473326,7489520,
406306,42787,153062,98780,1915696,2494268,4123180,
0,0,0,0,0,0,0,
441605,42730,187790,127536,1691363,3901654,6536760,
704666,49885,380041,296186,2896971,8020237,13333020,
802072,82359,281617,147607,3120342,4029826,6716420,
361295,39762,136451,77742,2481264,2746031,4576700,
51967,5657,20547,8060,236333,468393,802040,
407693,42509,153497,91310,1571802,2128074,3546820,
420081,43199,149813,85560,1988582,2465750,4109600,
401477,41858,147992,90112,1560301,2130609,3551000,
419977,49065,141181,83759,3081050,3481552,5802580,
52063,5564,19118,6715,228308,387331,645500,
400527,41733,147397,82609,1555611,2111762,3519600,
397696,41217,147044,88850,1537281,2094624,3490980,
831202,85026,301101,172291,3603427,4646400,7743940,
307202,36909,123951,68042,3276311,3405587,5721080,
123900,11631,52968,27996,441871,1566420,2602140,
457064,45278,181108,117744,2125122,3307750,5478640,
800653,83575,340139,230799,3937900,8504887,14174700,
398910,41242,146265,88063,1548050,2168425,3614020,
213641,27214,97643,70247,956658,2078617,3526900,
406166,35673,181694,119147,3089815,4954902,8196140,
444795,44832,167473,108488,1726155,3414831,5725600,
626820,52827,293022,224374,3762576,6875731,11425320,
700134,73536,251343,136276,2670410,3519678,5866100,
100522,9594,33389,10063,443290,596762,988280,
580690,50004,262110,196773,2517445,5548340,9247100,
407121,43167,155524,94580,1583858,2424965,4041520,
451887,43598,187971,119891,2821187,4113808,6856380,
490027,49242,202461,135575,1880643,3665095,6108580,
327123,7150,249088,232266,1412539,6323097,10572460,
1098987,57132,697305,588269,6622863,17663214,29404760,
400872,42309,150069,90618,1557567,2311123,3851860,
598737,45623,299049,229524,4173321,7414247,12357060,
662017,73616,245908,140579,2557148,3683885,6141280,
424149,34872,197264,151236,1560552,4712985,7834380,
620578,54390,278359,209293,2721243,5898223,9830160,
432354,48092,179741,112093,1692438,3235319,5392120,
413098,43448,153312,89155,2207767,2778953,4631460,
443,103,623,623,1900,12242,20420,
411745,43517,153061,86177,1605867,2288622,3814340,
471620,45383,187531,126884,2155785,3736643,6227840,
576796,51658,262195,196594,2149862,5052625,8421020,
403257,41875,150988,90442,1874214,2464932,4108260,
5812,881,5858,4774,31630,210531,350880,
888180,92658,301883,159379,3522773,4685009,7808260,
615032,49600,311723,239284,2644205,6777532,11320320,
495762,53319,172369,92282,3398375,3951485,6552020,
402212,41783,149668,91341,1555933,2240897,3734880,
0,0,0,0,0,0,0,
444774,46763,167740,106183,2095122,2875058,4791700,
404893,42348,150033,91790,2099536,2578083,4296860,
561301,43506,288693,221756,2068990,6232639,10421560,
458884,42937,192588,130026,1718464,3257501,5395200,
40799,6175,15394,9177,188394,417647,696120,
836604,86906,301894,161451,4375261,5331550,8885980,
570706,42964,290846,211469,2065721,5825470,9709160,
406712,42746,156061,95325,1588417,2409782,4016260,
419043,42671,149572,91435,1983872,2457535,4095920,
4510,617,2896,2870,181857,185688,309440,
398944,41661,143539,75982,1548289,2074787,3458020,
401955,42009,149121,88669,1556294,2165814,3609800,
373260,38967,135717,85128,1789390,2257572,3762660,
405717,42457,146768,81113,2692246,2981059,4968420,
74345,6958,24093,10175,678784,725957,1209900,
827182,87636,306441,172126,4366067,5416498,9027540,
397914,41446,146691,89155,1538229,2143672,3572820,
388701,43291,143225,83009,4279951,4331783,7219660,
673085,61167,370175,268839,2448336,6989248,11694960,
150435,14697,49123,18981,2552543,2262331,3747800,
503503,54562,169612,105146,2071026,2965129,4941820,
398315,41535,143647,77331,1539992,2044325,3407200,
384126,46024,144115,77548,1468301,2381521,3969240,
419910,48137,154325,79163,1988084,2747351,4578880,
73516,7532,24857,10611,3289300,2564148,4273620,
981475,106551,392182,228633,3788811,5445715,9076160,
420126,43107,150644,91721,1988980,2473143,4121900,
18133,2379,12876,10216,1478331,1265241,2108760,
984688,113119,388965,245851,4263329,7828390,13110520,
285154,33637,126562,61416,1448541,1994623,3295340,
518531,46574,237312,169952,2920806,5748674,9547040,
397326,41292,146181,89702,1535732,2066624,3444340,
1688,401,2776,2631,8011,89358,148940,
704101,73328,250059,149075,2850307,4191558,7048360,
325956,35744,115639,51679,4397082,3993435,6592940,
1174013,90418,586920,435804,4309613,11891624,19819380,
419342,43215,151721,90153,1985140,2494258,4157220,
32508,5320,28943,26330,137313,855317,1425460,
450586,46488,159258,88319,2335205,2942853,4958960,
358955,39820,136818,70597,1344794,1917210,3132620,
411551,43613,157334,96727,1605661,2304619,3840960,
440663,44999,153771,87744,4900403,4550320,7583700,
83928,660,74525,70070,255892,2246846,3744680,
606980,66613,252968,146141,4082587,4787085,7978480,
398580,41557,145632,77178,1541833,2159601,3605440,
776840,81631,279289,164843,3366161,4416780,7351440,
469584,48219,168724,92689,4517498,4409434,7349080,
51235,5172,15146,11109,572184,716774,1194600,
414891,43282,149427,81287,3554671,3551479,5919120,
572588,63670,245611,138625,2188682,3213985,5356660,
397230,46333,150778,81872,1904143,2719107,4531920,
485358,51193,174450,100761,5625836,5302695,8837780,
10589,1534,8107,5982,42756,191750,319560,
421193,43376,150277,84494,1998323,2450355,4083900,
577620,64001,245789,139051,2617177,3500459,5834140,
754825,83542,278135,158006,2909258,4175077,6958480,
449880,46022,164795,95491,1767714,2397898,3996460,
21807,1610,4168,3095,448397,368698,614480,
575126,63803,246402,139884,2206066,3223365,5372260,
406441,42529,148181,85196,2595592,2846182,4743700,
395045,30632,249183,200106,1386592,5555051,9306400,
611195,63327,210765,109725,3730271,4388440,7263200,
391342,11442,294917,275233,1256086,7182764,11971280,
833417,62696,424572,342680,3012196,9114532,15224800,
436755,43353,164308,102483,2031651,2765915,4576000,
555223,59457,210159,134004,2843173,3830120,6446020,
935276,104548,366314,209132,3639332,5305275,8779720,
16087,2271,14384,12381,72497,349161,581920,
718732,73655,264448,195914,3126457,6467840,10813640,
748166,87745,220266,143411,2921232,4739421,7913680,
328197,23461,174911,160968,1911505,4997411,8375840,
1005548,101628,389476,251052,3811094,6987041,11565680,
553806,32516,325552,301330,1902170,8517600,14230040,
985840,86666,448109,353959,4453324,10523532,17531380,
1172917,136344,411298,289123,4469857,7943831,13039680,
408614,42828,148041,87649,1592724,2161700,3602880,
1078403,113021,430718,237773,4569952,6795940,11336240,
438355,37488,157603,19489,1911680,3352639,5580640,
841761,79377,297265,93675,3491675,5594252,9364900,
864466,83790,304466,109763,4218976,6091388,10122060,
526492,48329,172829,35314,2337373,3864538,6438480,
1453892,145383,438258,186405,6537626,8540681,14192760,
556788,43770,75014,34958,3399225,3149351,5087700,
429774,44677,154313,92801,2916125,3309763,5516200,
1630170,123745,495756,129879,7588525,8288866,13720080,
408238,42949,144770,76586,1591166,2222673,3704420,
748820,82607,276503,147938,2875536,4071434,6785740,
110166,13205,60203,38138,1382929,2150005,3583360,
747351,83948,274787,160471,4622579,7274970,12124700,
403552,42229,151525,91902,1571285,2290898,3818200,
98951,12593,52677,36344,1893960,2298126,3830260,
887297,103711,310024,183470,3444276,6409782,10730300,
74502,7994,29489,10389,284550,546070,862760,
420760,43499,152210,91556,1996637,2546600,4244280,
403481,41815,151033,92714,1569723,2270338,3783920,
582649,44870,292800,218465,2131845,5968063,9946820,
408781,42962,148738,84064,2764436,3072817,5121360,
624001,69780,260932,149063,2462056,3891760,6495340,
609350,71816,188991,125210,2319760,3732396,6217800,
428456,45007,159886,88153,2020517,2789534,4649280,
20704,2405,8494,5915,2367117,1861144,3101880,
400609,41922,145169,76310,1555637,2124191,3540280,
425549,45879,164194,91810,1654242,2590408,4317420,
399189,41534,144032,77986,1549560,2046632,3411140,
419368,43001,153662,87196,1985379,2552714,4254500,
593790,44745,297553,222452,4960846,8027561,13379280,
398688,41729,142409,76243,1547321,2152019,3586620,
426700,44122,153410,84165,2022903,2566375,4277360,
405655,42398,150399,92368,2397390,2789535,4649240,
398269,40867,142372,77012,1540067,2012415,3354120,
21847,1577,3975,3039,448615,341234,568740,
406446,42629,152572,87509,1579506,2212255,3687120,
415723,43664,157817,94986,1624925,2396955,4028860,
398623,44554,136959,76338,2159087,2585367,4274920,
449306,46369,162714,84509,1764563,2385461,3975700,
540463,61703,189390,109844,2193729,3153711,5256300,
423738,43493,151699,87238,2011139,2486507,4144180,
405523,42541,146790,80547,2423378,2824210,4706940,
347043,40576,132602,70891,1319834,1990952,3318240,
1160871,50068,766418,647787,4301706,17603574,29373220,
766126,6976,657769,603416,5322112,17605026,29341660,
885391,42672,564736,469312,3006962,12501299,20801660,
735690,48530,411416,328127,2615564,8515928,14193180,
660864,32918,432150,371182,2234530,9374360,15686820,
1248831,78169,778908,619101,4552505,15816173,26392140,
516580,43530,228871,163864,2057266,4225059,6950880,
406213,42435,146655,79062,2313821,2705719,4520900,
577701,64274,251504,144919,2214211,3331396,5535920,
148891,17929,65054,43146,616455,1046917,1806560,
594412,66736,217344,107690,2236172,3219410,5303920,
88075,10721,32955,16457,395358,704593,1174320,
427685,43989,155513,95908,2665699,2974732,4957800,
578826,64608,246877,140180,2211078,3263696,5439400,
252618,23711,76331,43500,1078626,1752408,2980940,
678881,78403,263500,137681,2574250,3700674,6107700,
481606,48231,167371,85715,2265989,2743512,4572400,
399976,41632,147342,89545,1553522,2126948,3544960,
592007,66636,264328,153269,2542181,3975534,6625940,
5667,882,4471,2394,13953,97122,161900,
702496,78609,264856,141636,2743904,4052754,6787700,
187219,20017,53025,25919,1165334,1404738,2296460,
415144,43389,151796,92797,3541648,3615517,6025880,
421642,45306,162635,90970,1639981,2463863,4106400,
23737,1862,5239,4379,457817,376615,627620,
527129,57008,196305,116663,2890850,3623847,6102740,
766901,83644,283720,174184,3413610,4792116,7958160,
408193,42616,146809,82142,2257808,2606692,4310460,
457752,47628,172547,107081,2143540,3056030,5093420,
348063,35460,175881,133836,1763247,5557756,9296920,
813293,70106,415781,292970,4122548,8514172,14217180,
386005,44176,160173,88144,1509145,2454298,4027900,
399149,41801,145293,78341,1549478,2104310,3507220,
425037,44690,159398,91212,2012616,2728178,4547000,
84331,567,73467,68474,258404,2187646,3646040,
403850,41766,148067,90519,2121011,2727869,4590440,
824324,86666,293876,156077,3553802,4589959,7602020,
404298,42457,150568,90170,1574873,2225695,3709540,
404591,42655,146417,77787,2308229,2869220,4782000,
3904,497,1601,798,16491,65938,109940,
423509,43742,152351,88754,2011432,2491575,4152640,
545973,44668,266603,194339,2551727,5829038,9749040,
656502,50140,332780,258891,3351722,7627244,12746220,
829013,65052,462451,341659,3437688,8730080,14481940,
8778,1057,4372,2659,33873,90289,150500,
404905,42740,147571,81012,1574948,2188561,3647720,
814420,85137,301177,180301,3169551,4345508,7242520,
424648,43566,152599,93583,2013315,2545863,4243020,
415832,43340,155698,86796,2697450,3143083,5238480,
0,0,0,0,0,0,0,
843153,48472,507202,419817,2931959,11199900,18666500,
674094,48310,355819,277015,2422292,7378002,12328380,
619386,61195,297119,202288,7283744,8236693,13704220,
679498,57889,296963,201909,2948445,6322403,10537380,
96438,2618,73531,68911,813618,2255778,3759660,
819647,51480,469352,381486,2875263,10051617,16752640,
806054,83496,292587,171900,3130489,4271597,7119360,
362332,44330,140965,76203,1424457,2277277,3830080,
593548,54757,248901,172990,2605692,4856040,8079280,
10741,1382,5741,4001,43442,125016,208340,
407420,42463,148532,90742,2645474,2933411,4889000,
402921,41882,151172,90653,1558536,2197336,3662240,
312811,36836,124374,69681,2651358,2961471,4984500,
666876,58308,316735,217445,2457852,6202736,10286920,
225700,25090,77745,70208,851383,2251299,3752140,
909186,86138,375074,294300,3754929,8440266,14067080,
806459,83596,292821,178502,3131545,4296071,7160180,
139144,16234,53901,36732,2081366,2124919,3604480,
759112,73589,331876,211557,2857725,6107476,10122340,
19773,3132,17461,7992,64558,433483,712440,
574118,63344,245936,149145,2200920,3220912,5368200,
412073,43681,158764,97721,1604575,2342101,3903540,
39270,4630,18144,11983,1786622,1608741,2801640,
961370,105889,395906,241181,9632874,11040365,18281280,
333188,33985,134605,106605,1357477,3489937,5816580,
434000,44744,161192,101965,2069045,2920283,4867260,
1002423,108386,407888,236892,4900271,6730978,11218300,
1360,264,1376,906,6123,44204,73660,
859716,96671,297671,159658,3377075,5010040,8350140,
200777,14956,115790,88747,776857,3209756,5349600,
430744,44272,148601,81960,2997790,3278911,5464720,
463702,47846,151663,93901,1877937,2451061,4085180,
0,0,0,0,0,0,0,
726077,77220,305894,189635,2810553,5267015,8828940,
210090,18170,100303,66955,1731063,2866902,4730420,
399237,41890,147546,90195,1549889,2202343,3670500,
934270,95989,332588,204414,4552911,6376398,10627180,
0,0,0,0,0,0,0,
574313,63419,229860,132547,2261164,3448886,5791560,
539610,65471,205004,117161,2538203,4921318,8158280,
428354,44603,149738,79852,2708347,3219025,5364940,
429471,45362,162830,100194,1702508,2571626,4286040,
0,0,0,0,0,0,0,
524692,56748,197432,125382,2073960,3091047,5213860,
292971,32577,110459,58336,1457192,1906039,3114340,
416581,43987,150717,83749,3778377,3828751,6381300,
805732,83046,290656,151691,3136093,4151332,6918860,
265,37,307,268,1115,9744,16240,
520637,47176,237521,159102,2822645,5881838,9859740,
409610,42892,137313,71375,1844205,2304426,3606680,
399595,41558,147165,89705,1551069,2127847,3546460,
412911,42773,155720,96586,2868043,3249491,5415840,
0,0,0,0,0,0,0,
467974,49000,164043,98906,2191385,2905553,4842560,
410757,43762,152128,86423,2456360,2963382,4931360,
429194,44766,152762,82445,2674267,3002913,4998580,
799665,81518,280615,147191,3102994,4016935,6694840,
41978,6460,14917,10232,194826,371716,619560,
403363,42143,152117,92701,1572301,2232473,3720780,
435286,44986,156938,94059,3269641,3512887,5854780,
400503,42075,148000,89602,1556125,2177755,3629560,
421010,43190,150478,82611,1992625,2452495,4087360,
48171,4176,18412,4627,223209,591369,993340,
819378,77409,304397,106006,3522165,5827044,9742880,
1524781,119634,747829,463628,6381680,15903549,26511960,
1475242,78446,860158,632845,5324398,19036515,31723900,
1775741,147529,816751,481597,6844713,15100497,25150460,
782976,72465,191316,37316,4828056,5418456,9003060,
590004,55999,158274,83500,2525616,2985741,4987400,
421008,45937,167590,90211,1633013,2777206,4602340,
1603378,120188,487548,121328,7494339,8078542,13464240,
488615,50906,177893,91770,2701640,3418162,5693600,
38588,5938,15123,9427,179787,402431,670740,
402120,42163,148647,85206,1562722,2209217,3682120,
526957,42635,254079,180756,1931555,5425435,9042340,
381257,43960,146321,79869,2402786,3068876,5082400,
802242,82865,292945,164683,3117183,4255008,7043760,
280307,21476,140108,116883,1742759,4139787,6877960,
427047,44622,153223,83362,1664678,2469778,4116360,
436265,45736,163629,102709,3248529,3779249,6298840,
348030,41775,147595,94481,1337370,2191583,3715500,
656712,71222,258010,143751,4196233,4975152,8229040,
0,0,0,0,0,0,0,
423175,43612,154590,94331,2008017,2651940,4420000,
406597,42828,145704,77733,2630377,2906790,4844640,
1406,255,1286,817,7035,31692,52820,
1221539,120962,500241,305398,4990647,9326124,15607040,
249289,10753,158807,124547,874335,3501892,5771900,
450458,49557,165805,102299,2591829,3249993,5416560,
570977,63045,242673,137286,2179991,3155769,5259540,
27224,2374,7682,4199,464699,430220,717080,
813112,85799,281547,154564,3213466,4234576,7051060,
62508,6637,23521,10643,1473538,1280624,2134380,
402388,42135,149684,89059,1564246,2212413,3687360,
397659,40820,142240,77095,1537601,2008555,3347620,
18398,1151,2348,1551,430597,301262,502120,
952810,107051,373629,215075,3658901,5365185,8985940,
289762,29200,88845,29454,5507088,4764948,7898000,
583591,64921,251510,143836,2246365,3458480,5764100,
676548,76358,258783,156087,3069916,5401619,9002860,
34081,3019,9518,8141,1938313,1482275,2470440,
772751,87587,298499,161260,3011828,4742817,7904640,
73577,7022,24535,10059,675218,727585,1212660,
528002,59244,178006,103049,3189954,4011643,6686020,
398009,41198,145139,88358,1538910,2116275,3527100,
38097,3524,12441,9627,1266071,1052279,1753860,
772496,77425,336252,220696,2949974,6527618,10895660,
711714,77073,291897,154840,2724731,4276296,6907400,
399851,41736,144629,77909,1552317,2160722,3601200,
472922,48672,164031,100629,1879885,2793478,4655800,
1406614,120927,324683,23550,7806549,6284182,10507220,
6795369,382372,482629,204057,25533955,18677377,30526820,
7285322,449610,1225337,700999,32393094,24502525,37700080,
5754047,460118,1289207,738887,27683356,23295919,35843480,
7296431,740072,1236856,705194,33053994,31834814,48488940,
7272677,740778,772808,453667,33794364,30560709,43288920,
5254553,638580,625440,206158,25535023,20845154,28034360,
0,0,0,0,0,0,0,
