c4,c5,ff24,aa24,INST_RETIRED,CPU_CLK_CYCLE,CPU_REF_CYCLE,
7879346,873854,1057554,354698,61915329,62066610,80034840,
9769636,934077,1183260,480054,83862294,88336856,129736400,
7878643,730634,1425665,597021,61978713,65999933,95313660,
2199935,166791,231479,92961,21268137,16161313,21873640,
4350951,358656,575738,295282,38572644,38158493,55311580,
2454941,181440,355824,184221,26349100,24825498,34356020,
6233380,509540,1358344,1090233,41881624,64063827,87417000,
7052841,636615,1030920,441519,58354413,62816192,78437900,
9706568,981296,1575368,372159,62014642,59532370,73035960,
7170682,781716,1599594,669965,48568198,63783400,73105760,
5000593,378259,452793,98893,37564802,34611549,40771220,
8318497,706167,1291541,526631,55729120,57387625,67411700,
3181216,256368,417834,178584,20639215,18128946,23286080,
1956924,142642,508488,351923,16414698,19746622,25805980,
5312125,481963,1173129,497561,27257686,35661522,48729660,
414060,39488,92260,53955,3815167,4477499,7520220,
3434236,283170,341155,164969,31083260,29891681,49723600,
8132913,626353,562718,229067,70724170,58814507,95816660,
8847238,663147,392966,146301,83177292,67954568,104367660,
5244260,411572,547641,244500,38971470,35738396,52561200,
2974712,210445,133418,61132,29595753,18639620,24320500,
1258534,116103,287030,169787,8271899,8157572,12031420,
629869,60933,286393,158730,2859729,4379866,6276760,
3938924,411926,620748,424369,29521154,32033555,53283100,
3834746,252672,763528,459372,17616293,24016652,40077000,
9012956,668193,516902,167750,81028636,66271289,102447520,
5194351,395331,350059,156706,40004928,37891823,58229840,
7256217,574133,663295,313415,74487680,66187695,98439200,
9882604,681384,420802,112046,80196231,49948167,71362040,
9816243,817538,907709,360025,87377329,84376058,120585960,
9935375,782424,511387,159716,89458818,77667148,110898680,
7348953,533822,611372,295560,53350087,54405381,75091000,
10386157,802967,1617940,998836,90961491,111275422,139088660,
11145081,809202,1281959,872751,91200396,110144403,133361640,
11917997,915768,773133,289318,93853936,82609971,93352920,
9864973,732939,446238,186466,99800367,81617366,86773840,
3227848,244901,191038,111186,29070992,25689639,27312240,
5414885,428290,461772,253509,55495963,55564128,53112240,
4087901,297219,140975,75153,42260231,38698082,36862860,
3093681,242957,458375,282851,26810401,24523952,28105120,
4690373,339355,276784,74394,34453877,26461463,25645400,
1888423,133799,199684,84352,10251942,7446209,8684200,
2044494,185924,456885,238153,12562978,13138998,20729960,
5792639,441550,667563,352178,45047593,46803256,63127680,
3733918,318006,744090,408418,22286570,29091080,35873680,
4468351,329872,193860,84163,45011701,37756648,40122260,
264156,28429,126610,91892,1297037,5355969,6645660,
4893416,387048,570611,314402,46296008,37105244,46313640,
584429,38908,16965,7900,5549385,3180281,3990800,
3757831,312799,447799,246126,31776902,26123709,43553680,
5349098,387173,277184,124822,54771848,37682561,62960180,
9131553,662783,454734,143135,81570345,63277175,105381820,
4602046,364969,672814,277480,25570566,22128603,35157180,
2913150,207621,230083,49787,17654718,12465223,20768360,
1994748,172116,409380,193372,11833238,11496827,19154220,
129538,11249,16704,13235,1261229,1862859,3252040,
7224269,502119,584930,418750,69567538,67401723,112335580,
7517933,583335,592006,292690,71915018,61690226,97108440,
7577237,533515,444145,133443,63704950,42789231,65898020,
6447109,497768,514163,202458,49633823,38643021,60644400,
7380276,542862,363716,156729,76807413,62541142,89750060,
9919636,743189,492867,169152,97480218,75174072,98828620,
13398147,1027748,995854,433680,123355916,97704384,115518500,
5058843,348059,241176,121262,51278186,36544895,39939200,
2196680,179357,254666,155819,20076480,19864783,20504740,
2121422,172668,220056,113581,18669287,16919230,16800800,
2149473,149602,87419,46748,21684353,14970276,15727980,
3732096,307459,423304,249781,32023070,31238255,42761440,
6063250,437532,264195,110579,61441507,45968456,55956560,
1893114,152458,216786,114567,17237650,14872186,20792340,
3030150,245569,341084,147666,26383312,22882353,37715560,
8186599,583816,422487,132620,67969771,50657942,84248120,
6139743,479811,719577,288364,41440648,36476157,60819980,
5167253,377153,299442,103041,46842744,38490377,59868220,
5222441,384211,526785,350538,48299053,48114782,55478300,
6333338,477353,401418,195783,62556949,54296281,69298920,
8439070,607270,444237,127164,68735565,56931830,72134640,
10365159,809061,922360,386391,85268704,76286489,95971520,
6628539,478117,300535,105011,63647001,53250492,67756500,
5370337,414954,421471,177299,48442430,44401514,55655440,
8124839,581166,616122,223626,62097268,48014564,57935200,
1777790,124071,71930,39730,17637980,10675490,11909520,
5766797,449561,1012384,645838,49097936,55096834,59868020,
5060788,373032,435824,272699,44476182,42415768,54345520,
7229001,526647,527301,176973,53818929,41578589,49710820,
4513455,332270,306351,162848,43218780,32793340,37559160,
8296003,641747,481931,170722,78057671,61750730,62136620,
14961398,1180101,1022217,382545,131046708,113605863,113731640,
11603742,863624,588120,210979,113141784,88741435,89085080,
3421931,261749,247656,142606,31596169,27652209,30893200,
3052047,216396,313696,112601,17189266,12215087,15636160,
5242705,383884,315535,85247,38865002,27433853,36044260,
4534495,354484,622918,290691,28998606,24275026,32220940,
5071229,358910,301385,94707,41120169,28764479,29058800,
8110287,628253,590295,263597,71346831,58770175,57849740,
6751997,481828,528174,168886,47197792,33983122,40186920,
3679927,262272,231922,55964,24644018,18640707,25772120,
5463628,438833,594498,276048,45452038,40527683,55246160,
10375645,777907,549566,182506,92300735,68837836,91737480,
10322546,757158,525285,218294,93302236,66841408,81836040,
8513893,661440,655493,292587,84964959,74464064,93643960,
14916567,1130227,762268,252366,132281532,111718701,108705880,
12612263,978153,946739,438179,118199391,100844158,99117840,
10964917,794094,476519,222796,112254875,85176872,81278600,
13380311,986577,590803,260626,132617363,108021938,102829120,
6229384,453216,415858,200665,59052951,41416416,39894280,
6177406,444238,349365,186986,67523122,50456020,48957740,
2525116,219212,430366,240273,19342080,18641753,20011500,
2277725,164459,157773,56826,19257045,13171905,17584800,
6875920,494430,481785,158891,51056089,38427152,48014740,
4584490,320274,452810,134915,24392845,17391652,20177880,
229761,17998,22481,16380,2753818,1986375,2559580,
2878200,251374,611523,343871,21988425,19832324,30242140,
5161015,377425,230014,122811,51768000,43255929,64721820,
6398675,479744,363323,178602,65297910,55405193,79248360,
2962747,233709,299143,144236,24877481,23416191,33358420,
6381232,465691,281655,141766,62699279,45467361,63604400,
5463309,438241,509285,263813,51436221,50452962,56823400,
5648576,400921,341956,82088,43591044,32465044,41075860,
7958496,586040,520437,191730,62873590,52096570,61368660,
3282276,248058,492816,177731,14959754,12793239,17646740,
2715019,196564,126421,66984,28294415,20872029,29998300,
4470801,361415,573182,302454,37768436,31930513,46795220,
2976873,216616,126049,61101,30759955,24147797,34604440,
2082588,159731,132585,69884,21073348,17940300,25992540,
1925735,195544,475320,261393,13665452,15517648,22527520,
4581063,340911,212667,99111,45708667,39630354,62834320,
6686833,540618,579663,260598,59498626,54381419,89273800,
5654972,410592,308662,98769,49425686,36713256,61084080,
1345083,97816,80142,48829,12596085,9409864,13522720,
3571161,290845,437568,204857,29772775,27559827,45627220,
8027022,587754,394920,121364,67568027,50584334,84311700,
4746897,344603,1034255,622444,26089104,33254814,53019660,
4050711,243246,779021,651449,36118989,40602699,59158060,
5368818,344424,747591,593517,48725848,49135358,66708140,
1107978,110887,323623,179963,7204455,9021556,12604240,
7013755,495858,372053,98888,57682111,40817023,58887820,
3651688,301694,398760,215825,31398795,31445651,45722380,
1535618,118330,106182,50916,16558528,14747833,21443900,
2199862,165085,100614,42171,20096152,18088199,26039360,
3768420,284977,434899,177186,21448451,15651671,24138020,
3235806,235331,155540,96632,32471401,23949237,33196200,
5750847,458791,650961,321726,49968375,44364818,61136660,
4519863,320270,256982,74496,35269950,23003257,32467240,
3877089,262875,477436,370286,37231444,37598554,58200420,
5991497,482870,613433,323925,53344034,50561535,79403180,
2723680,198538,103645,53777,26874520,22071174,34713160,
2370518,206263,372443,215772,21229601,22662192,28724640,
4967662,367668,213411,119266,48356322,41688695,55055960,
5281092,380606,338344,102966,48680969,36705513,46334980,
4391267,359344,548406,299865,39477807,35680525,48952920,
2413980,181008,90655,52016,22694163,21960937,27528600,
1455595,137914,384479,226265,9533990,9365496,13991300,
3930156,287441,240216,107845,39172630,27578846,36280920,
1774406,126478,70915,36198,17594567,12863054,16706560,
3535873,295147,442186,246538,31568669,28262805,47090580,
5325389,366680,271287,73377,41975796,29663395,49111680,
5660791,436596,577271,227446,43062981,34630040,55863120,
7298452,530176,442664,141592,57544937,41601686,62351920,
5134112,381232,285343,66607,38979952,31625173,52615420,
8646137,665596,718754,320272,80061567,69720822,82923660,
11542981,884062,603480,187829,104230100,81749183,90833840,
10930650,913527,1141118,405695,88955402,82425654,91591560,
5233113,389234,549402,146591,31301691,30609001,37044960,
3869840,287868,396056,83134,28094170,23020081,27268000,
5788745,459481,714684,313376,53167438,45525349,52885560,
2275604,187837,245117,125174,20159539,15493968,19563220,
1283219,130362,404436,248600,5543891,7833181,11746980,
5876619,423548,560134,163300,49940566,39328092,47440500,
4311261,328334,451532,112088,33352540,27159437,31998060,
3666170,285455,544782,265851,18844188,16306499,18918600,
932132,68369,48363,34681,8677147,5493058,9154960,
897258,93816,337056,198219,3395059,4633452,7756320,
889968,68222,110609,48285,7759149,5493105,9121640,
1804949,131154,91152,44960,19098752,13929735,23216720,
4360983,346361,521110,217686,30045744,25984360,43340800,
5930377,453345,358990,115037,53853005,46337182,77270300,
7452283,587573,484717,195184,63554227,55522615,88787820,
7359034,557422,549984,258494,64766940,48998448,76651560,
4330255,321266,215064,93894,45259752,35945992,55413080,
2914348,240676,385632,218973,25289893,23797269,37323020,
1567666,109201,40463,24175,14655724,10848724,16571540,
7372833,582835,621721,309148,68770562,67341531,79897800,
7687138,578467,919567,519135,65789223,65288049,78007200,
6497862,458443,423781,198878,54727103,44807628,57894240,
6550417,499720,523263,282359,61283168,48049192,60930880,
2291768,163694,88365,53816,22964436,16771159,20314120,
5016998,382508,305629,155433,50077413,42413992,50672480,
3109997,261701,446709,224369,26419078,27935153,37463620,
2670013,190457,142763,24427,16371914,12861879,18064560,
8320344,679615,689608,307486,67465859,58459123,78008180,
5854489,460272,421685,169908,62777060,54549308,72985000,
11627866,833282,532403,169734,104151766,81718431,108985920,
7282807,574217,608614,286664,63321910,52778378,70377140,
1063464,85843,94021,48491,12772685,11477311,18826800,
9347766,723572,783818,299167,80500757,68201294,104872740,
4189685,290434,157630,72496,41499686,25996382,34492480,
2800825,201138,161810,49568,22725585,16808068,18379940,
12183922,926980,907351,365744,104411799,88490247,93640360,
11128292,803956,510956,192108,106046031,80040439,84283740,
4845786,372121,432071,227408,42829755,35016208,35829400,
4903461,352643,279951,50169,34232444,25810424,25680380,
4650986,321461,276022,50804,30449917,20381185,21496820,
1618075,149621,438993,238795,8268636,9783029,10479160,
2512762,186691,116734,51503,26921250,23354929,36217280,
1372988,124893,330172,194551,9726120,9859512,16161080,
6044221,462692,257625,143318,61019448,59756845,97306420,
5620112,380392,351852,222938,54472490,40561930,65303900,
4660470,366301,527378,264946,44543617,35133870,58635880,
7384221,541474,364069,144821,72737829,56209990,86156640,
7301907,559765,692871,311176,59146438,55869669,70161620,
5078813,388555,294179,113325,47291897,36585072,42430460,
11367539,890416,602024,187696,101013956,86958392,97299920,
14180686,1110424,1164238,481557,116704690,100200126,111516400,
12689761,915029,624821,187762,115067155,92346444,102458800,
3533844,274818,403839,207661,31694723,24180783,24613040,
297687,21525,14519,12102,2838884,1801497,1959400,
2550342,171922,245164,191197,26086763,23924654,31170780,
4070034,318618,439199,248619,36916718,29246869,44643820,
1414374,114507,146201,50942,9878831,7992141,12329080,
6842881,515294,642929,250748,48983975,39495490,55040760,
6399458,449018,371662,99231,49388851,35132564,49999500,
3966535,277205,165493,83189,38443097,25116984,32083620,
4285437,365297,667049,357591,35797641,35116118,50224480,
3693898,265487,164401,79029,38141288,27813958,42383000,
6038043,496142,606245,329933,56791714,57181918,81707620,
7890732,570685,423004,192115,76451075,52387146,74845820,
3933632,283852,615236,471925,38141134,41511481,58327500,
8770459,668283,679925,342926,86027422,76222652,95410580,
4183889,306577,352277,239228,40546023,37893240,47426380,
10592288,823167,684161,332560,101576158,96073555,96908000,
11081461,803882,537842,283291,110635512,90998687,89481260,
11901805,884937,614476,273589,124974454,105192133,104765980,
10008019,727846,1118155,705042,90113609,81271644,91126480,
2323836,113505,808232,730307,17112685,27642754,34822520,
1245989,102255,457329,329834,6313739,11695918,11889940,
1850444,136296,107075,61624,19039868,14479971,15990400,
711017,21958,371974,343120,4522089,11900908,13944200,
1306269,129929,334768,203922,8184941,10058585,12040360,
2463797,176596,250933,193700,22570796,22505449,29514940,
2718744,233328,375269,210400,23974833,22885494,38252940,
3122027,253070,293882,174115,29914943,28461903,46670240,
7253620,548967,348149,208577,70586434,57354088,91727700,
4838060,409359,646343,364118,41577231,44399081,73987520,
3622144,272335,209259,154499,33289018,35255940,58669740,
7148057,521328,565390,344026,69610144,62423396,101807020,
1802943,145794,304331,195461,15618078,18066316,30210160,
3229694,233943,140244,60020,32178768,24290188,39041260,
6089263,520829,634554,343884,56376452,50647007,71569780,
2855875,207167,128917,69747,29940102,22092447,29504360,
6974949,507599,400803,194384,64492204,43587361,58114540,
7389384,553855,464411,216793,73557400,59136045,82821840,
4281858,320705,228090,99663,46014361,35779163,46138580,
2394278,202487,466577,260659,15913555,13319911,19418360,
2580386,189142,129626,65346,28622891,22971605,37942760,
3204388,255078,285980,148495,30244222,25164741,39796400,
5977023,446552,407012,216943,60850896,45997438,67005520,
2570223,180230,117255,57904,26312412,17702165,26939640,
6984738,552168,571553,294812,65078035,58131599,96662640,
3835439,285320,139912,86544,37511241,33393037,55654960,
1203523,99217,142871,86975,9780279,10062383,16776260,
1403066,113947,220965,122621,12073296,8870776,14110520,
0,0,0,0,0,0,0,
6254127,522622,729567,358291,60046541,55146636,92059220,
4187526,286211,129942,73259,41169229,27205248,45173300,
3467893,255214,235505,130570,33178684,24011934,38600100,
2950481,240035,412205,234638,25612178,20535938,31171920,
6223906,450142,269898,116079,63106137,48983225,71168940,
5486542,435831,507421,255667,48587264,42698091,65077800,
4153985,295467,172386,82530,41076391,27808022,38241020,
2798279,204365,178916,102157,28082389,19512552,27881520,
2785470,231080,339309,170903,23764186,22168901,32957360,
2224441,175729,183342,84414,25471375,21956935,36615720,
8337204,657964,733876,347679,75861958,62945855,104978520,
6112406,440935,267517,116852,62546914,47518101,79094080,
5323148,390039,276609,142852,51100380,39806160,65969380,
4183377,328531,370883,184220,40411232,33829207,42313380,
7760064,561355,330662,143178,78161120,60583482,71665940,
8437582,653971,665535,315961,81672976,72071139,80262940,
8674167,636315,257067,118051,83530322,72760668,78663580,
5004348,355416,217156,102663,52124368,36585065,38606180,
2567130,214554,528272,317472,18148849,20024224,20922340,
762880,10829,568229,525064,4274176,16361548,21094900,
2279266,172846,717843,506612,13435227,19256101,28016800,
739481,40180,237240,210789,7279044,9603605,15290280,
6018013,427924,238720,103445,62672359,44262004,70315620,
7061456,556924,686631,349224,65825742,56388803,82464380,
2429351,179116,154063,81760,23444220,16437676,21165260,
5699135,471274,615082,341492,52922093,53530023,64264640,
4964923,380235,262983,137133,49050857,47021396,63167720,
3342576,242445,159331,76083,36056110,27488914,35112760,
9572519,717602,976700,610725,87695927,88299357,106082660,
4905618,307642,736100,594828,44844318,45796138,50711880,
5891383,447112,854568,533386,51912664,48000884,54672980,
4387887,310233,346256,223102,43776810,40824044,40828280,
2686081,190532,118282,56211,27488367,18200743,22168160,
8405638,676170,690055,334108,80317215,77974173,92536300,
7478033,564981,300767,133632,73719111,71980637,80208440,
9271993,674768,1204189,855579,85674438,105283966,107946680,
7175583,525346,277199,134987,70725405,60588384,63223420,
3280881,234580,144468,74436,34341837,24348544,23231120,
7337360,568066,559709,284035,70001629,59915595,58247480,
3509840,256878,170009,79162,38127415,31499968,30707240,
3340358,293993,556951,338634,25260821,25205366,25116180,
3239213,241733,204506,103361,30505928,22958735,22292260,
3270605,237158,137071,64456,33228939,25995710,29301740,
7664668,609188,726840,360595,74130597,61308370,61729640,
3307739,236877,214810,132352,32247800,28022057,29904380,
4016791,304744,403587,243543,34653909,25225017,33240600,
4412486,319654,220713,106771,45313983,32525759,42124280,
2429234,163974,81355,50614,22741357,14064842,19926820,
4063085,323836,441250,253073,36547932,30614412,42785880,
2682188,193668,118303,55947,27764874,19699632,26538780,
5434326,439764,657583,335857,51154605,43917210,59411380,
4405551,314387,193533,87555,41453114,29253701,40667940,
3278685,234033,142154,71593,34031093,23925683,33742320,
6981099,546962,684642,306158,62604342,53001119,62511380,
12111578,944226,1004648,437194,118743209,115166485,109961360,
10311110,757253,714086,251862,93451033,71632957,68138820,
9434844,695248,867004,369101,84203784,64709579,63771040,
7641359,596146,604615,236596,83221566,74013235,76285660,
11334918,822074,599445,296555,104409399,77672262,78886480,
4459434,310319,260457,112344,43323705,31157347,31033020,
8345649,661543,1068937,419314,80390029,81536590,77653020,
8271731,623571,424661,210642,80775983,74219159,70618880,
6262881,457452,329406,171930,64265840,52631994,51991740,
6189184,490568,638138,360758,55462503,50002818,48092260,
1916961,133892,87417,52512,19233365,12137661,11730540,
1896818,146561,220165,127712,17024544,12696229,13503140,
414995,40875,159610,91997,1588897,3822122,4238520,
957481,63953,102785,81606,8794425,7146343,10514420,
873432,82898,354361,229876,3330399,6466459,10555500,
312698,4206,255981,239661,965381,6108498,9406700,
880282,82692,232507,135013,5175649,5024585,8133600,
1631295,110323,589878,451166,11438339,19409259,28239880,
1174216,40912,715504,656208,5816265,18688932,29436560,
4078032,318108,823394,579247,31685820,35104683,56057820,
2102538,150284,103154,57824,21283436,14448243,23207060,
397264,41435,142668,76892,1542833,2330920,3860000,
397346,40111,144308,80576,1538070,2052730,3406040,
673427,48251,70359,52798,6726386,5641199,9516900,
1409581,122379,536279,359312,6370687,10326491,17098260,
4551339,315534,416954,300737,44838182,37857846,63108000,
2851196,205414,373138,271893,24404516,21667798,36156500,
1082955,105979,315818,164510,5890763,6531146,10816300,
161424,454,141803,134185,495946,3823097,6371880,
1950699,167329,629777,450235,11816307,17341783,28936880,
152647,13824,84040,70733,685153,2342051,3924080,
1076429,81581,416102,328000,5639123,10560280,17596700,
1382370,111700,239299,158036,10870308,11670190,19416820,
2617344,186826,183582,116261,26364167,18924495,31642060,
3013396,242023,372582,196466,24642547,20317710,33760580,
2699766,199443,155144,76620,28147087,21575574,36049760,
3261796,236663,225454,122413,29451033,19197756,31945180,
883434,89854,318452,173147,3421637,4846395,8043200,
1953447,143538,112125,49373,21490339,15515372,26046740,
1522367,126271,304121,178662,9536869,8477908,13942320,
0,0,0,0,0,0,0,
662084,60514,205066,159599,4187905,6540152,10962880,
1949370,158556,306923,173245,17488917,16182449,27090640,
765297,48970,18982,10468,6903502,4897698,7970540,
4975794,401676,490270,252214,46695012,40484982,67777320,
4300145,315375,206212,100420,43413197,34708284,57669460,
1489869,100581,133482,97195,13690386,11294284,18734160,
2414981,249279,534511,303044,10792453,12127517,20166020,
360744,30318,32422,19624,3164575,2399226,3998660,
811377,83577,290455,169418,3138601,4636552,7727460,
368085,28920,24267,15555,3199647,2225448,3709040,
3301931,236660,167352,97817,34582276,23780939,39815060,
5135442,406223,536573,272320,47323527,38086050,63459580,
1623322,111550,65491,29760,16367610,10421569,17191880,
3681315,299125,437763,234417,32511296,28728274,47919000,
118906,7594,4241,1746,1017787,611366,981140,
1881880,141144,146722,85808,19770901,18614257,31148880,
6032774,489601,621231,317831,52117511,48164431,80193120,
3820435,279756,178053,91150,39832650,31036758,48459120,
4268826,332079,414565,231105,37674591,31082428,48254680,
2447876,177859,119438,48792,25659260,19029807,30302240,
269061,18904,20466,13119,2693309,1827702,2881900,
794298,81688,286596,169466,3081122,4329948,7216640,
596555,43456,28761,18910,6453886,5152992,8588320,
916978,92119,262036,152698,5699211,6567490,10992300,
476025,40092,64790,28230,4142485,3261244,5383560,
39858,5387,15758,10947,186044,415960,693260,
1497546,144501,632828,400324,5676409,10544261,17573760,
1082220,54961,331622,306683,8323154,11738597,19712440,
1955200,151861,331708,218277,15612725,13295228,22062020,
1137012,87855,126671,66168,10108156,6915189,11478300,
4393,550,3006,1249,22899,65820,109700,
793647,81838,284960,156830,3077570,4114699,6857840,
8934,1295,7501,5456,43091,238769,398000,
1597775,133481,226594,118547,13744366,13307132,22258500,
2747131,222431,352226,186889,25773533,19948453,33276600,
1682209,118406,56626,28077,16092044,11194020,18542920,
2394949,213318,505606,272214,17446060,16705375,27842280,
889413,62865,40093,21227,8504350,5138082,8563200,
3565988,244531,664449,504399,31086301,38386980,64012160,
568528,63942,241720,141283,2129245,3248299,5380120,
4512327,332036,298313,201162,45040479,44272477,73911660,
1449014,122837,311545,189819,8968043,8590383,14193160,
2009392,154947,133477,64782,21722393,18516929,31021300,
7604288,572525,442467,217554,73644777,60052693,100092420,
5016369,370736,338201,174004,49246411,36044734,60018660,
447254,31167,21468,13152,4139327,2604575,4265380,
6802385,564432,811996,407607,62378937,54320960,90648520,
1437122,98625,71478,28834,14129098,8910562,14732600,
1213754,117191,299830,188938,8287899,8990836,15061120,
1483931,130439,292528,165440,11078981,10218368,17018380,
513903,25508,179699,160171,3453832,7204513,11980000,
838021,87805,318288,184098,3316785,5239936,8733220,
2369200,167870,103348,55910,23591019,16768812,27947860,
484344,55301,211405,129670,1807868,2774338,4623920,
486399,48071,172395,87429,1930752,2576357,4293900,
500791,26887,174422,156785,3514988,6224273,10373780,
2723111,240830,542318,306762,21962027,20833141,34947880,
7501508,553952,341398,152241,75801728,63338960,101812320,
5419981,401182,366395,209945,48984715,33955888,55738720,
1819545,161818,381565,199838,12217949,12939285,20072240,
905001,91893,222392,57416,4489354,5192933,6939600,
4985813,449969,778869,331666,42799739,46889570,59092320,
9634095,775281,649934,267191,88345033,87242740,105413220,
8645555,693546,598401,264628,79909071,81436684,94296500,
8259386,655157,699996,326550,76384308,70736156,67820860,
588860,49242,83162,44971,4194384,3693320,4727820,
1194800,121545,418337,225832,4641072,7389153,9259960,
2455308,183240,129118,56016,25422880,20582525,19940540,
3821499,279294,255438,131130,36862522,27766178,31377180,
621381,62458,186470,109689,3388883,3990228,5599920,
257428,20430,29811,19478,2150027,1764297,2491200,
1398473,124498,322308,199704,8793049,7908661,13180940,
7560,962,4701,3969,29361,99921,166540,
293298,32217,118752,69495,1167606,1835794,3093760,
1110027,97436,208726,104042,8520150,9193661,15288620,
0,0,0,0,0,0,0,
1444168,148672,436836,238751,7310780,9471964,15836460,
251144,11353,153800,130368,1183264,4780408,8041400,
1165749,41729,702453,644561,5512279,17575713,29255180,
1009651,72293,520368,391201,3653077,10282576,17069620,
1186808,83892,49621,35389,11337822,6870443,11450560,
1340616,118945,303835,190144,8998054,7868260,13117040,
2123085,152471,104631,55942,21631164,14603144,24335040,
2137938,153264,97551,64194,20676163,15011994,25053780,
817452,87398,296739,173647,3239762,4722615,7836940,
78938,13483,26055,17249,358979,713129,1188520,
3142866,281785,582524,294058,25501571,24276514,40532160,
2553389,175607,137491,73777,25046819,18996313,31585060,
328020,11710,240119,220722,1111096,5911075,9885520,
2610048,222315,529368,342405,19141815,20712460,34543320,
810882,59784,36406,25656,8089164,6985946,11579120,
1094077,105037,315553,198313,5964991,6616416,11061600,
19332,2044,7876,3660,37981,146215,219380,
23624,3287,18166,12096,103543,442176,736960,
793852,81326,291612,175455,3077789,4128481,6880780,
87454,10874,24485,15784,406111,714892,1191480,
2610669,237594,890199,359292,12836579,18610553,31108240,
5988223,547292,1088223,212854,45502710,38899399,64866460,
3886010,314541,850363,22316,21872267,16122100,26805100,
8145434,843447,1346168,430567,60626947,56360444,94045520,
7063564,580082,1039484,209871,62559404,60793125,101220720,
10070386,790174,760591,221909,75644240,70259111,117245620,
9858980,851544,399676,200901,48332636,39273029,59018360,
8449483,681729,205401,97105,41136233,29507819,40933660,
7955772,684979,600113,303155,38377830,30715083,41026880,
8832505,546572,446445,221336,49833953,37731615,50308440,
10240175,873734,696501,311639,69585453,61732987,78616920,
14334946,1187404,845511,339552,115103604,96771934,115979000,
16313882,1284833,714693,276263,130699270,100621863,113855460,
14315769,1158101,969777,464150,90839728,83195326,86743980,
17085079,1193743,778936,301314,116856130,91196184,87310080,
22345797,1616619,1112132,481999,166774303,139092460,132571780,
22251483,1517812,1229407,524994,164077551,138771620,132144580,
12770487,884049,831368,355167,70575519,61556479,58355780,
9195086,792324,937234,422132,39231295,39824052,37806500,
8564572,726196,667398,261607,36845778,33694924,31668540,
15449290,1224334,1126335,511198,84002047,68042788,64846400,
14528379,1111736,697238,367535,73794656,48627057,46147960,
14976687,1190280,661984,348372,88808265,62996924,59708200,
15803167,1318717,1283962,547684,92763580,75812392,72240680,
13546340,1024877,578277,316831,67971673,39851915,37613700,
13327234,1043937,662673,380298,57407103,31973332,29736320,
16031844,1375064,852774,460445,105440522,85769034,81692980,
17452067,1543386,738215,369202,131685358,112391897,106996960,
17638777,1362000,1074584,584035,110736211,94480286,90000500,
14718559,1080314,578844,320557,78348270,51511855,48323160,
16504674,1319896,938052,504099,104559991,82723266,78781780,
16228435,1469593,826025,416998,116045910,98958389,94296620,
13425316,989039,909318,641494,65002495,50658766,48040780,
15641415,1129526,1017631,568857,82559033,58154316,55376120,
14688835,1112891,712263,407920,86629907,65299342,62102340,
18670084,1634021,915218,474585,137037759,118099967,112553120,
21054281,1791123,1039276,496894,162722524,128722447,122601320,
17955922,1578033,778292,365263,137247954,108777087,103558600,
14475326,1121257,947568,540038,72478419,49055665,46681140,
13306807,953860,540194,309667,58487389,29907964,28483760,
15587311,1351151,869999,475739,103601319,85726263,81629400,
13356724,1139460,833052,468997,65244678,45560198,42777100,
14729291,1257346,624832,361727,90231115,67965428,64591900,
14128322,1187324,953430,562756,71318789,51315797,48787960,
17563989,1531023,779106,406567,129509097,102294580,97508380,
18842792,1412637,1436418,991873,133030916,135413992,129001940,
17098900,1271068,1425895,1004051,99517346,97934537,93125600,
13573729,1031793,1148169,891032,57511671,46328955,44099600,
12972227,1033177,1083732,728128,55208076,44904888,42067360,
13325907,1042888,549974,318808,59044174,30308168,28123800,
18151297,1445248,953412,478302,117954894,100119328,95326280,
15676339,1235339,884067,471113,83234518,61960530,58739240,
13333541,1098785,689986,450318,57429890,35065053,33298060,
14530068,1224194,874233,485289,75809518,53432186,50747820,
13368891,1114424,670774,371407,68119608,44658240,42498020,
21267788,1703586,1120152,622170,157457497,137549670,131023820,
20016478,1688676,1565222,1044882,134815093,135801117,129221540,
18223319,1519597,1206644,825598,125785382,125321202,119414560,
19980859,1777639,1617081,1025954,145945594,160371318,152728540,
17032788,1489892,628662,327241,116516902,92605451,87785180,
15286639,1326447,711909,395159,97879791,74767667,71238720,
12858931,1076323,956515,580193,54856992,43455304,40921800,
14814868,1197276,671821,399309,78519261,55066163,52443900,
18128839,1498741,1012810,527544,114343134,87874736,83690960,
15215973,1276341,636728,340582,89107222,58522612,55737600,
16581587,1309618,733069,397352,100872157,66970624,63809760,
16647678,1426123,999233,535219,101955322,80072008,76269700,
19288587,1579434,838224,428879,131870126,104166586,99164260,
19447484,1616886,1046692,541553,130258562,111519471,106241800,
20504611,1686348,1100276,484793,158881421,137227585,130749240,
20241883,1667472,1072915,511696,144359086,124505045,118622620,
19416735,1651044,1390104,702781,127273172,117133413,111475220,
19684257,1625509,963142,451578,145848865,131676986,125437000,
18609159,1504368,1019312,520337,122827339,109620615,104306340,
14129683,1211795,603422,327399,77784299,53202224,50319020,
14442377,1252302,635151,353755,87069711,65233198,62110560,
16742613,1384331,977519,510206,101554173,80854559,76758980,
16112961,1333466,686733,376672,93742351,61584371,58649140,
19315733,1590539,1008998,552459,124528709,83977948,79877120,
16558330,1363453,698523,371419,93969379,57148542,54226380,
14402202,1198454,576905,329900,70654839,40609862,38263760,
14104590,1224417,1039903,584003,62021188,40325948,38135680,
12443196,889471,919402,686431,66566334,64863294,61494080,
17892506,1420132,1536869,1074104,117083842,116118962,110574660,
15138202,1238584,934242,618149,81808436,63811769,60424540,
15918039,1344073,689034,374062,93334223,60527567,57406320,
15583529,1324028,926563,486449,88907970,64033641,60943920,
15617831,1365472,603417,333217,89441343,56864375,53751180,
20746381,1724115,1149906,570766,153846799,126770103,120869100,
19952206,1747098,875142,414297,149708421,130755420,124508240,
21230259,1689704,754139,376890,138601233,87559496,83276800,
21022207,1723987,1201395,639062,135560157,96685790,92107060,
16415959,1339194,688270,417647,87200989,50016817,47614740,
15506110,1350644,879413,510468,96595554,77503915,73777740,
17287746,1398188,1177060,638493,111829111,83225846,79232040,
13604329,1194862,570481,203278,94609080,72255188,68744200,
13451611,1241377,1278975,540400,97996967,85677325,82505360,
13862343,1257182,905724,357662,113717638,84152211,82887160,
9544491,983848,925603,396101,64690839,54351465,51613420,
11526541,1097630,966463,412228,89687629,76843597,73091120,
11246107,1076128,854324,330311,86492242,71474931,68026580,
10563851,1078832,1196122,517328,70236327,63904890,60823120,
5804705,467905,876829,633522,46228214,54307958,52291160,
5218540,368221,579500,390650,47153325,41202858,39662820,
10442370,794044,647924,306339,105091092,89647255,90792940,
4464735,324744,144717,66863,44481555,38861500,40738340,
3801922,299466,640025,413197,34501733,40271346,38982340,
9284465,617922,921797,680442,87829049,88854060,89013560,
13493995,967712,1374148,915364,129015054,128997656,122852220,
13075492,958578,1181926,712442,128016381,118672825,113210660,
12933821,945797,564622,227956,132905360,107757611,102563940,
10602279,728784,1344592,916752,93634938,91250801,88024960,
11639587,795407,881025,595903,115783904,111659821,106276680,
1559771,109316,278809,197215,11965980,13987703,13596600,
400751,40974,144766,79147,1558937,2445090,2461300,
12492251,1121529,848843,279715,110479784,99143235,98341980,
13350199,1237682,761522,349764,96143329,81967412,87980560,
9632786,907449,710020,240375,67516422,50168681,53566800,
7939936,864747,839875,342553,49070427,42765838,43183200,
6414367,749750,760874,291269,32840708,26881845,28218340,
8888802,885912,714232,279773,63507218,51827598,53490500,
8460756,865578,1059143,490805,54537168,49651182,54690220,
5502700,626545,536003,178990,29229618,22213388,25654240,
3891437,402324,446531,216160,27367047,22509990,29229020,
3922907,290395,286069,148268,35785582,26765584,32224760,
2376946,169967,100181,57141,24833769,17692971,22530620,
796861,81694,290715,173498,3092997,4726186,5746380,
1743935,126393,78677,40448,17893988,13603955,22694940,
4312311,335262,339517,179028,40999403,33583317,54045200,
7297571,534759,413682,209692,70932597,52066788,74616420,
6824104,497331,367441,168484,72802525,57039216,81462580,
9798393,773958,844181,427133,87026846,76643459,109491200,
8426402,597493,562049,358799,79549343,68395663,97644280,
5103331,364333,574396,386660,46016362,36805840,51100820,
3886227,281117,325515,197171,34254846,25354553,31647240,
7269349,675892,703046,209825,60017601,49596791,52913280,
13190321,1225166,894462,373530,90994261,77565692,81975600,
15471298,1320819,869874,277732,117910268,84187994,84037280,
9082010,949996,780054,296748,62980961,55625331,56723980,
6128031,702111,660011,241047,31271057,23397179,31146100,
7126579,733014,526314,187852,50552418,39744624,44627340,
10722178,1058687,1168454,528013,74203729,66543028,72481440,
7047372,745634,610555,222959,46274156,35037551,39351100,
5138292,500055,445968,199312,36475914,27629861,37326040,
1082366,90631,206695,103573,8398399,7068589,11480900,
2324662,155545,210901,164154,22856242,18491422,30818980,
5709785,449455,655102,271804,36401207,28013690,44023260,
2115310,122810,534959,478195,16774123,21012366,32566800,
1334753,74240,520205,473725,9237298,16122397,26309300,
3391961,256498,678169,496030,26598588,28152177,44038060,
5930207,438234,308370,141694,60660982,48855269,75436640,
4727737,381893,598907,301598,40644036,33472560,51570020,
4491567,341343,306972,194750,43301404,37624808,60762260,
751424,65275,133614,120668,5363931,5702929,9380720,
3206595,263972,432374,246040,27035008,24983003,41638280,
5742131,465505,493672,231758,50295092,40442932,61736160,
7643802,700845,696940,306159,46804163,42281501,69430100,
11403492,926223,1147611,713777,79598659,75786014,117522180,
8800193,779777,1165697,729378,54645882,58580299,83452000,
10614207,972975,1441914,852814,76054139,78717171,93579140,
9741274,926217,760820,354057,77140360,62208524,78733300,
9188073,921302,899983,380417,60341974,49668805,59357000,
8525055,876260,875064,392594,55822827,48811850,58144520,
8397310,827940,833121,433473,56441439,50957265,63015160,
8689438,883475,885489,393367,60874057,53559013,69270240,
5542715,408725,271487,126129,53534895,38609201,50120500,
5948252,450886,514749,254145,56427920,41646571,63949860,
5890209,449831,441030,227042,60047258,50851148,64960600,
8158835,593228,495751,323800,76376212,60039359,75000520,
9199163,759826,1060541,679647,78741838,80221324,99393680,
3756274,296150,188474,96280,37274956,30016606,35550760,
5773479,480136,771077,329375,49271570,46714208,47698480,
7120854,567252,754407,292976,68413241,61469856,62016980,
8350026,619824,671164,279337,82812799,74934204,76054980,
9316534,772565,1096037,534060,81464818,81129058,81570480,
2299365,172519,111380,55334,22091863,19116541,19394200,
10828150,939065,770429,245608,63280467,47511882,45952920,
10560966,983409,1482967,432488,54432993,49942476,47111900,
7307962,810786,530841,167611,43942141,30485714,38578180,
9093058,922118,904188,406771,64932168,57739568,72554160,
7345794,782325,560828,172616,46647075,34960605,42634820,
8037201,872127,893833,378686,50185381,44125387,48663060,
10412874,1044359,898290,349728,70821455,56939229,60918600,
9026221,769060,575203,272707,80209963,62182655,71918480,
6440832,490609,699184,435592,59224112,58777377,69163120,
2537280,158485,775417,688953,16950168,32278527,40533460,
735922,48799,294468,239898,4303320,7894323,10700520,
2301144,197953,381565,215103,20345289,20623495,28424000,
6592658,478082,296443,138289,67804304,51659428,75373460,
7229229,559953,664305,338741,66822446,52429708,67944120,
1118533,75784,46050,26439,11455801,6952746,9921780,
4206006,338799,469904,272736,40786489,35726381,49401280,
4863188,401614,563698,283010,45114314,39775851,54066540,
5076314,378093,273840,137695,49931602,36602444,44277600,
5574818,456404,609338,318274,50793584,45816204,56151620,
2661643,185904,191331,129894,26731010,21979270,26470320,
6285678,605566,815125,313222,48717181,43528588,55888420,
13413973,1222999,801158,346874,100879692,93052267,114598160,
12836319,1094780,598897,207131,100945459,85349308,103726980,
11954520,1178007,1153781,468160,90845944,81416993,85993360,
9883020,966952,739159,268327,70523343,55149745,57265800,
9467206,955280,788651,304378,62426097,46761877,54474440,
8192664,808483,1343658,815636,52456783,58423195,73792720,
8871241,849930,1189619,753042,54307720,57401515,71179440,
6011303,649944,729951,325313,33921927,28680491,38097480,
1588380,120425,113013,53891,14585716,13779839,18314120,
757860,53546,47849,38023,8087944,5953548,9407840,
2253055,138497,927250,736199,13412314,25198045,38753640,
5494053,368908,913535,661599,29777924,32072781,53442080,
1951841,121959,693698,569651,13056441,19908842,33134020,
852330,68823,121353,57767,7307028,5622643,9371080,
2184550,177334,244446,133359,21362457,16051641,26820260,
1128171,102766,301190,176247,6049988,6066004,10042660,
2097541,140135,277413,221193,19090126,18508055,30855360,
1640937,132713,223227,124889,14315337,11218596,18689420,
1313827,109481,189345,107873,14069842,13645442,22742380,
6329685,534545,487542,185992,57956950,43694346,73157320,
8095015,763901,796290,388934,52973487,43069166,71568300,
6952521,538109,178689,69103,34314178,21683511,36199060,
8479617,803207,1216629,731061,55241574,60701105,89218780,
8676354,780132,1421038,943904,57847668,67561990,96456780,
8906638,828209,1199070,740463,63012544,67666273,98155300,
6185953,665112,710125,281615,38036210,30247928,46605300,
6272701,629514,443821,151195,44748676,35728108,59399440,
5810144,580062,826782,477349,34240429,33534598,55924780,
4792339,543873,535515,189810,24306994,19130276,31476940,
2432350,260429,215074,79565,17169818,12396462,19687860,
1145537,106451,306929,186975,8411463,8150559,13316100,
2493547,187930,149092,71190,29253063,25131338,42111960,
4312819,327746,324337,169043,41291211,33506810,55741600,
7207136,554310,502620,233898,72645692,61450883,99953480,
5857172,433342,377402,187830,57321968,41110967,67011280,
7713555,608233,660883,313711,78741254,70253256,116954020,
7663962,555679,333853,160318,79324269,62416209,101928880,
8971849,658042,556563,272703,90473063,77070225,110206440,
10873005,774403,952895,577618,101376607,82776401,110915360,
5350956,374324,244227,122915,57473615,39070920,44687600,
13190097,1137325,1206851,498282,98155725,83945351,88783020,
15425700,1272459,756944,248820,108331828,82284403,82891620,
26471309,3808289,3193669,1391564,145901615,204607656,194928080,
31826602,5333563,3085116,1247518,168327874,216416915,206098320,
31011108,4565578,3037239,1252540,167314186,213774834,203556320,
29531938,4369492,2876830,1142110,169731770,212437451,202395520,
29335269,4422280,2902572,1242928,164813519,205088222,195151860,
12991457,1481777,1443019,709273,80756927,82583434,78685020,
25435329,2577011,2029064,1146577,161473990,180607822,172133160,
23243234,1802621,909127,517576,131453711,97205834,92416600,
6300400,406457,426182,234679,40770440,28778901,28922060,
3474326,270406,287575,150611,32492248,28789324,27579000,
1834496,141568,182242,113975,16145839,11466197,11118140,
4077362,332901,382390,191329,43447545,44272443,42557520,
3996217,308975,310805,160108,38549865,33943262,33576420,
4491078,330029,416292,251400,40089520,33126716,34552000,
2652558,219951,306357,177049,23304970,21223073,20747220,
3035685,233159,396398,263844,34481383,33899882,47746300,
2783402,226745,383398,200546,24174302,20166271,24629340,
4522531,325929,202093,99045,46025497,33078263,38016220,
5159786,526644,602138,238156,31618140,23210878,29761160,
12706378,1227388,657657,272140,74727683,58124482,64062700,
13998438,1253634,1270726,675216,111747529,105970396,112277960,
12463463,1099178,1010335,459620,101896879,86654636,122046740,
13135923,1156524,986753,433473,107216343,87779686,110821300,
7551719,764074,745898,319099,49604104,38041378,52656480,
10608876,1027420,926339,370383,78563727,64541657,68634140,
14755544,1316224,1061007,498811,115230181,92288327,95671140,
4049615,348294,601494,409381,30537976,34779695,35004320,
7807695,582442,611826,306656,75398494,60111719,57878820,
13098358,962052,725045,312762,130048720,102652331,97694280,
13246505,1007081,780228,325040,117843919,92575721,88136980,
11478170,1032182,1248806,520248,82716698,74067268,70408540,
5137408,378777,485885,304434,47671165,44385802,42445260,
6586991,517699,569062,275737,63909698,54063141,51651140,
8351528,622373,515727,241063,82814469,61886315,59281240,
7748945,570352,442389,223173,78455164,62138900,65852280,
15075763,1057658,670996,303589,150613025,109502513,104220440,
5784186,426633,563837,347055,54092964,45154293,44966960,
201444,17953,58611,24006,1787204,2053013,2144700,
5311297,458833,574123,239982,46298458,39380442,40169500,
11006880,1115807,736030,301896,71475706,56673150,56860360,
10162416,979939,552948,170273,63698798,43754264,47544160,
12432442,1207273,1008898,409196,89731982,70784822,69970160,
10999846,1105501,973571,384478,73121281,58122382,58830200,
8388949,921980,777401,266116,48830955,40547940,41640400,
6464438,723548,636880,220758,35498894,26543203,33439360,
11331114,962126,726887,309029,100152553,82433038,96499800,
8876254,638780,858182,560309,82237098,78511612,101355460,
8135286,601958,500349,227542,81233481,62439929,79527920,
6936729,450537,1155337,900725,61231188,69562843,75616000,
7583198,548898,543699,293686,74956491,59605119,57059600,
7253359,511426,307538,150542,72040912,48539329,46254000,
7555070,552068,431791,236471,73223952,53888223,51555360,
7776934,610747,741480,375882,76065199,67705876,64490580,
13379232,985739,640951,274926,130333672,105161359,100129680,
4561864,344852,318776,146594,43873230,36199779,34577000,
867613,57188,19307,7357,8156821,4612257,5632760,
5464553,424408,441470,217777,55734681,48200977,64266320,
7791176,581305,507555,226767,77511870,62204157,82996320,
8192326,593918,690415,409723,77484748,67854675,88507820,
9873459,929781,948056,376510,64810335,55085221,61739240,
9127164,994525,409045,150824,51494264,35287019,38805020,
11121996,1098620,898029,352501,80928342,68300434,66458480,
9961190,1053157,1071040,461946,65837499,57837514,56975880,
12491551,1186778,951218,387868,94388704,77467297,74378780,
7102010,818614,689051,218152,36337895,26239790,30721440,
9572655,955092,829028,345999,68456202,59274297,60239600,
9821915,774340,618392,305184,88124178,67706453,64596960,
12296331,905870,658399,300447,123001131,98620983,93896800,
7051073,517550,442426,201888,69690161,53171808,51661560,
4084374,311259,397095,215744,37265898,27408808,27851380,
2824554,179927,306470,245031,25575987,26177890,31161240,
9230620,696185,626236,294988,99807567,82566247,91694960,
10282373,780347,796829,389322,97564950,76953017,82599460,
6677659,512921,538784,257481,67661571,60615499,60816340,
11107184,837175,606664,291214,104009613,88078068,83688420,
11361587,834006,523128,211407,118661707,98671124,94108700,
8747011,626222,603085,356946,83066460,71339629,68714500,
2354794,174920,367826,251171,20897850,20424691,19868740,
3982717,299142,347578,203339,38387025,27630631,29776060,
8839137,824290,665271,307211,59193633,42857168,44665920,
7788998,857641,574859,144959,44944058,31202711,33620860,
8041706,856630,779976,300368,49113852,40539252,43866860,
7424443,671952,692005,325605,58020285,47999036,52558580,
1805423,149791,269404,144969,13777022,11050426,13074800,
1886449,156776,273600,139306,19101339,16435678,24305360,
6397969,456021,271216,130172,64482852,45656585,66315320,
4427423,342890,557948,261889,38531829,32811065,45738540,
908293,90241,357720,124024,3771807,7445490,9927420,
4433280,346694,481014,183493,40570058,36258232,48350600,
1027108,103198,403408,142351,5945945,9603928,12917560,
11905406,1080069,894709,206554,88442237,72009422,90706060,
3576460,339133,427005,173578,23729690,17881761,25350460,
2374277,209304,378488,204561,19971238,19959838,31348160,
4155573,309130,587796,169529,32064142,30213812,45806160,
1166073,107072,248926,151131,11135996,10881101,17317620,
5482248,378069,257990,152042,53841012,43899638,71821880,
1385314,102788,348718,249164,10090706,12777026,20806060,
1990532,157895,218972,126717,16584362,18007792,27642620,
3856439,272595,468275,325353,35423063,33911872,56530160,
851135,73597,277295,171455,8216857,9383141,15758040,
3223723,232193,131760,78583,31562460,22179478,36894160,
1947358,153437,197491,109355,16456880,15070043,25036940,
2352034,191494,280221,165838,20506078,19028104,31713420,
2959567,224231,211328,114785,28707874,23902374,39836980,
1535815,140579,318983,184036,13158466,13812137,23217540,
4956800,370248,324935,168453,47596898,39067140,57194620,
6129333,455386,490686,270842,57169098,45659870,71827840,
5622131,443829,488684,229187,57504519,51880277,84652740,
7176887,507832,377859,210731,70667303,60084853,92650020,
4349730,354998,655616,388792,41480763,47207194,75849080,
8772284,608598,972428,698057,82813878,83278891,127994360,
8698550,620647,993384,714345,78613599,80013123,112169340,
6697928,520294,529707,271363,65236155,58607396,74918420,
8617854,637737,399757,169354,86937325,71089867,87181740,
11605391,877624,775905,367282,113321962,92694958,91697880,
5429465,370424,410267,300585,52088137,42300537,41188960,
3771292,288421,327439,182159,35762368,33624208,34635380,
4555174,341055,328180,170630,43427889,31552745,38266000,
857238,61029,83266,61281,8773888,8150617,9016860,
6092960,480394,647386,391322,55366735,49899160,54182220,
9572565,711364,900618,612403,91358428,99977011,106651300,
9384061,683334,1090947,757609,89469858,103899834,114331520,
12557376,940589,723646,320224,124471134,103034378,100169340,
14537999,1086008,771442,356150,141727712,110690887,107985940,
13644869,1026982,776903,380837,131162441,110865972,106065220,
10225813,722638,622679,327279,105095715,89526900,85219700,
4157626,330330,398619,211971,39549437,37900347,36532600,
2965612,236506,490173,285945,24778668,23816223,25114560,
8727731,657663,489634,251383,87179809,68189202,66617100,
7407137,544695,472325,239174,70085101,51155056,50056540,
7557053,571456,439655,213910,75628676,64205148,61740400,
6118212,453633,362952,181425,57700163,44680075,43336540,
2855569,220800,258627,138951,25900511,22460285,23478940,
3446044,267967,332028,186086,32486097,26465305,26386420,
2025603,165152,270392,157846,17393675,14658953,15799760,
3210111,240453,251919,153127,29798075,19592624,22102820,
3622382,274235,314257,184124,33649895,25561619,30850400,
1502630,118592,183211,112557,12586701,8846759,10872220,
1191928,86459,57554,39016,11865803,8509518,9979540,
400032,41701,145151,83152,1558287,2440246,4055140,
687490,61766,156086,92112,4400683,3768014,6280060,
397959,41441,143743,80193,1546564,2143932,3573240,
397177,41019,147361,91778,1537399,2116102,3526820,
407300,41980,146942,79056,1591086,2169556,3615980,
398858,41312,148005,90488,1550148,2118643,3531120,
858081,71671,233431,141732,4267561,5512798,9221900,
4190710,349275,886988,115390,22644168,17475643,29139120,
4941846,541113,1132250,228053,26120783,20030609,33384320,
4419564,479202,847181,70537,24459162,16258722,27137820,
7310957,551834,1006458,521408,27985922,29880782,49767900,
9522003,546740,786479,671915,28769454,32774113,54624000,
6354357,607002,477450,306428,29418343,20395715,33861920,
8187043,625964,553881,270164,39410957,25812451,39940540,
7849059,448620,377934,166350,32505544,18275416,30480940,
8499520,589858,414539,173345,38801247,23970651,37174860,
9333683,611688,447248,195425,39156144,22640011,31038260,
9878208,728203,404015,185842,47165452,26817227,34359820,
12647614,935019,783386,378754,63823852,43860595,51460420,
11190894,732939,396860,151205,47188523,24821474,27059320,
12259367,901147,574071,264449,52496180,29017241,30056140,
13191593,930219,720704,396862,59875451,39872488,39371280,
13035969,876786,657958,371733,54791577,33007192,30811620,
14616234,1110952,891211,479991,65624213,40439011,38025020,
13510571,1077806,773243,433986,57878462,33178429,30957220,
13304537,999163,652922,357160,56696901,31946390,30023860,
13649336,1040471,703180,399560,61655243,36132631,34168360,
13224262,979973,520986,281187,56986423,28377542,26763720,
13942610,1035564,787451,439046,58931121,35011612,32688480,
13606983,946093,557016,301530,57600213,29511728,27257600,
14967006,1064463,1008856,664641,73008032,52290588,49637760,
14185271,898413,1018338,701110,63000061,46516269,44186120,
13599228,811524,1079603,807613,56456645,43774158,41350960,
14052001,880799,1000780,663554,60279589,44178233,41615640,
15217723,980270,1372641,961518,75236171,68131472,64884540,
13828341,966685,1311524,953254,58807694,49984005,47469060,
14036926,1033739,971983,664201,63842780,44251990,41830560,
14956913,1176703,653634,359295,86874443,61557808,58621400,
13451396,1047886,685805,397773,57827927,33178401,30976200,
14888374,1198917,1332058,953409,85251466,84931570,80895360,
13950801,1101128,686931,401199,69052059,45376660,43006940,
13529892,1030864,678719,402124,57843709,32279271,30011520,
13070410,1010144,538828,310069,59549947,33563023,31338400,
13355980,1031976,670906,389250,59787248,37294018,34841280,
13671822,1043776,820632,473478,58168091,34622999,32329760,
13299819,1047303,668215,385185,57009282,31718392,29552420,
13709840,1102964,715761,410338,65170492,43254367,40659420,
13211773,1033883,551267,321161,56782989,29084040,26837860,
13578454,1040288,670888,389434,57915581,32190408,29809240,
13220393,1052789,677067,395220,65722934,45593252,42999680,
14770471,1227757,762345,422831,83122512,63831153,60188480,
14574842,1143744,739580,416522,76580187,49747779,47273220,
13191339,991897,543119,312318,56303495,28814087,26509240,
13320367,1022837,690651,403366,60008234,37881721,35556020,
13881168,1085126,883485,521116,65287674,44535459,42293440,
14327630,1102259,786880,447605,70383590,46409042,44170020,
13071963,961665,671767,393336,55202397,31859186,30047460,
13799710,1018640,593288,343879,66182101,36274760,34352880,
13410336,978678,677790,384834,56575201,32214528,30230580,
14043555,1044494,830075,477284,65005032,39882107,37624520,
13276620,975414,798240,515461,59489191,42606985,40269420,
14078208,1085995,990271,671985,63791601,45737472,43212940,
13274915,1026026,558264,322066,60737415,31801766,29925500,
13284834,1068893,676391,392416,62447272,38694051,36662860,
14415801,1145813,956266,548835,66056663,41799185,39424460,
13597280,1048220,696880,401815,60016691,34249567,32221420,
13864544,1088440,718600,421376,68469608,45628480,43325780,
13671036,1058051,576456,336423,66404697,39329700,37331660,
13482521,1046637,687583,404030,60277233,35688883,33482700,
13508949,1037638,690784,397667,59471325,33909579,31896740,
13547230,1036980,690878,400255,57980614,31784964,29623520,
13664771,1091357,711019,410874,69978599,47328888,44899620,
13505151,1016932,576172,338026,60901510,32082428,30028420,
14281218,1070270,719524,414630,66319028,40253314,38050600,
14264200,1086310,865114,494759,65658390,41060773,38744940,
14602946,1167907,701056,396871,78945733,55211571,52024700,
13627313,1039224,861552,559393,60024214,41478106,39262920,
12792763,1066839,533728,310249,56355789,31173764,28975640,
14896084,1208155,761894,433951,79922400,51954668,49279440,
13442774,1081359,672216,385450,57971071,32773977,30712100,
15294086,1208861,952093,606160,81302987,57941843,54971300,
13980846,1099777,815990,475324,65494392,40897983,38559400,
13850840,1043982,820769,571951,60483582,39635445,37180620,
13859552,1091859,953418,623208,58942517,39525963,37205900,
12007468,1024892,1298692,752009,66446772,61638655,73707080,
6941944,779482,436419,232307,31663168,23272866,37404940,
10903974,987502,965410,450311,70090118,64016623,71314480,
10108950,995813,744463,280246,71072797,58222166,65135980,
10949711,984615,1029316,525863,85999511,88091413,117520040,
11414307,1022340,1095585,552824,83700078,83944478,91216140,
7593135,878909,628506,155695,39368841,27323578,27653680,
9226644,1031783,1026267,392172,53657650,47143631,45710020,
6974407,513806,455180,285930,66385103,69215755,98684720,
1005859,88136,179995,103606,7728083,8689899,14326200,
10209254,782431,750779,356753,103559464,88400582,98674020,
4887672,345966,162254,96786,47019451,34237530,34344580,
1038326,110865,358588,229241,4203461,8425510,11669880,
11000432,818615,557105,246839,115280184,97622925,94798920,
3977440,299388,308142,199780,35532580,37350521,45759080,
7611546,584580,541738,275322,73693175,64470364,64045660,
71223,5905,14484,9298,284930,458394,727800,
3083716,257469,413616,213944,29485576,27402813,37781600,
2333953,168390,266129,58267,19755961,15735380,20855180,
1818778,151860,372581,136278,12974887,12776082,17034200,
4270616,409176,787393,287707,26204096,24714199,28248820,
4692624,519704,922983,146241,23724944,26479217,34685560,
7592208,801947,733844,269458,37340588,32970655,46449300,
6555755,743154,460605,143902,31764421,20333446,29268840,
7647274,774356,694833,268306,50388099,40461665,53948940,
7179583,744459,1032836,313197,40644401,36128063,54150420,
6821151,702548,533276,184810,46562027,35621346,51640980,
7067467,745372,777493,353973,39906147,37148830,50683360,
8713356,828127,1014430,576259,61731975,66199268,86348140,
8753688,817334,1295542,840490,58064406,64824651,82499300,
1119738,100917,507237,340255,4356800,10476788,17140000,
2565852,200937,185733,97431,25996593,20783499,32077200,
740778,74771,214797,124267,4095611,5333717,8793680,
1876759,142192,181369,95307,16174639,11417242,18916480,
2918264,233992,301674,143782,28864874,23087704,37231980,
1762153,132829,196592,119777,14518771,11016822,17273880,
3226122,228933,149210,61528,33440758,22578685,37697260,
874801,79005,209878,131541,5191479,5121394,8506940,
4211303,305235,349133,191972,39985033,29836631,49478040,
439201,41434,179138,118483,1670254,3301768,5502980,
1386726,137632,502206,262221,7576255,10886855,17675640,
10098917,869922,681102,217722,84614339,68532573,97804700,
7407507,772700,471023,216802,36171456,26702526,44088660,
6038319,646609,519220,222128,29812467,20692043,34495820,
5413819,595973,495421,200626,30961163,22339081,37146100,
4329885,488135,465171,174474,21912517,15905707,26509480,
7520808,680002,533406,222911,63340619,51504309,85986320,
7507133,727478,612202,251545,52313218,35796884,59522860,
8086801,738476,671878,294130,69880084,59963550,100197140,
9164484,799624,645647,263824,77908789,63176575,104606740,
5266275,582262,641616,279180,28260202,22879148,35223720,
5023943,545283,377965,101884,28519911,19144223,29421080,
10784350,1064622,994827,350826,81208475,74820914,108211620,
7383707,580940,512225,240217,65726153,54179898,66825860,
4129445,298646,428755,283816,39415858,34468361,45604500,
1395108,105992,261585,189408,10365011,9456030,15474760,
4744,824,5748,3219,25385,154978,253860,
397203,41205,145622,88106,1542635,2213616,3474120,
591947,68422,181554,111661,2306459,3671360,5910860,
399059,41753,145019,80329,1552536,2156026,3593400,
1382969,125428,407399,190375,6503988,7223563,12085940,
7047240,416332,368204,73082,27917005,17865359,29775700,
7612078,533363,858293,640409,31524060,30147053,50238220,
5648331,450929,527376,198342,25655258,18085799,30136840,
7099244,769229,383165,170338,31549411,20706466,34510700,
6641008,630016,424324,163148,30536620,18168390,30280840,
5365450,695548,438032,136943,27469660,17792991,26191780,
5792265,657837,577222,188524,29490931,21316038,30451360,
5756960,672682,582847,186333,29302483,20866124,29808740,
9994178,915155,745730,321946,80450527,66543539,95167080,
5393072,594711,755848,334713,28562563,26306156,40757220,
7455987,715553,556559,203027,57680796,46771718,71576240,
4143122,471061,496473,204985,20605706,17949902,25417440,
395791,41053,144451,88206,1531108,2248156,3746940,
284418,30979,111015,65119,1125888,1588814,2681680,
510457,50804,180567,106877,1961231,2770867,4584420,
22620,1918,10318,8239,139586,350943,618780,
4613922,314439,839736,625676,38561867,47473072,75110420,
2023060,151772,331475,221658,17764920,17392630,28754020,
1791883,107852,328116,282182,17002229,17250304,28744580,
1450883,148170,441429,254553,7297326,8899512,14832480,
666033,59822,166041,87762,4378489,4320534,7199800,
397240,41325,145384,85634,1543108,2240134,3733580,
1945331,164292,273874,136433,19651685,15106729,25262180,
5870812,611250,442846,122163,32550927,20859564,34711340,
7723971,770093,400907,194211,35996247,21999195,36665080,
5232607,554398,396280,118073,25094223,15501026,25848500,
4950217,559199,510967,171638,25008556,18243466,30412020,
4909872,579348,538063,200791,24862345,18305068,30508280,
5201952,558922,415677,128322,33606696,23293487,38822520,
5897377,643107,782509,351963,34192275,27491896,45853200,
5398221,612215,653650,261858,28656937,22629038,37681800,
5548367,605485,544477,198786,30756729,24323447,40408460,
3165656,338144,424914,219564,18530710,16150206,25332380,
0,0,0,0,0,0,0,
1500306,126948,245664,144855,15684543,14059919,23433260,
296297,31646,122459,71201,1194671,2004453,3347780,
1773574,141643,231607,132512,16620850,12944422,21679340,
1282825,109423,262678,156691,8703735,7621910,12577560,
68,21,197,155,341,4925,8200,
451368,49298,193423,125475,1779451,3260858,5434820,
1612810,157293,426019,238478,12533779,12662183,21103740,
691645,62689,157349,91828,4366848,4024023,6706520,
1076742,91439,187229,107171,9976354,8101849,13536740,
4583887,439491,586154,267140,28389595,23127723,38427840,
7189513,874731,463908,241198,32464442,23231845,38262760,
7723802,677003,521271,208552,50219246,35802550,59347020,
5206739,606268,542182,178468,25626251,18894418,30398280,
5410780,601814,542875,192651,28961670,20613749,33407460,
4762589,521800,416284,142644,27122848,19000651,31571980,
4236592,482485,528042,211404,21485039,17179414,28626480,
4850744,544656,684664,298398,24032165,19758331,31955780,
5070661,574214,736358,393132,25221071,24563674,37899800,
5487574,611084,596801,225202,30261824,23010594,35400940,
1941488,177256,155900,73404,17669224,12082416,19196940,
4290802,426516,460952,206720,23648589,16048888,26781700,
681127,74704,180805,86828,2699317,3220951,5334680,
561931,50023,119831,79688,3814770,3095996,5160040,
1164817,100001,224560,149915,8799930,7395464,12423740,
2383496,169360,126214,69445,27705344,19056701,31696300,
1967969,150549,218042,117849,20375776,14338767,23864180,
1559437,145143,405733,229748,9509905,8915631,14873620,
806168,67227,124004,82897,6486874,4726379,7924160,
1100628,106945,326396,186708,7308448,7446533,12364420,
2359060,217994,259218,65518,17782506,11753360,19592300,
5411617,588346,414675,166712,26908686,18223382,30510400,
6741544,687774,378720,140759,33481464,20741199,34454100,
5054747,528506,686463,360870,27303919,25182110,42017420,
5223891,532723,1024286,622178,28498792,31753000,52921340,
4913459,484058,853156,554016,28554317,30919123,51532340,
5240867,565950,824717,463893,29758598,28376731,47303340,
6199539,645600,988485,525074,32211096,29842484,49716020,
5417621,546881,848179,526901,28253480,28508132,47536860,
6075656,659291,709947,292362,35911815,29164286,45996540,
2204531,252686,199593,70989,11036112,8108176,12493740,
488645,52275,161098,92249,1970815,2969936,4949940,
695659,70265,166311,88876,4386534,5758795,5822220,
719842,62023,70036,39829,9350240,8803970,14673060,
1463686,137913,376549,226669,10740702,9711576,16219760,
713090,57849,98712,48963,7813806,5955197,9906620,
1158251,96320,248961,161547,8148443,10109374,16815120,
808140,81317,291735,180154,3137282,4307605,7179220,
5486,984,6022,4209,33574,151246,252100,
820388,88561,329136,203348,3222611,5325228,8909460,
35044,2952,10116,1961,96330,144496,206960,
5276194,556264,588435,184615,27242339,19064461,31807940,
7010398,719534,309919,117139,30990261,17157878,28596620,
6620501,808250,659285,268506,42028876,33844621,55347080,
6348380,682169,656632,247326,38345791,28753957,44268360,
5760295,631694,526621,161069,32121842,22509351,34598280,
6027582,677195,738130,310134,33147006,26394369,40657660,
6662573,749092,983380,441739,34237759,28885147,44375060,
5175976,594256,425561,124203,28095423,19151760,29494180,
4370844,489049,528160,233965,22755404,18272398,28413360,
922969,78759,166252,84465,8311192,6690725,11036300,
709811,62970,159655,103212,4427803,4781035,7968500,
695215,62613,160211,91400,4376478,4049832,6749700,
630529,45109,37276,20939,8644633,6029606,10049500,
838478,78662,217715,139970,4947717,4913474,8223400,
550889,46204,102918,61870,3819093,3001049,4967580,
398791,41667,148161,89891,1550010,2257387,3762300,
800559,80803,289846,174071,3110266,4133542,6889240,
86108,7558,7575,6365,937251,677131,1162380,
1579489,125553,227780,129216,16653403,12566443,20910200,
571921,56966,175573,100239,6313495,5689564,9550480,
4972004,455681,592895,224677,35576523,28148447,44952600,
7309963,792933,299777,124916,33845096,20634471,34390840,
5242766,560331,300145,75879,24522616,14192204,23666580,
5505940,603851,558250,198710,33348591,24937162,41713740,
5636882,592640,539998,203539,37125031,30875965,51295740,
5374094,608153,575640,232926,30000189,22689065,37828380,
5693788,627273,669061,252957,29724306,22213695,37022520,
7265106,714973,585861,205709,59487821,47290874,73590820,
6585072,717901,773128,221989,34453212,27254601,38945720,
3944228,401827,548945,183926,21756626,18749991,26748180,
1522725,131624,349657,132776,11896050,12763087,18231680,
3697595,359659,541436,127394,17746304,16326359,23361860,
5540768,628390,579139,45254,26080682,16127901,25653140,
1042744,87352,181324,97595,6172996,5662775,9412080,
1490202,103936,364650,230964,9114730,11310004,18883960,
1154485,88771,556154,217524,6041027,10408860,17371400,
2032078,169347,342929,188166,18136772,14987233,24930400,
296375,21379,14021,10690,2832671,1820211,3033700,
796320,71054,176310,108415,6849349,5663480,9506920,
621425,55848,151522,83514,3962064,3598701,5930240,
1640503,152399,392297,179595,9163493,10362575,17313480,
5588735,594673,515460,173481,27839585,20359154,33928960,
6179508,639017,248215,53478,27669514,15395104,25658380,
6151088,682127,674964,258072,42324261,36449991,50705980,
4878470,562436,528229,220726,26579603,22449506,31785640,
5647164,601141,533581,212349,35533892,27511101,39306000,
5826360,638964,764568,333139,31784020,26380613,37665720,
6142224,623713,482361,181154,45687529,36076682,51508960,
5574704,603834,571870,236271,33091368,27146704,38185220,
6047001,665377,624250,244861,37954474,28841570,38284800,
3816894,379968,387677,186872,27785679,22200327,28506980,
1788304,147230,258195,139321,15557569,12654702,20587420,
1216485,87496,60113,37063,13800985,9741985,16236900,
1031793,94820,190694,113684,9092910,8755770,14592980,
395718,40851,145282,85111,1531384,2144553,3574260,
1695447,128894,155945,93661,17877953,13010885,21719160,
3342623,259475,492206,302551,28987436,23980214,39967080,
636218,58900,164366,80961,4194467,3877219,6428140,
2269964,175774,252335,140656,23364758,16396350,27327420,
1337427,116460,258498,141188,11980195,11065867,18495540,
1423497,101408,78272,49339,14168030,9952034,16578140,
4918796,460764,799104,283264,35095467,29323839,48866160,
7208560,791741,160366,38380,32279340,17112103,27721880,
7220447,714224,603487,213464,43349429,31453498,48750380,
5886893,600015,582686,241249,40257817,33582563,55937240,
4066257,451341,377149,140930,22996702,17865844,29981340,
5972317,622285,775515,368329,41700394,37337569,62212840,
4917353,525727,499977,171527,28788946,21087586,34955540,
4641030,532054,517507,217868,24817253,19498997,30776720,
4946953,527049,515342,210668,31718937,25093887,40632400,
4698042,495316,370875,124367,29552379,21277665,34928420,
4587618,472994,581209,266214,29363352,25075323,37750360,
1169640,83394,75278,39564,12345600,8735064,13273040,
840760,74247,177090,110877,6595002,5719006,9309800,
2083862,161316,241804,139824,20605244,15625693,25359360,
1241950,89276,73547,47342,14643229,10649144,17748620,
803608,87047,288043,164758,3206357,4918320,8256600,
1670810,134380,229184,121684,14299844,10821559,17990060,
396743,41018,146131,87848,1540562,2305248,3842080,
1018514,86534,186728,110916,9319579,7143809,11906340,
1518726,108664,77394,45830,17233651,11761963,19603260,
3367373,315795,483446,200450,24788170,18994697,31748880,
6845641,715057,406501,144060,40063469,26880919,44732040,
7492006,710749,409023,186484,41659620,27680725,46186280,
5558501,626032,546702,195401,29082456,20835031,32433740,
5369536,532483,824737,527317,30390450,31177583,48044200,
7803890,766900,675536,319710,56472293,44764769,68919660,
5914389,627607,749498,330331,34839505,28615601,43955900,
5058186,574184,614843,236559,25421428,19165570,29498900,
5073740,558779,508888,179400,27053052,19308109,29695020,
6258866,641762,448525,154109,43756630,38107130,54443160,
3210630,338641,400778,207615,18862888,15654925,21072980,
2876998,262572,288443,129906,14101514,10209788,15443720,
7302402,788013,869816,216698,45950111,37763242,62426960,
8211808,752878,736966,331128,71956865,64030381,106589240,
5073176,484248,385769,176314,39857466,33931703,53054440,
5495505,567385,558918,280425,40264909,33797896,49385100,
7349504,802038,1057517,500408,54467772,51509784,68119060,
6167961,563983,568993,289303,52087124,45775491,59330760,
3835948,291445,367781,211299,35728090,26189589,38725980,
944942,67884,57594,38741,8959639,5731069,9416160,
1871094,148187,210107,122936,16137070,11652495,19420920,
4869587,494782,678362,233255,31534252,25906672,43211660,
8386030,866832,358005,171747,44555229,27865336,46535340,
6233010,640106,816407,333437,36083153,34169371,56706320,
6802645,675190,447072,169880,45965545,30491189,48301480,
4396081,482377,459832,182040,23686430,17845802,29743080,
6445805,661197,872273,420985,42474957,36228348,60380440,
6714245,650066,554883,224861,50718927,43476312,72549060,
7866622,745704,715928,308002,57756773,52892634,83912280,
9768518,875319,566667,226724,84970231,76009810,116417320,
9723439,932106,735220,313561,76170283,70612506,101102180,
9802690,911692,760783,308805,80589732,71155683,101733240,
5886555,542416,442433,213720,44738466,39193203,56238340,
1222056,104470,217683,120635,11068111,9724876,15234200,
3346761,233882,133687,54765,32907485,20991371,33786440,
7534729,559348,489565,232913,75997895,55650302,86382460,
7312160,544217,513629,259227,65004476,44575236,68449920,
6228122,481238,382648,192322,61171455,56278653,86498460,
6870298,535292,502272,264185,66376320,60903564,65310780,
4495329,328448,260019,126719,49065117,38073859,42826100,
7812554,570258,390494,192088,72504559,55260680,62171020,
7922804,618699,572699,275871,75214739,62458162,77946860,
2585128,201681,186491,113188,26582535,26802525,26929280,
5493089,413692,427961,209360,54238809,42787913,45677160,
3234150,227768,173147,102816,32611835,21839970,22234540,
4082257,316720,404301,240492,39524431,30061761,32506840,
2990657,233470,383474,216786,25486312,18318284,21188240,
1215446,86917,65898,44115,11945678,7544741,10637640,
2524013,217039,364296,199814,20952271,21900118,35497500,
1236567,85467,45171,30216,11647737,7771092,12851120,
1762862,156632,302786,174803,14228684,15516011,25859680,
3380580,253465,284712,149323,33369038,23013450,38355840,
2389336,168326,112228,60269,25019160,16780195,27978700,
1101053,103281,310438,192355,6390925,6650555,11067500,
1478663,96194,312807,254669,14199535,16974109,28480200,
5887356,445677,366436,192841,56150130,45883764,76403820,
2915794,244346,462477,264670,22129669,19796557,32885820,
5201053,380758,251850,118646,54804343,42814211,71418640,
3100303,246823,426347,256340,25700032,22562111,37539320,
5749149,410884,249049,117360,57130636,37948353,61125260,
5922428,443620,459935,257972,57757343,50881895,84586660,
5927763,458253,438955,206237,58537486,53114193,84295300,
6065335,408344,680823,515244,57193620,58355864,90326360,
9187288,668790,1199677,830206,82616687,92953926,125082620,
7057214,507732,309296,136446,73320656,53674453,74016540,
12738654,942367,676348,292510,128597245,99986583,96468420,
4411657,360262,427079,223167,40138899,38407377,38840160,
7031676,536072,409955,195189,73498424,69248933,66131840,
11113432,840489,910205,513717,103399201,88950608,84673480,
6745946,501957,439951,247610,64348482,55747287,54076140,
3879944,342471,447917,291091,31814457,28374448,32446060,
2644324,200208,261676,143059,27038986,20147722,22052580,
871237,49105,126468,110860,7594915,7500490,9468000,
6414380,566820,1130689,728076,36261585,40933358,57371720,
1204388,85032,91143,49459,10922265,8136639,10306500,
3081943,233033,273446,149180,29047310,22484659,32320720,
2973435,240794,404205,215228,25353118,18998721,27714640,
2586025,182633,107405,57043,26008181,17934954,26071280,
2725332,224731,458029,264630,21414804,16131617,25904180,
2288178,168800,165973,74405,22582677,15769781,26376120,
2910166,236951,315619,206430,24306551,22786535,37899260,
1935143,154296,229088,127094,19418928,17105337,28509080,
0,0,0,0,1,3234,5400,
6484199,510963,586181,279024,63390559,52302587,86154940,
4087595,295447,207507,86527,40818283,30864512,48844940,
2820295,218471,326836,177438,26878064,24295156,40577080,
5103860,391845,428823,238246,45969234,40394942,66702280,
2350942,174131,144084,83543,24196652,18546700,29200560,
3166688,249772,352426,204100,26861967,23466753,37380360,
71333,7711,37159,29977,659568,1056434,1698480,
6438672,481570,417150,205399,61476220,44814891,70429300,
5076842,373475,336159,173839,48783615,34281657,56895400,
5259938,377177,228020,103369,55341988,39718583,66265420,
1813539,160472,380335,222149,12169517,12244783,20294980,
3904171,293076,244025,123056,42981169,34846724,58231760,
1971898,146785,164268,87762,16631861,13479763,22311720,
5924674,459082,535820,268860,56135262,46553347,74023240,
6218346,453406,292836,124959,61949411,46854163,72216140,
6728724,511617,432685,206168,66068819,51201520,85398620,
4032112,305112,261418,134597,37739725,29638619,48689960,
6783591,534163,481443,231869,71084682,70100790,107826860,
6350128,496935,488239,197086,61009159,61681114,88582860,
4806077,372036,408118,144719,49244213,48731408,67235280,
4261247,347450,539018,228213,35204018,36664977,50486620,
3867465,325634,566262,231113,34537503,34601652,43052880,
4251394,347610,506245,197017,35512122,34435649,35867760,
2260315,201013,431058,221507,16210325,16448915,18719700,
398997,28729,48713,36434,3262065,2896534,3466040,
3367533,260088,583786,178837,25911079,24260712,40116360,
2586453,204672,293195,140358,22943894,19232672,31995240,
2945894,207472,135370,69943,28725193,18111473,29634180,
2983953,250061,404998,200801,26563740,23094283,37908140,
1492695,105424,73063,42107,15229311,9942772,15891740,
5508704,420694,391269,200234,51750679,36983717,61618420,
995230,84352,170285,94991,7224477,5668546,9447560,
345090,35928,124594,71597,1335371,1834026,3056720,
4228748,344488,484969,236188,39415863,31498718,52680240,
3524709,252059,174411,85089,34185349,23345021,38716620,
2752203,176222,729162,583143,21188924,30612842,51021640,
1897574,128023,470383,360537,15094378,17239204,28765520,
1662142,65298,705111,637564,11895401,21615831,36038360,
2703757,183460,1118966,878701,15397894,28851041,48059740,
431713,1002,373513,347856,1293439,8797783,14629140,
2880829,237748,301957,154857,26620099,21851819,36420000,
1616453,134047,219485,121621,14655143,12926901,21625420,
3971215,283999,163024,89285,39366068,28830449,48083640,
5030098,407483,598600,308641,44962093,38221788,63687940,
4106914,292286,184112,78687,40507903,27737780,44036880,
2788485,214094,249011,135123,26170078,19853992,30091640,
3140538,242832,287264,151418,29230363,22241483,37149440,
3597454,223607,560095,474703,32155733,36711972,61185100,
4279235,348798,536546,292795,37957255,33349780,55539280,
2145636,156783,89452,48883,21820215,17402354,28951340,
3858789,301988,317880,161727,37013647,31967125,52757720,
2591810,202202,244809,134829,23681473,19881430,31484080,
2666116,196999,156698,84884,26474127,18694847,30350220,
6635437,532804,697835,374909,64175742,54292166,85821080,
8301760,602514,327840,148150,80394623,61138244,92718160,
10165402,768642,625111,288654,103123340,87571322,107204140,
8438298,641266,558857,267152,81785087,68453992,105223300,
7990783,584144,334695,155044,82083791,64252567,95316100,
7712754,588065,484716,245450,71101659,56002332,78810400,
4785634,343696,146702,79372,49141394,36448656,48847660,
4460271,339851,339303,185390,42360661,31703189,34756320,
685502,60628,158809,96710,4472537,4062199,5251600,
7205667,517614,189604,98562,74252757,55928492,80328540,
6155624,495840,833569,308370,50450051,38691230,57262080,
6287939,456345,826309,115592,27662495,20656433,32191420,
12181907,802098,554035,286506,75145094,62305067,82440900,
15390138,1265123,895125,475072,108065116,91391507,118752360,
18696630,1297518,487658,212960,135841316,95163626,119009720,
15153337,1348818,744188,371108,118307466,106033513,132466240,
12737665,1091604,397292,183209,100798362,83346132,104145980,
15655291,1313366,542496,259965,118892068,92769669,100198680,
12911654,1062591,530359,248917,83188751,63150154,64664300,
13484139,899676,461313,183542,79730743,48898022,52861300,
17467211,1238290,898394,428645,112692017,80635279,83796420,
13207804,966094,564906,245273,69130032,42471821,41776680,
12808109,971449,646310,332250,67446681,47140363,44917040,
13939367,1143132,693902,371072,85235635,65168708,62001280,
11629956,1123898,610995,196133,78324606,59480774,63411000,
10776238,971204,707502,306751,66184621,53868803,69525960,
12780719,1200473,868470,347174,98062589,74400689,75152920,
10173495,995899,862827,352804,74128205,64203026,66563240,
6106169,685833,669630,283163,34455635,28470178,39303200,
7032210,731142,558831,185248,45145770,33186464,42788940,
7270407,764376,790829,315414,43176605,33845647,48298500,
5173859,579520,585414,230418,27800129,22223988,29803740,
2251367,182976,350794,209722,24841183,26444957,44188320,
2711138,206557,252264,125934,27147054,20390538,33780740,
5261494,363212,640834,470558,50634827,55265457,88096320,
6625404,489625,846695,564705,59259943,63999079,101452660,
6544972,476030,393974,205557,67356370,57638987,93857680,
6181563,470771,363646,179888,60225138,54583495,83910500,
3904835,306703,281608,160770,34984524,35019899,47165420,
4117296,322631,315635,203204,41184938,39727072,49903920,
8250822,623821,655834,374954,75853813,56496824,61549340,
11018927,815700,620294,312004,111858617,85900451,81816280,
4710612,334875,334670,207319,41636057,32501421,33570520,
1423303,117038,250505,137755,13080045,11101666,14287280,
7736899,644345,724077,316936,66801402,60430924,73167760,
11968815,1111087,725634,323468,98254352,86433678,101247620,
10059092,852688,349306,150396,77103653,62624985,79308280,
9346009,904247,641992,283624,68340098,55068611,71816200,
8785058,845281,835766,369671,63110763,56097495,72857680,
8382750,832476,544467,174576,56794106,36198053,46329820,
13415998,1240845,922945,383845,103190144,78679846,85405780,
17129200,1529317,1130899,491949,142672287,114475735,124842900,
13841202,1174576,671886,281159,121405418,91741751,118835400,
5861532,595706,628912,260549,35673091,27997709,36185340,
4736265,348165,363214,174029,42056614,41732474,58330820,
10458744,697763,423738,212452,90337425,71545746,81459020,
10622572,776562,397168,214227,106598900,81776433,80996960,
6902609,492089,173115,94319,69514018,51646419,49867100,
7347193,559878,490852,260499,72216239,53113759,53196480,
9970066,697527,279704,149409,102448948,67123145,64957120,
7659848,558615,332771,177922,76109470,54492921,53813840,
7078117,530143,451645,231807,67573295,52421472,52461580,
4525319,331412,158928,81254,49025173,39360236,37931340,
7322364,557118,471772,267860,68736901,55013408,53422780,
6130841,560469,546329,191712,46280380,34744497,37326380,
11837770,1238202,517922,207706,56985225,34266181,33578040,
9625641,1062698,931517,320603,53487597,39918120,37520640,
8048981,919058,641266,179135,45067040,33875674,32007300,
9365061,1042973,962756,339757,49199557,37677211,35713780,
7954208,839271,606789,183812,50196328,35266310,34024260,
4475420,345767,355904,184496,43909189,35822586,51601460,
5862415,455172,579394,310911,52992304,43677957,59404300,
2748343,205581,154661,71771,28770631,23018685,38044460,
6224223,486959,519939,271693,57241778,48796534,78025360,
4700608,355435,242957,123362,50523546,43662072,64040900,
10651393,870227,703524,261229,97381944,77259720,102492680,
13152151,1104497,808457,267336,113352381,85445414,106152100,
12416954,883670,514429,212319,125719951,84820350,90258500,
12677169,952716,861028,381813,128077472,99424182,104688560,
11548132,806593,411060,169744,113255210,71609925,73851240,
523899,49910,148989,92467,2839564,3368488,4969540,
5700372,437065,643664,362022,57125010,47175147,52488880,
3724063,260255,138778,58948,37896722,23778793,31589740,
1246432,114060,311951,196883,7295297,7821047,10350780,
1596246,162852,213598,53765,16143764,12752662,18291980,
7424341,763048,471767,190262,42478639,29404471,43571700,
10044262,1054590,648417,273329,55297672,36717035,42775060,
6429162,712319,519222,137755,37343606,26560091,35509060,
8989088,906050,938628,412181,60322202,52528222,70197240,
8104292,817175,573798,180255,52799966,37769201,50136920,
6480510,703140,620199,228516,39055627,30748463,41094180,
6129786,702281,781234,300924,32339540,26122576,37473800,
7239898,666575,447744,180615,57374575,46650607,71195520,
1575637,148031,423130,244146,9566076,10005286,16558640,
6318,1142,8631,7549,34112,197196,328640,
4766876,369872,427913,250814,46123458,37935115,63225380,
3301316,266676,373476,183809,34260589,30478229,49201680,
6765701,466320,337261,191176,67227105,47141975,75495640,
7884651,580822,701635,416362,71567712,62733750,104311280,
4997633,350758,182676,82868,49943083,31799472,53073900,
7111151,517687,367392,195712,67927474,49668352,78751080,
4691011,368249,467777,243051,43159388,35183221,54133460,
2235383,174813,205482,91837,29832568,27092708,43913660,
9575940,720218,673802,297814,92348289,68855427,108460540,
7432011,514807,674696,447996,75459767,68762313,96933240,
13531505,1185314,889344,342343,106397441,89392523,112564380,
9997587,914161,658834,301747,82291137,77272559,88965000,
6762166,733281,498158,127340,38725640,26253594,29256880,
7447386,697482,766308,351903,58268822,51474915,51697760,
664350,49181,34377,20418,7096761,4561772,7585400,
921445,80256,183453,110146,6847298,5940423,9917540,
2696916,215935,359229,196151,22062184,15983449,23868900,
2755131,193095,166624,110376,27874438,21341587,29125660,
3082325,244375,383618,211516,26034105,21076346,32157400,
5789487,421923,266043,128570,57967949,43336116,62017200,
4086701,299002,278721,152676,38022039,24927424,37192700,
5359087,410469,402866,202129,54127244,46078499,66427020,
2248075,155314,71465,41783,21713464,13496386,18425480,
2494652,221458,467183,271649,20262669,21202478,33949220,
5354172,389129,211005,99777,53962642,43305487,54691860,
3721192,301803,425942,165989,34616177,33097962,43260820,
5702683,474156,798909,358756,49830574,49339842,69890740,
7850871,590185,558694,212936,77993388,65059400,81907280,
9544860,731935,833429,358416,87558492,72814636,85843200,
10558268,800149,731299,270660,106517701,92586222,108751960,
10604212,780672,544698,225488,103663159,84038832,98486740,
11513166,866885,718149,312256,114540590,95888806,101731940,
6730977,467598,530047,107809,59216584,43964772,49560540,
3763695,304208,451312,244730,34550915,31121195,34025340,
2678991,196839,128173,71534,27131557,21242357,23120200,
2198399,169596,219338,131484,20705319,15027651,16079320,
1980491,180159,484345,276111,13185617,13564614,14344140,
1064089,68368,175245,151269,9790623,12432414,13091060,
1909212,167226,321618,177164,14712638,13655339,15538040,
663979,48982,59356,34988,5949691,4091690,5511080,
1100707,87357,138872,94046,10375364,7338709,9601600,
7498652,736447,703028,233789,45955628,34165026,39381460,
3275945,239101,148263,69636,33219431,26244370,30605260,
4323908,338110,438211,238561,40668377,31508310,43981400,
932408,66800,62755,25482,8159233,7782226,12842920,
459213,38603,80588,55769,3445638,2722805,4571740,
1499990,146301,473395,273692,7487538,8182225,13603300,
354275,18509,204313,168682,1298162,5435535,9059240,
3406513,280961,386103,216948,32331902,29468773,49148620,
230050,24855,62700,32301,951474,1548350,2546820,
3099301,232045,178045,92267,30223599,24378843,40665500,
4991840,401351,475688,227625,46546943,41076504,67845740,
7343611,539640,338440,160615,75491378,59987857,94696500,
7003196,536934,622562,312550,68882339,60948077,99053040,
7818048,586063,453607,205885,76210707,62320710,102261380,
7835641,572667,380729,195124,79461272,63649382,101172940,
9114231,712659,855894,432790,84535310,74018075,114424020,
7889501,564915,302372,158148,79571182,59578366,86251220,
10981617,820017,620269,279848,110136813,91324393,101598380,
7065895,520504,463391,276073,65559517,54172033,65518800,
4051176,303038,168004,86694,42624431,40844552,48198960,
2766838,220181,355297,223951,22100987,16398137,18938360,
2299775,159530,106363,52047,25121600,16010969,17257320,
992719,83373,174270,99109,7740764,6368142,7726120,
1285434,102713,186558,116019,10357542,7755471,8348880,
2381606,167282,110035,62289,23870023,14774598,15499760,
2086231,192979,472732,268551,13708275,13635393,19497960,
3045436,218882,159407,84484,31179920,20410636,34068020,
2748554,216949,243297,126202,25060264,22028276,36653120,
700709,62441,162980,92585,4397329,3900966,6501760,
2069064,151679,79675,45801,21389354,17570480,29284180,
6286810,490276,570304,299382,60217218,47794140,79834380,
4009391,284571,219110,92642,42665997,31873210,53032820,
7310923,538403,430167,201342,71797856,53767328,82187420,
3771071,283035,302833,159049,37531318,27273100,40398740,
2413715,178712,127226,72466,24960309,19942175,29016240,
5939768,471134,627919,313547,53286484,43995954,62929840,
162930,17451,35689,18764,2827473,3094870,5072860,
2342068,177557,208575,109780,21411568,17460785,28856000,
4213934,329886,365240,206481,40016606,35306230,55355180,
5468506,376850,176526,102184,52534937,30669676,47225200,
7144245,555696,568303,273984,67131151,55019488,88886040,
5670744,406157,248344,115339,56992415,40639198,67143480,
7288367,556104,455068,218952,72201120,62469952,96174880,
7379980,580154,472632,215360,76576653,75549908,112872920,
5114604,370649,203216,115554,51573191,37047092,56302320,
7810663,622463,830264,424790,78745869,65753584,91100740,
3915883,278110,160123,69880,36866762,22928852,32538360,
5758369,436216,378267,215836,55492668,46267035,57623320,
1574875,127925,192473,100924,13794020,12079202,12670200,
3247575,241057,180136,93342,32878780,24606446,35678080,
7109139,540875,561755,281440,67705546,53702765,80945020,
898487,62942,39235,27110,9744440,5900248,8521380,
720626,65825,179390,112486,4492459,4409608,7346200,
1038872,88592,182425,110861,8268650,6828174,11380420,
2150408,160925,121608,63665,20756488,13836758,23074880,
3522051,312852,589677,314351,29485248,29308862,49106580,
4524579,324110,155785,73496,43699560,33668144,55852080,
3431747,266246,296666,148333,33190091,25398116,42330360,
402528,41773,154912,100069,1565321,2344924,3908220,
2122139,155510,106521,64522,21869068,16451334,25555600,
1013249,109621,413228,232709,4960277,6764773,11137260,
3525911,247975,132235,62389,34078910,21713369,35240120,
3639145,273123,289596,157759,36611175,27910275,46562820,
2300684,191496,304183,151873,22648426,20136313,32765620,
6642789,473406,320131,150181,68196810,48552657,76580120,
9699546,731547,693077,330786,87149953,61278508,95194480,
5656738,399520,239618,123109,53962010,32868812,53219560,
8842872,653273,528875,235732,91532236,67842919,104741440,
7899808,580261,444297,204403,76761948,53919306,80492600,
5351319,386038,238277,95595,54816730,40148970,54063740,
2805782,224097,392564,220524,24465763,18788820,26765060,
5811317,408783,231458,100700,59656051,41548334,51825460,
909458,77850,128111,72517,11945858,12141154,19796180,
2883171,260312,486100,283019,21884997,20425506,33979020,
3128550,218388,120997,59080,31649361,20164489,33509540,
3794724,316167,579007,332649,31372067,26498192,44288360,
5077204,379107,329596,160327,49806329,40099434,66709080,
2072896,146268,86988,42133,19820412,11933441,19876360,
5541094,424924,519447,259726,51176838,37944733,59059640,
6648294,483169,287411,126569,66243145,49547273,77473700,
6763197,522202,557077,293916,65000014,57881018,91182540,
5789724,431650,206790,116799,56623977,53226953,86917620,
10119878,727974,382384,207231,100105135,75527789,82109380,
9522439,760472,998273,509363,93405645,80210929,90730100,
11836526,857773,484176,208826,118128513,93124604,98079320,
12704479,969251,816016,397416,122773773,104703602,107390180,
12997633,958015,617087,277613,126885714,102336548,100049780,
11147949,787690,392120,193772,112629239,82162711,78272520,
3793172,295635,424826,245269,33651186,27640075,27918960,
2627965,187368,126201,78941,26908358,21385105,21295260,
3599912,280021,394617,253900,33367937,27519194,27104420,
4102043,306131,293021,139607,38806563,27916463,27094100,
1811720,133601,92175,49794,17772272,13362257,13656100,
5596844,448714,621316,333827,52995263,46018695,47756180,
4979766,352803,202175,87987,50014921,36690003,35117540,
4270860,330719,411356,221363,40144890,30361087,35026040,
6724390,498956,558286,290514,62893986,50910749,53873160,
1870660,125866,59278,31350,17855767,10989320,11592060,
6734121,552808,765655,409198,62693191,59361760,64271880,
6349761,460797,233428,102539,64401150,52952469,59877120,
6526576,518873,594091,308574,63870949,56847432,61881960,
11467468,850534,615704,284557,113730818,92827800,91603280,
11061255,797922,437773,195140,111753917,82333158,80636740,
13914286,1068037,963582,440131,136210623,118131469,112423180,
8328075,593033,276793,120087,81009974,60632480,59674440,
6368066,491371,449608,223379,67483262,62294711,67463300,
7134664,563583,741710,408023,66607307,68929659,71473640,
2167406,153433,67888,44997,21657854,17900587,19432480,
1928625,162856,339012,201189,14299630,12204935,13345320,
5363114,387818,250701,113295,54655217,39817161,45360420,
2773291,221319,258361,143197,24785641,20548509,28858120,
6053658,461653,403201,187700,59155937,50827642,71504740,
297612,20783,18275,11612,2839377,1836508,3060780,
5755766,461577,562184,282064,56460838,49621719,71990620,
6592741,487585,305936,142133,67181762,56239971,86009140,
6839505,521595,403793,197851,65234589,56123402,86307200,
8279356,648289,708484,337334,82145280,71588290,103663660,
8753095,643438,434251,200646,89451495,73752420,101163640,
12473217,928990,679873,304042,114980395,90002366,90076780,
9415261,689358,458971,210745,100649649,80517598,94188000,
12703569,929376,560135,326497,119050572,92190396,96955920,
5051380,368900,368586,201455,50815461,36737264,38129460,
4989946,351798,193000,94173,50975426,33929197,33302080,
8490929,659830,756409,391236,85467453,70303048,70834140,
2044114,138706,51864,29505,19491587,11369651,13150440,
1346952,107758,204374,123433,14281351,10715452,13914240,
1739089,152073,329878,178778,13020273,12803480,15394020,
2015008,138500,69314,46186,19360058,11959551,14437560,
1140728,125051,482331,292771,4364934,6309802,10516300,
2971775,226126,121421,60148,30463148,29889992,44161440,
1609995,130716,228018,132476,15606723,11982445,18808240,
4347366,324233,328562,182278,41333490,29707237,42873940,
1633693,126214,130122,87245,14399123,14121373,20688760,
3534406,287194,452895,250653,30159574,25602152,42640500,
4459257,332487,227445,105330,47609706,37605469,62969520,
6998579,517454,361204,173083,69313507,56472924,91336280,
6471603,511859,624996,296202,58597378,48304098,64515760,
2484271,180931,114242,69405,24754897,18023663,29822640,
985559,93747,300815,179513,4634656,5645812,9307560,
3296651,254484,265117,82375,33776434,32703793,46784460,
7141365,542322,517822,180497,71212152,57732500,82686360,
9674520,753720,860022,349092,91366486,77791701,110969740,
7493769,558305,498935,181661,74943546,59503814,75046560,
10209816,796473,827039,339524,96595943,85056391,100832860,
9677329,752008,588704,189087,93597227,90766807,93259700,
10433771,799363,505365,225889,106478171,103258487,98446920,
4806339,403517,664151,353249,38032658,40352485,38414020,
8094868,575411,692661,186121,78564178,57377108,54646020,
1328343,117778,293044,171517,8340175,8625315,8926980,
857886,59446,21650,13553,8662503,5013131,6004020,
328130,25435,25132,17129,3238403,2404533,2989620,
1360271,121753,306713,168760,8545928,7711952,10194640,
1845902,129407,171331,69453,15758774,11274240,17001000,
5840621,512180,1278131,210588,31980050,25065128,35785000,
5930787,537118,631698,121584,26137570,18731703,30365580,
7745656,546772,122265,58915,31373479,18569383,30910200,
9351761,458016,630186,284968,36373326,23743770,36748520,
8985795,700545,335094,159126,39762705,21040219,30435360,
10414043,762757,672944,354987,59620191,45242833,73905280,
8638363,553244,267184,95477,40633026,21847844,34644080,
12857669,861555,347051,150651,80676725,48491892,66495180,
11182321,810078,578512,266752,53825054,35585892,45905660,
12455587,923418,355749,151300,68868260,40666760,48423160,
12968367,955426,639306,291239,60683380,40836014,44176340,
13092712,955176,385871,155602,66673334,38739155,39540260,
12541227,932354,392305,162814,53724790,27895397,27025760,
15432820,1191263,960644,486516,76944237,57366540,54416740,
13211197,1045534,413045,192853,65691529,39821819,37594720,
15255121,1164530,731488,356088,76179985,50369624,47840640,
13462579,1071966,421498,204139,68866332,43772155,41394940,
14003812,1183928,446206,225537,81149835,59182953,56175260,
16587641,1438042,762777,402188,103151090,74802787,71181280,
14486758,1189893,454015,231027,78761446,51436571,48433360,
15410483,1282851,754289,407436,86596428,67494519,64025480,
13574002,1154139,438452,233092,66660347,41606765,39033460,
13377227,1083569,451857,240933,57179308,28674798,26530120,
15033686,1204722,858151,473663,63376234,37427550,35138460,
13813145,1101536,441860,228259,58621848,28706562,26333820,
14989884,1215283,773279,405267,77077713,54874327,51810140,
15172793,1199464,499456,261749,74740425,39707412,37162940,
13689060,1071280,473250,253887,67991073,36743974,34886180,
14977489,1210161,843427,463064,68562276,41972175,39563400,
8182596,705688,504159,187923,37056474,21209296,23167800,
6647763,723760,371824,168872,29094720,18244174,30320760,
7203969,736415,380776,116431,35690744,23123038,28742540,
4387220,516848,369809,107651,23587726,16323333,26922980,
6260650,695023,915297,400743,32037010,26582334,40607220,
4393479,506545,366002,84955,22781344,15751036,26250000,
4691263,536336,504912,165033,23820805,18255844,30423920,
4873658,559687,523216,175675,25145271,18495806,30241840,
4794644,545810,389356,119397,27424401,21125028,32525000,
4661886,528133,727386,345523,22568284,20333453,31475780,
34242,5190,32481,25543,181604,891505,1485900,
935319,93395,249926,150768,5883205,7084666,11807700,
395470,40660,141423,76247,1529371,2023774,3372980,
713483,60827,82362,60491,6401129,5384407,8974200,
1204843,123041,435584,260710,4678360,6418274,10697160,
288852,19730,7691,5202,2890442,1667871,2779820,
399303,41331,145951,80810,1561594,2268291,3780580,
687777,61853,161570,105606,4333404,3796391,6327220,
759582,53365,24899,16941,7504838,4471474,7494300,
1178747,106489,296237,171907,6689096,6284712,10430600,
1968589,197618,220722,73830,12022937,7912785,9785720,
10917422,1078780,415011,146112,49441091,28527890,26241180,
6940604,819329,720437,313902,39394391,38360496,44818720,
4505397,507179,361318,90985,24635760,16933218,28218040,
6726893,703591,868200,391225,40322504,35515441,59248200,
5045395,543938,491323,169421,30712201,24437152,40660600,
4546882,534665,486025,167076,23121595,17818363,29694220,
5602841,616270,644306,239833,31512207,22919168,38274600,
4658893,527775,374126,92816,25535129,17570069,28734740,
5510831,579706,640249,277369,34088770,28648273,44309660,
1453282,102171,54826,37277,13678451,8154343,13223620,
339731,37857,113969,75031,1428056,2045556,3443180,
1387161,112092,209208,120701,10932497,8047970,13379320,
48,13,96,96,253,4004,6660,
1287015,137849,512393,314762,4927558,7218986,12065280,
610279,56324,122477,66703,2819756,3527826,5846000,
423974,34836,61391,50472,4013105,3412396,5071740,
1263302,109102,270462,154728,9110596,7871192,11341440,
866166,60548,26454,16803,8946873,5182092,8636940,
1030876,98107,281839,164683,5639786,5692324,9504020,
760916,81508,121172,34761,3877011,2903429,4050920,
6031041,658369,319732,99043,28610380,16712820,23393420,
6738384,659965,398562,191356,31931687,19759831,32899020,
6423546,618726,359508,110115,43680532,34205528,57066480,
5695331,659496,952116,435353,27755549,24241480,40412700,
5518256,579941,446836,149185,34759453,23307347,38823000,
4466855,512851,400324,124500,24520777,19618871,32762480,
5913301,653001,821678,361924,33409765,29890960,49759060,
4342508,503156,365462,88896,22502440,15487035,25811320,
5843207,617783,576107,214241,35307950,26974529,41592900,
6183399,656316,630954,269613,39086648,32541116,46881260,
1295200,129355,163308,95410,7901385,7219316,10791860,
3672415,376006,443999,175940,15896424,11715173,19525320,
2022913,147529,60313,35333,21288398,16584559,27641180,
804136,81907,293397,178334,3129322,4539610,7566040,
568683,61626,238889,135435,2171467,3027172,5045320,
0,0,0,0,0,0,0,
801058,81616,302115,182597,3116742,4404886,7341500,
49,13,101,89,258,4474,7460,
990290,84017,172242,99912,7608873,5922343,9870740,
969587,84420,166131,97528,7183517,7692951,12821480,
3709868,380382,367932,99243,21961670,14267480,23779180,
8839625,970428,641678,371464,43634829,36288967,59456380,
12135209,1094214,924966,307696,60384170,46116608,66278140,
13830041,1267163,1233274,332174,74687934,59630462,79542620,
15277221,1345298,1190985,237337,79923929,54551887,65046280,
16299730,1435486,1155121,199034,85039897,55579464,62116360,
17321426,1552372,1547992,385203,88537944,66448180,71192820,
14334238,1202857,926703,149789,75825907,50158795,52377740,
9523785,688854,848323,205832,48948532,36557495,36258380,
11321591,796413,831489,156228,58381328,41686219,39721460,
11718322,838856,789833,147209,68293102,46800119,44552120,
7162114,533274,847787,338453,36676265,32890780,31170000,
5657948,383125,406710,55803,29408459,19490282,18042700,
5971390,456793,657058,232727,35060651,30001102,28418160,
6138990,417814,496229,115069,31275190,21112956,19599060,
6136904,428280,374928,28415,34957443,23393697,22299440,
6759983,472844,667724,202776,34099866,25382508,23670700,
6764334,463621,372139,65727,45022721,29478924,27962580,
4916723,340460,520918,187378,26589440,22134398,23040520,
684415,63035,155564,86016,4324209,4053324,6755580,
1677649,184640,189825,51930,9079289,5630862,9394500,
6484824,662602,522703,225881,31729488,22424784,37425780,
5855870,590753,172270,43206,27077520,14629196,24326340,
6390725,683894,641463,251365,37092386,26674822,39083320,
5738221,659719,685908,236926,28802306,21988405,31371200,
4461185,533692,386533,99385,23179521,16280850,26373220,
5154079,586064,649448,249443,25688990,20258964,33762220,
4908315,603160,462359,163868,24841663,19679004,32798900,
5893230,634976,557722,198450,34597870,24805219,38467500,
5127246,554666,529427,206805,30680997,23083398,34639800,
2352193,161949,52413,31025,23121230,13409932,22159760,
794464,82668,284466,159459,3078280,4674034,7789920,
4320336,309132,123523,68046,43832677,33259540,55432860,
4228251,306463,212314,123019,41532333,27635077,46126200,
1008781,100645,339655,169628,3987229,5439024,8997540,
8975,1614,7643,7361,42709,258887,431460,
2750653,226519,330723,205928,24555828,21922723,36662900,
2037223,145255,240014,154797,17570559,14291467,23695120,
150126,16687,59823,43496,576546,1023780,1740080,
696919,72792,244441,128994,2720191,3980973,6601000,
384215,40630,53428,18784,1980022,1542631,2571020,
4738977,508164,511200,209751,22866434,15849417,26450060,
6501439,662629,199487,72081,28857154,15090041,25116060,
4728630,552175,347707,88529,23013040,15215744,23400180,
6296446,712739,854658,328426,30911159,25389694,36217940,
5212864,601131,426769,96184,26952595,18409614,26303880,
5477623,627218,574297,181981,28044086,21163576,30263400,
5423368,639659,559260,178009,27456273,20232883,28854160,
5022195,580665,429457,107465,25967243,18673088,26734420,
3322571,373726,527297,234853,15853286,14527924,21359280,
289861,20065,8668,5945,3129301,1826252,3043740,
814593,60134,417621,319868,3790913,10305069,16582260,
6512731,703078,750454,192956,29896378,22519663,29991920,
2323031,266108,325713,54651,10156529,9101385,12179380,
2188730,265290,781604,385107,8701851,16420010,21833800,
729797,73188,196764,21499,3441816,4501302,6139120,
1012618,103511,298290,149019,4290017,5728626,8811680,
1218172,91633,140248,74085,8547945,7461814,11899580,
965405,64456,226894,38145,4797981,4677515,7863180,
1073932,102601,432638,198448,5183178,6948061,11517760,
1776677,127476,71410,47157,17153995,11880059,19800260,
3694678,382829,512442,224475,21794655,17110641,28551460,
5729665,637188,401031,178482,28777036,19084107,31894240,
5723198,606002,461448,167675,36924680,29582292,45626780,
6192185,677957,914576,425508,31562397,28732590,44168560,
4784121,534829,386338,106368,27513275,21104317,32464280,
5889994,642739,659994,281519,36870190,32115608,53062100,
2869184,249818,309436,152968,23043243,17110508,28340720,
1785073,126649,80401,39625,18005085,11656874,19432380,
1329175,127100,378003,217676,8790865,10002363,16793620,
2419601,185653,157534,80974,23039248,16412952,27224820,
397839,41668,141858,77836,1544238,2486667,4144500,
422788,43560,164137,108967,1678047,2511240,4185400,
12129,1961,10491,7546,55675,230284,383800,
1230224,126358,454294,253831,4824858,7107082,11845240,
2122599,159258,109432,65432,21414584,17451940,29086580,
2863422,228785,287561,152268,27986296,23291313,38943680,
927172,73633,155329,87886,6373315,5381427,8844180,
3981,478,3156,2224,19298,104697,174440,
3470423,282643,440060,233216,30278490,26205128,43675400,
145922,9679,80109,71749,526247,2876753,4794580,
991604,82726,173772,109735,7567986,6006760,10011360,
698971,62574,160347,93564,5046927,4318309,7197100,
1784921,129033,79014,41526,18254647,13470459,22450800,
1661611,166680,537582,312207,8196155,9066259,15157340,
2378713,167166,101448,49389,24051709,15816160,26313660,
2162333,183756,253173,138037,21048588,20193367,33958960,
4308413,334679,293059,170208,39961851,37669088,62558700,
261261,17092,4305,2135,2402866,1570301,2537620,
998074,107758,390830,229024,3844810,5665715,9442840,
62121,6654,4581,4006,327064,302988,504940,
1360765,119428,220243,119974,13259375,11255140,18950580,
1956147,146681,223474,133888,19096072,14250363,23767320,
2637447,189323,109086,53791,25207020,18443237,30536360,
4953804,413217,671757,325173,45643908,38973953,65183160,
8439485,596751,356631,149147,84108546,57533855,92564820,
3252643,238102,237416,120985,29187641,19465590,32084120,
6347703,488641,515464,222395,66943936,53819075,89892540,
7487248,516379,238954,103020,72631419,44294819,73639720,
7857114,617838,673833,330747,79837611,73424881,92550120,
3942916,286448,135389,66483,37150566,32115679,39979180,
396679,41985,144174,76679,1545508,2285442,3809000,
4620748,374646,506857,267958,45732457,41259771,68958640,
7543080,548165,293584,127659,74123110,57623337,95638220,
4670992,359232,610093,350353,41344818,34686428,43180940,
783298,59330,77923,33368,6430473,4534909,5399360,
308462,33463,125609,84173,1265511,1901373,2784880,
1080467,89889,196209,119851,8255824,6690069,9756520,
38207,5154,15371,11141,178304,414470,690760,
2304979,188488,279789,156233,21028041,16688990,27849140,
1641193,137407,258123,149462,13451749,10237457,17028440,
2117075,165521,203107,114055,19430334,15726763,26213740,
3433924,336579,309982,125751,16515508,10581736,17636360,
298310,21158,12790,8280,3315514,2019476,3365640,
3573802,299591,618066,365042,30987930,32387327,54017720,
2437757,186371,238798,117518,23604287,16788431,27950480,
3687284,273564,209157,107608,35398715,26974930,44985080,
654298,66722,233066,118960,2542957,3615410,5991960,
3706999,270093,185311,75940,39893489,28945128,48400320,
3247610,241648,261010,128240,30123899,22939582,38107080,
2232797,182532,312246,171391,19282634,14138302,23580300,
1004868,70550,51031,34474,9608975,5874919,9731300,
795665,82424,285497,155034,3081987,4374029,7280820,
44985,6248,22267,15632,211103,541335,902260,
808944,81783,294360,182199,3148824,4266288,7110520,
577450,63013,244218,141412,2205304,3133520,5222480,
41188,2143,7887,6138,242819,343391,572340,
7223647,500272,626865,238455,37588508,29867568,49894140,
5383449,541212,363612,108624,30221364,19799827,32917960,
6773583,682854,371236,152446,32225167,21431922,35719880,
6751140,679475,920947,446936,45139192,46058408,76811020,
4863510,525983,444033,165610,28418352,22001203,36602600,
6196274,628017,731919,331376,39229461,33364543,55654020,
6088606,614686,460123,149752,41097856,27897886,46450320,
6363791,663043,762421,336471,40016346,31599962,52500160,
5710610,618378,626748,255003,34110440,27047707,41616680,
2446674,237806,216958,107368,16568284,12701731,19714000,
967860,104698,387408,234575,3720182,5720385,9533860,
1219336,87531,69511,44354,12345734,8026251,13377140,
2000595,153829,301352,202567,16945177,16153827,26956360,
700179,61433,158483,95589,4327872,3901935,6469600,
1116643,80836,58275,35225,13553552,10146389,16910820,
902419,89700,295060,170247,4129377,5128205,8546980,
898071,63910,42724,24952,9617565,5978183,9963420,
978091,105032,382608,228710,3773246,5860255,6315220,
983446,82992,167536,104764,7171121,5836546,5574060,
2069235,151800,86990,46652,21029977,17335375,28857520,
795145,81703,282784,150816,3081036,4284241,7140500,
11834,1973,10773,9162,54498,249738,416200,
784201,64054,239106,170369,4666511,6768906,11281540,
1069289,92904,180157,99546,8286042,6464148,10807280,
874425,60229,35102,24740,8645653,5120492,8500460,
805007,83436,295851,170400,3132105,4603319,7695640,
2107735,154817,114596,69191,21762992,16343395,27214320,
1671727,147137,320893,179052,12572854,12579633,21015920,
1955628,156041,239358,127160,17646501,13454213,22407060,
1182932,87859,58955,41462,11576087,9391068,15617480,
1389338,125343,319900,191918,8972066,8326024,13635000,
792886,58637,37197,29225,7811334,4783353,7981220,
1088768,88204,173783,95488,8493740,6562540,10710960,
693037,62069,153795,82271,4369302,3782601,6304260,
0,0,0,0,0,0,0,
817134,84779,300370,174420,3184359,4533234,7555440,
191231,18374,61044,29939,809737,1227168,2045360,
607858,66029,240834,140579,2316887,3303726,5506400,
5061538,477875,515603,217249,29204340,23514662,39225340,
5228305,556182,433653,157013,31697598,21776205,36375980,
4688443,516530,703946,331159,24598958,20469002,34034420,
577404,39393,16767,11868,5491461,3289748,5449160,
1275009,106880,183981,108213,12333841,11920473,19901420,
1420034,114111,196427,114073,11303449,8086253,13353160,
483121,32800,15968,9973,4542716,2794334,4515520,
1339805,119631,306867,208254,8553863,7651381,12806420,
64083,7324,28171,12191,254195,458477,712260,
1456117,124388,223864,139402,12218806,9531481,15920060,
1534943,134502,317566,166302,11065744,9248480,15414060,
705903,49714,34100,23108,6634090,4049725,6715860,
1326083,118411,292067,173595,8479990,7503814,12143660,
57929,6118,23636,10116,253153,524613,851760,
2601167,220393,235540,118539,20554585,13785511,23057460,
4034079,394438,426757,175693,21982181,16400441,27257580,
0,0,0,0,0,0,0,
1273083,124014,299433,170986,9376045,10567814,17746640,
1292342,94564,76994,32200,11604492,8726294,14443940,
1258359,101593,172178,99375,11261661,8018819,13364940,
1145333,105548,312092,174045,6771512,6427556,10678740,
14903,2568,13410,7993,303972,579050,965040,
1312452,117001,289374,172255,8713545,7582259,12662680,
801506,58650,58815,42622,7998893,5202690,8668220,
1623482,126288,176988,121006,15322874,11813894,19747740,
2616713,222585,391137,221580,21677429,18112815,30097680,
922822,68995,47473,30436,8651861,5669911,9449620,
1035402,92450,194386,118517,8652370,9637249,16096120,
404996,42872,148941,81547,1568815,2248350,3713480,
294427,21306,11923,8459,2818865,1711639,2852700,
2822337,242335,515435,291639,22206129,18808073,31426380,
1749412,125164,86163,51097,17259837,11227849,18632860,
3585022,285168,424022,244983,32588921,25038197,41763960,
1148047,88651,135595,85271,9783406,6729651,11182480,
701049,54083,61745,41209,6496361,4438885,7432120,
1236035,116518,312574,174733,8967030,8347366,14047740,
958914,63692,30027,13895,8852553,5825493,9548700,
2513511,191026,257421,145510,24519138,16844439,28121140,
2514051,200179,269335,151091,23594197,20918501,34839260,
2938297,205291,113222,67933,29563310,18827269,31370620,
2571330,222479,573696,336890,18238387,18053511,30089040,
715139,65906,178200,57809,4706627,6067409,8687360,
1776443,153477,413246,167032,12763443,14959708,21437720,
1544194,131741,437051,195451,9956801,13028262,18545580,
3707072,282904,312418,107717,34669430,30362463,43375140,
3465837,306781,589924,257426,27202331,26662548,38106620,
656366,68567,131378,41142,2941926,3277167,4817880,
635737,59787,179228,110098,2754898,3722221,5803340,
1491571,112786,425730,113577,6954532,7307946,12213340,
2115515,159328,188769,68208,22318497,20039502,33401120,
2086216,186762,554122,340918,12402701,16308418,27201820,
389817,33629,49872,33879,3160352,3184303,5246380,
479067,49312,163584,100469,3247309,3712681,6213960,
1518053,119413,190339,112097,13038484,9781898,16257620,
1764,404,2899,2734,8385,98841,164720,
969975,104232,386252,232984,3732707,5212393,8687240,
2981898,220600,139175,79833,30234012,23989551,39995100,
3639712,278376,273227,151187,33728122,30278672,50449940,
1272302,107342,201433,110706,10963034,9286307,15538520,
1681727,128023,92088,51526,17752575,15687871,26234460,
6816982,553125,701146,351195,62949709,60114306,100201580,
5550287,405996,257887,130862,56053630,46066818,76713720,
4691123,362512,336873,190449,42612413,38990283,61521980,
6345167,496825,434522,213183,65080467,63400325,102768720,
5456813,409917,203271,100838,54288279,52491195,80783060,
8747068,692735,652846,336632,81509455,82858388,103650200,
7832626,569124,327184,145189,79599188,64962664,79051300,
6345585,479859,365273,173066,61067005,54815615,62355200,
5404850,415317,327206,155031,50740468,46696070,53248780,
3812088,285054,128445,66805,36475769,36120717,42260640,
5308193,432794,583347,335598,43921659,45059218,50299940,
6449738,455675,271941,136681,66721611,47636261,46681760,
2352585,199352,300071,157209,24129157,25214078,25619140,
9380754,713722,694813,341426,98592176,90800910,106209700,
5976377,410627,154650,82286,57144112,36318015,43640060,
7694381,578366,648809,367868,73639105,63193891,76980800,
1324204,102822,101679,51124,15874070,13022475,17544340,
5941971,431447,333233,160669,57388715,42209666,57646820,
2516854,205567,256423,136685,24283013,23585505,36978620,
1158664,74518,28484,11478,11027458,6690277,10175120,
4748825,403794,645317,331560,42217089,38435268,60582100,
1213295,82536,33697,15898,11498998,7702213,12028640,
7431589,558213,488536,262977,72424493,56867075,75880200,
1341044,107132,296555,177962,9078129,10343379,15811480,
122848,15272,60562,37594,616002,2013285,3356540,
4229647,358257,578139,298115,40668985,38432303,64044060,
8671961,616969,366292,144129,86413993,59210401,98746020,
7562230,557700,480606,216390,74493361,55615653,89185500,
6001904,446076,417193,210679,57900373,41802060,63345920,
8622856,631523,419825,177359,88665626,73992855,106269480,
8850140,677824,717525,354737,80143310,66838755,102204040,
1015634,69423,42778,23637,9928410,6162424,8906940,
5608802,422233,394315,203148,55696333,43141346,54786220,
3818937,289395,297492,166315,35415388,25878644,36516840,
5023435,363907,213860,135293,50979869,39448538,46583040,
3421310,281121,382273,206331,30361628,28641958,35533720,
671363,50373,50515,23682,5985885,3910990,4346380,
2494278,183013,278172,178981,23198836,18606368,24402980,
1542784,128557,267456,151248,11088270,9117993,12518720,
43965,5245,9696,3663,181778,327584,445520,
1086813,114489,402812,235013,4876355,6563258,11076980,
1688111,121466,116128,57615,18239655,12157483,20184180,
738345,60865,110169,71326,5821134,4129974,6887160,
897470,80268,215770,107860,6222370,5772397,9580660,
1756,404,2922,2402,8352,99149,165260,
4159538,333984,353024,183130,39945304,34103412,57072280,
2519294,196238,231697,113446,23512537,19434677,32277120,
3156508,223852,174529,112584,29910797,28136682,46808600,
2991150,240724,412949,230737,28115858,22282191,37170980,
573300,40258,24908,14206,5180315,3280982,5400580,
894618,89871,308143,175982,3487260,4854719,8124940,
1432515,114425,191521,95700,13495168,10047359,16745360,
380654,25934,10938,6208,3632928,2253743,3756600,
795617,82645,285168,153705,3077288,4247284,7044900,
2972629,211318,133501,64502,29644537,19524404,32535340,
1303806,108023,196036,120848,10122131,7975177,13323960,
1201513,104457,210749,125939,11545278,9651689,16210160,
5247395,371030,209569,101238,53761514,36920993,61434380,
6436261,506084,564025,287071,61705770,51881425,86539460,
5857973,432425,278917,115126,60651988,50792493,84596700,
5287269,408718,440573,219503,46137855,37889172,63081880,
400464,40726,143743,79817,1550247,2145872,3576460,
2883636,217076,196832,83199,32570624,25805982,43219760,
8769901,666880,599628,279495,81056367,59510683,99034800,
1723003,124220,102610,53810,18817336,13156894,21449140,
3028119,221151,234041,119802,27310672,18782709,30524620,
4981197,386000,380429,181701,50868125,40675937,63634500,
6001634,450537,264350,139773,57859157,51292970,78813300,
1295818,115593,306013,183441,7784125,7313537,11946700,
4055179,307038,199484,101030,43083521,39874456,61407220,
2705656,219946,352367,181719,21853937,19829010,30990300,
1916578,151225,240994,137695,18484169,13548765,21652640,
1190673,88567,70305,43956,14688662,10634722,17799720,
3137199,254426,404286,238015,26889193,23770718,39493600,
1487588,111910,72883,48816,14924307,12955097,21672780,
1960939,153634,213353,119570,16773882,14281345,23706580,
1577875,124310,196261,112807,12850700,8897656,14829160,
1657324,110006,192635,144077,17916167,15501447,25835740,
1205148,111252,413778,281719,6293820,9591069,15985160,
1492164,108492,69192,41233,15787053,12084351,20140740,
4775399,381234,498280,279857,45677766,36182360,60500840,
4156330,334751,488424,244196,36030134,29901012,49787040,
4222962,300825,178674,86603,42550344,31226216,51675460,
3205259,265681,394934,212629,29761262,26589973,44316680,
427836,37756,80916,57520,3477708,3746645,6244320,
2553970,222465,383172,231253,22010553,21451937,35753120,
2921749,230222,280885,154379,27968023,24057160,39332580,
4783218,336351,178739,102974,45745936,28614893,46304120,
2168410,176405,434625,271115,17008447,17545430,29413960,
2430772,164535,78005,39783,24713309,16133175,26610320,
981076,93494,284259,182819,6926869,6833861,11433900,
3479360,286450,482450,246734,33750272,28577158,47831920,
6751875,467161,230648,93678,65176962,40691866,64155220,
2640962,218271,398520,212286,24359232,20412265,31778560,
859571,59008,24705,12110,8347655,5058409,7764720,
999459,85171,174239,102233,7353161,5946024,9970460,
1150542,102954,260696,151137,7662450,7000218,11606800,
374769,31989,50884,29993,6196147,5387170,9167420,
3477344,271599,412692,227517,31627421,26260446,43578260,
7216,1139,6165,4080,32747,125992,209980,
571192,61695,220253,130456,2144424,3106280,5177160,
1558772,129470,272905,148818,11425237,9236959,15395100,
0,0,0,0,0,0,0,
3210371,271731,449046,261708,27154611,23919298,39865340,
518640,47303,90383,50493,5435764,4552494,7769300,
3752191,283926,287853,142132,36352339,30936011,51416880,
3318183,256891,287787,150328,32368454,25090809,41783100,
1184559,83914,52750,31728,11326630,7007386,11670060,
2636601,214718,424039,266632,25849138,22214579,37072200,
2717941,194825,128595,52794,25738816,15952190,26564480,
3529094,270934,372639,236807,34800541,32366079,54039200,
3135576,251646,377461,199160,26885632,24026560,39949800,
16283,2576,12889,9591,75182,453926,789860,
4122774,324733,450846,251743,39962548,30934869,51537200,
349552,28106,37748,30049,3049222,2419566,4024860,
477852,56974,223259,150319,1831264,3376477,5661500,
2955871,236871,342662,186928,27998488,25639047,42697740,
0,0,0,0,0,0,0,
897927,100014,379079,232626,3450659,5566717,9278480,
2113471,155310,168873,103352,22103562,19365340,32425820,
3286709,255324,220866,130526,29780293,28559266,47461720,
3988390,326729,662322,383986,36003915,35644554,59373560,
356092,23029,58152,53659,3032790,2933137,4922500,
2346470,181482,455815,322811,20208925,18270702,30451380,
3475889,239201,816484,644368,28549277,33985866,56642600,
448843,35702,78203,61247,3389797,2960724,4935680,
804637,78673,248655,137130,3883677,4558051,7562680,
456373,32440,21121,15275,4379267,2739594,4566100,
1692315,148427,304019,197584,16150471,17043491,28661440,
1973340,163066,289694,188600,15529304,15717522,25931780,
338613,24203,188282,173295,1181869,4651170,7758840,
3403931,281488,592442,363716,26778514,23804378,39723220,
2009336,139363,83745,55573,20094351,12887894,21451220,
2517888,211394,328210,212553,21387342,19633871,32723220,
1431581,107310,603682,503941,6589767,15079350,25145220,
739491,42192,148708,129327,6883783,6731440,11172100,
1115837,109381,402714,168362,4503290,7415333,11178280,
807501,64915,194016,27221,5065122,5641406,8053280,
2011014,170241,425935,179373,14223625,13968151,19953500,
3797981,312081,554330,236406,32950368,30108739,42016200,
5891444,448303,602193,294277,55669851,52959711,72973180,
7828342,622535,738070,378775,71655591,69604056,95179400,
1918714,140266,172185,128279,20697326,15664551,25791560,
4352457,320896,671463,234635,34120892,28048469,34681960,
5092283,397787,425249,231027,49672178,41824203,46890040,
4240028,325743,266740,138535,42315346,34544422,56112300,
1440438,127057,315891,183982,9307158,8884982,14712840,
387889,51943,97789,82750,1554007,3815044,6358380,
5639219,431926,430611,194714,56798459,44826778,74780620,
1997757,158548,199920,108893,16793411,13078050,21712540,
1508072,106789,120130,82755,16523343,13008139,21741560,
4118721,357791,684762,365838,32976010,29699877,49438460,
2205985,166659,127202,59601,24108359,19519866,31524820,
6212617,453811,378769,179782,58101698,42766820,68428640,
398041,41662,145782,78202,1540648,2201897,3669900,
0,0,0,0,0,0,0,
3494929,274366,414963,241538,31578242,22862449,38104240,
4414121,320391,203976,103884,46011929,34420432,57477500,
4240190,324634,309451,152577,40480615,32391027,53899760,
1782019,146800,225310,118798,16256352,14703987,24546660,
3608630,266685,146729,77268,35412224,31017242,51654720,
4311452,363557,591589,316368,37886137,38592252,64339760,
5995457,443481,281903,139571,61690942,47719443,79520520,
1329336,104954,173205,101428,10263805,7582299,12569540,
1938468,152744,222942,115399,16535058,11593236,19321980,
56817,5854,882,582,303587,168373,280620,
4897232,390834,519947,249336,48268261,38951622,65044300,
4024881,283388,180273,89909,41345911,29799213,49541080,
6360374,489303,422558,196148,66436430,56750360,90173880,
8863474,676386,531347,262226,88139660,76004688,108624720,
6630733,481514,293759,126730,66540469,50556845,72228260,
9404829,745690,810963,386372,88793436,78694666,112403200,
5865887,411890,190623,79359,55790753,38506685,54815960,
693767,62615,155267,86835,4374527,3966785,6221100,
410875,42347,155242,94653,1599558,2501163,3612040,
256,58,323,253,1124,13635,20620,
4727399,393774,583554,278375,51868090,51134477,79953280,
3056053,226656,61124,33280,29534498,29165007,48527400,
3006542,229526,233544,133272,27001319,22789737,37800680,
1982676,116015,772187,635760,13274884,26732365,42192120,
2265204,104274,735631,664426,16878112,29870652,46701500,
1219205,125134,436280,243064,4882452,6694259,11090800,
1178095,81883,48520,32795,11132579,6764666,10823300,
452195,37116,221248,163768,1650237,4700159,7867500,
1639751,94140,861674,703883,9806025,22936634,38324220,
3276785,241927,139670,71469,32294310,25279100,41987440,
1097072,104107,304085,168253,5945895,6472485,10787600,
13427,1716,9409,7357,357217,452754,801480,
1330861,112278,230828,143817,10001935,7415263,12345680,
710962,77020,285989,161377,2772474,3970885,6584560,
952100,69703,70158,40982,10154257,7552323,12672180,
1890530,166676,525148,310290,10494601,12162100,20193440,
104051,1027,92178,85244,327920,2575645,4316080,
822002,74206,226646,148665,4856267,5806569,9643920,
474851,49670,185301,108554,1870842,2971923,4953260,
7016,757,4157,3864,27222,85415,142400,
776995,79481,287364,174656,3064850,4086659,6843460,
1496444,73799,477773,426035,12264381,17631738,29462820,
1957952,139391,81824,41671,18919064,14056869,23326660,
4268319,345120,488160,257894,39971018,33974480,56822200,
2176521,153476,69350,27848,20465183,15547247,25699320,
3228366,270967,495334,265799,25630436,22602768,37718620,
3944069,283414,194055,80369,42126909,30127531,50171140,
628,112,740,1501,6484,45234,86380,
5021457,402814,529279,275266,45947281,39999370,66777260,
842782,71173,104705,65114,7956712,6878476,11464500,
2378584,191959,326176,178311,20577652,16209810,26910400,
795628,61291,91629,55173,6454750,4900856,8121360,
265,61,322,130,2463,29114,50540,
5844110,458303,530228,267500,54075361,45628420,76047360,
19515,2769,8117,6898,125509,306480,544900,
1177865,124840,436079,242941,4538333,6674844,11090740,
1739167,133605,135701,66213,20115453,16780622,28108480,
1609679,109138,34016,16159,15274850,11120268,18393560,
1725501,151357,342590,185599,12378080,11267825,18779580,
3301983,241875,155618,79466,35425481,27885580,46476020,
1956293,172266,340392,190992,17297088,17191785,28766820,
2582806,192627,148994,73829,26077973,21713457,36164220,
6632941,485791,305097,161255,65843871,51546186,85842280,
6609328,509895,567334,294396,64588524,50579572,84392260,
7441726,531412,344606,139369,79542395,56500473,94337800,
9071484,686076,626407,283883,84172643,61665422,102625380,
5366286,388167,299624,151033,49287879,31680490,50331000,
9303946,668592,433117,171268,98003566,70189199,81754820,
2238351,180196,333569,183740,16683796,12971477,19298800,
57833,5938,1619,1286,308370,196054,301640,
466133,51343,176766,124263,1876255,3182435,5324160,
403889,41332,144405,76589,1543613,2060031,3399540,
27353,4697,26560,20293,110997,734877,1224740,
1235314,88678,644185,494814,4447470,13646561,22744300,
217026,2697,179381,167392,669643,4183036,6971720,
4375095,367982,1123009,328556,22859199,22450908,37588340,
7338997,493217,543970,141997,26377972,19159349,31796100,
7903285,360523,318346,167458,37107033,23619836,39366440,
7434567,637015,652073,339820,32325674,22584794,37634580,
5948601,362263,146546,32399,27195758,15320957,25534860,
6830159,421532,233319,86954,33568445,21445387,36100600,
9150038,665703,644182,312907,53207079,40062402,65123780,
12401489,1082090,583441,247405,101829889,86104289,131601780,
12722738,1163372,802952,396745,85610605,73618157,92744340,
10923382,780125,323479,133278,58892986,38938693,44592060,
13222892,919044,677555,352040,76777592,56354968,63166540,
14563407,990260,882084,460665,84865444,65466479,69680960,
12779758,959591,450888,231389,69888604,48600721,49430080,
15331551,1337233,947107,493260,96283309,75667034,73030320,
15290616,1110229,549574,264169,83243942,49636768,47333100,
14991704,1122135,539646,256413,84585447,55028673,52173680,
14856325,1231950,891139,394517,84849980,64077015,60988200,
5104748,557147,249260,70906,24145274,14993088,23534680,
7393565,717537,498604,232465,41429052,30082513,50088000,
6344092,664340,431732,161010,39953693,29600602,49185300,
5104269,581964,535478,177221,25945633,19331626,32228960,
5548650,634231,732031,333606,31998681,25539392,42771180,
8182149,755641,534781,212239,62522707,46870852,77932700,
5691975,624242,687652,269105,30820936,23816459,39572760,
9098457,825610,590596,243636,77080999,67248369,103489560,
8113067,790627,567353,202234,61731424,53333277,76558900,
9323654,913626,867286,344013,67565004,60270175,84518240,
11381617,1671760,978413,497619,66562909,61934458,86667640,
15779557,2517834,1467403,775881,87406001,81278764,110991620,
20268983,2775844,1240653,595346,154513148,154511162,157717920,
17680916,1652612,975083,541263,105070317,77465825,82935840,
7829917,626167,657241,382121,60530642,45125099,43665480,
4678685,337830,227213,99032,50065467,36918213,36131240,
10216571,772046,743034,364161,96257015,81193728,80468120,
5785090,442295,340237,160802,59571422,51215511,48892100,
4380553,326141,194139,91079,47287276,42518689,41514180,
7896219,594891,603612,299189,73754018,60239838,58748580,
13056792,1171659,787127,240072,101146960,74237996,73437140,
10985798,1111776,682655,276062,49980932,33604833,31941620,
8889931,884726,804796,314079,61080710,55508400,52651400,
9461724,1072736,1156156,447303,48864844,45848741,43151260,
9705075,1108402,1076776,400998,51403463,40950340,38314580,
7328999,847271,652981,220084,39078597,30079282,30915900,
8067207,786538,754929,347644,58882823,49521253,58113320,
2990448,215333,160506,82975,28943672,19325046,23935860,
2995,506,2916,1992,15694,66335,69820,
794403,80914,291593,180890,3077498,4411461,7352340,
463116,39297,62634,43879,5381013,4807980,8077880,
1784577,148214,294962,170681,13123730,12436386,20642000,
51802,4984,17958,6107,219644,313982,523280,
699572,63282,160519,101101,4402087,3982515,6637480,
1603349,135386,391589,254804,10619081,11677908,19599200,
1671455,122541,83140,43277,17566254,15733407,26073820,
4288368,330413,421017,226942,38608510,29343957,48916340,
1557072,113283,91293,44997,15705222,11439793,19061940,
669962,50259,37661,25459,6782704,4367063,7284800,
1769531,142232,402146,244961,12711908,16340515,27234160,
3717283,350983,384968,122661,27133327,22050776,27754240,
8062655,862520,313134,118899,38799794,24187070,39125820,
6794608,729315,733055,289659,34293685,24851939,38691080,
8682376,893754,942284,320430,57938771,52397603,61819000,
10147507,1045554,1221236,467074,63621797,59778226,70122020,
6279555,728114,670089,145788,32028581,24343841,32133020,
7068297,761134,806986,240443,42891561,38447893,51332900,
11253745,1070213,1028329,413193,84253342,71758579,89944640,
3544936,392221,321129,111179,17955074,13207521,17247280,
3392532,280492,513671,223158,25173110,23087253,32166720,
1945081,144169,349427,68115,17070296,14290523,19229380,
3473192,286796,301407,153273,30818674,24852967,41501360,
7819016,757190,634197,246439,53116987,41636012,69379400,
2282390,172032,189208,106612,19677935,15093493,25088900,
967906,103148,381391,217121,3721168,5075046,8458540,
590,98,566,491,2740,28355,47260,
4144160,329701,375111,186993,43153044,39200082,63132640,
8034568,616586,528408,258233,78187611,67961370,104535680,
7812256,560942,269131,119150,75021203,56448372,86869040,
5682720,444962,484061,237244,52854213,44834145,69380700,
8306315,654974,596031,196283,86138763,71997093,107599980,
9709126,899042,438802,160851,68077855,46788778,67163480,
11521390,1128742,757722,305810,72271484,55376457,70116180,
6343917,708928,646910,222786,36689061,28911107,38664520,
8816724,890798,839175,341677,57115534,44538468,55140780,
12583514,1156606,767634,285013,102932947,86940679,102253520,
9108132,884333,663506,243550,67692872,54123289,66278520,
6395197,710141,854913,383998,32897234,31947933,40740620,
3421535,387443,286853,81997,17420460,12013157,15417060,
3841311,326494,516515,254598,36354924,36019563,60157500,
2332883,153083,58144,26334,22842595,13682013,22473460,
83024,474,73863,70391,260474,2564660,4299880,
2322520,215648,554519,322816,15681212,14712343,24459700,
4579280,346859,337277,167045,44270911,33317656,55539440,
4351981,346506,446977,247937,38194616,31846798,53054120,
938314,68620,60755,37300,9833115,6520321,10972420,
6942256,497363,353946,158408,70643314,49829010,82943820,
3856030,330759,575641,319589,32576829,30635624,51059280,
3746462,271016,177632,83030,39392745,26291515,41268200,
6260376,495910,633724,342311,58563257,52198139,76202980,
1802907,132928,95693,48409,17902630,14137339,20512880,
6305310,654536,381195,136086,35873552,25131333,38151100,
6433989,718155,728967,262830,33619538,25402334,36289020,
4506666,513631,487014,167996,22645904,16762829,24619060,
2848993,249860,443834,231110,26761466,26771916,44815020,
6885947,497840,277455,128652,68164317,52421467,87215760,
4700056,322020,147615,92396,45061730,26155751,43605520,
5206675,412363,509899,249016,49368912,38165518,63653800,
6113134,474237,392709,178445,68485239,65316099,105854780,
7201084,571516,541907,283185,66825426,66976907,103035840,
6648878,498090,239629,130449,63096775,61692680,93468280,
5872983,412947,184260,109981,55847690,39035166,55643300,
8027784,629250,744103,339896,86107529,74964447,107015600,
8559771,632010,485903,221485,84365812,67961896,91771920,
6715794,492540,487038,239394,63470038,43833653,62430220,
5859698,409867,276218,171634,57028805,44840400,59680520,
2663017,187093,111277,72885,26638552,16491180,19528700,
2151903,183491,356531,214239,17313006,16638413,19818240,
776987,54216,29861,15900,6938190,4812620,6392100,
1038403,99219,284864,168483,5683994,5746000,9580840,
51936,5829,20790,6477,221558,417340,695560,
1378354,100105,82196,45692,14177735,9698976,16164840,
1807244,153324,328474,190724,13528295,11122259,18537240,
1333811,114940,236090,152479,10162931,7986285,13380000,
1734256,141636,261189,154689,14141241,11032092,18368780,
1589712,124836,188194,95928,14259859,9912821,16474440,
4578461,344876,236214,122030,46645661,37745944,62997320,
2252360,181228,334348,193444,16954886,13771054,22837380,
7378,898,3764,3072,28492,94515,157500,
1283231,104555,182480,104821,10039096,7375288,12333960,
397981,41139,142903,75601,1525249,2067262,3411460,
2428333,188610,191662,92720,30641409,27078838,45321420,
11667622,987646,920267,383260,98627515,80830115,124775900,
8096100,680173,612919,228873,67617181,48554258,74509740,
3685942,294585,377684,183524,37116299,30909382,47966860,
4719114,359934,299148,160376,45462424,37559159,57805000,
6528870,473263,265036,121583,64861468,50379413,67376300,
2743263,236318,460364,264363,21332540,21307945,28948020,
28261,4480,23812,14077,1047140,1330906,1932500,
6916664,517701,416872,223358,67785268,53953915,77647400,
727801,66484,171941,107720,4534157,4264373,6580640,
971,222,1301,1019,4417,58690,97800,
3615457,295238,445443,244120,33327011,28646116,47840000,
1535405,127944,245845,158010,11573618,8609485,14251740,
495797,49981,184625,114657,1961809,2868773,4804760,
2185586,169114,226488,132230,19983244,15707919,26200140,
2700347,200531,137442,66923,27992229,22169010,36909980,
4845579,375618,517157,268212,46655442,35456959,59174480,
1634011,116656,51714,23611,15623705,11686697,19404900,
397849,41861,144566,77522,1544540,2405158,4012640,
6922314,540715,519175,250427,70868436,62039623,100826300,
6156331,434014,204392,110582,59678319,41733278,68384700,
5374845,429086,528730,267910,52612900,44713802,69282720,
1619681,125136,181214,99087,12925157,10044947,15824940,
398453,40507,145151,85188,1556519,2116271,3399200,
699620,60683,160859,99686,4808344,4114573,6850500,
681349,53964,80275,55242,6118535,5061809,8472880,
1417275,153460,411268,237784,7624883,10866973,18066940,
1718133,122231,85814,44222,18166598,11495711,19221520,
520255,56687,162876,99718,2407100,3247160,5366040,
974868,83489,197536,126518,6987808,5826414,9765120,
580220,32093,164743,144762,3959681,6421212,10634440,
793722,81121,290171,178987,3074655,4377495,7295840,
1395081,113777,263459,179338,12134831,14394021,24071380,
557861,48776,135247,76946,3415338,3490876,5783280,
546837,53005,181994,97140,2097257,2726298,4509840,
1091083,78016,60786,38233,11423951,7365654,12343700,
2433255,199518,368349,223425,19309885,15075840,25058900,
2079108,149327,130885,78775,20425915,17090854,28518500,
525486,46167,80282,55410,3876682,3489630,5816560,
703980,73932,268250,156610,2725950,3975317,6591320,
176683,2365,153137,141125,551694,3945205,6575340,
2886833,231692,382775,228103,25263235,20661818,34435980,
82378,273,71849,67938,251719,2144019,3573320,
2312850,183531,254602,162483,20688061,16401846,27505880,
3880085,321936,479334,238992,35193965,31661958,52834860,
5565400,399501,237807,119140,57569175,42853717,71394880,
7023259,542966,599800,284509,67694624,54168778,90245340,
4996171,360914,220298,105236,50236852,35556939,59303380,
1837453,125067,47311,27739,17186437,12655427,20858840,
4982623,393866,502462,258680,46798371,39076286,65127340,
309913,23061,22977,15412,2890220,1954693,3257940,
798472,82177,288424,163116,3095882,4394712,7324480,
1856877,140699,118708,62934,20743236,16998011,28431280,
4505718,343270,296296,145526,41115189,32630008,54289620,
1139797,124246,480796,297168,4358756,6239077,10398500,
3722723,282827,221601,107729,40113003,35189358,57694600,
6543244,506274,514249,264948,60340813,52883023,82449340,
6283869,474220,349209,158110,66147265,58677056,97069060,
5644151,414764,217532,111149,55158935,46048513,76684320,
4719007,383662,496170,269580,45080297,44540633,65205020,
12476113,913046,553533,243433,127910717,105493932,100753060,
10777349,816210,687720,347540,102670349,90360665,86031860,
5202279,388053,198755,134303,49788806,51966661,49327460,
5544598,430558,322312,180568,50768188,51659724,48917760,
7351473,578563,559256,284027,70017589,63636998,63921880,
2705499,200995,162836,74493,29854110,23103697,22847440,
5828935,435079,473211,253350,55219068,40369677,38953800,
5981853,427982,326884,157148,65574443,45999277,46553840,
5185818,359330,204409,86439,53379135,33610609,33475780,
1114322,106948,319316,181716,6003180,6979128,10607640,
1817348,128355,88650,52835,19876592,12984658,15562000,
1054120,100004,293930,171944,6376260,6605541,9558140,
56366,6440,27354,10855,252919,596288,827420,
406921,41652,147742,91530,1585830,2188900,3648140,
5137425,423118,543976,277841,49935156,51543614,85967860,
1670948,117861,38256,22743,16127421,14316386,23799500,
1046328,102163,292609,173664,5754283,6161545,10285460,
1056641,102851,288381,161277,7602905,8425166,14081560,
1382755,100235,65462,39864,13684185,10355747,17198100,
2324312,205678,384424,206809,18176912,17567963,29316840,
3420977,260275,212332,91895,33460666,29638004,49442320,
6521801,481182,317864,145154,67799012,56655477,94489400,
7822825,599336,597571,281302,73697419,57316074,94844540,
1500831,120643,180105,103212,11967296,9415767,14990640,
968285,102962,388849,240538,3722826,5222416,8704040,
56421,8044,43132,28962,342936,1478127,2560400,
6939117,548614,579413,249446,71537432,66575434,105387120,
6304096,506858,610019,249583,56693978,54254259,83280100,
3023748,235846,325874,109657,30151485,25416098,39331640,
2306985,198020,487536,213576,14638670,15785051,24071120,
5450897,421714,420913,157129,55018092,49420044,70823640,
3279044,262766,310494,101041,30036549,24154433,34904300,
9818406,762689,790330,394187,90298893,76914908,103268980,
5472370,406127,409639,209422,55023600,40816876,54236820,
11639777,899944,1150377,383119,107654714,90132673,111577040,
3980524,282954,164159,70822,40742715,29172918,35205820,
1810032,131054,99998,56768,18717339,13589037,15291120,
802381,83039,290632,176880,3086075,4983521,7278940,
2104732,152920,104838,59250,21788381,14237405,23695100,
828784,86544,319346,196202,3232475,5152758,8587900,
602838,42329,28610,16774,6732257,4160162,6933500,
8893,1607,9842,6526,102641,232251,420800,
785813,80115,278259,157936,2970994,3975521,6592240,
463549,50518,161607,96339,1859796,2765850,4609700,
1015763,98116,307330,180606,5956737,6086766,10178300,
577303,46119,49070,33613,5680886,4226927,7189100,
1599298,111815,60880,39248,16067539,11369658,18842880,
3559670,285102,413232,211000,30133964,25222100,41955160,
0,0,0,0,0,0,0,
2244335,183258,342812,192735,19196208,14876644,24794420,
52990,5108,19505,7562,232239,386769,644600,
0,0,0,0,0,0,0,
1104237,104629,317413,198676,6289255,6345541,10576040,
1645823,129861,204485,117859,14691716,10521776,17598100,
907255,84823,255942,144917,4843039,5316529,8846320,
444846,35810,69724,40266,4018243,3395499,5700600,
1473033,102765,60507,31265,14306247,9377332,15547480,
794941,82102,284089,151555,3081852,4159225,6965440,
1555185,110489,68799,45209,16183360,9789964,16316820,
812471,78820,245435,148243,4323027,5058442,8424580,
527119,43078,82822,37567,4186370,3156363,5226800,
348959,27572,32677,21381,4239538,3059539,5104420,
1382778,123770,311034,176527,8722750,7670690,12784680,
589488,65145,249352,149214,2264845,3335593,5559280,
458155,46065,156580,86820,1802264,2377422,3995800,
638622,59668,152339,80152,4855108,4112868,6821320,
295281,21145,12957,10697,2827049,1718487,2853920,
1100767,105165,311698,174174,5961503,6393081,10655000,
934300,67505,70613,47013,10225322,6986834,11644680,
1030638,83977,203930,128693,7553658,7706418,12878100,
1196456,88062,318969,224936,8647095,10389941,17282780,
302079,20895,14738,9122,3391306,2077455,3462500,
1186600,105142,380146,241938,6223232,8537823,14229600,
1008505,84503,174550,108525,7287380,5894132,9823600,
2295606,177566,236102,132998,20782394,14505845,24216740,
576353,58216,157620,81475,3188704,4107178,6805040,
37340,4930,14809,11239,174608,386914,644820,
857404,83611,336526,221754,3832239,6370286,10672020,
4812205,363317,201769,115646,47201488,43712522,72882020,
520865,47010,124671,72430,2915482,3150671,5218940,
645139,52497,323495,223970,2376004,6646788,11030000,
0,0,0,0,0,0,0,
877959,81056,360931,237232,3331951,5893876,9823180,
410399,42584,146529,84070,1601818,2203995,3673360,
3837498,328389,838403,112686,20938535,16283768,27222840,
6731504,473929,661244,148037,24791387,20425012,34032760,
7184765,618468,357610,205400,31535869,18671919,31079920,
8024879,555854,534050,250786,34002133,21838920,36412240,
7632628,563174,271029,106457,41752462,28318713,47167880,
7260217,529006,270803,109401,31051372,16799328,28046300,
8425947,579072,512124,216239,36960706,23126378,36879220,
8323590,600874,288977,112943,38158128,21589415,30628980,
10289216,770685,656468,315396,46646946,31969481,40987460,
11097361,743464,613760,319994,53135759,40316007,48788860,
13600005,1007422,570257,262592,75685505,47272480,51159840,
12289522,905025,854688,416839,53114796,35243627,36656380,
17218761,1194089,711137,342314,106838402,74773438,74228500,
17504658,1486430,946883,464293,112489658,89470068,85058060,
17507908,1506324,745499,365298,123502485,100136002,95305020,
13943143,1051581,517545,256824,61674349,31275859,29515220,
9951848,934675,1117950,522759,51556693,41177636,46572460,
9679409,896249,313634,84129,65904123,45017939,61992660,
6805691,635684,481440,225731,32237375,21108751,34177000,
7022692,721524,741614,295202,46053350,38863209,52598500,
10804795,1007466,699046,257951,88484939,71198695,89896620,
10679872,990677,875805,374429,83950534,79765325,122566940,
10334417,942156,627087,224823,83737468,73524399,105395620,
11176444,1185176,1042406,468921,71862226,67191661,86012880,
12023715,1087812,919928,392104,102111025,91236824,108653560,
15431030,1338157,894147,366031,128127691,100978218,118743080,
6753732,569185,671428,337367,55582512,44625121,60626940,
0,0,0,0,0,0,0,
1855467,161124,329033,199591,14729133,12923245,19004600,
1978819,168098,349448,185741,16017179,13640500,19854140,
1465607,105296,68915,46579,14599115,9983474,16198800,
1026534,95809,299840,174791,5198125,6205760,10013400,
592595,48871,40179,24112,6591569,6324923,10733160,
2071149,164215,282993,166518,17076870,13404239,22188860,
200409,17682,52561,18809,813590,957842,1562400,
588291,42101,25448,19107,5656250,3548582,5964900,
5702207,505859,739197,329141,44158873,36502035,57745300,
10014900,965076,522345,173715,71001854,56431738,80469240,
11418199,1031230,748165,391996,78555651,65860018,88986480,
6557038,752927,693777,242219,33473424,24321504,35834320,
5076282,578735,401545,89306,26239546,17196421,26455920,
11040403,1039142,1044981,467829,92553665,84516969,128742360,
6770331,693619,459727,135747,43076085,30310588,43133040,
7316534,762065,650561,260891,51095015,38052472,58552940,
5812970,637122,640521,254157,32281670,22734991,37487620,
5021672,574713,411293,99981,25973376,17380154,27070900,
1243875,131825,415903,250759,4850749,6761945,11139280,
2781263,198327,126477,67783,28247638,18514399,30938200,
5724508,442133,404165,197836,57426382,48384303,80786800,
6640214,527603,601408,301589,63532132,56914126,94194660,
7801897,577504,385272,164772,78984899,67139953,102504260,
8009707,591724,545537,283005,72369008,51198205,61758120,
6283095,437297,221763,118723,60075029,36048870,45942320,
5758499,430175,400147,202395,59500120,42962059,54503440,
8545770,635251,463919,199264,84834951,67186124,84838440,
2627691,177731,78513,37112,25471676,15487236,18814680,
6204023,500115,711783,303416,63785213,53318067,76942200,
11876167,1068349,780532,225080,96116089,78326963,87417480,
9487683,886717,314421,122013,56361316,38650972,49491480,
6174373,702527,768209,288135,30000252,23466779,34435200,
4695035,543718,385411,111832,25610701,17622296,28976000,
5754160,636901,722300,293582,30055290,24098675,40177720,
5030554,579080,456465,139912,26134542,18405981,29186780,
5705561,637131,465201,127059,30782090,20773199,29977020,
6611354,749078,739859,254509,33389991,25246389,33030840,
2510729,283661,215786,92236,14049076,10279844,13463080,
928957,90583,332247,198669,4879727,7788752,13039200,
211193,12808,3560,1280,1924082,1608338,2238820,
3152871,305890,226265,76053,18017539,11537365,19416280,
3461589,362580,547239,242828,16683369,13662446,22578340,
1829687,134527,94814,51005,18866975,14171718,23619700,
838874,88668,323458,188326,3783758,5608633,9489300,
2037707,139703,78713,45889,19499788,12419912,20527340,
534466,1238,465270,434902,1619630,11635204,19425940,
1552530,80578,952384,774218,5361080,20371471,33952560,
761640,3148,665048,618541,2310625,15657349,26098440,
1130977,81641,578735,438719,4080642,10862889,18071000,
3481195,355602,514789,128772,22557640,17804583,29944800,
12836410,1187063,601399,120021,69374223,48279589,80242900,
13478980,1054555,994998,443840,56752663,37213465,62035500,
8624606,784353,543417,203963,53668539,37460273,62433440,
5384102,608880,642804,230615,26875252,20774389,34646740,
4838906,541028,381286,99301,26291794,17518992,29185820,
5663170,597217,432847,132118,36640261,26981874,45063680,
5992510,668191,709496,294022,34431926,30501894,50745660,
4662197,534781,373077,86599,24127585,15912774,26521300,
6769230,684182,724242,317370,47145757,40802491,67996680,
83542,10063,38690,16633,319433,730810,1184280,
298225,21941,16100,11862,2841446,1817795,3029480,
1203534,122284,430011,239102,4678947,6282273,10470480,
0,0,0,0,0,0,0,
641560,69804,253321,150745,2512177,3566267,5977620,
171013,15903,53267,20599,650033,1043542,1705480,
2963547,216182,133370,63442,29683608,23077444,38474820,
3823520,308667,432757,215041,33711157,29329942,48863700,
3136,527,2995,2982,62985,136878,272560,
711385,68336,159944,92753,4391385,4110633,6808340,
2775398,271500,420158,160392,16886573,13335781,20962120,
7957059,862765,399645,72142,35861678,22246019,31755960,
9656535,925865,1134293,412560,58324313,51506238,73613860,
6138509,682578,626769,129513,31869778,23584770,33671680,
7168614,758051,795404,255016,44169292,38665675,55339820,
6607458,733220,764254,267804,35982643,28981494,43091300,
5769094,626341,447916,124100,33608854,24339153,38817840,
5258691,591220,661533,272555,26210996,20745228,33718400,
6469221,679074,771146,143385,32856505,24166398,36852520,
447316,57329,173486,103622,1825919,3516355,5676600,
3110267,240267,276468,159608,29045128,24204634,40253720,
4651,933,5796,4055,23130,185312,301360,
1202812,122232,435746,259563,4675269,6466021,10776620,
2156854,149843,161341,118678,21461959,17701207,29502160,
2389225,190350,199703,116318,22534986,19860835,33186960,
2283698,179135,385610,229640,20168832,20104971,33478540,
1886176,132773,61677,27301,18049718,13333802,22161540,
794149,81892,285227,157447,3076714,4448357,7413840,
1614734,129238,130514,68760,17701264,16164885,27055000,
1762789,116386,120253,92335,16270966,13717884,22769720,
3052829,277136,583535,287571,25174244,23064702,38638820,
7333723,706026,345344,101730,46373943,33286019,55276240,
6734264,707215,727915,332524,34968348,27888618,46795680,
6746491,691971,639559,262320,43165866,37056724,61460200,
4691849,538513,423762,124799,24350527,17448955,29125720,
7505203,779668,851236,378743,51286403,49914222,78703860,
6276010,638945,507030,192043,39557396,29985882,46997400,
5180169,604135,590402,221780,26031308,20117146,32246620,
2174137,220339,241322,119178,13902706,12046691,19283340,
29455,4934,28552,13930,118306,755172,1258640,
975386,103326,382309,211608,4626222,6124918,10246800,
4133601,298065,165742,86200,41089557,30473863,50756120,
10309256,963973,1051772,427989,77207688,71795237,116361820,
7170357,662322,557334,156973,58504470,54709747,88248060,
6395844,479535,276099,131426,64697307,57861076,91249220,
3885938,321492,395603,211778,32661642,33600343,54534020,
3120596,235690,101844,57735,30055964,29049633,46484220,
5781423,461754,480292,236476,61793379,59418353,83927840,
9643156,729699,616378,263661,99777990,82845115,108410240,
10241677,770158,563925,244433,100873177,83269767,101858220,
10360327,806061,747070,397325,99029544,87542072,96275520,
8605399,646962,345964,167326,86802421,81676569,86302000,
3915383,305450,360732,198876,33106474,30788702,34953460,
3081378,231923,267435,133882,29616611,20538585,21407680,
294273,21047,14157,12158,2929761,1820761,2119540,
795175,82360,286971,160070,3081750,4422448,6963580,
61875,6634,4452,3201,326228,350213,346360,
352394,37356,133610,79777,1435061,1944521,3282500,
1894356,150392,218959,127117,15836764,12999565,19282880,
32574,3424,12858,8376,567666,594751,901640,
4198520,338656,477910,252398,38878661,32718245,48641380,
1666110,111569,51178,26710,16638640,10819887,17472720,
2996853,249233,469205,268044,24981941,19653096,32788100,
479971,49203,171735,86334,1865911,2609347,4315400,
4289466,313890,217219,100996,42289427,29474856,49223860,
6638591,524995,598097,294625,63426897,55555983,92616060,
2945409,208944,88515,52110,28199926,21073159,34999360,
401221,32086,44407,36321,3262584,2388090,4028360,
692680,72067,259192,132049,2660774,3820809,6320800,
1191228,87933,47588,28128,12081803,9697925,16163340,
800446,82125,288301,158607,3102478,4223446,7039060,
353023,27956,35184,26450,3692848,2675923,4509460,
1907442,154865,230069,135238,18166353,17491551,29216400,
5261022,425559,573713,290936,49257853,38491151,64149960,
781169,52710,31722,13988,7034332,4409272,7225180,
1091018,102469,298411,169536,6127002,6255859,10426520,
2074171,147444,94528,46165,21025143,13371587,22286160,
3719778,269578,226485,116185,37293753,25043194,41772320,
5204539,406937,475572,242079,48684057,39357092,65850040,
5027792,362103,215974,109750,53469858,39778407,59568660,
1851022,162078,408414,236903,11873131,11198211,17040020,
895066,63756,42249,32150,8524513,5298570,8830940,
1624377,140519,236730,126822,15384118,16286238,27340640,
4346708,345828,431515,224753,38857827,35676267,59265000,
305233,21896,19612,12034,3452582,2257286,3762140,
808129,83639,295973,162123,3142031,4428921,7381540,
877242,72914,96707,49795,10802932,9840175,16553580,
7622703,541649,305860,139673,75150984,53887436,87667700,
5950364,462825,590161,284386,60344004,47956436,77407080,
8073658,582042,323083,136043,80223724,61456678,97497620,
7746214,597750,613609,289170,77290279,66656770,88555300,
1763482,118553,41560,14731,16783324,9496288,11810080,
1867305,150209,225442,119876,17731845,13277237,17869600,
1405785,121263,302822,159982,8614514,8195592,11645320,
88884,12251,54865,37942,462056,1721034,2917420,
2430882,216121,449656,260443,18617550,16646266,27730840,
1893084,133786,104498,64997,19204014,12113369,19491600,
612762,44852,38516,26045,5843289,3859967,6092720,
800450,82160,290897,167944,3103675,4443770,7406240,
1527153,109640,73226,43187,14921803,9476709,15794400,
796393,81953,298424,208168,3088530,4470654,7454240,
899092,65201,48428,31195,9344278,6682077,11127200,
1306771,105744,187837,117398,11188889,8193561,13655640,
3624265,283067,418697,249641,31947997,22920667,38200900,
141926,9809,9049,5126,1373013,910441,1517400,
1091984,103310,306056,178258,5917792,6060428,10100480,
891977,63490,41334,28211,8900982,5516612,9194260,
8944,1273,6321,3975,322087,408171,756820,
4329184,346304,444305,238163,37800158,28884054,48092120,
4285418,313790,181579,78838,43071492,33567134,54394920,
2961588,254753,524947,318590,22434534,19905184,31676340,
118398,11132,40547,12055,466697,653711,1032260,
416182,42123,153010,94513,1625277,2306941,3891960,
3219689,262702,407811,210340,27865321,23261815,38719700,
9094,1302,7096,4620,37206,177507,295820,
6303598,498248,558219,290029,58833647,48626941,81156480,
5651569,415848,307012,136344,55359275,40746455,67842360,
1550361,111742,74778,38539,16339494,12953289,21542020,
3158314,264368,408041,209479,25923700,23042672,38404400,
587155,44582,23274,13697,6216757,6105464,10175740,
3731670,291105,409426,225724,33535529,25146663,41910920,
3021412,218873,155302,70309,29994712,20004008,33339920,
462930,48466,157977,86670,2180021,2900636,4835480,
2221288,179593,341264,193047,17060524,12700417,21159000,
29257,3569,6897,5748,118343,301937,503120,
1572442,145389,338886,208072,12771612,11337667,18929980,
297391,26548,87367,36370,1381177,1710741,2817200,
2412398,173089,113216,62046,24586662,16890975,28145200,
5641373,442767,530703,275426,51870351,42488991,68953100,
3806922,271400,135741,58337,38558765,26941481,43956740,
6327486,490724,489078,228722,68099689,57924796,96019240,
8828550,658636,437839,222738,82588876,64691858,99313880,
4753877,353715,312044,150268,43034374,30959829,47686760,
3121760,268961,504018,270825,32786598,31867656,47165780,
7910669,573997,376038,143416,81186209,62470217,91251580,
5713769,403682,307985,170740,52811766,33859250,53333260,
402193,40869,147724,90191,1543940,2112085,3519140,
307399,21915,19796,14112,3380636,2239039,3731820,
1329206,120264,315276,194850,8564114,7834813,13126500,
1859502,135181,106591,73480,18004323,11826869,19643540,
252480,28685,107180,70491,999925,1674604,2824760,
1823643,150060,273873,152364,16674792,14034082,23481520,
1394703,97761,311148,225682,9608981,11467149,18987180,
794546,80669,288055,168167,3078367,4058862,6764780,
387060,33085,40851,31048,3262134,2635966,4393380,
1053725,81484,110318,77180,9521347,6379044,10689300,
2894829,237393,411451,245884,24112356,19709599,32792140,
1366423,105607,70682,39716,14303762,13330876,22258880,
2318335,194600,345674,197152,18346750,15636330,26027020,
2086019,156632,164207,82257,20191770,14608249,24360020,
95102,9197,25894,17646,371591,581707,994860,
1839324,161788,355163,183978,15704384,13485123,22637300,
4489280,314846,437481,299166,40717480,35130920,58347220,
4372651,358455,474917,255177,39115032,34471744,57506280,
6470621,479833,320833,159438,64113971,51439339,85746640,
3259411,250029,233126,110071,34986920,27664064,44759800,
6419975,494887,533201,262563,60042493,48141109,74375420,
1584416,108574,57500,33110,15036984,9240168,14424240,
796418,82176,286253,162224,3088342,4444486,7407400,
2379508,165869,101906,55749,25278939,16561611,27188700,
268877,23347,35406,26045,2477465,2210644,3752020,
1213217,113732,315764,186142,6910304,6934957,11524040,
2457353,188661,241483,149152,22597486,17611298,29318720,
3029509,264070,462157,267608,27029600,27405090,45755340,
652258,47524,53007,26649,5992339,3980559,6552860,
255852,25420,106420,30928,1163796,2963313,4606680,
3400724,301280,760420,357403,26239634,30710927,47314400,
1841220,160154,610567,335424,9644488,14231406,21676200,
2067225,203206,614194,341944,8088119,12985991,19885020,
1560312,128908,289157,78638,13479229,13159790,18941220,
7657612,562394,410488,152256,72221937,51739947,71797120,
4468076,349089,454030,251656,39744187,37366738,52663840,
3627785,275634,277321,143578,34519416,28286437,39008280,
4829943,377121,778225,273870,38767803,36863196,59781640,
1270415,105630,134231,66001,10574872,8322150,13346160,
264242,16533,6403,2571,2457492,1357749,2229080,
4447066,364200,474219,236499,40981998,35429866,59049780,
0,0,0,0,0,0,0,
1158610,102785,248196,154515,7872668,6733555,11269440,
232592,22555,70683,29506,886764,1148452,1867300,
899754,67213,74270,36562,13116703,10614794,17791840,
3275445,274051,518110,299443,28373628,24259889,40535620,
4746150,360612,329465,162903,45595043,37228577,62007480,
7028993,538634,478873,226751,69874894,59161639,98546900,
7868358,591039,456482,213062,75267143,61119269,97205480,
6076287,430400,241384,110477,61389803,42077839,69874140,
6428320,478136,497064,262632,59154754,41395795,61671620,
643301,48356,53801,28765,8096918,6548213,7978700,
5504148,410718,401229,220459,53535138,40147512,56837600,
528541,59566,207526,103028,2017663,3642829,4664080,
189531,16564,23780,19805,2112480,1699031,2874060,
1240284,112585,309177,187350,7899961,7276092,12066840,
545226,53850,123249,79554,3985737,4926414,8345460,
3000732,239500,306485,169902,26301494,21824499,36332620,
3151035,242418,263397,131768,29494374,26024281,43336860,
2504798,183706,113139,66523,24798156,19120216,31884780,
2589332,216425,367428,211590,20432945,20747314,34499260,
1797497,127802,82411,42108,18562014,11633736,19389460,
795473,77114,199190,105371,8283517,9010896,15271320,
2800574,217119,243793,123512,23606681,18153721,30038540,
2046658,157871,134110,64892,21838158,16267465,27207940,
1212653,107857,298422,175603,6827930,7117038,11766520,
1835863,141878,200426,125108,15519027,10695522,17825740,
2179238,176287,217010,113945,19872216,19395526,32326140,
1341516,118634,216135,125235,10277069,9315920,15526360,
7170,925,5056,4224,28260,103532,172580,
2681016,230881,495319,285716,22591898,18490934,31028340,
2493858,172760,95961,50569,23194200,15058905,24902080,
346321,36805,127580,71329,1317959,2037425,3395720,
814170,74272,192660,110919,5274232,4823431,8039060,
92565,13702,31018,18097,414443,712244,1187120,
795241,80623,287992,170767,3081957,4130607,6884320,
354701,36439,126646,72248,1357765,1787446,2979040,
395208,41618,146036,81499,1547061,2176786,3627960,
2247349,199668,571270,179160,11716105,11500126,19200660,
6415559,519086,524685,105159,26492996,18499914,30826780,
10125750,712390,637468,297096,58424489,45053473,75088860,
7787994,499915,259724,111442,38068322,22758785,37931200,
6595210,278164,160140,25386,26259367,14492328,24147020,
7798234,526712,592879,275543,33678737,22761340,38065240,
8634216,525036,282069,85293,50826369,33318119,51763160,
10125623,739609,629553,298219,56641004,44957835,64900800,
10713832,832880,428997,191179,65037208,49100321,63509820,
14238116,1020069,672404,305139,90531847,63551146,77586720,
13222001,1647728,1495848,594135,69456746,71707387,88839220,
10150634,1058617,334188,129527,60581443,47001553,65920060,
8391911,818526,821141,342478,52290130,42136054,59703340,
6001614,613251,443763,153441,41262632,33458722,48496020,
6254640,625800,443071,141796,42753173,31482586,43569320,
7704569,764851,776277,334612,53029821,44427739,64313340,
8272946,787257,582521,215310,65502454,50118072,69100880,
7737978,782577,798033,344865,54253429,48282814,69007280,
10028048,936462,649261,244976,76573418,63652179,80911240,
5799712,655038,522200,144195,30513641,22184394,27850460,
3092387,254810,404803,231187,25388337,24770123,34095840,
1203716,86528,67898,39654,11906086,7652437,12586700,
3479949,294579,427497,227956,31640328,29024418,48099120,
5876180,433459,288459,136941,57935783,47610450,72231920,
5862627,430411,236640,96108,58862948,50122859,69207340,
7465875,592408,627066,291654,69984370,65362819,86869700,
3994358,308503,154453,96396,37986853,37572732,46689560,
8139535,644541,686270,338787,85300684,80374374,94030240,
11457201,843943,548140,259485,113284150,93388331,103830300,
10691559,766126,706846,410290,101465476,81792438,91675420,
8377622,816422,771493,308088,54028276,39244415,42754540,
7164506,706014,173918,58659,32820677,16849538,23845840,
7846388,834801,722991,256618,49054994,36499547,44750880,
8024060,867504,720699,230754,47174380,33625709,37366160,
7459008,827450,594328,190997,44539454,32592424,36167060,
8092087,895329,899196,326890,43257729,35140655,39051600,
7254249,814864,565190,131398,39252178,25954465,28837280,
2996672,270524,301838,169579,25903877,24824306,38510320,
1514698,132779,303519,162489,11529300,9094325,15111560,
2946481,210529,409178,269542,25953198,25460608,42434480,
836792,88824,302952,164973,3277829,5039574,8399340,
1782924,136360,108671,54436,19971057,17097857,28250180,
3616658,268310,245402,129400,32500985,25190200,41475800,
1703708,144515,258537,134788,16056166,15787963,26252140,
2906904,211804,89471,52297,28050437,23294785,38824660,
795170,81529,295473,198768,3081118,4441414,7402480,
4396065,323469,198805,99255,45417526,36034656,60091800,
934827,76482,136952,81178,7128187,5434071,9023260,
528747,54170,197140,110849,2101829,3362997,5604960,
406655,42442,144071,76720,1585901,2173489,3622480,
2778732,296420,619443,292078,13698302,12209702,20349340,
5796108,635408,174815,35428,26135749,14178530,23630860,
11334859,930274,659993,176514,48965244,30637333,48580360,
13240598,1361988,1007386,302431,63952588,41353302,55104580,
13783813,1607229,840262,259646,67430716,42646484,56862640,
8412786,858660,892372,372599,56439197,46587065,62142060,
6231429,705139,472788,117531,34584210,22830841,30810500,
5597643,625032,450583,118079,30148539,20430941,29392060,
6069145,702810,664849,251478,30419636,22519485,34611040,
6828074,703724,687630,289771,44013373,36970226,52808060,
6214991,703609,879944,384740,31192782,30456785,38526620,
7644941,798489,666129,325849,53293957,46591594,55439700,
17382498,1791644,1265580,330660,116707881,97387016,114669700,
12660721,1194990,1093570,479688,102320714,97850161,112515400,
6784179,522452,364325,161388,68018617,54557871,74929580,
5922337,456527,548052,294748,51642820,41406118,60204080,
2355663,181765,168675,79847,27297926,24594238,33310400,
6026689,441359,231353,99293,61292091,53425950,75688700,
4114360,331311,478336,291716,34273086,30875114,50059560,
2763476,213433,247731,149155,25138890,22092406,36792580,
4735149,388745,526183,259337,46921849,41578862,59824160,
7862703,556199,423488,212376,79004857,58531793,83040840,
5580835,400941,193371,79872,53994180,42240449,55530840,
799218,83178,290196,170934,3103543,5118842,7604740,
3318779,243589,187461,99591,37261828,26160166,42165600,
2568099,202680,326250,190442,20132310,14311321,23576920,
356099,26978,34335,16551,3089615,2112870,3521380,
1135159,80504,53362,36204,12244559,7930313,11171340,
3515750,273888,409849,253176,29908248,21648787,29083260,
1298054,107733,200143,105689,10697566,8826911,12813460,
1182377,105951,339026,216302,7806884,9390584,13715540,
1962638,144107,102470,46841,19810081,14322557,19860680,
1042000,72082,44338,29761,9877488,6463664,10315860,
1266958,119000,318212,188625,8711154,9968672,16732620,
2197754,156727,80349,36686,21911100,16459220,27327740,
2878096,247532,434168,249649,24495633,23955979,39960700,
4360840,322108,239300,121149,43784382,34152821,56887480,
600197,43001,32617,17380,6214784,4017924,6696360,
5128076,427299,576327,310422,46015904,43054537,71758100,
706587,64375,161981,90799,4470108,4158192,6982940,
1438865,128384,266103,144036,13678714,13069793,20967380,
2666756,199852,200762,106915,23310935,18043536,29254700,
311558,21916,16868,10003,3968931,2457585,4095940,
795892,82341,290409,165074,3084967,4259349,7098840,
3298092,238872,163890,72110,34608250,24684169,41216640,
3329935,245269,258719,135412,29354952,19249765,32013700,
514885,53668,173851,98126,3388051,3901303,6632520,
7267630,531667,321329,142689,74882187,61371834,97985940,
3794007,301515,439457,236809,36014513,31384687,51377300,
4926131,374339,341610,177762,47796197,39765376,66367000,
6312558,497120,474773,225654,62793372,62347570,104051380,
4875424,377037,286331,177315,44727312,43717240,72663660,
2797079,207358,90969,55506,26923999,25916247,42621420,
2555570,213517,374403,211994,21190472,21123474,32846660,
7509125,571027,453090,194879,82651386,71277078,109634840,
8581374,638161,452449,205128,82303003,66502021,98553820,
9556831,704570,501074,205925,92620415,74289911,102771040,
6249452,464847,426566,138898,60469238,49710295,67658440,
5396156,445744,712994,292382,51078994,48833975,61730200,
4355590,339034,470642,187260,39524286,32391790,42663340,
2511628,200070,381181,167093,20163693,17063633,24854420,
3827263,301123,511348,268791,31594579,29607934,37529520,
1737553,121406,88271,49231,15448001,9697112,11818860,
1382193,124359,311805,175969,8721534,8380121,11338980,
1252273,82081,344732,44488,6163389,6343429,7048300,
437267,38150,202555,143544,1639767,4801686,7480760,
1038898,91254,185639,93862,8089447,8534729,13784260,
1697,331,1595,1228,7183,50569,84280,
1957543,169478,356146,211579,14371584,12739339,21314520,
3014611,227075,268713,150161,28772278,21984002,36722560,
1457172,109567,130889,83055,12808697,10817328,17890980,
3548797,300733,464692,251940,30983712,30759052,51209720,
2413136,180811,119713,63431,24020005,20162983,33604920,
1313112,133089,426953,250752,6789193,8015798,13359640,
12748,1731,7790,5915,51734,214548,357600,
281609,34690,120973,81713,2044468,3342387,5741340,
3091753,259212,408305,203802,27300707,23769103,39410720,
2967,544,4073,2758,15983,132287,220480,
1984892,168187,351285,215277,15171086,12284204,20494060,
1739086,138300,216407,128124,16404433,12272192,20665040,
2942137,212722,142937,83679,28918691,22297601,36988620,
2975730,255485,470866,256835,24515096,22434324,37356440,
296430,20939,12866,9519,3139224,1871131,3118660,
1092624,103711,305977,179057,5918835,6013008,10021640,
894579,66298,58953,29600,10209277,6833017,11461700,
848739,64879,88522,45862,6652654,4911881,8119220,
1298540,127609,420126,259453,7511513,8017353,13362520,
1764841,126462,87756,47988,17984573,12059929,20158180,
1114953,103394,304774,190189,5967918,6019882,10002600,
531992,53635,181612,109431,4331287,4744630,8034040,
3470718,246575,143751,64470,35290891,24345792,40427120,
796544,82120,291205,172561,3088841,4379511,7299100,
659209,48620,34097,25910,6806475,4276989,7128380,
3657357,306237,517027,290111,31282958,25021966,41746740,
2048066,143678,86372,47428,20465952,12864120,21370240,
1120886,79805,49837,34905,10982948,6950733,11648000,
1221770,114162,320925,186656,6984635,7520309,12558540,
897220,64306,62524,35416,11830984,8136187,13646980,
3445924,267524,399084,205388,29678099,21614455,35832960,
1299130,107267,188696,103740,10439371,8419648,14032760,
710873,55912,58958,42226,7812249,5513394,9188960,
1096860,103815,310421,194376,5933312,6126707,10211220,
88804,10612,53264,28139,3601335,3665611,6256340,
4055089,309851,419374,248116,37456498,28072159,46644740,
302813,21730,15118,12294,3242242,2017947,3363340,
0,0,0,0,0,0,0,
2204435,188762,382001,220675,19204945,17777237,29841780,
5411844,385118,204220,100406,52600812,39903436,66333920,
754467,81656,292742,180244,2901353,4570316,6806760,
3591627,288756,376677,200976,32943826,30220272,49487340,
632403,47434,35406,23941,5831747,3766799,6278020,
2888251,241572,398940,232601,24853888,22183762,36972660,
1473472,106995,100950,58218,16442109,11130687,18584860,
2059749,159433,219849,128220,17015648,11708377,19513840,
730154,72675,235842,132741,4120433,4198187,6963360,
8732,1198,6069,5066,35151,157889,263140,
794124,81543,291243,175982,3076709,4140671,6901060,
37928,5132,14005,9636,178515,368092,613460,
698417,63766,168115,110378,4399221,4290609,7150920,
1696579,147248,331515,191878,11628748,9604599,16007880,
2454503,179263,121469,73839,25473050,18326941,30579120,
2496908,205807,370871,208410,19391424,15567307,25912160,
0,0,0,0,0,0,0,
1899291,151800,221157,139223,17531445,14522155,24203380,
396738,40364,145280,87798,1534788,2064929,3441560,
34894,6829,29412,25815,313922,927273,1579240,
3154454,257615,402829,220275,27055376,21919203,36498420,
0,0,0,0,0,0,0,
396831,41010,148212,91710,1556976,2203864,3708500,
1398862,130102,318489,173135,9280802,8728325,14513240,
465959,43744,85189,62414,3760352,4193228,6988720,
2381967,213265,425074,245553,18328057,16547209,27578700,
610943,42626,39192,27272,6704147,4295048,7158380,
800160,76443,193241,134353,6487487,6593052,11106940,
4668124,372803,452351,235040,43420110,35639848,59390080,
2133823,146020,94102,42524,21506746,14507545,24076400,
1688159,146646,334157,205527,11593647,9840338,16400580,
294247,20548,11988,8698,2824614,1667028,2778380,
231097,28065,110571,74748,983566,1611151,2732520,
1238514,131334,451085,256466,4774057,6783469,11259040,
3085178,230849,172464,89464,32917664,24152256,40253580,
1088907,103092,303947,188741,5902768,6199916,10333180,
586147,41545,23938,18221,5635231,3327488,5545800,
1629796,116480,101608,68125,16802754,10890199,18230300,
3047594,242004,372475,195567,26213036,19841567,32882200,
2399043,170523,118704,64930,24550050,16445639,27409640,
1098158,104305,305547,165001,5947951,6105561,10176200,
2981826,211386,139273,62487,31256369,21747509,36246120,
944978,72779,85478,56881,9583640,7495611,12773440,
3160705,269603,519608,261363,24891283,23208981,38607340,
1690620,124616,78922,45299,16181232,11811225,19478460,
2323336,202624,385157,206073,18718735,16798008,28234620,
2390315,168815,90765,45625,24080832,15961367,26361880,
190903,22264,87062,55022,719836,1232220,2087560,
2013225,167858,280600,160655,16870054,15691828,26219400,
975436,68799,41303,25426,9723100,6978056,11529860,
3479598,282427,412575,226504,31060623,28029559,46715960,
0,0,0,0,0,0,0,
139711,15242,55746,38993,553436,990481,1684560,
1329861,127481,393523,218749,6736353,7102599,11837600,
2342025,171089,125960,66045,23412109,16239517,27113340,
4257987,343031,541472,287662,38025533,31954199,52206720,
1862657,132772,77484,48746,18840025,12907516,20426380,
2414957,173173,129506,61044,25453294,17618251,29434280,
3187412,258690,432482,244329,28714780,23519745,39104740,
3574364,252917,128896,69049,34877295,25752169,41509720,
807062,83858,291586,176548,3130627,4437398,7395640,
3862013,277603,180061,81335,40491106,28524838,47541480,
86604,7837,11591,5759,704681,568436,980840,
8819188,704270,909311,446668,81855152,66515274,107020920,
5737236,414350,302008,124165,60354140,43208045,72027540,
6922344,522664,531104,270895,62529804,44140127,73531540,
4023303,292442,248576,106181,40276732,28610469,46554680,
4666,672,3558,2171,18847,101188,168680,
800634,82319,291469,169556,3103991,4425261,7375360,
2408946,177767,168061,83876,26086981,19364841,32435680,
5841926,448106,482613,244499,54816227,41942674,67749880,
7651363,545810,358815,149607,76231295,51593222,83164660,
2511148,185627,115784,65393,26397896,23745326,33061960,
1800243,166484,460297,271765,10968332,11077706,14953940,
67417,9523,27067,19983,317806,848647,1413460,
534878,56467,202582,133450,2110528,3164881,5342140,
266060,26712,89282,39387,988420,1215098,1957880,
1699629,128853,108167,50177,22183730,18738479,31299660,
5795119,458509,617270,317311,54666896,44332972,73888280,
352174,30484,73314,33205,1954216,2143863,3528060,
2203931,174422,248072,145515,19579287,15902573,26484860,
4911632,377245,356357,174353,48480603,39955534,66672300,
2041026,146886,76719,40636,20369827,16569282,27535820,
1370917,144666,522305,288526,5294233,7438939,12398220,
387674,32383,69866,44723,3680371,4016623,6728140,
586773,66667,215952,126902,2616419,4427992,7346380,
986687,83164,165909,93144,7184808,5500921,9167880,
2350020,168404,131705,71597,24770148,16089128,26907140,
3238586,255915,401142,212574,27282186,21748281,36156280,
0,0,0,0,0,0,0,
1769545,154664,254783,135945,16542096,17693034,29591720,
4179037,330640,297168,143639,37373308,36671036,61082620,
1393947,105763,56099,29523,13399937,13133841,21863660,
1548157,147509,446644,254335,7872693,9361337,15550120,
1797858,125362,84557,41456,18992378,11781953,19636200,
3811969,293530,340563,163269,38197270,30057194,50303940,
7624351,576102,464628,209856,75275953,62189334,100707240,
3334137,246932,112094,58051,31878377,28131515,45576460,
1109706,104549,311948,192052,6846489,6965060,11627680,
1089812,84193,66618,31941,12735718,10885420,18342460,
7224784,535577,472800,220827,73776180,55337147,92145880,
6267413,463755,387139,186171,60624134,45300520,72199360,
3156759,224967,113558,58597,31528787,25417191,36257660,
4329063,381183,783771,445602,33773569,34480376,49576120,
4097744,309373,157813,70118,41885650,41082931,58577020,
541167,55755,197148,95052,3496507,5595130,8829260,
6714302,532297,587169,234715,62470603,57099767,87639800,
2248613,174541,264761,81484,21008645,18568540,27775340,
6607345,538697,820792,369641,58661685,51967117,75111700,
8783535,655848,590934,217561,87495390,72571691,85635720,
1198226,122330,307217,102742,5374578,7733886,10553800,
4374065,332326,357191,177035,40640747,32926526,48109300,
3337057,239828,192631,102160,34515227,27214093,38665460,
2453271,207390,796014,301412,10824347,13627085,21608120,
300778,21154,17010,12475,2850681,1888604,3147680,
897538,79116,135026,84477,8628351,8771762,14783760,
1098966,97590,235390,114104,6889912,7283341,11974360,
2080107,151234,92427,47376,20910722,15864542,26440700,
915025,99961,368928,218965,3520743,5079022,8498960,
76142,9080,41044,23994,290472,944609,1540380,
644679,96037,219100,185988,2457415,6212994,10403720,
641288,64792,227925,123912,2493123,3464169,5723260,
1264251,94693,80947,47779,12927406,8817170,14695160,
2252478,198351,488089,286001,16014455,13776226,23016640,
1302492,90358,47475,30503,13155412,7853842,13040780,
578473,40908,19973,16416,6002062,3575750,5977060,
2410269,209769,436064,247132,18391124,14999251,24998920,
574009,39520,11980,6615,5846475,3282723,5437520,
4069728,338582,755610,224623,26279472,19833761,33089780,
7357805,549090,451618,94867,38711475,29275326,48957680,
8752858,442992,320619,199809,40815074,29154789,48698500,
9178944,359182,424066,202135,40607848,30593765,50729020,
8529408,590382,265696,127945,51766186,33339690,55579660,
8434043,641997,725916,368634,35484253,24098754,40164500,
9498120,775463,332060,161350,62921808,47885187,73997100,
8597069,614122,292633,133214,36738223,18144622,26379060,
10355889,683037,630876,329672,46291464,29828797,39246580,
12140561,1018344,641105,216277,91842799,78638016,102853460,
8484972,881511,436149,196385,41166240,26044694,39637560,
6077689,566600,348790,105128,34644152,23210004,38646000,
6221917,643210,446728,142382,39015162,26468342,42798840,
7500964,768059,750507,315453,50625491,40783762,67935600,
4697004,536010,375993,84190,24382924,15962588,26604380,
5663709,625144,664838,259364,29638624,22216429,37106060,
5117417,585578,564633,202433,26153069,19582349,32654220,
6298328,677140,554028,228679,42846300,39819648,62728920,
9492090,916067,778115,379163,71018489,67605368,101930680,
748068,54745,56600,35760,7241545,5432732,8715620,
451116,46562,154676,86128,1801528,3048891,5115300,
4242655,324360,282290,153342,44724144,36357288,60709560,
3037857,209427,46911,24083,29322001,21296951,35348140,
2700723,235083,434715,240046,21320584,19345876,32242760,
4766,819,5740,3209,25492,160874,268140,
801274,80940,282014,151699,3116045,4019303,6733020,
6849196,523995,423510,217361,70068538,58332081,95107960,
8030090,583539,254480,135624,81801084,64468373,100540860,
6658099,479778,477847,288294,59008137,42161390,66796680,
8430023,656223,421325,137562,79402457,59619885,80749200,
11645411,1076776,536999,220267,79094878,52211116,77692040,
9772447,859794,517234,191109,65840958,45317373,68611080,
5132002,572685,383597,96902,27441253,19218792,31366740,
5836183,656519,693576,263765,29136471,22382062,35085380,
5155807,551328,398397,123090,34549766,27214568,45439240,
8809071,778964,665619,322684,86856548,79181680,123588540,
8427272,797058,768817,352519,63756117,53465036,82098980,
8422484,788257,402975,154289,66950608,52104536,74521740,
7933161,838701,769342,304582,47646832,37093580,47433200,
5796051,567692,387797,162040,40709311,28342048,36340060,
619487,55270,127671,74633,3987457,3790065,6183160,
671326,76040,299121,171109,2598876,4564881,7517460,
1413293,83005,259870,228465,12577254,13329213,22215400,
1233440,137224,530128,308980,4828040,8091645,13556760,
1539501,149247,117803,94865,13342210,9959350,16528080,
281186,31104,113158,69946,1122680,1777068,3011880,
924084,100912,344598,172008,3558460,5904004,9792740,
286429,20158,8177,6039,2781633,1591201,2652060,
795800,82085,290875,181017,3083934,4185525,6975840,
293757,32312,55697,8900,1576565,1393294,2355960,
6296668,623935,566690,201458,47704045,40655422,68010640,
6882069,850638,541751,233175,33482270,27341283,45345920,
6509067,686496,318544,76850,31401123,18736949,29164820,
8636681,858208,847810,391164,61317286,48816447,65177340,
6854660,706006,570345,246027,44395135,38102363,50712220,
6908050,737280,592560,274886,45436140,36674123,48925700,
7248085,798075,855194,323120,38704300,30788410,41024600,
5893768,676057,467557,101399,30555764,20041457,26722080,
8066893,840107,1037021,566824,51078060,49105036,65189540,
1048072,60290,478035,439387,5730717,13442687,21883300,
2965487,217837,585299,511500,23807944,30934748,51318680,
7178058,746756,715745,255821,36919690,25025136,41544540,
216135,30251,52569,43179,863043,2125202,3541980,
1090085,126809,334400,214886,4346642,6016277,10061140,
3668425,394356,291420,210544,27965462,21822096,36370620,
856125,64173,446599,408911,3005104,11258525,18793100,
3720303,298388,1064405,783326,23919006,35661351,59423520,
2850253,401443,487858,416644,12041464,15861704,26402560,
3817147,365998,466810,279067,29558410,27855899,46472380,
2348139,226049,546286,483423,13786141,21366651,35565340,
2804651,280744,805241,669006,15890036,25683191,39688480,
2408435,207554,771548,595534,12300513,21618994,31903020,
0,0,0,0,0,0,0,
796157,81674,291214,175930,3087447,4220555,7034180,
6469,997,4983,4592,30253,161627,269400,
8731,1160,5809,4419,35009,121955,203280,
2898862,397488,652064,399206,11850844,15100054,24217940,
1516689,199714,408087,344549,6215610,11710592,19347160,
1008629,107331,408223,255692,3796632,6224728,10386880,
1166746,193362,111173,84021,4902718,4712979,7842640,
298339,48420,53416,44693,1326925,1879502,3160920,
1882224,198035,682874,527004,6846385,14746433,24514280,
923475,157587,78076,49460,3816514,3163534,5272420,
3751560,298480,323692,182270,35537011,30378438,50710400,
3155982,239805,243873,143565,29819714,21953042,36542560,
3332682,237771,110833,58060,36012072,24110778,40297920,
3744546,314197,600988,351557,29614277,26327529,43957800,
6132135,601072,223759,140168,51529942,43322978,72008940,
6034058,467268,373160,215365,56862301,47131889,78561880,
6039317,467357,298331,146886,61931813,59814655,98705140,
4594236,344704,125353,62448,46592413,43965018,69948600,
6374032,506563,528966,298175,58143659,56682636,87522980,
5392507,397234,196859,116527,54199729,41633728,47718420,
5188561,391477,371565,209592,49681251,36936217,51577180,
981733,81189,155430,88540,7837811,5786130,9185300,
290475,20117,9841,7465,2799663,1676100,2784240,
1199028,122381,432222,251964,4657491,6262658,10437820,
1704485,126612,67046,38039,17959229,14129808,23514480,
7169171,535860,350122,183175,68515885,53075343,82552420,
5184052,384126,330940,179591,47163888,29834205,48415480,
4723722,327102,126329,66612,48731087,29262349,46671560,
7619164,573383,527216,258561,74812606,54971306,83515880,
8908905,611436,210729,104732,90960624,55934772,80900380,
6801351,497909,399985,226088,65597602,45162605,69141380,
6017394,452100,314253,163098,58892147,46838459,78117640,
4219460,300169,211202,135198,44811109,35180461,58778140,
4221695,331753,492834,268862,33571029,25481582,42281360,
36976,5039,15231,11550,173449,403092,671800,
691248,56481,342415,263721,2591505,7868215,13147400,
6750802,454232,980826,759781,62232593,63684825,102764240,
5535253,343946,784596,687176,48230206,47199869,77613780,
2727681,212971,699269,485124,21042686,24186860,38953640,
3310972,243072,109093,60403,33779270,26558764,40972660,
2202440,115659,836677,727017,13773170,26070728,40015620,
880806,41822,562194,468826,2995018,12128459,18659420,
2004020,94766,760264,678127,14562673,28912309,44479940,
2178745,147595,1232153,951922,7728343,24879657,38276440,
1400637,43386,729786,672122,8479129,20807078,31696420,
1269547,43737,898530,781314,4174880,20594324,29428060,
1354100,48054,949012,831414,4491553,22228345,29696700,
2761352,94580,970768,792247,11008566,31047935,36978060,
1808618,85033,1170175,997046,6138638,27990401,31444760,
2672715,154127,614232,539564,23500792,33002302,34156120,
816170,75451,180549,114520,5497926,5218347,8726240,
611357,56165,156314,85922,3421646,3381036,5576240,
2115512,153417,110428,64536,25099950,18065909,30115580,
3377716,257286,1013444,747674,21713656,32843968,42358100,
1250931,40431,604231,557303,7632590,22077723,22060480,
5008469,332493,832162,646635,43782687,49250595,82164520,
7206155,552372,508632,254362,72362488,63403807,101202760,
5347254,332487,658641,535105,51051312,49974320,68533080,
3929627,267610,731941,523973,31249198,35937129,46749320,
656146,25700,305147,267147,4003999,9051537,13534420,
1616140,121485,560233,318132,10421793,16949402,24253880,
1012274,94070,346580,120146,4442826,6766620,9601240,
2892424,218980,289988,80291,27333142,22845340,32642720,
1848480,186653,677136,300831,7685566,13416611,18566380,
4789948,337116,920419,649402,48076187,55628841,79518900,
5772512,415197,696779,462586,53774885,48801030,80093760,
8688023,650623,576656,257925,84678947,62454189,98335940,
7278822,527090,673255,172661,65649412,51680536,79307520,
4693425,364035,420532,217765,40340815,33286767,50881740,
3362203,239898,221510,152074,34397828,29996511,43343380,
3805247,286466,263367,125256,42570720,34909982,45029180,
9485046,711166,650972,291814,93143324,71211716,88909660,
131299,8443,7035,2481,1116945,674599,817860,
8017989,626086,728975,359333,73121063,56357447,72487140,
1198,332,1777,1511,42997,132676,194860,
7322631,548265,401693,217912,74729542,62401350,90187920,
5804113,432308,451047,236313,56472585,42383387,47078420,
1361830,96979,54481,28885,13478640,10307668,11609760,
3387182,277939,465607,245916,28148319,24665154,28387460,
296756,20425,13389,10219,3158114,1922114,2328200,
0,0,0,0,0,0,0,
801503,83288,298762,181245,3114982,4571659,7447840,
939541,70208,62656,37521,8733126,6021981,10036540,
4019133,357853,626630,342842,34056920,34021487,56880980,
4481145,334294,265142,111201,42668141,33249840,55256460,
4025942,288001,246395,154515,41003032,34313908,53708580,
3913980,318422,429438,229273,35108897,34254944,53499620,
655622,26805,370840,347448,2918289,9954697,16557540,
970627,77991,481076,371909,3523086,10054728,16801580,
3564746,279128,423066,261774,33271483,31470140,52418780,
277995,20201,17834,14576,3254129,2231405,3799900,
2088107,170932,418162,269766,14740775,13966971,23202520,
296150,21359,12663,9427,2810558,1799551,2999260,
1334377,118289,572886,432198,4951180,11590073,19316800,
550942,47245,214883,147821,3041982,4997114,8561860,
565340,35428,98849,77439,5372607,5021197,8143140,
1015253,98239,410279,265875,4467338,8426200,14180000,
4472739,305829,544935,418175,43120551,42423429,70672640,
3382853,225436,868345,692542,27528887,37509173,62564720,
4984873,355987,510380,322250,45290300,37214670,61922760,
2549781,183244,127686,57187,26186746,17640905,29391540,
4266738,336607,450884,231120,39167931,29774094,49706880,
973723,74043,57282,30434,9255368,7572093,12786100,
6715938,487412,930266,628166,65565983,71080721,111445660,
6527676,478868,475830,259175,62481899,48301541,79334460,
1171643,73341,150945,126202,10830151,10095020,16758520,
2042476,166480,425873,270203,16485688,15263610,25472840,
3656253,253380,224139,141386,37130926,26060079,43433780,
3427041,246330,467082,333171,32704818,33149026,53782140,
5817348,430776,490217,266480,54729426,43785078,70083920,
272442,18867,21623,17451,2456697,1669419,2737540,
2647626,233348,437005,231502,24252878,23381078,39155800,
7043163,501451,271475,138428,70759370,51608567,86028320,
2980231,225022,304915,177900,24616141,17460864,28913240,
3761136,275443,487341,309618,34031331,30028699,50048080,
1812618,140709,110889,61559,18557926,14955955,24967300,
1732058,145004,318318,187796,12063301,9912626,16483060,
464222,34247,25414,15851,4521637,2919617,4912700,
498067,34403,26139,17320,4200134,2647249,4365360,
741688,79256,288515,151577,2923097,4535263,7558760,
0,0,0,0,0,0,0,
4297772,351022,499836,240556,40638233,33181134,55488980,
3801235,280701,214456,100585,40610296,34094156,56825400,
8227682,631374,580823,293311,79777556,70953911,112648080,
9486030,730531,645700,307341,89845547,75894457,101227440,
4208407,300683,171542,90951,43335096,32749198,37353500,
2551822,212076,367592,194218,20209345,20232940,27956880,
0,0,0,0,0,0,0,
3761272,268253,146726,73099,40705837,28108520,46881440,
1449445,126343,294946,169541,9387217,7852286,13053340,
0,0,0,0,0,0,0,
1517841,146395,416578,248551,9612091,9392343,15766540,
2450626,163265,130144,103158,23110426,16069661,26653580,
2080151,177644,362061,136296,14849360,14528296,24281580,
11365819,838661,825071,307673,74216691,59843538,97071180,
8994074,499755,201548,71304,48872640,33474778,55786660,
6156376,488239,770658,271438,29644880,23330659,38851240,
7177768,799734,161965,69865,31994671,18058220,30096860,
5862346,585639,316000,97633,27415790,15669335,26208400,
7640249,703359,925511,515808,54939515,54389458,87864620,
6714852,670470,467874,165365,45146462,31955381,50914660,
9616031,883908,781135,368479,72999128,55948934,93267860,
4792741,521676,572285,279832,24328730,21198148,35349900,
4866813,570708,573966,237085,24533155,19945371,33212100,
9568176,880677,934896,474842,79840326,71676599,119728460,
6936100,678804,405562,115856,46653622,31336448,51963980,
3062634,289454,441151,232583,19837256,15951146,26105340,
4587367,332601,137453,71073,48306935,37626862,62409480,
1084731,74209,46218,24391,12978415,9088685,15025840,
2842284,232837,430443,243981,22286670,18925792,31478000,
419920,27839,97165,82897,3295709,4278377,7096880,
675100,72058,257149,149438,2573714,4090979,6818340,
3187837,237952,170109,94458,33343184,26932396,44679280,
4584924,355109,273681,149078,43204862,41226004,65623720,
5141874,409788,406318,209064,47008942,46410066,77349820,
7065970,509158,204361,96691,72845063,55570085,91587160,
8439587,687350,568317,255277,70394305,49654910,67746120,
11033630,1061106,563286,227048,84711792,69014936,82849220,
12829641,1114385,688965,306065,122665249,109455453,128737720,
14640427,1293969,872597,385911,122177141,106185995,125041800,
13500107,1179227,625414,249715,114647555,86747666,102516100,
6808324,572513,799883,416487,60765443,54022415,60973160,
2111182,148946,96759,54278,21279910,13434590,15528740,
2184969,183159,342070,208562,18225806,15807418,18775560,
2058283,190708,484753,284507,13351235,12840720,16000260,
24484,3708,12826,10612,118764,370878,502060,
1329973,120935,294158,169639,9376053,9506562,14083500,
85212,8932,31161,13575,343855,602009,868220,
51446,7135,24366,13369,239201,557430,929040,
1663476,158039,464572,275569,10928775,10843345,18105780,
3586839,269282,233427,119554,37086901,31161618,51936020,
2393689,199264,420581,220897,20288260,16460501,27468400,
435211,26686,220110,166314,1588937,5670104,9382360,
728029,68095,184678,105884,4766253,5090815,8484800,
795607,82801,288552,157514,3083733,4118611,6882840,
1482657,104069,64523,44257,14965088,9069544,15090600,
487548,51634,179424,111299,1871378,2781050,4713920,
310350,30933,107260,46291,1218606,1540128,2493800,
3061947,234777,288527,149032,29302293,20897457,34829100,
968202,103784,384958,226851,3721315,5248637,8747720,
362679,29640,33837,24087,3886114,2840055,4834040,
5725605,424870,370566,194171,55617289,39428461,63827600,
4133364,304640,428272,259736,38184178,29517681,48934900,
2476875,222516,534045,321873,18796434,22451077,30254660,
1898247,174649,457878,278635,12857621,13100335,12782140,
0,0,0,0,0,0,0,
1971784,163339,217419,123557,19429516,17770842,29856080,
5079211,397965,377861,169709,48309379,43888177,72907020,
3333919,343759,211182,50903,14802458,8524432,14207360,
3042458,242912,556291,357175,24549528,28297138,47171540,
4922665,364368,235367,106781,50274887,41602464,69446940,
6738063,501791,376386,181347,67030296,54159105,90223360,
1624353,132872,270703,146249,13230131,10541626,17565620,
2816622,228640,347079,188087,25692277,21647772,36170480,
1718740,150125,436858,263010,10300936,10943430,18079880,
36187,4928,13774,9139,170382,369952,616560,
663557,55497,75327,34047,8922277,7740618,13174300,
6821258,531332,624286,323486,61310542,51760655,86000900,
0,0,0,0,0,0,0,
2657405,224754,388216,201334,22204179,20167792,33650820,
3838081,283756,170853,94829,39835890,33239124,55422180,
2337427,167437,108381,46617,24375842,18634906,30995080,
793971,82887,288605,151466,3077024,4689960,7816560,
2164434,182814,297406,170262,18328346,16261386,27164020,
1225740,123853,423689,228320,5990599,7228227,12063800,
5468099,491621,782963,332508,53175608,49123143,82039580,
6834113,664734,1066974,429058,55675592,49885308,82933600,
3689407,454079,1699713,881932,16141683,30940827,51602520,
4903679,518168,1142950,472556,38892730,36897475,61461560,
6483591,686665,1385150,577956,49432561,50607037,84479400,
7861145,781120,1208591,477232,71578496,66646596,105495580,
7531617,778043,1312375,521264,64412407,58947666,79537860,
13651592,1363440,2230143,867640,111832213,115609881,136414320,
3410367,363597,929631,381085,22599476,26126245,30206940,
1531620,180379,392112,198947,6844405,9182117,12408380,
3912285,306459,435707,132035,39238725,34983424,49849700,
4039968,282662,271494,73020,37978657,26032163,38157740,
1465540,148053,545540,232398,5877865,9591816,14749920,
1650354,126795,222226,58580,13822822,12176053,18737060,
2998410,274511,524584,242608,22371495,23172537,35355980,
3290921,232645,182041,87582,31700249,23590831,37166780,
2139396,148787,92218,53564,20444326,13093723,21649480,
2046238,164329,635882,206268,9238623,10718917,17864980,
3582176,278016,285283,156409,36317868,28611970,47809920,
1046772,99153,291629,179454,5752584,5857161,9685900,
669489,63384,180362,98417,4292486,4563979,7573180,
1231909,92077,79966,43620,13101879,9242698,15579400,
5472425,423835,475530,230183,49295917,38067803,63264920,
26211,2864,3995,3143,102635,188986,315060,
639749,69023,241864,144614,3471702,4694928,8064760,
4400501,327968,243992,109309,43048494,32015663,53289320,
3477642,249569,167988,95347,34781840,25885626,43067300,
6857132,531850,592973,287615,65479308,50604694,84459520,
3139759,225163,204831,113174,28441207,18342161,30422520,
5524671,408045,393637,194972,56742596,40934973,68286360,
3705348,293605,329383,164296,34721862,29110032,48528040,
34720,2245,2200,1121,182349,106907,139560,
891705,93007,305348,168894,3535072,4955594,8255500,
3725350,273539,213859,90384,41857848,32932909,54945100,
7780281,584872,488226,234905,74379719,53391471,88994560,
2293840,166274,374993,263145,18354110,17040343,28366620,
5551407,405122,259051,118898,60604002,47921790,79835900,
5133312,420309,612116,316536,48072863,40612616,63917020,
6023671,447020,408764,220637,58783182,41070935,59884060,
4997559,384235,398627,202195,48149437,36917433,53895780,
575474,56198,186861,88166,2257394,3009909,4359760,
2223447,210305,237012,158023,21351164,23756007,39057080,
7229576,579032,570776,283310,66713285,67904499,106935680,
5169464,361011,195137,92181,51217667,33878947,56570740,
7867751,592809,433110,204113,77900041,63900212,106473920,
6841726,501998,584008,318240,63862872,48307795,74670460,
403679,27721,24283,15160,4129034,2624830,4289560,
1095416,104788,300365,176328,6527616,6871824,11452980,
1312402,107916,185550,107884,10725386,8062537,13471500,
65081,7995,25396,15631,244551,561127,908500,
1564525,146149,405476,236666,10213750,10810732,18017860,
0,0,0,0,0,0,0,
1868905,169425,430928,251274,12695979,11146151,18578800,
290070,19034,10504,6051,2794780,2278496,3791820,
1380,182,2827,1101,252376,228072,388460,
1264764,124027,391236,219154,6811636,6948259,11578340,
777251,56247,37407,26287,7543038,4642441,7771140,
1817746,163054,357096,200283,14700537,13274466,22257980,
1522035,116431,172293,103123,12043886,8609453,14174500,
62239,8073,29444,9492,266972,576537,960920,
1778464,156136,355591,189665,13530741,11561949,19270020,
262187,21228,21310,16105,2628757,1979350,3394420,
1756618,154228,343980,217747,12541192,11577641,19217000,
305735,21543,18632,10072,2870335,2505705,4153120,
1920779,142209,120153,75162,22655893,17179634,28677420,
3995395,317466,433042,222839,34965813,26294204,43789900,
2970154,219737,128967,74008,30545621,25082279,41803980,
3518011,279583,323294,182787,32297031,29014328,48357160,
523495,36637,258618,194808,1925699,6347521,10579220,
3859405,325170,480021,249137,35562899,33407509,55876460,
4815816,388456,457522,220757,42582242,37995455,63104140,
0,0,0,0,0,0,0,
747512,77564,272999,150796,2894727,4012432,6833180,
4404430,341802,364172,180102,42288587,35285613,58742080,
6411050,479342,338925,155379,66529566,56501847,92001160,
5155713,411424,481616,260339,47281335,43879045,70932060,
5836007,432618,258764,138189,59800769,50486052,83265140,
6397809,501898,412644,229343,58130033,57940647,93801100,
1374369,103191,341175,238123,8886750,12700501,20331520,
3347395,257867,234636,97364,37287235,31957363,49333860,
8715735,663802,610298,295351,82083094,68082062,104707500,
6173392,449642,299328,143056,64171052,49255641,75830980,
7701394,568132,431919,212250,71937856,57629205,89453020,
1549596,102752,483469,372334,12919927,20668824,30734740,
10033636,722564,844496,555093,103401231,103755486,122112960,
9719135,722332,615002,316627,88291099,71579916,84051440,
27113,2898,20832,12648,1226222,1251267,1892000,
3071353,231883,255583,123392,28906645,21979744,28487060,
3528166,266954,328901,180095,34303980,24766092,31555520,
2302137,173597,494709,364902,19119163,23083599,29403260,
1097915,103011,305384,189947,6588507,7310766,9098180,
168759,14727,23768,14211,3258647,3226019,5417480,
2121045,166288,322118,229801,18576710,17312206,28566440,
907126,52798,478779,393984,3303483,10597918,17592880,
1698931,89492,617481,554697,12863917,20361460,33935720,
1223600,107090,381446,245297,9578057,10054853,16711060,
582327,41265,22141,14080,5617247,3569100,5945140,
1492682,123071,170052,115296,16064257,12528207,20986180,
1785110,154416,352349,193518,16490706,14131967,23543980,
1990331,180990,657002,484816,12049796,18796074,31226840,
964031,101759,378138,217928,3709507,5477348,9128980,
25725,3267,16813,14612,141215,426661,711080,
826332,90515,144205,127340,5425253,6385592,10744600,
1079664,103990,298922,163678,5747578,6104156,10073900,
247222,595,214506,200589,745884,5265860,8776460,
1284196,129386,406879,229127,7993236,8420126,14033720,
701912,114265,56920,44015,2878260,2847989,4746620,
77506,10702,27206,18999,372298,835248,1402420,
1981219,171560,352395,196589,14941092,12261274,20451760,
2226348,176075,242191,125473,22003921,15451618,25703400,
1943312,166244,366931,216944,16713675,13452713,22565620,
1834623,106860,299640,250672,16547051,19182986,31870660,
738736,3240,636926,591850,2665725,15124327,25253440,
3964757,330416,543656,299690,35701365,31707468,52776760,
922538,68540,65827,46780,9672155,7462926,12438340,
1262790,117643,310091,170802,7767736,7709508,12910600,
245292,17782,13972,11678,2242577,1708150,2818720,
174139,11666,5179,3579,1582456,902393,1470180,
796443,84096,293475,165199,3089534,4531452,7552380,
1219832,112428,293318,164435,11102750,9359092,15598660,
894289,94126,305094,170247,3590163,5080264,8467120,
22123,3223,25865,20766,121282,610566,1017600,
7608,935,4742,3938,29387,96057,160080,
1170715,128630,481864,277716,4484241,6472333,10787360,
0,0,0,0,0,0,0,
1487320,139432,458325,185977,7085648,7994491,13393420,
6133905,409966,459168,46924,25105097,16162366,26916840,
7694573,492578,170144,54449,31966088,15879488,26465620,
8019071,605799,507377,271137,33283382,20729557,34591600,
7734990,603010,348609,168077,33435680,19015769,31658740,
8350617,613709,454233,209355,34453916,20380079,33966740,
6850224,550974,352999,124135,33446196,19213882,29797660,
6656960,691098,274619,77733,35949086,22458066,37353040,
8129550,741000,636757,318404,45835815,33266161,55422520,
5699135,627472,415627,136248,34205387,24131568,40252900,
6359551,642654,716518,334162,43185427,40190032,67021320,
5543633,590690,487156,157385,35812866,28188480,46941760,
4654803,529679,376998,92899,23977038,16061036,26779160,
6509752,674402,725797,327428,44528048,39202172,65349160,
4976947,576288,599168,263118,26338972,23738738,38188860,
5520201,629923,562628,179525,28133180,20489016,33150180,
3196760,375304,420428,192411,15366413,13660729,22682420,
1144226,82252,154663,122081,13785819,11747313,19578700,
1649523,141488,317782,173065,12155774,10326378,17176880,
0,0,0,0,0,0,0,
691612,62180,159003,99775,4368964,3920569,6534340,
695714,67265,169428,90693,4386823,4227873,7046340,
852902,34429,394281,358211,7792435,13722421,22926220,
2412201,196242,362709,205743,21590387,17036508,28403220,
675958,51200,281023,208079,3091127,6726453,11186400,
1700465,114044,500473,397284,13843214,17618718,29366480,
860809,80394,191380,93558,5055312,4752264,7783760,
7404083,813733,850454,416285,37065820,32048113,50392040,
9365018,973436,896492,487994,46622555,37335861,60351600,
5054603,584755,454390,137667,25057989,18435356,30725600,
5269926,589404,550087,208310,28161783,20523352,34286580,
5803550,599233,857823,469476,35581378,33738227,56233300,
5410021,573707,777337,467293,28830941,27097100,45094080,
5372639,598871,685655,286353,27302509,22021492,36716580,
5789091,625813,648257,277298,37178674,30156683,50249600,
6105477,648586,585427,228913,38531706,28060178,43593360,
1994742,193228,302806,166085,14796763,14544814,23771940,
338645,22015,16308,9093,2894814,1877720,2863040,
1761375,169048,514260,310501,11807376,11308367,18847040,
1053192,80092,120478,56845,11952698,10076617,16137820,
1546059,125733,287602,98213,14624200,13527318,20865780,
3066692,282648,689969,315503,24423592,25507880,39355940,
1316091,102058,198685,39504,9369676,8892604,13480120,
2186140,192388,511088,214018,16460087,16475670,25352400,
1159656,116362,303798,116471,5177613,6509850,9995620,
1138543,89969,144871,86445,9506072,6927078,11561320,
2011230,175366,373866,205891,17406709,15329424,25059280,
3945303,368160,720503,150857,22555923,22909441,38244340,
4926404,533644,758071,377706,26274510,27741645,43471740,
6370137,671899,486421,149005,41592852,29932917,46019180,
1471195,129064,120950,64370,10585144,7950342,12464600,
996621,103084,360850,197853,4309831,5767717,8969920,
1540039,111620,79010,43036,18246625,13851016,23085100,
4006081,329815,542007,300562,37364529,31822909,53071780,
3743515,293134,320867,158261,39054742,31934807,53190580,
529923,47178,91354,63097,3805120,3250668,5452000,
1138050,142672,303373,208569,4501708,7146427,11876220,
43719,5755,26990,19561,1171333,1352047,2398820,
4881003,406998,513471,242549,41288785,30702982,51054080,
6349789,772475,630828,261225,33623922,34473029,53065260,
20616671,2991325,2492959,1031993,115350481,153921771,192441860,
20519335,3090335,2182895,937626,122664103,154368859,192954060,
28238168,5211481,2374178,1022419,154937629,193752367,199961860,
29854792,4658712,2950481,1173178,163684112,215535738,205283860,
22400851,3598829,2411172,1030048,119123103,156287263,150530120,
11915090,1078694,1141851,652880,70187008,68554924,67326380,
21433675,2024365,1222230,700150,128649267,122290518,116474120,
16801788,1579563,682105,381016,90373401,72803489,69270140,
692352,62342,151098,85830,4370247,5019651,6474480,
395288,40379,146323,88760,1528526,2145958,3065620,
0,0,0,0,0,0,0,
5027562,396036,520737,280638,52909793,45339399,63015580,
606734,34356,175692,154773,6262904,8057732,12560780,
2672468,215547,339916,202536,25110062,20845549,30842520,
1051227,94771,377212,243007,5759895,8526533,14325120,
524429,35014,61392,47200,4621107,4485344,7361500,
2908865,262505,412735,245855,17158653,14896544,24861020,
1787594,124354,254023,206366,11371996,11508961,19148020,
1362208,114378,200690,111563,14637800,14362582,23937760,
1314056,106520,194667,121604,12126775,10057747,16763200,
600792,42773,28989,18485,6493978,3997105,6661680,
3374130,264147,534466,329278,31394954,33527341,56027240,
270411,21778,101850,69474,4996726,5370879,9155340,
2341420,180781,212600,133563,21850313,19021454,31443760,
1875556,162843,373004,207446,16380132,14697066,24742820,
1046250,68275,27969,16845,9854027,6262600,10198520,
1673448,150365,339303,195593,11764069,12390438,20650480,
657196,2419,572249,533790,2013320,14490431,24202980,
1963799,129939,506834,383103,17029337,19600347,32614440,
2544296,199338,275318,158383,25441667,20382936,33971480,
1801287,126449,82874,47087,19171732,11703234,19505340,
1058816,119420,453967,269982,4053863,6458443,10813320,
86507,9378,33037,7486,327627,566265,893820,
523641,56069,212047,135544,2192070,4312016,6878900,
998307,107119,356625,202136,4202966,6389927,10477280,
2379581,174939,171955,98049,30718517,24331536,40674360,
2362225,196882,347984,209972,18770612,16630203,27678160,
719452,52934,55362,27744,7682572,5902091,9757040,
716729,64982,163834,96930,4467142,4258902,7098080,
3056434,236468,260843,146962,28780672,24241794,40473980,
749363,55920,87200,62051,8059904,7553879,12684160,
2875844,233345,345836,201699,25748553,22007490,36753800,
1351996,93008,84469,33326,11280905,8172062,13377920,
1890778,150689,215623,123011,17123211,14846164,24743460,
3213942,262997,412587,222138,28367746,25702891,42955280,
3233126,228231,129805,53868,31685807,21269295,35330660,
2324761,182461,274450,147056,20335655,14977405,24064120,
556483,47102,108008,52946,3889098,3095569,4984480,
4608283,355239,362129,173240,49138581,39561616,63111800,
4918884,368542,361035,167904,43235322,29468466,48077980,
3634445,265805,181324,93200,37944525,28938693,48225120,
1383552,125630,329999,220838,8700410,9753263,16289240,
294340,34248,139421,71787,1144526,1823004,3004480,
398997,42677,153548,88933,1551136,2475369,4125580,
7922209,630579,766338,368791,77082240,64173098,107177500,
3038883,213105,127810,61133,30526927,19859646,33026840,
2603524,192790,227519,139489,22537943,15624173,25993460,
2780100,210780,262003,135950,27610232,20387168,32083300,
5685373,415673,326394,154645,54283835,39532028,61030300,
6648412,515161,456564,229564,63300167,53551056,82577360,
7515781,532143,316898,127683,75328665,50798909,78007860,
573961,61626,191079,121055,2243041,3594733,6014840,
1675250,140521,241497,111523,17680152,17049802,27248340,
7903345,588052,378362,179139,78697130,64456317,99148420,
6776811,531551,623779,311383,58782768,46534201,74491120,
3380120,250337,190022,112788,34838166,33409403,54135920,
3195672,219950,633727,477097,28791442,33560249,47532500,
2803372,178446,838149,665219,22129866,32327365,45679380,
2858978,199876,128032,63053,27243344,17630159,24983540,
1577244,138933,310556,161018,11912620,10312053,16084460,
1794104,128613,78452,53017,18786902,12349344,19192180,
2155448,165776,220664,128581,19482756,15553237,23244920,
395686,40820,145797,88735,1530735,2229180,3419540,
1688,405,3562,4099,17027,172248,321180,
1195108,122606,430414,240068,4630442,6136472,10193180,
12638,2052,11780,8826,58855,262123,469640,
1425209,75537,750026,647876,6689634,19485289,32487820,
3498562,216838,877566,710045,28541627,35520468,59189260,
2891885,175104,686805,594283,23414983,30392020,50653120,
5482594,426888,1173941,843511,43332161,53192607,88743940,
5659995,396911,814396,639304,53412349,58261150,95119540,
4466645,341152,896085,721466,33104021,37191833,56604120,
2688594,238064,819763,680311,15060076,27451642,38945120,
3975366,315967,521803,414829,33520678,32174246,40223420,
3703887,338679,742042,470061,26944013,31632650,50185820,
4780455,393402,345215,221151,44196581,40668585,57267240,
3257606,313214,477943,363245,21059859,22976282,34467800,
881990,111356,226963,160252,3456480,5005249,8007560,
2379854,153087,482355,375880,20032999,25807711,43046720,
1151491,76333,600679,446245,4157713,13157767,21895920,
4862725,319049,741790,584026,48482242,53136192,88800740,
3071896,173772,820209,681045,22244920,34404276,57117580,
4819007,317813,931060,730413,40678382,53831907,89107840,
3646063,265384,449505,339704,35118031,40305168,63387520,
8343591,678261,805825,407157,75295241,79433367,113366780,
584308,40731,19142,6575,5422834,4269973,5922760,
3536091,371189,345308,216810,27630914,24033410,40055920,
397152,40466,144144,82673,1536918,2169372,3615580,
306674,22232,18577,13177,2870907,1903211,3172000,
4386729,364941,501191,256152,42841267,38692354,64609960,
6992463,520425,349256,151838,70934803,57002762,94963160,
5503512,427537,437461,239227,52963848,55118068,86237740,
2755473,217653,233992,120847,23930114,24171706,38630900,
4285131,363283,259715,157633,41126643,39069867,57499220,
1269403,124650,398381,223942,5723524,7128066,11694740,
4011257,304555,220842,106815,41678216,37623231,54685940,
1253283,110870,220164,118141,11372914,11935660,18915500,
3397777,265479,256804,136831,30489884,29282930,45166300,
1182048,91156,78576,37915,14020297,12486221,17769620,
2594930,204074,345995,193095,19935601,14421969,23903040,
294737,20455,12545,9979,2826178,1675758,2792940,
399498,41480,145941,84139,1554968,2201022,3668380,
395453,40515,146796,88075,1529440,2146365,3577340,
3337196,243729,170150,78041,34570687,24522819,40932780,
3270358,276663,504011,270457,26438273,25139549,42076720,
3315212,239354,165313,78338,32961847,25131106,41649720,
402333,41843,149184,91952,1570639,2390403,4020160,
4311668,340326,332654,159135,42803194,38502792,64158140,
68439,9533,25253,17741,322691,782665,1304460,
793709,80974,287080,169344,3077726,4359137,7268680,
2997602,222732,141271,60423,31436199,25653084,42755260,
2910902,236493,278843,140551,27579119,24985299,41805620,
2946632,220469,267930,142452,27675989,20429489,34028440,
908233,60564,31680,16872,8997021,6027348,9884960,
2581395,215656,404091,244100,20562163,15863595,26482420,
592549,62184,233441,118209,3044673,4449228,7551260,
6924441,505103,425044,201892,69921627,50084712,83380320,
4138938,330020,409888,184967,42622085,36951616,61768320,
6374136,458859,217410,109120,61899775,48320467,80320840,
1691505,145234,305554,179531,12087044,12874905,21437560,
1048123,70551,135576,99617,9495765,8445543,14042520,
1564098,128893,169654,89108,18263622,17607814,29649180,
6256004,484904,555564,264414,56076252,41632614,69078880,
1610879,87499,407844,359580,13114428,18451168,30781780,
1141291,69057,696691,568187,3984254,15097701,24495140,
6983808,490235,1386425,906448,61015532,76233918,117454240,
4370671,257974,1014578,747420,34271622,45361551,69595820,
3379215,218844,1165106,831005,21728211,38515342,59221840,
3322603,199115,925688,687345,26409894,41151937,63442180,
2232040,184407,430274,183374,15326176,14658344,22448720,
795204,78108,156959,39352,3606198,3643973,5531360,
2716994,205447,166434,93242,24945552,20542228,34270880,
4273554,331892,598661,224291,34260006,30945876,48816060,
2562605,189164,259927,78881,24695525,21022176,33695180,
2269447,195547,353807,199144,18656329,19074795,29811600,
2064550,177478,413721,233992,15017390,12183669,19598880,
1545374,111931,80927,44882,14896394,10608156,17714780,
1027869,97809,292825,166286,6009452,6415701,10703760,
2227267,164389,135326,70899,27276235,20449221,34071520,
721395,79985,303961,185615,2767306,4474840,7491860,
265727,26432,98312,54396,1051747,1625661,2664020,
441584,47167,163207,145156,1678817,5457206,8441020,
967171,101878,386918,233846,3697459,5292561,8759180,
681307,40749,323037,229226,3503314,8748683,14733020,
6772066,530935,1147805,504902,28672686,29633808,49274020,
8388208,567371,483520,251783,34308049,20348122,33913400,
7292435,463837,163963,65406,30110355,15867518,26412120,
8495110,675669,626223,307080,36240830,23494366,39187480,
7381341,558878,211691,73293,31300894,15782056,26303360,
6632011,536246,453291,177348,29044980,17883200,29142000,
7843161,774131,504668,194233,47649498,33385786,54777740,
7244906,660776,319098,122908,44838815,28281914,47199840,
5664388,644275,696619,278196,28982675,24645868,41032960,
5030208,566593,405600,108630,26631567,18063379,30059040,
5239742,580168,524550,177096,27904516,20051272,33418760,
5578200,633052,701974,312566,32958556,27496798,46003100,
5786532,576022,485552,212259,41541092,33655181,55953540,
8203349,743402,1412739,923330,55482431,65856276,107400580,
7426964,665942,1162564,800472,49843797,55813673,84772400,
4690838,434958,962644,673893,24429194,31731067,46607880,
1377470,111879,216009,139371,15854146,13269312,22118620,
586859,39467,22829,14883,5635967,4033631,6719580,
3648670,297139,442170,235807,33221529,30115574,50254300,
2481473,175249,91499,52690,24278469,19215794,31970000,
2471686,190834,240269,149076,22543316,17496450,29229000,
6617394,529445,563803,275098,60674783,54030186,83484040,
5965507,435726,222225,107623,59958668,48205196,79568300,
7320339,569923,861928,540047,65357033,67832693,108422300,
3141075,211653,523064,413042,28434769,34371207,53629640,
5900563,414967,933844,679462,52137496,55707119,82515120,
10850309,924462,1408177,799848,81878064,86503383,114162500,
14284715,1261063,837117,464336,110000394,98227788,124985460,
16640075,1517586,1865183,1014020,124206785,134883406,133910960,
12318454,1195746,928832,371006,96744323,84881283,81777760,
16367409,1456785,1273042,616907,136474540,128741533,122663420,
13944267,1339248,1243941,563660,100861063,87671213,84030420,
12821345,1233289,1192286,644221,92730058,93539113,89435660,
13328980,1224459,1256574,620607,103622372,100696484,97576360,
6138814,444252,363199,182693,61749572,48285188,46577840,
2991660,195621,749904,583142,25403174,34927964,37283480,
2489293,175812,670586,546390,17020610,23719269,28501000,
2215149,126974,569344,503471,17028837,22263739,26440900,
4625443,319720,940014,731379,37610471,44659150,51735960,
2374861,172310,109146,66904,23409838,16853693,24013900,
850035,98552,278687,201550,3308906,7153394,9403200,
2591085,213197,378527,196231,21527782,17944613,21824120,
4157320,390642,609852,498875,30025196,31597898,52231540,
3763985,303714,419448,216737,33201405,30733395,51222120,
1897020,152240,108502,77934,19059242,17296856,28900960,
1054017,90468,167702,95285,8835197,8347533,14105860,
6792842,649356,645382,338505,43750306,40326935,67013060,
9058761,827872,1301257,852152,63382670,72174461,86020760,
5324107,551826,889514,499996,28296380,31173789,38262620,
4719866,339762,394631,239403,47223128,45985002,74899760,
7391495,554718,394509,183022,72759627,60104051,99063840,
7341997,581250,657524,319017,68571665,58294694,97133260,
7998766,598385,350222,203383,77614206,64289432,101310060,
6614903,511994,670356,410081,59416670,58456476,87210520,
3699482,268399,192515,79509,38801056,27832836,39813880,
2983703,204506,110500,63559,27902666,17321039,25592420,
6975316,538890,539780,259570,67042759,55926342,78921080,
8411344,722077,539348,193083,68650338,56244930,66854880,
11387250,937838,893359,362915,98706172,80687368,97629580,
4088750,294632,233149,115155,42086988,30550680,38821920,
1682390,136710,148480,85857,16145208,11913867,16502140,
4422119,394233,610814,341736,34236765,31364207,46558540,
715054,51044,55979,29802,6332318,4601094,6618380,
2247342,176642,437383,312258,18041790,19279636,30084920,
2363293,216666,203265,121285,19839895,15102404,23492900,
4391032,325971,286263,165631,44633388,33041003,53090740,
2700300,210725,272061,130124,22520083,18432713,28793460,
1165066,80255,45218,25255,11461971,7079091,11703920,
829964,90381,341724,208711,3138362,4650081,7784280,
1160007,89819,134405,67420,16423049,13606069,22642760,
3079257,218263,167809,88111,31485675,20326533,33911520,
3183670,279910,503880,276176,25020137,23915713,39825520,
627475,46336,38539,26652,6580960,4257261,7095480,
1298201,105239,191879,117801,10187083,7664252,12853200,
4004363,314099,298604,149527,38703439,35996980,59984260,
1256127,91648,72251,49190,12044880,8957744,14957860,
2058777,182053,425791,230059,14619063,14107612,23433060,
6480769,508689,466305,255841,49868751,38370878,63985800,
6083144,475887,605241,316794,49083442,45365409,75710580,
5414646,481036,492206,260406,46730183,39840343,62277380,
6201320,449805,245462,99040,62396257,48558600,79048860,
4014428,329954,616040,355108,32354990,34718455,57594520,
6993836,460910,935592,749462,64025385,74554712,91077940,
3816336,291902,339155,181772,38882214,28505632,35081820,
2383011,178575,217459,100048,22258701,17524730,23747460,
4501163,314275,184835,83938,46371689,31794252,52739500,
2728385,193707,759514,570194,19438218,28180863,46967980,
925494,67649,54499,32344,9076949,5860486,9767440,
1085690,103933,257180,149188,7850808,8569041,14579500,
5736538,412299,299377,137507,55822327,39946334,66351040,
2525944,167940,302531,229079,24635652,26344562,43897360,
2894865,227412,885646,621453,17859480,24359261,40596460,
7336262,480690,852424,628995,69363694,63111652,103306640,
5609462,351433,937308,729851,46762258,45801843,75886220,
2135031,119990,662355,547705,14557244,21002206,35002780,
5500292,401622,304793,137142,63514498,48296457,76946800,
8513459,633509,805077,517411,77218465,72716317,111487260,
7145959,504775,707439,469967,77249425,70613756,88374900,
10580163,786929,554231,257073,106037247,91703356,97735580,
5854790,458809,425860,210325,59521022,57132776,72464900,
6381411,473931,223268,123502,61914139,53415707,64528520,
7055268,565035,764114,428795,63054629,57516854,64894060,
2193033,157562,134991,80974,22678812,19001934,21482460,
4492444,336614,797783,622194,37885950,42385425,47694100,
3344319,245984,274569,156312,30540403,21677869,22890340,
4084842,297904,201174,107574,41402316,31179959,32071220,
6714419,517852,580232,306713,64712720,54907291,59438000,
9061548,652134,396424,211622,88568975,78018088,78764600,
5835545,437471,398574,189267,58239052,46137702,46951420,
9677100,727153,590553,298481,93882230,72893871,72950360,
9518823,693577,408811,194535,96395241,72585000,73757460,
7965996,631631,953617,543457,73500899,79158862,81338920,
10965330,733459,842433,567624,107656986,96826025,92089920,
10480713,798475,557833,280016,103065032,96509053,92933400,
12699182,910406,1031778,634682,124049539,114941713,109808080,
5547018,392507,169413,80588,53166194,38314007,36553040,
872446,89002,295409,175336,4333003,6824596,6934740,
3785240,265436,140326,66229,39726518,26145344,26549480,
3385574,253219,280591,146055,33076797,24898547,26133540,
2982028,235393,327927,195635,27715296,22262129,25173460,
2276520,171933,140861,91489,22434281,17225721,17832880,
6147022,496097,672768,332323,55049534,47120618,49937220,
2445032,183673,132828,65329,24053914,22778969,22168300,
1928002,158899,206777,120954,19254139,17643136,28574920,
5198117,429760,576892,286320,47182682,43511179,72326920,
3676033,271620,179830,97578,37940511,29107390,48674540,
7215559,564672,615313,299492,69228694,59255864,94365160,
7557540,558509,380454,175619,78042691,65179875,103816240,
8020317,604194,466463,247812,80475736,66617231,104292860,
8966934,674509,563728,256022,86827230,70958502,105653020,
9727768,700738,450204,235170,96781012,78966980,103428860,
10695309,825210,923780,449722,105044238,97062381,118582180,
11426477,851044,565311,214516,115612835,96172491,104206580,
9118631,657668,638769,447747,85254679,80611446,83561440,
4349103,342547,353353,177788,37484182,36888184,36809000,
394224,30318,32590,19209,5136639,3691653,4168380,
4498870,340760,656967,328618,38634760,37041016,35195380,
3477471,252560,462482,190171,31060205,32360889,30770100,
2158645,178010,390353,130041,16101438,16517465,15616040,
3345167,303804,544339,243309,25222233,25243567,27972940,
3943545,270655,117227,77333,38615736,23465637,22587000,
8084856,635171,1004673,338709,63488322,47028464,72775020,
9505456,633851,1192862,381290,46931105,44746502,67301400,
13312808,825027,688579,448997,82808547,70508158,101061300,
10551714,780703,540298,254655,57594467,40176760,60205760,
8506474,599288,288388,132599,45353889,27015645,42955200,
10793319,752241,770225,441813,58950269,50080844,82903160,
9187936,713990,458164,295264,55629566,41342455,65838300,
9080458,667407,320740,153482,44780270,24642568,37046100,
10227593,722700,596575,308630,44323737,27116983,35884740,
9866563,810356,368181,183978,48073955,28404365,35598240,
16335877,1471833,894464,493077,113993681,95935236,106911120,
20036098,1578624,709307,347227,148775616,104535684,110094500,
19514183,1483694,635962,328307,126706853,81251122,81965980,
8429016,796783,934255,387466,66467273,67919554,95345520,
10776521,986650,257899,102973,72625316,57493295,88008760,
13118645,1142297,1091656,438246,102207743,100574930,108962740,
13529438,1206604,653119,264983,109522844,94656337,99003600,
16258691,1369910,809167,372444,145304885,112173772,115296080,
12797991,1180545,1049955,476392,115054266,104577138,114531400,
14031166,1218144,679263,262367,116788454,80254711,94861980,
12406271,1156651,933853,393442,91029930,66666955,78659900,
8273825,891060,817845,313381,47027922,36669458,37272540,
1833526,131988,128930,86085,18490093,15731734,15982640,
3220397,251228,546336,353806,27565237,32180617,36581820,
2490168,170115,136068,94980,24648169,16515932,19254840,
1195312,105208,266581,158172,8429284,7332646,10834200,
3864084,291657,308248,163810,37218525,28067645,32076440,
1305158,95261,66885,43951,13987901,11380007,13977580,
1695168,149936,337808,207758,12179819,12687869,16924660,
4183495,314978,188340,114133,42461970,38306708,43213120,
4179362,324502,319799,170263,41899781,37105126,45557660,
4802767,392776,563911,292505,42996491,40026086,45164400,
5477376,369462,433007,323434,53798663,45814109,55537880,
11086147,929631,1707731,967663,83526891,93877908,98485580,
10544890,1012184,417873,139901,71086355,53637854,59889540,
8986046,835216,668859,229113,53278346,41958289,46719680,
12399767,1186283,988236,397800,92021407,72727364,72718180,
9442693,991358,691692,198830,61124564,43511480,43528900,
10212022,1057550,1018860,413804,66984415,58737120,58700820,
9513763,1013572,771802,274241,63996986,49911440,50115600,
5802045,543441,534164,236659,45453657,39009187,45458680,
4846081,394900,511664,274656,45468026,40820773,55168120,
6525216,444732,418122,259894,63653988,49585369,67054320,
9177602,717025,751345,352046,91835295,76269750,96957180,
11282026,796297,391923,190467,111520628,76778243,79365800,
12760663,951858,734205,323746,134950580,114461449,109152660,
13201694,962997,619175,312535,131643658,103853168,98828560,
6335728,447565,258833,131468,66213830,46329086,44074980,
3427823,272453,403385,222722,29354370,26004100,26399060,
1031808,74934,59770,37860,11772504,7969241,8352660,
4759462,358202,331145,177082,46154817,34408892,38764660,
3010913,232174,522562,336226,24690653,24869181,26562700,
3744122,266073,187511,97590,39629349,25475424,31692320,
5855429,511463,711266,304495,44857017,33125182,42263400,
9675276,966815,408923,101449,58950952,36081662,43048300,
9158639,1076358,824099,335431,53266390,42652589,51028700,
7831888,784966,861566,438886,52319962,49243401,61577820,
9929078,945778,678877,298965,82079297,73969966,92557560,
12867323,1175293,1058954,476723,107352308,95556932,119404220,
10874225,1028039,720859,270626,88574156,73990773,92857680,
8820927,869232,746985,301856,65314139,53004276,65297880,
10888693,1078184,980042,399403,78836044,67344354,72728700,
2630935,250121,206840,98442,20149226,14078067,18100660,
6874522,525939,553423,275463,67026502,52632095,69238900,
7091797,517990,316859,131015,72075722,56459447,58079920,
9303747,860868,855889,308893,66030721,64303786,71733940,
5063098,398792,490870,262312,47453448,40355823,42751120,
2107535,148316,109081,58939,22419583,14691873,16454520,
6263590,493350,516235,266908,57680535,53251447,64614700,
5571973,407663,266927,112376,57700405,47171518,51235640,
2794014,220630,251864,121162,27138100,24120112,28878400,
9129492,730038,879181,440493,86864059,77266557,97153820,
3527911,249047,146746,61392,35215712,24254811,31146880,
9803958,787982,771246,339768,95269613,87136491,91927740,
10704775,1024951,534749,172582,72007450,56762032,64899780,
11416915,1058482,815694,316987,87192550,63516820,74792460,
8703680,900826,814962,288207,58473544,46639859,54042580,
10121533,1001081,696915,248880,71618230,55767577,60240880,
5918270,549861,556575,247881,45708896,39063821,44528360,
9099218,1016526,593644,258458,68016800,57887739,61614760,
8540145,992860,617947,274679,56654580,38877346,44860660,
3934729,585335,1679264,791453,19631783,34467129,43782760,
5088323,739436,1442348,651303,31307716,36419218,48366780,
4793957,673044,1566254,751600,25789371,34448318,53065420,
6855434,952539,2391397,1124765,32488597,51952296,79789140,
3505283,438672,1789727,967385,15760673,31680756,46493000,
4001630,480764,1885592,1067416,17464495,36165165,49292180,
4165078,532659,1967554,979806,18872756,33583731,41724300,
11167863,980695,2432939,921825,48133816,51095142,58304140,
15152177,1292676,2044848,933020,71694221,70163040,73899620,
17131571,1176362,1575218,672972,87290755,71196716,70295660,
18570321,1656292,1144638,417755,91941021,72622118,69089820,
12937711,909047,1074252,516030,58281507,48641966,50753860,
6231494,699370,1167156,567290,31718561,34864682,44583100,
7535080,811722,944420,462356,42652739,40867879,46855500,
10044891,982817,1048214,608848,68213365,64977782,70969360,
9192205,953568,1518719,911361,48939050,55919257,59118100,
3848559,376285,749589,520690,18433100,23189329,31017280,
1344528,131405,559203,445944,5114518,14224304,23270540,
2047272,244543,623361,493281,8197490,16458319,24264220,
564586,85064,71845,58189,2254211,2449286,3983240,
1884914,169254,547345,328914,10631322,12480758,20801280,
1030856,175114,91819,70616,4233759,4103500,6839200,
398235,41386,144933,82892,1546848,2136459,3560800,
1742572,137866,178615,100725,14999460,11824261,19708380,
4701052,325868,130674,74029,47730201,28223603,47039300,
3652151,294099,524747,297172,35876693,34078690,56797860,
2844998,252189,132601,83390,26525578,22590034,37683560,
3687845,271817,233336,135904,34767307,23602415,39337660,
3121289,231549,224645,130198,29923776,20870784,34762120,
1572740,123607,103005,41796,14390641,8850745,14784980,
7928717,771788,824469,375302,50920266,41648202,69446720,
6552615,646373,324864,97011,37363014,24369206,40556680,
5409975,619660,554466,203917,27072697,21542042,30817220,
5663234,626598,586446,222415,31673220,25799547,36856560,
5722816,640530,437772,98388,31150491,20188403,28840640,
7745672,772092,811666,357557,52126799,40177619,57399800,
5830491,609061,417983,132363,37031848,27685549,39662920,
1010744,85489,168395,96481,7975105,6627835,11036200,
397446,41149,141724,75768,1537544,2051850,3419780,
347135,26181,11602,8127,3104755,1876039,3126680,
3287347,275207,510020,274906,27109634,22131932,37011360,
1383463,90999,32674,21830,13988545,8916134,14736060,
1837896,153012,193558,105510,15863001,14434927,24058120,
3128262,286482,417312,157295,17086213,12013418,20056160,
2935816,338016,304709,14883,12812601,7669801,12749540,
2250013,210027,451734,263526,16681020,19163514,31972880,
2815490,198982,86745,53260,28871603,19225639,32009040,
407720,42734,152587,93382,1585010,2566916,4278260,
1096427,99332,211740,126494,7880114,6943249,11572100,
886310,62931,31169,16186,9785718,7096317,11827260,
1293035,137423,501540,287089,5011045,6966091,11643980,
946207,68226,50280,22346,9035579,5402045,8969720,
405305,41931,151950,96862,1573198,2284622,3807680,
683579,61552,150095,86383,4319557,3588442,5980820,
22304,3825,21544,18247,90031,684004,1139880,
878943,95994,350785,212801,3329344,4781682,7969520,
94723,9620,34319,11871,416880,653381,1089020,
400875,42719,159838,104671,1573734,2432794,4054680,
1840948,141237,188472,116738,16510116,10858181,18096900,
872128,62313,35941,23982,8416300,5243378,8739040,
1161068,119824,427919,243583,4509712,6560883,10934840,
620134,6399,513385,470511,1950066,12767503,21312940,
1127161,41554,786197,688992,3760139,18054297,30105140,
2938934,188615,636461,496022,23856866,25654580,42724060,
3194453,207887,333574,274348,30864257,25692811,42855140,
948845,62155,381423,305057,5117935,9377325,15595080,
908963,79946,191868,118765,8652250,7143188,12030020,
3218964,196338,636183,499003,26838059,30954792,49217140,
2452266,154604,886747,600354,14071057,25582003,39196840,
1294285,42078,873617,678627,4556352,20334332,31300180,
2995647,232150,927265,569552,19248079,27267840,41931540,
875043,82387,307573,111055,3614917,5706548,8781200,
2240732,182366,199276,82358,18083078,12492195,19702900,
2320487,194542,303679,157635,18683200,16721423,26028700,
488119,28057,52552,17876,2299553,2153796,3623360,
1347278,122594,547888,180980,6106480,7850617,13050780,
2656449,190849,302260,213793,24680872,19085979,31876820,
772682,36711,452056,396072,3521153,11692018,19487420,
941033,105184,319544,180040,4054951,6097957,10095580,
895245,65583,39267,27893,8515402,5385884,8976360,
1378228,142839,441923,253471,7113321,8529234,14180020,
579452,64003,246023,141417,2214036,3217147,5340120,
137586,15060,52668,35495,537371,808889,1381900,
943512,87843,243732,139244,5323466,4950317,8216760,
575555,40236,16251,12086,5870758,3341136,5568540,
690291,61539,155337,88103,4786942,4149155,6915200,
401478,41945,149214,86088,1559437,2307710,3846220,
48580,6076,19581,14125,197767,579255,965360,
1125917,107867,311322,195062,6066908,6280671,10467680,
1444938,101064,44510,27663,14888851,8741210,14602060,
2970981,252202,452196,249124,24466181,21135210,35306720,
3823104,262595,644585,500246,32876656,38740548,64579320,
5008373,299440,767549,666799,45425012,46759923,77900380,
3145125,198119,975480,780630,23150113,37491309,62640480,
1051040,47176,304219,263710,7371854,13215797,21802580,
2092118,189092,224338,87040,9152090,6482446,10804000,
1265015,100709,166242,91515,10842257,7864357,13107100,
38919,2761,24791,14132,2943212,2259020,3798820,
1933380,176355,440805,258053,16120130,13597716,22699960,
1204900,93213,146480,77501,17110007,11533171,19158940,
811162,82517,293149,155505,3163502,4434009,7389940,
400298,41986,146402,77747,1549335,2130992,3551680,
0,0,0,0,0,0,0,
1129676,113885,375210,238304,6052146,6566487,10991220,
2441302,186330,156604,84999,23748082,20096821,33573040,
745505,71165,176193,99397,5634050,6195971,10394220,
1356006,109600,178764,115178,10896618,9367380,15498240,
895164,64443,45842,32414,9014641,5613540,9355860,
990892,88290,177739,99330,7216383,8308559,13847900,
2739920,204576,403357,282675,24981380,25156324,42018900,
2811385,215695,292433,163713,25178735,17566983,29195740,
1155333,96005,403546,266701,6138447,11423250,19072400,
863184,35656,567760,505732,2942351,13223374,22005060,
712559,64658,169310,106782,5024030,4693455,7865240,
2027275,155868,314634,215548,17579599,15358817,25730020,
1764201,132198,174977,98616,15035071,10989114,18177340,
2109665,170846,252656,134326,18843742,14796065,24786180,
1435654,97620,137919,101748,13360093,10967502,18162060,
3358441,231682,730462,559145,26648963,31785303,52999400,
1159423,69487,536750,448110,5816312,13166778,21948060,
356276,39538,152142,103476,1381747,2665526,4459780,
4416097,368062,555018,256390,41321278,37336327,62301720,
5106230,356752,353550,231388,48008384,39169927,65150340,
4085680,326656,339919,180644,38589189,36108282,60208380,
584280,65169,249137,147789,2224259,3573162,5944240,
442627,38134,77670,53363,3650316,2933819,4952400,
3018756,259171,582854,340751,26464752,31095289,51939100,
3156243,212225,250769,201047,28928359,27439011,45539480,
407388,43315,150138,92610,1586474,2662631,4437640,
4806518,373423,374558,196641,47903963,39485824,64946880,
6024931,430968,240810,118108,59319210,44160162,70165720,
3584797,317094,660923,360942,32274769,33785527,56471180,
6442514,478329,301682,125514,63364972,51436283,85499020,
2054856,169870,270475,179164,16322452,18078262,30119940,
448429,42550,182950,123540,1704507,3272959,5454860,
1409,256,1477,1375,6058,45298,150000,
825999,92098,312265,167529,3227771,5014053,8267220,
132413,15674,62925,47291,626948,2023419,3439920,
3584426,245925,417594,148861,15273041,12383771,20605900,
7160586,677773,531513,196776,52477921,45881919,76469800,
4766231,509788,391707,130969,24617395,18792522,31321120,
8564536,809962,989901,474413,63664811,57036572,95094480,
7587480,719745,576514,229232,66443931,60806497,95931980,
9676283,895868,758089,315634,78582981,70230970,108251620,
8560002,706090,639951,305236,81204251,73876511,118627780,
6623970,473759,290335,154636,62360326,46245270,77004420,
3264646,269366,435847,231163,35022016,33154703,44612360,
6391687,440318,390562,268179,63973427,48311598,60899520,
2558486,198032,237745,146147,22626510,17609928,23816400,
1778460,136755,199316,109852,14535810,10059683,13732240,
6062341,462742,306521,149231,63690497,60111631,89847240,
5294583,423510,540871,284548,47773053,40041499,63324860,
1457419,112692,145662,74853,12983858,8809143,14553100,
1577400,137039,210064,111539,13565443,14641607,24482880,
3290331,262669,301927,163660,32162791,31361245,52283680,
2160702,163717,86988,49986,21527199,20654293,34391220,
1417271,117009,198610,126890,11017149,10980825,17860460,
2850024,219469,384354,260770,25246031,29201017,45515420,
3931417,303217,455703,268973,35877399,32806524,50705400,
5951355,452479,403839,194176,57289882,46316474,71361520,
7038176,513742,296261,131040,71885620,56499243,86941000,
4190641,319339,427693,218232,37997629,28913048,45541880,
5564661,425517,342270,160310,55279090,50652025,78725140,
5919732,446263,394563,205164,59917023,49025424,74764400,
5909998,462562,472150,246775,58420623,53583615,76644120,
5269856,386949,164565,96292,50567041,42845618,61146720,
5335085,428952,437802,243990,50507143,50691452,69274560,
8181125,589200,413715,203366,76531146,53516506,60288440,
11020855,819068,606017,277250,109475629,87155429,83140960,
7350490,548108,547385,233184,78692432,62038227,60339440,
9260523,650753,612805,375131,95367927,87060829,87482360,
7735292,557316,531722,301178,69866724,44436870,47865540,
1872505,148001,207384,131903,16236213,13475705,15623740,
2952137,234954,306696,160347,29323627,24438833,24947760,
6103001,419548,576846,381041,55276526,47869460,49637540,
2276048,173650,141661,72872,25741578,22515459,25430320,
6732840,492157,368827,193917,63883691,47387486,50004080,
5705467,434351,376629,212586,55098227,48096897,53392760,
9213584,700678,533317,265108,90401750,78021588,87295000,
10609764,783651,608227,277778,105721695,79594352,88440840,
5040698,354248,212449,90559,52449858,37944862,43355820,
10305858,770324,692675,339391,102077923,82786758,94315500,
1631488,123915,184651,107696,13121594,10123161,12458820,
5245111,383072,604245,402352,56421665,58216634,74937680,
6608109,513810,433023,222057,65371135,62126535,75605460,
10699133,769045,476863,198616,107067264,76158263,87291140,
11120892,850262,557276,286120,108283653,103687758,99433280,
5780481,424996,412524,200369,57246913,41879148,40824560,
3517045,250673,200636,132094,32482355,20579210,22420260,
1455779,116758,223989,131070,12166421,9680113,10473340,
2880705,271933,231974,35537,15313601,10414437,12446460,
4832538,373983,499126,285173,44099990,33826547,38103400,
2511726,189364,207517,121315,22440651,17784887,20388860,
499304,44706,101702,66570,3556957,2937337,4238380,
591065,58906,198464,108713,2352015,3217563,4811660,
2702863,198998,138646,86036,27851047,25045227,41742060,
784082,41719,484222,394464,2708965,10821790,18036220,
545354,55968,207980,141630,2264586,4235988,7093960,
2654708,208601,196333,125638,25250880,21793489,36288560,
5177495,391095,506325,298244,47328656,40487726,67479700,
423592,37623,75110,40953,3435379,3239861,5399780,
3402225,298641,558138,290083,30168379,29419799,49237040,
6578290,478092,372830,196481,61635510,45741177,76090660,
1574289,112717,83543,63281,14496740,9127108,15201640,
1193120,109199,273943,159005,8029324,7490740,12518680,
99916,9462,29450,8862,343677,484065,739280,
5716781,443688,457584,222683,60702933,52205972,87092620,
7151686,564413,498463,230147,57937363,49515793,68591680,
9849047,738016,619811,172523,85417726,70638759,86806180,
12804841,1060550,772279,286336,109952090,101409650,117451600,
9109537,609681,630011,131427,65041905,42189372,46725680,
11656368,942501,921407,332935,95772219,87964460,92210280,
6784583,454034,533192,131065,36412458,26495294,25169520,
5594774,356372,452625,27210,30172496,20118945,19089620,
10596898,838520,715257,299631,99203787,79357815,89100380,
9330927,697768,526432,247024,92115368,77653121,99573400,
6918176,510568,464338,231831,62825174,43581503,56999740,
4356101,313804,291539,141513,39094454,25692548,34547300,
8612407,631451,486666,192450,94304209,72599251,84248340,
7432853,532458,382708,217827,69529728,44403609,53442500,
1294046,103705,368794,276738,9106226,13387552,14089940,
1094921,102705,296772,160952,5937963,6202500,10266920,
1170880,97403,235405,99365,8009354,7465846,10951920,
580646,49250,204550,20916,2538206,4520979,5681420,
1289984,108269,509754,253016,11164190,17937135,22421320,
1206675,107010,336952,98545,6661041,8526513,10545340,
1157717,116199,296217,113588,6075462,7266358,10250880,
3278761,248652,270932,135861,30350765,23576974,29757980,
261515,16452,23909,12281,1216767,1335297,2258940,
2562736,202028,617075,165237,17890898,16910919,28151300,
1909373,155380,221042,118227,16266149,14133109,23578720,
4157660,325356,453886,222137,37997055,27929915,46755580,
2388896,182044,214149,126792,20539473,18786653,31035600,
4468022,324023,273021,172411,44602829,37409168,62482520,
4703863,361365,320699,154950,43928616,36893852,61455700,
4732402,357378,333999,173428,44536501,34241829,56969720,
397698,41351,147034,90573,1543617,2258417,3764100,
2878850,241092,339648,167650,28747413,27314426,45733400,
6233725,464848,218916,122922,60695593,56446080,94004760,
4147516,299896,248224,133830,37426245,26243854,43613900,
2810495,229162,331809,171970,30648818,28469152,44498520,
8142431,604682,548151,292493,75658327,57605212,88464020,
3812026,277618,278450,138836,35714277,24077445,34914360,
3385190,240748,161326,76642,35384620,25598015,34322020,
2264774,169405,208590,104230,19895402,14083995,19537240,
5825250,432570,404001,234617,56579033,45980065,62192740,
1981856,149612,272635,173632,15733984,14193093,20498940,
5145945,399165,413448,207897,52676637,45178610,62442640,
7300597,504079,381619,241905,68796863,53376808,71024360,
4320458,348160,466112,232517,52238121,50604342,70352800,
7506637,556049,416077,196239,71708511,59004146,94718540,
3734612,288114,436771,231491,30689156,20830066,32044120,
2065706,171858,310793,170167,17433418,13086364,19230740,
1172053,82996,71926,47872,14618795,9386653,14752820,
1705979,141527,234520,151701,15065393,14157770,21745700,
3393506,257888,285525,154153,31181327,23741271,35617960,
3229054,243491,286021,168489,31138706,21383984,32612140,
1501017,121091,227255,144405,12228249,10362480,15710220,
1568158,113240,279565,213824,13868651,14365235,22220540,
406723,43045,152036,90668,1590406,2883863,4806380,
1018583,85994,195756,122024,7687383,6493873,10823160,
506447,51141,177797,124042,1996939,3021975,5067800,
1055497,102069,295086,162108,5780377,5990154,9942440,
2081170,151686,93773,60274,20827479,15483352,25805800,
692895,61483,159611,102802,4371068,4001324,6668680,
397423,40385,146374,93003,1544838,2170380,3631980,
7016992,534731,496441,262270,67307198,54434134,89425360,
1665708,132849,236410,117112,12942008,9788333,16002480,
24578,2422,12139,6704,1244782,1064890,1838480,
6080165,458348,411749,202249,60892520,47774888,79584380,
5172300,393285,364796,176549,49866518,43578968,72324080,
4009875,320241,413046,232421,35102028,34384077,56626720,
6925917,527395,474931,220506,70279640,58162140,97154380,
5269417,382756,202733,106787,53228258,44762921,74435780,
5927605,445071,481765,278456,60432710,59365430,84200720,
6394234,478827,514224,284725,61483952,50997365,63212960,
8789651,652947,509898,248292,88839251,71502096,88422460,
4190817,320584,301118,155917,37664880,30296600,36544440,
57912,6930,25482,10266,249740,545126,822620,
4936355,390056,419552,194133,50120304,44737033,69110000,
6866150,509022,356706,185815,63472301,46630030,71586240,
1868808,149226,269056,153256,14020574,9970331,15601340,
1438454,127380,267157,137779,11916919,9940199,16567860,
4392501,339938,252660,120644,45756318,39343337,56670160,
4481595,328058,301671,149399,44371981,34216395,51870680,
8516507,645640,546961,251101,84961716,72473355,103174440,
8052890,593839,370317,171281,81535467,67358560,69293040,
2118389,170430,262301,136752,19137403,16046111,17762920,
3473498,260225,253890,112796,36039945,28015025,35390720,
2599532,198667,233640,135226,22748184,24070982,33922420,
398237,40852,147244,92019,1540354,2544202,3984540,
97894,9280,26585,21328,351223,544950,908220,
864868,89638,301541,164616,3384309,4538253,7563760,
393488,45450,142207,82095,1642651,2438920,4064880,
2483578,215572,568138,117565,13162454,10961454,18302720,
6383723,453293,658185,111424,25404938,17979822,29966440,
7034114,475625,199373,92050,28988084,15986752,26711700,
7746128,523424,343818,158689,32500943,18930793,31493540,
7757963,578292,477675,244162,33692737,19983336,33305960,
7332266,492000,330532,131835,30894922,17306495,28857420,
7942423,546417,371564,155337,33499233,19102346,30552260,
8193139,563855,243549,81025,35094968,17753800,26382300,
9926523,709517,561402,242994,41315977,24214425,33249060,
10446855,780340,455760,184963,44388143,24521183,29820400,
11737056,887542,618320,296206,49670764,29310429,32340780,
12256347,889402,538642,243935,51291990,28902586,30345660,
13118703,1082515,477034,224722,63884142,36465337,36512480,
11488677,1055610,860296,338908,71442013,55298289,59974800,
12134601,1135629,660576,262843,88489518,77577697,95838560,
11148952,928202,729022,243505,79499803,60351048,84474160,
8306592,923131,751391,329998,63415276,57296900,88492800,
5730538,590005,494631,189917,41833016,35672349,53235960,
9177017,888352,1024151,466859,66995472,62260805,94269420,
5075669,545817,538569,200762,29228635,23916046,38769740,
4609983,517725,537855,213004,24923078,18820279,31296360,
4694326,542321,643547,271293,23622472,18637027,29156020,
4758863,574435,444742,149561,25275318,18240309,25826540,
6415989,664504,612950,261961,40802379,36557964,49251780,
720185,76784,216164,125524,4006299,5352476,8706180,
1750001,140107,211119,121779,15201228,13115384,19736820,
3276811,265383,378767,205654,29786881,25707448,39144280,
1491113,109067,66735,38967,15680128,12199715,20332860,
885386,93026,320799,181097,3502596,5313342,8855520,
2185413,173214,229534,127797,19933607,16237708,27062960,
3419827,267501,283281,149606,32993447,28980237,48378900,
4296236,337589,369299,180541,41751104,33098529,55301700,
6753104,488254,337981,155340,69317197,49812456,81846240,
10240379,818217,740763,291121,88244300,63621455,86918560,
11270775,1162959,583372,236835,60749553,43485797,44498140,
10415828,1020754,752466,264498,65639041,53737383,59716640,
5039379,571439,519478,176263,25582933,18208578,30346120,
4714087,538968,377536,88020,24479262,16137459,26181480,
9663749,898171,1069374,529231,85462669,85535550,129002100,
10905048,970574,849729,396684,91310074,85226806,121685960,
11346127,1020586,870728,375029,101706555,95027978,128391960,
12296610,1094886,859982,368548,103101101,94988005,119930720,
11123021,1002057,767299,299898,90207673,65663566,74557920,
2958261,323436,399611,206786,17655892,17565141,20094200,
991307,83875,173899,115847,7553190,6506370,8778320,
1469776,126224,204818,116470,12742655,11435059,16527220,
5347368,403463,366487,194373,52051917,38599556,50486340,
1788414,124014,77494,42989,18410890,11642748,14853940,
4035582,330685,427205,230188,35095555,33435277,40540880,
2301508,182572,242144,121301,22325857,18348548,22908780,
2391617,187335,246172,153627,21040766,16920090,24280160,
3551495,272219,342071,183735,33401270,26255909,38313720,
299505,21874,17689,11656,2850397,1878562,3130960,
1230361,98294,366842,180255,5758894,9392309,15700780,
5686296,616199,458538,176028,29729014,20665845,34639260,
9792344,858170,463355,206312,69120074,56163405,93417560,
5766785,675789,545557,172420,27543475,19748485,32924620,
5142791,561481,419273,121229,30177384,23448621,38575100,
10634656,954257,969683,451453,85742589,76124479,118906100,
9182382,840348,780343,334780,75240077,59724570,99010540,
8054266,756474,620273,275167,60367258,50217580,77115900,
7736089,764471,792773,352025,58084596,55836153,79918740,
13726328,1249726,884853,328197,109743452,91829269,109873640,
15206020,1232887,993994,449935,142847843,124640392,118604240,
12387851,898018,648213,272493,124744062,93122209,88703860,
14982284,1220548,751721,204282,122974860,79663122,76053960,
8942346,666032,647501,348178,88271222,65269999,67999640,
3275266,236988,196724,110553,31945217,20745484,21792080,
3382642,291030,494923,276243,27556403,25122012,24382380,
2191322,174181,232295,131021,20534345,18738184,21457820,
4483367,324927,203343,112314,44071481,33249881,38962100,
805417,75536,197284,115027,5594940,5535065,8057420,
2387600,176124,185904,93798,23060108,14855778,24300100,
1368624,106881,242034,148550,10455627,11082002,18376940,
7204472,680221,694732,220798,50924894,39978414,64017880,
6771736,703549,256429,71596,30800264,17104959,27791220,
9137798,879840,762075,312729,64687646,51814486,69245020,
6519333,723996,614161,189028,36036942,25903610,34511260,
5852775,679185,770666,321624,29326428,25773835,34365060,
6610990,695136,683799,270795,44664504,36524728,48763020,
7329051,763753,512963,159525,46854028,36517184,48597720,
1097056,121416,251412,141624,5482626,7955397,11199980,
4159420,313156,359738,175227,39267737,28960659,46094680,
5155215,409597,554329,229964,48325587,46126357,70974860,
2830013,251895,523555,230023,25530709,29323558,45284180,
5415984,411931,326984,121028,49561645,49174378,75525240,
4462799,363607,533110,223490,42689274,43337696,66786440,
9810986,780714,860283,375862,89917998,84765115,108398760,
5220627,392416,467841,231382,47876541,38828482,38052240,
1324635,105842,191781,104225,8929490,6855558,9615860,
1286306,85930,364678,51677,6333941,6320051,9778100,
429071,46038,160489,89874,1677634,2999998,4864360,
3566101,289592,325356,180163,36399983,35332321,58835960,
4707230,351150,301030,156921,42671980,33934556,55381500,
980338,81816,165847,104689,7301829,5649697,9324360,
5551,576,2929,2450,28361,72034,120060,
2781565,213148,243129,119254,26275678,20122215,33537200,
396930,41538,142878,75874,1535079,2216756,3694580,
1000896,95997,289976,154142,5170079,5230972,8752200,
3624675,293250,337010,165688,38330520,34811611,58172820,
6521558,470731,276966,122928,66758680,51922993,85225180,
6721760,508072,417597,189720,65494982,56617547,92838980,
6928649,523352,424025,198562,69000447,56439876,93418360,
5783211,422241,334718,190057,55765282,40394205,62176240,
2007098,156515,228811,142023,18105077,13879327,20584600,
2670674,193317,111623,66499,28004263,22131398,28540100,
1059363,91639,181458,111761,7570020,6393317,9646140,
901907,89454,269716,165779,5176047,5296553,8368640,
2012993,167700,340025,178451,16068105,12380144,20633700,
884365,66865,307915,234484,4971971,8709868,14516360,
346606,25970,143315,120521,3801707,6353176,10875400,
4257219,284268,819586,641579,35366233,43271680,71944040,
4604957,314412,735326,572193,38365001,43914481,73066060,
4296371,327659,488229,295180,40863117,32825764,54709600,
6183461,449640,786054,546382,55364255,54667757,91112160,
287500,23382,109602,97893,2285000,3963884,6724340,
3642635,279768,375225,229406,34699804,31814929,52951920,
6823385,527995,632199,381275,64121043,58937379,91251740,
5291299,415229,503466,251437,56751775,48111734,71290100,
8867107,719178,980030,534211,79315870,71780384,99233840,
7646060,556726,308149,145523,76056344,62440868,73316000,
5141309,384786,803890,597218,44769632,53154365,63354860,
10248611,778588,1085188,738441,96265698,104051436,105440740,
521339,42899,203755,148471,2279532,5041725,7451500,
1495814,90441,581803,477439,8776133,15650629,24776300,
4736158,424334,444144,185175,42463466,43402509,58551280,
10382391,876865,763058,384660,87278227,74143613,97903920,
4368537,321092,319272,163525,42400362,28890104,35586560,
1860384,142497,187332,105429,15440276,10550391,14065660,
1282223,128036,410963,231588,6631088,7338351,11827840,
949298,67911,60930,36553,11863287,7954353,12668200,
4144243,315787,347137,174378,41451398,31397437,52453640,
4107542,298316,282203,159101,39513130,27116263,43004320,
898303,76028,141311,86985,6779877,5504769,8379200,
969789,95308,292150,169796,5501429,5725830,9543120,
145,53,402,380,715,11649,19420,
803602,82949,277660,166476,6391920,6902401,11670740,
1831849,153668,272851,161164,14231818,14260342,23590160,
194454,21883,76916,50154,727752,1168843,1948100,
1162187,121495,441215,250963,5068996,6419398,10852160,
1234564,90598,79006,40423,11485891,7680879,12762640,
1882293,149437,208680,128278,16367176,13193782,21989680,
3445369,264525,287662,158912,34012716,28125521,46909840,
2661405,211810,260026,151750,23616931,21991797,36687140,
1284030,120014,265688,156689,8804898,9643673,16004700,
349795,26868,35083,19414,3066606,2186641,3644160,
1768982,155222,301849,190605,14895461,14375318,24026280,
3465738,262886,278728,140251,31860807,23695241,39423400,
5986346,465093,371544,187511,60161813,55732018,93001060,
5719297,448315,510390,253119,52145790,46786935,77977940,
3179064,239391,143483,56012,30353730,29069361,47562380,
398381,41658,143635,76901,1546657,2177500,3629160,
3044514,256685,437124,230453,32053178,29537253,49479080,
4018675,293079,171382,104143,37073151,27569897,45733580,
1979957,172408,337979,174698,22882585,20967403,35163020,
5101550,374729,264796,108174,52064995,41954141,69893800,
6768608,504699,458128,216003,68176235,50995355,82110020,
5122960,391098,309311,161833,46785744,41264967,65443500,
1421780,106143,51533,23138,13229849,12366725,20036380,
3187258,265785,452268,223653,31736082,29795925,41615540,
9530540,713765,528705,240554,93098838,77425871,103162380,
2516665,192572,214175,113568,21733977,17053038,24834300,
2982582,242993,351644,173549,32651240,29072172,48633380,
6497679,473373,254396,103794,63785677,51842606,86353000,
3529660,274195,340383,214589,30472395,33593887,55860640,
4334559,335258,281698,134118,40586390,38195479,58707260,
460064,47781,149725,92375,1872632,2840793,4377980,
979851,63995,601411,480181,3432223,12467772,20851840,
3764161,291367,329175,185005,44243375,43801479,63988560,
8300205,645260,1080938,707112,75550990,87515643,125084000,
7907223,538322,970264,756830,69183519,80623123,115522820,
8706535,599155,1160082,835054,83316804,85987896,108193320,
4972619,324759,796246,632368,42930878,44754758,59257360,
2354342,122569,581131,515336,19409982,25146052,35972600,
3678830,282353,298280,152183,35086927,29135487,33149180,
3372929,254053,280612,157012,31779348,23009444,27456340,
1261422,86089,593584,466281,6221429,15375258,19842340,
538286,41261,264614,190602,1950997,4908990,7865840,
2341575,174927,129210,67355,23912931,18152687,30394060,
3787929,296699,404728,202369,31478487,24008752,39857040,
690914,61796,152688,83928,4357341,3838072,6396680,
1321775,111193,201931,120139,11266371,10660494,17767400,
5121350,397127,385202,186565,52961995,44149736,73683240,
3930691,283086,154879,65554,38753031,29366279,48840400,
398531,41595,147351,91516,1547473,2390974,3985040,
606133,68279,256621,155933,2345950,3674731,6124560,
996262,83015,165702,96811,7870648,5986881,9978120,
405059,41991,148472,84966,1566344,2131585,3552600,
0,0,0,0,0,0,0,
1267432,125163,395231,219232,6578860,7170841,11951520,
492335,54880,162137,92213,1976760,2725030,4596280,
2353049,192498,252214,151498,21531979,17442755,29044240,
3214046,249256,280050,151226,29862991,22778219,38030100,
4460201,331916,234741,113225,46398433,37557226,62612720,
4699822,357117,324396,174748,44990413,35599703,59279780,
6380802,489833,450863,205323,63962544,54587390,91028460,
4083314,307413,454841,291559,38656177,38647465,64374160,
5429656,400426,307027,147254,49800086,36147444,60184320,
3493814,269374,220659,101768,39232124,34245744,57189900,
8183347,629069,610201,286882,76906206,65397421,105984660,
3288960,246541,256165,128550,28929184,20946830,34661460,
205931,24059,87618,59379,815729,1404051,2374140,
7448926,594054,660149,299522,75028583,67453831,104008860,
8107978,600113,365022,163905,78498009,62956470,96897260,
6078503,475278,473628,231835,62012826,56929793,82111640,
3699152,282894,245234,153584,33941105,32201970,45914460,
1520211,108687,93430,59679,15050129,10556426,17014880,
1213833,118534,317448,178203,9392246,9618217,12793440,
1364309,92779,71918,32686,11751452,7998711,10062540,
2687452,225345,466434,253623,21968914,17722236,29598860,
1647569,131744,215530,128922,13551124,10223405,17000240,
20011,1440,2056,1256,43025,38050,57540,
598754,64579,234329,135076,2253144,3259943,5433240,
804995,62519,94773,46332,7559270,5968293,9947100,
803919,82155,286452,151464,3132544,4199819,6999700,
701406,62956,168578,105714,4546175,4157660,7074640,
2412961,173495,116323,73567,24550110,16998896,28204860,
5920107,556856,756559,451072,44185742,39423764,54745780,
1185258,197493,182030,91595,5745376,6140204,6054780,
1761617,136317,753310,551303,8292269,18695919,31193560,
756443,64073,372090,297429,2808693,7483553,12438620,
6799221,494390,363777,147585,71523104,52389675,84036140,
4760204,348677,555910,354617,42659247,37963540,59629840,
648669,39725,225054,186579,4026400,6525918,10870040,
1717649,145808,266629,155597,14760455,15462518,25761200,
2442932,185814,221591,132513,21832231,16855965,28134800,
3751742,271584,270053,168462,36779997,33829183,56285520,
6617717,517769,636960,354060,66384816,61249678,102309460,
7585388,556421,383489,168963,74537950,59778915,99578220,
6539547,497391,480475,243864,58889509,49873210,82948460,
819276,61711,278143,204474,4748130,7889772,13149560,
64702,7810,46814,33985,1342804,1735769,2975180,
3875871,303900,374378,210655,36517182,31239965,48202160,
3845776,295527,365424,205738,36668793,28468992,44244800,
2843535,213930,302271,176835,27556646,24490086,39328440,
1604290,125255,206162,129027,14998676,10912488,17978320,
1241485,85576,94235,77149,11788516,8802135,14704020,
2519274,190174,276011,164769,23399148,16983578,28272080,
1914331,161322,349333,141029,14620108,15045392,21622580,
2202728,188568,507375,236412,13959235,14919983,21200920,
1785824,155136,370761,135816,13105924,14390105,20556820,
2548999,189505,272610,84253,23532371,17603097,23505500,
1776254,157722,381674,145369,11134989,11712322,14603980,
1517090,123701,208460,123201,11679396,9413424,14067380,
352778,39277,136735,82488,1360835,2469045,4019920,
1708490,128751,518585,137671,7956660,8863946,14739400,
321,76,522,429,1547,17914,29840,
867071,83980,254088,161652,5019593,5026882,8378220,
399251,41167,147545,90776,1544701,2224894,3708060,
562858,58551,203556,118444,2138502,2920063,4866820,
678319,70017,245161,149033,2715261,3788520,6314160,
7217,893,4313,3640,27762,90510,150840,
1212323,103632,194618,110065,10318433,8918032,14924520,
1806471,146692,220283,124287,15773748,14321398,23844540,
1104621,77085,55664,39201,10710469,6582267,10923640,
742836,78176,276176,158439,2904176,4176886,6961520,
308148,22790,24137,18058,3168334,2119130,3531780,
397534,41002,145171,88867,1543174,2149963,3583340,
553792,52568,148977,83325,3166058,3143156,5302600,
848561,72874,169321,98259,6188525,5006168,8296340,
815821,85307,314937,198258,3163476,5014589,8357520,
90582,1858,77241,70304,283157,2847801,4746360,
704724,64552,164399,97630,4705612,4465387,7483680,
1419589,124243,241365,150824,11315225,9902382,16540060,
127776,14364,51992,36558,569623,1153634,1841940,
657296,70630,255562,154779,2521008,4074785,6839060,
194118,19071,86539,56667,867285,1765354,2894480,
436825,47070,160181,91491,1742011,2763795,4624520,
1603965,127960,203265,121413,13585647,10003875,16663220,
414855,43062,148241,84362,1616907,2309567,3849240,
763113,53494,401738,320079,2704807,8795021,14658280,
360027,28833,179361,132564,1364305,3411512,5685860,
767609,69373,168241,94585,5373666,4761872,7977640,
1096533,100115,265744,161599,7082704,6557565,10895740,
0,0,0,191,225,3552,5920,
1588839,125147,204572,122752,13895388,9867931,16446700,
999556,82762,172990,93985,8462240,6493872,10822880,
870121,84418,254268,145066,5030822,4914854,8191460,
396473,41140,145045,82852,1533283,2047268,3412080,
406561,42103,144595,80451,1585344,2121780,3536360,
777136,62524,234707,169228,4630471,6714206,11198780,
1005657,84947,179237,109454,8021700,6630368,11042400,
836104,74326,261905,176249,4972265,7676442,12866740,
929911,44338,602202,504800,3153858,12863452,21366380,
308284,21499,15524,10427,3793192,2371298,3952100,
398008,41489,144759,81498,1545298,2227125,3711800,
1201693,109515,273175,171790,8844370,7391559,12335140,
918418,77000,155494,90277,6679424,5447946,9125860,
1384268,113270,205996,115472,10818024,8458075,14038600,
1003118,85419,176810,111418,7873358,6487778,10812840,
998161,83579,174774,103201,7986011,6483121,10805240,
1007720,84778,180765,118874,8536837,6614599,11024340,
934141,77430,151654,83782,6965458,5259964,8798040,
483279,50862,179065,95918,1899885,3003940,4972720,
0,0,0,0,0,0,0,
398474,41359,147512,90202,1548847,2123461,3539100,
397582,41165,146063,85084,1558612,2169951,3650440,
678302,62083,155012,91922,4624402,4078816,6770280,
455464,46810,172631,106922,1768866,2668340,4431760,
411991,42931,153697,92677,1605481,2330827,3884700,
867444,84480,257062,153208,5021606,4872681,8121160,
2184879,170300,238134,129893,19783378,14230812,23717840,
191857,21892,88657,56571,741924,1187984,2012960,
536050,54525,185429,94399,2089178,3094128,5153480,
74643,7584,31257,23110,293890,616041,1026960,
1283526,103264,181850,111901,10835103,7902915,13137380,
1171080,106294,272658,163991,8422125,7083949,11806800,
11660,1870,10189,7779,55601,236485,394140,
574077,54835,157069,95428,3321597,3308476,5548020,
1224066,113763,314304,192157,7287291,7120200,11833280,
429710,46834,176791,115423,1688758,2989392,4997000,
1566903,122543,187115,108277,13132604,9196964,15328080,
625520,46529,40785,28649,5819433,3761129,6268440,
404704,42775,153356,92517,1579777,2577171,4295320,
1889449,149852,221203,129274,16481320,13731111,22885300,
404475,42837,150632,88150,1585681,2339325,3898820,
1725880,123793,351753,262972,14502683,16835301,28105140,
627385,44163,29696,18803,5797771,3686013,6096580,
958060,82835,171173,100610,6966650,5707660,9559900,
1348726,126521,371810,214189,7771030,8041581,13355880,
498989,45422,218222,156250,1872233,4493978,7490000,
1886740,146882,219331,129284,16651383,11900174,19833520,
0,0,0,0,0,0,0,
1468983,128999,266979,170316,11315871,10109031,16895300,
1254888,121519,261013,156611,8587536,8931773,14839480,
398667,41582,147374,90613,1550530,2337484,3895860,
1191625,87277,332047,236428,8967550,11251032,18751900,
592929,42671,29977,18424,5666599,3734900,6224760,
1678893,132442,212839,113797,15734877,11309280,18887760,
1060865,101695,308299,177671,5303008,5847027,9704020,
397617,40763,147431,93663,1543358,2110510,3517540,
408541,43269,155879,94274,1580034,2379822,3966440,
249814,17137,66883,56729,2165366,3578321,6070620,
970940,78901,308832,217060,5924990,8176103,13586320,
1827097,142572,208376,116035,16109902,11467874,19071920,
599290,65134,242847,149334,2489005,3529935,5883380,
710682,63042,162843,99189,4384677,3888151,6453260,
604304,43515,27236,19867,5708321,3491324,5818900,
398035,41729,145884,83875,1545356,2154007,3590000,
802332,82008,292505,176021,3114822,4250342,7083860,
972006,82969,179693,95050,8477460,6829615,11439460,
1323532,105042,187016,122773,11515409,8286090,13748600,
1407826,98646,63395,39834,14640001,9099322,15199200,
829363,74734,176011,104892,5251516,4852377,8053620,
397072,41195,143025,76707,1535593,2071168,3451980,
1124569,93774,146438,96548,10322074,9762814,16324560,
960270,91920,230897,120298,5673496,5720366,9487820,
7428,832,4446,4120,28997,101802,169640,
399028,41355,143576,77621,1550215,2079923,3466560,
802330,82664,293497,175811,3114669,4173529,6955920,
112984,12478,42084,30479,492135,849093,1477740,
3022136,266639,737401,182720,15698471,13810261,23003620,
4733900,362485,691670,27658,21961105,15829707,26392200,
7488884,460154,352601,210454,26831617,20891760,34820620,
7363472,605790,426147,207576,31354457,19679872,32799400,
7276087,453684,260385,122061,30202439,17651877,29476860,
7167652,552948,432178,186623,31225820,19234599,31999520,
6309942,392621,224141,61881,26377426,15303861,25500280,
6409479,470362,464387,196497,30729262,23090666,36112180,
7794104,593824,535528,264227,34485280,22915379,33463980,
8075169,544974,322125,114928,33689474,20256230,27292120,
7699842,512244,561036,263935,32464369,26200169,31298180,
10865552,774874,547141,281333,52035060,33337894,36637220,
11580004,834451,581587,288666,54559296,34490429,35893240,
13701042,1054388,674718,339411,71116220,45254582,44986000,
12429761,908941,500251,244690,52807346,28776468,27331760,
12831211,1010463,648168,337192,54282723,32787025,31190960,
12536860,1021866,496770,246278,53527417,28640472,26746920,
12978850,1041779,598022,316172,54821161,32020410,30381840,
11268902,927586,780324,371199,49105063,31658231,32504940,
9936037,996448,418276,115297,59881668,45436064,54935740,
8396265,764792,585737,218189,51052182,38636980,60483020,
4936177,569393,544904,213084,25146762,21911323,36027780,
6537496,672504,638938,250151,44513999,37476947,57492240,
6538919,702077,635473,242718,39756279,31289597,41661460,
6476385,718303,520359,137762,36999279,25342231,31771740,
7341042,819058,712219,235504,39024779,28550545,32040900,
9217358,923734,800911,318555,66484883,58804054,62267660,
1007124,97061,241620,128912,10310990,11786570,17429640,
5647305,434373,483143,255393,51698072,42479202,58378380,
2015570,140337,65553,31519,19204645,12794227,17894300,
3491009,273761,327859,177589,34719173,29200547,48814960,
904372,71353,140271,71263,6558936,5442383,8932280,
3201290,257766,345295,192244,31303619,27382492,45774360,
3583327,287127,355540,198715,31963248,27709249,44050920,
6468001,457914,235477,119100,64900539,45711269,70955680,
1076689,90588,192379,114056,8221961,6980297,11322020,
698975,62410,156079,86441,4780343,4189854,6983180,
3059647,255547,365973,181230,34718100,32903467,54852720,
8756006,693286,647970,267842,76261504,61939198,93332780,
15269515,1402570,862880,275410,120284012,88934603,90748720,
20891243,1854067,1188573,443526,164835947,134998983,128506080,
10733571,1112178,971225,345996,65179841,48619966,45785580,
16845921,1521482,1463516,576589,143575378,131564825,125233840,
10038740,1080812,1059478,270545,55245752,43492779,41397920,
11611168,1156520,1033607,289695,79346686,66483927,63317540,
9367891,837712,855386,332751,82228024,72751250,75937140,
11422415,850184,626306,289138,112455668,93415881,107198520,
9220717,663998,549458,243401,82065529,60189086,75099220,
5522588,446806,841195,321750,54863844,54711771,65362120,
5853284,438569,222264,111580,58330471,55183487,55643220,
578280,55427,155782,90592,3916385,4480527,5192480,
574409,55977,166646,100359,2853071,3424759,4338720,
3183012,255377,287810,157576,28771595,26965973,41520460,
1613037,127706,205195,123738,14622452,11298207,17190560,
4655748,329059,194400,97499,47088871,34506606,47001000,
2158487,176969,239623,136324,19791239,16841968,23505180,
4596851,344708,354551,183764,45400976,33625978,49251700,
6604239,497973,422559,200670,64911724,54369096,77832760,
4189693,326661,370254,204545,38130754,31600270,36876040,
10161070,928229,782650,236818,76251168,59220340,66590440,
15800881,1458191,899340,369435,109960440,86982993,96647920,
9184989,955784,822796,314396,60295344,48138542,57202080,
7894218,808978,661320,230722,48056198,33258250,44150820,
6004760,705231,695496,260067,30321819,22546844,31424220,
5588736,638051,437857,94912,28954879,19000399,26431780,
11163556,1009421,1020721,494933,93836271,89269733,115724700,
13362019,1156114,1056793,517628,105248542,89678161,108994800,
8612967,646081,523836,247504,84777422,67858404,77669220,
12842897,964066,891227,387870,131593374,103469279,101284460,
2855472,204407,154479,61612,25850643,16717245,19014640,
4503757,479747,402904,101368,19752775,12171373,17387660,
3065123,243744,311139,146241,32013881,28952582,42111700,
4272874,309160,269937,139606,40539758,28371162,42049280,
418117,43340,154831,91859,1615608,2289447,3636600,
884271,62781,37870,25404,8833885,5430275,8434200,
1295062,104552,187722,109324,11121288,8205439,12896740,
1591310,115145,339251,261418,12098416,12884679,21508100,
1318065,106302,165696,100667,11448295,9095174,15176400,
2633626,207331,276166,153251,22530997,16657609,27776020,
2321141,247027,382118,124145,12170964,9008287,14936000,
7458217,797600,334119,112477,34752335,20262038,33770040,
7146832,733034,535046,197119,38384054,25138859,37839420,
6465414,708921,617930,213496,36485547,27059906,36028480,
5616002,640451,603406,223771,29789719,24683647,32906060,
5524326,642987,467660,110817,28623508,19828281,26382880,
5919737,682867,595110,180984,30129367,22124435,29504660,
5310640,632909,595916,222197,26998098,20885289,28241020,
3453678,387691,372756,144754,18609530,14502340,21569720,
1234901,104863,238638,130433,9489094,7828894,13047920,
1912419,154026,221024,102656,16917998,12649392,21124260,
3859014,299346,311887,163857,36069248,28392535,47366120,
7352730,554094,441557,205477,70274732,57161379,95178080,
2226672,170908,194445,112851,19600839,14512204,24208740,
717132,77197,267210,147253,2938079,4572280,7619920,
60382,6395,27732,13482,756872,970764,1682840,
8008467,614862,679262,371592,77418808,65569595,105525000,
7310786,556473,393812,201900,66682773,50394621,82972580,
7080758,498131,282614,115919,70314429,45721991,76282040,
9236866,688774,585880,249901,90123158,68084377,108302420,
10594719,819893,807755,317716,101194365,78807191,121258740,
12550005,1060840,798148,301056,106267658,85640723,126772740,
8889132,831100,481074,191599,56754117,43821048,62922540,
5667269,658713,463515,121738,28779528,19561727,27555040,
13874407,1236258,1109208,490645,116032261,102673151,121582880,
11968703,1118220,897867,346255,86619833,62300660,75133700,
5811714,664543,616308,219391,29650132,23145892,31852900,
1390419,143776,312770,186523,6215697,8644599,13571080,
0,0,0,0,0,0,0,
7261835,567691,590463,302397,69662418,59679299,92981680,
6821251,512313,501620,264633,61314353,44319886,67302200,
6069899,449068,394046,184521,57662199,40658882,51264060,
4635786,344434,395088,225032,43472686,36295197,47542300,
6510410,471265,272382,128754,65349253,48637188,54761660,
3141518,229123,332215,201804,28808833,22328527,26351760,
1041912,89798,196253,122307,8610320,8149621,10346100,
768146,68997,163300,101175,4754915,4348881,6426780,
432477,44247,156714,92605,1700966,2381884,3969900,
335776,26083,23126,13238,3098650,2310476,3896120,
710919,64189,164636,97919,5303618,4674454,7743340,
804007,82111,287812,152998,3122420,4156274,6927140,
1044444,98914,274669,164127,6929939,6389543,10749420,
3649973,290030,446132,300886,31859231,30555168,50762980,
2954209,210623,126127,74536,29473017,20864409,34773800,
3043741,230324,272300,156633,27738629,19325968,32235920,
1440837,119470,190165,113151,12564224,11136460,18657520,
563822,53038,152110,84291,2867980,3424083,5590360,
2504123,208151,258340,131157,25096973,26034685,43578180,
3251920,236438,99319,44270,32347042,30103999,49986420,
398329,41935,143098,77592,1548019,2268147,3780200,
1093405,102410,293016,154869,5924819,5823523,9705920,
2607298,200484,219513,135816,26189836,19438030,32582580,
6752761,685395,796118,239090,33839396,26895560,44672900,
54290,6202,10045,4889,149293,268775,414180,
1545026,128558,197742,115355,13283023,11965239,20041920,
1024148,82927,162884,96239,7280591,5527917,9118280,
234531,26741,106885,71747,928119,1380010,2333660,
854657,75120,203245,116522,4967909,4649345,7715120,
524604,43589,72004,42119,7721590,6519558,10964480,
3258889,273313,299891,203863,26841395,19984202,33240720,
2796323,225369,386185,217362,24491058,17988474,30052400,
2328083,168456,130464,93212,22664439,17189796,28530300,
2764292,223372,345900,196041,24520325,20161494,33568540,
2611307,191363,118305,72679,26240768,19374533,32290820,
674963,70576,251950,159960,3159805,4130387,6883760,
3386098,262676,296268,139624,33222315,26201704,43669460,
1055062,69521,117690,90459,11720834,9963147,16672480,
2696375,204747,520532,345227,21425898,23861110,39701380,
673548,83514,98654,85527,4998885,5311581,8852600,
593752,57737,169362,104025,3508933,3910416,6597980,
1531511,134342,315269,179714,10896337,10368769,17187400,
3549453,267031,175949,96942,36732211,32315327,54019700,
6651027,522660,565639,293079,63999283,57529358,95889000,
5678937,428105,267261,146130,53610963,46537733,77563840,
6652623,523797,537130,259979,70261747,65902160,106125980,
6319133,469666,293809,150807,58838026,47681299,77420800,
664048,45037,27602,18221,6100243,3666571,6043340,
3521000,288694,448311,241766,33142158,29739509,46467900,
1677604,113647,164478,110632,17231964,15321755,24144900,
5638376,415227,362343,178857,53648255,40375301,60961300,
3575775,280139,424958,219635,33199576,25775796,36059640,
2593638,188759,115913,68890,25050180,19989230,27572540,
635716,69501,250210,151478,2517958,3899187,6239660,
337770,38995,152743,78951,1242173,2402499,3784020,
731479,67037,173951,113599,4930511,4537611,7562580,
569273,63212,244071,150396,2172311,3296088,5493440,
1521386,110072,83272,43624,16592538,11647906,19413280,
3811205,314183,480162,242803,36183492,32487107,54372340,
4462495,315796,185962,79728,45280321,34254061,56862140,
1106614,110051,345554,203669,6050641,7349997,12261180,
1977222,163884,342131,197240,15250852,12590640,20976260,
883008,62276,39414,25869,8470813,5162338,8603960,
1504801,132448,306116,181145,11770249,9704975,16225840,
366262,43579,142093,72994,1348041,2273063,3738640,
2935242,234403,516873,340138,25132318,26987766,45042360,
2135852,164730,205141,111953,18186645,15575042,25874680,
1502075,106183,74443,47836,17025144,10882191,18200220,
1150483,96971,227874,130296,12256815,10269524,17246040,
1068496,94779,183299,95371,10928805,10118733,16714040,
405648,42393,145356,78672,1575081,2298218,3793980,
797150,80157,278532,147929,3093820,3901151,6501860,
0,0,0,0,0,0,0,
715488,63995,167878,95169,5225696,4449690,7416180,
1398652,116391,227190,121335,16696090,12506939,20844600,
3587464,277219,282137,162177,33491128,28501158,47535900,
3943515,304586,292929,163512,36921515,34214203,57050660,
3752022,272733,198261,92786,40143768,29068798,47475160,
3974012,309633,491046,301549,34624643,31740608,51356240,
1948581,150559,177271,86410,18755936,14590513,24350720,
1681702,129738,189158,112501,13733039,9816747,16294240,
798565,80331,287721,169426,3101239,4086335,6810600,
2946,498,8140,4707,534396,556212,977940,
8083068,612082,544002,237672,81939450,63275508,104858360,
5501117,399963,325947,170767,49711582,33332876,55058640,
1118338,102341,250057,150753,7663203,6553645,10922720,
1125128,101131,236103,131422,9356548,8824756,14832360,
6666602,491473,299412,131961,65649525,56920994,84274440,
6459070,509485,592851,240067,65343536,60951509,88274600,
1228256,114000,340271,120791,7665592,9345312,14534220,
3406116,259897,369578,134937,31777345,27503653,39898080,
3039214,271620,655516,284049,20979106,22119994,31574040,
714531,73995,116836,27080,3464516,3181862,4544300,
2417852,184849,242351,136995,21725951,15568930,24840520,
6246871,465367,429110,196200,59733652,44151692,73561960,
1199715,87179,400046,77449,5718902,6407599,10679820,
3751322,311977,433599,206477,37484356,33396206,55586320,
7663572,539250,310718,133194,75591510,51361362,81649340,
4898097,359661,329772,163734,44645358,29155430,48492260,
5565952,416521,496372,236471,65615327,51011405,82196860,
4693106,311635,322823,237564,44837217,32372122,52921880,
1560225,86447,939813,767102,5392360,20438545,34102360,
443687,50374,201330,99046,1690947,3364758,5506280,
398790,41372,142609,78558,1548364,2202364,3670560,
525690,58482,208994,128718,2299005,4139817,6933340,
684057,59967,174110,73698,3943874,4599629,7694400,
4869254,412530,1007649,189534,23820960,19362315,32313500,
7327530,420774,170724,70444,26998367,16166210,26880860,
7400632,522533,380517,184479,31329983,18980913,31634860,
7446427,457329,306891,131742,31025030,17754188,29590660,
7346771,408480,178215,55264,30420771,15706350,26206900,
7690109,583234,426204,208890,33921025,20051166,33475660,
7496194,531938,472390,204653,31576236,18583139,30889060,
7479233,523726,378717,173885,31562195,18234737,28732140,
8759929,690591,414036,201136,37490968,21104769,30826740,
9153180,660778,294795,122505,38740929,20796177,27854460,
10980515,780374,927390,605343,45271501,35035758,43101280,
7454896,626862,595193,220418,33593459,21619657,26561140,
7335814,803589,336757,136820,32694962,20644128,32108540,
5499727,535748,437145,157361,25543936,16677799,27762620,
4195442,468550,310908,72437,21040470,13570941,22618280,
4367316,490118,527597,220912,21942272,18333942,30556440,
4812851,544351,606713,229260,23877669,18140437,30234120,
4248119,480275,502108,213440,21417891,17392641,28987740,
4119253,494839,475413,192335,20841065,16042291,26737300,
3879224,444179,313425,75104,20093918,13257819,22096340,
4379118,498489,464943,158191,22184446,16228229,27047000,
3495128,392992,413797,171882,17386195,13607164,21156260,
644544,69256,275954,170692,2447530,5357308,8927620,
396888,41246,145132,89393,1536325,2120654,3534340,
0,0,0,0,0,0,0,
398806,41699,144317,76707,1548796,2057841,3429640,
1218411,133966,511235,299064,4771099,7251347,11803840,
398198,41434,146462,89998,1546593,2142744,3571320,
541341,56617,205829,133197,2096714,4381159,7301980,
0,0,0,0,0,0,0,
490652,54976,162055,91314,1973509,2829837,4716380,
2107838,233399,354490,141175,10946961,8270120,12812820,
6578645,693314,525277,278534,29226963,22772384,36988780,
6188568,590035,466071,223799,27950884,19775876,32954820,
4923912,655982,463414,162843,24642435,17883188,28373000,
4607958,528337,478443,159477,23377331,17429496,26814600,
5058918,573282,637575,243774,25181460,19600149,30154000,
4800005,547036,515064,180793,24303750,17984643,27668720,
4698575,534273,499291,186447,23855432,17547455,26996100,
4354065,499563,347233,82308,22560977,15127912,22434240,
5055290,575791,529138,179209,25622068,19081618,26832360,
1509604,171832,263220,151736,7079046,6936156,9447460,
3122028,456733,511135,274048,15912586,15089095,24725520,
1238529,124399,263416,147048,5211748,6354444,9879120,
0,0,0,0,0,0,0,
398006,43564,154184,79992,1545340,2346969,3911600,
998265,108370,407503,224150,3848799,5911390,9852440,
342543,36785,127799,70645,1378096,1878438,3180800,
456074,48781,174363,109884,1729963,2809673,4634940,
0,0,0,0,0,0,0,
398140,41461,147134,89260,1545571,2185233,3642120,
738199,77387,207498,99334,3339685,3584545,5990280,
4564095,496341,395030,120207,22340572,14323870,23922340,
7716252,805110,408708,169226,34013001,20013841,33322260,
5131158,590989,473877,132996,25429017,18321843,26874120,
5050282,576547,517644,182165,25622121,18484965,26407080,
5582165,634091,769585,325541,27606331,21420950,30601240,
4722206,544262,383309,95027,24528232,16337256,23367880,
5661089,647111,739115,308466,28301759,23448284,33525560,
4946033,561462,522209,208027,25446241,20996545,29428820,
3525603,392394,438064,193234,17438395,14827239,20073320,
422194,44315,160948,100483,1674998,2688157,4480220,
1350,299,2064,2671,11966,95106,192140,
5557434,596695,636788,179692,24229094,15839975,26399980,
1103208,183549,101724,73439,4464856,4859571,8065520,
403179,42066,147916,91422,1567609,2399382,3998980,
796105,82019,280338,149055,3090691,4047942,6746460,
12592,2090,11354,8598,57758,239154,398540,
801021,87154,308167,173718,3112476,4766757,7944620,
123318,371,107287,100439,372297,2910925,4851600,
398024,41367,145607,88859,1545473,2218403,3697380,
410681,42770,151551,91303,1599187,2323212,3872020,
3112789,341920,199006,58221,14963806,9151506,15286300,
6165762,689628,640286,271719,29181976,21839227,32148500,
5247790,599374,429048,100882,27042804,18153485,24177640,
5550726,634305,567802,186971,28221918,20947324,27929740,
1395407,153972,359905,195046,6069125,7021641,10983880,
48442,1030,40584,37731,152362,1816746,3027920,
975424,77826,483067,351780,3635976,9505850,15772620,
95415,9018,29026,9964,308529,524642,770840,
398486,41350,147520,90370,1547181,2146824,3578020,
457944,47575,149528,93196,1855749,2409952,4016600,
3905,492,1405,923,16492,47256,78780,
618008,66587,249000,150280,2369497,3734330,6291400,
566306,20807,364159,310592,1907331,8577866,14227440,
400790,42038,148010,90990,1560544,2370380,3950580,
1022896,111393,394882,233997,4248582,7177272,11962040,
3952,518,1494,872,16751,74760,124620,
600724,55299,261430,177735,2279287,5577428,9329680,
284287,29344,106139,52714,1089774,1525991,2509440,
398546,41572,145748,89931,1547407,2139219,3565340,
400689,41984,152366,97389,1555116,2246869,3744700,
52095,7304,25464,18386,241629,633199,1055340,
400207,41896,146973,83790,1577534,2228103,3747420,
442152,41714,178989,109367,1648716,3332521,5520360,
397969,41581,147137,85985,1545156,2183935,3639920,
818435,84692,301288,168332,3185267,4704277,7862900,
3908,493,1415,382,11309,5039,0,
401449,42068,146856,83064,1562007,2184363,3640640,
396552,41055,141552,78438,1533759,1998484,3330740,
403019,42229,149583,84527,1572943,2265958,3776600,
396092,41056,141099,76196,1531231,2007299,3345520,
0,0,0,0,0,0,0,
421350,43649,145823,81749,1636132,2185253,3642140,
396864,41430,147713,88345,1534620,2106917,3511560,
397821,40945,146758,90592,1544367,2105990,3510000,
797735,80524,279247,150806,3098865,3903306,6505420,
0,0,0,0,0,0,0,
443702,47581,168596,103953,1762380,2686136,4477000,
400200,41436,145394,84494,1548839,2149024,3581680,
404543,42836,153010,88604,1574544,2295579,3826000,
396627,40426,145653,88160,1532050,2071719,3452860,
157044,22196,23827,8068,697849,1356058,2277820,
1165453,154034,268805,110768,4869722,8879197,14798440,
1156491,153094,262774,110490,4825862,8902108,14836740,
1091839,147058,238953,104607,4582337,8896810,14920940,
1648214,202529,428095,190009,6753857,11632892,19295340,
832651,115569,167049,73969,3552291,8472184,14120320,
1514443,199600,427212,217688,6528318,13017568,20147680,
1532247,200940,434319,228575,6393781,12840520,18290180,
235697,28152,102658,63684,936473,1816869,2847000,
583001,58997,199896,102504,2285480,3455304,5500040,
265,32,320,282,1115,10014,16680,
3675213,399646,584749,210951,16984899,17420448,27082820,
3351811,422702,506419,200594,17784073,17451858,28892540,
3254513,400932,344394,154754,18548007,15965396,26541900,
3787961,488525,793400,375183,19600758,19646302,31655400,
2516212,275529,317894,123416,11861024,9668482,15957060,
671181,58748,288883,202150,2581677,7631281,12718520,
396385,41247,145431,89714,1532729,2181594,3636040,
125811,13669,44569,29573,487212,743966,1273800,
616825,63507,224516,124425,2366532,3093016,5121180,
50245,5811,19893,6897,219706,409046,681740,
964842,92428,521060,353437,4502278,6821203,10505740,
2020235,92171,1670969,1268175,9465682,24641164,37944560,
1816381,54021,1569660,1263573,8279118,23895057,36820140,
2384802,163889,1224324,918630,9722075,30484730,42648640,
2029209,215147,817299,450506,8899292,20646681,26855160,
936924,89729,330987,109604,3908813,7149913,10595740,
0,0,0,0,0,0,0,
