c4,c5,ff24,aa24,INST_RETIRED,CPU_CLK_CYCLE,CPU_REF_CYCLE,
6894961,525955,3072449,2063358,94162268,166451893,158776900,
4724692,371808,1864367,628543,65082487,78739274,74944820,
9588651,480817,3098644,1242756,160442031,186067945,177276400,
10507729,600877,2209786,924255,178415678,207777134,197875240,
10627562,775626,2631051,1015888,163946250,191162186,181932940,
9480723,584946,2163308,1066725,154920731,184479958,175735880,
9892999,760761,2780270,1764209,146057745,195783602,186523040,
9851898,655600,2831752,1690588,130709642,179308599,170770440,
7753964,592576,2565763,1619466,115581062,168212899,160193620,
8323771,544837,3074698,1873996,131789989,177674298,169163880,
11161709,808182,1816297,924347,174948586,200313709,190791360,
10456913,650983,2364458,1098742,171154905,198101527,188668420,
9990511,581376,2418750,1363161,166224410,194177814,184915520,
9402438,518656,2450011,1167008,161950063,193027301,183783300,
10401337,655811,2651804,1253315,159671969,187639763,178649500,
9609348,623302,3071672,1674254,147492739,177259406,168878080,
9490164,599209,2950775,1737057,145299304,184392775,175644320,
11362552,961909,2877395,1202723,148840301,190105379,180985180,
11793253,989890,3296621,1854018,125041764,162860048,155106660,
9601044,635814,3084100,1846813,140870283,183190685,174481240,
10629907,816177,2423564,1298676,153135609,190310358,181266980,
10389411,732872,2172027,856216,169157877,185853453,176932820,
10539068,696765,2379254,1338938,166542453,196098005,186866860,
10407245,763316,2621092,1387255,152382676,193183207,183821640,
8976583,661904,2803010,1764584,131841158,185288349,176539720,
9472556,663444,2868984,1700840,153921078,187001257,178112780,
10441974,722046,2046576,845146,170426343,189597345,180528840,
9073866,454418,2116275,979127,160177904,186561747,177688340,
9342766,607070,2819060,1599788,145115048,186869576,177947540,
7988998,593229,2934375,2016176,108955264,177908607,169323580,
10334394,685567,2528790,1404379,152237823,180379500,171896460,
8955628,551269,2401746,1069689,157666040,184466986,175580220,
10182331,581138,1731277,1009904,171765698,195865036,186673360,
10802086,654982,2443103,1249184,163275090,200885762,191286640,
13383412,1360186,2346271,1300237,153009284,193976351,184696960,
12178113,1258171,2371657,1357375,149717191,180843058,172228020,
11684924,1262883,2583768,1546366,122078957,174011483,165727680,
10977432,1097394,2518698,1487952,132402334,177632344,169193660,
16601883,1960037,2320238,1196063,164561256,193649573,184460680,
13822333,1419226,2166053,1317182,147385179,187168563,178246400,
13374457,1417136,2409498,1361365,143851689,176467587,168143420,
16118907,1966533,2644249,1362647,162370475,201374330,191717080,
17868669,2264602,2957608,1535540,157227894,206023236,196231600,
12926571,1245837,1691027,842460,182465882,205699858,195896760,
16428438,2234764,2316459,1285417,167568259,205972344,196194420,
19080694,2519918,2270173,1115092,176318657,207923215,198003340,
18520827,2558992,2365933,984921,172440766,211274951,201208940,
17400138,2264574,2687513,1205735,158565542,199656553,190110960,
14055275,1606254,2717279,1519944,149763161,192191023,183122480,
13406423,1017539,3112429,1680062,137215143,186414483,177433580,
12273852,806138,1931195,1131156,146308493,174648030,166466600,
14286518,1017388,2029023,1211113,156433380,188886706,179822600,
14962098,1129669,2072557,1250037,159123561,188084256,179151440,
14174008,879358,2079490,1263794,174321167,198113434,188682720,
14555319,1133133,2111401,1382729,162581984,196088518,186726700,
16628787,1520075,1915573,994484,178974590,195864660,186559720,
18384597,1603422,3059512,1562438,163400378,195360264,186039780,
17373128,1460410,1816000,1025521,176658689,198027648,188629520,
17846316,1437632,2086438,923529,188501155,204083226,194296200,
14961143,1060397,2269478,1102365,171636611,200628766,191091480,
14866876,964520,2517763,1446385,169984168,200593946,191031420,
15461580,886704,2215610,1221148,178670118,199474566,189951740,
16793448,1490823,2681443,1359857,154676485,184653071,175893220,
12432618,981324,2392396,822232,164305024,182649578,173961620,
8087096,397499,2954116,1683983,144654444,180097704,171543400,
13565886,1126261,2815634,1417632,158898149,195325053,185974000,
13295262,944144,2763297,1489386,163350829,181530007,172931400,
12163021,822339,2098491,1395354,163433761,185857831,177037840,
10784845,732711,2689946,1602259,160969231,192966169,183732520,
9102825,613273,2802812,1636757,151945378,195086826,185817560,
10947568,726401,2381089,1160756,176797294,198822873,189344520,
8512508,455254,3239778,1938233,135607393,182598620,173892900,
11175438,794268,2466079,1277557,164192233,189167649,180146020,
8752912,655642,2489603,1502494,139449935,171601155,163474380,
10136035,853257,3262078,1708329,128085433,180393388,171707980,
14143690,1405419,3035319,1585516,146908286,194486665,185265560,
12759853,1112992,3561084,2080328,138615242,191540651,182431480,
12934398,1013587,2662762,1173362,169913529,198266606,188819200,
11940099,877739,2331891,760449,172189437,190693427,181623620,
12774803,924195,2459522,1157488,176977533,200676945,191125720,
12525753,940915,2699309,1458236,164720697,195906072,186583700,
11531918,910139,3217974,1809659,149562241,184111342,175335780,
10293756,756470,2779203,1615102,138641688,184205931,175427000,
9814996,753751,2688484,1201181,134995910,156818560,149341960,
11371749,769402,1976646,1032627,180177939,200574119,191096140,
8111891,395724,2517949,1352226,147042708,182410079,173700260,
11787674,817294,2197525,1354178,159659314,191398119,182230180,
15715130,1029503,1984801,1026738,186468023,202108005,192513300,
8405147,503969,2032582,1020954,136403030,159208693,151575420,
9633620,768597,2994067,1824260,123762811,169860359,161839580,
12449662,1134978,2879419,1480634,153484574,193563117,184360640,
10096510,564624,1595164,595961,171121007,189209808,180126300,
12680688,1053577,2393589,1098344,168293824,195231197,185948780,
11723211,1062679,2882768,1586866,128922328,170650689,162572960,
13270559,1260533,3031775,1398549,157239842,184397740,175572960,
13096820,1180896,2715612,1244227,153845755,174175017,165883860,
12054087,986728,2983817,1508248,148435633,183552315,174799680,
14187495,1360798,3133931,1515547,154016692,198189501,188726580,
10617073,756294,2127421,836950,158271606,173646586,165415360,
7352218,396555,3251781,1815329,112250034,160214139,152550400,
7934549,502778,2883794,1661215,122574122,165804410,157906640,
8868146,606154,2542581,1290255,139122654,170856343,162702020,
7673024,546066,2903066,1516426,122299424,163511030,155762280,
8133543,627604,2784197,1553128,110926130,152788139,145532000,
9932681,632939,2996444,1417196,147446413,188188813,179184560,
12167663,776152,2299448,1213400,176420151,196788070,187424440,
12653816,888738,2222134,1327281,158108178,183899702,175223860,
8994161,733951,3497821,2040703,95389927,169847409,161731400,
11991109,1052336,2748827,1148579,152192286,178155869,169615240,
10740482,699908,2194073,884742,171038289,187461074,178629040,
10450137,675279,2397777,1250520,156369953,183031606,174315320,
11335186,833222,2827261,1445947,157541092,195404895,186120820,
10995502,732002,2029880,1080165,165507275,191574610,182381800,
11321933,886283,2223144,1168598,159034676,181614252,172998620,
13150017,999411,2537709,1054638,180017791,205414451,195677460,
13163875,1060086,2566963,1243674,171386240,197863830,188402960,
10100331,913463,3215226,2070110,111281829,178046030,169591600,
10292657,864056,3502211,1981519,115775853,172158457,163907600,
13984507,1368346,2799439,1385853,148224410,183786771,175028680,
14133205,1120894,2726013,1263848,167979706,194478151,185247340,
12192000,862609,2407554,1143417,177332371,200764365,191181260,
9293496,529921,2429604,1281123,157989102,181565163,172901820,
9205682,633238,2857823,1563374,148038274,181778243,173160420,
11000373,810664,2217713,974528,177467282,198778723,189339640,
10143029,598543,2959770,1366892,158912208,194687755,185386120,
10105076,697257,2509273,1347583,168349896,193508256,184325820,
9389634,720396,3225901,1538842,134735522,176612551,168194400,
10319839,613856,2369737,1035430,172564355,191502440,182330860,
11827520,778008,1918218,1048525,175900879,191846495,182729000,
9012652,618680,3105168,1950058,119277245,175510899,167145800,
9408823,696475,3127788,2154126,119402229,177770906,169282300,
11735591,928128,3231285,1795537,140053993,173989097,165749100,
12781618,955990,2664958,1103730,165865156,197368951,187983840,
13427649,1039468,2644607,1289276,168022587,201174570,191502700,
12500489,957765,2897458,1656584,158891309,193234841,184119900,
12865475,1117248,3378082,1629003,157980875,197873315,188438280,
10046725,755298,2476062,1367066,157604512,183482919,174731000,
9332444,493016,2592858,1250772,162889911,189569328,180546320,
10177167,506207,2615712,1262432,168454936,203840110,194130860,
13675397,1053725,3162834,1082210,165223952,189264635,180268820,
15847825,1127926,2555694,1290149,158170619,187991080,179049980,
13279039,922922,3013032,1798247,134159038,194107248,184848080,
16861614,1333462,3219502,1763600,162276139,191330269,182221980,
11666246,795425,2768555,1485090,123585496,169439509,161333400,
9927645,598850,3192354,1973257,133999129,190803940,181875020,
8920407,417855,3116029,1945788,132674756,195385413,186065120,
11632920,415450,2294717,1437617,160338853,205488920,195754920,
13673696,869510,1015228,512744,200876412,208126281,198203060,
7521201,179574,1631660,1099214,153626817,161729977,153938900,
9258599,484023,2775193,1797560,140655261,183395130,174692440,
8380262,553269,2428479,1580386,141949339,184443735,175719400,
9123048,804201,3423113,1857475,117125040,181747204,172987680,
12993031,1076025,2632527,1202263,173089795,198903693,189413340,
12590377,820039,1747934,752691,193907868,205945547,196177020,
10503604,691281,2265590,1104540,168281176,193183510,183903340,
12753091,1055840,3088814,1259495,170337388,197125787,187810900,
10088512,534296,1757385,1030298,177851171,205559780,195817300,
11199241,707489,2055880,971642,178658731,203028575,193317500,
11976036,805724,2778513,1420022,174551071,199810207,190260740,
10026541,754659,3358999,2203080,125481435,184640562,175843640,
10119708,997491,3315945,2140553,109515557,172414233,164242200,
11809483,1103111,2597632,1343314,149738238,184101434,175339560,
11768083,1064711,3453679,2022390,126119949,188903379,179916420,
15402630,1297687,2482893,1116251,183493643,203864717,194199800,
11422183,812829,2984642,1257022,164711618,191303631,182157380,
10415048,656223,1539473,784955,170189915,194415187,185182260,
9925141,435943,1873129,765619,188228278,209126208,199227260,
12943213,872033,2119722,1192303,173170937,195909629,186561040,
10676413,567223,1561917,685785,171032318,184754299,175890040,
9640503,556188,2753937,1595744,163087600,193469817,184251920,
12239631,950478,2488264,1433879,170444656,200529263,191034000,
13201226,1182009,3109501,1348437,169196035,198578944,189154320,
12098430,1008660,2621514,1452503,149895518,188434910,179463460,
9544030,782011,3523571,2189329,105150126,179460753,170826500,
12782755,1179073,2552975,1234950,150843647,187543290,178592420,
14056833,1239525,2906560,1341286,157639836,183683588,175017660,
12477474,835898,2657683,1314460,169799206,199015786,189439080,
11187244,808185,2735898,1550636,157596447,192949037,183807840,
11185176,863497,2533142,951902,181889427,205374187,195617680,
9200470,571692,2276004,1376849,149891040,184328356,175530560,
8791421,463727,2290804,1103800,152393261,178592074,170060320,
18289555,2201105,2569998,1310976,157186155,201746732,192190680,
17365075,1967535,2532904,1422834,160880056,203164714,193433700,
16984452,2118012,2532435,1327639,130897756,177909652,169442180,
18736141,2484064,2556868,1280274,145954596,191409599,182364800,
19628402,2554703,2281994,1137417,162023712,205695298,195913320,
16756039,2216079,2549866,1185882,130119387,166688799,158672020,
24343692,3461249,3036657,1148282,163232065,211721136,201643040,
25657862,4272981,2874550,1361346,161006205,207766226,197869440,
18318292,2695082,1959078,1146155,175036685,207412075,197543580,
16560767,2293106,2402068,1418565,161127353,197647587,188264540,
11859770,892019,2326158,1194929,166623255,197831104,188377160,
9155187,582607,1860547,1084296,162901095,197007925,187606240,
10898595,694000,1827606,1341326,168673860,197120542,187787360,
8852154,325537,1677599,1032185,176084627,195190165,185863180,
8762467,449452,1488594,926240,168651742,185580390,176693600,
15711007,1264007,1793503,931861,170343056,191555490,182445800,
13031700,1142619,2782022,1963416,133398569,187752616,178872140,
15174106,1211625,2267647,1391556,165558692,197943045,188512460,
14373475,1117479,1772819,1123278,183678440,205614716,195844020,
13510756,1070006,2281292,1174464,172890768,199784721,190269360,
15016750,1170515,1882412,1081730,170094887,193477487,184269660,
12200981,917892,2704749,1733428,144040221,193591387,184310860,
8680986,394351,2391891,1320601,159051653,195449085,186204300,
9114598,387169,2174684,1241020,171483295,195030661,185710800,
7954585,412006,2564256,1570657,138515008,172608259,164274420,
9346701,462306,2010059,1104162,170063038,198607203,189268680,
9885115,528905,1468588,748276,182806247,202003419,192355340,
9099288,582579,2424939,1372370,146824114,185186547,176375520,
10366128,806182,2771416,1787214,146634610,196703204,187359560,
10061825,571801,2976720,1693388,147816008,189077219,180032200,
10792851,715661,2836634,1285110,169380742,205330106,195544400,
11090456,844879,2719278,1033931,152519190,183875883,175087580,
16643144,1201939,2382514,1009640,171208664,182194930,173617760,
14774418,834133,2371356,1112040,178620578,202318173,192663820,
14544146,796398,1809828,1060263,184165664,204761395,195062680,
14034464,1029998,2381740,1038922,165971950,188131314,179128700,
10822001,771163,3005454,1263663,169761632,192269885,183146000,
8865817,597123,2488147,1464613,135730346,179804217,171192500,
9321856,854645,3201879,2284598,68031528,164092031,156192060,
14354877,1070860,2514549,1683963,160491411,195264971,185994480,
9379024,733696,2883684,1454314,117343146,151945844,144719980,
10659492,776858,2780545,1102556,166030340,192652765,183515280,
10270715,629261,2323725,1211971,167011486,197910997,188464420,
11469295,818146,2752709,1570055,155168953,194154227,184927960,
13184951,1017269,2775594,1467142,169115972,202502948,192890240,
14121602,1256697,2643635,814205,174055149,192378684,183193200,
12277791,846193,2140623,882533,178604551,196390514,187051200,
11956831,815522,2112818,1096235,176374043,203951183,194195900,
11049353,961568,3662703,1874921,125715290,181495547,172863860,
9995594,869198,3496704,2262912,108186290,174733410,166435240,
10187231,973665,3521488,2209007,96740115,169245491,161192660,
12470667,927496,2969387,1528127,151566375,188595881,179665300,
12819003,1088605,2382202,678623,174656011,190248780,181190140,
10245903,611159,2075286,1036884,172565870,201337149,191731500,
8037458,400641,2623981,1745212,141702347,185170203,176297000,
11168906,838936,2164407,679983,182041042,202213928,192547160,
11305357,869668,3140880,1516244,149629879,185679863,176842660,
11016062,852733,3155275,1716642,133242954,161578192,153937780,
12855158,932373,2665082,1528789,160449709,183914634,175011520,
9084453,699675,2485302,1303666,147826993,176452865,168118440,
10350097,752967,2404938,1336580,166076945,193332627,184127840,
11194251,611752,1833245,1008887,179373034,203133563,193547060,
10464641,577145,2202508,1071262,173879703,197888004,188408780,
9523743,623489,2740349,1667481,145301310,184435360,175639140,
11407525,706102,2048965,1108942,181530133,197983453,188565440,
11094975,848872,3114660,2010238,130800878,182853433,174169400,
10533463,905155,3095234,1890496,125660489,180894587,172331080,
12143736,999464,2955289,1759883,155319527,196586825,187179660,
13568264,1052968,3126562,1407954,164454944,197400956,187981100,
12356256,998365,2322001,1250155,167551741,195494917,186223680,
13428958,1271428,3049530,1361816,154494026,193863934,184623260,
12285780,788680,2377817,1157427,174500913,199002485,189572020,
9315321,366196,1546251,815644,183094533,206291764,196455160,
8120081,414833,2576445,1609879,143520974,174908856,166518120,
9687195,609623,2667515,1109131,144598612,171461876,163377380,
15341540,1200267,2775167,1140120,164885174,183454031,174717280,
13795450,1056055,2719362,1103550,154685297,181298714,172655700,
9626524,515955,2689469,1093349,153592292,180974405,172337660,
12756873,1022365,2639913,1631904,133334552,162470082,154641440,
10296994,764738,2232014,1204718,118609739,134340813,127990280,
11437401,962939,2427508,1493667,151473246,185114212,176201480,
7004091,534178,2642607,1702600,102974912,168410977,160446540,
12253903,964298,3136766,1436806,158072916,192804378,183654920,
12989847,1095618,2134820,1105555,176845537,203878921,194162020,
11860460,691025,1930984,963888,172581567,185657041,176856880,
10722711,739034,2872090,1754594,151863471,192011146,182806280,
10410011,845700,2905153,1705312,143987751,190992059,181959740,
10235567,616059,1868352,1004588,162328065,171818023,163526980,
14619692,1320910,2936638,1356980,171075742,196823052,187543080,
12215183,972226,3056793,1444839,161105318,198281751,188770580,
13226146,1061306,2586378,1132770,180231195,199632345,190167360,
9535812,647386,3026446,1448759,154085649,186420695,177541060,
7636604,311355,2065805,1238389,144124262,165880097,157928240,
10767503,745006,1935469,880041,175645876,196660838,187319680,
11393241,766826,2650047,1548120,169684858,201372193,191798900,
12990735,889238,2166865,910127,187436463,202160900,192573980,
9469904,496437,2332650,1294003,169269877,198693878,189230860,
9379943,551992,2427623,1245404,157273672,186720742,177791220,
8495445,481599,2787530,1791894,138351206,183567994,175120400,
7386272,397505,2362479,1168281,128346093,161283425,153347840,
9003121,608910,2464890,1360510,145602237,182917960,174092800,
10580507,599848,2455408,1126273,168176195,198546314,189177180,
8060117,553657,2248090,1274904,108836277,141954602,135002820,
7231701,728855,1998934,720733,65074175,77175412,73557240,
6054862,288908,2269217,1479678,114119145,162086919,154461460,
9315733,649845,2682850,1677077,146118166,186631882,177798660,
10703167,736676,2465827,1545418,159676532,195579085,186249800,
12442594,956243,2649479,1105105,167882719,193580762,184309100,
9710274,621840,2539047,1529444,149900138,185345894,176591160,
9313400,455037,2050313,959682,170629306,199542987,190060260,
9116874,362156,1822675,1029959,176543490,203414794,193707920,
8888151,568029,2525063,1467963,150869114,190284783,181272220,
9228359,489285,1925254,819242,159252081,185074618,176230860,
9447500,501320,2281208,1323404,163579614,197302219,187937260,
9260938,471335,2342821,1239558,161004595,190543021,181330620,
8810028,501134,2523925,1370228,151234854,176295439,167971260,
9008443,617157,2547399,1610536,145273942,184852599,176082720,
10400256,778667,2745375,1533317,148713209,192651193,183406200,
12075174,787015,2343401,1210741,186021647,205705750,195978320,
8865304,427721,3017759,1827287,157030264,193193243,183938740,
9438015,690903,3415987,1935665,126097357,182800143,174184920,
14959070,1101091,2991906,1513255,154311565,189728056,180649900,
11188665,775610,2185337,1170886,162977835,178375780,169880080,
13167055,831230,2703560,1378204,172810357,195506277,186136840,
9734271,465316,2250990,1169939,175924569,201663135,192123320,
10611072,762412,2030423,796778,180452930,194556154,185292120,
10693935,711814,2065584,1031454,173915050,195118837,186013660,
8281507,350064,2624350,1542388,150228515,188194400,179088300,
13995410,1143234,2668862,1662295,147980895,190274402,181208480,
12934258,933513,2967752,1760652,138975973,180965066,172255620,
9868862,675450,2592292,1351318,162703609,182975323,174308100,
10876350,805013,2536076,898907,175547457,194369560,185153660,
10161552,633938,2013387,1176631,169322405,196772215,187353800,
10551792,667218,2976210,1516272,165510805,195502962,186228900,
10603981,631239,2396736,1398272,171711282,200777148,191204200,
10743324,620026,1930783,1084372,177801563,194785029,185452040,
11318874,798055,2132830,1197416,168397344,192276987,183149000,
11693631,852674,2942036,1504751,163835938,202407769,192840520,
10298883,736143,2303827,1485431,150163178,187813632,178826200,
11269643,855764,3084281,1616735,141175780,192426917,183174820,
15361827,1251475,2716388,1384044,169800857,205926148,196176540,
15706196,1692601,2695081,1539606,149786973,196850728,187380620,
14184274,1673060,2451649,1298878,143693580,180693836,172155880,
14761332,1336465,2327785,1177287,179608586,206824850,197009160,
13139341,931078,1766999,847002,185189824,205645547,195830940,
15425999,1766275,2569437,1407211,165811465,202966307,193293340,
16098805,1743919,1997473,857022,179408816,211259094,201163680,
15736607,1712273,2208458,1136806,173071365,208441595,198522420,
14202328,1562400,2482535,1461044,148304539,193566277,184292840,
16685181,2209081,1542667,814251,175735204,205319124,195606120,
20729250,3284397,1852326,914262,179978905,213041250,202894160,
17890648,2108714,2063589,910621,175352179,209574109,199574060,
17042241,2123538,2749259,1538860,153341966,201398528,191806100,
17694567,2122155,2710119,1436535,152614435,195926624,186515260,
13310043,1364402,2968562,1800860,142112553,194377890,185176220,
9600344,530170,2345589,1423554,158843934,197307173,187898800,
11365103,761609,1419653,849870,180383752,208333049,198517660,
9912139,673696,1495611,1001509,161017235,180506892,171903160,
12718409,824443,1954708,1340941,164155901,194104781,184856340,
16896311,1320411,2388465,1365068,165416049,196583069,187205640,
16050947,1294134,1738999,972842,181694223,194778837,185552380,
16702546,1509209,1989286,1404397,160383663,198169675,188700160,
19935152,1669936,2151079,1272471,187994598,201240988,191640480,
14195916,898784,2055418,1181865,190131800,207081281,197276340,
12241594,838124,2393223,1170747,176224585,198330546,188938620,
9497934,403108,1829386,932682,178948884,201554513,191894440,
10041238,624571,2913359,1648081,168357390,203844836,194226140,
12988031,1087652,2527974,1449433,158007624,187581312,178654600,
12092971,886563,2932939,1687851,152796095,183012822,174296240,
12769211,883478,2664377,1497091,174280040,199710463,190164040,
13337511,1132230,2948463,1575589,167985294,198402037,188988600,
12076150,921346,2814978,1582767,150970092,192687687,183497600,
12525940,954419,2551043,1574638,156202877,187553634,178623920,
13831903,1098079,2412582,1183494,175472583,203929611,194220580,
11827924,831679,2802938,1664585,156624532,193604118,184290040,
14001255,1173194,3153568,1683336,165590460,203465087,193859620,
13834911,1044380,2208744,1084746,181241501,206465569,196597060,
12391647,1038146,3074368,1363512,141129353,172311530,164044860,
14229037,1294989,2659264,1519313,159139814,197429658,188096300,
9683956,464208,2868380,1785640,153763367,191228087,182089380,
9055485,491329,2661936,1614413,141719669,179707146,171167140,
9318147,503755,2547523,1397833,162269208,191608568,182494240,
7938986,391674,2584077,1525483,138014845,168836753,160854800,
9999967,660592,2348639,1352186,162014875,189842621,180704420,
10309906,726186,2192803,899381,165158466,185051231,176298420,
9203790,496831,2954216,1728450,150479401,195235510,185992140,
8495659,430597,2646783,1587500,146227069,186558504,177625360,
7756163,407113,2355164,1326442,136981572,163076880,155190980,
9808762,770109,3138039,1534850,147911523,182933420,174388520,
11308666,914004,2363753,1369495,154561442,195817981,186471540,
9931749,534792,2632447,1462005,151366429,185039510,176094500,
6876602,344174,2616504,1919169,122242351,170926143,162805680,
9547080,532674,2315409,1135453,164172171,183285925,174578500,
8769834,565072,2722301,1727717,141992278,188064978,179166500,
10410743,647809,2152483,1198603,172734968,197007838,187588420,
12471169,967327,2285497,806969,193062694,208219076,198340320,
12412040,929817,1457397,568967,195756394,209359298,199353080,
10737633,686279,2446692,1168228,175394256,203485654,193879480,
8577848,517775,2506767,1547208,139044412,182367307,173527700,
7403379,646187,3087847,2146475,89980437,162359304,154720240,
9912746,815371,3121402,1560193,115843103,158694088,151091040,
9100271,537851,1775905,956034,151444600,181590479,172961900,
7792744,471873,2794697,1778813,121625237,173457195,165181980,
10098307,603940,2256377,1064901,167073985,184477466,175696140,
10194158,727517,1957481,979985,167423604,184937068,176144740,
7722490,506372,2467927,1385358,127689190,164233249,156320020,
8887188,704326,2705912,1430958,113491937,155189611,147877400,
9442357,704582,2625943,1331447,140625733,178222277,169765360,
9152482,677531,3034905,1601838,137540398,178955673,170377180,
9745298,690588,2129473,972323,153195851,169439230,161402060,
10288223,664298,2342709,1163132,170445237,204898657,195147420,
10219466,636720,2770617,1641492,148774376,188539666,179529120,
9813761,702589,2419635,1127729,149479937,174937172,166581340,
10164623,721211,2254330,1185195,168214854,196797990,187476580,
8825607,469282,2639059,1386738,155765423,191741480,182618320,
8139245,471591,2992337,1937770,135681728,189088713,180065820,
9849655,620660,1881541,1029851,169833743,190911672,181860580,
10327282,687441,2218978,643501,173353844,186258047,177383820,
11241919,680565,1883681,748436,182998057,206766226,196980280,
10380982,724534,2933431,1620999,150891346,189800411,180720160,
11532258,851629,3073447,1165366,165719174,203240829,193594780,
12827615,708099,1743739,650795,188028668,198660570,189213960,
12722984,860073,3260054,2160532,134639723,189633201,180636860,
16631131,1477201,3250671,1686715,117978463,162571278,154639420,
14557460,1324989,1935986,589656,85442168,87409605,83291260,
8547346,521946,2804311,1953959,120723455,179909987,171385260,
9652494,582338,2564419,1508424,158599070,196035684,186722820,
13020882,923394,1955858,1172148,175736190,196376095,187075540,
12977081,831014,1747819,837428,184164273,198632799,189137500,
9826592,622501,1943395,975666,158317466,176053284,167624360,
12437775,1011921,2653383,1024306,170081035,196465425,187161980,
12851665,1065688,2652123,1319617,154231084,183491640,174736440,
10872692,704257,2628855,1033093,149549505,180436902,171845760,
11384180,884573,2553981,1396195,141308647,179560920,171003620,
10739233,751558,2316967,1372802,145144441,181526290,172863420,
12792967,999313,2713274,1441969,159243340,186885632,178059920,
12913211,1088812,2795872,1210231,157936712,191736528,182587580,
13403945,1056101,2672082,1368186,168670720,197995498,188525640,
13193681,1076957,3704455,1830569,152950553,194701467,185440280,
12669480,974752,2437185,1000182,186212796,209123999,199146180,
9641212,708412,2885044,1476030,135891003,164635560,156790100,
8630903,422516,2372778,1262202,150896931,182780635,174076940,
7877077,711875,2219113,1009807,97162368,106965479,101882940,
8106031,564173,2803688,1759200,126148923,175486917,167111880,
9709429,716075,2670573,1361010,142728337,182840258,174151820,
11562832,918406,2308118,981629,154691515,182111535,173398400,
7539907,478097,3245100,2053341,103778428,162518979,154846020,
8429380,575331,2343741,1267624,131845232,171063972,162808760,
9000395,556242,2380906,1127599,147021080,170453190,162432240,
9399888,552227,2526400,1403716,153215627,182961379,174268220,
12083493,776059,1468517,880590,183280652,194621019,185408060,
11744810,646637,1413502,768088,188941642,204622542,194812740,
9802908,603654,2096648,984321,159541963,173221865,164955740,
9382425,496527,2341038,1358208,172410436,196682023,187364080,
10703878,591054,1698385,884762,185675494,205753906,195985720,
13132899,1109592,2234625,926871,172963203,185718840,176804700,
13658154,1178651,3124248,1546428,161536062,190512077,181416360,
9547600,758909,2832216,1743822,106431030,173712259,165489660,
8546004,633219,3085863,1951637,125973113,183236314,174541060,
11467297,1035607,2729565,1729867,144800967,199602939,190107180,
13124512,1096228,2960687,1204739,168016707,193777925,184492680,
13041945,1194856,3462137,1762100,113015271,154127022,146714260,
9068053,925130,2769119,1692331,82458700,126838202,120833780,
6122799,684814,2095111,1026882,47874948,67615177,64268380,
6161748,757013,1889230,594153,31744511,43228959,41202220,
5652528,769491,1817135,514864,27352872,37418085,35611260,
11133462,1355843,2300043,918527,59805276,92270200,88069280,
27534321,4109675,3475926,1317333,147770800,207581247,197694020,
27564654,4412828,3292765,1410746,146171586,201594618,191990100,
30621951,4922973,3123562,1171813,164423294,205493974,195736940,
33333495,4321037,3524305,1253591,166731786,213795251,203563920,
28207057,4213040,3396515,1228935,153475081,204138904,194442660,
15332366,2029485,2017840,863977,86780364,101741271,96724900,
9471368,460953,747606,227319,172112703,184112670,175557080,
9903705,529254,1442212,632964,186779910,207753685,197795860,
11304872,659747,993334,542412,194774569,213227822,203123840,
11302509,636117,2074489,1187766,165773780,192699238,183491080,
21305503,1915504,1399687,798710,180549604,179979246,171360840,
22837468,2162153,2637502,1381893,173713667,190827713,181768600,
27923611,2992968,3071854,1415999,151816760,167111593,159047920,
14053396,1567695,2679446,1034332,93529606,111521678,106268640,
10908098,1118899,2460627,1076598,89258958,99809479,94948080,
9625548,991321,3334704,1882157,51579229,86561599,82440720,
14468829,1578024,2991589,1461449,78681850,99083037,94362260,
8756439,1055131,1909916,580321,44429213,51369692,48905800,
6314359,252659,1349392,846350,123857520,140977301,134344900,
8053809,290371,1593967,1043769,166287054,191254706,182256260,
8100088,489883,2825900,1808104,132808620,174508650,166117340,
10822425,807428,2559773,1213875,169155020,194366189,185196320,
8316424,422395,2524181,1439660,149928561,185631808,176763080,
9121290,482439,2283321,1461345,162577403,200259939,190739320,
8961691,603986,2484637,1397844,150408646,191124953,181965640,
10831978,770115,1912800,619250,180082976,189056082,180115340,
9988215,627719,2867988,1526232,161167184,193935325,184710240,
10649371,835460,2468007,1363329,158059479,193851780,184561620,
11069869,749560,2907176,1292346,161342778,185597869,176789660,
10263839,620305,2133878,945549,171271540,181901308,173251280,
8688967,381017,2368316,1452596,161934333,187308826,178337100,
8548865,500521,2710272,1706595,139667579,185732089,176834680,
8801445,611228,2977524,1560962,139332699,165422152,157522940,
6418506,321079,2615520,2009224,115709565,179652783,171221240,
10447706,646140,2377782,1164118,168437812,197957134,188451940,
10115417,692018,2594687,1408559,166227512,194407828,185168760,
10541982,710299,2432228,930066,172709208,197439260,187988760,
10214724,576782,1792760,705718,181420563,190240340,181268960,
9948184,723019,2583359,1670080,156747365,198797041,189357140,
10400689,645662,2627563,1539666,156300195,190648872,181439800,
7367972,766474,2040146,845988,108293174,119115087,113444400,
10446037,676386,2102959,1055973,174557719,199450022,190041760,
8434171,564641,2499390,1438785,129601910,165874617,157826980,
9373829,792066,2711991,1220349,133561409,157282555,149843920,
9114563,706494,2554633,1197287,123092357,152092917,144930660,
6703080,364556,2512955,1652720,117315435,163288685,155418760,
7894412,422071,2368551,1418137,137551356,172002093,163785180,
9533806,735241,2420885,1034857,151983974,172457424,164377660,
10269946,741642,2134542,1049351,166315375,184091337,175313320,
8404743,460753,2608508,1464606,147351193,181177696,172549540,
10454205,776172,2605511,1105938,170368738,192771510,183631240,
10137127,762245,2801231,1630318,147919700,187966599,178978760,
10985692,798331,2540735,1238035,160851870,192861301,183700020,
10454338,532935,2217578,1163238,173562527,198178433,188743080,
10960377,844303,2635713,1100847,172012049,195008102,185688820,
9021220,592411,2387360,1119878,133689870,167609037,159632660,
7227514,614371,2663840,1680472,96955595,144825414,137805740,
6429780,788355,1833160,479833,33293110,40700021,38462380,
4999299,313005,1730681,1018107,78984896,99382188,94845860,
7205089,548060,1703466,910629,99498562,116851388,111099120,
5989014,755651,1691686,368782,29540754,35088060,33385500,
1500094,185755,812366,444499,8734005,23158386,22114220,
5279966,461424,992486,562000,30055950,43069197,40959260,
163258,12667,55020,32138,973851,2021941,1925660,
4991396,136660,855638,590154,110792528,123732629,118054020,
4950421,252692,1617643,1107908,81827376,107603456,102602160,
9267682,630748,1997323,931259,157969995,192252342,182930100,
10016890,784095,2739526,1548784,137119206,168612212,160526740,
5708562,395651,1910613,839348,79649529,95654148,90957580,
3310731,221083,1336354,883158,55024585,87271931,83262420,
11156306,820532,2495277,927544,169584221,195435840,186113060,
9345161,594898,2494103,1424534,145955105,182965314,174301780,
8437294,515697,2766454,1762844,141527971,190404090,181312840,
8876806,622285,2334218,1353745,127512272,168839624,160798680,
9943534,686364,2810578,1450605,145018262,186311558,177475940,
9984703,554222,1831839,842833,169950796,186210858,177337580,
9710916,536497,1785318,956814,182486089,205692262,195936640,
10526480,646962,2160646,796385,178894258,206412097,196539280,
9566886,635625,2863562,1636770,144935193,179276352,170681580,
10657775,612224,2475505,1076493,176588578,191375830,182341020,
12003815,791088,3063549,1992274,133273455,189402485,180344460,
10011830,628667,2406322,1006917,152676434,185059764,176314260,
9373126,621614,2369094,1398048,149745646,188101179,179408080,
7628108,433434,2964494,1727270,121374077,174279164,165647000,
8902949,487383,2067335,1523922,151988696,193992603,184797280,
11226172,500460,1178471,561879,187637942,193522131,184345960,
13191788,769938,1398395,822929,193481098,206923950,197153880,
10018115,536764,2250500,1274582,160690314,201933627,192270180,
9369880,722044,3132306,1966831,124653578,182474737,173769200,
10693605,824882,3001665,1457096,144365941,184832703,176039720,
12338481,970956,2712958,1498372,161756920,183027483,174245180,
12306046,862133,2594861,1188592,172234622,203458394,193893280,
11281258,797239,2537831,1403142,162805890,198061310,188553940,
12438733,1100887,3149495,1249014,151478047,182687660,173981360,
10990052,794930,2197338,1212714,157305250,190794098,181713540,
14392721,1115980,2939943,1543021,159252402,201649296,192038580,
13182765,1022928,2774609,1432957,153372078,185255934,176407860,
8952473,492633,2665523,1654117,131590756,177110591,168827660,
9963779,688233,3026639,1749041,130133972,176136064,167572500,
8546028,445306,2542758,1331824,156093326,185106638,176432140,
8254489,661826,3024572,1862513,125594571,178757599,170193660,
8943210,631667,2738372,1721924,141315115,183454992,174787480,
10436280,607823,2484921,1006291,173545141,199701115,190154460,
9190811,581795,2441691,1250280,146945561,176973703,168534260,
7833219,479205,2511871,1513180,133014566,173839979,165556020,
8902723,696313,2646158,1642249,138199665,188334975,179362400,
11854678,812720,2588099,1262364,170050506,201781883,192192140,
10328690,705469,2967722,1549273,148128895,184260579,175465420,
10126290,612952,2403357,1014123,168414344,195499664,186130840,
9607251,584763,2271012,1146393,160206921,188218702,179329960,
9174054,507933,2564945,1468388,155788037,197467840,188168600,
8536160,595975,2785458,1734483,139160155,188993495,179871680,
10383459,808554,2674471,1291787,151441149,174332565,166003340,
8429421,594532,3091322,1646268,121669130,170470041,162408840,
8858896,607260,2609800,1529359,145921429,185579702,176760100,
9707862,701061,1713552,690148,155446649,170929522,162705960,
9474310,512652,2312285,1199816,162771512,198359615,188962480,
10425158,745873,2711926,1545373,144270200,186160222,177252720,
10704382,840905,3042254,1328150,140133356,176138132,167736360,
9682831,671683,2611546,1324190,138461082,170509871,162506840,
6542723,364577,2951425,1968867,98819597,155937645,148437040,
8434118,534264,2697496,1470078,132337244,169588599,161459520,
9277838,689792,2737703,1229347,134193375,165504761,157664700,
11532661,825639,2880754,1167884,140000286,170173810,162004980,
15913815,1077395,2956501,1439690,152601735,182163847,173526460,
10039604,764954,2924245,1688216,110606709,158806855,151300260,
14671608,1071924,1941872,957265,181681612,201244792,191692380,
12780338,798012,2277329,1095365,162322863,194037392,184726120,
11392242,889962,3255151,1711292,141948266,189853057,180781120,
10576144,767143,2811245,1544120,149484080,184152755,175380060,
12352978,1083824,3207281,1668348,149656029,188347365,179425440,
14605500,1312292,2998468,1302117,165014006,190890754,181780980,
12382556,894948,2652936,1254427,162119631,188865415,179862140,
13180024,1031090,2954715,1576027,169884765,202743491,193170440,
14813218,1301499,2663152,935839,184599674,208082939,198122460,
13429436,988698,1902758,683540,180133551,190204445,181117940,
12073981,913238,2974392,1745368,144723127,192390121,183195840,
11914583,762666,2110691,964748,185325945,206639982,196879740,
11344692,849667,1928547,624095,161731431,175521189,167107400,
10583061,750478,2581728,1246129,159385839,182660416,173923880,
7885271,445196,3304958,2218025,116212604,186148126,177323060,
9260257,724615,3266508,2087504,96700129,178364760,169840060,
7980996,557872,2977278,1921411,117373468,180546256,172014180,
7212756,528498,2883789,2013481,104326651,169436144,161407600,
9252375,490850,2578193,1347092,160196072,193782063,184533300,
9740134,473324,1643017,914157,180253903,206362269,196538600,
9239305,632492,2738740,1439612,144351126,187342191,178441700,
9443775,509629,2057059,1023881,164204838,191628262,182456540,
10621767,642104,2164055,1142451,171747116,199736448,190165100,
9955696,565093,2152379,1082367,174498680,200438066,190959860,
10854942,605178,2228521,1222693,172823462,199459401,189912820,
13115381,1233636,2863557,1263597,163657076,204399435,194709020,
12276398,815696,2586514,1155514,163952217,189691225,180648180,
8028143,509690,2819587,1655452,122158591,158124072,150566560,
8750146,590380,2839977,1473781,133951802,169840640,161732220,
9662987,658637,1859531,950691,160859172,182248401,173647040,
8097179,406707,2716028,1496803,137784436,179459002,170835280,
8770144,436481,2508234,1577974,159250590,191623156,182533640,
9835381,730869,2417980,1101924,153954751,179686620,171193040,
6592753,665111,1895352,679222,57903605,72422244,68666820,
8116629,701476,2074897,1067366,118922819,153365706,146236360,
5819698,386777,2844629,1932525,98558434,168111844,160204380,
9376277,835391,2953076,1708437,116683871,168984270,160892500,
10156583,666027,2422418,1238604,146338356,180725647,172081360,
10708663,720870,2229264,960409,167960149,192744891,183592820,
10987772,758148,2269549,993710,178843100,200862328,191298860,
9339946,488768,2081710,860822,162619870,183191590,174449820,
8758715,439887,2521234,1543180,156763794,183990622,175291820,
10941910,747275,2471818,1430800,163097221,198341259,188901160,
13057675,1321040,2342512,1349705,149973526,195559658,186258720,
18812652,3061222,1783203,822383,165187416,179927045,171329840,
14323350,1809552,2696510,1586797,153833863,195486285,186193420,
12394558,1350433,2254996,1295401,145974976,186703938,177779200,
14277578,1597428,2430887,1375946,160667355,201879209,192224620,
13803749,1202681,2012254,1119051,176290032,209043879,199143880,
16296851,1758410,1568930,589424,187362583,209052550,199088940,
17255631,2020534,2237504,1029461,180066737,207723599,197840000,
17337436,2149151,2103684,1187660,169599516,204203205,194467720,
17041135,1911150,1864943,883980,181529148,211048251,201010040,
16884670,1958978,2219994,1194436,165111766,204719027,194991240,
17252461,2193890,2750098,1202864,165723700,204411363,194632080,
14211953,1510396,2316386,1459752,164453931,198765415,189329720,
11093432,703055,2319227,1198156,169416081,196662686,187334460,
11196402,595582,2297744,1519762,141443886,174300404,165971180,
12741046,1109549,2237862,1553336,138711403,176719289,168275460,
12458269,1013709,2269302,1654751,157882372,199391944,189892720,
14221167,1128539,2068110,1273817,169004836,194600967,185315020,
18359118,1634182,1724532,997037,173957580,198233316,188834000,
21143876,2034804,2218951,1311617,178347181,205041140,195281320,
16694992,1387934,2544126,1231884,179885808,202405523,192784800,
10759263,494692,1868343,887739,189140033,205805173,196004800,
9560804,486987,1729752,1092942,173970705,200406408,190858780,
9446500,395024,2034459,973510,174877081,202457803,192723620,
10798442,745660,2961693,2111333,133696157,176130806,167858060,
11756886,792586,2515723,1397349,153973845,187928594,178894400,
9573038,751540,2960666,1561399,139831348,174086527,165753960,
9495448,602166,2939115,1815429,148154189,187359038,178526380,
14124003,1062938,1829975,857202,185218444,204282372,194564560,
11350982,721237,2186663,1340166,171260951,197811108,188402500,
10813310,554406,1601280,899176,181307590,197530956,188082980,
11971523,821136,1905589,881178,189646504,206634316,196829740,
10809281,671803,2704292,1483239,168348895,194600515,185277240,
11523602,856977,2395425,1375556,172176291,197800418,188461780,
12254733,939034,3261476,1783167,143232540,191877765,182724120,
11184281,897538,3338504,2109376,127521808,185233700,176373260,
12879446,1040518,2983857,1669155,158177394,198919440,189501040,
13731508,1203887,3005551,1386468,167469184,190547769,181438940,
11350617,996537,2582911,1180345,144245997,174631215,166327860,
12045190,955858,2590047,1314583,166057905,200395795,190843020,
13902756,1038895,2850514,1266228,169873790,192093209,182944720,
7920001,300896,1841967,1084833,148024370,175412179,167043100,
11604381,971509,2758657,1460616,153949604,190907330,181905840,
8874515,697823,3031984,1540420,126303200,151068240,143726680,
7983822,668186,1993825,1003808,93772467,105996554,100831540,
4333176,574303,1618810,793772,22281108,39700728,37817040,
9472620,745047,2706906,1037893,142429770,164833967,157074120,
8094701,580866,2332499,1252415,118207867,152786995,145514540,
7987135,474137,2305677,1307867,135516770,176551397,168186760,
10294984,882473,2979870,1502689,144023644,188415253,179403040,
12333545,1095712,2208325,1195368,161891838,199372699,189948420,
9079986,485394,2517407,1314462,142761689,174277088,165895120,
8042196,456933,2497950,1523253,136736692,178282717,169766480,
8911187,639931,2569451,1326464,143921796,177301193,168926460,
11206698,808879,2274106,1141944,178846106,192910895,183713180,
8488205,434384,2528571,1271868,155225887,189422063,180420280,
10186995,671769,2642272,1442630,164512252,192786647,183583660,
8391204,648666,2879986,1600579,119323319,165202399,157426760,
7771192,412102,2597311,1659731,135266107,161998378,154228660,
9978343,735467,3446229,2182506,129804073,186715514,177811240,
10985307,651467,2849934,1504699,162317293,186873971,177983480,
9902668,729775,2666731,1086902,148205569,175814922,167411040,
10514760,667063,2577849,1341349,169632623,198525745,189149780,
8715656,408883,2159737,1345285,162841001,199216139,189777040,
9673319,514305,2291898,1154747,167827275,193559188,184263200,
8495636,614756,2755440,1622776,131891073,178805561,170350300,
10303738,771845,2209998,959668,158490467,180231750,171555220,
9293300,490392,2232708,916836,165443069,193085714,183953140,
8383957,536241,2629592,1784032,148651801,184771334,175973540,
10510659,867115,3056629,1685756,136876411,180656854,171980120,
10141245,748109,2618584,1286604,145114151,180972663,172457460,
9467146,451088,1859206,799050,169835329,189211205,180165480,
11229627,822231,2655069,1064672,176697226,203711903,194050320,
9615825,662135,2760270,1657888,144314430,184686433,175857700,
9019736,523309,3098195,1439926,139563380,174511524,166131880,
12529092,892448,3622745,2132747,117748424,173960553,165650020,
9629133,698138,2307527,1083874,146505174,174137789,165874460,
14852619,1172899,2910357,1592636,152639411,186122689,177328120,
15621823,1220484,2035856,900130,183713894,205854084,196050820,
12202351,773712,2576073,1237985,172276268,200303683,190768980,
13189690,906233,1939451,1220502,174852981,197762409,188305580,
11253868,649590,2107971,1036747,157409155,175499627,167145180,
10770889,728117,2472608,1042681,176645719,205694736,195912960,
10339052,617611,2538873,1351548,163153892,198283770,188869380,
8349840,578983,2842675,1907672,122360470,175478124,167142840,
12755903,988075,2997055,1617085,153648719,188839889,179709680,
9437891,1044003,2316656,1084982,74775249,90018901,85647420,
10920002,1346176,2487448,992933,53200013,79217105,75444120,
12100657,1207807,2727481,1095321,85373347,100708993,95913880,
11282202,1211517,2758426,1042084,98797532,123733403,118018620,
13506040,1121812,2809280,1345095,156417485,188940150,179975320,
10822354,908430,2709397,1659622,147710986,193273617,184128120,
12938926,1305661,2489284,1201140,160354082,194456550,185105220,
12680819,1116315,2185555,738310,171460924,190130285,181115720,
16145908,2025478,3000125,1709860,143723016,188306880,179353480,
15466392,1809850,1790622,896518,176356605,199531520,189967200,
14026663,1497162,2213736,1207713,159318208,186653112,177727080,
9966784,1042107,3256741,2104233,113503230,177973384,169475600,
11587293,1159287,3235627,2116415,109339834,188924507,180008320,
18979242,1970677,3086354,1753647,145725464,185806709,176907940,
11911716,903166,2511975,1181615,158677790,186562703,177727620,
17742205,1870299,2569137,1200270,166453166,202369228,192749780,
13283742,1299699,2436857,1235386,154538402,197712692,188294960,
14736517,1458282,2160625,1030896,169542858,199270772,189779620,
13753703,1420915,2364843,1446197,151159226,187569340,178535300,
15817031,1930303,2454816,1246772,150785698,187309085,178510580,
16543659,2097613,2673701,1317243,158950182,190967511,181838920,
18027065,2537759,2258906,1041677,161994076,185750232,176869520,
16836596,2576287,2333609,1317282,150038482,188653051,179751440,
16591459,1905125,2191398,1041663,160262377,190732575,181625540,
15353999,1721991,2102276,976089,161865581,185184192,176366160,
17068429,2023070,1902126,834248,178273143,198274232,188879780,
12882563,1371681,1725190,974020,171387337,195500514,186136480,
15297989,1448742,1856515,1055754,184362376,210632526,200662120,
16624286,1555472,1935378,731346,191335231,207471517,197539440,
11303888,814909,1709578,1023556,178560368,201135252,191623620,
14193708,1090772,2027223,1296443,173883881,200385147,190843820,
9174396,748617,2718783,1878387,131070949,187484714,178536260,
14774993,1239999,3380029,1686151,148582098,195702371,186400340,
15223007,1286882,2884318,1824059,149366536,192239676,183030640,
14080010,1243063,2646576,1674300,139641455,187943694,178993060,
15729057,1428259,2625847,1563618,157852447,205789362,196055920,
17368971,1570957,2530856,1425899,154871303,192029299,182786100,
14952193,1054369,2577249,1396214,153296628,184376522,175682080,
11536504,854570,3082962,1784180,135178713,198936762,189392400,
12950518,814576,2721593,1577791,155508772,192356107,183198140,
11157012,847767,2099764,807146,167613855,181222441,172629460,
16507781,1313314,2976968,1651776,166765667,203636332,193984340,
11867727,525659,2569972,1226532,174763193,203718591,194026500,
9918347,626973,2621969,1500705,156740505,198395470,188931680,
7714709,401741,2669723,1822522,131467225,185454850,176618220,
10549492,859848,2921518,1587627,144024285,182454033,173772640,
11445652,1134046,3023397,1662287,132443320,184831358,176005820,
9304245,565905,2197003,1490774,158545234,194428703,185202860,
10813559,620774,2377657,1456548,164844840,199512330,189968300,
11643279,821199,2681170,1512758,152887832,192199572,183019820,
13452989,867134,1989908,1086728,171128250,182106391,173391840,
10596503,684926,2607866,1444078,158908532,201607005,192024420,
13804975,1121688,2853266,1461207,159171008,201914847,192353260,
9913064,754746,2404248,1181208,160519137,191358618,182134160,
10468593,664370,2473343,1356271,166296189,199303818,189883880,
8715991,420638,2078197,1238487,163770756,190712318,181630240,
11513255,879457,2848463,1558146,153748678,188355758,179424280,
12570256,978336,2650751,1444584,162086669,202105813,192472460,
13469443,1077639,2921709,1182194,164133664,191156027,182045240,
9851564,766764,3424727,2201510,123544351,180831242,172221500,
11661116,773285,2654566,1464246,164937373,197667101,188264400,
12763348,949708,2593331,1254033,174554870,197506288,188052220,
12861764,1090179,2330927,941317,169759254,193549054,184362800,
14220809,1307501,2953827,1542533,162131851,198248598,188835660,
14130017,1173214,3129492,1436764,172633822,198671572,189174820,
11650070,950486,2794753,1665630,137099068,181614343,172998260,
11137264,797592,2416847,844200,180714915,200438666,190879960,
10662312,913776,2736587,1543308,134139591,179533817,170934480,
12620512,846473,2827267,1526529,168966592,201534265,192011120,
13169876,1102420,2833093,1680716,161332999,195486030,186099460,
9804372,712611,2787684,1028107,152551545,177681986,169274000,
9484442,542180,2315308,1335737,159832914,196871694,187476300,
9306121,547628,2604382,1573940,164391494,197336500,187989300,
9648084,642543,2716217,1478077,152376528,189600264,180547600,
9954825,622496,2489756,1139632,168597910,190516949,181463760,
8771696,573888,2377591,1225359,144139552,165314158,157387980,
8517557,603674,3065484,2136248,111380404,183422564,174811120,
10764183,798568,3153793,1870487,130414639,181463965,172745880,
11403560,940979,3565469,1737984,144586833,177261927,168865020,
9251541,544053,3153122,1642418,152590142,180640480,172095400,
7625534,397120,3070816,2039827,109935106,169657155,161474540,
9978304,429352,3297103,1779208,144239000,191769732,182630500,
10060275,497220,2781039,1573808,144998370,181940947,173367180,
9497132,454009,2430221,1359631,160627154,198861731,189420760,
10073307,674321,2830366,1371099,159315349,195969251,186593040,
11111450,617454,2853740,1290939,144948681,178471964,169981020,
8168315,348763,2588773,1783293,127949475,189398378,180432840,
13788492,1065732,2067252,1401268,159211477,203442254,193803520,
10581045,486557,2615121,1717816,153620185,204306337,194595320,
11127747,446619,2795152,1900019,151095572,201933278,192289560,
14140330,983999,2688537,1102708,176442877,201505800,191896200,
10683724,574741,2588242,1512797,150274930,198667740,189222060,
8653710,394955,3017505,1764621,132740467,182118323,173429860,
11038623,756508,2584433,1739415,136857503,173502516,165241500,
13125554,854869,2546352,1649342,153440801,195617292,186249320,
7724656,480742,2825541,1717239,117146262,168369945,160431140,
9753656,576291,2713124,1820188,136637179,196738209,187310080,
12590987,1044672,3285693,2266534,121005892,197752412,188414360,
15109037,1205964,3838230,1978060,147093843,208963683,199016280,
14353769,1089932,2808324,1544845,164307536,202672491,192979220,
12488156,997706,3177161,1796923,156108492,196784652,187489080,
13102457,1147226,3314918,1356291,162336433,187429066,178442140,
12818956,925937,2530008,1368196,157129800,190730425,181753860,
11418188,747909,3177949,1922853,135526878,195715339,186316480,
9352754,617347,3055247,1885575,149422076,191942551,182826200,
9626822,635285,2505508,1243320,159796846,184133107,175304460,
10726234,734939,2290864,984653,171414589,194780762,185569100,
7723288,450879,2885437,1708712,129250512,174396881,166082720,
7179906,508868,2400209,1853442,114576884,184165741,175406540,
11729685,779896,2839283,1693281,156331227,197470383,188109040,
9091341,553359,2336773,1142606,160492130,181096462,172438340,
10385962,737267,2743106,1549442,159369089,192600323,183479760,
9886174,708607,3584983,1946871,133527964,178697995,170186960,
11427109,846726,2256469,1079989,159934838,184196245,175468280,
10899510,755917,2841487,1283809,162223080,199410138,189937660,
10212177,570748,2427991,1236498,164643079,202653462,192963680,
10289670,586892,2341695,1146766,170876414,194217410,184893540,
12893779,1128690,2678933,1015471,160782051,179710944,171224700,
14298069,1367876,3079739,1635447,147545696,196487795,187066600,
13893045,1023016,3535318,1802704,148237395,192244607,183139700,
7753994,358275,2784640,1877198,139939408,183373002,174586300,
6390196,483816,3451094,2378984,80344576,171355418,163166480,
9335742,705775,3013999,1401520,137052926,169960518,161935560,
10955068,690150,2231238,1129815,174559733,203387403,193698480,
9416761,557885,2501752,1296790,155833551,190824537,181701840,
10210596,657712,2008182,904275,173649010,198808464,189358140,
10985723,714176,2232956,941772,170915131,196683566,187331460,
8100746,406793,2423294,1236797,140390429,176692403,168291780,
11380661,1060433,2898570,1375436,153596195,197671057,188235780,
12378082,830408,2670651,1315670,170526483,200450544,190938560,
7998981,344922,2177528,1285733,144667239,175108984,166744240,
8246721,649771,2667033,1520440,117988087,158188967,150540220,
7033295,735874,1811575,755894,73169224,84016981,80034620,
5662328,438333,2100188,1037281,72476955,91643264,87253500,
5224395,497695,1368018,611308,59690143,73733851,70170720,
5783715,683650,1675815,578630,30816269,41241343,39257880,
5410703,706327,1719566,499243,26562497,39390506,37534520,
7289379,689692,2185711,1060563,83636675,107111559,102142700,
10854197,1071135,2856559,1366490,103552628,137165683,130591260,
5995718,643242,1677475,687158,33303661,49215890,46767320,
1584779,62342,285788,193639,36293277,41500446,39563040,
7391988,780277,2039910,753746,95412235,108831000,103687640,
6822160,464463,2203790,1041678,101630083,120061812,114364140,
9342760,736497,2847301,1379143,127089678,169260775,161221440,
8052410,659877,2249166,1064081,98958259,123311420,117435440,
7093252,857675,2005722,825157,42592462,60113890,57171640,
6484971,481266,2010552,958770,87173762,119705864,113991940,
4773026,486709,1618589,1124860,47129800,80652612,76964640,
10390004,729425,2857540,1308227,106543058,134494265,128037000,
7364137,461945,2396690,1436013,79058534,124985351,119032340,
2944954,259832,1543446,1138140,13335033,47382956,45067440,
8185574,678608,2424684,1201579,88708082,110064785,105008520,
5322451,377924,1888049,947662,80493064,103974595,99994820,
10547325,773661,2751884,1079379,157753829,185975545,177212780,
7764603,685089,2249622,1045321,82343738,107345395,102024200,
465322,47311,188076,163656,1795345,7916942,7539500,
6041455,718311,1819552,734738,43214697,62943646,64057860,
10392260,898064,2487975,1171096,93134562,127927807,121786620,
3212848,212367,1097744,704130,47505436,60130416,59140980,
6233478,481500,1872629,1088251,81470967,117371493,113267920,
8546622,721878,2519136,1419934,100486828,132430328,130975780,
9343465,689414,3215768,1707194,115057109,162442743,155250700,
8007866,873104,1982648,726385,73865496,77675649,73970660,
7373587,491025,2237188,1247090,116282256,139552567,132887640,
3667446,482705,1084225,378582,17416230,26460691,25151180,
4797068,616195,1212672,313734,24334215,27706515,26638760,
1432330,157070,592627,311684,7117389,14963125,15322320,
826448,75399,506906,304856,6338107,11411959,14705980,
8200599,688842,1621572,835788,87470165,93439047,89016040,
8477115,818934,2136839,689309,84414360,80516308,76960560,
4229122,229710,1049198,637292,78694557,71113592,67663680,
4269748,534008,1376875,490395,24339675,34406508,45715420,
6151873,700058,1293416,497240,66243707,71633689,71720640,
2741526,290563,1328015,649830,14308313,37059229,35890820,
6325604,562784,1743930,851650,73948953,81284107,82194320,
6298380,681845,1630853,438380,51716535,52184904,49993660,
5613157,722178,2034434,802312,39059384,60918487,67809100,
10032454,992581,2040936,883362,104164598,130008343,136829080,
8028198,417676,1973662,818437,145970633,166485977,158518700,
7523295,477809,2066551,1196611,118724973,151890428,144732860,
8514738,851909,2709994,933124,84358323,108815484,103450940,
7367131,918578,1954659,783228,46213865,69234434,65918660,
6539076,721107,2151775,746229,66060308,82703784,78953380,
8764939,881098,3173503,1565039,75131479,129763504,123409720,
4482760,551035,1385002,574634,25203174,40490017,38541280,
5913124,703187,1706145,577992,48536660,60554800,57677320,
7050932,779543,3185748,1514033,56530629,76892766,73265640,
6836319,730343,2661226,1351939,51985455,74396596,70883540,
2438862,216368,1091080,657259,29499543,43509851,41450100,
8309341,756009,1672223,800648,69727674,88019613,83917560,
10918429,798903,1752226,541708,179755564,196111540,186835480,
9288258,486180,2529792,1257281,154944931,192052521,182851320,
8838734,320571,1530688,883933,181414250,205712338,195962400,
9859391,783551,2714179,1143352,134712265,155327711,147870820,
8770321,732969,2325897,1115930,115074632,128032802,121833160,
4239883,196726,1080455,666895,82482151,75270962,71653240,
5388333,709679,1672961,529970,28255370,39809628,37755120,
4233923,515580,1151984,446397,21408481,32788287,31185960,
279703,23673,151895,100188,1421986,6027670,6021580,
788431,94457,373310,210791,4311297,10342947,9877060,
3729644,311296,884946,557395,19534941,32966974,32267160,
10327741,710566,945824,242382,47982934,37439796,41318180,
9500598,692211,523792,221626,39906194,28353100,30995820,
10487244,763788,593222,258084,44278910,29363726,31329860,
6667763,695782,582489,196161,31448571,22818156,26582620,
7724154,723353,494132,275960,34578419,24783753,35354960,
7958361,654424,1673446,1025110,92053986,97233194,113726860,
8408176,840428,1612021,980645,43219830,57257402,60269860,
13120406,1258210,2971113,1505378,133302819,168492051,166121120,
12463075,1171019,2678001,1382213,125253318,160272618,152503840,
11283084,1343200,1497395,845587,58909048,81073016,79580760,
14220351,1459944,1896693,959734,157039544,173624963,165507740,
12247169,1008979,2396615,1573716,146304773,187598759,178617420,
6662123,641670,1421208,998358,80607222,104903719,99872980,
7336380,748002,892845,508027,89035923,89674270,85323000,
5747194,481058,1200655,773902,106526391,116808326,111273540,
2644615,223772,767050,526903,75267951,76595961,73100080,
7159855,571735,1973852,1023481,94323695,112384129,106830280,
6263182,706628,1240949,303128,61332056,59195271,56415320,
5760958,631071,2007130,937680,60704114,90001788,85735680,
7843993,785174,2424971,987007,91110179,120239236,114583580,
10702677,779981,2503271,1291547,131596258,168572266,160640020,
9264952,607951,2476353,1249446,144306700,179735509,171054120,
9402679,549407,2296111,1206021,162673983,195236856,186035240,
11043916,782481,2977949,1484072,144401690,195290240,185947800,
9516287,653830,2693821,1432651,137975421,174110818,165852780,
13195138,1011532,2063422,1219376,153724192,171230604,163044960,
10283058,763358,2290181,1129274,154660785,181502391,172953420,
9044941,559681,2754921,1389818,155064346,188223479,179204060,
8991850,558809,1891801,1010222,155534033,180549629,171969960,
11345294,829054,2549102,1473789,156124540,193643172,184405980,
16520760,1683483,2810513,1565676,151514394,206468647,196674520,
14058914,1395069,2256841,1277620,161416808,196877523,187484840,
11183675,1055320,3027762,1905465,113877518,163761080,155930780,
17709063,2107312,2436522,1139327,160380393,189704210,180693760,
16868031,1969327,2324853,1078524,153912736,184158767,175364260,
22264709,2716813,2685565,1086725,177853459,206342996,196557800,
24116967,3148448,2961330,1086304,172930603,207181034,197277980,
26186599,4147178,2713670,1095509,177101116,211270030,201190560,
19307621,2788488,3116647,1488662,134994641,191652004,182469400,
19986434,2593880,2385959,1249199,151834132,207152437,197427160,
12717149,1223662,2185409,1179724,155653762,182565245,173844760,
21488595,2832371,2565789,1098554,156289749,191996284,182864180,
14851599,1476254,1957366,1141234,173446768,194233460,184934420,
11285137,802701,1733363,1187743,164577978,183427095,174681960,
19058187,1658862,2498888,1503528,145841345,189235303,180293720,
19608304,1910747,2559779,1430348,174268463,198740899,189281620,
19260564,1697451,2570710,1552168,175445835,200603966,191055500,
12519274,862549,2623103,1352031,169239827,197997267,188471880,
9359911,500681,2060240,963125,166267050,188016085,179142120,
9070015,581593,2841576,1919770,122244597,187881933,178842960,
12034064,1076102,2415756,1416833,138644710,178132671,169619640,
13772901,945174,2087333,894857,182807372,199417420,190009500,
11706423,828089,2708209,1891416,124694022,186665756,177763860,
13835073,1238833,3426788,2062000,141225526,192925601,183730980,
9192326,666523,3102016,1783162,106866745,162643909,154859420,
8092270,480956,2675752,1590648,134063700,177519922,169038300,
8645614,488173,2648630,1570292,145815444,184515320,175850560,
12304712,914254,2406327,1264391,156383626,186641536,177640800,
9632833,625789,2204755,1043039,153258081,183300608,174483340,
7111783,705056,2313250,1100375,64979921,97065461,92576740,
7986925,492903,2490450,1645138,135256520,182614130,173937740,
10729587,817556,2752458,1862565,142406993,196481078,187092420,
8970762,411487,2701668,1698508,141934849,187995219,179124560,
9501808,645830,2069140,1114400,162135499,193057056,183863160,
9018442,440069,2297901,1253273,164150719,193967544,184730080,
9845674,518655,2113995,1098258,178079393,202971345,193308000,
9867221,498616,1967304,1083059,174725704,197463811,188055400,
8683837,582175,2946037,1574296,136165023,175364994,167004320,
9902439,676783,1983015,979748,150855508,179838997,171270960,
9399892,562892,2488608,1384891,155104062,189784389,180762500,
5818381,424107,2921742,2108785,82555512,159492927,151888600,
10114121,893100,2820932,1467820,135931588,177479398,168963060,
10210029,678792,2748832,1697053,143298871,186638562,177823740,
8613994,407290,2271098,1398538,154113446,191432579,182278840,
9645109,443586,1944086,1064144,181430155,203576002,193876060,
10531030,718218,2298472,1070528,172605078,201667952,192077260,
9246904,560818,2374729,1278793,148936101,186160913,177315540,
12894593,830307,3003690,1379076,162715444,197389825,187966480,
16758793,1302802,2778757,1416140,167177000,197763100,188294420,
10735087,890010,2560734,1033719,120891598,133276342,126761760,
7701179,466720,2811087,1464241,109163278,147647884,140807480,
16883330,1365732,1727587,1047148,160396746,176200243,167660580,
9008655,836196,2255140,1365483,96396177,127684121,121797580,
10280209,756992,2891860,1269430,156310140,186887409,177841480,
10905127,721095,2266673,1145509,163895333,193649260,184507140,
8782734,517573,2053071,1251091,147746267,177194123,168741760,
8212960,451313,2260568,1452757,135135628,181883845,173286200,
10380007,726008,2176854,1114710,147825622,174339722,166027080,
9373282,499868,2097863,1234686,160563314,182985922,174274900,
9392170,725073,1902025,983806,132615541,158231822,150619880,
10991034,868895,2770423,1609231,133695946,174800068,166503360,
15435688,1506436,3815758,1851694,118637583,147231150,140145100,
13679967,1560906,3607818,1534187,69983616,82714761,78687180,
10251368,957011,2260881,1324910,114892334,145650465,138947780,
7378561,432798,2871429,1931245,111518311,174101254,165806260,
11352177,893855,2646740,1501513,157972202,192395144,183223000,
13303137,1164373,2843677,1213600,169701092,196976921,187597640,
10399675,598944,2026390,753946,172990383,192552500,183387540,
9295450,815153,2024112,539593,126547724,126160583,119955800,
5528932,468722,1723071,975449,67738647,104841933,99959140,
10025352,613572,1734780,1055567,175844605,203791016,194184020,
12497804,984044,2902217,1510943,168750650,200352620,190785860,
10117252,728748,2808791,1420912,146017130,181747773,173058000,
8185125,814481,2014557,911378,74572973,95164375,90525360,
9639313,1137081,2509185,1058379,45455402,66237593,63133660,
2880708,290985,1455416,818887,14120071,42172677,40046620,
1243554,138915,529428,280463,5746840,13154402,12547540,
7302613,899918,1984672,723265,34440010,48029575,45742240,
7108438,544721,1177235,428788,32618202,35196346,33520500,
10119435,1062848,579482,200718,46968725,30213764,28787220,
7936500,894979,917130,347124,40051621,36948090,35268620,
7839382,838848,1487054,870639,39857216,55415501,55093240,
9227591,921783,1556053,998133,58041927,77785253,77904840,
11661995,1200155,1784775,835472,83308563,80549595,79257920,
6337574,709044,1759000,484089,41648421,49280300,46913240,
2136154,222048,850137,439294,17132940,28527481,28674700,
2187292,165043,671060,333055,27240073,29185034,35376820,
4913465,505852,1905932,757147,32255238,51002238,61514900,
5899584,508872,1857692,1047169,70617445,91908181,112696880,
6176554,356390,2485579,1789632,103028728,166148819,158518900,
9296375,609962,2462306,1410082,146356597,183875686,175052660,
8494919,482790,2704749,1290553,142884746,182509696,173877280,
10605833,720564,2360139,1274207,157604241,195175705,185897900,
11266811,767475,2262038,1299427,163585576,205098905,195328540,
11330925,752347,2546035,871998,166148150,184042793,175235340,
9180241,554075,2414980,1521691,144955804,185474629,176632800,
8171036,497414,2867406,1663301,126824903,177222845,168793180,
9441970,661449,2448411,1154528,155860261,180977716,172343000,
10473266,692852,2150168,1203302,172201480,197742248,188345020,
9087705,354549,1964956,1012667,172817538,198218106,188772340,
8103956,357081,2212315,1318211,146914585,184274568,175507000,
8190953,445301,2409677,1361586,143410794,181151180,172493440,
7494038,382431,2454041,1512187,128350774,169288391,161239100,
9683785,779379,3025575,1599243,111461976,152385802,145132740,
7918101,613403,3210364,1832134,97083034,163999025,156181940,
8684847,642910,3051199,1697163,117634857,170277131,162236640,
13697153,988304,2065641,798054,186766153,202499628,192829740,
13554934,897201,2134260,1110533,184392533,204277898,194503400,
11227632,774927,2549845,1043249,171665809,195968721,186679600,
9993225,775174,2720762,1233725,138228603,166101061,158230780,
8644485,346752,2212559,1180000,164377534,198952770,189438060,
9836161,536389,2556537,1663020,164379330,197530982,188149180,
9332020,576749,2506449,1600292,144252974,176162714,167676660,
8747080,574592,2659175,1848888,131876532,181003641,172457240,
10662988,656483,1853445,1073249,177072748,205942146,196158400,
10560861,737258,3061647,1932977,135521123,192020846,182908580,
10118385,773201,2780630,1602000,145921634,188162745,179139280,
10976192,669479,2330967,1078389,172497849,204950507,195190020,
12426917,838142,2282678,932469,187778718,204576845,194757820,
9608441,625888,2321553,1006835,163257082,179207128,170695400,
9606894,594136,2901221,1691607,153047340,193140669,183901240,
9534640,565044,2561708,1395431,159404754,193262330,184146700,
9900740,628976,2410754,1176677,163797948,192280685,183097580,
10061339,751696,3114550,1748886,137813817,190066999,181059660,
9417676,451521,2743775,1474145,159568461,199370161,189856420,
9555079,648656,2409239,1390305,155867339,190863220,181723500,
9220586,613151,3182345,1677771,145574935,191745667,182644520,
8412779,568606,2537739,1526647,124554293,172650721,164381740,
8425204,489612,2646121,1486218,136570293,178759339,170342160,
10918304,707657,2867826,1664792,155765325,200391900,190846780,
11696312,924013,3062211,1443411,160415481,194097282,184832420,
9916680,669973,2477494,1152906,147984336,182237299,173476520,
8240489,454736,2285702,1288494,139470994,165882671,157873780,
4824408,584284,1554634,674987,29866484,42828703,40815140,
4946692,614064,1289607,360147,24171693,31609211,30084500,
1943202,184486,713323,430772,19077824,27093155,25854080,
3292420,139882,1297611,999470,66377558,93306937,89119580,
7324167,420759,2201790,1379879,130165360,172024730,163778160,
9106843,518595,1832221,913501,162544736,189834507,180783980,
9483970,529013,2357623,1084785,161484486,195081028,185742400,
10136559,748059,1926928,1145428,158690541,183861069,175175840,
10205557,607363,2567279,1398109,148992350,178668271,170079300,
9503085,713144,3055237,1574245,149797537,185633287,176878900,
7153457,369028,2639940,1847506,128942612,182368589,173678000,
9524015,568254,1970413,865598,158792376,181986487,173244020,
8790829,455828,2232529,1278532,159332029,193624055,184456420,
8976693,528694,2665481,1603616,151839340,192333362,183230840,
10300832,781393,2472722,1111501,160745561,188891418,179869540,
11078416,717773,1580059,532729,186317664,203922628,194254520,
8822494,440335,2371982,1285851,147763650,197935622,188482620,
10144841,803728,2715712,1332604,152750885,183197272,174465540,
10600235,794980,2782114,1658165,134172638,179504965,170955840,
5137371,419799,1709372,925772,54712132,76012076,72346080,
6532871,188796,1988640,1449939,146901744,175366783,166958760,
9505484,771388,2637157,1169900,150681734,172404320,164305300,
10935970,642243,1732129,766341,187405857,205322514,195544420,
8382746,326044,2122389,1289922,155445707,195599824,186271120,
8755271,238673,1246186,755057,182803456,204651103,194911980,
9244693,382898,1598612,1009356,163384667,187961525,179015340,
7268662,149710,1293785,875821,160520231,179472492,170911620,
7185142,200775,1836410,1352466,156064069,176829585,168425400,
8852071,436240,1513841,1199209,163134610,189235288,180171520,
7951952,333945,2288468,1654517,142519536,177440912,169054400,
7760090,116639,923577,673155,182908769,199069553,189601160,
7663833,190840,1808301,1270891,158107924,182309892,173656400,
7300773,194870,2166122,1608656,143682293,180805631,172165560,
7094104,204265,2227273,1624619,142494952,166534279,158625060,
6229903,208443,2068877,1523452,109064655,137001312,130229360,
414786,17950,135285,100127,8984134,11594250,11037720,
770841,56027,277584,193961,10664333,11828965,11280380,
1453144,74857,715236,571373,25297258,39924128,38373640,
1634425,47934,675706,560528,41415851,44539261,42408540,
1053307,93250,416367,273374,8772648,12892963,12460140,
9071,1359,8803,2108,47322,192864,183640,
710246,63579,247126,145504,5171189,6818268,6759500,
419529,43264,142201,79216,1592524,2526108,2563840,
408861,42860,146804,85844,1595978,2446048,2260760,
795729,81710,289164,173234,3081248,4339320,4993240,
3130823,358792,338133,199534,29820412,31046891,33248800,
11338228,969019,952528,410005,176018733,188812580,193754220,
12675087,1046910,1994472,751893,182598417,198321959,188847400,
9558298,604704,1925759,906157,161256284,184732086,175918640,
11886866,995454,2635691,1511069,147731891,197854072,188472900,
11680735,1035423,2348180,1351099,147947783,185858321,176984060,
8787712,449252,2204023,1251766,157668300,189626499,180568240,
10654246,726592,2364311,965249,171868165,192929500,183769200,
10631929,840250,2287132,1476017,153477954,197958325,188547380,
10794268,791610,3085289,1721088,140508988,185229671,176355500,
10654593,694223,2228707,1131426,162907518,191833825,182781260,
11044458,1003355,2192254,1337453,144403348,179618260,171030240,
12176096,1184633,1918023,1067047,164514974,195989111,186711240,
14242517,1602376,1804999,782194,174409551,195417140,186096060,
13575369,1298330,2053077,1160622,181034297,200057870,190467700,
11378015,1015540,1553521,1032290,174164451,204181623,194464340,
28303902,4940842,3535881,1546486,158518388,214353011,204184720,
27589025,4183097,3295053,1287361,155787023,209414707,199458940,
19309632,2608388,2640332,1459489,132115765,196879284,187486300,
21441311,2752893,2830987,1245242,162914214,210051337,200099280,
17286009,2359495,2751700,1510493,149603932,200494448,190935540,
9544797,519398,2249103,1461481,160750992,197503774,188042700,
8911894,587614,2618578,1656315,143155433,188072012,179156600,
10438010,613125,2483416,1855595,135312420,188693377,179773500,
10953158,819176,2062040,1309952,152303967,173282902,164984080,
12616562,929467,2100185,1157599,163241498,187380836,178501200,
17428208,1620428,2087995,1113445,185330535,207388644,197470340,
17833638,1729940,2177924,967258,177721042,198583068,189102580,
15509736,1423894,2599787,1758996,145256530,195896223,186567680,
13075264,1008684,2487693,1364255,159839641,199596013,190123400,
13608039,948802,2813077,1483215,164430982,204313961,194613600,
10047005,513783,2016887,1175299,145161793,172251974,164026980,
11110248,697454,2242610,1385799,159555108,182905330,174204300,
10817016,554072,2647257,1836413,141417140,176540529,168194280,
12468550,721800,2643631,1647734,155590207,192958420,183762100,
9133153,479323,2681344,1595893,135940349,176646740,168239620,
10209845,512893,1875009,836882,184722012,204069538,194337420,
11341405,681699,2068651,939507,189776693,205620912,195903080,
9462037,387717,1823889,927718,183977236,199221408,189722980,
14218570,1170543,2142899,1307081,167941760,191532007,182386300,
15078812,1040666,1691393,775672,193360451,201882285,192129920,
4682977,558052,1978666,801965,24859115,48254416,45734800,
7816934,723674,2352844,1152972,73435126,100368180,95705340,
8264008,936764,2395945,1489258,59891886,95654822,91082740,
8665050,779911,3404590,2218173,102224400,185763911,177041320,
11373985,1059827,3238437,1971418,120862095,185099678,176303640,
11189516,873167,3349364,1843364,131966108,185604885,176738240,
13189043,1013855,2497133,1076089,178284145,194124778,184847160,
12630014,1130981,2228869,836446,166380368,182290108,173622300,
11821302,977368,2893347,1674958,138851816,190675469,181548520,
13254491,1197939,3078065,1779620,137863846,192119357,182936820,
13838493,1123737,2477243,1160708,165739841,184185214,175499120,
11606764,733856,2248685,1061964,172755390,203615333,193890820,
9949301,684438,2622413,1521719,150232990,195714382,186453500,
10419979,566880,2364054,1288938,170459171,202791710,193087460,
10082260,687234,2768569,1518088,150314596,193485255,184289300,
7506528,359150,2449757,1624498,138220605,186194301,177163120,
8822468,483263,2765120,1654273,150223141,186804296,177923220,
8483081,553425,2367812,1421753,131863668,162568109,154831080,
10692234,570915,2465382,1461145,188355963,211221813,201185480,
9503031,521698,1328680,726739,156431602,170324054,162232280,
9482124,620294,2252960,1439204,148732045,181264639,172577980,
10984318,638767,2921107,1684885,165001193,196306059,187013400,
11382022,665836,1994212,965313,187073052,205766664,195998180,
11862820,919969,2806756,1413367,158252800,189360534,180220220,
12031232,1138235,2493156,1296807,123893788,135662327,129330060,
10876159,763009,2888544,1476159,148158885,187855759,178807500,
8048523,460470,2718273,1851944,147882098,192762898,183693360,
9933173,747433,2926109,1546460,152490486,193205989,184004140,
11367139,797294,1826715,572876,186278399,199683784,190189740,
9269138,559219,2973076,1507070,155474895,190345661,181337440,
10291933,724359,2710763,1456730,163554483,191775567,182596840,
9797632,751559,2828158,1402371,153640011,181874732,173235160,
10461788,756652,2731082,1570253,157377405,198573766,189115100,
10493810,600877,2599404,1481021,149385182,192944571,183731580,
8968450,454546,2288430,1244724,164528135,191720895,182625900,
8201703,568366,2801035,1723548,126354696,169567475,161493460,
10568616,754629,2543259,1136142,167734579,196124983,186772160,
7963603,385316,2323916,1343610,140898528,168688954,160579980,
9860771,808231,2784375,1425521,143849336,181546782,172925340,
9156540,575621,2953014,1503261,143968130,181760808,173109120,
9301622,677750,2514239,1128109,131727552,154857679,147478400,
7966255,491782,2795341,1613878,127786786,172306817,164103780,
11080739,885269,2601509,1051244,158341022,177013711,168624160,
12715153,1335915,2866429,1394918,152339647,188974879,179838160,
10707526,564317,2304082,1020131,173354398,193969628,184864200,
10614452,636347,2351918,1188485,176884657,202517421,192854200,
9563462,639719,2971152,1323987,148077319,184618751,175759180,
8007557,450258,2964443,1569900,134123949,175445388,167175380,
9549116,636968,2320850,1297537,161346334,191008054,181848000,
10410803,714075,2752093,1251950,167961224,199114949,189620820,
9228586,595593,2207393,1212852,154347563,175510973,167121400,
11342776,811848,2467778,1205035,156472675,190291841,181288280,
9551598,554811,2373978,1405925,161397123,192983977,183864740,
6891245,717969,2757533,1415051,65781656,105387813,100177860,
11360903,969786,2435388,1082416,127277034,146867667,139741640,
5325774,744051,1560822,426253,25940476,32572912,31063100,
8843837,700255,2368731,1214728,109042377,134606474,128228000,
7390879,344619,1902181,1119000,141854258,165104643,157296940,
9425624,775476,3243882,1629720,130886457,164146796,156329940,
10657881,721973,2624854,1435615,156837651,197836270,188436820,
10044983,927185,2695179,1949652,121507403,192720761,183542420,
13112717,1415746,2839420,1646481,124675824,193280502,184080360,
12450990,1173773,2590470,1617537,144511170,200567569,191026120,
10246243,729279,2138363,1386558,145875204,197052643,187701640,
12762787,1212033,2872701,1902744,124831809,201743986,192057880,
13538270,1170231,2458292,1658855,150925568,207356096,197540560,
17439092,2172026,1943229,889276,172768688,195729096,186385060,
17019133,2556366,2590619,1490390,150525359,176855183,168477260,
15599390,1763936,2424011,1345424,167937776,195886296,186560000,
16554286,1990058,2765877,1599990,156435149,191368680,182187500,
15706343,1806538,2560039,1278547,155060999,191194324,182077740,
13241682,1444089,2246669,1426568,157216964,196658407,187361880,
16558509,1972380,2003294,1031732,168585438,203511489,193806380,
19731297,2484487,2513970,1239766,163936341,206013157,196182320,
10554167,903559,1751957,1080735,160671697,194751882,185487380,
11107686,902139,2172370,1530739,152790383,192522161,183422740,
16243655,1277700,2218544,1166138,169116385,192928340,183651060,
18435940,1740699,2029303,915077,187037122,205054738,195347360,
13700594,1181024,2936785,1767045,142824341,190647036,181564920,
20549538,1976345,2376206,1344421,173357186,199786517,190268480,
18934143,1749281,2169029,725161,200606775,211647600,201572360,
10893518,743160,1920683,673088,170145941,186263773,177322320,
8921506,387916,2613608,1572713,145653494,189820364,180820100,
10183129,659046,2385298,1560352,135479671,174455692,166087960,
8322921,603587,3091101,2115331,103530308,175987632,167601460,
11108041,1106058,3457470,2104578,80297158,132976174,126516420,
15546732,1578646,2763468,996049,114159209,119423150,113794560,
8268299,613254,1938108,1028157,120983233,137803211,131218660,
5872161,781788,1839969,797665,48873183,68690174,65388740,
6647091,698631,1794854,671080,60212091,68333523,65280820,
9155224,521643,2501609,1331266,155490042,178237878,169642560,
5554266,653215,1660548,612928,37730334,51872766,49396160,
8429481,550193,2200382,1246751,138614167,171569314,163558940,
8295088,401372,2254006,1375330,151607335,183461724,174614280,
7655667,378454,2361955,1552294,147466629,180578843,171961140,
9488644,693316,2743034,1540959,142500071,185191355,176361700,
11763784,844523,2208885,997434,162455239,193400941,184157980,
10763296,561393,1989686,810309,180099584,193664625,184515960,
9862990,683646,2775209,1448057,157288858,185929369,177028740,
7594081,458319,2891318,1823010,128766789,179724347,171196280,
10451317,680625,2041964,859572,168337072,187972001,179002400,
8593735,451662,2650042,1594927,150885437,186771370,177910920,
9200399,503125,2474785,1479396,162135904,195627897,186329080,
9586254,771878,3193387,1456028,138571263,174143601,165747960,
10516233,628235,2051911,937294,171887860,186310542,177527840,
9013120,525227,2190173,1244048,158259776,193175099,183924100,
10365364,749401,3071865,1791068,135730331,188016641,179082360,
10404136,724345,2624920,1207717,148590761,171967882,163793360,
8534177,622114,2271753,1139467,126603645,139249623,132524860,
6806484,717176,2655958,1370154,46719386,91185949,86751040,
6472717,695665,1778422,603570,53260447,60709571,57908440,
9734245,765837,2529429,1229346,141316732,165169875,157277900,
9423861,692067,2456316,1322845,147978166,178769162,170347860,
9059493,365072,1921246,991420,170487286,198376534,188885360,
6522256,636816,2385243,1344788,63087191,95968852,91247620,
7225569,772058,1955381,747688,71348546,84958663,81071400,
8157554,631105,2021184,1032576,81535156,112233592,106747780,
1451404,157196,494430,253920,7893006,14054311,13390040,
6409626,879772,1409424,331776,30920923,32882792,31297560,
2733642,271385,1225843,533924,14282615,33296888,31711760,
5491416,245512,1551268,998838,105887201,127983012,122033800,
7537029,498780,2145594,1483092,128820062,175762003,167441820,
9411586,623022,2858484,1285240,153169189,179052298,170525380,
10141428,624136,1571600,787982,177579487,192760283,183587400,
7055465,293123,2561916,1556823,133992162,170559846,162458820,
9507015,598850,2013819,1277199,162546942,196392967,187052880,
10556471,581076,1935839,981806,179962446,205372269,195628400,
10218133,532130,2364376,1308709,174050466,202018129,192379580,
9334349,644954,2804419,1466557,146250278,181533151,172879780,
10197503,660944,2231084,1121262,163986195,194071081,184790940,
7974752,470572,3108410,1911138,118681128,183116174,174471800,
8043227,621416,3257553,2211986,100689604,173852049,165618540,
9996429,759283,2970014,1217960,154907207,185883678,176976360,
9248759,632112,2429419,1228560,137221528,172531667,164255340,
9415000,535236,2091593,1021124,159719930,183807892,175106460,
10292780,866942,2619344,1492997,148719493,193535624,184273360,
13457642,1114380,2295003,726351,188695168,200468860,190957040,
9657356,461024,2269976,1132141,166300057,197325014,187941060,
6413259,328439,1962339,1233110,108133835,129610816,123219300,
4789033,417188,1510064,937222,67910864,82746465,78945360,
9567747,675353,2699037,1147309,150474270,178050681,169624620,
9733779,689662,2512021,1430035,150047009,181999518,173264060,
8428439,396203,2388908,1147790,154288896,177122756,168740480,
8866623,476921,2589392,1484866,151556813,194906204,185644380,
7516143,470852,1979946,1177744,117402970,148588331,141451400,
11062627,1049133,2297235,1154450,130984294,161743495,154013100,
9426113,636948,2562216,1248400,129747080,151665834,144369260,
6887230,779448,1833827,743844,67140317,86718050,82680260,
9909607,613975,2816052,1394557,158292996,193356815,184205320,
7723648,411708,2339172,1445175,136924007,178369663,169905000,
7531280,613366,2903471,1827282,117601755,166450812,158478560,
11154369,810916,1881929,864115,171076438,202913458,193308600,
9404076,395467,2096810,1030799,174113196,203570723,193819360,
8605798,437813,2413236,1433369,152522511,188706729,179793260,
9700469,456251,1114899,573655,189211465,206549824,196695460,
7511264,527916,3099972,1715860,101879846,155551487,148054100,
8894486,882463,2090074,908704,58307835,78797230,74989080,
5825942,310617,2425397,1767826,107801184,156424668,149037020,
7575927,365193,2745893,1877015,124843415,183730353,174959880,
10070307,663125,2954011,1462505,150777755,192885328,183693060,
9825808,552786,1888065,853916,163556454,189464671,180528220,
9227713,380249,1566342,855242,176821437,200870479,191232540,
9444681,413606,1952760,1034261,177959323,202474446,192759220,
7523678,476902,2225200,1446168,132614077,158704849,151232480,
10047329,722066,2700543,1064928,156810226,187192349,178286980,
10218494,841359,2269543,1190591,141306432,166580439,158655160,
9544842,660171,2984808,1897106,126641638,174985184,166682300,
6435331,665355,2414111,968061,58947169,81056744,77180540,
9479676,635033,1963207,887140,148162795,161133816,153422640,
7248714,724427,2470836,1225382,71086973,109678036,104220340,
6049125,671042,1453713,400500,45943985,43211343,40857460,
7105297,621641,2619321,1588434,95765338,152807397,145682060,
11039009,867299,2183064,711566,169922142,183951830,175212360,
8736149,338558,1965972,964454,171129212,190418494,181284940,
8256031,533286,2751160,1595919,128791457,168077619,160099980,
8494746,588132,3117632,1969923,122867941,178167582,169714640,
8713364,629251,2997924,1767541,118637748,177484897,169020860,
12084568,763818,2061239,927656,171827064,187887288,178987840,
8437060,371166,2464063,1516898,156450058,188125668,179103540,
8304966,504358,3043955,1925992,133463138,174409837,166102280,
9801423,630060,2378663,1151825,164291917,177314073,168929820,
10813845,807076,2308211,908253,167237143,189942396,180909360,
9336790,525438,2658615,1225988,150564399,180096250,171451880,
7636492,324340,2514721,1635910,137097552,189486324,180495720,
6447246,520811,3015070,2101843,87131572,179462168,171037120,
10858014,771534,2271262,1129882,159847424,200231691,190634840,
11094901,756693,2684815,1345561,157610375,197133145,187691680,
10190666,856606,3511743,1903656,130226830,181598863,172979840,
10251861,680299,1995567,872960,164390615,190352611,181240500,
8180252,388326,2347138,1376768,152997666,183039629,174414640,
7536137,405137,2835915,1978594,130930623,181205443,172553280,
10439496,644983,2041564,925900,177837272,203012696,193417140,
9269825,531005,2561729,1214402,158722913,180408517,171783920,
9342083,600839,2444018,1167105,144759863,176989902,168596420,
8826340,436945,2156507,1030123,158026299,185258666,176412820,
7710442,575986,2897481,1811530,108344910,159081368,151416800,
8576676,538797,2671539,1203433,137658369,171682215,163516640,
10251104,789566,2219074,1290453,136635888,168547888,160556600,
10056753,607392,3017662,1575068,142395645,181114397,172486460,
9432896,616960,2457211,1296624,150860308,177830300,169396260,
9379166,593942,2712583,1186007,154816593,176225756,167804200,
7696387,395625,2907447,1800392,124222449,190784167,181790440,
8259186,523225,3160528,1871431,121425114,187522756,178486000,
8190205,531067,2830922,1862974,129439049,184515604,175676660,
9878070,569864,1977908,801187,173975275,201776522,192202240,
8843018,400289,1914614,1115341,154476087,191077294,181859920,
10407301,735008,2685822,1354225,148464652,194911355,185687540,
16608827,1573213,3345809,1160005,170497477,209341863,199349480,
21486593,2162747,2329254,1255740,176652325,202607537,192970980,
17327293,1479306,2833198,1615969,151493452,195547878,186203740,
14887157,1521386,1977281,937717,169273850,182389373,173766740,
17617891,1720980,1874841,782793,186635307,213475156,203373820,
17652721,1714775,2629798,1218592,170010588,203276407,193602780,
16146001,1595086,2375702,1405822,166726736,196841160,187422240,
18662885,1823781,2163404,1093210,175960176,206323614,196535420,
17437643,1591543,2011536,902560,182762440,209626625,199640060,
16536093,1609888,2345410,1243115,162794580,198001538,188540300,
13693810,1456910,2313786,1533614,116404977,165443815,157570300,
31187687,4683939,3150564,1572482,159609717,209557488,199585220,
23564527,2794263,2557130,1266816,169103694,201964402,192426880,
11709913,977492,1737261,1082879,156114670,182236450,173497940,
10824373,789199,2403149,1486370,152887520,197924717,188572700,
11094361,920284,2147164,1317995,157528638,195398918,186003860,
13624148,1399500,2287941,1381221,156018378,200396654,190877700,
12319025,1176439,2308315,1393230,157541759,197146135,187689820,
8104229,507463,1700684,1183328,150348182,186860791,178022760,
9120801,546367,1753434,1182392,155027885,187978110,179048580,
11485876,718714,1435404,812941,171882303,188918715,179950820,
17156415,1536483,2569295,1142765,181209175,208846218,198917700,
15568143,1358032,2677399,1556732,160810454,197304474,187892660,
14107832,1173479,2179586,1211082,156507672,181223137,172517520,
17836141,1585855,1586979,726741,178165827,187210435,178356460,
17212852,1431103,1988076,1051839,173291009,187167663,178247000,
9325494,509543,1816293,1149576,145985437,163303955,155437580,
11291720,733096,1724762,902489,165266572,177341986,168935540,
10827542,603129,2119121,1257352,162557742,181855351,173218800,
8819419,339458,1585597,881711,173662659,189328961,180296060,
6984084,412727,2746906,1832555,113087321,167954381,159984880,
9579349,793697,2432158,1541151,130417550,182244446,173543960,
11379388,764343,2313485,1093108,155988561,177352170,168974360,
8674855,434161,2610741,1325413,155729935,185303937,176322020,
8197921,446728,2365302,1490980,140581434,171007296,163014580,
13086743,977350,2782113,1413053,166653866,202105282,192517000,
12719840,1102317,3508763,1612226,146461923,183312441,174535440,
14246582,1051122,2782801,1507045,155228854,190437423,181407140,
16842883,1492872,2738623,995598,184918770,206802082,196952060,
12903597,929941,2324171,983933,184281009,206307255,196464420,
16637808,1353080,1595206,709651,194000024,207607821,197751720,
12709979,815131,1766800,776879,175577542,187586945,178630360,
11917102,995025,3262377,2009248,140992256,187756184,178781340,
12471816,1118033,4101283,2166430,135309340,190621094,181558660,
11976317,955932,2506181,1429401,158406306,193907022,184678340,
12486762,897993,2980324,1572313,168307855,201639527,192073680,
13287046,969094,2494017,1209201,181606439,206647953,196760760,
13558024,1220235,2811443,1346102,161042262,196193042,186867740,
11249870,1030492,3101289,1553638,139088142,175706009,167320800,
11709587,978413,3284511,1941416,142289587,186510048,177674240,
11871730,917106,2586806,1264594,157987610,195404175,186076420,
13108267,1109146,2957386,1134067,165872243,194465988,185159600,
13828094,1134375,2506510,1072602,166699484,193440079,184172260,
10273381,845281,2766910,1516020,135823115,170406807,162349360,
8069903,629636,3202762,1750554,120213057,177801334,169332540,
10348450,836530,2615705,1524292,140629649,186981618,178161940,
12447790,834303,3017487,1501778,160042081,192713505,183471780,
11657437,826853,2552000,1258806,160085887,186457296,177565680,
13374061,864803,1227970,403708,180499177,190968840,181874720,
9713504,711227,2831650,1668994,147382135,189758563,180738400,
8990714,569691,3315896,1917915,141801331,194289069,185086260,
9700365,571281,2348342,1258674,157293371,184804610,175919340,
10806151,686769,2188074,1121441,173977571,198654198,189195780,
8753300,457154,2563526,1698147,147565143,192375098,183226100,
10120207,710938,2248167,1297412,144928868,174275949,165922700,
8980583,503402,2366995,1410406,145377234,178058631,169644900,
13508903,1217315,1974090,1018624,182041396,204503346,194717940,
12478603,962858,3108221,1407023,163317895,194312015,185119400,
12263833,790833,1595534,862483,191911751,209192273,199230540,
8294995,483252,2774405,1823338,128763121,182405871,173671420,
10408905,678605,2439280,1404288,168496817,191977194,182826900,
8687367,595533,2585167,1669315,121521841,172620674,164370080,
10755871,800144,2069871,1090412,158234998,179558044,171126740,
11948365,799200,1978205,559109,195295022,209600544,199619720,
12702342,874928,1768583,927675,184891659,204852098,195079620,
10356595,631213,2789941,1560716,152556538,192000670,182836080,
11304474,1061083,3219827,1764297,143827208,191122011,181947380,
10310148,828935,3303289,1738383,135780216,187226424,178338620,
11256359,827901,3202798,1619400,139195042,169259083,161192040,
10593116,667938,3169582,1783745,148866870,180164921,171632520,
13096581,984558,2460947,1631756,162303537,185497283,176633740,
11350173,805839,2867008,1553774,137496942,165633055,157686460,
11578155,870664,2672265,1213117,159910160,177242585,168811440,
9713673,596860,2201471,1194617,161592110,186000334,177146280,
9346527,558207,2614375,1702605,143347117,189910817,180945220,
12059166,849757,1809499,799171,188966566,201403628,191817900,
10765802,815537,2730216,1351671,157308600,193728522,184457340,
13495825,1051617,2289575,1414480,176048175,205832666,196074620,
11495653,683481,2158865,1028252,181361424,201341661,191744100,
10890741,825706,2947139,1921441,152294106,193911777,184698700,
13801684,1153968,2263408,1257667,171900636,203265612,193575860,
20472323,2633274,3117851,1037960,143564153,178224736,169608360,
20227690,2426664,2271562,864594,175031362,201041244,191540820,
23838127,2788374,2592211,1124023,187982686,212304565,202186800,
24593556,3641247,2202557,913767,191500182,212177423,202105840,
19478713,2742464,2319593,1180660,164942542,198289165,188780860,
16028759,1706912,2396048,1411249,151251918,201020551,191479320,
21213731,2263484,2280578,841091,184318415,211298598,201247380,
17372331,1854961,2442334,1116757,176554300,203736500,194014960,
16701527,2081906,2602675,1266054,158080053,194388675,185117280,
14188423,1519626,2483167,1371308,155190798,192282010,183137420,
15635678,1821637,2269019,1211179,167629812,203017543,193322740,
18860335,2571917,2196181,1237525,173578925,205984497,196225000,
9675803,605345,1541288,972784,175688964,203110111,193427940,
18194244,1587885,2027135,1372104,177992279,202380533,192778980,
15496243,1256690,1883262,1106272,172231920,197846073,188367500,
7500885,559934,2538551,1999966,126721127,195717907,186420660,
14899055,1336104,2556728,1575038,137508111,179961205,171385700,
18472647,1810443,2571177,1258806,172833308,198848343,189390920,
19172579,1855417,2046018,1143530,173288348,196975936,187553420,
13144847,968892,2714080,1753116,154821983,198723905,189247340,
11982150,683202,2233952,1134394,180029634,202810391,193249760,
11735645,675621,1758375,1041281,181063317,200575879,191006680,
12444705,734275,1556043,777071,163125700,162197725,154479980,
9869288,519078,2357375,1189608,167106816,190541485,181466020,
6079773,548348,2281024,1277017,74751000,96487851,91753720,
8168395,753134,2432634,1267980,82980301,105474042,100503460,
13433528,1150653,2502841,1187664,152135191,179648585,171155340,
10822975,946832,3296544,1897909,140381267,183103205,174460780,
12092608,914708,2447770,1212609,166170835,195706705,186349080,
12884010,836563,2099676,909533,185527858,209035191,199115640,
10817933,677433,2088447,1123655,168627305,195962868,186619100,
9381296,747802,2794122,1651816,132190977,178997096,170481820,
12738371,1071304,2897812,1475504,156935491,192828972,183653440,
12104840,886394,2607133,1448899,162177268,197522960,188125560,
10056750,663706,3021525,1950808,130559096,175259494,166886040,
14221217,1060391,2327177,1184686,181572955,202196868,192588000,
13484191,936406,1774242,1023823,175329075,182841202,174089700,
9990933,609584,1981194,1000910,167823207,185933056,177052820,
9249614,503434,2625892,1513667,164349145,196365390,187065320,
11846466,669727,2200828,957777,188964940,205383712,195542820,
13776646,959787,1978612,1186371,184418155,204670891,194967900,
10885513,697265,2345417,1317270,173172649,200354649,190844080,
10740645,746994,2736482,1377263,160041896,182805934,174006020,
9941153,749395,2125325,1290009,143361177,171836010,163668880,
10337760,771164,2556359,1634985,139378292,190474846,181425160,
10745218,761879,3101046,1847249,129995642,184833627,176013020,
11661401,995196,2921695,1561923,130159708,172408078,164136700,
12294433,1143487,3148617,1320027,137407564,166278370,158389480,
12669470,1047846,2868773,1839453,152922240,197249493,187958920,
13141205,915272,2299625,1006840,179967559,207648107,197760260,
11105500,598748,1898494,702077,188197449,203724025,193937420,
8898640,667096,1892374,654682,123863496,138004141,131325100,
7505932,895437,1749000,399881,36871572,43330244,41233860,
15451692,1355110,1762656,510684,110131683,103135611,98385300,
7407566,599030,3111224,1933706,93070217,152918251,145628480,
11190236,1058528,3717926,1819425,117154396,175397132,167032060,
11889167,756055,2396142,1009363,180036336,197371130,188019020,
9734265,1030741,2012191,1018608,66831407,82284304,78166180,
12447610,1484957,2335479,711510,62774774,70151290,66849560,
12442230,1460155,2370628,671673,63767323,69888579,66566260,
8312453,942567,948117,333507,42443381,35795903,34045420,
6696376,488257,1456218,951654,89745034,107455691,102535660,
8473306,306391,1517266,883677,171257139,195747911,186440900,
8844206,594056,2113629,1155189,143666592,170330073,162197460,
7976020,772112,2342264,1058007,75239343,90436777,86017360,
8146834,537280,2320590,1463720,111374307,153379163,146255320,
9173341,522442,2126079,1323912,157204455,190665311,181562980,
10572022,831401,2866232,1057156,161661387,185161013,176433480,
9321579,597426,2155766,1285300,157775360,185715354,176853860,
7007134,380582,2817118,1798047,120533601,169200855,161052200,
9571922,632289,2361286,1357210,159327398,194127667,184893740,
10758102,746348,3055521,1330529,161818834,193755776,184558540,
9512727,605779,2534712,1390803,153825227,178353134,169872260,
11651997,815955,1942895,1016294,168414253,186699763,177685480,
11135791,649062,1949596,1000490,175762971,188908263,180023600,
11533211,1014807,2339563,1354690,139700923,183038933,174253000,
12727756,887086,2353473,1061527,171042393,192613158,183481660,
9969568,538879,1875452,909011,169495871,182987212,174253700,
11395448,711838,1646157,699785,190826692,205805087,196045700,
12601778,973658,2813583,1336786,173773171,200926063,191343520,
13140544,1079268,3107303,1685160,151202980,188933861,179934040,
12310246,903028,3240324,1823270,161100619,199424739,189941440,
12783229,1214407,2889455,1469580,121282358,143420779,136442480,
8669164,712837,2150431,860292,111608381,121304121,115603920,
5291928,502402,2420635,1368121,43770617,85007172,80873720,
7946346,940567,2545855,1347274,39725768,73191663,69712340,
8089738,891860,2119095,989983,57350782,83740258,79773900,
10540128,739496,2868233,1221972,164815871,192389036,183312060,
10435181,678075,2225612,1029624,167272948,190250693,181133020,
8262896,749844,2764194,1247135,95550627,134107737,127649100,
9440304,695533,2447012,1202193,136152971,153398101,146055060,
7221233,420799,2550278,1713239,121580613,171070939,163150460,
8718277,497860,2658776,1653389,151094693,191703026,182500940,
8781273,585319,2152931,1014567,140202806,168490010,160452840,
8792623,545264,2389447,1134337,151102194,172494693,164323220,
10191062,525271,1500983,725990,181140331,200746354,191137120,
9185758,557992,2177916,1362246,147061839,192236144,183093540,
10922638,632193,2768422,1562868,159570636,199094653,189594720,
8630681,414546,2436985,1425158,152611764,182960501,174317560,
7606825,344840,2898083,1952915,131286022,170569454,162387180,
8538887,568011,3076994,1911907,124610982,170915840,162716900,
9648072,674857,3169272,1491348,142858378,175421256,167106380,
11799165,736614,2651495,1490680,163839044,200325413,190750320,
12291058,875663,2554429,1351406,163889831,204554585,194854020,
13055705,801402,2662129,1283562,166682601,190281758,181246640,
9789433,648411,2692613,1480203,124238321,165965700,158021320,
9939450,623073,2750864,1743201,132459199,188754366,179835220,
16760986,1196203,2096005,1235506,173438223,204989775,195201580,
11525007,731958,2276485,1085547,170348743,191936466,182743200,
11333801,859628,3051130,1855938,140749160,178915567,170387960,
13247417,1242552,3698801,1813470,145194170,196620122,187281180,
13918248,1180988,3020120,1501537,154657395,195425570,186114520,
11483638,885307,3241638,1987041,141011618,191506316,182368100,
13401592,1235746,3189325,1479527,157283424,196478860,187068160,
11518378,860457,2381301,1322106,156064217,185981822,177224200,
12077061,802075,2381357,1250894,169991244,202175719,192511680,
11521139,805842,3152906,1936786,142569043,193509468,184296300,
9729171,560070,2649893,1458773,160408069,195885448,186552260,
10854684,845308,2683441,1506964,140288097,194445502,185185000,
12531249,910567,2208172,951275,165356277,188800422,179744740,
7742369,393814,2901385,1810889,130063098,185706319,176923300,
9689312,670160,2797987,1540804,153091187,183624076,174871240,
8723848,608637,3232684,1695319,135178492,170859561,162692920,
10549399,678722,2392785,1142270,164381400,184645887,175865780,
9396059,750098,2925624,1500728,143580575,177899784,169438740,
11357698,823047,2482957,1137070,177572075,200081097,190542560,
7783477,435287,2861380,1708540,137619923,185150503,176360400,
8789538,494091,2642632,1593723,146201509,175345497,166959060,
10968476,825927,2584770,1451119,147548440,186767324,177914120,
12127321,1060039,2677587,1303415,163168715,195430176,186183300,
11739450,831996,2487480,1257932,173493740,200853428,191264800,
10633776,461287,2153222,912823,182086696,204179118,194384680,
11644613,758452,2413841,1364600,177846501,198841775,189432840,
10645564,709705,2981046,1568044,143935412,177867642,169277340,
11326833,793228,2240539,1002423,176186137,196741825,187411620,
9845757,480646,2742576,1355831,166599229,200794332,191258760,
12723302,895178,2153515,1400044,162295752,187395734,178473000,
9564817,593049,2323875,1314483,144301618,171942457,163707040,
10469298,627186,2775259,1590167,153462792,192746677,183618800,
10244080,721223,2834049,1608491,146463987,188582819,179581540,
16356698,1469109,2884273,1156645,174853082,207819776,197962480,
13343731,981371,2573151,1214697,178376153,199951339,190416560,
13954268,1142048,3099194,1899837,152844938,193902308,184644220,
13743844,1177755,2686820,1316481,158696985,185852746,176950300,
11887751,975745,2842716,1045469,164099621,179230385,170700580,
12537017,1004975,2303443,1263149,168858665,197246694,187921160,
10983449,750736,3129102,1711207,154784084,190723932,181551260,
12050868,993606,3284616,1864624,145189301,188997923,180113300,
12103674,933141,1849814,914688,167989777,189951806,180864920,
10289835,852971,3272728,1621032,137318329,176480440,168066400,
12644032,1066387,2310497,1075183,170990733,206375368,196598460,
12200355,776499,2450950,1139719,175986566,203660896,193931420,
9358808,395691,1931320,1093720,178518501,204375047,194699460,
9198676,545062,1854566,973187,167261266,192134015,182965200,
9625232,667662,2552039,1183216,155142711,176613135,168226080,
9058298,494848,2747789,1609348,147607437,187057579,178133080,
8931474,649929,2840171,1752106,135084964,186733320,177841360,
10171242,753005,2585147,1185495,150738229,184037746,175218140,
9762422,526042,2777156,1451151,163525670,192750335,183619500,
11658446,871078,2583757,1381656,159751420,191491889,182325520,
6407872,403768,2867432,1993572,106597036,169959967,161917040,
9411879,787144,2996774,1664037,124879640,184062571,175243700,
10615714,762348,3383940,1632881,121695539,180854094,172290900,
9110269,501726,2743957,1762948,145696770,195135091,185842400,
9229720,415812,2455899,1531258,162835250,201781929,192192700,
10417063,674867,2398628,1196825,171144851,192008782,182806040,
14557626,961132,2739995,1038270,173760191,195271892,185937240,
9650187,727343,2774732,1778972,124987100,168912090,160932640,
8259722,367742,2973833,1798525,142142171,193170990,184029500,
10780791,675427,2861226,1962050,147898812,195863735,186532480,
11408878,713675,1816186,1130343,169661530,183003125,174227520,
9938813,552053,2318311,1222873,159793099,179765179,171177600,
11008386,864234,2234047,1381757,150810337,193226639,184080180,
11675703,739414,2493939,927941,183348827,202965421,193350200,
10223024,558660,1851335,1078165,181662086,202459177,192822760,
10164713,606495,2951153,1723431,155581284,191525655,182362360,
11208033,832709,3202928,1898251,146359208,182862362,174129400,
12557150,914645,2510574,1304380,162022783,184708066,175933140,
11863437,937184,2867111,1412668,161322569,196008111,186688860,
13883113,1148880,2523436,1083834,179547069,203095938,193442960,
12654161,927988,2587490,1076995,172985438,204993874,195215020,
11399966,866155,2568936,1326861,157833571,193891350,184624080,
12226679,1094254,3088229,1638326,130696971,176987960,168475120,
9784291,810557,2803616,1493924,97420257,132677228,126397440,
8938406,532122,2686343,1523253,145332485,176446926,168132800,
8944458,452946,1900743,1194293,163727736,199516433,189921100,
10475935,767669,2742484,1054565,170919100,190478511,181453820,
9557442,561563,2237246,1267133,152959140,181009314,172384060,
9349111,470707,2497610,1323729,163329664,198091334,188610920,
10322843,684177,2278573,1010838,175137976,199228194,189741700,
10275197,754170,2984654,1532922,141508822,176797120,168379420,
8879461,515828,3119405,1725882,147791571,190614331,181473760,
9355911,757755,2723450,1349092,143770233,179234962,170743580,
8245107,561181,2607486,1724485,130367992,179563851,171070360,
8002743,468776,2690530,1808516,126388429,181004775,172426740,
11376716,714379,2693617,1392382,164774965,194986801,185654800,
11344920,853225,2678923,990808,181275932,200171432,190634180,
10238461,689701,2557332,1139761,153643477,173483236,165256080,
11380512,861969,2143087,1187054,169216316,200070596,190510020,
12858702,1214139,1692727,877448,181940845,204411470,194728620,
13357419,1376914,1982420,1159388,172551812,199676047,190122640,
14540772,1647010,1901954,951795,168979182,199928307,190443380,
16712353,1976560,2162420,962785,176224625,204582572,194753860,
15146701,1879999,2883159,1742858,145569544,195597538,186373120,
14676804,1741707,2348551,1292242,159237321,192110984,182946760,
14982733,1726926,2833521,1566157,151320304,194259037,184968380,
15890336,1981038,2669328,1471882,135721245,187032038,178102040,
16675797,2074462,3058706,1662178,136268254,192724303,183572860,
16905759,2694213,2915941,1625784,140111982,181030851,172398420,
14293864,1773145,2461119,1220605,146132781,180039035,171488240,
14841400,1654966,2321529,1022039,151235949,182243548,173515860,
14086864,1588482,2546138,1267018,138291336,173583265,165328320,
14487469,1530245,2434601,1270537,161020726,188206861,179252000,
8517340,334305,2410146,1565263,152226135,182632864,173956420,
8243550,484263,1836703,1166067,147378830,183928893,175120840,
15125218,1192637,1832107,845708,175761353,193549789,184399880,
11123152,776748,1576726,915095,173959586,202414383,192727620,
13743867,987851,2325623,1382064,145115081,183073285,174332580,
15286153,1456488,2541005,1300649,149456533,196677837,187279180,
18563723,1598625,2188317,1009909,183217708,212090128,202067440,
17619473,1492075,2556385,1489671,174134141,202924846,193267880,
15904680,1227556,2233928,1431639,170392326,196409324,186985000,
8883575,635144,2765158,1406776,136660952,172024543,163856700,
8257685,288603,2024377,1374314,156476357,184518512,175788260,
9540516,490648,2388530,1426386,160855942,198808041,189287660,
10340079,589399,2178598,1036261,175034946,203029617,193324960,
9654151,581059,2682038,1649053,144197806,186609230,177663900,
6006138,428368,3409691,2400943,76310160,155708180,148300220,
8356363,580999,2682687,1619983,135531921,174182783,165956720,
12692106,1133542,3058949,1228146,161585343,194471023,185179120,
14480533,932165,2927205,1206360,168922417,206176534,196394220,
16462022,1209217,2843273,1501227,170950147,195800959,186522040,
17801972,1384545,2702805,798351,178592537,186082256,177164880,
13743308,943333,2564565,1078198,175519813,200945169,191359300,
9589457,477709,2330670,1266959,168265519,198197141,188765900,
12608223,1049841,1931878,1041352,125955065,132251575,125799800,
11643154,1034807,2131083,1219045,97113928,122567796,116846540,
10551767,1013312,2747248,1310629,144876174,180216290,171650540,
11874583,1002627,2495927,1170126,172316913,199460203,189981480,
11076474,757951,2490262,1122947,170975267,194654878,185415140,
9630504,544958,1886717,1091481,160171060,196346608,186890460,
11374158,768311,2321989,1510687,155563550,198790331,189431180,
11760308,864716,2761763,1441161,159452114,193382019,184130120,
11723501,875793,2695006,1287932,159769331,190990191,181908820,
9960939,547905,2033956,950859,161275303,188901416,179918480,
10059363,876570,3342882,2138942,106613108,179017082,170484240,
13455754,1211562,3192482,1321426,168470195,191960198,182842420,
11762386,923857,2693467,1438907,148318192,174800963,166449940,
11450903,784758,2794229,1556671,156140508,197228574,187838780,
11353072,757019,2601416,1509233,166232137,197374020,187915000,
9006839,655420,2666933,1813742,114790208,165920582,158092680,
7085087,513020,3218338,2102400,104431568,166632255,158590760,
12572739,1162131,2710735,1366721,157175762,195992918,186727780,
11061846,683040,3050104,1403603,159963601,194084639,184800860,
10133741,585544,2230542,1121103,171065703,199131084,189720360,
13649495,901786,1812709,764830,176773429,190769338,181649460,
10602357,655335,2069892,760782,177376187,199939557,190454000,
10372198,699997,2111571,973553,162623883,183861394,175092880,
9488843,622623,2948934,1639616,143121616,191673592,182559720,
13251625,1094962,3158401,1692134,156996302,196842210,187422580,
13801175,1192800,2628931,1110138,161377056,187333519,178390140,
10158571,721976,2908211,1366056,142389035,182458303,173722340,
10082962,845352,3142034,1657875,133352111,180540426,171991640,
12998339,1164404,2825077,1538276,150169368,193110661,183851100,
14187761,1099689,2778801,1354532,167177617,200299892,190774360,
10736643,756204,2291721,1100179,170168126,192395997,183327220,
9574856,611298,2415186,994319,163488091,184000327,175129120,
9080112,545931,2569481,1395894,146372916,170941186,162836140,
9339918,705767,2956378,1713408,145721650,190082891,181029720,
10151559,679741,3058189,1579601,153436072,190038635,180896460,
8924893,551879,2569914,1314566,145280582,173887885,165586560,
8600062,506637,2929295,1699440,142598667,181827003,173281660,
9120953,501913,2535337,1308362,157955762,179505107,170959160,
8201671,602891,3051374,1905689,120654262,170102629,161973440,
9558676,718837,2576473,1155169,146785860,174969041,166617780,
12082965,849013,2441812,1137269,172716009,206394815,196611100,
9550732,589609,3084528,1834837,144528846,187487972,178586540,
10404095,800762,3026476,1476184,156294818,188039694,179040340,
10769492,701561,2083982,873973,177827291,196581794,187257780,
8923809,445739,2267354,1217367,157553890,190812427,181724500,
9961485,691235,2703201,1280882,156698277,186036530,177107660,
10643022,690914,2291689,1222294,164545618,196592573,187267200,
11009402,609569,2940040,1152530,157898774,177972250,169385060,
12156923,814869,2698213,1480596,161981736,191887484,182812860,
12853227,1065233,3381556,1654762,143685764,183527238,174788080,
10424484,787022,2184857,1478880,134431118,178634630,170189640,
10904181,668808,3157839,2042741,104324808,184121014,175292520,
10069515,621375,2232572,1252588,140843342,179731829,171179640,
13117171,883250,2463631,997539,173980113,193475130,184344120,
12206830,798518,1970612,1243842,176843416,194528242,185313380,
10816592,624372,2094502,1269392,162657015,183077178,174316820,
9601062,450171,1519873,755195,179118119,197064470,187678980,
9665323,580754,2376812,1430445,168513367,195095173,185773580,
10470777,725515,2432561,1039008,175690311,202092462,192418380,
10869229,806460,2529868,1351167,158976287,193559812,184413060,
12850279,926692,2741174,1405559,173869901,200984417,191424760,
12773282,1015703,3520430,2056210,135894989,190006682,180946320,
9297127,827857,3175784,1635727,121939460,168517810,160411640,
13071185,1107244,2885903,1421371,153437977,190997084,181910120,
10767798,852890,2739374,1661845,137483632,194069861,184905720,
12267133,974324,2694590,1212767,167571741,188622841,179558700,
14494073,1297261,2852259,1220452,161958617,190499305,181479040,
12088146,865205,2504637,1304558,168229769,201124315,191530100,
12782288,972240,2700765,1402373,165672738,197137404,187742020,
10068477,536564,1802341,829839,174637926,191530429,182497020,
8931292,465454,2599459,1708946,154152982,189498670,180313740,
8331651,629260,3171080,1775025,112915577,156121235,148829320,
11389027,743231,2192802,839117,170953317,190716732,181486080,
13474775,1109371,1541711,744736,126571107,123701319,117714700,
5711458,729110,1699695,470172,27125282,38799260,36844800,
8308198,622618,2703368,1638695,125227908,166499059,158768020,
9799872,672337,2048900,1262299,150140556,188794372,179794460,
12076626,744243,2196275,1089822,175859149,202701540,193082680,
10701255,624958,2095680,1234382,167372899,192636713,183438480,
12191070,1074820,2852366,1575085,150165885,184214880,175411900,
12937453,1000066,2933965,1453896,168694101,198823312,189373720,
12988235,1137366,2994028,1581112,143164475,185615503,176731020,
11919996,980407,3938160,2345415,123177412,184138354,175448560,
15236298,1180599,3193158,1785661,153301210,188841815,179798700,
10827397,890741,3343105,1441795,138243813,170816445,162637740,
10143541,613187,2333218,1201375,162596696,190836885,181756260,
12728535,958529,2084251,1104535,163762676,182509500,173938980,
11604017,724322,1743629,785554,162961150,179542202,170960540,
12727802,1008867,2522641,1458176,166916393,198360658,188908400,
13875153,1363193,3561638,1837369,137341653,192873913,183632560,
12809383,911810,2236474,1113937,175528208,188717051,179766240,
10817405,715253,2918880,1511393,153507171,188042330,179123400,
12263824,862856,2571867,1413871,172604241,201166309,191562200,
10976057,916760,2953999,1632243,143955723,189404738,180340380,
10540045,804273,2698687,1087925,152418581,177224739,168814780,
11183559,824383,2522283,1022538,170046311,184848168,175997180,
7277593,513022,2828956,1431560,104816471,141075537,134310620,
7800557,655766,2274548,981783,93156438,118518269,112887160,
19383268,2681129,3004052,1411592,124221423,187391693,178478340,
17367187,2234048,2444926,1130800,156866001,189311649,180294820,
20696216,3104331,2839109,1386660,152748687,201356219,191783220,
17569240,2539281,2136932,1358523,167318740,208183245,198318960,
15867703,1831020,2111655,1101372,163923549,195897748,186512540,
18177007,2416361,2332104,1083102,173405319,206220001,196393960,
15886627,1926169,2192937,1094017,172065537,205049901,195328820,
18657456,2294709,1690060,820778,184287013,210728935,200659280,
18604810,2362523,2462467,1348192,165901986,206098022,196282460,
16998557,2026668,2520707,1330138,165048400,199388340,189907500,
9360624,563648,2024740,1201381,153450457,192556396,183405540,
10906334,740676,1458003,894066,179147024,201818918,192134100,
13094135,1115192,2431958,1722612,147706812,182732034,174068460,
9782680,650561,2049976,1336680,152481393,185925167,177071780,
14734645,1208816,1834614,1012603,140917112,161897544,154181820,
17367654,1631521,2629494,1342861,167851454,194781220,185534540,
16631895,1534419,2714849,1659049,159253898,202136474,192527480,
17724037,1641385,2567354,1234022,179193894,200250070,190562400,
15817879,1508650,2904592,1371505,162331469,196205771,186991060,
13250602,947019,2123663,770817,188970826,206211397,196404980,
10108309,655310,1966496,907613,172644825,192221671,182998080,
9401809,498553,2041489,1021293,154530292,187574518,178695460,
10765522,687074,2005550,931653,179451576,202881338,193226760,
8949016,479328,2836391,1683541,152239891,196831219,187392180,
9189919,651461,2975679,1869214,139388667,190199264,181119220,
9625329,595283,2537815,1071283,157657750,187545268,178608260,
7520677,536495,2394351,1540108,120908202,165288265,157458740,
6444973,320663,2814771,1953419,109383805,177614456,169131540,
10163103,773715,2612818,1701205,153060433,195183832,185921680,
11415943,624033,2327175,1149516,174180005,199354382,189838040,
9322472,713528,2400467,1050196,143429400,170979170,162808460,
9068373,692955,2705792,1340892,123212487,161453488,153800480,
8187927,462106,2970950,1564632,125793064,171490846,163295660,
9140519,611934,2528581,1211416,150323513,176750348,168358280,
9777746,709395,2921812,1120195,139612107,167950896,159925880,
10109064,594414,1903327,822383,165067390,187299194,178429960,
10395994,798989,2815125,1170164,155452437,186546334,177679840,
9479929,602286,3052108,1387986,145532598,184980032,176115340,
7844173,411400,2922287,1691394,139513794,179870703,171482640,
9003684,608712,2454640,1507230,143713895,186677969,177598760,
8720481,488561,2511180,1240749,144888686,189761854,180761860,
9907081,651058,2565017,1442918,151702480,187180747,178299360,
9196015,625365,2287780,1262729,150755735,184191461,175426460,
11212412,740296,2631488,1337720,163486138,192559939,183366500,
9487149,555177,2005950,1098278,166539979,190804055,181711160,
10318455,616493,1990798,688562,176550708,196524968,187233720,
9366045,584878,2578838,1365846,149150576,180607653,171932520,
8628591,497906,2847287,1730376,139986726,188071207,179161320,
8400327,370057,2342059,1537072,160528523,194626667,185327400,
9988344,738603,2805811,1306149,156342040,179714985,171186600,
9091096,603152,2529940,1522188,129621285,167021488,158936660,
7472771,382254,2361660,1249911,132702112,160626689,153160720,
9641237,664239,2449106,1203240,163641058,195621674,186328700,
8401618,457654,2277238,1241461,156288359,185835840,176908320,
8129106,628663,2640326,1705433,122575511,170498055,162421200,
7923290,549281,2986313,2071895,106101793,183604387,174797780,
10515514,622363,2464368,1253866,164418677,187205460,178399420,
9195899,491795,2175266,1243124,162778492,186223541,177334560,
9954293,636548,2526993,1116184,168801086,188491030,179463600,
10543469,601029,1718537,848486,184005584,207259843,197403420,
9251379,461595,2518052,1304447,162864906,195427975,186120860,
9274116,580975,2317594,1341356,160784722,193372155,184228560,
10367725,721615,2539437,1004670,167120816,183824001,175065300,
10234242,627467,2147942,1028764,172223213,196270035,186871760,
8814100,427575,2551128,1570104,157622603,194558752,185201500,
8460938,476048,2396839,1415426,148163592,186822979,177986520,
9959328,763736,2356998,1190313,161365598,189097404,180111780,
12137450,1035189,2370706,1021757,160395660,180791364,172197460,
8510026,432341,2886094,1656209,140411008,175460522,167049000,
10406517,721387,2338657,1160947,170081544,191418691,182324100,
8712747,535828,2918914,1531011,141580957,179300217,170802300,
8640218,563493,2366320,1385790,140947589,171782974,163723600,
6617949,338464,2940541,2062762,116104128,182363926,173524180,
9640606,484607,2389040,1335505,172576989,199352207,189849860,
10081967,656800,2064525,892875,168004423,185630079,176804060,
8500189,377914,1891427,1151279,166406721,193248038,184060040,
12078995,892395,3078049,1284482,168567567,198868674,189446540,
15590424,1058282,2942628,1361993,167237454,192880532,183563580,
17037630,1311059,2789014,1032219,176290780,200069215,190643320,
14406567,1132270,2485976,1306354,163598040,195083890,185676520,
10956908,709017,2363710,1320288,160814543,192573179,183399460,
12632704,839340,2763999,1487081,162115909,182725340,174125060,
15852972,1249822,3245045,1566290,155630512,182628636,173930100,
15868331,1209939,2229829,1269981,167834367,189899203,180857240,
8728366,548418,3272532,1776874,118730088,170293911,162068740,
8783044,449384,2472184,1566570,161539672,198903873,189557380,
13758970,962929,1532493,899589,189610457,201614271,191964160,
12127369,658590,1522627,719317,174374016,188091867,179127940,
9210897,418164,1820933,1024197,167806920,190102796,180986160,
10788278,822613,2378189,880707,173092268,191474762,182378480,
12109298,818625,2346217,1077573,183527933,193630470,184422900,
11947752,856969,3222176,1898481,145493177,190500093,181539220,
12180446,845601,2806770,1579910,155867307,184624936,175704580,
10853637,956884,3292196,1934812,120170527,174303218,165905760,
12253876,1162064,3457862,1903338,126993857,176801959,168371700,
11654691,821224,2629508,1303073,165656509,195774376,186476800,
10926966,844027,3047304,1783787,147856744,188061305,179073380,
13138466,1245323,2984474,1403366,150019989,179487633,170947340,
11758136,1006830,2432078,1202904,145326970,172555483,164284080,
11962998,895877,2717706,1265793,154365358,183982506,175240560,
10881284,843731,2855819,1675430,143862496,179385249,170890940,
9988548,672802,2662910,1445780,153103893,179162564,170652440,
8751546,561440,1981551,1033439,141080334,169590367,161522220,
10528000,893109,2987655,1379999,132329905,174830554,166514120,
12615835,882052,2405321,986971,164877183,180266607,171660160,
9169120,525698,2325191,1216360,146693324,171008401,162899100,
10650620,678153,1815617,1007483,161803033,186604119,177730840,
11059207,782004,1951708,1199930,152102821,178135087,169637880,
9366878,617863,2518207,1606871,133526666,166156210,158258860,
6341715,547165,2195695,1175041,77761797,97808947,93188620,
14794334,1288693,2614971,776050,186728849,200492427,190964820,
11688889,926062,2631183,1557049,154514642,190926903,181821100,
9716189,580315,2573386,1569492,158758728,193696099,184523360,
10328980,559813,1762527,847833,185269318,204261640,194537380,
10584613,639733,2376807,1450787,161505526,193123578,183836000,
10452734,690210,1956669,955956,173327450,190509581,181505000,
10723773,797367,2337187,1347672,162143485,192901222,183695840,
12569560,899030,1803743,834001,177558246,193415745,184170580,
13694548,1023074,2934779,1371445,156649117,191187291,182094060,
10911081,825323,3264741,2004034,130931561,187695792,178728180,
12318236,1033653,2486665,1207343,172274392,200879870,191338120,
13326130,1118460,2093848,772518,170483949,182587737,173904840,
12728422,933353,2960362,1382547,171885153,199025989,189527420,
10685181,690505,2154015,1167270,175859946,201653343,192067060,
10662963,742625,2526834,746126,172096076,185188554,176351320,
12306663,820925,2784917,1544459,159456556,204326850,194646180,
10605330,858159,3333830,2335613,93366430,168667129,160612220,
10887532,795045,3209462,1537825,129415990,162766488,154982200,
9174918,586294,2225019,1492709,145236944,184875004,176038180,
10378630,534098,2404396,939060,177965107,205018398,195317240,
11873822,930229,1941485,1313577,151360248,183423773,174683380,
11378585,703509,2006724,1208371,168693661,188930532,179928740,
10449823,790947,2600294,1486670,130941339,177531318,169043660,
12109224,911329,2337752,969077,161767145,179759324,171136240,
7574185,599257,2252450,1078742,91179821,105963259,100936540,
11270553,936221,3122326,1821486,132673702,178572268,170124620,
13369093,1200979,2655422,1161623,161186425,184425239,175661720,
13077443,1020813,2376077,1189026,176939743,204052349,194287300,
13985803,1037183,2913039,1273136,174746888,203239593,193619840,
13523971,1187247,3088128,1864618,132384370,171803805,163632920,
14173013,1236890,2688314,1070627,180260558,199421619,189906860,
13057019,1187991,2884566,1462596,139522331,173613986,165263980,
8958529,569052,2930201,1482985,140370237,172514328,164212260,
9274405,1087211,2169230,940946,61147295,83568959,79548160,
7129301,661747,2041247,865645,61829997,72951861,69704220,
8668885,593774,2492422,1384262,139795715,168810961,160671260,
7440611,346829,2003547,1182164,146211000,173356329,165085180,
8442974,473533,2478978,1367415,146067403,175516616,167170960,
8921640,564109,2145237,1429971,140580792,177464437,169082940,
10952707,713978,2868440,1364009,160292133,191168527,182081700,
14408541,982756,1337493,615431,192181125,200573347,191019760,
10905805,699465,1983361,655248,176429169,200160094,190617600,
9243648,475711,2287829,978423,169790819,195669312,186329500,
8477069,501437,2711548,1595009,142262581,180418780,171770680,
13428495,1168787,2695451,1464169,165613216,203725977,194065060,
11725087,951799,3403333,1787917,132277205,181557875,172840940,
10476480,708309,2254027,1053780,144433495,171874063,163720160,
12862822,960881,2883870,1602826,163084742,198424589,189023480,
10550685,1145469,2651576,1403283,78597132,115517144,109844000,
12656070,1170564,2826385,1049545,145795053,171792411,163687860,
11910436,1138517,2632216,1265266,109274779,134932520,128404700,
6959253,698610,1610833,777865,64085768,72993279,69527820,
7059382,919316,1735234,499697,38140622,44859984,42393840,
1984375,208585,930479,484227,10330878,26395359,27187300,
1672783,80151,632005,488398,34978549,45915515,43867020,
6188474,262486,2385513,1794442,128105990,179394833,170908580,
9416847,598539,1872315,1183749,162629564,189393942,180425360,
10563931,710188,2495418,1359851,155179311,176025584,167649600,
11733928,811960,2021521,722354,186825173,201474244,191859300,
9433227,527436,2477067,1295164,158510064,192617010,183383300,
9271464,637149,2699091,1551830,152035399,188549175,179633180,
11157456,802153,2481770,1066352,175525503,199948054,190434440,
8684119,405977,2370197,1237363,157750048,184873816,176094000,
8812631,457594,2387164,1358887,156015604,189785420,180704640,
10609505,744453,2538117,1224295,161929873,196874781,187551680,
8970794,639817,2697661,1697081,142567667,174984071,166613260,
7442045,454490,2671881,1578048,124718013,169626371,161579160,
8791997,513330,2200242,1402638,156080533,192430308,183237540,
10629789,691100,1799090,973393,176688878,201033925,191533240,
11050005,642818,2249555,845490,176055227,183564866,174736420,
7813181,572388,2696601,1687216,100204340,149287362,141980800,
8224021,1006653,2399348,1315340,56428402,108781515,103759640,
23240154,3365434,3596312,1489025,125453493,191744053,182621800,
25648328,3913678,2937395,1245049,147880422,198339002,188926580,
22531444,4272354,2347885,1102860,130641480,170277769,162150440,
18378767,2577727,3331099,1684562,128277040,190586249,181474140,
20885705,3089392,3186997,1215035,140274554,182130291,173499920,
21314304,3026605,2178540,820786,178729930,199850634,190306720,
13969919,1394526,1784633,721497,165621967,177882928,169379700,
11229127,879998,1732799,941490,163762457,184194986,175486800,
10973295,448279,1637157,501889,191313028,199837378,190362300,
9729522,463726,2134374,1360663,177614863,202839722,193180800,
9019841,470774,1936991,1282991,171006573,195008220,185741860,
12944168,1334596,1868894,1007938,101764767,112122279,106568080,
17458339,1643821,2436315,1403785,95069417,116929204,111461920,
20444528,1972042,3708203,1842585,142693003,179386425,170827640,
24681127,2440634,3169018,1727794,165036325,186106087,177347580,
22357395,1997942,2742241,1282588,176833356,192197954,183040760,
12682971,927011,2649909,1000248,178749429,198929451,189383480,
5450298,397178,1541853,831342,64267402,82911941,78818940,
10017535,865238,2171268,1257255,118267440,150007676,143016220,
9474466,495129,2491165,1499516,146764755,187501265,178628260,
12145768,695022,1285083,653002,184676037,194028082,184702580,
12508357,813570,1836477,1024504,158401232,168390550,160406420,
12436878,809671,2532564,1160532,175715746,199598157,190149600,
9421052,890823,2614280,1465884,81218595,111035751,105538520,
11105092,1179252,2638445,898429,115966910,124109930,118224860,
14144991,1465878,2616542,1168018,116774594,134221670,127925220,
9705714,744528,2725593,1842978,140715616,186228350,177406780,
9304938,622345,2539750,1484988,138859962,171789398,163662940,
11075711,880256,3178837,1442931,140150827,185321226,176429540,
11526140,841645,2113518,909652,162228382,187919771,178889240,
10319052,815133,2438633,1286738,135825292,169079816,161176820,
8991648,564059,2305330,1408163,142793800,172327013,164093000,
13659103,1089687,2138546,977685,165379337,202440369,192724740,
11001561,699597,2642072,1453252,157557905,190457071,181481760,
9853251,504080,1743995,705007,176491755,187018377,178085440,
8686673,408212,2110346,1309705,167020112,196057909,186708360,
11229148,782012,2646023,1188282,174777303,195680923,186332900,
9532089,682843,2323782,1320314,149315494,174631685,166289920,
9948534,560823,2656178,1433468,155455542,197221381,187877040,
12033346,789186,2417418,1379550,167815618,191940011,182782180,
7632975,848945,1926636,960457,58088811,75792228,72063500,
8743990,1144612,2256359,659490,43845515,61054259,58128640,
9017516,1090204,1908896,694857,46392200,65483441,62385820,
9553024,1180341,2319015,871956,46565708,71267699,67891600,
7076312,741042,1437503,552098,41453844,51232004,48715080,
4265850,479301,558708,238291,21044078,21248630,20331100,
2289153,135075,938146,640909,34762906,53117638,50960620,
4098069,104307,576288,343957,86428932,88892141,84505960,
8324836,717319,2254318,950893,102519835,100144010,95413840,
6020805,611741,1682186,685803,49151812,59325948,56461980,
6303267,863901,1384748,349757,29660930,33262164,31695220,
4255750,529879,1669845,626540,21875064,40552493,39357420,
5953969,640893,1866979,639553,48448536,66745782,63803680,
7230826,363836,1844859,1117655,129501709,153865176,146333660,
7979333,495469,1636941,1087364,104749019,131106524,125094200,
10340860,793149,2554027,1137213,151166388,181955084,173143840,
6666765,764774,2054561,827333,44454836,65624098,62439980,
2729669,155366,768210,452633,46603314,59518498,56762280,
8929592,704021,2551840,1213972,121912937,161499596,153859000,
7879486,688204,2059382,920979,101946241,121999855,116201500,
7502882,380624,2126341,1316863,138748653,167043794,159084460,
8285334,404844,1839606,1020659,149876325,182469356,173776580,
10196871,722494,2333659,1103747,168049585,189686877,180670260,
8148140,613712,2518144,1616826,107764622,144495633,137502860,
9009045,469918,2269886,1112244,159920782,189591521,180603880,
7292948,573662,2087688,1090911,99916862,124212663,118182940,
8016764,630703,2647879,1416230,124166134,172461727,164397320,
10813808,825358,2261064,1232025,159513514,195578717,186213920,
9366733,550831,2567740,1637942,140606640,186260027,177408280,
7601464,348012,2130699,1442314,147870512,179192594,170813040,
8921565,559828,2237874,1237765,154147802,177253639,168697000,
10148045,598493,1891932,558782,182172619,199352617,189876440,
9891556,581453,1911604,855838,166598540,180182284,171540780,
11251603,751932,2413620,1177152,160705116,194090259,184925300,
8709063,487811,2937456,1740772,142750495,179272143,170705740,
8415455,384305,2484509,1487675,146324263,181730930,173023860,
9571479,594432,1490365,698903,158895304,179526751,171016500,
8747614,480952,2548782,1461200,149168684,186526830,177712020,
9213830,585104,2241338,1620052,141240304,179537190,170889200,
9309369,466102,2311419,1507887,158899657,195139168,185839880,
10473335,766053,2423652,1427337,154906705,189447232,180500980,
11278018,600632,1601142,784318,182398005,200241799,190726640,
11915720,826633,2229832,1111501,181351264,203168232,193466380,
12113100,864164,2722295,1421028,161893775,198983662,189554420,
12223268,860093,2295725,1136936,166991919,201247370,191626380,
10669691,734791,3100313,1941790,145530499,191623268,182476440,
8444919,504354,3013967,1877170,135914012,174476184,166218520,
9199979,657336,2257096,1031586,142377439,167854646,159749460,
9219180,502969,2248657,1141649,168943460,198834686,189429060,
9196636,633360,2897964,1734044,137127518,180199884,171687140,
8994264,569047,2744722,1661959,138837613,179779550,171167620,
9577616,628609,3090223,1902265,134989141,180121878,171543740,
11751507,837125,2692330,1400065,165302402,201334510,191687700,
10306277,613438,2352969,1183374,159908490,190066064,180996420,
9137873,526131,2335433,996450,153910457,185251578,176470000,
9858251,560690,2061110,1188997,169530174,198948616,189548500,
8692666,464387,2713024,1604540,150240979,193539184,184268820,
10798131,873191,3294565,1782058,146499380,188497153,179575460,
10608728,975237,3326336,1783727,121446226,165578048,157671740,
9667070,751552,2781111,1403593,136190167,167012283,159074640,
9381058,457146,1838253,948979,170057524,201955570,192318660,
9590059,470755,2075957,1063138,176169707,199309611,189787200,
9835838,522563,1713712,907540,179260699,201454137,191885920,
8136117,702273,3126018,1908175,100380944,163180964,155337880,
8530559,730676,2662474,1884200,104452915,163279489,155561360,
6718241,676417,3075798,1720202,54865313,112376109,106742780,
6235168,775026,1752160,467970,32173279,40545130,38543640,
5123872,480613,1803427,866041,54770700,71575567,68364540,
9393750,467448,1241185,609457,177349479,193852064,184627140,
10003732,668768,2680178,1148464,158476009,174148371,165779040,
10041938,612903,2258816,1144509,166685173,197651759,188310240,
9670836,655176,2695713,1505586,155674653,191374946,182302040,
10594005,755567,2153526,541293,175510513,186825607,177821720,
9615947,622870,2462517,1277739,155045372,179369312,170846440,
9186351,546376,2560595,1293531,159206637,185221125,176422040,
9919878,715150,3051333,1930177,132118502,191646771,182507860,
12098399,919339,2917109,1511109,155272057,186653651,177771480,
7966199,495174,3326745,1852003,118547003,162779922,154997900,
11254471,946173,3514380,1624743,155178362,188057718,179146260,
10348845,706255,2772012,1421076,151534084,180802690,172159980,
9970024,751580,2768650,1443291,153372926,185383558,176564720,
10276609,856546,2879102,1366505,149220857,176417223,168046400,
8005181,385123,2762862,1454161,134541870,168470864,160398800,
10282887,669805,2281831,1178024,168295810,199298849,189896980,
8609690,489589,2533260,1420218,160125265,189256234,180300080,
8839607,646104,2174194,1333938,139153546,178357740,169710480,
9093195,523638,2775812,1448848,139495494,184643367,175877480,
10586154,528991,2150744,1429938,176570838,207032630,197289460,
11404428,818812,2255170,905166,174991045,197502894,188011760,
10165346,745625,2437563,1238807,149444734,177754396,169193360,
5947721,696718,1898263,678131,40105835,51523154,48990940,
5945978,704294,1791073,714122,38575207,56445147,53876060,
4179247,129449,2732933,2325506,89826905,158921665,151418960,
5121078,652571,1648109,582748,29519596,45123843,42585660,
7689456,579642,1756609,855169,105260476,126857795,121015420,
9388644,439256,1799067,954461,176271432,198641353,189219360,
9378795,585509,1945321,1024143,161410217,184275301,175484280,
9318200,526495,2500008,1305679,163438854,194805628,185506020,
9433974,596862,2100171,1135533,160193654,182129140,173463520,
9455710,471300,2071737,1203566,153648465,178523593,169933000,
9583477,593163,2152940,1005615,156774254,176352908,168043980,
10189414,784694,2892607,1414316,156288150,185638169,176848960,
10983501,730114,1797592,704085,180734795,192379565,183220540,
9635717,443180,2481409,1189867,171151484,199344438,189714180,
7033765,395014,2990253,2133625,105243630,176898753,168456980,
9599036,603154,2434404,1262610,159124437,182396182,173825580,
9530152,608722,2544680,1179273,162736702,180249337,171694780,
10312193,650678,2324660,1173013,161149320,189958083,180890680,
8222245,520888,2579880,1445351,130006444,164128966,156229020,
8072780,678615,2636033,1409268,110345997,150497115,143446480,
10639770,726133,2087668,905203,170016139,184466383,175525760,
8601049,526559,2718703,1465976,140752375,163501210,155818560,
7804707,588636,2334709,1396350,123168042,148920068,141816140,
9534753,611248,2770112,1329656,158860192,193080495,184034460,
8496003,746609,2274000,1719156,116313761,177871820,169226100,
8763011,555452,3100730,1748859,118216628,171538275,163355760,
9334592,430973,1939193,1034918,169241682,191309554,182254260,
9460837,382221,2042088,1160110,180956289,202734607,193170940,
8806650,374784,1859528,1047391,168075613,188104313,179027960,
8503051,295643,1273572,574140,172642476,184935041,176200660,
9699091,568595,2214443,1086044,169919198,189330480,180253840,
9579888,706464,2989358,1523113,140858870,175734368,167375280,
9007440,550268,3064965,1497657,136162420,177813206,169350620,
11929041,870719,3561915,1415824,136154086,167327538,159267800,
10383319,916527,3268789,1965754,68856111,131144393,124822260,
12739254,1112210,3249122,1941880,90287105,145542188,138613640,
15981141,1438839,2722037,1423487,89780424,113099988,107851200,
20519767,1843988,3210188,1188241,155380838,174089622,165753780,
19701270,1628909,2268640,782356,186931567,192285634,183209220,
11835105,685434,2283997,839473,172967731,189288277,180309860,
10536014,605892,2367245,1362334,166293333,188330372,179365700,
13580776,932702,1649510,904726,186064151,198587997,189147000,
10801902,542803,1609138,869144,169501712,176513627,168056480,
10321547,579214,2133807,1135088,174137596,199844802,190375580,
12210393,941648,2330882,927826,175301494,199780867,190261820,
10535599,837980,3048090,1975669,137377318,190058565,181046560,
11789996,813346,2595274,1161035,167180280,196077942,186752940,
11218485,817658,2159954,1160409,162575210,195813965,186453660,
13719225,1248741,3197287,1482899,150458748,188155707,179170880,
15321496,1303554,2713238,1124443,170503655,189635000,180641740,
10659432,748273,3283484,1812402,142320227,183652125,174862880,
11461637,922453,3497636,2152262,132771072,189326003,180378180,
13643477,1237715,2637350,980897,168442682,179702601,171067840,
9394292,761372,2832142,1762801,135232472,178766201,170241120,
9937254,552480,2695050,1427376,169516416,199319939,189929060,
10113301,627906,1862560,893377,178801308,202427844,192788960,
9825110,646481,2994602,1412475,165630045,191180641,182015100,
9042141,568768,2179088,974525,141190576,170111115,161984060,
8301243,324332,1920930,1174523,157722388,190316946,181284600,
9149124,509225,2596066,1581477,144411877,187231606,178306320,
9346494,745039,2961428,1773895,121512550,174478777,166062620,
11042087,798742,2920792,1371731,159638525,184075292,175399960,
9393606,585047,2543392,1420044,158813931,190968009,181825180,
10500150,611493,2511135,1227978,168283626,198279889,188851620,
14025886,963215,1667617,924818,187188084,205479962,195700200,
11877523,732987,2258003,1105815,169251484,187507544,178574980,
14669763,1572554,2388886,1349335,163120998,204973466,195213780,
18461258,2319076,2533316,1204815,158100207,202907950,193305260,
23388552,3984457,2568220,1097690,169866928,207227544,197313420,
23649276,3558411,2945936,1398166,163741926,209765488,199767220,
20445730,2796115,2781350,1305603,154063323,201649023,192077960,
19642671,2731050,3053837,1678014,137423039,200808545,191231940,
22143503,3056044,2278213,1027527,175418303,210918532,200904620,
22152027,2818259,2299122,1101110,176832612,207604919,197665180,
10789354,684383,2691029,1381508,166665146,193965959,184745460,
12542262,821330,2068255,1121679,177980847,197751800,188319340,
18583539,2057962,1882340,988420,130308125,141416154,134771960,
12430645,1164106,2018945,1310555,136698509,164996806,157119900,
12419165,982592,2353536,1647382,140599466,181153028,172514920,
13377070,939267,2056342,1398017,172222940,202811092,193205280,
16457859,1360032,2534009,1420474,172018554,200450344,190859900,
17350831,1621038,2808161,1466064,161989116,194763566,185539560,
19926960,1866915,2832363,1444307,166695444,204273085,194530860,
16353769,1357176,2552757,1227383,171600042,198081872,188631040,
11048169,699890,2053885,1129834,177129148,201573939,191982300,
12283146,739469,1517842,804378,187301046,204826752,195018060,
10889824,611858,2137658,1195215,180499137,204165505,194433220,
11154045,758642,2101281,1046155,173145546,190920799,181761200,
9065249,366558,2111489,1465547,159554536,187125798,178243280,
10729555,785162,2091121,879495,172060992,195017162,185742380,
9672303,658497,2761981,1420813,133367053,159321593,151541800,
12805911,1558534,2294595,746658,64589855,64931546,61828020,
7938115,861846,2266930,979854,54180514,65787865,62628680,
8298160,631100,3175714,1918661,110355196,159975707,152602540,
10497248,882235,3137264,2097287,120496894,179599226,170910000,
9756300,653282,2840248,1602653,140466534,178121883,169675260,
7569439,396974,2658099,1737395,128306427,165891248,158074840,
9745667,755092,2454048,902136,155291993,169350163,161230980,
9964304,604795,1766196,1079833,163613349,193465094,184238900,
8430691,456431,2849890,1515285,138546377,178734416,170244740,
9799986,589789,2604425,1447278,158536308,200055465,190518780,
9246304,377009,1532051,813423,177199231,199135998,189643940,
9481591,670625,2169644,773225,163399231,177058359,168720140,
10631419,690784,2250265,1188733,173077187,193719602,184398980,
8437262,363034,2254271,1219903,154248497,192230152,183070040,
10636934,889147,3239397,1719403,136992788,185510581,176683260,
10907805,845228,2893259,1657147,130158315,178409991,169902340,
9355676,591922,2224439,1087727,160281422,181200091,172608280,
9266562,629219,2890075,1482791,148882109,187625427,178735080,
10182258,646224,2023630,909919,166969440,187376954,178436620,
7987487,484438,3036104,1914570,126362754,177540385,169125720,
9533709,565658,2562854,1350416,156672250,192080667,182922140,
7895053,675278,2976079,1759666,120084260,162276909,154539880,
9356160,627535,2423888,1456272,144675876,180851983,172180400,
8263649,409719,2251493,1261616,153770073,178926700,170461500,
8787448,493743,2546955,1565716,153405101,177736559,169260600,
9390654,714892,3197295,1512988,138999294,181548700,172881320,
11593678,936993,2316602,1280733,168902154,202464762,192904900,
10655847,679627,2809993,1449000,150532172,184369519,175498880,
10506102,728645,2193618,879703,173438444,192443666,183408520,
10124862,737092,2475023,1308501,154739286,183669834,174922080,
9357422,523728,2423048,1049961,156284898,189569770,180523400,
8583037,351562,2458400,1569827,163540337,196009060,186611940,
9283831,584102,2828740,1680757,146039496,190690867,181614160,
10567979,746555,2223041,911956,170218585,187383735,178489100,
6865148,451690,2019527,988887,96960835,111935511,106378440,
3621415,488635,1071158,496223,17654361,30787464,29282600,
5674175,713053,1677010,509457,28826086,37771872,35965720,
4907995,442581,986996,533859,28299616,40520397,38581420,
984585,118555,408833,208950,4768661,9843877,9375300,
1236626,114859,504620,171405,6269889,12214609,11642520,
9390233,683065,1326775,329663,39575949,39884904,37832780,
9563648,746079,490699,187881,40270580,30938716,28807840,
13549298,994053,483076,214678,57282106,33382436,31813140,
13098399,1073795,625312,257360,55957594,33607732,31986960,
10023548,1074914,407403,104002,46817584,26767037,24488140,
9231353,816777,1324000,681055,77693759,79887702,76635140,
12234210,1334618,2562029,1031001,91307189,107417562,102173300,
15333114,1537274,2950548,1467374,118171025,139657200,133289120,
12902709,894995,2397577,1288740,179229260,202797608,193215280,
10902193,774753,2818172,1759326,143102864,182862901,174026100,
12532361,1086068,2926666,1514497,157710296,187350597,178523980,
11732861,942687,2879356,1405350,146611228,172709026,164397100,
11020511,680922,2066436,982787,177892576,201233684,191731020,
10085719,533756,1735826,856412,178798112,205753274,195921560,
9953473,615527,2367696,1090113,170444205,199943514,190430940,
8719575,540826,2486025,1599630,139215558,180895243,172288760,
8044396,549665,3367252,2114953,114194307,180297609,171730860,
9602161,649090,2679372,1672011,150006414,185929962,177005400,
9873745,637548,2671016,1575205,135347977,173112879,164828200,
12438627,970532,2671509,1195532,164781039,189189471,180225820,
12370065,952774,2233301,975616,167388242,187501005,178493440,
10418838,723906,2963347,1614077,135330822,179068225,170611480,
12285547,983046,2571597,1164376,167013069,189954337,180906800,
12329647,985636,2856298,1166154,161229520,189609900,180658880,
13008420,1054728,2942036,1197790,146314844,170217021,162067380,
10483060,654880,2161170,1097297,155734644,175478783,167091460,
12570272,846921,2348777,1024918,165458239,186880981,178003200,
15536591,1126247,1611231,777082,176747995,185025886,176188760,
12408662,808055,2191458,1378795,158419648,198777099,189371460,
11376174,843051,3070699,1377335,147465688,187231135,178273180,
10102980,682733,2733782,1493959,156089100,183839065,175089500,
12020481,928920,2729345,1567854,164721215,201490167,191849740,
22558484,3095621,2755828,1095701,160883621,208288732,198422440,
17317537,2109945,3093527,1749039,132430305,200490984,191018720,
17076358,2242144,2375945,1362460,152736436,182658097,173889860,
20189008,3082297,2531033,1193933,171759111,195544873,186252920,
20887093,2597723,2204297,942494,189408389,210569158,200550700,
20972328,2467374,2389406,975248,182232197,211019376,200988460,
18985660,2389304,2716834,1312264,163037604,199448515,189929660,
22962538,3251132,2956257,1444862,153830157,205057396,195285280,
20493253,2547458,2976188,1507381,147009259,202874760,193213800,
18236173,2343237,2789006,1588900,152112463,199057580,189556200,
9825360,562662,1916839,1036882,174362564,197365072,188006340,
8317761,590614,2272552,1604008,138041340,176999690,168543540,
16465267,1429902,2035514,1434565,172941144,196837527,187536640,
11587159,854241,2049758,1174404,159082234,193719657,184447180,
16935210,1496967,2018865,778231,190761481,208482952,198553780,
16992836,1461699,1511013,670762,188955464,211040448,200983400,
16089369,1246141,1785778,1034317,177900971,202482154,192849180,
20098625,1762202,1516710,929742,174526682,188720695,179635420,
9770719,685839,2583662,1528197,128042897,177988914,169501420,
8811355,566867,3092674,2205543,115971890,175710997,167485680,
11002029,773525,3066710,1811220,145267543,184978349,176116000,
9810039,676078,2623044,1312165,146892425,179363463,170855000,
10258884,627211,1505614,758312,158027349,176576634,168091640,
8917687,608226,2956344,1900726,134538233,180408939,171912180,
11797716,897847,2630839,1130207,152251845,183264587,174454540,
12668761,959062,2378524,958948,157881432,182417492,173688320,
11372915,797149,2361328,979391,156699082,185404070,176625260,
7871069,482868,3020905,1831602,123275373,171257370,163133700,
8899227,541407,2330497,1330429,145598509,179380641,170833860,
10331442,837065,2751607,1062999,152226088,171995205,163792060,
9756169,744951,2678364,1365562,120458674,151597557,144292080,
9121373,786968,2294399,1269530,89050834,107767898,102568060,
7422126,938298,1753181,552117,46325105,50454185,48009600,
6309649,569272,2053335,865962,72301052,81607742,77771480,
9709888,670808,2811653,1359185,151789412,186770356,177957840,
9144849,585571,2541008,1347419,149098888,176593969,168123240,
8725928,485913,2440761,1345330,153220590,180786358,172160300,
10075001,649080,2924208,1584682,158484580,183693226,175064420,
7951121,457834,3089600,1953826,131649269,174921176,166471900,
8712795,601893,2880873,1937528,123205714,164882946,157089160,
8953802,420784,2376273,1155752,161927974,189208802,180245420,
9328424,727378,2424786,1140284,151913370,179097466,170613060,
10330994,794118,2489963,1301461,152202953,189030468,179912720,
10648887,803534,2698949,1404826,164082755,201242604,191768400,
11820014,908700,3126963,1378318,147139316,176486557,167978840,
10696319,676613,2177551,992082,169088601,197725163,188332540,
7816899,371322,2413595,1360547,136499287,168535095,160382060,
8870838,734458,2450414,1290618,131993379,163046636,155435380,
8908909,656666,2925773,1601305,137135173,184715447,175930120,
9266579,584511,2565195,1195831,153086239,170059182,161854640,
10359491,735029,2393411,1080399,163761614,193811882,184730000,
10972694,721416,2091278,968831,179771290,193399024,184001700,
5157252,536135,2114413,1048495,46080251,71483585,68108660,
5379491,276242,2522527,1944773,99491223,165716794,157886780,
8349373,455943,1763882,947582,155225294,175116275,166749400,
9007985,577145,3087890,1573299,138404454,184569066,175805300,
11929638,926949,1920712,986870,177853602,206101508,196374660,
9827018,410795,1538796,765180,172451242,190061918,180923460,
8460991,490678,2409858,1417244,133573493,176781356,168386600,
7867497,319946,1640083,749492,148829713,152534325,145159200,
12373070,920527,2977968,1243476,143955777,183150812,174470880,
12990479,1189522,1642559,479985,69355790,66174728,62969260,
15355343,1058927,2609989,1275782,151166799,165439611,157646780,
15474391,1335698,2294572,1228204,153574465,166869225,158837780,
14190293,1261044,1890507,514997,80785545,67771422,64524700,
10775177,1104170,1476976,556040,61680043,60215440,57347940,
7705748,721989,1259709,467375,55920367,57007023,54385660,
9965665,999805,1457120,649601,78314482,73146437,69553460,
10676728,1113288,2165840,1251986,79143233,109618187,104573680,
13993634,1147228,2773835,962262,180382247,193292513,184089120,
11895206,915417,2367489,1549819,162219805,194274890,185023880,
13020622,937869,2697296,1234455,173160029,199147801,189589800,
10787810,800696,2765823,1764967,146623774,185500934,176748240,
11285314,727762,2350167,1301392,172168322,196826524,187376140,
8548183,363426,1681045,979785,165335609,181976864,173347520,
9536421,538968,1688185,884413,176410481,195380769,186103780,
10276143,672183,2502055,1025175,176839613,195333723,186070480,
9255679,438405,1641998,1191307,172276147,195271471,185938600,
8792389,418700,2657827,1483095,153294662,187422731,178458040,
9386454,478833,2159390,1285008,165588478,198995023,189519360,
9894311,627291,2971149,1625843,148296815,188620651,179651900,
10735016,719330,2346554,1449772,148640684,192377721,183288940,
7758622,376910,2664536,1762938,131516453,180737336,172031020,
8302400,400440,2220891,1310508,152686618,190329077,181370280,
9398301,590635,2270313,1176946,154963592,182544747,173845240,
10930519,732951,2872272,1228834,168166733,196993789,187595780,
10825889,657206,1992335,942560,178836780,205402999,195571560,
10377265,602377,2265746,1330642,166714471,197136443,187763880,
11917594,759146,2218898,1629053,161865595,196368459,187050940,
10295894,665364,2533380,1359648,151240996,174200725,165889960,
8219960,539011,3088981,1883473,129090332,181694741,172986980,
12245165,943426,2457148,1301246,162705808,198119969,188684700,
14092974,1242350,3158672,1387764,168336108,199305717,189884220,
16046048,1489084,3342736,1534391,156609932,203513995,193819660,
15032931,1267377,3147700,1303831,176523842,203314335,193600960,
14872823,1214864,2446592,956648,181985685,209747001,199753240,
11829744,916670,2947478,1687005,139193622,178166284,169612760,
8541214,1052332,2146304,794939,53590453,72572058,68980160,
5751877,636272,1714953,744251,41014621,57740097,55171900,
6395748,261384,1853897,1316179,111778372,133274536,126929840,
8755408,582633,2492288,1506734,130492505,179604571,171086520,
8803194,596360,2724139,1295937,141790137,175524258,167193560,
9905727,645033,2108152,920663,163961338,181871521,173194720,
10806313,939223,3009031,1253055,153375128,176597560,168026860,
8763866,580083,2230928,1329294,140288657,181760320,173211680,
7908794,612938,2513185,1558322,117216842,164773364,156876640,
9792827,724019,2849312,1667422,121386012,173716551,165557600,
9595743,665081,2671451,1163082,153100481,180525179,171870260,
11286861,781952,2033316,898312,169049066,199104423,189548040,
10152455,649085,2887612,1758785,147729713,196138980,186877800,
8852638,478137,2506211,1690067,140528296,192968053,183783140,
10553117,901263,3090479,1601007,139858730,168739434,160701580,
11366419,805160,1935540,936057,177221630,190708052,181609720,
10570469,666770,2779783,1444832,160695244,188378845,179404500,
11468682,853703,2379817,1141467,171835325,194173103,184925340,
9816977,639407,2482891,1288722,143988102,176499121,168069660,
10360246,765692,3247515,1728114,115274066,170419080,162288460,
11154585,1025173,2674657,1575777,85059708,128518535,122235500,
5671126,621030,1959554,954951,42732845,60056000,57176780,
6380975,820343,1534841,296847,32015883,32592687,31099840,
6267252,403636,2746364,1887060,101368302,169338103,161393840,
9152557,417840,1606532,786834,171116603,192259686,183097540,
9123304,691242,2520042,1342813,139619768,171628603,163491760,
9844697,711345,2137026,879151,150015002,171683602,163461240,
8372638,372581,1322562,611214,147852250,164085218,156294180,
9137766,526326,2524821,1216642,146423105,181037666,172422680,
8992416,362487,1677733,946623,170039545,186719066,177818000,
9335155,700007,2613610,1275262,136146411,167523057,159412040,
7205343,765987,1598104,823338,66811521,85074086,80989200,
5851390,610446,1763832,755857,33993972,59556209,56721340,
8037557,742120,2596988,1229637,106432485,133015653,126869700,
11022559,716118,2083838,778388,176438539,195029445,185735280,
10966365,931962,2278146,1026606,67332491,90657635,86159640,
11681427,1357613,1566666,501164,56924667,52848260,50345040,
12570309,1464296,2312036,877210,86610479,96297643,91783700,
11420817,878516,2542631,1215123,147155046,173015119,164794580,
10973841,859875,2188396,1181330,139143897,156811809,149263720,
8629859,741481,3131065,1644182,124208072,174578187,166394220,
8505115,575032,2427627,1637925,141498816,181498856,172866920,
7449981,334991,2445535,1389592,136683952,174223552,165883460,
9594486,510743,2276951,1273943,166276560,200713614,191175900,
9604730,387225,1642165,829277,188398862,208013777,198154300,
9777183,669038,2440742,1360474,161470568,187401281,178462040,
9854887,545693,1797124,578181,180249904,196614464,187297360,
10959494,800933,2277281,1225426,163408912,197402858,187982060,
10259099,641480,2408588,1304738,151335417,191006200,181782580,
7158260,246801,2530482,1922669,122596096,173089604,164820080,
7743174,599628,3072588,1953779,111523413,158880964,151485020,
9776539,716121,2476679,1459263,151788818,187488322,178586800,
10121375,558664,2841030,1451937,170028748,193743458,184482000,
11451046,864777,2256375,1196284,168865918,199597246,190059160,
11200890,867272,2552651,1574613,162112486,199342315,189925320,
13325182,1396352,2266352,1366984,169697769,194118177,184834080,
11776952,1218923,2589220,1414548,149427711,182055130,173444000,
14850260,1605828,2017622,865073,174732660,202112212,192482300,
21419054,3006141,3446590,1690475,118377775,197481053,188032480,
25922390,3662992,3403214,1658801,137988741,216400522,206096040,
29712958,4997797,3203612,1378833,159077189,214743418,204483940,
26052896,3831012,3745733,1738492,139875941,212087058,201990960,
17135306,2689624,1587595,651262,93481215,104399043,99285900,
6698959,766264,1878724,916253,35803075,60028128,57150360,
6231239,864703,1404869,514812,37603013,43994849,41977580,
9741083,560789,1640736,1097457,168605396,184468331,175826760,
12639171,985513,2228021,1470878,144637303,183131772,174360960,
16807206,1460050,2080168,1085899,159031491,184287882,175514600,
15770864,1363094,2101945,1190002,173829275,200793703,191232820,
13832959,1132746,2458519,1252251,159354919,190729428,181665940,
18423513,1618874,1834579,1148900,178864185,198025707,188626600,
12105707,893956,2733082,1616170,148364901,197319834,187865840,
12172274,886796,2982877,1600862,161634700,195094802,185862680,
11730636,944097,2547500,1387306,148531872,182551547,173871660,
9176394,591697,2371442,1252097,137090176,164383634,156419540,
9542503,717822,2150118,1064998,155153129,180274930,171867260,
9144588,469131,2439836,1203695,154363151,186487630,177437360,
4074702,282034,1312497,838324,60637986,63048518,60079380,
9564451,694344,2658286,1395643,146258584,176110296,167705020,
8643657,723441,2058067,765737,103572705,101998770,97133140,
8140563,454707,2018660,1258915,145542192,183609230,174867560,
7555296,434484,2321124,1292689,133923496,166476781,158660200,
7625673,536380,3120882,1951188,112673933,174427391,166104360,
9259786,725558,2613007,1541265,127345271,172246734,164001320,
11730560,1025189,2826636,1346117,137487007,171499050,163320540,
9716655,696503,3376156,1740694,120759178,173322959,165099220,
9795514,591278,2754480,1568796,143404505,186273847,177425880,
10267115,767905,2518060,760311,155015947,176788627,168328260,
8423153,524137,2636375,1687724,133843977,180602230,172054220,
12192525,774062,2328828,1004588,175924280,200239022,190698500,
9071486,471382,2896895,1571722,153106658,192309052,183230820,
10483234,786792,2541519,1096385,169156710,195349125,185965560,
10181556,700154,2314529,1055038,159024303,178912482,170377180,
7834320,408183,2942519,1976263,135745219,186201411,177330140,
9460192,667955,2583722,1439167,151503459,193866709,184676580,
9902055,851680,2848654,1588745,134182670,182268424,173624100,
11115645,666167,2495928,1266125,163353744,194895373,185542680,
8282090,391906,2395601,1392766,143541367,180128078,171542920,
9581217,493791,2361379,1327655,170789750,195658457,186370640,
9448119,666300,2571627,1292428,150885373,173028681,164848060,
10442316,788475,2291621,1030714,155680075,166249952,158142200,
5603846,753574,1818481,465768,28780465,37493748,35732760,
9571864,633282,1800172,834168,155595727,184213284,175519900,
3230760,322721,1612203,965806,26298765,57458932,54601820,
3919963,220860,1152351,675757,68730975,80872941,77180040,
10080585,770122,2680352,1208122,152526770,181175586,172582720,
6630316,714187,2098569,915051,57183010,74683365,71013600,
7704602,533404,2258565,1581224,107079112,147921015,140998500,
8790781,466517,2287557,1405490,151622591,188107544,179130140,
9306464,642047,2347310,1117283,160686545,178056795,169605660,
9421881,489217,2034163,883434,173813363,193354909,184156260,
9787114,610155,2044079,1042200,160444903,187350462,178464260,
8641994,484945,2487132,1482613,150437436,191700933,182482940,
9187870,582074,2556200,1385294,156332928,187122207,178274320,
9309381,495154,2040218,897285,169665224,187328887,178444240,
10544032,615195,2314471,1222816,174796319,199854551,190295160,
9667806,480208,2334785,1272218,175081487,198772488,189374640,
7426281,360596,2393617,1556938,130858372,172457361,164139760,
8910269,592558,2790441,1605794,141267139,171878407,163718520,
11473562,1012657,2543694,1276609,123796670,152043799,144935700,
9592376,579011,3052336,1639611,144124259,183011507,174168880,
8445062,545452,2615161,1649671,138302354,181178947,172612800,
8908042,593543,2410311,1052301,148803938,170269626,162146080,
10253559,595767,1940763,941434,170759772,200572124,191064480,
9444451,593367,2765044,1517710,151012070,173741952,165354760,
6502869,665225,1889403,669561,56173935,58371279,55485560,
5655721,746867,1987091,667562,28613624,44890586,42780180,
5039239,626646,1319068,331915,25661825,29327829,27457760,
994781,89304,444354,275248,9904886,18367709,17556680,
7415513,255153,1491527,953880,156296280,181177837,172727920,
9134768,764260,2546307,1451906,108887783,138231048,131569340,
10565421,905581,2356302,923869,116637103,130895297,124767500,
7789459,411361,2558980,1600775,137160332,183903454,175125120,
8908972,477936,2204313,1208312,158336941,186791817,177968680,
9555863,640865,2129467,1131568,157720357,186928940,178015620,
10003088,726379,2502363,1029550,156238465,173728036,165454440,
9243257,553047,2813438,1512106,147743382,176250670,167771380,
8373317,484947,2711454,1610670,135263097,177383602,168923340,
9736626,687622,2316807,1163345,160614878,187306508,178433620,
9567290,679221,2410513,1205342,149628633,177948394,169459800,
6259828,441119,2410536,1289434,88638409,120080857,114333720,
9976889,828776,2314496,1317676,147685113,188397019,179384320,
11377089,1060984,2548944,978650,114108627,125157907,119123300,
8178946,473041,2502054,1288658,137873665,167641610,159801900,
7093409,331123,1831632,1285807,129661508,162158213,154396280,
7481542,823994,1897648,616373,65255187,77945139,74053740,
4051702,434249,1386409,595674,32533998,46680432,44438380,
1608623,76022,612059,473482,33429436,37791700,36038160,
5183708,679768,1688283,505084,25543488,37934081,35868280,
6864302,524514,2165455,1223243,85939744,131653463,125616780,
8865729,439099,1851772,871458,163164284,179024064,170384240,
8691472,435714,2025246,1182430,158520611,183778112,175127600,
10467176,805538,2804383,1122265,160457753,189470609,180311760,
9634255,837648,2620793,1689477,117861309,180510820,171966460,
6218855,589414,2159474,936385,49586371,73957331,70326440,
6669970,913729,1480784,395583,31740827,35205394,33500920,
2227858,227530,1025014,401030,12249498,25227978,24006420,
817153,76297,396420,252600,3908910,7690911,7368900,
2369180,192888,1748656,1152175,13501367,24709766,23496660,
3539583,294210,1502115,656596,19445055,25732136,24510520,
17584391,1531057,1806432,486470,73752197,63941024,60896180,
12920157,959033,1451485,556339,56460553,54855396,52223620,
11011626,757347,580103,296154,45914553,30852785,32513120,
7867275,853411,594774,225713,37326019,27393264,33503920,
11207563,1183378,1224159,626788,52037510,49402611,48781020,
10534472,1040605,1281935,586667,69249357,65194557,64521960,
11644573,1008302,2053579,1060828,140842195,159228531,166685320,
14038725,1260027,2872016,1136632,169020447,184037494,175253360,
11711639,1309552,2145390,851577,68741568,75454255,71690180,
7758643,880403,988295,377062,42172061,39621204,37954400,
7018435,846355,2089722,702335,63628788,75646049,71930780,
5559550,583459,1530160,661276,45836973,56895536,54166500,
3640028,175735,1134229,702901,70787086,81872215,86388480,
7235897,320255,1828748,1259084,142307884,177729328,173330420,
7093354,542902,2617218,1735382,115495338,165912521,158062840,
8510389,645589,3121696,1723158,131217456,180925199,172258400,
11304037,770929,2223966,1236337,155998629,190860815,181646360,
10247890,687575,3052752,1660256,140681627,175849523,167461760,
10181269,701938,2288418,1083712,162830913,187406775,178522760,
8879280,541334,2424670,1141083,151607467,182098818,173382760,
10006133,666853,2517650,1119888,150268846,178983041,170432420,
8455796,380302,2296658,1329739,158357041,185072905,176331040,
9264350,369124,1846584,1025224,178751500,203696034,194030280,
9558236,540804,2927665,1648566,142421579,186204681,177243260,
11622806,1000080,2952145,1249447,143470546,174973836,166701080,
10028684,913436,2765964,1827758,111789505,170404105,162262520,
11078362,900348,3047298,1436784,141465001,179674911,171216300,
15856757,1152144,1705063,1023569,182918210,206058683,196245460,
12993474,827863,2402544,1202371,171706343,199053539,189567740,
10847583,731341,2367667,960067,182500371,202270314,192630480,
10390735,691687,2208260,997282,163570955,178903623,170266580,
9491415,734316,2718711,1470997,122102220,144703796,137752020,
11390256,1244933,2333546,1007536,97225012,105255937,100223780,
13820892,1460941,2453671,909222,119642601,135230133,128948320,
14431295,1487811,3140042,1427783,125026100,171537639,163339480,
22311196,3006139,3129658,1489999,147502268,194813588,185563640,
17225304,2214263,2604083,1452257,149686524,198076417,188538860,
12443166,1088271,1900640,1015435,167254988,191266553,182244800,
13542528,1684108,2183757,1418875,131109068,179819231,171268060,
18303899,2695302,2242672,1243368,156442183,186064882,177210740,
19242958,2308826,2425217,1104881,175735113,205425139,195656260,
17120866,2149460,2197458,980884,174823395,201232897,191648040,
17152073,2129368,2127334,867919,180682576,206478293,196590100,
17124164,1987111,2099149,952261,184995176,204621323,194901500,
17179986,2084321,2154787,1069113,179956254,208162287,198260440,
13775422,1490106,2000010,1136774,168979068,204885006,195140660,
18794535,1935528,2109476,850368,185581766,206006618,196198700,
18365937,1860976,2544621,1452066,160528694,196972497,187516360,
7783497,402001,2562691,1641024,128022480,163846404,156075520,
7980096,482703,2225952,1605474,139795509,189478069,180398060,
11791072,1046701,2344610,1832220,130849924,176358659,167967820,
14478042,1031870,1635748,1013381,182620152,193922357,184776360,
12851194,1076633,2150859,1473454,149138746,187064003,178148840,
18299469,1609238,1980308,1197434,168318577,197393592,188012480,
20126941,1820190,2141513,1202690,184440316,207562486,197678280,
20780187,1898820,2009187,1202142,189869630,201500398,191854360,
12834797,1056031,2304907,1502562,150656604,190494016,181629180,
12245038,725667,2234720,1110071,180061113,199661065,190021740,
10707709,661813,2228649,935067,180286237,206441199,196610400,
11046392,715939,2326497,1189239,174145635,199623385,190097960,
8188772,292824,2084329,1122974,157130048,191475389,182301640,
14502680,1186911,2182535,1075378,162740474,191157987,182106480,
8966800,871452,2421340,1352156,68316001,99595491,94663880,
11773774,1453802,1950023,603392,59406490,63410864,60415060,
12555778,1495221,2371583,899976,65564036,71004267,67644700,
13889326,1604572,2534612,789430,84263605,83034022,79041040,
9299859,1085990,1843434,708837,47428133,58850888,55991000,
425217,44894,145932,82230,1653708,4143676,3987440,
5514727,714950,1731422,527275,27184975,39801685,37886900,
9136738,628625,2086016,957534,145926194,172729116,164618840,
5068920,257230,1568645,964309,90287189,102007831,97060040,
5174444,553451,1733574,891856,53007800,69835907,66556540,
9566412,1033367,1832497,635631,79514150,89488949,85180740,
6497731,460655,2075921,967712,96632965,116436137,110879500,
3396234,231375,953999,525602,55503423,57251203,54565360,
6511474,695484,1851839,617491,67683348,80174581,76346620,
6739224,645667,1923912,888251,68485633,86656123,82471320,
4874472,237931,1392093,777440,100956057,108920502,104393480,
9543609,679860,2530979,1221008,146282751,178899496,170445960,
8216153,565825,2571172,1123871,128822607,158221957,150605420,
7800630,590585,2145523,954146,110848193,135884754,129382880,
8377131,489175,2366144,1192450,143840513,166147726,158304160,
8386733,752505,2407039,914928,88240583,105855337,100643140,
6150080,790384,1662410,621537,30902373,45568720,43398100,
6536947,745835,1794257,515495,48341680,54941214,52327640,
5893005,591447,2004754,953324,64800157,86011570,81941920,
8890243,813027,1895037,805716,90780627,101114589,96387120,
8765374,721282,1942255,726577,115321358,128472411,122322360,
8608495,729465,2232200,1077282,129538218,161008930,153300320,
6518450,709738,1827519,606043,56290442,66324082,63269800,
5069995,256405,1454531,823096,91455017,104008987,98889600,
3772267,458986,989297,403412,40614964,48972235,47158240,
8446994,788075,2076102,723298,97712460,90681929,86403160,
5801841,347862,1411832,801753,104608789,109650191,104726860,
6484983,272979,1534729,964531,127884737,144611745,137858720,
8546430,761113,2378317,1016136,121628978,139651785,132861660,
8020827,760427,2037790,843530,91893637,95932637,91346420,
9710861,1100512,2460069,1093025,96790480,113498570,108229440,
11139297,821644,2595369,1222760,145010419,171912442,163747920,
8952510,867329,2550271,976398,117373889,128523063,122291060,
7495017,672997,2819846,1449863,79828272,96713872,92196920,
7954319,658755,2874751,1696065,101477847,135215103,128760280,
8205728,718781,2652622,1096930,113232836,136501390,129977120,
7012775,519520,1951069,901534,93499168,108714004,103425620,
5109692,290321,1159908,608014,100508649,102223162,97481560,
8269770,746286,2224105,918713,99199830,106470928,101258900,
9707351,747319,2622240,1251047,135922338,157029165,149703320,
3085143,183401,948681,548298,51431791,51158516,48585260,
5150537,644404,1485016,504722,46696870,56617190,53989980,
5511282,654032,1478850,429928,41465460,50893079,48691740,
3570211,311999,1245896,826748,28691984,42836637,48943280,
8139917,742189,1835779,690129,74142223,76094122,74796260,
7330278,730981,1889872,657903,79720042,80239226,76763880,
7929898,763541,2221104,883832,96532358,106005733,100942740,
5547105,644991,1462036,462710,41591345,53106403,50619220,
9386880,805142,2455111,975309,134912190,152328708,145121300,
9232686,697606,2258092,1115462,138305457,151957632,144795240,
3354960,325418,1422741,740030,32210524,50143516,47574740,
6563034,660264,1805797,669227,85509205,105850082,100834100,
7832186,708167,1895806,771870,106022358,115577213,110146240,
7488007,455303,2070607,1131274,124522941,143514871,136561520,
6111552,657666,1756305,920972,45353341,66766203,63606960,
8019341,852216,1756862,396834,45813273,45408003,43075920,
5132102,680934,1583828,411655,25679764,33614225,31937820,
6570302,557009,1585911,764545,84738611,90464633,88872120,
8299309,681824,2284119,1014428,110865758,127793218,124382400,
9342753,558569,2074563,1202038,163917421,192149183,183053420,
9346537,457667,1979814,925009,168568816,187461799,178632260,
8287110,460390,2449589,1462057,145984708,182610506,173810520,
8239537,369196,2152386,1382627,159139463,190177605,181105300,
10209144,743046,2644349,1193633,153878061,185168534,176303500,
8652641,591541,2120763,1075389,131805599,138652141,132183580,
10634977,998979,3061784,1526775,135995720,181073751,172436180,
11375533,986574,2462298,1041741,121250658,140138217,133354840,
9413732,806436,2503980,1131119,137009940,158904509,151404860,
8721891,713193,2269556,988860,101517077,121752769,115895120,
6488338,660621,2157561,1061541,65775610,84658670,80693480,
10307032,849137,2575241,1071044,142877569,164294090,156566680,
7827292,668738,2465269,1058827,93377293,121516663,115553120,
9115580,711903,2136873,908103,127884623,147953422,141120180,
7710708,365703,2561375,1510148,146245394,176484865,168052260,
8051600,371408,2173223,1377431,154783732,186291998,177490040,
9060584,539150,1927815,1005569,161444185,180951805,172262780,
10184414,777638,2968551,1380799,150770396,182679476,173942020,
9825839,488541,1865795,903847,181036323,201681391,192079520,
10675107,777922,2669348,1248987,163451860,201449296,191899680,
9587436,709589,2354680,1240485,149996592,185177248,176299360,
8827089,562267,2950214,1636948,128919712,182828137,174088960,
10935242,761486,2737410,1598497,143437634,187417486,178564780,
8036449,611371,2963924,1938970,124844471,172066939,163807380,
10413252,819479,2630370,1427591,161030354,193787861,184677080,
9642276,443562,2092185,931519,179739014,201757551,192083540,
9523914,582628,2222460,1234691,161640373,193502774,184270740,
8644480,441692,2542006,1399838,153521977,184044922,175279240,
9899435,559961,1873874,947601,174785716,191797176,182743440,
9933427,556492,2411841,1175999,165872982,199024962,189522280,
9353509,641480,2355418,1172428,138299211,160246504,152468980,
8327161,688489,2128217,917884,110169265,132267543,126117040,
8380799,527226,2722666,1515246,129014040,172276997,163958880,
9820450,1015827,2578614,1105300,83308235,105379152,100522680,
9706683,637085,2277947,1170396,147307143,177316926,168726840,
7622106,331188,2517521,1692529,145321294,184989434,176200520,
8909605,467190,2573897,1481834,157324136,191883697,182707140,
10117557,573819,1940184,970749,176509549,199860957,190390140,
10509370,706867,1994867,650025,174523039,195507641,186225820,
8734925,468496,2758714,1665002,144470035,187150923,178218600,
7228146,407277,2664763,1811295,123387937,164611570,156777320,
9570802,531980,1816534,1001412,172764932,198206637,188716780,
8105317,458911,2858309,1662650,142880996,183420282,174715240,
8291196,499281,2162979,1109242,151494797,175375865,167038720,
9969765,566623,1545893,928986,177807537,196629490,187299980,
9043379,433098,2178809,1058835,166807979,193035710,183843100,
10354343,879401,2735567,1616505,153279895,193115497,183890420,
10643216,683582,3126940,1638387,147757106,181402532,172731980,
9522140,594746,2179821,1124328,155870900,182358571,173703660,
9385853,481791,2516037,1388981,166607449,192817778,183667680,
8391238,462423,2476617,1538940,150680580,184522821,175663140,
9070078,585323,2078227,1172825,156749734,182781383,174083660,
10049879,631933,2825844,1295761,168605072,194987080,185772960,
10261807,583555,1925211,975277,178518255,198613164,189037080,
9714682,539530,2585025,1385659,172521103,200569061,191046180,
12628665,1193205,2301155,1427431,157585389,197019312,187612920,
12609291,1488001,2594513,1674791,128378818,190012412,180963020,
18491636,2969995,2332854,1245757,148446215,186840990,178022480,
19247168,2447660,2592738,935761,163197617,200254475,190699120,
19886975,2738586,2689138,1308814,153049007,199717218,190169160,
16752999,2051767,3215820,1612825,160335173,202819634,193201140,
18208241,2213051,2580118,1130958,161164352,200403384,190826660,
16637067,2280007,1999683,884474,179666406,206288965,196428700,
20144233,2368762,2092313,1075051,175928306,204545714,194849560,
17636527,1804980,2241057,899031,183335352,209005647,199088540,
16966244,1926327,2363327,1234716,171824168,200917651,191276180,
20407855,2171682,2594495,1286093,159655901,178092600,169669900,
14646773,1090727,2104459,1209386,166158123,191854558,182736520,
14767259,1199392,2080269,1441972,158925969,192440411,183231060,
23757649,2137284,2181624,1343705,170491075,195730094,186501920,
24389660,2217530,2953138,1571116,153965727,178828293,170398080,
15234645,1358426,2658990,1777447,129164032,176816591,168368920,
14498904,1212207,2301104,1507759,152311667,188341771,179260040,
16725379,1328184,2426288,1208390,181747569,198387352,188992480,
10819393,497077,1486040,686639,192107464,208866991,198888100,
9244794,337362,1793707,1054157,183016882,201634281,192056320,
9202269,537019,2672876,1557473,149203677,183314840,174464300,
13801764,1038379,2746671,1493791,130670695,164275376,156479540,
10068099,731330,2742825,1837822,106499116,147981534,141023980,
10348508,469758,1804891,1016381,174681845,190803539,181671820,
10926459,751461,2586674,1569464,149594781,193439840,184232500,
11268172,676963,2251249,1158581,171812819,195033453,185797240,
10343632,625058,2309538,984914,173930375,194943225,185602500,
10341431,527342,2277571,1187868,177730242,197150732,187796380,
10036918,785808,2944188,1741303,139290717,187547930,178590780,
12939475,1072793,2583093,1379086,163808697,192362908,183199460,
13078229,1143338,2864708,1032731,165614499,181625928,172955400,
13348829,979912,2490399,1271501,175332937,201935597,192331600,
12665258,930859,2810501,1570623,159529328,196712044,187348180,
12638758,1028374,2747731,1552942,151121514,177196440,168654920,
11164989,886209,2888958,1573726,148012071,186044775,177249700,
14208789,1298824,3003839,1460211,157479363,197511162,188091480,
11682638,835363,3140293,1620461,146528851,189802972,180766920,
8828594,476752,2642706,1781082,141812461,186387405,177598860,
8897250,455831,2506460,1419349,154753251,186902252,178048320,
9742505,710384,2620214,1371620,164846636,191154812,182029080,
9896702,593179,2244959,985830,168404565,186769794,177859780,
9163662,554495,2344068,1543535,153435267,187819506,178923320,
9697357,460295,2063315,969793,175827384,201571059,191979080,
13641321,920453,1719813,876695,190439392,206196353,196383540,
12380820,684082,1347257,715243,196255357,204959699,195152320,
7712947,358747,2238714,1359805,134537862,171842172,163680220,
8624142,456185,2209710,1315431,150250981,186522181,177626380,
11242661,918452,2928037,1894927,137662023,188857867,179856440,
14707317,1276752,2993888,1395236,165747072,191492731,182416660,
13112674,1278835,2486361,1133808,136110303,151331139,143995800,
10202360,1110403,2636468,1135696,77057194,100326055,95499820,
10634498,1255030,2620127,923267,64787756,84405088,80520200,
12243569,1060936,2631843,1134164,139609949,158448722,150969980,
11727385,1198000,3240293,1628197,105796011,143518781,136674200,
10345912,1025745,2283880,907341,113925682,133928776,127386780,
6475523,552329,2368250,1045126,72705307,92506395,88202040,
9375026,789688,2700628,1269626,136335639,166742430,158955420,
9822538,751534,2665801,1410607,140688018,180597897,171919060,
9258938,515649,2994556,1465154,139111991,179790682,171198840,
7595318,393413,2420971,1538628,136011120,180540208,171988600,
13866317,1212960,1890066,1216915,168674562,198081431,188615240,
15361548,1072995,2442157,1083505,190564252,203074374,193425740,
9081782,481896,2222977,1300207,163897374,194557625,185278540,
12930024,1016601,2520206,1126980,160351871,190398450,181340040,
14690060,1194017,3078545,1519360,153774463,186883840,178007420,
12721118,942674,1610119,851689,172658290,186511647,177599400,
12927452,915888,2797604,1306931,168195992,203621538,193950540,
12454334,1053897,3249794,1709849,148950781,190517339,181455580,
12598758,918707,2304831,1171852,169679521,194822323,185556660,
13890807,1149571,2898129,1398966,157194640,187822908,178878340,
8896745,1001473,2226787,1062366,59052628,76081664,72262240,
6340683,754837,1992924,619089,31712826,46368312,44180180,
18247605,2274409,3039218,1534015,102015413,157901313,150527980,
24166992,3690724,3249016,1233020,132700217,187984577,179005740,
15207433,2099174,2469295,1520836,137836322,184412022,175683960,
12957866,1340253,2486020,1500101,145520486,194682461,185408780,
13645775,1308187,1839792,907316,184176077,207894998,198059240,
13502228,1296091,1525646,764801,185306550,205455562,195659780,
14265531,1418878,1778749,832647,183736198,205916055,196067300,
16207582,1701891,2025461,841061,180447261,204634650,194893140,
12474984,1451807,2965311,2054816,140833527,191544878,182455780,
17449059,2089846,2044514,957993,176790525,204578521,194801160,
14566481,1999887,2107879,1075489,161633223,196226823,186920220,
17308561,2401369,2137223,1365916,169302962,207775527,197885700,
17425986,1963434,2906366,1582773,150586948,200719745,191179440,
11931728,1155773,2411508,1454558,148971300,177279304,168738720,
13311081,933102,1379485,898533,188761785,204238554,194598960,
12926181,907005,1982879,1086012,168920888,196047258,186645220,
18610929,1499783,1789489,933058,198920029,208326665,198438880,
20476203,1824051,1980210,1288051,179687661,198156339,188687300,
20583925,1943665,2352715,1385835,173598771,205355038,195636960,
18069902,1549851,2345890,1268983,179859541,200127887,190601600,
9816088,546503,2045969,1225484,162834218,194924284,185543080,
8870573,493380,2500538,1734870,145110076,184886417,176097960,
9076767,788072,3270176,2121542,106981938,169111550,161089120,
11635008,934819,2305678,1550925,135430662,174121083,165857840,
14463923,1087558,2310035,815723,191441029,204463820,194711260,
12241177,843539,1824711,800992,186499956,204069157,194347380,
11762102,803587,2641712,1284318,170697949,199476325,190001220,
11304791,718281,1648626,869310,172316969,196765891,187363820,
16104666,1444515,3113238,1144574,157571595,175441703,167057980,
12657959,975618,2245885,1024497,166892547,188672481,179729500,
9765682,774237,3579785,2424769,122082530,184563785,175749240,
14437464,1128410,1796365,895566,184706070,199640569,190179460,
10350339,632042,1863564,1295236,158474433,190485708,181378780,
10831694,775844,1796053,858450,173578534,185567108,176741760,
8210753,557725,3137728,2021093,126964963,183801678,175059420,
10682890,825141,2675908,1455443,157525778,192496557,183380220,
9653004,585758,2844425,1497775,154389368,190211519,181082020,
10195405,671081,2731677,1714165,146379870,186233352,177398380,
12911879,1049903,3015467,1633817,153027753,193988810,184751580,
13108335,1190374,3340759,1928893,122442045,171236101,163032500,
15261593,1364618,3256995,1242982,168581395,192344672,183251000,
12601227,1042154,2719457,1233713,150510817,170475595,162317700,
13173864,1050966,2755456,1439641,156945583,192910473,183807180,
13480739,1165639,2957394,1373576,166563419,199850253,190275640,
10309909,763313,2957058,1626726,151914934,191943557,182822780,
8725651,494358,2638709,1326026,146044419,177099352,168699340,
10650330,728651,2340943,1165329,172807062,194815749,185473560,
10014352,641110,2714226,1117681,164920191,189616939,180628200,
10511502,683454,2540104,1229409,157935562,178454339,169926500,
12442223,792176,2179698,1044162,172010455,198882074,189412140,
9196560,485318,2210661,1283942,147012113,174379566,166007720,
9897241,789521,3089124,1471919,149727710,178878570,170408920,
9198271,656975,2528745,1502800,146830426,183318827,174596320,
8933813,484853,2663146,1404393,151066745,185721697,176898660,
9231903,523626,2415631,1457619,149836361,189975038,180975980,
14639789,1374498,2867775,1341817,153062028,193507364,184256180,
15308663,1350785,2618044,925891,170531091,184058049,175263860,
10327582,620889,2388866,1245333,162202713,192142823,183061440,
13231239,1022102,2821307,1430149,166732523,187817594,178803040,
6759505,512392,3008685,2206837,82313316,155953231,148489740,
8827278,667295,3091038,1664640,128837048,164684429,156933280,
10985933,699235,2024298,920915,185245958,202419816,192769600,
9524370,510186,2644314,1375282,160886991,196207436,186837420,
4250879,315591,2335951,1540085,41063039,63173392,59985480,
5795387,588678,2439727,1371965,59862155,90565702,86357360,
6394810,360844,2757711,1587531,113125821,155134705,147786220,
8967177,420789,1729718,953418,165654039,191935327,182826260,
8580913,363131,1845648,1094903,164422087,192984935,183681400,
10223058,628952,1614360,1062418,176652129,209889104,199955400,
10713175,582612,1959174,956129,174102960,192508021,183309660,
10290962,567642,2542290,895024,174449140,193053248,183896240,
11488220,770460,3138582,1812142,147846055,188797268,179740360,
12809076,664636,2151652,1250681,166284446,189157818,180158240,
14141755,1140382,3031328,1386068,158181486,186891517,178049120,
10781995,605043,2413194,1271359,173660042,195505884,186208640,
13399857,913832,1446894,722633,179470658,182965392,174246040,
11653333,661512,2360332,1259166,176828333,193390869,184215760,
7107310,288819,2653763,1941791,130595854,176557870,168190420,
9767618,522761,2581171,1493814,173522963,197264875,187895960,
10252149,757453,2851655,1190160,158799942,182631640,173904040,
12099615,1041602,2583400,1388250,156494882,200821924,191301000,
11942482,764891,3019636,1604662,162562969,194458611,185154040,
10513806,838702,3003992,1884825,138490575,184432670,175593320,
10690662,723051,2671859,1503481,154273108,186004196,177143620,
9768963,628317,2737576,1717192,151089192,191414817,182339180,
13462048,1166710,3014759,1279864,165939164,188939149,179981560,
15001029,1290412,2919116,1225719,170434319,195924435,186594540,
9763074,706364,2990676,2021721,130081621,183705999,174887360,
15754484,1204452,3030141,1394378,169425593,191538963,182431940,
15472465,1274360,2665291,1391893,177086163,195605131,186311960,
9331692,700625,2557645,1086358,145706367,160761281,153073140,
10840555,693320,1798900,788317,178523782,201878694,192297380,
8950795,363664,2060309,1017970,169900420,194115906,184895080,
8399222,545679,2717578,1917812,118779574,174697181,166378860,
10627670,663672,2395319,1421303,153668008,185723391,176930720,
9460508,680365,2670814,1098816,153560430,179555828,170936280,
6927473,311620,2923590,1764182,122535336,166238117,158404020,
9109582,603030,2543658,1402032,146463408,182962604,174186680,
12629513,757617,1295098,733963,197519593,206669392,196900400,
13469191,815347,1397743,493423,194076962,197501244,188128320,
10355511,656132,1662697,782273,178631304,190922437,181830720,
9774041,538877,2540234,1128942,171302435,203361262,193681140,
9062947,490157,2306941,1416113,149686248,180663819,171836440,
9773849,1207134,2253174,1066359,48454016,66392526,63223760,
13910565,1591824,2806764,1270862,91393472,119168181,113688060,
15007275,1273209,3205882,1397117,150702574,176746339,168203740,
14135292,1590508,2599363,846349,92317738,89476533,85145120,
11563806,1394536,1962995,684304,59271707,60984413,58070720,
7629055,836704,1980294,658181,66018512,69352772,66089040,
6049771,403991,2056956,976368,92306573,107399996,102426720,
3240258,194122,863507,507852,49141589,51002802,48422120,
7173602,959291,1715288,455107,37490074,47473747,45245620,
8086250,550763,2699099,1230910,121008722,149879435,142851760,
7632249,434739,2185188,1336307,126244943,155861245,148387140,
10496692,854468,2546853,1001129,153512312,168928618,160907300,
7698179,800549,2132615,778163,66441656,78759275,74954560,
7701435,860903,2584957,917803,59894577,84666429,80610320,
8836183,758563,2085822,1428019,129109384,163957578,156260660,
9568455,634950,2252877,1074611,140033238,172686025,164454880,
9682335,603999,2241460,1320433,154235578,177014897,168634080,
9008387,516943,2085949,722316,161591506,182728197,174009620,
9608253,592109,1936263,1182886,161411355,179193776,170676980,
8589489,397930,2638651,1408402,150630146,186782828,177831600,
9691262,486011,2456174,1383966,172257240,196572181,187239320,
8689272,577765,2490669,1466595,145050664,183322344,174603500,
8500103,564312,2905099,1526828,144774804,174931854,166650520,
8734415,537220,2536435,1635480,140188196,181771187,173108580,
9235388,381425,1558552,821291,177475259,195704726,186402900,
11164310,636752,2317588,1189306,165363836,191705798,182609180,
6607977,545774,3165342,2311776,84582595,164869723,156912080,
10991031,798144,2604491,1414860,167986149,198873224,189444680,
12162756,795296,2733170,1189737,164792021,188012849,179065080,
13005822,961294,2890908,1262112,153102673,181613779,173037540,
10938615,732186,2211845,972106,166054870,183428987,174662020,
13139702,998615,2424806,1105968,159364302,178593567,170073700,
11724823,721545,2050777,868656,158386120,178876053,170277980,
9083458,631236,2240780,1104739,145244227,172769570,164577900,
8845434,516186,2559359,1258219,143470681,180485787,171939840,
9787197,622495,1860739,825287,159138439,185782374,176947880,
9427332,474725,2770514,1401390,160376149,196306777,186973300,
9360050,543361,2155924,1314672,151268723,182624596,173936980,
9616973,671121,2689328,1805403,135284314,181151190,172461840,
11572319,862365,2706343,1481211,162425872,200500469,190913240,
12648155,959258,2750584,1388089,159266233,196144221,186873260,
12701784,982076,2829174,1286577,169470519,201526229,191943420,
11818400,820889,2304066,1198436,164922753,199320469,189750800,
10969652,755876,2624111,1570710,153561708,194048302,184751040,
13452431,1246644,3140700,1639301,154030937,190528339,181545180,
14286420,1272037,2438995,838683,175861871,187378952,178442860,
11810624,834716,2799811,1411863,158960577,192518868,183319080,
8655348,709937,2624056,1488488,120374297,156238015,148820060,
8236103,803799,1922395,743344,89644649,91557444,87077960,
6612456,707723,2082873,748867,64151623,71340238,67976900,
8753187,522084,2559254,1313227,159277580,187945967,179183440,
9603174,649169,2027970,1301553,149250474,186022237,177072380,
8508166,563135,2729282,1582609,134054577,181198413,172582300,
10410487,779696,3209890,1851907,141768111,187370367,178546000,
6260903,701461,2071335,841548,37722248,57368970,54359560,
4371111,449382,2242069,1338371,39853294,75840061,72227880,
5794578,772711,1851018,578134,33109374,43826146,41457000,
6898733,695532,2282558,1341171,82931909,116395047,110806840,
6692213,893663,1715428,513400,34329937,43801776,41447940,
5408666,664270,1854978,685386,27829027,43367528,41321800,
5505991,648644,1591683,489179,31594994,40974229,38924940,
5587145,720556,1936163,724396,37102746,50029864,47826180,
5672813,628233,2784394,1431465,29622558,52980074,50504520,
2290895,166376,1352922,868898,20005590,30637375,29107700,
8978115,531960,1763923,1054762,139855108,170360749,162457840,
11184213,670196,1923500,797831,175178881,186178211,177336520,
10244367,566176,1773096,622943,185757625,206310418,196453420,
9410782,563742,2475185,1387497,154219700,191025181,181940940,
9994075,619614,2413406,1262133,159853477,192956553,183781560,
8915923,574164,2769916,1489758,147776644,193677691,184424740,
9728290,556648,1703900,714549,167628360,186627660,177711560,
9366117,448363,2253479,1222844,167030030,199638884,190116500,
9039649,688566,2982607,1626219,128935748,160162796,152554480,
9753660,687779,2114742,862269,138980256,156819610,149350940,
8772579,715557,2414076,1246218,125304192,145333023,138235300,
8064639,812902,2235773,1012398,76480154,93702001,89312200,
10281038,756968,2990544,1637943,138528537,178589508,170143440,
8349253,379411,2089668,1248463,154842331,183153582,174533280,
9669553,756429,2620882,1273455,152574805,175711237,167229640,
9107422,638391,2679854,1680319,146927360,187901787,179065940,
9230407,372047,2023007,1010141,176753799,201171504,191592940,
9292463,495974,1981773,1034502,174556635,195207328,185781820,
10538862,678269,2073500,958114,186909114,205531187,195863640,
10871645,847258,2506320,1123741,163349251,187092377,178155200,
10129065,530803,2935572,1190543,159577774,189962102,180873500,
18703655,1258363,3063699,1592170,147004694,168128968,160050060,
12572796,1162495,3144816,1657214,98054205,148212348,141222020,
9294202,744149,2486761,1723229,131846630,178542056,170020100,
14370518,1372322,2737516,1569371,148963011,187707595,178745220,
13722805,927158,1924364,1083292,166418042,171970911,163794460,
9012154,735306,2571374,1440871,125876228,155708812,148197200,
9922990,767011,2213621,745032,158756728,176538504,168309040,
10030178,582802,2428218,1197978,173802916,194040010,184725720,
11490496,824559,2301175,1338130,171561997,196480123,187145320,
10924186,767008,2159096,1131981,164177990,191591316,182452500,
11495860,808173,2461911,970331,170839613,185879829,177055520,
11999305,798461,1573516,818762,183764295,206318548,196493060,
12591156,960245,3049953,1578713,149717181,188385802,179396380,
11228655,816817,2224327,1252084,152004266,186984232,178098920,
8963350,753695,2958766,1923980,100451047,159113591,151515540,
12884553,1255511,2443005,976345,160569128,194346924,185129260,
12390950,1047196,2258891,1000050,137404197,146614267,139520700,
10423237,889654,2669917,1400681,115716034,143190406,136307120,
6112708,802288,1555642,481056,29818012,36792163,35014420,
10738445,1416334,2400834,1113595,62569794,101497708,96814180,
24283280,3461725,3347738,1389852,146006910,205737738,195994240,
26339446,4428987,2511806,1111918,165692893,207897064,198045080,
18533284,3029621,2565774,1243431,122702160,162569675,154753440,
16998173,2033318,2943630,1440816,161078107,199880572,190361500,
14039071,1517425,2232464,1230268,172560896,201620472,192006720,
14565796,1607367,2035878,1084059,166587684,200973225,191495260,
10141630,671780,1563416,945398,170629001,197076718,187629640,
12279918,899654,1886010,1088314,178017341,208357637,198469960,
16100941,1758259,2071292,1088255,177057599,204007570,194285500,
16679980,2205771,1863825,1045575,173778089,202174366,192533800,
12581400,1286064,3051930,1927299,123449116,184720072,175922440,
9703842,566435,2137238,1077339,153873119,190289710,181235440,
7506508,420332,1672426,1121618,150829493,181278283,172646760,
11223388,803096,1934386,1320398,143048880,179865079,171307020,
11128233,785227,1846484,1141291,154341365,178608315,170058660,
12883683,983009,1790830,1005697,149191591,175214361,166895780,
19286950,1859504,2653471,1542018,150430027,189185464,180210840,
17287616,1626559,2344015,1368448,158084566,195583303,186264520,
11899366,978802,2718100,1963994,120244020,173333647,165033240,
14773544,1324241,2219053,1431858,158144428,199998734,190459300,
12139851,953858,2617732,1453547,146655722,170606868,162547300,
11428015,784908,2655960,1468283,154331580,189748214,180707560,
10516223,591362,1971699,951221,177189494,198938938,189462660,
10691088,606051,1654880,635887,188773323,203270079,193622320,
9948704,615761,1990182,930280,169235405,194624141,185323840,
7698845,328562,2480036,1575399,130081813,157775209,150206100,
9687957,441309,1682646,815370,175661991,197928881,188564060,
9949899,633712,2059704,1107854,157119877,178343803,169652840,
4828446,611947,1788591,765704,25704869,40911475,38922960,
6348517,789815,1695450,389138,31213445,37308208,35543300,
3775909,484537,1595527,876949,19215268,47988147,45668420,
8720634,973094,2080125,675387,46594842,58433668,55660420,
4348981,523131,1185663,437515,22017788,32796628,31235420,
11861922,598459,717263,155957,47307585,31768410,30232320,
10578867,997514,1315086,557270,67134656,61823523,58899220,
11602942,1088822,754712,276602,68950257,45690955,43495680,
12541259,1567248,2103423,553487,61858821,59331352,56766700,
10238232,1185805,1954713,762179,52359534,64931318,62170240,
6775114,770099,710849,208553,35176976,27467468,30621980,
7391692,836714,849070,307534,37967080,32515383,32694040,
8548920,723148,1547554,885554,98865102,107884286,110296160,
8937601,523910,1801059,1054635,145340981,175869056,170913920,
10034561,730373,2786957,1381218,142781054,180998402,172399260,
10032609,730153,2902670,1875281,129805729,189055987,180026060,
10235087,691597,2583060,1468200,152921639,190056586,181039440,
9511370,776815,3029230,1336608,139807522,169319111,161282340,
8875606,513848,1851695,1256230,159867068,186445304,177579180,
10039212,577869,2045390,776791,174990480,188962127,179915680,
9916590,634464,2525596,1130072,168234810,195529246,186261600,
10415043,650211,1899764,1022842,169380446,197407504,188018880,
8144567,325103,2159530,1108842,159950338,174644438,166261980,
7308055,341242,2989696,2120466,123508371,180630916,172098120,
7165338,383259,3087797,2206729,121540844,176534397,168142980,
9555997,634548,2423647,1208872,154673703,175383257,167039640,
10378754,792132,2905440,1351144,149523854,178446254,169829940,
14367634,1034512,2393016,959506,173658540,195450980,186213340,
11574135,746337,2621948,1360768,173955305,199124649,189705020,
11294931,737201,2036262,1222358,170845815,198494944,189031980,
9560199,725372,2680015,1336305,151464015,179482740,170926020,
10268090,709621,2665267,1325378,155702961,184007678,175260760,
8463279,517087,3156587,1895517,127815194,176370486,168004480,
12616757,840453,2825095,1568193,155574919,180311418,171695000,
9063062,485018,2520402,1513126,143711206,169534084,161536220,
13259105,1132838,2825852,1247939,163863163,189894796,180772420,
14153786,1243831,2091864,887674,176036810,193660206,184506000,
10906422,1041796,3501465,1911527,90734241,145939700,138965480,
24404673,3165114,3690793,1410756,156865344,204456828,194781740,
14614764,1464450,2973947,1520538,142421163,185301052,176490820,
16133383,1465645,2524741,1343748,172624378,201677885,192075000,
11850938,919274,2507341,1420292,155868124,189511486,180331700,
12208360,1001282,2670263,976980,165714297,180716279,172206900,
10655997,776342,2515191,1412536,147123260,179249887,170686500,
8767563,540224,2600150,1460456,146486811,183115879,174414660,
9916063,776825,2884664,1297660,139489364,165881436,157972460,
8423314,624354,2111015,965261,121403906,133318349,126846360,
7779699,596776,2020078,1068001,120140228,149945721,142980020,
8366386,564013,3042466,1688541,134508960,179705701,171168180,
8185430,462630,2097519,1441993,144148864,182347666,173545260,
10541410,510996,2180648,1270584,170294973,196417207,187180720,
10594254,560842,1564318,718600,190196630,206007209,196173780,
9169545,359855,1895181,969221,177905204,199518767,190043260,
7313634,462019,2940438,1964371,107112299,171169161,163000900,
7558911,317615,2218846,1407238,149402107,177307918,168893400,
9257143,699381,2604631,1377800,150257633,175461725,167045800,
8630045,586033,2935454,1424310,139589371,171311731,163193660,
10002147,605165,2227149,978275,163489796,180999434,172360440,
10015514,787540,2857090,1322350,139687034,173214914,164980060,
10615168,726837,2508341,815801,166415187,184043543,175310420,
8438819,589439,2250608,1697007,129664826,172679854,164385720,
10295147,491180,2067222,1256472,171543291,196345263,187059700,
10211141,393535,2660723,1260122,172835405,197435712,188000780,
9016914,541136,2697697,1563791,149217427,182544747,173926040,
7575692,790403,1992273,703123,76629287,87870620,83453300,
5282578,561714,1732872,848185,41226947,57709763,55130500,
10180045,690560,2955188,1475260,156299394,190682708,181550560,
7080157,666010,2114759,801996,91522483,103924996,98853660,
6575598,856476,1674238,601950,32954810,44886508,42793380,
9694123,751755,2237957,1043687,139319945,169868986,161858680,
8834312,461033,2679390,1376598,156259816,183889570,175224360,
8196903,461757,2187635,1471885,143393790,186738726,177845840,
12459180,1000162,2910038,1140033,156530450,180076812,171373240,
9126506,646340,2547001,1338697,142629363,173820000,165666120,
7041191,407567,2571199,1655062,121809526,172406560,164168820,
9572092,525716,2406154,1327258,168792684,200421371,190860320,
10407771,680560,2266619,1020077,165189527,197738700,188378540,
9778312,688709,2370221,1086832,147064967,178117859,169569380,
8511872,435286,3016713,1684442,143137633,188311508,179357480,
9351695,540900,2631755,1605725,154279318,186467584,177596420,
10749828,632183,2201351,1059829,169332300,192037019,182900680,
8765415,682104,2669301,1219469,133798434,164030349,156216880,
10708802,829471,2558848,1449036,158010809,191065337,182046240,
10288262,749632,2775390,1539483,143228585,186052551,177209660,
10879448,826091,2739100,1147711,153763069,167018564,159052120,
6352120,647503,1796361,843289,58499416,79947620,75968500,
6014789,755336,2047538,633578,29649238,46401281,44188940,
2636340,223746,1095867,695105,35468031,49406109,47243320,
7819529,371159,2158796,1284472,145636979,175071473,166773960,
10600932,675967,2034805,739761,184621952,197967273,188541340,
6629710,616021,1907983,912453,68183359,91308835,86758180,
9714896,836749,2636128,1076823,121953305,147539801,140615980,
5571484,635159,1781192,778072,34331345,54627662,51912780,
7440470,683983,2347544,1354411,102313166,144749498,138017540,
13568222,1122780,2446508,1109990,178377440,201052823,191517380,
3623470,342525,1567624,732297,24990400,46730893,44208060,
4465303,379591,1183634,648941,63600872,82735679,79033540,
9137150,667667,3057136,1435049,141473840,178629030,170091420,
10300498,574025,1913914,863589,172544208,198567467,189111200,
7217304,405969,2916775,1889046,120322190,175340489,166985320,
9089181,538403,2536499,1415795,151790177,186818053,177834360,
10195429,737065,2884135,1234487,159952144,190162579,181169900,
8880880,576780,2145674,1080824,134535402,170586516,162437740,
7686897,368715,2307777,1479827,147696445,183192193,174482780,
10132977,720004,2786883,1684845,145219332,192180265,183080580,
10318389,833096,3226652,1764092,137839483,183512523,174695520,
8532402,528434,2763961,1513821,144967183,175973856,167592600,
10167532,623657,1741266,645570,168408017,186460642,177632300,
9834080,656851,2776180,1615973,156584404,187149888,178228400,
10615765,634906,2409253,889688,186720693,204744239,194988300,
9949845,602973,2143614,1058206,164766722,187581041,178674240,
7758161,407174,2313220,1326291,134141600,156663373,149035800,
6089391,640221,1880944,801978,60282177,73603680,70179640,
9248870,616094,2406800,1311814,139463460,176034352,167712420,
8471188,475657,2501642,1524433,152223674,188152286,179205100,
9286494,794938,2582848,1515133,127464832,176145423,167754840,
11147226,729750,2715414,1250589,167623132,191422641,182303720,
9506421,598164,1922897,1050535,155284827,174780958,166466880,
9721008,639320,2811367,1469847,148162280,191423184,182294400,
9297712,505102,1946591,861401,163808292,177860085,169317220,
7164362,562585,2140934,1182841,91533463,112828325,107568640,
8526987,532106,2609802,1391655,137415745,161533629,153817000,
8359472,578834,2188247,1087126,132381959,154244366,146850100,
9421983,758128,2205105,899755,118308222,125744023,119679680,
8030074,521550,2519694,1392181,124421019,159353403,151850620,
6254754,710038,2244207,981765,49684507,73894976,70296540,
7620774,885783,1757064,835054,38694987,72033366,68622720,
7428279,966145,1553423,398176,38675339,43203608,41122820,
8145250,431254,2295908,1162308,140526031,166573678,158625420,
936586,112420,342994,175309,5038860,10986072,10440240,
5456994,715585,1665663,513021,33175071,42501467,40506680,
3974079,425838,1179141,475120,29695920,36570334,34767180,
3385787,156754,1171663,837946,68786376,84934014,81062100,
9707431,658620,2527453,1481544,158999077,188604029,179560680,
7933030,441247,2593187,1393410,144174056,179301122,170821420,
10485458,801199,2239208,961774,160294103,183953386,175165600,
7380482,377496,2559450,1686927,133331719,176509890,168137240,
9991123,620672,1904442,1139987,165363873,187000986,178066520,
10786136,607950,2360833,1079574,172788699,192615649,183387620,
7499642,409392,3029008,1981320,120950794,168781246,160756680,
11220525,798675,2754610,1003522,173235631,190704901,181632960,
13806224,899849,3098694,1167489,166598150,195504449,186263220,
12450962,842260,2059598,1459927,151774562,189256854,180282120,
12077894,751807,3212808,2018006,137047738,188400013,179376400,
16096015,1167831,3150605,1789662,159996242,180278861,171685220,
17063910,1360618,2632900,1148233,171770811,190624670,181522500,
15616632,1219491,2295412,978768,169255136,183705774,174963900,
16740400,1310909,2136611,898264,178159206,184165322,175446840,
13861765,1029984,2866141,1575847,147365917,183221713,174468000,
9966843,569728,2479680,1350021,159730707,187744417,178811720,
11694296,846548,2045894,1410426,149081178,182143128,173399380,
8837870,605879,2816270,2151998,104456821,179165525,170699020,
11876991,657676,2133560,1086902,163353958,178545909,170002280,
10533427,685588,2544801,1168880,172135819,201049825,191536600,
9562533,682251,2567742,1557100,141898576,178375566,169883640,
9539599,435699,2579720,1277425,172294455,196272952,186940320,
13492338,929454,2095434,1023503,184045828,203075523,193416280,
11112301,591090,1243066,405192,192360008,196775082,187429960,
10285211,640621,2607043,1576673,156080204,193139413,183917420,
12875824,1123226,3195563,1589224,156120371,191438599,182371860,
11172935,1007535,2832476,1499549,120172961,157173859,149513460,
11588048,935040,3185901,1489672,141189736,172023777,163884940,
12999666,1231751,3167787,1940941,137611448,197410257,188059340,
16534357,1434860,2921130,1071491,186297243,211576396,201556240,
13029393,990186,2256705,952589,179230758,204736650,194962720,
10379135,668058,2796966,1498966,154527784,190368710,181324560,
7074774,667592,2763944,1251416,79918615,104662698,99368900,
5555637,497302,2155449,1322601,61592114,97676192,93253220,
6379448,401966,3066409,2113257,98371613,169651475,161577940,
11515914,784759,2711179,1245710,164652881,191773361,182590220,
14146308,1056258,1455805,715126,188401412,194690622,185456020,
11536082,655618,1691268,746033,181154733,197204005,187760160,
9980859,859229,3009028,1225943,147661388,164436325,156584780,
10663872,764352,2515064,1317572,164218011,194929693,185644740,
12041159,926471,2642264,1482125,156298445,198413579,188994540,
12014950,1016518,2874877,1229107,160598297,182950052,174227520,
11325764,864487,2459874,1264585,160764125,189385581,180378460,
11961461,887579,3015526,1483025,163974235,195377575,185933280,
12006315,957014,2627348,1269993,162178350,186742788,177995080,
10824407,1071061,2501228,1187517,98771249,129972321,123752860,
13098616,1043877,2741879,1253771,167019546,190325277,181282640,
11963872,1368756,2210080,971877,73599515,78903696,74995300,
11222964,1201742,2124909,616900,78863112,75817362,72202760,
6047203,720092,1871784,668558,40151809,54485426,51762180,
7274386,704907,2154583,1085143,67093968,88683899,84500620,
9656013,981196,2394543,1051055,71452361,98770302,94184500,
9495474,674467,2255864,960400,137009979,168780996,160642500,
2008866,82541,893083,699233,45575651,69631171,66486220,
5064678,242610,2863760,2293538,87855576,169578471,161470540,
10903198,898368,2766975,985715,151143682,168317859,160310900,
10856798,765067,1985982,879767,166296619,186897703,178014480,
10243271,522971,1853401,708756,177292083,193051337,183892820,
13345006,943363,1372384,769537,182953342,193395779,184164140,
10036124,586448,1699875,990309,160779432,176911881,168417000,
7870446,412290,2372313,1430526,134950839,170727020,162632640,
10774619,728664,2058305,1134765,165414357,186799996,177927840,
12468474,1069654,3429562,1654064,145863430,192994096,183688360,
15107673,1384210,2915557,1351420,150012270,180866268,172297700,
12939630,1001908,2950056,1633373,162732950,192192377,183106300,
12636887,1035758,2777838,1564510,159986242,196346750,187009900,
12188454,823322,2012993,825254,184316184,199032462,189520820,
13032978,1104320,3016744,1486632,158582415,191105585,181981940,
13600604,1131312,3285337,1780638,149471593,197491648,188021180,
20373970,2658099,2689736,1230992,158495970,209933254,199937160,
17782702,2369456,2838117,1510255,144293493,197687815,188276300,
16812867,2176542,2972895,1633685,133333458,187312021,178386800,
17675310,2328357,2994868,1582543,143529769,191834224,182771020,
20948889,3094057,2316741,840163,177875498,210030567,200001000,
18739802,2697981,2391572,1109094,164339897,197562162,188130100,
16251324,2047866,3143548,1606253,134756630,193672565,184432160,
19927507,2209986,2694268,803591,172549518,195370768,186103460,
17276347,2006246,2023457,683640,175211853,195405363,186075960,
16904354,2070269,2301856,894982,161903337,188635011,179636260,
13736933,1465476,1345258,542897,177440452,187419264,178537460,
16604523,1344680,1581080,718501,182362202,189094980,180081520,
14820514,1261284,2459658,1377233,156662235,178036991,169562900,
12109933,850402,2215472,1460061,169382378,199183633,189720560,
16786012,1234096,2329914,1372015,152179105,177884642,169397260,
19464696,1620877,3450564,1828806,154617172,194482976,185183040,
16484575,1544358,2484233,1148296,158398121,191655170,182587780,
14129404,1175777,2639736,1657075,135086811,184936356,176080080,
14316992,1221027,2682487,1815768,131338938,177898226,169371840,
16519318,1298389,2304126,1366781,175147275,198698131,189307420,
14329922,968516,1883588,1057001,172643173,186911226,178010620,
11632627,641870,2131285,1025769,167515550,183292892,174621960,
12252101,899083,3021484,1749587,160188249,198293650,188808480,
11039071,839596,3292204,1987028,139280799,185073856,176321560,
14021332,1122316,2508170,1198691,176248000,199569417,190057060,
12710846,862573,1652913,837517,180727823,200032139,190503900,
13724369,1050524,2440710,945751,183565258,208982316,199025720,
14881271,1175356,2225746,886907,190700966,207485812,197587200,
11006998,811868,3085236,1856396,140104077,186863469,177874220,
10837691,959043,3218110,1612742,134872106,183268543,174588500,
12136480,995465,2448300,1568964,152389558,189580253,180546860,
12667336,931117,1834761,1011161,166695871,180376699,171772300,
8266137,408483,3169191,1943801,139268197,184216195,175473820,
7996640,448299,2592934,1654272,132358281,176972842,168629120,
8346387,499639,2215667,1344833,139297995,180465188,171732680,
11302833,817182,2294769,830445,187656931,204162360,194510760,
11518367,726805,2161994,924005,179782736,201758252,192117680,
11790952,736833,2155158,1204605,171104245,201851517,192288780,
9514633,549669,2477780,1502562,148270119,184485467,175649580,
9631794,520321,2405047,1201597,168399751,192490196,183347440,
9728371,829193,2691990,1660946,111781501,163685043,155905960,
14062855,1279067,2622804,1002248,174052302,194907791,185610020,
11954621,1047070,3159834,1806917,122566720,168218978,160210380,
11022729,690645,2383186,1279544,158402559,186728754,177817880,
9697941,594676,2385640,1439771,149889721,188805575,179828100,
9988184,752662,2987107,1319913,150485864,179135393,170628700,
9573640,612084,2695451,1591841,146273736,171389248,163232400,
8407048,403577,3172977,1870344,143322334,179197433,170663520,
8904255,461736,2885180,1762680,146316629,177411807,168911500,
8800303,490997,2831081,1707081,146635431,184100134,175397760,
9909520,634610,2396623,1095855,157955797,191351639,182202760,
9646581,691171,2253000,1170178,148583101,173113363,164874920,
7837715,390564,2974115,1725719,135697017,181189567,172564360,
10624321,859139,3067481,1604624,142820644,194305774,185041500,
13390634,1076367,2426853,1030638,180314312,205481590,195705220,
8777050,433508,2454679,1292265,149409212,186955461,177979120,
6425899,260906,2540290,1793450,120310216,167148378,159263840,
9345494,508538,2441501,1322033,161857292,191149265,182042140,
10715200,733590,2697329,1147978,172433522,197850893,188419360,
11071867,659721,2013951,859712,181387629,199008148,189513160,
7121899,576304,2469917,1554974,93136229,131940038,125671360,
11154933,775885,2560519,909571,182458286,203259570,193569540,
7249640,671469,2074475,1022998,77990755,101213982,96236800,
7786113,963201,1870382,665269,50829591,58517695,55688880,
7001970,692703,2155419,872041,69020802,85254889,81239600,
8850156,828985,2465758,1075185,89103132,112279544,107072500,
9867394,723050,2667387,1527511,134450438,169367514,161256400,
9894884,763257,2607323,1098152,140044750,172491696,164285800,
8858233,686949,2502102,1257298,121361884,135702987,129251640,
9712260,638189,2311566,1307855,142953874,177821365,169380600,
9605770,543517,2357236,1314920,161866806,183055710,174275980,
9089940,423723,2325566,1309421,162253318,188964247,179956500,
8892077,716641,2641325,1247739,129792354,156508433,149129160,
9431274,619874,2404999,1359323,156929276,186261522,177504840,
7623125,313665,2727806,1898434,137621327,186267576,177405920,
9246348,494370,1905594,842521,168556293,195739023,186401620,
9191068,605147,2661626,1304136,150912946,178845336,170328680,
12129883,1002607,1836809,950440,175657206,199337066,189783280,
10678825,623445,2900475,1485476,158600580,190401784,181351240,
10173414,665603,2118651,880506,164249954,189738340,180712900,
10677992,743058,2259843,1132333,173359832,191244380,182178740,
8501852,364520,2679275,1610143,157897837,188663281,179646520,
6241355,452995,3073191,2040742,76677689,131332591,124989160,
5700237,637428,2446439,1499257,48238940,86272377,82174840,
6812451,811159,2271746,1034758,49563162,75692743,72012620,
5992666,725839,2106351,708646,40557711,53358394,50862760,
5931456,728229,1840013,719754,31064305,46375690,44120800,
829398,90056,361601,216093,3818930,10404570,10095600,
3292129,438161,939791,309652,15602945,21757483,20896060,
7028894,795552,1978929,830986,34232495,57121569,54404460,
2067597,200599,565106,264479,13202692,18239425,17332420,
9963606,628447,772152,227945,41388975,30535449,30554400,
12681199,886325,612339,288125,53138255,31918997,32487380,
8966977,758411,733650,285893,40174805,28978914,32547060,
8107189,902529,677066,286773,35579403,29388056,41633280,
8853679,912976,528490,151852,42472229,26284844,27349460,
6195165,696403,610803,191190,31601813,23589690,30625060,
6780884,618769,1713047,1174846,67197168,97965174,99943420,
10090228,1240349,2276571,917528,57112231,74734744,76119660,
13871233,1625802,2793878,1229065,69735033,92881185,89910440,
13465986,1457682,2442986,762087,88221956,87251616,83058940,
8968088,605168,1911624,793266,129156368,154971837,147742620,
8757818,350157,1391823,688142,168872438,191529518,182428660,
9747084,521970,1921625,1092610,173262714,199434436,189967800,
9384131,597367,2703610,1167731,137261353,173299391,165075160,
10629006,598592,1845410,808058,175482441,197770696,188276960,
7980318,396578,2033675,1124759,139492263,174055743,165767220,
6957801,644958,2306076,884893,75471795,99654499,94749780,
5647051,739675,1476431,558964,28712102,42019830,40018760,
3378722,446334,1670313,382420,16184063,31347694,29855700,
4139857,500257,1326818,593144,21867987,35651267,34007300,
4892874,407419,881804,511211,28106708,36316862,34512880,
3202737,151344,1065335,756245,58325143,74865956,71561800,
8195357,551731,2398897,1481164,144557109,180823447,172173460,
10812683,660637,2322509,965162,172978514,199914011,190389780,
10424235,519022,2446050,956173,173409911,201842123,192255740,
14143392,935379,1497120,850966,189232026,202113072,192508140,
8101961,510373,2936405,1985666,113471172,159519146,151810760,
6789414,414333,2833979,1876514,116128138,168794799,160888300,
10771634,850700,2938367,1868964,134108569,188278783,179258780,
12289039,1004808,3019857,1425995,153866146,188273712,179352220,
13357032,1194773,2620919,1369003,157054133,189907712,180828620,
14836903,1395921,3116025,1527362,152364244,187830490,178873260,
13112124,1058643,3015997,1376020,160933684,183757451,175057920,
13433497,1079973,2439628,1060696,164424058,187653805,178636560,
11010449,769929,2655618,1609924,150120589,189941041,180941660,
8692083,494442,2846879,1698598,147686222,186242662,177359640,
10094394,679554,2061892,899544,168592060,185463365,176679720,
10265280,717252,2796843,1148269,166466959,188639440,179681000,
9666866,568129,2285573,1257686,158612872,199277941,189772680,
9328707,448834,1802256,1030708,172069276,200893431,191323100,
9248136,429562,1975958,1071512,171296454,200262431,190659000,
9168753,509399,2184849,1233698,161566768,182562293,173939120,
8627952,652713,3057231,1651729,121670794,168303605,160222760,
11059546,885556,2673319,1344186,141865894,176218893,167876720,
8930367,504606,2623610,1620192,146777758,186581664,177715000,
10381108,667581,2220360,982986,172338950,202829520,193137900,
10233030,700850,2555688,1273121,157235140,183632789,174927560,
5407791,416512,2311022,1182926,56787494,91944083,87324000,
477646,53972,163791,103711,1899744,4839833,4609460,
5888944,663497,1850974,619460,45225172,54511112,51934700,
4464273,544522,1172922,441716,22871406,32443601,30916400,
7407397,914807,1602904,495557,52490861,51322646,48843200,
5533159,498815,2047708,1088585,67506858,92883019,88692340,
10144047,751962,2627955,1158100,152520172,186327233,177392620,
10623507,711578,2312893,1300161,155930044,200038024,190573420,
11615389,767025,2633016,1417929,160715478,186537481,177662820,
9894043,523271,2095905,1119330,170506950,197782298,188293660,
9716127,644750,2525990,1354344,158676292,190569926,181546240,
7731177,437854,2592829,1471784,135263180,168931048,160950340,
10236250,613092,2442850,1277286,162733961,193836439,184501640,
10045095,671773,2511465,1430145,163057125,196839404,187517620,
10469864,638184,2333188,751632,178494137,196081555,186750220,
9020796,573207,2730683,1546039,129793825,162482772,154573220,
5544081,489197,2894368,1751393,47728349,73183355,69639820,
5864276,685245,2492618,1040448,29817506,48433453,46174160,
9235760,974741,1876998,846691,49768991,65792647,62582780,
6995463,797141,2068408,921927,63390711,84708839,80885540,
8395023,437460,2723648,1595263,147624732,186501365,177561540,
8536369,419443,2274373,1323643,160517360,181562311,172997700,
9257578,651530,2325674,1204384,146199952,171962628,163725840,
10909027,797163,2002390,746826,172462235,184082758,175297300,
9873659,520345,2340285,992755,173568856,200036991,190529460,
10163182,873968,3018451,1321743,135597907,162685377,154912960,
8647321,590929,2433224,1276137,128918609,150376610,143220760,
7929583,612261,2681723,1609120,117403572,163813370,156048360,
7745423,592340,3237996,1781084,110960622,161003666,153362800,
9356049,747055,2093680,1128214,141325023,166339927,158379840,
10624647,692969,2588164,1402571,157307378,194166004,184843920,
10098871,602696,2333329,1139940,155195632,171978545,163842900,
10676058,773431,2669164,1217859,158657910,192221728,183061120,
12050770,908865,3634775,1671986,133858129,178388933,169912560,
13983665,899439,1983601,899135,163259258,175526839,167150900,
10145681,617902,2411560,1483366,144163639,178219062,169690820,
11716667,895601,2720259,1308850,159390674,181120403,172530680,
12350253,974092,2378024,944269,164002630,189990386,180934840,
10676099,642613,2384886,866467,161143677,178709720,170148940,
14119947,1103527,2068906,1099153,169721734,185527176,176680740,
11203947,745435,2445829,1216605,140892222,175992127,167599640,
8992471,683316,2741079,1642394,126890155,171913868,163743580,
11249873,785912,1748370,834271,167443752,179359839,170794080,
11359004,949595,2431860,1347475,151361046,185532841,176699680,
13933318,1161212,2811884,1089141,169915497,196650348,187340120,
11134212,807127,2654122,1704778,142860911,179661648,171124860,
9613370,553484,3133465,1763405,143937158,193659634,184461340,
9324707,578397,2386073,1449167,136272246,175065100,166531620,
9008967,606376,2528537,1632831,126772019,169092609,161159500,
11831413,963303,2481547,1132076,161892354,186680524,177786480,
13846258,1167110,2838817,1388321,166782492,191776269,182675560,
12386912,806805,2682070,1297950,172120188,205816403,195979580,
14012645,1194969,2782684,1242487,176184234,204831795,195045480,
10901309,799555,2578070,1382048,154958516,183036453,174348260,
8090393,407105,3085384,1919220,140004351,182688351,173999880,
6305038,323962,2129118,1447411,109976575,149434383,142365800,
9108830,611972,2903265,1716885,149330083,187154105,178163640,
11601594,974398,2668975,1250323,159578541,193044706,183851500,
10188455,603899,2501182,1212442,144319704,175902455,167569980,
10500651,549860,1846220,871113,185892578,204439547,194700280,
10328263,535679,2234368,1204892,178061940,199966298,190450640,
9052508,784898,1873927,992127,99364437,112018944,106299560,
7917085,1011547,2018277,562118,40875113,52229256,49748000,
9840080,1178561,2662943,1348105,71920824,101668913,96967900,
11233443,1042676,3542733,1890530,140184445,186742571,178000240,
12432587,1080661,2580096,1148771,161016046,187884357,178875600,
11955326,759191,2091019,839294,184947372,204112208,194360760,
10689353,762900,2456568,1384124,148258762,188648550,179562160,
12359913,1289822,2113667,1132354,138490139,183581585,174958240,
14253791,1560189,2128403,1166002,154062227,197355273,187857780,
18212995,2280090,2251252,1077717,165442067,198512310,189158220,
14537492,1898164,1980100,1286967,162767035,195573160,186226620,
16677480,2368494,2868571,1756066,136289039,199897402,190342320,
19857921,2737599,2727691,1156835,168077064,210368551,200390000,
21702023,2952432,2436932,1101179,181335331,210531125,200465940,
22337953,3187733,2954378,1355548,153982259,204233178,194535120,
23496075,3454169,2156491,970125,179721585,210760064,200740260,
14989597,2053652,2262817,980744,78700013,105602957,100291400,
11428428,1242429,1346189,720078,108079755,117396394,112042420,
9723112,792980,2455731,1871381,120332013,170344908,162112320,
13626449,1205457,2009363,1356119,138207348,171700514,163505380,
12056834,1057160,1823455,1332606,135424529,171129147,163027540,
12140880,874331,1804496,993930,169881723,190585662,181590840,
12763545,1168170,2664903,1830335,142324555,189913283,180808620,
16689130,1568021,2515181,740606,177035106,183783438,175047320,
15772735,1294829,2584858,1447235,158110606,186726889,177895860,
8671393,349786,1572351,924351,174235691,201667745,192012120,
7659026,481324,2247209,1642587,137116341,192159273,183069380,
10233916,571524,2170441,950212,167002698,189842718,180770600,
9029401,462966,2306416,1248447,149190775,178135155,169639460,
10351906,585358,1537779,732655,173512356,194844418,185584000,
9254782,366905,2045862,1042130,177010960,199542957,190051380,
10597490,572500,1997096,1086898,173177194,184960918,176118760,
8303596,511973,2799617,1665745,121891889,167349611,159415280,
7374843,616309,2116496,996515,92333824,103985351,98891920,
8076928,477543,2695046,1552146,139765117,178250070,169896840,
10311612,563384,1534738,628332,181947552,201856846,192240780,
7557531,388010,2827764,1833761,130821207,189315311,180282920,
10272205,934598,2590453,1455048,137730691,174835253,166420060,
11823512,963266,3287767,1660811,142103427,181505648,172905380,
8550826,461955,2859484,1469723,147127037,182052165,173457000,
10050944,640476,2342205,1166022,168349820,200879763,191251540,
11109674,796313,2291319,1071640,178699958,198624212,189217800,
6649981,301150,2608825,1724694,124111320,164244777,156396300,
8747739,394437,2514688,1502061,162127519,198485665,189064260,
9522305,504243,2234758,1157078,167058759,197245237,187781440,
8542597,488243,2264657,1189562,148215597,173242599,165027420,
9679829,700354,2795778,1225157,153948038,182792086,174081080,
9889779,674304,2419274,1225627,151014569,181122980,172507860,
8748371,642714,3067139,1864277,120986354,171386066,163215800,
8281357,582888,2856407,1560316,137713840,178485185,169971740,
9748081,637742,2311435,1157977,161197280,180488838,171879300,
10429847,541158,2006980,837231,180702048,207459710,197612440,
10092399,498158,2186787,1102568,184004367,208703019,198749400,
8068554,308052,1757983,965115,161117978,174175130,165800260,
10532122,746196,2466113,1110469,172434292,193243326,184132380,
9733918,679976,2823239,1676736,154854808,182648033,173903900,
8673675,381390,2941432,1741083,151754092,190479862,181429540,
8789373,558655,2996126,1798523,132811301,178584585,170070840,
8655971,615465,3285788,1988085,117679056,164009485,156098960,
8123885,573008,3451834,2070498,110810534,160169826,152622580,
9174217,601376,2314944,1122697,139797301,166955424,159057720,
7226065,365074,2660181,1680824,126959740,172036999,163853240,
9733604,716866,2451878,1416803,151579506,196370499,187021540,
10724636,857555,2822187,1407692,153366724,184861395,176039460,
11088254,827008,2891531,1439097,150874849,182433133,173795820,
9171315,458436,2186904,966943,161115882,183127783,174365800,
7927387,364898,2494900,1615201,146946101,190272841,181253740,
9590003,499196,2332941,1272629,169905589,203400209,193713820,
10286543,727191,2219148,867216,170476807,191763924,182646040,
10184447,642018,2124137,1161511,169432382,194928326,185640540,
8785157,447936,2855849,1597837,150236925,195728978,186388080,
10691317,728042,2792674,1357534,159652896,193497588,184307400,
13957201,1073152,3773227,1677720,128193163,165999215,158076340,
13272326,1019711,2428552,1269425,120687376,150516509,143380780,
16998756,1510546,2711884,1132610,141117120,162655352,154780600,
17402524,1548125,2013801,800013,82789077,77863825,74072360,
17936926,1558386,1905014,538105,97732581,73960778,70490320,
13424545,1059491,2577790,1453723,144296998,176171745,167981160,
13041682,1255379,2929513,1553162,143489085,184978063,176039560,
14711986,1524399,2360885,1582793,120399701,159856665,152265720,
9261181,771427,1984560,1104329,81878774,97094487,92447120,
14301037,1286983,2765464,1265166,176159518,196302104,187029120,
14376626,1163854,2230800,717011,192421161,203795068,194051100,
13213297,1068733,2363234,1225222,169774088,190206219,181113620,
12272453,911278,2359168,940527,163784717,175477205,167152440,
13382002,1003130,2449110,1452666,163893702,200400966,190909660,
12850218,1000553,2678658,1434663,157180402,190716511,181587540,
13648525,1150910,2653145,930697,175435950,185670631,176764800,
6099197,759883,1924667,856125,30903054,59785141,56815420,
6002592,648662,2269917,1127392,50358720,81857986,78012580,
7568439,740647,1854554,676360,82724670,88624540,84318420,
5039576,430391,1871362,785603,53702588,73129919,69589500,
1613079,112535,674695,432355,29051737,38697919,37065780,
8650386,518941,1860843,944973,158152285,183915626,175149320,
7907655,665805,1846421,763551,111039341,128285198,121992260,
5366870,424293,2392272,1384039,61520864,94931852,90650080,
6717488,322184,2661331,1861161,110470651,170294739,162093380,
10770171,782076,3030855,1675645,145524901,199097900,189686780,
13051838,917429,2470127,1158336,160191079,196075365,186709020,
10052860,443934,2352719,1201411,163510495,191093591,181996180,
12340797,936066,1847160,979301,141220877,141072386,134231920,
7507695,829973,1318906,692321,39632194,44206326,42081920,
14033061,1710583,2267924,587501,69216231,63864527,60823220,
12727554,1551619,2279399,801103,65729073,66983321,63793700,
14147817,1697868,2397991,676536,70857221,69918436,66588520,
8590248,966718,1261430,399011,45319036,41191234,39229640,
6376804,446698,491072,159582,27150703,20953837,19936220,
856358,91738,328163,201324,3407471,7807827,7499440,
2763842,221252,697122,492323,16759465,24945388,24227140,
6817057,704200,1575721,540153,50556116,51077897,48634260,
5107191,617314,1370069,365054,29945545,32689349,32000260,
4529506,220645,986879,603765,86263736,79932987,86079020,
3758935,239318,1139641,709078,53367603,57082320,60785540,
6744201,479810,2263907,1437976,112414120,154698033,147527540,
9686440,499869,2127385,981447,176860110,196506639,187184460,
9252394,503201,1908439,1272137,167979681,197949374,188590700,
8986597,344452,1796411,755548,172434174,196941397,187538020,
8923381,548395,2654601,1610805,148009147,190483316,181404540,
9268378,561757,2555784,1437703,148501773,185698347,176732820,
9479026,607860,2911578,1577040,139006110,174893153,166693320,
11857254,1055663,2735445,1367882,128684838,174407078,166030880,
11387937,798642,2694145,1041301,137927782,168045665,160010380,
12683560,983477,2276777,732130,143957863,160131238,152571240,
16247506,1361569,2439579,926011,151203384,165350618,157406940,
11353409,962081,2900154,1285325,120437602,150804167,143730080,
11800607,960488,3296255,1419974,145227353,181119389,172523020,
12017040,909957,2627328,1333496,156720071,187214944,178297180,
11587982,812928,2900079,1468138,151362619,186897523,177993020,
13978801,1211354,3971122,1959158,123599833,176505614,168060660,
15784152,1411457,2494431,915295,161961343,186861303,177964560,
12857164,1132703,2208895,656594,147062275,157006217,149432980,
12255663,1110360,3319822,1979437,110939674,165553105,157687020,
14965821,1125983,1946291,834683,174394868,196453003,187111900,
15096360,1052598,1662387,586071,189457214,198519733,189019900,
14813221,1172492,2333570,1070545,173383691,187066520,178133140,
11642834,852606,2023530,931061,148111735,160872827,153266460,
14238996,1029733,2027516,793689,171040929,192435551,183264800,
18993809,1797932,3224374,726585,176345528,188744333,179721040,
15619039,1430949,3260254,1575735,132344113,172998404,164798480,
17647171,1510782,3384537,1367397,149674099,184960251,176129200,
16294847,1476998,2809816,1160821,156149771,179183827,170723840,
13470520,1095122,2718207,889793,160442740,182680336,173934040,
14320581,1185214,2514279,718102,157460910,173171160,164982000,
14303276,1094243,2880913,1400922,159453512,187229435,178345660,
16397946,1344987,2667088,1190597,162696292,192309160,183154120,
17199691,1300674,3196190,1521356,139992141,160559926,152869320,
15189207,1300026,3268373,1597929,109393447,139535055,132789080,
18556103,1921472,2549621,676185,98821986,89946018,85791320,
13791447,1120250,1886512,1110446,170482332,184597729,175852780,
12262337,887466,2326928,1279327,170862075,200930944,191344120,
10055604,804087,2590098,1374350,150322429,179763554,171179360,
9680804,601292,2801810,1669535,155876078,195739951,186415460,
11630283,892624,2600788,1256424,163043136,186326753,177505520,
11771722,783201,2329206,1114837,176558073,200402124,190868720,
13468101,1180973,2727990,1263124,169969325,197503907,188062840,
15053121,1303327,2857084,1584688,158442796,200886942,191362460,
14455598,1022783,2423757,949159,175492588,196146579,186742900,
13614390,1122069,2727542,1375226,156673409,186321936,177514620,
11491010,832159,2446997,1202148,159081893,177914265,169352740,
9469903,669580,3330883,1630483,139244550,174159546,165941460,
10518381,633087,2336894,1183402,175048934,197611839,188164660,
10156599,713469,2628995,1549774,146043121,189770066,180661820,
13210977,998102,2831965,1402847,176896309,191480084,182390940,
11207911,967923,3312804,1955419,116161418,154082042,146681400,
11398895,911043,3400699,1634391,140917687,164531501,156748320,
8391271,562444,2165540,1366427,131894675,154466303,147177100,
8437434,470466,2652601,1429254,144220147,186218336,177338960,
9588091,693944,2073346,1325008,153956261,192303449,183161840,
12281895,951193,2678635,853229,170540179,179284819,170748280,
10898430,708604,2152311,893312,175522371,198003682,188570640,
8486607,416349,2704993,1689860,142344365,189386076,180433900,
5026034,409412,2493743,1627153,63023689,109193033,103669700,
7522005,504958,2487380,1708611,132803878,172183037,164091360,
10942453,731139,2280634,850887,178142673,198525203,189075940,
10503800,639306,2467305,1114411,174251382,198432865,189016760,
9837970,644766,2505648,1311939,166910516,193234136,184035000,
10531350,703540,2565608,1217685,168657283,196211493,186868120,
9441975,544495,2581637,1286495,151214296,188529914,179515480,
7674535,650755,2254177,1423681,91124602,127631175,121450500,
10365864,972973,2552429,922801,102314417,116806441,111162880,
8221751,667735,2136906,936260,110770689,115669233,110299340,
8743884,511800,2517370,1439002,145815982,174935125,166647940,
7703599,302121,2031485,1380680,156929005,182278529,173651660,
9140972,648551,2837288,1533943,142997120,183569014,174787360,
9798190,581830,2579179,1212342,164947040,192555638,183351600,
7990294,462797,2006351,899966,128768320,150514147,143252060,
9245607,637354,2546230,1374674,152912961,186343977,177667240,
10506417,813429,2704331,1175296,158528390,179786529,171066140,
7182560,575204,2440559,1264643,88083684,117172496,111577340,
7628910,633618,2403484,1362049,95539970,131298236,125130260,
12366205,1013274,2350304,954263,146794447,170948847,162688560,
7225635,746761,2362385,942319,58357902,76066800,72405560,
9014942,808751,2038531,870188,115563142,132348499,126268760,
12970649,1298840,3064043,1496688,127744954,179090132,170516820,
25992982,3616267,3634498,1437241,143896725,205457489,195640820,
23133136,3438315,2624656,957324,147003500,179334539,170769900,
28420811,5063755,2783017,1199383,165463405,207772704,197877680,
21036753,2895734,2969396,1337616,163130995,207004089,197270320,
22224356,3067352,2310778,986051,181985489,211066626,201026500,
16196629,2255436,2632910,1515441,147115918,195601929,186217860,
13056559,1216558,2334829,1457111,158516962,193049814,183899580,
9238673,392087,1165695,592527,180677159,196680085,187318960,
12281457,901942,1705149,1146903,168629072,204366385,194630520,
14855695,1156150,2037120,1396239,165490271,191992572,182843460,
12212622,987110,1983211,1246188,166497474,189616610,180486280,
18951979,1727605,1902866,1164705,176603052,196714995,187386500,
19687756,1844853,2489074,1272889,158691856,175029702,166782800,
18082043,1947837,2511232,1375123,129785816,148703803,141474780,
8418097,688749,2529184,1289710,126091493,139777411,133179640,
9967018,614635,1964563,851762,171230821,190166320,181182320,
7187053,422436,2534509,1516922,119925748,168108725,159996100,
5639402,265377,2750591,2128130,105836678,173015852,164820280,
10533926,658158,1747870,634215,186044859,203841396,194161480,
9600594,465268,1582283,926954,173142057,194335917,185068620,
12823587,921497,2316823,1125142,167163262,202517458,192911100,
8571372,492007,3051784,1764469,127129099,166840046,158798540,
8410094,489518,3313173,1905189,129747343,181851174,173230860,
16153551,1048774,2789124,1444244,169407030,194891116,185633560,
14516894,1169115,2750191,1106752,167091539,192886871,183703540,
16082862,1178441,2244394,848639,175981977,193634552,184444380,
11389757,661753,2673414,1197570,175422513,204858613,195135120,
9815721,571026,1744977,909327,173875511,188585683,179548340,
9737579,662681,2410842,1122519,158323526,181473351,172842760,
9980083,574993,2801524,1539709,162064871,195341903,186136220,
13352712,1076723,1924162,1139453,131172668,139092012,132201540,
9403629,848415,1963246,1021787,93206715,108009549,102996420,
9335270,1110541,2015679,742287,57474225,67606884,64306880,
10404982,839947,2616042,1258322,124732852,144459247,137663120,
9644644,1137596,2288450,858538,66361424,84686116,80549680,
9202002,1143980,2033011,697831,46135610,65394472,62296200,
9193843,706095,2805472,1723346,119506604,151605204,144529440,
11184466,847133,2194330,1016923,167507432,185445617,176560400,
9541470,731178,2372771,1041462,140103759,165494768,157632900,
12708719,938979,2287251,1041406,180487810,200022196,190465920,
11867470,779329,1961813,1151228,170947406,205102669,195364560,
11851696,980051,2654214,1521293,139491007,171381769,163041160,
7890275,883389,2254759,949113,37984656,66853807,63678520,
9257957,936383,2778707,1311914,75360683,103225384,98504880,
9839109,645380,2108474,905599,164638032,185878030,177010100,
9483828,575318,2412656,1216894,155170246,186785281,177853940,
9411191,827337,1885844,1079157,87577088,96372516,91736220,
9641311,777372,2524114,1218557,120987940,148513746,141445420,
8053800,740104,2377005,1335304,106574016,140424338,133829540,
6527860,281610,2461746,1575649,123317480,167908824,159875640,
11177208,798727,2481590,1291512,157359122,197061723,187678520,
14020585,1242861,3393388,1405240,170452308,201819712,192245060,
13601870,951276,2327125,1223440,173246477,199262721,189758400,
11445962,922075,3225988,1814653,133241587,182820454,174082680,
9969299,756050,2265585,1309136,141667967,181120158,172520040,
11882591,803741,2406685,1065960,174064422,201830238,192237720,
10132740,683972,2057871,951807,159191066,182682666,174002400,
9416855,465754,2358186,1084710,162250451,195804857,186434440,
8040022,448135,2383461,1328569,130140784,163931038,156151580,
6039466,540560,2874776,1528287,64838606,108298418,102934100,
5736173,684137,1616327,547563,41529976,56037821,53544920,
6071221,348808,2638334,1796931,110413832,153304155,146062060,
6023804,282909,2611812,1939263,111724305,169001629,160861560,
9671852,768432,2327566,1044982,151026345,169225397,161200400,
9363656,466010,2050132,981999,175271666,193143730,183999500,
9970028,567213,1706163,799387,172325050,183452835,174648420,
9252524,653118,2841926,1835714,145916901,204635214,194841500,
8848419,656334,2105978,1020121,121014968,150812825,143676980,
11995743,858262,2262478,976090,173596829,194532384,185233920,
9060878,450098,2715249,1473889,156543284,194499351,185284300,
8642874,426663,2522996,1559107,155854174,189758242,180713800,
9246177,477334,1940083,1025042,165470503,182881213,174189480,
9421469,518972,2302590,1173038,172137068,196782156,187357380,
8661346,537757,3172035,1685573,136006557,171635686,163461300,
9327822,586537,2477278,1356724,152856238,188059149,179165180,
10087724,761427,2943243,1277677,154863740,186386216,177438200,
8682282,667501,3016024,1685376,111825751,150925181,143714000,
8977029,601543,3119651,1887683,133856225,170495853,162407180,
10005299,758001,2905278,1285496,143459434,180628768,172024380,
10307823,767374,2360418,1309819,135064540,176809023,168391860,
9850721,695672,2838989,1593523,140752287,181572010,172914540,
9512366,738007,2848482,1311676,154380770,182674341,174001340,
7229983,542615,2463967,1816446,113019745,164861523,156964680,
7238803,400327,2703111,1437502,117542460,154064092,146736520,
10405971,749399,2910890,1511026,137113778,168151589,160170440,
9318612,519347,2498939,1194057,158695348,181539930,172866900,
10187376,904889,3079495,1071042,142721991,161649934,153983200,
10973926,760557,2566840,1081750,162524186,187085035,178221940,
9353729,491691,2311673,1227073,161729000,195359462,186071040,
9771703,660397,2046226,970473,161765623,192489829,183231080,
11959763,1027845,1904519,945104,170064950,197767592,188389680,
9457327,549891,3166776,1447121,132841131,166943151,159016840,
8933064,414042,2376637,1392658,157590380,187225004,178283760,
8865842,571538,2479900,1404272,148835496,174271640,166038080,
9555977,607400,2939279,1425156,161219633,191905099,182735000,
10924376,679614,2037449,993114,179305782,205298956,195676320,
6338859,706105,2120170,785755,46594100,57395849,53782700,
6597776,764395,2122783,1020246,45334810,69503240,66485720,
10139034,817937,2559302,1112533,157479748,180012553,171408900,
10201881,683995,2491292,1292591,162860935,183089377,174332120,
7864412,388479,2418673,1470740,141010214,184759120,175940600,
9335567,515766,2455266,1309161,160068596,184602479,175756280,
9305966,644560,2706175,1582538,140331238,184735258,175965160,
10852657,950102,2336042,1171082,123677132,148986499,141906440,
8509418,716915,2168901,788750,98135963,104964089,99810800,
6425230,726794,1826924,601977,45146213,55110526,52545560,
6425486,766303,1955837,569227,49064825,58177288,55349640,
8666197,705837,2170015,1040712,115302028,141267743,134727520,
8000758,371209,2176234,1328232,156285941,180933913,172312440,
10584031,869534,2770477,1170887,162314902,190868007,181812700,
9777460,665723,2313152,1377220,160078115,188518311,179491300,
8385207,380267,2206999,1095004,158513169,183936786,175177440,
8490928,366337,2383266,1589633,157283978,196663277,187284940,
8418664,376396,1948548,1177871,158432315,190238729,181172740,
9800925,760103,2312064,1380629,154823570,196042607,186674400,
11690848,775116,2388495,1019235,170706131,197540013,188168960,
10106084,611979,2495311,1380885,164588020,198962008,189516120,
8209438,367402,1922358,1060666,158666502,173248545,164973380,
9055763,426046,2439112,1274906,164530883,189549255,180510560,
12219473,722896,2739915,1250921,161613093,188976855,180000840,
13344665,892569,2197761,1443060,155713328,185295510,176416460,
15478325,1109083,2915688,1450171,158371063,186481509,177617100,
15145444,1048112,1955376,1067819,185302517,203322094,193648220,
15908025,1205451,2148255,1339948,182050391,200367769,190790620,
14400969,1043674,2943676,1358457,159674291,183908931,175190360,
8814371,388855,2063281,1267749,161079424,184912786,176141960,
9589023,714004,2833009,1812130,140925444,192843815,183624080,
12271451,776253,2288565,1100898,168272410,193480841,184267900,
11795199,732779,1819528,1127451,171958921,188592075,179616780,
12292100,748103,2266663,1192704,173788882,195539526,186209140,
10469324,737126,1939091,824572,176572679,196432056,187076660,
7635564,660783,2208357,1048566,81889551,97271754,92513960,
20341093,2746209,3344520,1533467,110074037,165919015,157985760,
27417602,3870016,3895043,1526664,147551571,201551362,192053440,
19871511,2638121,3167895,1650669,139454698,194278562,185057120,
13065074,1343911,2133544,1235641,160146584,191658595,182522420,
20219331,2961652,2201463,950900,163729581,184114027,175353880,
22737859,3219389,2620484,1064165,181694481,208092948,198235540,
22911883,2753665,2568809,1023335,191624704,212650278,202510400,
18669717,2322484,2283770,1118312,178853783,209189280,199185680,
16531887,1978935,2361371,1385800,155900899,200815090,191278900,
14580181,1536406,2970646,1636411,144224623,193218963,183979840,
11529202,1167900,2067415,1163822,157255947,192149662,183101640,
10809752,935908,1457973,966907,177783304,201422663,191832920,
11183788,743129,1908530,1174613,173656902,196067455,186670060,
9728155,584188,2148824,1129314,157417674,186124303,177289560,
9001970,331406,1415479,920972,180741865,204365498,194556820,
9380446,521911,2010390,1498652,142661654,173127284,164958180,
18234036,1757973,2466401,1540540,125847241,171400254,163206720,
24353049,2210601,2156479,1166390,148007921,155592824,148025380,
19212115,1736320,863248,378982,101346140,70456438,66753460,
8563890,702872,2053663,824123,106032945,131561378,125209780,
8006342,641603,2322228,1300128,103814860,135852414,129308540,
10551413,1220607,1973586,903650,60745941,74983546,71425940,
9902441,1056647,2918694,1553762,84864788,123332957,117536140,
12181073,1364882,2637555,1234157,77467651,101887310,97067560,
13490020,1625462,2257177,660685,70778195,70900923,67568120,
10844006,1158269,3135079,1665519,76348024,123162266,117161500,
4889538,518065,2019866,1165056,39625190,72977984,69505920,
11009933,1265310,2273992,889646,58465463,69046840,65716680,
3636022,462759,1350931,512548,19400943,37804156,36113020,
6017476,778956,1608723,382571,29241365,35908008,34189400,
2916163,302085,1638233,931717,15685520,33499372,32516320,
2250897,163514,1671152,1080302,12109415,21142404,20152520,
10025993,1191018,2331841,608788,47316355,60259466,57427120,
12289954,1001615,1595152,604008,55655232,59233150,59062140,
10867211,1125760,457910,165503,49134806,29582164,28295700,
6507158,727853,874688,343477,32257518,32463115,36201080,
0,0,0,0,0,0,0,
