c4,c5,ff24,aa24,INST_RETIRED,CPU_CLK_CYCLE,CPU_REF_CYCLE,
8638830,874222,1338431,458116,121846190,93207506,91512680,
2293903,242735,954546,438740,14729264,23956290,25571300,
5492778,714424,1258491,396251,50199342,47418104,63557580,
4455418,508099,1531121,814797,35783771,55730995,62664240,
7049433,856316,2014035,769737,47763566,63715032,66462220,
1123080,100660,363238,197302,13122998,14311694,15393960,
1058887,107171,387590,219933,7857435,11516161,14474360,
1258631,53647,109031,77117,26647240,16732948,22384760,
2765639,99018,325455,175018,54044236,29012044,37562420,
2043422,113802,362099,191342,30943025,18113932,21379100,
790286,14830,48305,26056,17726658,8092896,12416040,
1990233,118214,479905,286188,32743439,27699602,38167820,
4424144,447002,745255,526820,54225423,54001581,59176360,
2852991,201990,468365,131349,35093784,30830025,35147240,
2220032,159813,536182,214075,25810544,21977853,23965560,
3594520,158288,286087,70282,75497689,46481260,54741060,
4504064,255593,583356,241323,82267965,56535078,63925980,
2659052,134632,318749,129464,40154151,21806316,25573420,
1710040,95015,335349,200803,22658416,14909288,17135160,
4191271,198409,563529,288486,66171660,42508600,49668860,
1543736,78298,423377,141829,21120490,15798905,20056340,
7427384,434577,379671,203502,166257918,116618060,144093920,
3650910,114098,384971,218396,74611435,44786207,49562020,
991404,39813,137798,112937,19113756,14398144,14400740,
981136,108546,394610,226253,3787071,7840018,7469760,
374088,9504,16012,4922,9305981,4891925,6333360,
5075181,506023,776345,396089,55412393,43887450,59082120,
2594220,110500,215295,93021,55370638,33880288,48381640,
3643340,185389,378996,207870,73748848,49298681,62442260,
1895489,112600,480275,281026,28932115,24330516,29177740,
5087600,469087,574553,442733,87841648,71812964,93918880,
3765171,181418,277635,165815,74938370,46039875,52704200,
491564,29932,113052,51900,5977151,3554269,4253740,
454752,13390,39316,20479,10401842,5796291,7801980,
2429324,107773,334310,177018,41997105,22502003,30826780,
2932624,73819,94854,51146,68869806,35506351,42764180,
2255453,69954,215676,119141,44753333,22297621,26868420,
2246719,81624,236194,124555,45028075,23954439,27210880,
2105964,93777,213102,124466,41049282,24437327,25193980,
2366714,140537,517997,300748,33214676,19583102,20562240,
3722489,95086,124258,60762,86834799,44575820,47998420,
4996124,184329,254437,127307,111506657,63719801,77056080,
4558778,200239,236979,119906,101225725,61063141,77327020,
2497074,34450,240639,202926,55268239,31320335,40572360,
5435688,223567,486499,270278,112538125,66885511,85710320,
3280113,153147,99543,55061,77777320,50344837,59610020,
3666762,153910,300679,155792,76196688,44449819,55726960,
2668029,133879,306963,173556,52109625,31439924,45641080,
2691086,124656,220156,128339,55369394,33952087,45488880,
2210073,113055,342627,182933,36539328,21343425,27351860,
45440,6573,21350,11429,216917,597787,991900,
1542851,52557,181924,108518,28956264,14032489,22084180,
1702811,52816,190759,109322,32392163,15190212,19390620,
7519,735,5124,80,37591,126914,184680,
5002531,274195,377924,190543,104891581,68578174,110201780,
843608,16951,47038,21852,19175512,9377826,11465100,
1060316,57459,221549,132081,15611654,8359466,12802620,
3285954,165245,274065,135400,68553905,43160727,71933600,
867257,52606,169942,89935,11302719,7487476,12479080,
1968068,126597,349875,191438,30707904,20555279,26234280,
3582666,94047,71370,32387,87033042,45959715,62458640,
4246300,200805,270323,150544,92381634,57913437,76229000,
4611165,216772,417722,215510,95256315,57244278,70629120,
3252142,86674,83274,44419,76251500,39689761,48951840,
1421058,126356,391682,211394,13387150,12681990,16665200,
1132543,27029,46219,23444,26690940,13693635,18505160,
3007629,150288,166732,97636,67600946,43405522,58031300,
4194550,251914,298499,157530,88841296,63762481,80257160,
3441516,197494,536113,409364,65838236,56135816,70070300,
2884969,208307,603821,406830,46350458,42013369,52087100,
9251355,552300,868313,552202,193598108,155070461,163168500,
9829274,615048,543279,213531,208153965,146155285,139758540,
10494139,676660,718069,300606,212688554,153178642,145738780,
907669,50283,249170,171782,12356122,14877745,14132260,
2952967,161966,337734,176620,54686145,36441068,34573540,
5688557,276017,171069,81138,131425608,84387708,80369180,
3733847,434684,618900,303500,36134005,37589295,35905100,
9619301,551381,637072,320819,208025948,149530092,142248080,
2408963,206701,689159,474506,20546514,29004102,27624240,
4876015,333113,546385,354515,88771386,74633957,71151880,
465846,35574,101630,46102,5253760,5134630,4809240,
2216910,84672,51100,28136,53111768,31753740,30258460,
3595716,209019,368617,199263,70091010,48271370,46066620,
1188248,11516,66943,33502,27727188,12225420,12285580,
2176947,125020,274365,160124,40179588,27270217,30556880,
2463634,81307,226117,113825,50673061,26428857,31782440,
415826,5365,18192,8820,9301124,3994904,5350960,
1055144,101068,319661,180834,9171024,9861113,13682160,
4435406,283736,364960,186348,87171567,63268678,79721460,
2811069,158118,343169,185703,48480715,32256413,33059980,
2534001,91424,175176,81236,55166760,30556239,29896400,
818006,22894,32213,14584,18733667,10328643,10010440,
828542,83243,294012,165445,3966352,5251716,6762020,
2998713,94452,70494,32209,72203979,40444948,53251760,
3619635,193856,268339,141727,76974131,51853569,66356900,
5125311,325876,336730,179907,110036274,79929007,117418300,
3187120,178076,61085,25325,77530551,54549845,67632500,
7870340,473721,490702,258300,172619239,123691283,131333040,
8507522,443975,396943,191797,193102199,130201220,130404940,
560061,44361,158314,97466,5047040,4354831,4316060,
2146809,83534,205717,122468,42990598,23740179,26428160,
29965,3671,21178,12454,147360,703760,923400,
3252310,172129,435180,237169,59203563,35566196,47591960,
3066824,72833,100249,52351,72460765,37191043,50633980,
3248761,91269,234953,122832,70476019,35397757,47580780,
1739677,98940,337322,189873,27456558,18335902,25111800,
4751966,213191,178929,89993,111170919,68873622,87726220,
2921952,129999,384236,194884,52890595,30118837,38673340,
5825906,308340,345540,163297,130871682,87480140,109549100,
2903316,118184,211363,120231,60896090,35156319,41712260,
2051608,149931,327806,176060,33976495,25739452,29142600,
7240010,387700,153247,69961,172519453,116999546,123626960,
7484870,323323,416719,207644,163947954,98736916,101757480,
5394254,188803,108186,46782,129661698,74403644,71672340,
5794697,208458,235694,125787,131464785,75209908,71817260,
3417000,148365,244386,122586,71912152,43639191,41838220,
4570896,225383,151869,90699,108274315,74553310,71015880,
1680256,92240,325784,178180,23778332,14503290,13994200,
838975,50489,181321,97729,11649457,7544509,7202900,
2634635,77862,207935,112518,55062283,27309282,30123240,
2606767,90277,334685,245457,51150549,31594814,42852820,
2116330,62086,39887,19083,50565535,27437520,38808280,
1983662,112160,336946,199002,31084217,18975836,28132160,
1874516,27918,65952,31824,43265484,19323625,25731540,
1125300,56387,180374,92306,18654841,10763208,13548500,
2242830,72305,239904,144852,44747892,24028427,34696160,
5228229,495783,724186,384358,66321403,52700690,78643700,
4025318,188847,451848,235051,78670945,48315089,61758280,
1815277,108550,302066,180055,30986854,22528555,31131000,
3152669,179970,312992,159020,66520578,47460206,60469900,
4944561,282600,705808,507808,73570845,48310746,63661380,
1430715,5579,27863,13876,34124510,13617041,21807180,
5180239,213779,372503,192578,108126477,63522251,69964560,
4144471,107092,88317,44562,99026539,51550460,61436640,
1112696,62319,181930,111924,18519157,11723920,15011520,
2238879,71300,225349,145089,45137867,25125549,31932720,
5508981,240393,144730,65949,130443314,81181605,101288940,
2666150,145033,374309,201164,47270571,30234168,37932340,
2505523,67300,182959,114201,52063755,25017031,33436160,
1708709,67559,165295,88079,33212496,17899972,23153180,
2367862,89316,275944,156212,45127097,22973524,28666660,
259270,13325,26969,13573,5631604,3832332,4842460,
4291407,299996,490075,267869,83395934,62117621,75721900,
508467,3111,15737,5423,11807332,4837080,5722260,
3701024,146342,212817,105022,81934138,46995906,60388680,
2707188,118435,203396,106322,55889208,32880916,41060120,
567235,9449,32957,20034,12979223,5884410,8239240,
1800273,101292,333579,183627,26945422,15615696,21742660,
3373879,157210,216630,117387,72744347,44937337,58223460,
1980052,93861,166915,89023,42031091,26318938,32995760,
3753476,196569,388881,198966,72950615,46364673,56130680,
596884,29226,26600,12591,14366945,9524333,13750560,
4639099,221804,360626,193019,96268005,58637112,77733220,
3402636,83503,87550,39029,80858229,41259708,52338620,
2526989,115861,84120,51819,59002171,37690740,47218480,
1849416,110510,330415,163975,28946561,18848265,23417940,
2713210,107801,58368,27047,65122591,39025611,49489980,
8784622,560656,476367,233405,195197387,142270337,161355180,
7957650,499114,295388,146044,184107821,134093379,133644800,
8846269,478984,246031,111212,209574467,143430763,136560100,
2253538,113980,321787,176248,38876445,23544186,22607920,
5316999,295282,156445,75953,123809207,85328285,81164280,
812676,85854,305908,172572,3168491,5720135,5443780,
2870213,139603,68855,31752,69896129,45904153,47620180,
5652293,283873,281202,146463,128940862,84743568,85031520,
5059618,250261,551884,299150,98032266,61373855,58690500,
2275006,34418,111989,61263,51676722,22719380,23375420,
4920352,229611,524937,223748,96753007,60301845,61925260,
7139413,369735,448836,158895,155018696,104451279,100169500,
3517618,219499,498252,176817,63873584,46792847,44634760,
2028559,165160,541202,196985,19912067,19122694,18253180,
3074955,164321,144680,48734,62838491,40663987,38842160,
2471692,123706,256391,142176,43841979,26938116,25652820,
4743551,208930,428115,117256,89022291,53469220,57102740,
5779285,275073,276475,80284,135236457,87789699,93699280,
6459392,359823,490465,240606,136177029,92883148,92355580,
7345777,597509,1026783,667015,112996450,101080480,96257080,
1448275,99765,377095,233977,17287509,14886409,14285940,
4510999,424842,847008,571644,62550310,61395464,58888100,
2561932,85279,194820,99164,53590300,29650477,29104800,
1059933,112300,457671,273596,4076668,9909537,11383980,
3000929,83005,80941,37989,72294263,38611124,48460180,
4162281,184216,266688,141886,90514836,55831681,64462780,
2037665,93497,217746,114054,39104937,23146880,25093560,
3492207,94131,117265,64731,82679199,43906751,45888240,
5708574,194338,524803,286085,117287542,61771930,63552700,
2469770,61189,81259,41783,58023142,29906100,31934200,
3912337,168288,245868,128452,84610492,51303459,66254140,
2640013,117518,331351,178792,49585965,28294095,35288160,
3520546,199706,157034,68235,79656087,55735098,70311480,
1310291,94599,332186,188723,15263665,10834975,14233760,
2689655,111243,72101,43348,63867882,39743818,53571360,
3292840,213906,257638,142466,69002029,50954335,63974440,
4293953,182773,213773,97374,96383179,58821043,73811180,
2869462,136665,221119,104959,57157052,34981658,45748700,
1999295,181670,559867,290203,17808199,21025362,20863180,
2413974,94003,174436,96004,51777571,30473621,29431720,
1862060,51823,206050,109017,36366241,17657829,18721280,
3985687,174865,396772,202919,79156311,46120229,44430700,
3402548,55314,109571,49469,80822613,37801307,36636780,
9160464,534710,667616,360751,196999776,136024288,132262380,
1850022,55566,69288,33013,43169977,23512328,22325540,
3379376,114490,357492,247786,70378339,45303808,56551480,
3532960,161410,263505,133605,75028671,45597006,58619240,
3987307,228045,103103,51273,95357529,66828030,80664160,
3197305,171526,349834,189330,59000613,37789718,44376500,
2536980,69671,63914,34983,60493583,32134079,37784120,
1852073,106423,153583,83255,39375757,26762243,32282000,
6403086,333044,342915,164451,141145464,92557386,114957580,
713342,56119,174833,76841,9116726,7060194,9162880,
5639221,303944,410986,207496,119234470,78827093,93019380,
4076336,116064,103006,46094,97348915,52245705,58473600,
3586881,166660,311327,226391,78261494,55360269,63134160,
3064979,153580,301584,154331,58787454,35550239,40069540,
2074868,49408,78250,40181,48539712,24232732,32395400,
1080919,89326,307714,168941,9551613,7826390,11250780,
1424051,1350,11944,4313,34757288,13443620,22196880,
2369554,115111,172218,104813,50162082,31547780,46092720,
4160846,180726,451709,229225,80078869,44164724,57733320,
783633,16353,62094,30958,16965380,8180810,10521280,
3192855,206947,394120,204681,59897178,43169898,55205860,
3314071,167530,101278,49548,78133615,51345541,64081620,
3712933,220207,208105,111128,83889066,58999216,69528780,
1057691,67625,214235,113446,12060158,8412641,9881800,
3136619,156621,95792,44872,74792448,49230478,63419680,
1413035,95798,362483,213874,17533636,12379835,17745800,
3536042,142055,297414,187479,76200165,49098750,62458720,
5624543,482548,715564,348001,78380082,57872388,74681220,
1463712,136011,492156,286672,10598406,13966205,17073920,
5277097,314211,231808,104005,121738283,87072743,101197360,
5230610,366306,862590,589012,78926956,65512731,70863900,
1054243,85926,216340,122184,13740711,12738514,14305380,
554041,34135,21328,9039,13896137,10282436,16248800,
2299117,187728,459348,254125,34288545,27881757,43827680,
759366,33715,22303,8269,18203197,11288652,18777860,
5372998,334204,442768,235270,112694263,79987890,100305740,
1994641,54129,115138,49574,43537872,21436450,27406720,
690344,17523,84527,52298,14727321,7803214,10101980,
3178503,169779,471214,270025,54933490,33435126,42081140,
1523336,28149,106362,44306,32125553,14233888,18204040,
2435886,115308,326687,184118,46432335,27213767,36774020,
5470293,232655,299868,144631,121410013,72504652,90630220,
4326999,229670,147782,65225,101316092,68386968,92000500,
3569420,213905,487264,264159,62755211,42565719,53324680,
1092342,10250,38914,20460,26252630,11331548,14444920,
8352637,504506,362366,171660,192952888,138090831,165165120,
7760802,464751,471466,240058,172034981,121730803,128636320,
2441054,102973,73123,33192,58105870,35961387,34335820,
6120475,396215,614579,328935,123607952,89662319,85565080,
6135780,340897,318791,157036,137717241,94392811,89843800,
3253047,108413,224619,131938,69421441,37385122,35551380,
3123633,133863,266736,141836,65353977,39349006,39317980,
930928,11078,49712,24704,21504907,9603558,9147860,
3586557,122571,374473,195109,69454462,35449740,37040960,
2175731,37359,72196,39042,52053391,24584121,30788860,
1064968,93115,280496,158046,12945770,11278862,14366800,
3702990,123606,254016,126907,80415677,42918559,55358280,
18697,2133,12403,5930,85540,297359,419760,
1972560,108357,331143,191074,31091436,18445847,23599340,
2516720,84299,216767,127816,51721540,26947580,33961700,
3641852,202040,248639,119120,77705580,53389064,65209120,
1735213,99288,185656,100544,33104209,22109059,27744860,
3211847,98135,58494,27900,78245549,43911846,55000240,
2667581,162329,330366,181771,47277044,32001824,39712300,
4696247,218422,186674,86591,108953092,70327962,73128620,
8029349,439929,322642,157459,184853508,127650759,122502360,
8630967,490532,403569,190627,196955480,139102919,133407760,
2380085,96444,93882,45506,55053572,33814717,32009320,
1702593,88085,318904,194429,24931911,14384669,13727320,
4346900,130573,369466,207037,90632400,45521053,48371420,
1395089,52119,185500,99970,25232774,12778355,16133800,
2186846,95445,211873,105646,43866520,25450133,32699800,
3727189,181784,73627,43406,89572975,58398671,70950880,
2275184,99155,352654,206661,38004840,20146559,24971300,
2500817,82101,56682,30261,60384667,34565732,46030260,
1796187,54342,196249,100943,34146324,16223016,21268660,
4552970,485195,572790,301540,52788666,42142192,68210820,
1061258,43495,203701,85009,19168525,10680487,15881120,
1897303,117726,436501,254505,24421186,18785507,24586720,
4028426,230808,449621,227431,87364670,62207506,77921800,
5573110,553855,630148,443082,91273087,78536456,98209820,
5838413,272279,393592,220513,125031089,77470371,84047260,
1822014,29481,80214,44169,42405723,19932404,21199580,
2412833,92911,338899,183655,41586623,21380225,22140320,
661196,4024,25461,11965,15545515,6478815,8972940,
4006559,242027,268484,137094,88166287,63011012,81257100,
2756209,176136,423769,235482,47917179,34317878,43639320,
3672222,185033,136589,66339,86699248,57543513,72751840,
7599406,488383,514810,258562,167737831,124414095,141399020,
3726407,204210,296840,144964,77448933,51646891,56714140,
1395979,49750,181717,107117,25207760,12832752,12218960,
1258325,55780,203320,111798,21473782,11649940,15754540,
3703522,71111,104161,54390,88520477,42827205,50763060,
3489577,163233,435794,252281,66667231,39022836,43401100,
1462163,39225,71177,26211,32082197,16109021,19887540,
249646,29250,117835,72745,1033125,1775188,2770100,
4834705,248825,304903,144278,102737185,67345580,89685460,
2637143,81753,89439,39768,63114115,35006717,43835120,
616420,63063,238287,150447,2918371,4001569,5574500,
5367826,317799,343609,169705,116015258,81622251,97691720,
1629996,46881,105437,57965,35754851,18928927,22914160,
1646683,87977,290385,144862,25897205,15181375,19194480,
2894905,110101,167750,126210,66906460,44445521,57760400,
6577868,221329,322801,177536,147344659,82671008,99569440,
4725815,156107,226097,114470,105580876,57192637,67651340,
1635091,63104,73011,42828,37759010,22789040,31959960,
4243540,173941,346245,170227,87409389,50665720,56964700,
3957897,118966,74383,35101,95100009,52398669,57986600,
5299645,277825,243047,124011,119535604,80468015,76553120,
3997676,115897,344628,177527,80086537,38276974,36461060,
932096,20112,23336,11454,22534601,11404102,15494600,
3931664,214495,447020,252194,74917691,47450096,58992720,
1592211,15894,35778,18450,38117885,17595037,19797860,
825888,53548,312548,234491,8220347,12577928,14920700,
397776,40000,141120,80664,1482785,2078620,2925540,
2016618,129602,345250,54580,18483342,12942493,20744020,
6640015,474679,1173365,205756,91573878,63873147,81802640,
6114454,566532,1114356,106059,59170778,37139247,45695120,
8467161,525727,456708,116191,54174310,38882792,62518040,
8853654,760738,531990,264116,68435967,51187516,71902460,
5128429,533231,255658,105911,31127355,21488713,30843720,
7109872,487578,617098,242521,62032532,42234886,62279180,
5808431,463833,431693,92750,35585725,30070751,39577780,
7780856,655683,605108,191492,64554373,51697912,55040020,
6854961,626758,710621,232171,28786015,28595841,33195400,
11559233,909900,575572,201411,93667786,63610199,60626100,
12847610,1185678,1291664,605391,75330504,74802311,71289580,
11941940,824136,461998,177395,72984727,42842851,40788460,
14581635,1027521,1012390,363251,177042409,131768410,125669580,
13459225,1003060,1104793,540606,122978730,92544210,88161200,
12275831,1011972,850870,540671,111562770,83201160,79060020,
13123358,906940,763265,400931,82938394,49299580,48669260,
10957874,824879,390476,176103,127625070,85665665,81624440,
9840977,903899,580830,249079,102136552,77123885,73414420,
8383685,854229,527879,219311,69169341,55957234,53329020,
14241822,995049,528925,271565,156512398,99662401,94950880,
12422956,1038116,878323,426945,138861054,95285062,90676440,
9122333,855193,439621,179044,94938224,69081803,65792420,
9335737,864398,562298,260957,83117751,60319713,57554760,
14815673,990004,828980,432604,141873910,76681948,72958860,
15744473,1166515,558838,287987,182883779,121499808,115760680,
13926820,1018591,812172,423306,135662862,93018008,88496200,
11814126,962183,496978,249789,118545996,77345686,73711360,
12069200,984710,655421,333135,99681961,66544311,63256660,
13454635,1027679,716548,394618,64322764,36391567,34668000,
13005702,959679,566407,321982,62167833,31757424,30244080,
12698280,1040404,913448,474704,101585414,72601192,69244700,
14683362,1082746,596087,340579,113101297,66568637,63374720,
12671423,1036802,705568,347697,129948533,88262689,83980560,
13107748,1064379,817171,454474,56260072,33469033,31919520,
14227842,1004488,540565,291899,146758920,85861706,81757920,
13198853,1076146,827310,441163,96613041,63301754,60258320,
14113001,1078805,514502,263347,179289562,125183768,119376220,
12471624,1011214,734345,383558,132834287,91679268,89095340,
12223753,1029378,682207,356942,96755825,65346080,62832040,
12433486,891495,415506,221729,141506879,87548334,83380680,
12929280,1073452,896520,509355,82129051,53962080,51390800,
12705015,1018355,528201,305332,54630927,27619728,26304460,
13182875,1068727,760974,444783,56379242,32003075,30479240,
13742832,1110553,820730,463059,58518776,33232966,31650360,
13059117,1096360,517584,297795,55818796,27631720,26323140,
13181587,1076998,765256,415822,93721611,57267433,54654540,
14612117,1213886,493199,231605,202302021,145071874,138064880,
13854353,1174384,514705,247816,164252933,116365248,110955380,
14358524,1134534,821712,373424,228403759,169267026,161137560,
13859316,1086739,492746,248881,168214587,109573085,104311420,
14189657,1223715,817679,475601,60354017,35951100,34214060,
11906561,1041761,498264,242510,105772539,66786402,63625340,
11076838,935823,841170,371207,65691003,41766683,39793500,
11972450,1162687,827945,320722,69299059,47238603,45039600,
9667477,929783,722173,203806,104484192,61338371,60918740,
7702957,877057,853071,296760,38944901,31038761,32172220,
7663806,895802,641275,161841,39735615,27886191,26555500,
9198171,837884,725907,297681,114094824,82866277,78926000,
6710459,784570,820293,303424,34179212,28839797,27456120,
546501,71615,75413,31052,2490804,3090861,3319560,
8777702,744029,650853,315715,157747732,124696622,147208320,
2108039,126996,418330,178569,34031693,24045784,24056600,
336130,19817,100600,65621,4870021,4591635,5716600,
2612210,202202,715433,391017,34646190,29832108,39718760,
5346649,333494,507584,342455,104634746,72872629,83014320,
4555430,190945,429027,294616,82343522,48401934,47978900,
3766843,136958,145603,65263,86666935,49909930,52182880,
1972197,62909,75476,41185,45373777,25551538,27547820,
1408506,92555,322380,181651,17383878,11228404,16949840,
729276,34116,29352,16034,18025544,11769312,15632520,
8158152,494192,285234,139930,187979286,134267307,167609880,
3433355,183606,286287,148787,72917156,48724988,52646640,
1802126,99553,149211,25542,26311438,13883934,13920560,
9419068,893909,860050,337126,70572719,44214905,55277340,
8811621,781367,302442,119247,90900612,52873606,75027100,
6441326,641875,695666,282341,69895524,52875053,66830480,
6162376,609829,622869,258462,62560234,47929966,57768940,
8574678,746752,574780,237124,122079426,86990011,83664680,
8142009,746969,857984,405152,102238617,83646661,79648220,
9648709,822615,623854,246284,143199411,102076161,97293920,
8480199,805438,836575,325832,76683830,52241311,49731040,
8312826,690167,649335,252792,98238537,60199060,57279460,
2566292,65214,53182,26049,61169558,31808223,30242800,
2513816,129785,458983,257014,36657317,20729483,25471900,
2247880,43122,73169,38202,52203813,24543345,26871160,
1264636,64412,166967,88592,23002693,13921488,17680040,
2971709,152548,195361,109356,63316742,40691576,61986900,
5564017,227783,340176,82075,112534531,60868414,78526560,
12817927,861653,731698,297122,117930910,82214473,86414640,
5119899,275799,161044,67497,90090015,53433935,63861060,
5524841,301370,406068,222017,117322945,79226292,79225380,
5611774,266989,356626,199727,124562362,77641148,80038520,
9834282,540373,165634,78899,237797305,163495154,155636580,
12163867,1118907,1008118,378541,153104554,111741311,106679540,
11795714,996527,355650,156513,143144215,91537506,87526080,
10163587,1000972,833441,277703,114096654,81964264,77954080,
10291033,916331,835119,321057,111494451,69058451,65695180,
9165535,782996,631000,183023,101443113,58197362,55471000,
9765362,862952,982767,417152,105724828,72923144,69393980,
9195134,801268,655064,249550,114657789,77430866,73740180,
5307201,363580,547239,281492,81447522,51521480,49229220,
2934626,62571,230195,125918,60667751,27173450,25881160,
73044,10033,30774,17472,335781,852202,1055620,
2234852,250359,538561,270872,9382707,11561911,14138480,
7783105,698719,573519,189579,93516495,58197279,59204680,
9317735,611420,540192,256581,197917029,140131006,135318120,
6555113,215526,362762,167803,146144948,79892163,75983740,
4493287,223980,104790,46946,107214616,71211783,67905700,
8869905,497231,514153,252523,194221994,135717104,129123560,
2640703,110267,63360,35108,63598195,39313616,37643060,
3868053,444935,725471,410433,29499142,30749061,29600040,
3436697,150829,309171,162244,71075027,44293494,43425440,
4638072,246853,693575,487494,72925871,53647027,51196280,
6977187,591108,1124479,406800,81173608,63795302,60835320,
13128953,1163041,413980,176004,105963953,55160346,53713760,
7722893,839091,767184,246361,50891032,38595541,37091980,
7250732,748834,717931,248207,56876642,41712215,41540540,
8067668,792840,594090,184398,80597278,52495430,61367260,
8313128,801128,894165,382750,82471517,59106291,65881240,
10481366,868174,558439,193308,162280927,117755610,112254180,
7709472,693443,645753,290055,93537835,69632844,66596900,
7507717,485967,468932,232366,165353586,124347720,118607500,
2532344,114191,93101,41560,59140632,38143802,36210040,
5747785,287119,558237,300055,113738596,71601080,68216780,
704252,11511,39009,19391,16395161,7719644,7392660,
2076890,102281,196387,112275,42518966,27394833,33275900,
7309760,429469,340808,164185,164290219,116946434,118992580,
1674822,56177,69081,30033,39501037,22367160,21463060,
1895390,120639,361504,207064,27864849,19236087,19498940,
2018748,63597,76389,40048,47984728,26783270,31315800,
2155581,124916,194314,116030,44914441,30149431,35144340,
2825996,110337,294621,144784,55491862,30167642,35195040,
776021,7707,26375,10570,17752120,7914950,7664580,
3309525,284818,595821,277702,28966145,19261575,26109140,
6325294,599373,350148,93231,44338891,26062992,37039460,
6086646,584177,268571,91819,38411706,21802886,33736620,
5940298,755675,829163,297344,29004019,24861728,38172720,
5500129,626434,434252,91972,28416911,18664693,26663900,
5660767,661088,702738,266785,28394445,23475439,35236560,
7350969,541148,422499,101805,88928223,41522128,68433460,
7719137,521839,483411,180989,104984767,54227719,71510880,
9091886,829686,938940,371023,83918729,51533493,60087120,
9099197,659878,403174,181964,177398835,128972936,127054660,
6477952,212123,384527,210829,139461907,74724047,71147840,
5913737,189785,257226,125631,134687561,73034786,69527940,
483210,14214,21276,11649,9433409,5502212,5324260,
1417935,87904,307474,182824,17973745,11417117,13560440,
5368391,205789,143307,66908,128313202,76520263,74040940,
3630490,177268,317117,178012,72959405,45836824,43783680,
2871019,150834,233900,116304,61176073,40905096,41405260,
5129106,226809,213365,112617,117591166,73695664,83442640,
7496257,383830,563728,290329,158649355,103390938,99243980,
570802,8436,42508,27994,12711608,6133582,6147900,
961581,66899,160735,98194,15915888,12104572,14564840,
10270535,763537,1079615,407641,171262449,133163927,155497760,
12828228,1139909,356189,81297,109520666,57726639,58633820,
11687534,912278,810217,294454,165414848,107525069,102463160,
11686582,942099,838596,285804,138361276,79155858,75444560,
12502261,996419,853128,356104,190359678,134220288,128595420,
7800340,826970,772703,257924,56969807,44388944,42182200,
11257294,1163346,1398942,576483,115065784,102049540,97220600,
4461614,382084,828296,322874,38953919,34920352,33210380,
4828209,305002,623641,264801,90733749,70117450,66879740,
5773448,338401,648136,300932,111962009,83060278,79042840,
5749989,605522,879230,516554,35801473,45310064,43183820,
6579889,695529,471621,111219,65396154,39828193,37948600,
6578139,398395,673692,186796,127365108,94415458,90045960,
5766610,272687,308115,156614,127723096,82301300,78250180,
2650824,78760,191703,109630,55547038,28567786,27197120,
3518190,137462,256822,136334,75885539,43872610,42829140,
2865381,117109,116014,54683,67079652,40823001,45367320,
4377664,146527,296357,151433,96348177,53404848,52213920,
1590165,77542,195642,95682,29186615,17755166,16826480,
3789486,130794,213207,120447,83511660,45685229,46207300,
6578908,396308,789768,324111,103547948,64739290,74995400,
10873680,904845,370210,121292,139812288,84514727,94104660,
10840782,1015230,594002,212915,108741612,76203826,76924880,
9194045,843202,773251,287004,105145838,71672346,72147720,
9144661,866625,785624,270894,91501167,62717541,60730260,
8247596,873094,746664,249858,58617857,40286058,38389200,
8038549,828495,583128,172132,72475178,51629808,51907120,
9468881,746535,584548,250390,158425015,115930282,117017980,
5671433,295496,314722,155158,117510489,73688848,77487220,
1146725,69788,191507,99977,19334828,13823705,14409100,
1313362,99260,305179,163419,15257899,11260959,13589880,
1054075,21604,46950,24553,24199898,11980274,14939640,
1226351,74968,178572,111096,21145411,14552608,14278660,
1158726,44787,159836,96639,20197373,9828058,13497060,
3182758,93298,189273,104480,68390137,34312710,42218980,
784865,56618,185548,114583,10133493,7500699,9547940,
2070357,63777,33890,17908,49877913,27843338,26530140,
3002812,139621,229324,139282,64150876,39163240,51388640,
2673989,115920,238137,124079,54711326,32065435,42136080,
781609,48985,179276,101227,9952621,6336795,9404500,
1702803,125625,341529,176126,22309003,16212102,20849700,
4540361,479788,539085,138162,37057439,27271513,42463280,
8929590,994973,380261,172584,65539344,40230435,59289680,
8213304,817734,791907,259340,60360492,41942057,53957120,
9905479,908564,864569,307525,117125015,86363228,86274900,
9628517,982540,1224882,426778,72215365,60746654,59824280,
10074892,936655,896294,286416,105813145,76116403,72428820,
10642709,915510,880098,350363,148371596,111365412,106170620,
10165501,904005,1084166,509985,121412523,94771758,90256040,
2634625,252402,269549,117179,26690070,20920163,19900080,
2161404,164828,576891,338223,23613620,19008303,18592720,
1875436,80312,28414,11515,45519090,27848524,25693380,
6548382,254408,212982,120800,151587648,89676490,85544400,
6401317,95389,213699,107540,146200665,64535184,61325400,
2017057,7008,43470,24059,48041583,19566763,18862500,
856881,86419,339061,208418,3318652,8262725,9326160,
5743584,553157,701498,341069,81648513,68700323,68619300,
1111071,82570,324189,189972,12253874,11101458,15941180,
2418787,197455,720717,500682,18303496,23094400,28813560,
1759295,44390,86357,62041,35845094,16689155,21545520,
4149092,198431,548344,294083,74713126,44552185,58924960,
4562392,336984,396021,112045,54971568,29392978,40853620,
9898518,993556,343999,139182,113051039,76634220,100254880,
11539357,983073,794576,299031,147280352,95269609,94533620,
11097056,1004671,697653,193546,132145545,88798815,84424080,
6640610,773236,858853,362929,33434491,32896513,34050840,
8500980,777238,614241,197558,90389331,58314899,67682300,
7911152,740397,723537,296080,82114085,57907465,59820060,
7929593,744211,786643,351030,86817123,67138569,68013100,
3336811,232168,195819,77259,50072840,29626453,33069960,
4529129,259240,515819,267886,85821938,56606184,64182240,
3844076,110907,120783,62368,90436981,49022750,52894120,
5157081,597673,660448,183240,38791901,30554120,41144900,
4087252,520226,464425,129591,25376504,21037764,30566840,
3944182,159800,100666,48555,94758366,57604490,55381180,
3235777,119543,223306,115307,67785052,38032633,39054440,
913905,41919,159283,83962,14772140,7694975,10391300,
747504,58166,153971,81318,10511096,8280842,9733720,
3071046,125906,217941,130520,65352927,38156754,39544300,
1407450,17021,52853,23636,32598275,14353220,14985360,
2647823,137721,341939,185567,47912541,28952584,45796780,
6073685,377620,412006,169845,102418722,63978926,70548960,
6024748,566752,679839,304691,57097153,44213861,47606300,
5594461,507823,539753,222124,65873893,48278745,71500160,
1265451,34795,146277,105519,25620170,15127096,22171880,
755936,54871,168379,85906,10275952,7520114,12229400,
1221183,56420,170199,87637,20744415,11285960,18406120,
592279,66525,257318,147464,2285485,3581032,5942220,
3692257,147529,328048,186079,76291807,42306392,43306560,
3600533,153184,114049,55889,85976063,53135219,67120900,
4082096,231302,404154,205501,80981262,54232297,68159580,
5966229,330372,318318,167000,134067020,91757250,104624480,
6898063,352622,405288,209752,153306050,99938625,96273300,
1199086,45824,163943,98551,20810011,10338952,11300440,
4932876,261558,236190,145912,113370930,80518420,94493980,
3287510,142665,256227,129031,69296250,41393821,43582120,
646913,47129,161157,92547,7614863,5461312,6886580,
1425474,46365,168076,102243,26039876,12164596,17891700,
3922477,54218,180726,90348,87962940,37432823,43566480,
1835688,17781,54932,25470,42880618,18441530,24767380,
2732838,179131,331320,175826,49031753,35201101,57702140,
3484619,179278,186814,114576,76446801,49286253,75288720,
3531607,85193,216656,110336,76152046,35908211,51793780,
787022,43209,151183,86060,11229218,6385513,8585960,
3730493,46056,70612,33789,89242235,39404765,41200440,
1606191,61642,185708,105416,30500030,16186481,22051480,
5492407,484744,685404,333875,69124629,46341010,73732500,
4166585,89931,237272,124225,91629778,43525199,60676300,
3053874,66413,215925,126765,66988694,34280487,34684560,
6629972,149748,241858,128670,153386624,76974093,74246220,
5001547,309633,888742,593773,67736977,51972739,65627960,
2605798,85420,185143,95565,54952440,29515957,42277300,
6500111,197094,306470,188512,147272628,85039492,89946780,
2404736,46612,42726,23766,57350900,28164294,34047680,
409685,42474,152521,91394,1606443,2959977,3243700,
816383,51477,191607,118747,11004293,7512879,10943720,
2783696,85106,259773,138983,54866442,26808590,35710300,
3527092,140602,251972,133486,76286782,45638631,57210040,
4352248,73079,89365,51150,101890061,47997501,59457500,
1692025,82067,191567,101161,32783968,19712512,26999700,
3733650,216146,491154,314637,64283054,40863103,42088080,
3890662,161443,206076,113554,85353733,50953604,55080380,
4434045,69290,188056,109637,100369370,43608594,50108260,
4249106,133347,157643,79068,97949687,53006604,58282860,
2224274,95303,179528,93734,45239675,26107246,39030780,
1727924,46104,158241,87374,34053179,15228693,23466360,
1634084,68035,261528,157662,27448097,13433786,20625540,
1445805,32612,107302,61146,31420266,14302444,22059560,
2313708,38303,97541,38732,51120388,22742581,34953560,
1133837,52738,243358,157265,16463780,11006011,17365920,
1136193,85161,376075,224290,9563213,8873822,14819140,
4602091,159075,200320,105787,102917242,56809314,90494240,
2599400,235865,221789,85238,14377613,8318643,13827820,
3581378,123921,82345,40501,83725514,46429361,54461280,
2765151,133320,405649,298447,52172578,39529346,51492480,
1479833,107172,163976,86884,27688140,21353823,35639100,
3679753,179645,174986,92749,80989047,51745619,64726600,
2055671,32609,46907,26431,47978301,22871773,30982380,
1561820,84093,161484,80467,29639328,18569256,29852540,
1770779,99649,201310,127788,34304714,24048250,36735660,
4373478,211784,352494,181620,88368158,55216187,53709640,
436014,45670,154533,84455,1706430,2840797,3708500,
2791803,32738,107981,66475,64743947,27420038,45460320,
1675928,54516,111353,47057,34900058,18572503,30137380,
2209950,110517,173860,97008,45816840,28249260,47195600,
8024849,470333,339281,201277,178595487,123541180,143772960,
4147800,123348,226876,134113,90707124,47816020,47781500,
2784246,48914,58491,32911,67555039,32222731,32680520,
2464119,138863,295519,172917,46995436,30611977,44133320,
2210568,141675,341094,177724,32772788,21875476,28404180,
2081598,175306,548765,291529,18677057,18617654,19235480,
1802912,100595,345020,187529,26578112,17549805,18227880,
11985,1360,8615,3115,60058,286735,347660,
487551,43008,153794,87996,3410503,3218347,3867520,
2357899,85485,190474,115090,48923718,26186578,33777740,
2275593,118767,356700,224454,39638192,27487825,45743240,
3225536,399218,500578,242714,25638672,25724148,42926960,
3307322,148539,303574,135280,70718013,43056760,63082720,
4587512,273749,336619,179435,98745904,70562033,106717280,
6440197,343257,492441,207742,139779004,97709574,104108640,
3623469,329025,1152741,643891,15887708,32420704,31030620,
3818347,226351,366060,131534,77365124,55130164,53790000,
1768742,124750,304029,60991,27068822,22533252,24004820,
6638754,432538,418899,177108,139106294,102284594,100887980,
3005986,143322,249073,127510,58683089,36831632,35447200,
2390005,111090,344765,128241,33046881,18327448,24098300,
3456173,133105,398558,105826,69864331,40655900,47680480,
4346542,274332,285694,145414,95416640,69167602,67026880,
1803047,135497,296988,177186,32507409,25451881,32703880,
10090087,620199,354274,165604,234065787,169102223,175961100,
4817571,286590,672194,476591,85074316,63054373,63127700,
1520857,16951,41569,21911,36365332,16269355,15493340,
2358399,94551,203588,111272,48264401,27407698,25735020,
1499151,52024,204105,120578,25854074,14993881,14278540,
4622715,155421,267142,143645,102258447,56206458,54817920,
2150658,94599,325028,183877,38513639,21507513,21816260,
1088054,47237,136701,90158,20381957,11981501,18584620,
4203083,230075,294259,156181,89963678,61824713,69300020,
7088546,250850,326678,160059,160458205,90526758,92998440,
1390594,46327,307055,225948,21602514,15362143,19216240,
5415757,321766,420992,248870,116810883,86664795,98162540,
3398981,116160,160367,67023,76626576,42961935,50127720,
414329,44076,150949,80176,1627368,2948643,3077480,
770176,46599,176660,112551,9943847,6159434,8208860,
2559179,154190,293989,209845,51223751,40945711,42654840,
3000566,92690,224958,120464,63847805,33446366,42474760,
2794080,65445,51845,24216,67543124,34528898,53979720,
1512628,80296,198091,102436,27638497,17537838,27952420,
2640732,131005,206889,102305,54537164,34221421,53977780,
2528513,81573,238706,118099,51799017,26606191,30726440,
2362146,102748,281762,148325,44698688,24241369,37505780,
4692543,273180,210172,90343,108169858,76669601,110597720,
2038949,100688,218755,107107,37833030,24408611,34603600,
919715,70925,189514,112350,12348904,9352070,13464840,
1673033,82997,231943,115439,28461253,17057821,24873620,
1516859,91005,338853,235847,22799959,20703858,32134180,
509238,8128,28754,10190,11293854,4920690,8092000,
2166603,67935,212045,104819,43201951,21219188,35366500,
1904845,69221,190068,105120,38458463,19959695,33467440,
926296,56370,174983,93229,12998125,8367183,13228560,
3221799,156907,298102,166255,65928380,41342539,41534800,
3352519,128374,263415,130582,71065338,40038303,45514760,
6394938,294834,309539,151755,144914721,92015550,90874060,
4120359,187482,263599,129625,90092744,55967156,65761940,
4611723,212874,243418,122438,102386477,63871811,69535600,
5027544,176445,149727,77605,118158546,67414171,83209020,
6983262,563006,755836,374176,107905090,75414583,74301720,
4863382,180709,341824,178586,105404380,62717926,60892780,
4703799,333757,856517,566453,71976252,60240422,60791060,
3804755,205872,280761,178913,74308194,51027151,53468060,
4417119,195380,199961,109164,100192248,62684339,67341820,
2930718,179907,259868,122590,59174178,42490607,46205700,
3508339,220123,264274,131082,73255508,53598388,53321440,
2442880,107722,194218,109357,51330910,30341026,34030480,
3911577,116261,230642,117753,85974645,45483358,49648480,
1153373,43292,39133,23439,27430101,16506914,24849700,
3916647,124198,203640,106352,86365919,45349716,63405160,
3101293,158689,206233,105743,66992636,44076183,59940000,
3915510,102807,241397,124499,86084856,42816883,52307240,
6081569,415428,1022229,180793,84646824,60760196,75729500,
7165902,445288,679759,48939,60451068,35997204,45623600,
11302157,996404,647249,314777,95558120,69237936,80843140,
12412098,990621,524133,214786,209411389,155771520,156459560,
11978330,918668,499665,170120,127954576,90850468,86379280,
14984343,937883,371488,134493,116080061,55902238,53463320,
14162780,1095905,597823,231825,221693665,159485968,151704860,
13326413,961782,580814,254345,115888226,77196719,73457760,
13088757,1004061,674801,314938,125538820,87197527,83161480,
13526630,921234,570771,272157,87507262,48215372,45833420,
14518437,986132,549666,268291,96070026,50434017,48098360,
13695263,1003125,655255,309260,103797913,61690497,58723340,
13054125,1012492,790349,389273,83443647,52927605,50398200,
12356974,993480,734984,337185,109452147,71278238,67838760,
13602109,997902,657457,331230,64991819,35212330,33534920,
13124927,965161,534616,250511,91740666,55266782,52635780,
13600764,1098894,666271,347972,84117134,47897421,45811780,
12257930,1118298,726686,334609,112276773,84014014,79818160,
14444886,1214928,917886,373953,167224614,122600408,116803380,
12534094,1163950,681141,286492,127351365,81837950,79175680,
9155812,925176,541593,139937,47801494,28655109,27286120,
10855477,923812,742784,273247,145003026,98431811,99534360,
12181719,1005770,1040087,469810,154221239,107182018,103277560,
10131039,750804,778643,327198,121882061,67240689,64051920,
9752031,923038,816553,270905,88927343,57543159,55539200,
3885241,270785,224846,77205,56207575,31995814,33313880,
3468004,168313,342544,230918,73054546,54574646,52175800,
9539525,554020,605053,397842,214199082,163717097,155819360,
2394107,75472,185476,106952,48090604,25587624,24491840,
2152738,103405,183442,103758,44047556,27617118,26372080,
4606254,178532,117819,56789,110158067,66698256,63472280,
2450346,53676,202931,115000,50685434,22869713,24060040,
3884761,222780,420600,230717,75702912,53315720,55750720,
1184866,46351,169891,96232,19955152,10050442,13834320,
2885790,56141,206790,117356,60775094,26546760,30273500,
73278,9095,39477,17555,334514,1145471,1253880,
2405488,59407,185691,92027,49979440,22847941,35150540,
5063262,505601,693167,344909,62149085,49221154,73193620,
3852031,200487,355013,169614,81002785,54750669,72221520,
5895774,660926,757936,237139,29292986,26707119,36295300,
8389802,778024,414295,165413,98932627,67766130,91246780,
8667251,856171,1047610,562107,75412272,68492407,86273120,
10157036,1019964,1083263,498463,89248406,71279351,67672960,
8703133,845047,810529,356058,91863359,69026762,73513940,
8092936,878414,644547,170715,54030142,35201846,35926260,
7685975,696827,645623,228118,79602580,51670841,52510220,
7148532,776786,690736,230359,43475486,31318386,30087840,
1848476,91489,183025,101551,35793078,22131307,34867720,
7439409,449625,303868,146805,171790280,123625053,123782980,
5907361,247339,138128,71630,140803649,86946521,87981400,
5173282,196794,198757,115406,117972674,68805321,69277180,
7319644,416461,355126,167093,165441188,115881563,111744840,
1798366,116502,312971,166826,27298655,18744102,19446220,
1690834,86425,176255,97768,32685443,20496004,20685720,
2045979,10610,46580,23115,49173786,20374460,19853360,
3863713,149559,214102,109431,85569361,49118054,47922520,
2048713,116455,293988,147060,30181675,19044828,19634180,
7865582,398945,402148,162337,64978212,37331057,40143900,
3642999,99459,171925,93242,81636231,41064497,51975440,
5802452,359935,378686,123273,96276084,56140853,70185900,
9481888,1017446,384293,141183,43482525,25570366,31805760,
8152200,768918,743726,263996,84257271,59273860,71731900,
7175195,734497,793013,299209,52298758,37436062,48802260,
6604008,524763,569774,265516,83542037,51545938,71569900,
8631474,730000,593888,203139,104800442,66968565,78375120,
10348565,889452,727768,277360,139554309,96681236,95069640,
10977178,897038,722438,319243,177818255,133005132,127610000,
8208005,741533,716450,284370,89632686,61794344,58854000,
2378616,37034,61440,28996,57183488,26854715,25644500,
2437041,107996,185814,96181,50838505,30469614,29530860,
7020747,643485,508030,133610,82192874,53725325,56950100,
1176783,84997,271971,150610,16543627,11816559,17041980,
3843297,248306,441236,268812,73899337,56153929,59396980,
7431165,409941,197778,127371,179303020,125470759,130683800,
2367123,85236,206870,117411,48192623,26748642,25386940,
2775027,91689,257361,134201,56385638,28720609,27508600,
2409487,121859,440925,270850,41756259,29545762,29004380,
5153511,193615,283017,149139,113085321,64929317,65347300,
513606,8146,23246,11506,12848237,6148786,7148880,
5357149,241680,460163,146428,101577483,58005183,65817460,
13381973,1247466,694699,279801,164753235,113319889,107951840,
11995683,1005807,707826,235689,122553975,72737057,69229260,
10747490,853888,843969,373703,166203069,118142293,112695880,
11286942,876814,580448,214994,187682117,128677230,122572240,
8983735,905496,779437,233558,66097744,41116050,39102940,
7383010,714416,619367,230203,79044130,58111361,55379120,
9283039,767026,639826,245212,126592457,84070140,80805180,
7846357,783388,1001484,454011,80421112,63191761,60712680,
1278227,43305,115371,73007,28083880,18371638,18190180,
7709398,467893,1027158,695998,136454341,109356868,104483040,
6313099,249287,300798,164037,140308135,82063288,79286160,
4912055,181937,299506,154672,108420668,62385885,60708520,
3216957,127737,375772,193115,60525503,32397586,33444260,
1124027,5362,29047,13027,27034468,10967886,12999800,
2779360,145321,329277,129921,51205474,33578624,36915960,
3742353,210545,524574,215465,67784648,45849870,46635940,
6993940,314973,629307,304236,145465665,97146645,92742240,
5511102,274352,478934,168900,111876440,72726928,69202200,
613958,58896,127489,28713,2961871,3636182,3495640,
1342212,130682,237840,127430,11516393,11717635,13559780,
13687676,1031276,1154034,424917,225722089,173631392,167747640,
11051280,1094379,925730,230042,86143784,56005006,53232680,
8043185,885001,877207,325220,38179124,30551762,31168180,
9244539,846636,606416,218223,113209606,80705307,80058320,
9306588,830275,790203,320342,99744243,64264313,61116240,
9000666,963435,812281,244869,58502244,38906350,37050820,
8429075,887177,772799,275659,60613886,44778507,42618220,
1458127,70839,255785,164358,24801466,17408359,17176920,
1937025,28828,41693,20098,46505602,21594637,21842600,
2724322,128486,211843,120528,57298615,35355724,38618060,
2283073,107762,197350,107408,46415512,28352163,36037220,
2755191,134875,279810,162548,56101454,34561696,54497460,
1175730,98330,340115,193113,10691580,8917514,14224840,
7997963,406626,182160,79145,192339938,127440863,123713920,
4526299,234754,238016,125768,100987058,66898848,65963140,
2031676,70803,344610,237412,35357282,24624232,23310060,
1944916,116031,209553,106769,38271197,26559015,32800160,
7193122,367588,275851,176418,168483052,115160092,142689220,
7106632,358390,256369,99120,164278443,108395086,120447120,
2221469,120474,206221,109396,43686001,29250362,29978700,
3902359,262490,414907,155931,62489356,43650092,47156440,
9984052,911373,643362,217574,97171708,63468641,63027960,
8991014,953400,872256,372815,90568183,62519466,62838300,
9845262,874147,719944,249816,114007058,73522686,72459500,
7621765,829065,806098,320060,49851097,40964653,43619220,
5249960,571260,724660,365154,25938625,26191724,27470760,
5271200,247244,217358,116059,121231096,76718190,85674100,
4936351,310821,261191,135164,110705765,81109177,86355220,
5260311,244270,133369,61083,123965014,79337598,75410640,
2923116,174780,305730,184236,58542608,40439082,41763460,
4539379,137016,219629,113798,101069233,53263764,54473560,
10462643,960230,695067,200355,106008526,67589748,65669460,
4375380,214075,586305,386382,80985434,55113462,54147700,
3147111,74614,152829,62653,71889686,35856618,34438760,
3770688,119467,352418,214505,78181718,46185535,45576000,
3119606,149426,244417,148292,65690394,43348606,41398340,
437984,50811,183449,106523,1820095,4619054,4702860,
2767844,64033,184633,99211,57906315,28676548,27651720,
4498962,454830,753206,416758,44935987,39993823,40256360,
1428581,86782,348874,244786,19604282,18212079,25498140,
5206364,181916,553686,308935,111662685,64734446,68166120,
3738373,210639,589682,453691,47491787,37221498,37005980,
2831909,124331,380413,217476,51706331,28896506,32265380,
4220795,112020,245396,123329,94121666,47193976,52417160,
6091916,313323,279922,141032,136837359,90593685,88549080,
485897,47532,164504,89550,3303689,3632740,5403040,
2660755,131164,85328,46294,64023642,41862209,53402540,
6309530,359685,274449,130714,142679994,98586955,124134260,
3340707,175438,229104,115698,72127495,47509358,52541200,
4611728,203773,298338,146254,100990048,62450767,68856080,
2478368,80926,207926,117802,51062818,26369068,28243020,
7876185,413070,240305,119566,186365470,125607899,138635380,
3602302,137525,347270,182439,71528763,39303417,37809000,
6091419,328229,267435,132130,138120257,92992239,88525920,
947457,51136,164266,89912,13543875,7823346,7977300,
875586,57743,167885,88639,11276431,8216642,8206140,
3491608,109017,96824,53742,83911491,46654817,51727820,
3769247,160529,219311,112890,82469069,49370940,60189680,
4584932,172490,280463,168614,101860897,58092585,61044880,
5750446,278156,292662,148374,129488200,83171357,99362580,
8246289,389062,331016,153236,187915743,119391381,120507620,
1606952,33114,52253,23265,38506800,18964148,18381340,
4673640,243400,424790,233151,93990252,60156146,61229460,
977177,65882,177047,92016,14669490,10589974,10455640,
4613915,220534,230358,119904,102971317,65176391,64321020,
966667,54334,189801,94082,15408329,9252634,11968880,
5160814,176706,76514,35034,124200305,70881341,90215280,
1127965,69572,210364,108639,17352471,12106429,15105420,
412833,43818,152041,78797,1605458,2645556,3307460,
405558,42287,153461,85467,1583089,2356161,3604860,
404669,42230,153890,79714,1573717,2268997,3781680,
17273,2540,14606,6576,85824,405234,676540,
1544435,123414,439299,258140,16157633,12801917,15904840,
853977,49462,159294,99912,11233166,7019687,11025480,
408144,42462,154302,91944,1595102,2287470,3812020,
5204015,326520,254571,124637,117424489,85364696,84759440,
1739593,66765,133624,55011,36841332,20952963,24883220,
1090403,77549,258658,146774,15643119,10743024,12783540,
3856146,121516,253681,130892,82804371,43587078,49574940,
2302068,108755,212511,108923,47342484,28917817,39459880,
1637163,54942,200007,117190,30239943,14743670,21405820,
3124456,67521,65095,34536,75385968,38020943,40708560,
4081479,185601,851609,634116,69959775,60910688,69988640,
2397506,90252,315256,198176,46001740,28801041,38842080,
415061,42975,159193,102429,1623129,2469862,4113460,
2152728,66586,175895,98799,44332504,22093603,27898360,
1826827,104653,72578,35828,42382269,29616789,42412040,
4121214,472862,645224,357498,38784866,34924351,48190460,
981341,71355,230969,114096,13288212,10862471,16298840,
1365703,81654,449780,303832,16893187,18431651,30786500,
3719703,156431,376635,237454,83755450,56778091,75211480,
6357930,471201,652159,455025,110766538,90012000,93360180,
4731432,259429,399321,212765,95790216,64823011,68318560,
6121849,332572,322762,155777,137531918,92725214,101837100,
7556093,422338,356270,173888,172134574,118738071,113432660,
5381880,213926,255896,124806,122576711,72736243,69403540,
1108958,47987,115068,60454,23230467,15287490,14661940,
4128951,245392,326152,179984,85789022,60605938,60686700,
4069773,157340,249489,126630,89550756,51778541,53681140,
2739002,150003,240557,143185,56149820,39502619,40478800,
159966,18728,61086,41518,712798,1657788,2036100,
2122702,45836,182167,86544,44708051,19600559,27128440,
3374181,197885,467200,272485,60582992,39865015,57357000,
2919984,102386,236529,123789,61178469,33044161,32918320,
1536282,50873,191167,97312,28515669,13655612,22194620,
1046728,30291,124786,79480,20319268,9188335,14964860,
3539291,133808,136410,54062,80829655,47024921,51175660,
6354326,334871,370130,209492,142574454,98992063,116683640,
2385861,74301,209951,109487,48562906,24882260,24616680,
2590724,73241,210883,109278,53822706,26301125,27390340,
3319803,82326,86458,41976,77339492,40131194,38532680,
7536864,282306,278477,135276,174704808,100914845,96328780,
2473213,121196,362696,189437,42271232,24386177,31623280,
2451145,102365,232148,118957,50487188,28867616,35724860,
5763939,343095,269631,134170,130636853,92978453,96684400,
10765249,653856,293007,136217,256004911,183965809,175274100,
4328167,112379,365263,245783,91290975,51193130,48573240,
2188233,128776,233076,141733,43325819,32836751,31114060,
3463369,140883,283105,160391,73782117,45080601,44970860,
2825849,121040,240434,126994,58693665,34717016,34767720,
269371,10736,22368,8904,7013521,4348545,4796640,
6025458,264985,310047,151617,134964888,83838437,90872880,
3428598,148931,409451,232918,64636670,37156810,41375000,
4138934,162430,263460,133551,90149928,52258263,55638880,
433131,44081,156628,89804,2122263,2959175,3674840,
2828642,87443,52102,23401,68338012,38003968,54359760,
5333956,221156,487222,324083,113376026,74058118,75463160,
6901420,326595,268080,145324,157869796,101842756,102111660,
4642777,236716,311018,175152,99943187,69736399,67505360,
3076914,101166,108243,50566,73806409,42195153,40364100,
1669057,111541,177420,89762,31069008,23823142,24957320,
1959834,111947,221628,126300,37708718,25336507,27140040,
1281731,116158,404674,220869,10381269,9741865,12545140,
2062383,104129,283053,157823,37960867,22573301,23652160,
1800489,55106,51280,23212,42936406,23560494,31323800,
2241499,56170,208608,110444,45125392,20507231,24250480,
2065485,62123,192459,95381,41433535,19896201,29443000,
5479179,525033,781726,388987,66764665,52179037,60469360,
610158,51956,222888,130130,5064168,7634896,9942180,
2647460,114444,166774,94410,59603948,37830568,58279220,
4751725,187669,414756,215011,104905710,63296523,64294440,
4574264,379927,784176,553777,60071572,51445160,63515180,
4460866,151418,374176,194612,91008023,48498345,48524180,
4374722,114340,265144,129792,95677660,47691986,50832920,
3599015,164135,115015,60362,85264275,54101253,56631940,
1941481,58648,179484,107630,39375185,19662806,26033340,
9167866,530294,351239,170741,210859164,148569655,147171720,
2281719,85475,220400,109453,44403466,24733680,24644820,
2284753,126158,296093,128094,42722269,29032197,33519640,
2604276,131919,288840,74451,51341853,34356455,35271620,
1780105,116953,427529,134331,20704139,16674178,16917240,
2060902,138404,439173,134835,28060154,22443237,21942780,
2877021,188097,450750,213085,42985656,29696650,35498620,
1046638,92775,268862,150922,8368702,7402937,10519700,
5622465,176198,422245,87336,111440842,58582463,60800840,
2240586,137476,235784,109647,45028169,32275604,39976500,
2477698,115984,237564,122504,49012800,30377788,32951100,
4489684,279286,325183,174615,96677077,68996721,96854500,
4444976,207207,306452,154205,97023852,61059512,71600940,
3434915,164389,91098,44334,82325361,53853171,65890160,
7415729,412780,360317,174026,167593069,115021321,129289320,
7100728,423882,360552,174836,160323805,114451252,114142240,
2817108,134330,346468,183248,51145114,30126067,28603740,
7545917,404963,332489,170959,172912453,116898221,111356880,
5205306,291907,122092,53473,122245624,85288900,81251360,
3537744,143000,245898,135080,77016979,45317326,43328720,
767210,47271,172677,94147,9526936,6310420,5981620,
8561250,455101,364429,174544,197352075,132841369,126568200,
1007904,49234,79950,51061,21158828,13731507,13058720,
293804,31326,115509,61674,1155335,2142939,2026660,
2262054,100970,190894,118913,46643346,27582359,30729120,
2547668,92932,238029,122477,51980831,28495593,32791000,
6172342,323450,415559,211218,132504100,86754723,97181780,
3798871,91648,85965,46545,90537182,46718473,51850340,
3390228,123121,222359,113205,72906040,40327337,39644960,
3776976,172692,238651,136938,81081881,49680026,53455400,
3226958,130643,283464,142637,65505330,36945619,37887700,
2482795,135404,319163,176706,46353483,29154905,29078620,
2543360,46613,82583,55194,60536665,29243401,27973340,
3337677,91130,194772,95073,72474988,35780483,41886600,
2364057,108196,296673,169252,44603173,25739278,27472400,
3212444,166876,200659,114924,70614287,45959711,63697620,
6328746,371638,402241,203734,137113291,95555844,93586980,
4787727,196965,181119,71327,110122759,67367492,68408980,
1999935,93201,206663,109068,39236423,23853441,24238020,
2451101,133813,191085,108378,50887805,33990690,37603040,
1480326,76706,219851,112470,26116349,16110112,19270860,
6481459,611196,794305,393609,94943608,78494089,81916880,
1437670,64033,101620,49741,31956247,20268085,19200000,
2164847,108451,333755,178801,39813735,26928829,27759820,
4361277,201946,497675,253555,94393437,62493306,62528160,
6760247,371628,690985,481893,116103850,78401582,80652720,
4029862,226789,364929,202937,84158707,58484141,56504560,
4809329,205985,329970,142104,104356775,62197306,60957900,
2915025,173038,236752,125939,61363073,42997318,45424540,
2823262,138142,258402,128456,58121689,37150205,36439440,
2201630,96823,207267,113546,44300751,26204956,30459140,
2380000,59779,187684,98126,49473805,23256259,22676460,
2420031,71522,68548,33473,57246305,30916309,33034560,
4372621,147874,363906,196898,92556011,49382037,58089860,
816336,60705,171373,89036,10828752,8521917,8584020,
4989112,276551,259676,132936,111164043,76240978,83974720,
3026813,132361,234853,121718,63629431,38581790,36977100,
795078,50099,182202,100164,10348736,6908891,7141820,
2919024,103198,217643,107918,62189896,33555862,46213580,
3134178,176611,244461,126133,65400253,43727539,60317800,
4403283,289618,316306,179912,94349473,69133074,78628700,
2063091,59580,205112,109358,40368398,19688325,20503100,
3407305,124746,81621,43636,81882116,48434160,59030020,
4398935,204641,228865,123733,98023349,61134136,59620480,
5637014,329772,356116,191477,123288356,85436625,92780420,
5858732,292927,396836,209621,128037021,82395436,80668920,
570648,26580,80261,47898,10522805,6652651,7005300,
4239814,248986,332364,159280,87981196,59784343,66910100,
6522548,334934,287506,139505,148790098,98033662,93436160,
3586983,150996,221183,125274,77444306,46491756,47154620,
3121994,168368,329675,189576,63680497,42232388,49188980,
1825694,57779,150720,81013,38186701,20481270,24649800,
2359564,75691,221494,113910,48105142,24502531,31267380,
1928089,102763,204442,119251,37293672,23130758,38185800,
3176321,113952,239610,122793,66410216,36531378,54660740,
2607103,110892,192956,102632,55471597,32421815,39965020,
3548186,169931,109103,52311,83525423,53914053,52672960,
4954985,167302,391011,198511,102549134,53364034,64224120,
2778328,112441,211927,119363,58375263,33645059,39144300,
2485646,84370,213262,115114,51276735,26871096,34692240,
2868140,137650,242436,138201,59861660,37603050,55878820,
5796059,209742,144021,64915,138894058,80570590,94285620,
1538053,64440,185643,93279,28641421,15747370,21510200,
6942956,385687,266493,127272,159324805,108481113,121530400,
2255675,128107,304438,178987,41796001,27718907,28420840,
4896513,269732,191414,107740,113897204,77585427,89628620,
3580317,191981,185626,77521,80610408,54324462,60025400,
3839930,227488,372605,203448,75324287,51359417,57543040,
5318492,308988,406460,215708,113238963,77290395,81891780,
4768485,252521,264310,134791,104535053,69501552,67114960,
3120120,100708,214123,116060,66543141,34919459,36659360,
6230413,582289,712556,340219,93522935,75900395,81013040,
1214244,94403,335766,186170,12956774,13180231,14655780,
3727157,271797,742141,518198,50923962,42579318,43479640,
2677261,136307,251403,167180,48266881,27406885,32537980,
2694106,54062,165791,98324,60064378,27882052,36821820,
1159034,41308,105324,47062,24070931,13355887,20454440,
3743003,172108,413110,204641,72400922,42745463,62141060,
2507889,88890,207856,115859,52304838,28036332,35642480,
3156098,69467,212309,116258,67034538,30972726,41352800,
3757944,135756,113569,57765,89837921,52649074,62567340,
1626888,68006,177215,89108,29985629,16620049,19526720,
7102622,433417,286987,149582,163510394,118908822,130101500,
8653792,527252,474329,247018,194787267,142214772,140539080,
8656136,509651,351295,168626,198755669,142206509,135307840,
180558,8133,140163,121677,649468,5637226,5366840,
1010327,47947,180285,110322,15640617,9209831,9201760,
818779,85430,298080,168163,3195319,4977120,4876120,
2111692,109617,189291,100943,43009896,27429828,39597720,
4262762,185304,273247,137186,93499903,56445537,65877260,
3824735,146473,104090,47774,89764736,53701605,60457440,
3961266,121525,246368,123723,86618514,45229176,52795440,
2694589,131597,202537,113082,55918565,34996428,37477600,
2180932,169730,256300,145940,17872560,14669766,17902300,
2025907,61954,193404,97950,39747721,19308624,25791560,
1381195,7274,40998,20566,32876417,13420633,13551040,
407980,43042,155092,94805,1589739,2648022,3471920,
4291537,248210,407433,204279,85590804,57058417,81629540,
884107,62842,163442,87889,12797055,9328069,13880480,
4136870,209417,279454,142647,89463945,57170950,64920440,
1660720,54147,43365,21856,39286842,22057802,32015880,
4206994,182584,280853,153205,91577156,55212751,56104740,
4511760,147572,318479,193999,97644899,57642211,58733840,
5985880,230930,278645,145305,135015966,78807058,75662460,
3728395,123319,255994,139915,80485699,43430129,45605080,
3305049,188905,119764,56792,78757735,55520069,54292320,
4656085,296182,249334,122128,102432809,74913821,71710540,
1052315,89135,317281,179638,8461104,7641524,7695680,
3892989,126549,338215,176040,80677683,41799386,54318600,
2872869,89396,240042,122045,60446738,31069854,38372800,
1762973,27634,114326,58081,38033795,16767388,23625780,
4293477,195718,354131,198911,86730899,53526975,53738560,
5885509,261530,414450,252423,131166318,86968091,120110780,
4080178,205722,271330,139032,87414383,57077369,70368120,
3465913,133545,202905,103507,75380132,42710422,48916280,
698188,8230,64487,47926,15421999,8637567,12832380,
3429300,158791,240759,121603,73752766,45248179,64641380,
4338462,255000,418448,215903,86724265,59052756,79136440,
4908734,268885,266015,127380,109021416,73917996,88544300,
2826844,107283,212909,115452,59187933,33282716,35241420,
771698,3381,20623,10080,18419776,7517934,12471640,
6089148,550504,680560,333656,87408222,65437532,98020840,
3501940,124842,317603,149562,73554687,41418258,51595580,
5402330,259995,370862,208350,117196792,77202863,80940120,
2224659,112581,355617,206846,47644871,34295546,40180500,
3167041,381760,501993,377839,35656604,38571914,47054020,
782941,57767,185399,100360,9563435,8306135,12104000,
1163681,89398,306191,161522,10439686,8393885,13380040,
3391461,203896,219380,116731,73188274,51603495,59217320,
4735834,256562,261204,135244,103985985,69847646,67209680,
20219,2965,18939,9514,103488,541134,569380,
427001,44126,151900,90444,1659679,2700786,3001020,
442242,44210,151922,89820,2584420,3235874,3624660,
3137615,137421,227716,128914,66727728,40191119,40608380,
3083990,136520,179043,98499,67065770,40306540,54819700,
89119,10354,37079,19065,352877,887915,1345400,
3950046,216519,394432,150806,79803745,54818823,55815960,
2985810,230013,546765,219072,45920763,38609317,51190840,
4762050,287039,422870,169798,96611275,68502520,66818120,
5778179,325389,426941,168140,121615994,83872925,79929020,
2614176,130252,365897,119883,42842575,25264129,24146460,
1433505,89414,191433,149006,22303078,16050823,15102780,
2997340,125428,236015,118522,63187471,36778990,49317040,
4911690,284276,607289,156347,90245271,63876182,77738320,
3471341,152040,178491,82822,77351229,47843493,49026680,
2324117,98936,187614,95933,46575589,27436515,37431220,
1265582,89138,168994,89346,21988942,16534076,22274080,
811293,83101,289798,157447,3169934,4233476,7048260,
649472,43564,131508,71620,9120315,6299864,7214500,
2791173,29054,60874,32727,65922769,28242673,31276660,
4576105,176195,265656,137941,101140744,57800028,71341960,
1501818,47493,177457,98155,27564225,12976595,17657940,
1647448,62318,315522,206818,28224072,18740669,29046280,
1246603,55905,115994,72275,26141088,15510141,24466720,
1593761,60542,113099,55212,33557968,18623812,30802160,
4523144,218707,409852,216859,91839806,56158779,54948780,
791074,60476,174017,101972,9577822,7995285,8376580,
2946794,114083,349017,174502,55045656,28094275,39138560,
2301204,80140,103597,60088,51734737,29204993,39285440,
2916551,67110,167307,75946,64501916,30536599,40773840,
2044836,78409,202154,112683,40922122,22209539,31957640,
4480679,165736,236869,119390,99695841,55877169,72186120,
2125313,63992,181947,106826,42745777,21073776,26291680,
3467337,45271,103530,54696,80501779,36011909,42555380,
1558106,43207,165594,83723,30379405,13682301,16255800,
4302587,166598,246959,125220,95251276,54494304,55313720,
3630001,140030,218338,113816,78930204,44740223,46945040,
7066727,330422,620235,353135,145796298,87951664,97833560,
3867699,142006,155906,91978,91115950,55826876,56482700,
4992273,126161,346635,193255,107964457,52301585,52776420,
3362569,118192,240563,124206,71675274,39674213,38579780,
5711756,277725,402228,206298,124013469,79927302,76146500,
5643894,501775,732386,363810,74220043,55806195,54481600,
3113713,158002,213726,114511,70916723,49059887,47158420,
4655316,179485,474125,259353,102936700,64088151,60965340,
5803422,442947,524126,401832,95289374,76718099,81218680,
3712000,116568,232192,123820,80484893,44143707,45455120,
2521336,95874,341887,177715,44114959,21766828,25679420,
370397,2407,13383,4399,8723663,3632394,4022640,
1584735,61139,189724,99290,29224941,14952218,17197260,
3505507,192179,330554,175654,72311386,47815897,54329920,
2735175,106539,210424,107887,55803793,31726672,30204500,
1255667,58076,164103,85257,22379086,12596119,17477520,
3595851,35843,77818,41447,85833354,37416008,53397880,
2246538,116677,201065,108129,45627305,29823945,34386280,
4732282,182563,263546,131798,105331284,60921000,61775820,
1542525,46635,172666,90713,28764293,13388773,18749800,
955596,88765,286748,159528,8087611,7397974,12215040,
1087847,28893,46572,19971,24521979,12953227,16636900,
3527817,147667,241698,125453,75998235,44715881,50300140,
3812125,127273,236106,112798,82433261,44341962,49962080,
1359607,67980,267567,151442,20535684,10716448,13716980,
3079608,149999,194282,111768,67069495,42771045,43262500,
1377818,50110,68588,28457,31496678,18246915,26218260,
2110830,86232,213394,116389,41125228,23043011,28664840,
3110929,172591,224962,112927,66569587,45406334,47259160,
415266,49276,166913,84862,1619832,3319384,3722060,
774983,83855,300720,168521,2999135,4702346,7255400,
2069676,111650,85170,41360,47929648,33332571,37268280,
2152516,131828,185768,100242,44360650,31080086,43418220,
6148506,270554,301624,144035,137862666,86003694,95826840,
8911583,489976,323611,156964,205922146,142361226,140244200,
1299076,48902,93041,52221,28980144,16924430,17956980,
7059777,344076,247605,110168,162808374,106307104,103943700,
479299,46129,160521,92226,3013732,4611009,4508240,
3456044,185414,276471,180954,74743305,53656805,53021800,
5309846,216490,277429,140254,116750592,69939127,66992680,
6341953,343028,296402,147437,143408889,98481886,94168420,
1682239,43815,159132,84924,32977559,14649241,16577960,
436709,44836,162415,85137,1660468,2764550,3241580,
2542255,171648,257427,140148,49383993,36368257,55070580,
3668982,137695,224610,115588,79985886,44783258,64734300,
3558468,105434,113655,61735,84404893,46242157,65755420,
3112916,96851,310584,178327,62549803,30640834,43240600,
5805861,181607,333565,194480,129721930,73338159,89721780,
7267386,398477,353912,172411,165155506,114222959,130559840,
1864841,88241,215620,126235,35267604,21682108,25325120,
1625742,67513,187696,103781,30433107,16830242,18702120,
1030081,72935,253899,139367,11904375,8382432,9453220,
4064708,143444,239711,117998,90021417,49797791,56681700,
7112611,334795,276201,139391,162840126,104310820,100373640,
5283566,494363,776606,433068,61095326,51329333,51372520,
2305890,68299,121070,76391,52316610,29040121,31135620,
6537501,446002,837387,558806,115705105,93342097,95396460,
5417190,226308,352638,250447,115229162,73598847,74437160,
1117880,60242,176882,108276,18317870,12227694,13028360,
2352574,102860,293945,184977,43305399,26330490,31865300,
417982,42848,153946,91099,1638074,2404641,3724140,
4385501,108999,205965,109240,98134838,48108318,48342580,
2105935,88657,228075,124407,41509543,24307685,29662480,
2987356,84218,222750,125364,62605721,31622421,36923460,
1929803,76412,270146,166959,34324332,19964107,29049220,
361269,8879,47493,24696,7424348,3945497,6307060,
1488816,69011,223493,119544,26555957,15339310,25564800,
1684691,66194,201039,111412,32028281,17114774,25423900,
3861087,57391,206068,107748,85475723,36532924,40908080,
3252078,138464,189441,108744,69280989,41434942,45371200,
1032679,59474,181298,95896,16213312,10084890,15431940,
5970093,297364,322344,152965,133866397,86867231,116337700,
2320416,108809,204128,103328,47231319,28600247,38096140,
1988273,81677,201265,109984,39376427,22010733,31861700,
3549977,108804,228416,124539,76959949,40129159,52314280,
4845421,196017,148785,76892,113888963,68703182,69185860,
5480311,246014,256287,132883,123316117,76882669,77802900,
5083168,220008,280485,135799,113474275,69770247,66869220,
4285010,181900,255990,153253,94625676,57575194,58606560,
4293370,178525,182366,96468,98743528,60811538,57939180,
3809757,191466,312566,158721,77885792,49207289,48210720,
998949,49333,253275,163271,12999685,10347453,11514100,
1242311,82099,274324,160464,17423488,11671720,14362440,
3176606,140988,226247,116737,66962152,40015757,50087140,
139704,15939,61693,41016,606856,1285530,2174000,
577273,49991,121601,50978,8845942,7234562,11071020,
3991940,249975,244752,123737,86789556,62945276,79869400,
852138,54496,165076,89273,11201815,7523100,12374780,
405342,46816,161105,91144,1582911,2761911,4603940,
4718155,263990,150353,73659,109870434,75852908,92716180,
3595098,120706,316007,164696,73456704,37981543,43517300,
633205,57029,198081,106651,4541971,4334639,5914200,
1555382,57484,183686,111602,29087124,14681486,22587960,
3306277,172789,235719,115878,70805545,46130716,53212620,
2003898,119882,82089,40419,47094522,34003257,33113440,
8143125,485058,348510,160816,186566610,132266876,125822780,
656057,59039,173516,94863,7828741,7374264,9262900,
9674398,595155,460255,270121,222115003,167167417,177077260,
5168098,287989,296316,149325,113704896,78420472,74480640,
14133,2070,14104,7215,95339,520996,529240,
3518584,106843,345883,192747,69141827,33118800,36847760,
2029109,94691,214804,110873,39114451,23347256,24617440,
789619,52384,172501,106961,10897550,7258189,11158660,
1230219,44720,145294,85797,22517724,11156981,15843440,
5812543,438608,529999,262631,88153855,52806201,76074220,
4857082,188040,468882,216836,101875141,59475651,75158720,
935343,72423,267507,157390,9464635,9916363,15040840,
561390,56903,326979,165096,4466998,7383515,11549220,
2558190,213933,563949,433758,19524542,21109017,30622560,
3972884,210141,608460,494232,80578033,72423096,75037000,
5196493,251507,433493,242718,107679329,70073681,66881260,
1192853,56068,206762,119419,18509976,10021816,11991400,
2968734,190945,230292,119395,62596385,45818232,57455760,
1872217,113411,55182,24744,44723160,32339484,33344840,
3732092,174472,265605,124286,80121393,49177855,49051860,
2046196,121740,193643,98652,41222461,28364293,37837660,
7071284,415604,336392,165829,161098140,113914522,111263280,
1209721,49366,176447,96065,20059325,10694729,11696900,
2417156,120706,72116,35845,57698165,38185903,48629200,
1350376,75855,269916,155055,21129836,12176423,18462460,
4153654,133939,334686,193751,87058351,44674517,61928840,
4034410,148493,296272,137533,84668054,46129033,67094820,
1187441,46766,182020,98076,19761668,9830574,14104280,
1560578,42080,114511,49833,34466678,18833302,26983700,
5678418,373081,484034,215065,117441664,88185877,126142620,
6136829,352170,488931,200151,129311061,90083314,105926160,
2281838,130607,425035,144448,33978828,24068784,23457800,
6790185,360288,508738,183505,143609665,96756338,92188960,
4409041,175358,229962,76059,94704898,54630796,52659880,
2851941,173383,201077,105396,58184226,41773888,39997120,
7769024,477792,573535,210386,157222199,114642260,109447560,
6860945,433058,612538,215889,144589290,106164283,101246720,
5815401,193351,293620,148877,129265630,71029300,67693680,
3894141,141707,122121,56394,92459638,54058774,51727200,
1193159,82128,232548,129310,18102800,13493947,13541440,
2768791,109322,216555,124196,57791965,33217932,31978320,
2475164,79643,207200,109364,50837195,26255969,26171180,
1381312,59775,176181,99064,24916325,13632451,12957540,
1331741,9144,42383,26082,32235536,13555801,12965220,
2442846,57772,221911,144289,48750881,22340999,21219160,
4344150,173271,344440,194180,90256431,50380567,57833460,
1887503,106527,329105,171821,31848877,19108299,31197040,
1742941,54798,163324,105433,33412674,16655096,25281480,
2086246,87634,252924,127180,39227711,21380768,28441620,
3189855,87407,205204,111002,68743600,34132979,33537440,
1237395,55026,185229,95428,20931186,11608727,13966580,
407705,42801,153850,81009,1593227,2353116,3910180,
3875896,70645,125756,64899,91704897,43558721,64794800,
3783773,144679,239645,116596,84023900,47918652,63517340,
4856987,238927,259551,130281,107533163,69105190,86845300,
1086607,77614,249686,143864,14864150,10967236,13263480,
2536684,140364,387279,199063,42947751,26713457,28001960,
1974060,110366,181503,93634,41159631,27216774,40263840,
1366317,25757,100151,42283,29513296,13759707,20278920,
5270249,497027,755530,363902,62716844,47368741,64739880,
4426382,239327,293130,148964,97684801,67093652,67307480,
1209564,84035,252176,160848,19501977,16058370,24818980,
1363319,60311,265889,128495,27652749,17557481,27377280,
3227539,257614,617812,444544,33125265,27067909,38970000,
2950764,97927,293378,190249,60919996,36573987,50574000,
2074519,65764,193207,103884,42221798,21337469,30520100,
3330264,205050,541477,204237,40549360,29338363,37079740,
5216959,458434,1150764,69667,37625905,30929153,38649940,
8120680,524343,1224696,129123,102562736,61707173,78830640,
8794054,797742,966000,254353,80538460,59347532,75401840,
11732776,671530,347203,185723,88443055,57672391,72563240,
11392255,1080999,551136,278659,94088485,56196361,58220920,
12190888,618081,602659,262833,106145359,75379425,71761340,
11714011,699094,694408,305414,71186017,50227024,47855420,
11368244,743211,549361,214653,63862536,43580084,41501660,
11598965,797502,588743,265946,100898558,64351267,61912880,
12438764,844446,576349,245690,52584443,30009751,28901260,
13857769,1017443,740511,352165,73278981,40909948,38961760,
12803458,905272,683690,331341,82507418,52760345,50478060,
13593148,1025014,636621,292461,194799459,143016529,136851620,
9746821,836578,570874,284629,41084697,31638805,29708820,
7516587,567368,332861,138195,47713769,30850009,43453300,
13254676,861409,684111,348439,82593615,46958617,48159220,
12603502,910002,681505,339913,80797206,46210014,44001460,
13767359,929545,676678,342323,95213097,52164396,49680040,
9075729,870464,576380,285046,51480382,43627915,41243800,
10673779,867030,635920,334280,85383047,54997325,52715640,
12181891,908974,632422,308283,137629331,90694300,90966540,
12640313,1055589,729314,374187,106909725,76414132,72687840,
13079303,1002332,753816,412566,107983106,72665645,69262820,
13751367,919123,677586,365441,144196032,90512959,97475080,
13384164,1005392,580285,289457,130800975,81829368,77887440,
11376635,894147,619816,290208,132908677,88728320,84539780,
11434211,903969,610845,312736,106286418,75903538,72392800,
8981561,723323,556847,293146,71589057,47829094,50535940,
13818307,966652,673834,356575,125740379,85203391,82307980,
14109440,1062982,721470,367851,140453419,94649642,90682340,
13177094,935112,667409,355539,128818180,84564608,80462280,
14233280,1028252,684713,368523,133256033,85871835,81866520,
13732021,1067203,721729,381820,104976091,67379632,64638220,
12217225,909078,641635,360485,59666246,31815535,31532020,
12115274,950305,612887,355941,76734221,51631972,49219340,
14089681,958831,695286,386189,102834759,57627075,54864260,
12611672,910677,703168,399384,77996827,45336266,43166540,
12274740,925590,677835,360233,71314778,45560107,43420720,
14467438,1007818,716563,371119,135218642,81651998,77727080,
12074573,889803,684037,357245,82066319,50244662,47852040,
14878452,1008309,751305,418364,123077854,77320220,73638160,
14575673,979040,757672,405716,115099228,69570203,66268180,
16204304,1295719,1269953,656785,111053913,83706338,79737540,
12305687,934051,730964,401259,131460298,99449126,94765780,
14926093,1233967,1083277,609653,150166158,119548356,114367180,
15216645,1285787,907739,546557,148712523,114928457,109392240,
10711890,933073,644187,317530,82534850,56322201,53716060,
12372127,978168,714554,369675,97896930,62918797,59850140,
13809679,994900,678493,356135,110685149,63201151,60251100,
12571755,977808,721320,386970,82983519,49998756,47558440,
12975722,925681,647653,337518,138221559,93360659,88933700,
10668381,898744,617936,326756,65968391,43382331,40976740,
11375666,959912,684751,366738,72611877,49883457,47452620,
10015761,803578,520020,252338,105650847,66651920,73736660,
9983907,867408,512759,282608,62953828,42953661,41356400,
16233095,1073358,1188305,794554,165310569,116534815,110966620,
14117862,1011340,709994,394197,98128686,53527105,54910240,
13483332,1071718,821784,418002,151385227,106738607,101691280,
14617772,1062656,650655,340368,133623763,77466678,73839440,
13380221,980026,816309,412363,133412353,84401186,80329740,
13758334,1011901,793049,433298,123446415,74431451,70901360,
12823728,991708,730250,370318,166617283,115759924,110418200,
13585400,1048377,819334,432496,142383860,97911189,93046020,
13549952,1050227,604464,307871,113143747,72360602,68941020,
12247817,962453,667725,329717,101481168,61838148,58859740,
13970599,1037890,670595,335757,189561146,131921241,125705180,
13656764,1007176,580964,290917,194177233,129693316,123598520,
12110392,979504,682758,332479,121822164,86709866,82438300,
11990452,965390,518102,285734,51976813,27257938,25959860,
11814504,984592,818211,425262,75630573,54455579,52581400,
12615793,972268,702428,363396,101236329,67594356,64376220,
12817526,969590,644696,352996,112067837,67996148,64777900,
12368557,1025526,677742,377317,61045126,35908197,36159840,
11935962,963402,543970,305575,51653198,27023247,27520220,
13213670,1030576,648114,327491,149235982,103399162,101134220,
13176408,1047278,691867,390801,56756656,31856777,30409320,
13416691,1070206,697045,396229,57793042,31244200,29756200,
13290900,1101417,662080,371265,57429616,31182579,29726280,
12899268,1034585,541131,293744,55673421,28431017,27074940,
13306307,1151420,819387,443601,60343712,36993711,35203540,
9979541,873167,729191,345043,44919781,27583448,27012320,
6927081,749942,442769,152805,30750030,22379039,32134560,
8566905,686071,562014,193664,88671004,56102393,59404920,
8410834,779700,664195,257279,99773738,72748783,75590800,
11567959,851624,746189,329622,206711011,149609311,146610780,
9159783,824801,836566,338343,103546940,71920418,69522860,
10236486,890783,792255,320937,152195785,115337150,110015240,
7228286,766505,717987,282475,58683790,45291279,43564500,
6510068,719951,677245,223757,41892288,30401890,28918960,
3430528,233463,455442,232066,46659414,28726476,29710800,
3120130,109915,231149,118755,64188122,35433491,36683420,
2551270,82126,204444,108568,52762885,27120025,27085500,
5878899,475542,660612,316822,84789287,57225433,65564560,
4743448,222130,284170,132398,106886930,68869697,69186420,
3997659,94500,359563,216675,82813332,41120812,39932240,
3845290,132361,477581,249826,83396698,49869698,49293220,
5470124,494108,524054,408309,91764316,72759218,84998620,
2095398,119123,256857,141912,40563354,27126111,30543960,
6281357,297177,262055,128514,143395321,91281154,87798440,
2021835,146407,355673,195950,31516532,24373553,28560000,
11095365,704377,554840,182360,242209129,176837435,171743140,
11467687,1010946,590728,191995,139833521,93194156,88795540,
9191670,935855,658389,213268,76843821,56836628,54038080,
7702928,932553,772789,254270,39156379,30463259,28998600,
9034325,925678,779670,260613,77563026,54546733,51927440,
8487122,854167,783570,291244,72714315,50675723,49032200,
7263552,753565,666396,247965,60463811,44288796,43307400,
4963703,585169,556996,224566,25145023,25453051,23914020,
1003879,61801,168225,88042,14501133,10165190,13123420,
1034323,107598,439336,284881,3967112,9067745,8633620,
413637,41826,151581,85735,1613956,2429821,2364300,
1077819,39027,112275,73815,21951200,11601414,11085640,
1750410,59227,112510,58755,37436124,20719833,20899100,
2337041,121887,210104,126745,47841149,30604206,45569720,
4732559,186527,245012,127526,105816556,61503860,66563080,
1085912,44721,165988,91660,17649411,8774407,10168760,
4678095,277007,216090,118047,109821101,83811963,102080340,
3530862,210725,460314,155722,63849478,46460491,48671540,
1977537,117274,400617,136575,27762726,19822815,22587820,
1822535,158290,552446,212233,15177506,16138388,18856260,
3335087,205927,338236,121024,59680144,41777320,49295660,
8205998,784420,524937,145860,74765056,48005659,51273120,
9597723,1010581,672835,250957,44749265,34055403,35886980,
9413678,909423,1368620,527627,83155871,65257979,71063500,
5163615,601965,567338,213379,28600818,23423650,32311240,
5075919,582259,548076,188978,25802080,19444172,29919400,
7182667,639557,481806,144242,78586122,46925594,61209160,
10060515,844874,664679,253743,149859483,107518367,115507900,
8564158,796057,668457,262729,106842309,80108523,84907160,
10331866,750649,780432,364915,183659593,130999328,132931560,
4348906,240503,240362,132338,95831845,65706943,62523140,
1001750,28287,27935,12625,23352309,12998291,12302320,
7242126,574332,568509,191722,99469059,62688521,60510040,
1234946,109312,560310,404767,4847398,15830122,15046300,
1384946,65667,193297,122964,25370613,15267085,14401680,
2951396,141063,218718,112607,61830171,38753598,45591640,
2117563,66934,72874,36622,50564781,28299576,39917880,
1912785,74197,200488,108671,36808533,20004434,26233700,
1930350,90193,302534,167446,34309761,19449973,25384500,
830130,86849,313808,170579,3247136,5075928,7557720,
2410002,47565,173374,98085,50501165,22231230,25331080,
6994183,532397,570001,127778,115106016,83227223,91521580,
12009911,1067108,550034,223725,132696006,79203431,84649240,
11670598,931121,881301,364063,149089627,102327162,100932520,
12673573,1215094,1206263,511567,144477306,107944891,102804780,
10542685,888875,738809,297385,148349249,102996980,98415600,
9141064,927821,800896,289159,87955167,67640012,64710620,
10479336,972609,1192899,510929,116035055,87096928,82880780,
12938183,1209553,941588,504064,185085194,144317258,137463700,
3691088,375636,521778,235518,29360687,26686901,25297500,
2719149,142447,289049,171396,55335625,35577072,33949280,
3690135,162187,173080,72510,86222555,53684779,51475600,
1750807,65929,224379,131342,31160806,16866287,16090220,
5992367,260974,263321,134065,136155850,83661208,82172340,
2734520,105140,213995,124201,57446138,32366097,30796860,
5822736,216582,188344,108052,137573578,81370254,79299840,
10334318,623317,467767,229015,237111307,169735791,161451340,
7895206,388628,325761,165588,181368464,118109134,112475180,
2064303,96880,199600,120208,40940386,25180224,23983340,
6247557,416579,518794,279299,130924164,96888103,92383900,
2079813,81614,209172,114292,39807152,21590158,20453580,
2547533,196183,256069,104356,27688677,16867024,16127220,
12024013,1061422,546074,184243,153207485,94219713,89674760,
9566595,955288,635966,265810,70270267,48169714,47350040,
8008849,809065,731485,284257,71804884,48642602,46307480,
8022765,921889,724100,215149,41305355,29912403,28520140,
9794209,739410,744812,304315,135809359,84843333,90710440,
8694302,878072,703056,268865,96224746,77294769,75208400,
10674686,875823,824880,323013,139176313,90519536,86214860,
5273250,247321,468058,245168,98647050,57261114,54530920,
4429184,116056,106656,50960,105884118,55621931,54226440,
2457991,52906,203053,106778,50111803,22386039,22447380,
5887042,358772,372735,217393,131551410,99226758,99007280,
5278060,279292,383560,204941,114420160,75792196,75843420,
2453828,113122,224585,131503,51314523,32144357,30862320,
904532,41816,82903,38156,16753918,10189955,9628840,
4165934,206776,257150,134422,91370580,59195541,61604100,
1223120,60104,194607,110748,19578564,11808151,13093360,
1601765,80733,209057,117011,30067765,18412544,24421780,
4294310,151087,374528,195039,88039301,46787801,54503940,
1278673,53328,59913,30040,28886623,17816426,21105620,
1699275,94544,262078,131289,22982255,13415733,17128680,
4476670,506335,619628,235433,22682866,18305007,29798320,
7159672,731579,635495,444333,30876088,28820868,42576700,
7903285,580448,541036,174965,104322733,68275115,89374300,
7815035,818688,717600,249739,68222231,50141079,60860900,
6990448,727326,681903,262287,52909169,37177227,45659060,
6956737,753364,777547,318676,45829084,35453873,42387760,
9157298,795886,721647,269417,108255330,69740800,71330020,
8175412,862143,744924,251980,68768396,52486279,51000180,
7365408,451750,422567,182331,135425049,85734980,81995860,
2055343,92958,199552,101375,40648612,24491139,24777100,
3483619,459001,783856,449049,16669337,25794231,24611800,
11156118,859202,869779,241849,176760572,116274174,110954160,
2696968,266615,626223,456619,30756239,32844796,38612820,
5786161,273227,298682,164245,126829661,80788676,84390020,
4008401,159565,254195,129036,87397968,51239179,54259700,
2362031,106850,235297,143008,46339626,28511058,30639440,
2059318,101107,182637,95441,41620272,26114948,31064200,
1220824,61321,179753,106105,19357651,11663116,17954960,
712258,65481,253876,142265,5295225,4606657,7648700,
1716538,74311,233174,146971,30854782,17239906,21387280,
4189375,390487,730858,269769,31721577,25714090,34606640,
9556720,972266,440946,181216,72906085,39217397,54188820,
7665314,781829,482396,140202,57691254,40626543,47343700,
9940508,894854,1146110,344077,117202205,89265410,94447380,
13035139,1185039,1595493,284651,110225079,87324828,91104520,
17402345,1580150,1131979,476109,77315069,58782281,56618520,
19022333,1535974,1050557,407043,123866531,88809454,90392180,
17894905,1638707,993033,328056,144670524,103038534,101584060,
12471519,986226,542763,220901,74064666,45686707,47069760,
12122970,928193,490025,205358,88604026,54684859,56553880,
12875980,1017067,499386,205735,120031913,78199649,81585800,
12246621,1020027,472857,199132,76100352,49889565,50022080,
9371331,768076,250732,95723,42547724,20527473,28158520,
14070519,1061416,519541,228079,152656797,99061278,94370580,
13905164,1057920,519759,250021,77521216,38773343,36907840,
13799574,1100831,604408,291533,172390502,125349970,119374320,
4746359,244653,254526,137111,82814735,50518693,48111900,
2233834,99159,172612,95547,46722746,27756197,27143020,
5551460,259330,250385,129696,124081104,77800684,73881640,
2675178,151225,200836,109476,56480715,38423035,36593620,
6148446,436099,648793,288883,89623397,57514190,54830160,
12255223,1139302,643941,238321,97330742,59448390,56747620,
11719684,1094738,745445,272960,153200915,105070886,100117340,
8731916,833783,740942,263916,80967664,51881833,50264860,
10260800,931604,850529,292205,94402344,54940507,52304820,
8308024,852335,774655,302157,74534485,58100231,55375820,
10631255,883460,813849,341859,135195120,88797159,84836800,
3758501,150967,334519,175190,70736739,38522637,37137060,
4651487,101194,260095,136001,103542423,49620309,47361880,
2714971,93397,220271,111562,55481502,29854644,28271640,
2231877,106464,190796,93446,46820262,28412131,38122120,
1552865,64376,242998,168585,27643943,19519161,24381200,
955515,16734,182208,141131,18131183,11724282,16653140,
3566882,70993,235864,117338,76858802,34346239,49395040,
2616998,90728,209527,105995,53772657,29227474,37642020,
1678781,68922,185659,111293,32062214,17759621,25262220,
8416047,457514,217884,109508,200041978,136673760,157012740,
5151561,229395,320592,152819,111631063,67729041,69723020,
7061741,302914,400593,205980,156794562,94229748,93468580,
3316392,57360,193706,104248,71912070,31611081,30093760,
5120324,625808,942413,441158,28781866,32883055,34719900,
9095130,940283,490365,225852,60359757,43545497,41592120,
12061812,1195403,1311121,638686,93962721,77266882,76456180,
8836885,768843,770532,344701,98104841,65189333,66192080,
9932298,868674,870984,295779,118376519,79917858,76510700,
9271568,862844,770567,261935,93079064,72292654,73138140,
8153880,821004,618215,174877,72009842,47613781,45419100,
7101580,642570,720322,326053,81749500,60811804,58075000,
1866673,73409,173214,102966,36870182,20307839,20245160,
405917,41753,152518,95365,1584432,2428106,2852720,
573258,47541,159622,86050,5106252,4336592,5319020,
2270675,106791,40954,19646,55096698,35565533,37975660,
10558563,931426,610946,184816,158137026,107857915,110790680,
5874165,595443,511655,134615,57338181,39981739,39729220,
406962,42508,153862,85755,1590392,2442582,3254720,
399202,41561,156311,89324,1589056,2616605,3461840,
5865234,330634,152792,79216,140140694,96958004,138600880,
1528886,92537,359956,211034,19687815,15916482,21319720,
936083,43863,156930,104576,14718424,7823803,10548000,
1294774,54524,220556,134666,22007003,12089335,19569000,
1265187,84198,239174,133798,17167762,12385357,17149060,
6181099,499827,599766,166863,70252349,42359333,51149400,
10192405,954853,384670,155417,68997789,36499524,43056080,
5522844,579130,618446,231353,35820452,26081193,37288720,
5766662,612725,566945,207097,43404662,32360357,46296500,
5130462,535197,506690,223379,48067855,38281928,56208260,
7540809,682022,514082,136624,78894518,47517093,68481200,
7365059,612977,865939,422291,87460572,59875195,87625580,
6299722,660180,652576,213568,48948859,35918487,51276000,
5923235,657745,728212,193940,29368272,24112159,34396540,
1527696,99394,229646,55674,25806508,20636218,29514480,
4930759,268113,433377,161288,100505703,67492540,80504740,
3360259,224046,472774,175955,57594250,44112583,45018700,
2362442,122072,289335,131232,42984830,27619310,27980240,
4109580,191534,276366,140376,86082965,53957874,54090000,
6327747,308042,523381,112568,128432484,83754031,84116660,
1298604,79090,204959,106155,20739176,15215513,14367880,
3460512,223041,369784,186535,66490888,47708141,48252660,
1519594,60243,194820,99454,26987059,13714653,19963980,
2612092,152835,270912,128746,51086780,34141271,48874220,
842997,11430,32115,16094,19848029,8955585,12804740,
5172509,350402,605865,227582,77216328,52973388,75953680,
9886778,970821,647310,219388,116321798,81693856,109321620,
9575094,915792,566733,195340,94101175,64372548,71443540,
11475910,969610,671055,294121,189375671,141749252,138741100,
8040873,839572,600181,149065,57618854,36596767,36426520,
7353334,819306,698604,230545,42828886,29897569,32299520,
8466807,967915,903610,309068,42740622,32209181,31573560,
6210292,675959,593425,194986,36781562,26798337,26160280,
2522781,61168,199393,105170,52675133,24517068,25069060,
2896955,394036,561548,288089,14369294,18334227,24783900,
583568,59022,219072,130383,2616140,6660353,6599220,
2259771,220990,742483,528238,9850686,17448041,27078300,
1769302,60147,191992,107667,32568202,16736592,26054720,
408725,42373,154393,87130,1599325,2427615,4054980,
331128,6587,38938,23868,7284988,3641982,6043860,
2042181,68776,199368,110567,40768462,20666030,34477320,
1183198,87837,313523,183502,12027008,8497563,13609200,
5533166,240519,341951,182413,121608281,73340824,104742360,
2553036,61671,280390,187623,50209153,25649730,36631400,
401946,11971,31786,15463,7988038,4070575,5730920,
2101869,127883,202221,117343,43431281,32529116,44621200,
7464262,534777,836623,252724,117620735,83110133,110558980,
7560278,843214,366405,154568,36652772,25468761,34000560,
7228862,787317,568577,238433,37967048,27097909,37817320,
6097088,474824,406810,141255,86669468,55458258,90006720,
7467081,687152,633151,227673,75194186,44159210,63091320,
9936283,806385,902343,452351,143316520,112503153,143888600,
8437230,685751,721135,321806,109090825,72940298,90759500,
10636296,931362,719828,264050,136113489,97237787,97625420,
10302370,891674,782097,287033,131681723,90578501,89612160,
3123263,238011,375452,201845,34925444,23632870,22723240,
6101063,429068,491796,227352,78551746,50865755,48762600,
5088988,471034,391813,106402,52040370,31577138,38237120,
6153822,182155,257001,133153,141688419,75995876,75279260,
1314465,49201,92681,39101,29080893,17536063,19231120,
4581210,262622,252383,122481,101848476,71239828,84862680,
1377000,107881,397938,221729,13007396,9669916,11350180,
488828,55561,219416,136643,1826393,2874650,3832800,
266940,31334,123461,65163,1172881,2710966,3647720,
547100,67130,221751,118127,2518050,5247791,8482380,
3564414,106497,224813,114541,77734042,40393486,57970940,
4335335,287532,514273,204322,61183114,35905363,58469700,
6852710,678708,449019,132365,74944525,53506431,79307960,
7486331,801091,361487,152100,81332611,53764470,78643960,
8894393,764695,643309,213330,110409069,79392118,99419360,
7416647,770818,795019,324420,48535722,34970853,42647980,
6289106,705328,727786,258594,31495135,23646816,33751820,
5560191,645961,519617,161387,28618691,20154572,27785020,
7750417,702425,546719,174078,88261271,58537710,67443060,
7855190,806818,805764,300725,56053961,37615108,41699540,
3310153,314330,355922,145892,28503826,18909858,25553920,
796126,55161,174598,98116,10564628,7260261,11114020,
2510956,43583,175859,93737,54019677,23137811,35127580,
4253430,101039,163833,83313,98769807,49651472,75644840,
1800933,103494,209267,109194,35474604,24376342,35557280,
2578500,149727,214584,110366,53514673,36807865,52531320,
5539176,304851,419273,209088,116280269,77963311,111693380,
4391560,151301,120062,51882,103512647,59473010,84864320,
3988843,181880,246274,119639,87345857,53933920,73941860,
7204151,596812,481082,236553,129954006,95524660,127455460,
1966240,183455,534010,261235,19825877,21147973,24075780,
5091326,295519,462149,211072,103281899,72568527,81368520,
8744325,720313,661558,188041,118224830,85290305,96833500,
12740750,1297231,968620,574522,110759074,91885000,93551700,
9075305,1041712,939993,322196,60261718,45900257,44323560,
8418352,856640,837942,342374,82114301,63197637,64358800,
8552993,964114,920192,320712,45656085,34963753,33366920,
8104522,879045,647460,163881,52679232,33380541,31905860,
9228383,722928,752476,350804,131523763,91939472,92432500,
3019986,121924,455238,325935,57258600,43249767,41596060,
1964722,76980,213317,125101,38326251,21177911,21575040,
2328673,82428,230708,127811,46794471,24763356,25246420,
280871,5400,31913,18841,6156731,3242290,5054660,
2083087,100620,175348,103449,42836656,26142149,39600400,
5193803,239297,281365,133414,115937013,71685116,103313040,
2802898,155453,226338,112153,59100321,39769470,57271080,
3426461,199751,876747,658013,53937312,54290707,81532940,
4605539,136268,217093,138317,108308981,62027436,85495060,
7451220,431558,397934,211411,167063215,116034271,136186660,
2958759,176159,259001,128448,61002637,43182998,47812780,
483008,47491,225363,145919,1826487,5893030,7074760,
3254196,160650,725937,580432,57886483,57991996,65407780,
7240016,432011,374963,131815,141364404,93327922,101330580,
12571476,1026976,915827,331092,205394828,150553230,154798200,
10608911,1089746,601919,212281,67575119,43693927,42494320,
8033989,923705,776338,238191,41048720,31613614,30101840,
8773715,924469,881316,317931,69303646,49186483,52071600,
8118229,806994,609129,168954,76296494,49738422,54101860,
9505553,872506,746680,237196,91295335,55879881,53200160,
5784607,431694,385397,172926,92595217,63763052,70034960,
2853521,159184,190404,110035,60724917,41707112,47945260,
828212,44347,162948,89826,11390963,6621771,7164660,
1920050,1903,14276,4808,46914938,18155691,20970920,
890992,52735,181012,101113,11667317,7248197,8160180,
6972288,733300,630420,181316,51142692,30748714,40207420,
14128057,1778651,1595164,717040,115271287,124795774,159170860,
20616773,3036323,2020969,842428,163966597,174768848,183670020,
27797826,5031951,2846969,1187511,147957560,196151894,192319960,
30176257,4926884,2836706,1128651,162915983,212377694,202297060,
27726247,4189158,3017926,1239708,163878334,211360652,201335600,
10056307,1481052,1048364,513142,71139568,81392033,76768440,
17485098,1872766,1370499,763469,143301299,134960546,128607240,
16378396,1953896,713202,378022,110294072,103770270,98866100,
20094972,1976990,1034315,525799,132831619,106168155,100974740,
806891,84502,294376,168281,3139012,6319867,6732680,
9508,1026,6357,1074,47692,172736,238760,
1299022,104827,293744,160565,16009832,12690396,12791780,
3620792,112731,186371,101472,79778634,41570645,61833560,
1808373,62229,42278,23253,42183186,25024492,35374460,
3606295,478707,836127,415953,17037042,25204652,30907800,
567062,4259,26464,13708,13415265,5623601,9119940,
1407189,99890,373944,213895,15538462,12415787,18510000,
166578,17270,158530,87918,1105412,2539321,4186880,
1642719,252245,430372,330282,9071706,13802585,23103360,
3233114,159070,376181,216086,55396648,30105838,50071080,
7361,750,4565,334,36726,129296,215540,
659265,72476,270891,156666,2594368,4295384,7193900,
2772310,105583,238112,118316,54358378,29113630,48549840,
2754889,43153,64105,36017,64409401,29940511,49953600,
4015422,142289,362253,198972,80179159,41600928,69372000,
2199756,82262,42286,19976,52431895,31160179,51819900,
1766475,79358,183943,100446,34730579,20478546,34282260,
3692342,173329,214770,103071,80588133,50623844,84256540,
2753165,106421,36449,16604,66355986,40108300,64826940,
1710219,92987,333894,174180,24705607,14063504,22449240,
3830052,54136,56764,26030,93542563,43082332,71743440,
5157467,226948,263071,170168,116046278,75613609,119649740,
5850639,311151,405099,201443,123397529,81297623,121531920,
2989331,97190,36739,18379,72072513,40852105,66618820,
976853,105549,385602,211108,3766229,5855888,9757880,
318246,2432,6602,1096,7804549,3314916,5559600,
543667,37889,136038,74454,5708201,3787429,6334660,
458998,47879,168574,80671,1785319,2491199,4091240,
45746,6138,21522,11617,216061,605932,1010040,
2023631,95028,328476,191923,33154061,17603733,29441840,
2331753,39211,50375,24289,55839026,26412641,44043780,
4843438,179833,182604,94313,109119301,62917888,104904200,
5447737,199201,365894,182929,114474338,62243935,97368780,
3252607,77141,66462,29298,77987463,39910313,61806200,
2068714,92516,329041,189597,33516694,17564532,27300920,
4086675,108568,48522,21191,99404550,53044377,84494720,
5793513,170743,164115,86594,135795846,72676708,113614680,
3172930,142398,412566,181851,58392318,36865842,52722400,
5344600,180266,226073,53277,121907365,67659428,89223340,
2795931,145958,525796,198554,38228705,23753080,28989240,
1986297,55867,213413,31603,37002058,18099321,19272580,
3114904,117071,256435,72979,54296638,26150996,32365820,
1809418,160695,448684,218797,17942561,16910115,24653000,
14580,1748,9942,2653,65331,233764,353320,
4274538,224206,719659,220846,62708393,39201614,61521220,
1575635,11481,41535,24669,36916110,15049472,24493460,
278310,31398,118022,68299,1149554,1856207,3100340,
686291,68702,209912,99088,2805982,3786824,6298300,
2986012,178536,92818,21252,38621883,18866654,31490660,
4625585,256368,358618,183190,95902188,64139044,106965180,
3861814,71923,57493,28016,91794994,44440318,70797500,
105839,3237,54440,42000,1043594,2717540,4192320,
1532820,125432,431037,224415,12977489,10011816,16678660,
1218201,24853,86526,56364,26098225,12274209,20417640,
1493238,128257,477766,271677,13847453,11984148,20005740,
4204852,378790,481220,234223,48679205,28258220,47061340,
486170,22282,114144,76156,8072307,6210172,9491540,
1121797,105656,425959,223986,10197237,13033458,19975880,
5208861,289994,420053,273314,108321800,68638604,114552360,
4769290,322288,487599,324359,81015921,51606583,85766240,
1747292,18780,72290,28654,39104237,16010236,26026720,
1447452,4894,20991,9248,35155337,13980564,23308000,
2799524,183328,559928,310248,39721445,26015964,42672940,
1471009,22564,40110,21749,34223249,15230027,23761380,
2499013,138648,313527,190548,44551061,28056559,38179780,
812252,33354,131676,62096,14319667,7077184,11670240,
2100903,10879,51505,26377,50084816,20263820,33760240,
829458,88496,326621,182666,3221559,5371080,8931940,
453914,7653,9267,3604,9671164,4797549,7997120,
1771481,115783,383422,237267,26491954,17013227,28422820,
437856,41487,149966,75527,3011257,3013006,4952980,
10643,1229,7266,2092,53774,185525,310260,
1443142,154373,553381,312167,5666212,8254426,13757200,
824747,4745,15563,6376,20405349,8474519,14247720,
3152972,77206,280326,165465,63964014,28700441,47897580,
2615679,79024,108080,48622,58571378,31714105,52774420,
1881131,59064,53653,26824,45000927,24921135,41535420,
1805049,122876,314722,167566,26640047,18927891,31442440,
1069871,14107,53462,27382,24672121,10857537,18094780,
2472528,134253,186392,100281,51702571,34383244,57372240,
2432627,127904,195239,114452,50032495,32378146,53897760,
582907,5070,29404,14394,13601133,5787730,9644960,
4708603,307386,531699,276102,89858685,64301637,105807560,
1687888,67226,95525,39182,38389342,23166376,35584200,
1333654,70454,281560,175787,21972282,16643108,26319960,
3107992,150043,204071,117841,67597561,42855299,71721720,
5098278,251419,149340,64594,121344249,80137495,125934000,
3864772,269306,483558,275941,70466162,54164361,76298460,
7602,744,4720,79,38010,128176,159180,
1480293,111821,187555,104898,26967999,21928053,27870680,
1381049,100336,186545,97197,24231823,18827389,28788680,
64635,6201,29852,16852,817136,1022025,1694180,
1288667,135805,499085,288996,4935228,6705159,11175320,
2691084,135704,99225,49286,63983413,42845537,71783080,
3089666,197008,350316,182259,58881446,42492390,69513820,
4206863,271643,339994,184062,89475135,65380719,100646360,
1741748,86039,56385,26704,42402843,28477973,39424860,
5825091,282580,366119,192341,126703833,81010858,109889980,
259101,27903,103439,50360,1102988,2223151,3221220,
2476516,105566,160622,100064,54900410,32870994,42550540,
3114141,103397,240070,117118,63764161,32452427,50229300,
1669116,18280,53281,23944,39434242,17153463,27097800,
1510634,115457,424843,249638,14311657,10092301,16310020,
1239895,64354,165158,86524,23307173,14505831,22465260,
2679181,368634,480521,236371,12953086,17507822,29192740,
2621714,167192,567410,281116,37836164,25638041,40711100,
750242,42590,139863,92203,14683542,11491399,19275280,
4498104,283237,337538,176406,96073210,71303054,117186460,
2250280,179532,653366,437244,19013388,18720540,29359000,
4039296,189089,187119,126560,86143746,51958795,80514360,
1513693,118670,301453,162475,21703528,17337028,26533680,
19127,2409,14350,7828,90593,392817,653200,
808199,81903,288450,150781,3146993,4185668,6976000,
2021484,122233,226473,119699,39667133,27132697,45221240,
280349,34121,112200,72294,1496200,3105936,5176800,
810334,89178,311818,179291,3159297,5557525,9261960,
37921,5088,25725,15585,201777,695976,1159920,
1014772,49575,185883,106371,15811993,8755120,14591740,
2626993,107726,201937,121246,55495584,31777068,53076780,
3179608,74607,89096,40768,75621508,38347227,63798620,
2174588,109615,367261,193066,35471463,20334080,33924000,
85215,1658,26996,19732,1256640,1939805,3230060,
3523899,191539,427700,247017,67700192,44845423,74882420,
5640800,292180,261275,125262,127045530,83373102,136261380,
1307677,46907,53740,23097,29030211,17385447,26575140,
4259687,281851,358472,191989,87513448,63709560,88244800,
1701655,47233,64084,32042,38954616,20705460,30325040,
1631641,119481,188827,104504,31757801,24498034,41143720,
3605586,227934,271855,131315,76040466,54718087,85572340,
304206,3876,19109,8768,7365466,3447921,5350500,
2693294,126578,354544,199107,48465782,27675067,42662400,
4958229,225950,121968,54686,119549741,76477330,115754960,
4273763,154749,386249,200656,84530493,44099631,67344880,
2845717,91320,233562,132617,59111740,30369708,40798760,
22308,3073,18232,11913,106635,412459,653560,
807100,82960,303036,214336,3137323,4552627,7584040,
315025,14186,13114,4056,7435871,4776841,7959020,
2092286,78105,215475,122105,41578969,22160254,34822620,
2034846,111715,212342,125332,40494880,26260405,40661660,
3065789,145615,90505,40197,72540582,47414596,75159280,
1772320,99522,336192,176299,25669595,14965672,24096460,
1003868,26947,52201,29470,23236258,12298119,20444960,
2389510,157528,327586,172211,41155201,29345557,49023040,
4697004,290345,245824,118035,104932105,75474799,118249680,
3090573,128404,158825,73863,70857243,43320423,66712620,
3202942,166889,400900,202279,59317826,37178818,53266660,
4936390,268519,108173,47816,119587649,82892414,113046900,
1567853,81058,181646,106534,29338033,19002544,25781100,
1692961,114448,312843,166011,27820475,19345403,30685680,
725236,29063,44624,21077,16269276,9771331,16161840,
803647,84447,300159,158189,3124115,4670094,7691240,
82467,3147,19276,12099,1507723,1017292,1695500,
642468,69705,263819,166615,2557761,3913133,6654220,
2628978,133469,245923,116304,51742062,31832552,53033100,
5791724,441011,286033,141828,119161721,88080873,146649440,
6147218,484074,804610,381862,97988470,72155339,111601360,
1683665,83689,177324,93061,35007851,23460463,36122560,
1260005,40465,182076,100145,27620830,16253707,25268200,
4579189,360420,814398,555477,57688394,50566239,76022440,
29145,5912,22884,14316,171180,896639,1445480,
3717443,246389,340354,179880,75311483,56477690,94455780,
7244351,455369,354203,168765,164509896,118691434,162461420,
5323530,265746,353974,188395,115292557,78683665,83467200,
4747450,283938,403020,206461,97736935,68318048,69884860,
2878912,156033,73038,32963,68580182,46716299,46764480,
2070784,121075,305641,170107,34220105,21931162,22241920,
5409740,317122,128266,53764,129741052,91944953,87994980,
4485679,243400,181215,94125,103615246,71283266,68146480,
882651,100784,370588,216197,3426860,6472450,6841780,
1689837,10040,57512,31783,40136504,16598016,16736980,
3749875,174074,434984,250174,71870488,41382324,51692140,
169218,9221,106315,77712,603866,3276741,4841920,
652058,49853,169432,93315,6952488,5393956,8353320,
4674512,301121,376641,192633,97710359,70046416,112780680,
2262818,121463,194214,100821,47428394,31844932,47816200,
4775715,250015,448201,256408,98058961,62327204,89506620,
2564819,92669,151576,69440,56158276,31722644,47025580,
14219,1667,9236,4022,62902,212680,347420,
1793861,133797,401812,241776,23876482,17237763,27418440,
1414614,40873,45662,23678,32183289,17423316,28403900,
1585873,78481,224216,124816,27765482,16226630,26965980,
1396109,64038,135289,75981,27285086,16008439,26496480,
3110179,130846,235583,124533,65869180,38339162,61073920,
820267,84876,305706,171440,3206612,4782237,7363000,
770936,45564,33100,17032,18982311,13726230,23127200,
3825999,181741,242131,125457,83386408,52329560,86949780,
3711537,158191,236651,111138,79896435,47084850,72861640,
7555,773,4755,471,37807,131948,217020,
818041,84452,300771,170853,3182222,4526496,7544000,
42790,5393,19816,12251,188600,631545,1054080,
354699,38162,136993,73524,1354779,2059945,3433220,
1778632,154791,456554,146746,9183800,9855988,14912200,
6599651,544046,1231374,158821,31148379,27401658,39141340,
9328252,697994,749374,344700,35006914,28049456,40123580,
9272059,780813,586772,212592,40791997,26075319,37203840,
8828979,645253,496946,150142,37355886,23997515,34310900,
7397626,508380,548021,195939,42677187,29243900,42046580,
9251128,580174,272311,72272,52048706,28524829,38016400,
11416983,903385,741466,297862,119026288,87024349,89496120,
14410751,981684,860734,239698,127444342,73768692,71388860,
13261935,986758,502595,214574,56896188,29946731,28555180,
13580513,958466,741299,356176,184452189,126568573,121913240,
11768719,853118,555592,255305,175096545,120551019,138850940,
13368755,993859,804167,378237,108607752,76310038,75372420,
13995391,1304613,1052137,518576,71096794,56389400,53697120,
13965673,1009768,606309,319844,106968664,71006873,67808000,
14934280,1225209,1427712,868202,121159294,106506745,101277100,
11319813,944854,512173,260568,63437034,40345640,38467400,
11180897,881379,1003284,479897,99428262,73551322,69973760,
10075216,1022447,451719,132237,89319252,56207373,56010420,
11145134,895304,695577,197092,138674771,91315662,89589280,
9107353,824823,940109,416865,94400236,69580413,65969460,
9387655,920126,809389,301687,98194710,72494484,69051240,
9643721,890783,916363,361709,100341550,66686622,63829920,
6605442,682184,535574,189330,62505678,50627074,48218220,
6924861,751058,524059,129632,42841652,27204550,25880540,
830466,94446,327429,177594,3541178,7861341,8700820,
2105813,41829,84298,40727,49519090,24685780,27901120,
819909,88745,304475,170147,3789837,5498579,9210840,
2774324,69708,66766,32258,66828049,35365881,57407360,
2280977,19108,33932,14586,55230043,23924692,37489240,
4145162,179550,458695,246252,79685672,45175035,58268780,
5458118,220796,275556,143124,122901573,73591353,73682460,
6429024,299253,397812,198155,138890390,86823963,82729860,
6284302,189412,116800,53089,151055151,83487931,79440720,
5628974,175871,112883,54456,135311941,75942887,72327420,
5452065,265580,405545,206549,114949573,74002239,70477380,
761928,18082,54088,28134,16453708,8171794,10074520,
1166284,129749,423414,228187,4837956,8235218,8882040,
6196410,753986,521060,117041,32583556,24841998,25826300,
6550387,719133,331527,80319,29900066,23533180,21544580,
6642952,782034,851954,272797,31724196,27056232,31805280,
6886245,726659,668283,238117,49400872,35456471,38576700,
7919055,866367,940433,416259,63515791,52772718,57376300,
6750920,727696,660293,219383,42232203,32569198,36098120,
6279742,579888,444507,142032,66526135,40164495,58566680,
6519550,746190,770756,282048,32356376,25905482,32152560,
30754,4493,28629,15009,160279,738972,1106540,
2211129,132569,326240,174382,38166091,25347459,40563740,
3113369,132735,143773,66194,71896117,44443935,66546880,
1289129,74892,47479,20895,30078161,21520142,33782400,
1128603,98618,305111,170042,10855885,9542480,15906060,
2355041,122087,203634,108277,47737417,30060362,50131820,
3059935,192745,444998,235445,54947596,37933501,63295080,
950475,48926,69405,31275,21606416,14460489,24179100,
2663676,113940,72706,33136,63475128,40413795,45821980,
4122173,254590,389095,208929,81741254,58400107,58273660,
79935,5896,42863,34937,293369,1951008,3250220,
629821,68113,255920,151513,2446512,3812275,6345920,
5014365,430086,560476,134209,54456745,36142310,54983400,
6534640,657671,181775,45181,66443205,42585972,66460900,
6214243,608954,571587,233459,28987874,20951826,33925840,
10063728,1027996,883770,339791,110889817,82356798,80165600,
9318433,838121,905970,394827,110194309,77930693,93494540,
10262157,1087747,1153902,483143,89441772,66974806,78750220,
7481175,615561,547181,195598,90951363,55896669,63448740,
10055888,870376,1349246,750989,120231774,105915431,105949000,
7770837,817581,661371,251793,60440746,47321702,45884220,
2364014,223529,303246,158577,22063547,18540322,19271660,
421529,43900,163125,92509,1653789,2683180,3350840,
5810825,514682,322718,53406,68880433,45799636,48291360,
9864400,629507,642378,267257,204248525,145405947,140475580,
1802538,91712,306869,173135,29850241,18080654,18222560,
3006040,103742,240748,129600,63679765,34405314,35579820,
1623343,54888,190328,97263,30177902,14773897,15561980,
2495303,72825,72240,35504,59696435,32669695,35093860,
2810539,174922,365790,192726,50616693,35270021,48909500,
1172055,38083,59229,33211,28082382,16131975,24975060,
5054506,200491,298056,148839,112913510,67050208,78374920,
5091521,406412,605034,220493,62601716,43424792,50838720,
11875232,950383,325480,92635,170190644,101954960,106703100,
9104146,868943,727235,266864,85380025,60809665,61909280,
5938625,622028,640673,294492,49455863,41273168,44714140,
4699608,539823,536296,204234,23969445,20029432,26875280,
6512717,759813,678511,220386,33169868,25059358,29953460,
7561876,808512,585366,147004,56644293,38947575,41793500,
8513539,872860,864954,320779,69513714,50585118,52139800,
2156418,248951,197216,60288,10865648,8482347,8764900,
1159243,43993,121259,69302,23686997,13083349,21138060,
5788436,312412,341766,159523,126978570,85812296,114184540,
3770427,128958,64689,30865,90661992,52849833,58471960,
3179174,130831,365180,186259,59898369,32846501,37041740,
1947378,53324,192278,99290,38213638,17408043,19010780,
1299188,45264,164907,91622,24363010,12071236,19124000,
3266279,102590,276699,155108,68102758,35038609,41264940,
414204,8336,67865,49265,8314405,6716804,7134360,
802960,83080,290827,158773,3119906,4586665,7638320,
7351,712,4301,71,36751,122019,203320,
686012,37638,117521,74856,9717735,5812929,9789320,
1516749,155824,320538,145513,8357855,7556914,12529100,
5403854,570124,293231,60803,24409826,14470159,24070460,
6672625,761089,742083,279327,42908305,34315588,42864960,
9971633,877103,767508,276690,115056882,74553158,80197900,
3346967,380816,357123,136632,16935011,13706007,17914260,
1706703,146923,529231,301086,15451780,13892033,23154920,
268260,8036,36238,20001,5525532,2964279,4882780,
2383019,147868,328044,174030,43087655,29438886,49313880,
3470299,120303,131035,63330,81163547,46186168,69749500,
3815979,101458,81024,33580,91000776,48071833,49997920,
1107111,112932,423742,243679,6331305,7811115,12222240,
13661,1693,9803,3393,69037,236233,386840,
2151913,115192,185754,101817,43637415,28516554,47733480,
4591535,210145,372731,185681,94478887,56461224,71643160,
5091330,128994,96915,43192,123050037,64050260,72080420,
6324180,549774,1032070,580195,76630450,61574288,63640900,
3064158,67765,149292,84900,69933763,35872974,35373260,
3897412,344064,802086,576509,46403267,47902779,46041300,
4261044,166200,208979,115636,94604515,56782371,57796860,
1631012,52115,86934,40621,37237266,20869151,20453340,
818892,87509,311660,167407,3190436,5725091,7626420,
22936,2939,16858,10878,109202,479293,539860,
427532,44836,167799,110807,1759275,2887814,3421180,
852812,89079,288068,164317,3326511,4746544,5560140,
9890,1207,7243,2093,51257,232516,291160,
908830,85940,378962,231935,3459788,7424544,12373920,
9946,1334,8009,2294,50684,240283,399000,
404535,41965,154501,86517,1584489,2574191,4277720,
1729007,143331,547188,220420,8631481,12064986,20063180,
6765927,452053,291063,41537,26995628,16121338,26869180,
8168813,544356,519839,261745,33017977,22193817,36990780,
7299919,419565,208899,78832,29982996,16122450,26914340,
8389541,785333,753180,192784,37577246,27809703,46316700,
6579616,741241,758847,212422,29765632,22162144,36910800,
6529167,756177,214664,84279,31240441,18277039,28988000,
11808231,965370,1166338,457294,169561066,126245885,128842160,
6156884,633892,448776,104143,44189502,25997840,36749060,
6535745,574837,600677,244322,73713377,50081727,71441680,
5776715,535766,538071,205592,56892810,34560416,52260400,
5556144,546083,423746,125563,52057232,34983735,47260800,
6730375,774283,811876,318652,33686982,27815825,32128120,
9807490,720150,544641,159868,131999984,72249699,72193820,
17423202,2184955,1482807,689532,177487107,158013619,152056780,
20312357,3113430,1596627,899729,170525037,153179796,146363960,
18439584,2321018,1228636,670825,118981548,91836667,88053960,
12346845,1226449,656841,352479,110549264,82300170,79790520,
921798,6519,26856,15399,22121468,9283645,8859020,
673335,66239,259204,157345,4187448,4840301,4628400,
3969435,172788,374592,249356,83687356,56763762,64724000,
3858111,146796,69053,30874,93316743,55183651,69027080,
2243690,143785,337912,179382,36725628,26122614,29170720,
1331984,10049,27047,11710,32451289,13666947,19033660,
5266401,199369,281566,124682,112491504,62231687,90635640,
9082757,881502,649005,263190,78289891,55962418,75731680,
10979464,906858,471913,129718,135665839,86617843,97379540,
14032924,1110631,1085854,474939,213998328,156526901,153937820,
10108499,1006522,831924,252048,88799510,57514354,55649400,
7044668,758113,752216,231085,50865192,41101375,39352840,
10850986,863062,1231999,625701,155701598,129803431,123441360,
3708831,395403,508959,105490,20321899,18313665,17382520,
5362679,331132,589285,239592,104218747,76405600,72952520,
4867265,209660,300472,91066,100938917,59824745,56867300,
806228,25265,56618,40818,13735320,6623443,6326360,
1127939,120694,416874,228683,4399810,7628283,7237040,
1291623,87328,375410,59687,6370537,7439230,7099620,
5671206,555073,802987,403432,69040514,56656812,67456640,
283388,31682,112779,53483,1154752,2423701,3158640,
312442,36421,142021,96581,1723811,4966575,5544680,
2345720,122927,478871,260007,39152403,26679947,29621660,
2163266,319580,461149,370560,17585323,22208894,33890500,
4517269,189189,244382,129660,98446592,58924159,84656820,
2617667,52732,187297,95685,54858820,23902636,36960560,
260900,6575,16892,8341,5990695,2900081,4727440,
2174600,130546,458293,258468,27468946,17085786,27520440,
2181005,91234,95688,46227,49743832,29613518,37708560,
2952847,169220,270123,140919,59426332,39934795,61597920,
2478223,150662,174344,86949,52795099,37036653,57968020,
1612155,71475,57913,29803,38071036,23876406,36706140,
828982,88298,317743,169292,3227585,5404048,8700020,
7858,813,5104,417,39134,140575,217420,
1204507,61618,191452,100392,20710250,12138538,19720140,
405533,46607,153254,74480,1553808,2581919,4253660,
10333,1138,6884,2088,51827,178474,296100,
1231992,130202,451876,274675,4875068,6626281,11110320,
2190156,35422,140967,68324,47663663,20175667,25700200,
5726001,510527,564424,172779,48343867,28221266,40968760,
3310572,153922,216723,107700,71665078,43498064,71714080,
2594295,51986,70408,29079,61612682,30207613,47438100,
4546154,252459,474543,251343,90046596,58319555,89988680,
1041049,13714,39958,17350,24254533,10845231,17344420,
5526478,256511,287674,145609,123546078,77011951,108589180,
1012305,46431,144923,80730,16181460,9386224,13547040,
7434,711,4458,22,37170,123920,205120,
1666349,147064,529375,311851,14196265,11920857,19968540,
2816783,112591,110302,48449,65674024,39001208,59655800,
3047242,118472,280292,171866,63680341,39557576,56456300,
1968854,103755,203836,107098,37815387,24217268,34879660,
1166196,31824,32998,15809,28597916,15324672,24078700,
6510923,408838,543705,279468,137195383,97665662,140422420,
5650975,223715,173643,82038,132993471,79590384,108581140,
1287073,56647,200703,103829,21830494,12258264,17289840,
989048,68328,185142,91363,14977182,10791901,14413400,
3004959,152192,73656,33139,72000626,47587309,63422780,
1224091,133507,501570,295022,4715081,7355602,11332000,
473869,22913,65985,22382,6746939,3645278,6043400,
2477171,87049,265347,142786,47823181,24382297,40704640,
2627453,128194,231153,114192,52744595,31424182,52306580,
36566,4574,25642,13995,161310,566211,943760,
3835845,237029,394650,201294,76661380,53332524,89074620,
3059394,89684,77210,34017,71505845,38978585,64778200,
432868,46800,171102,100114,1692338,3015354,5025680,
415165,42625,158189,95938,1630804,2383299,3972340,
7435,718,4567,73,36961,124289,207100,
1156099,119662,424812,261408,4490416,6191055,10317080,
1996083,77161,61504,24416,47835672,28370178,47527680,
4859862,459007,597568,312431,61518734,45486844,75886900,
1739781,138974,577348,317730,19266892,18544748,30636620,
3274746,87298,189782,107823,74335758,39101226,65165820,
3886451,217916,487237,250228,76351938,52678076,86802460,
2683218,201956,536980,407552,27186890,24371287,37348800,
418619,45595,163050,92169,1652066,3750969,6238040,
1904151,89699,215180,120214,38020307,22582382,37888380,
4031458,81983,101309,48649,95486376,47241856,62448000,
4335449,234187,469944,265128,84102589,54484956,57985500,
3962783,165756,157580,67805,90325428,54802382,62713560,
978599,82618,244525,139559,11818059,11604775,13321180,
1885105,80557,261596,148509,33956623,21083203,28564900,
380553,10425,59589,44418,7113264,4320029,7174300,
964805,90077,317794,179829,6025996,7145445,11875480,
3720160,206787,80529,37738,90499298,62431206,104310600,
3377890,179931,313325,202798,70838703,50713830,79069040,
771001,73672,271153,142163,5933626,5766298,9617540,
1533054,52248,78268,55835,36428065,22993040,38561680,
6272485,360901,586729,341390,130916625,95234060,136265820,
5560702,317004,302063,150429,122658089,84027635,107796700,
1539485,89363,115441,71422,33091522,23291575,25462260,
4395914,200218,407035,211990,89864929,53061446,56416080,
676325,23743,24326,8687,15633876,9192477,10967880,
1150051,127351,488290,289746,4408316,6642793,9484480,
2890649,163219,70052,31865,69677613,48561617,69487760,
1157924,42104,57574,34347,25764700,14919166,21450680,
735215,83192,289505,156583,2841519,4459916,7239820,
828906,30319,48599,25334,18897032,10738516,17791760,
5423887,337477,626369,395895,104209703,79599674,130143180,
1151887,31643,140498,70981,21873409,11650084,18425480,
325919,36576,128953,81821,1226281,2004944,3374000,
2506799,103976,324949,173777,45574069,24079595,40098360,
1191680,23624,45422,20479,28150418,13711219,22851980,
982153,87667,453409,318977,3700037,9550903,15945220,
1835630,91977,225860,123552,34404132,20749941,34564980,
56704,7251,27495,17344,251920,797082,1328480,
2057413,139554,347064,191559,34400866,23727169,39781800,
3629124,148202,105753,50062,86286591,52819325,84893540,
1978177,101811,283655,155432,34497281,21130534,32746960,
1452276,76167,259524,121444,21796140,11803517,18107700,
6468,633,4254,71,32340,109514,168520,
802612,92326,311445,160237,3486812,5400413,8339500,
865872,4763,21066,10039,20312505,8303547,12751540,
681385,58503,345236,259250,2554352,7741161,12961500,
292946,33627,116888,49227,1101568,1744744,2845440,
2828462,159309,80036,39698,68934950,48099145,75227400,
4883437,279839,452483,222357,99086074,66932237,102871580,
1001287,51859,31253,11511,24983900,16966739,26593920,
4709535,243659,368112,188161,99941104,64753063,100018200,
2954633,147217,306108,142765,55993467,34831907,50523840,
6255881,539617,341943,160989,110335541,79336844,111046000,
2032374,210167,693118,362950,15331351,21470504,29437460,
1154677,27165,105873,62980,25919389,13823543,23223980,
3870468,173660,377223,202930,78868274,48912623,70401060,
3915297,240147,696041,480188,52575359,38615315,52863260,
879648,16750,60459,32839,18931759,8842698,12603480,
995259,110496,418107,235894,3855149,7287294,10589700,
312319,2019,6264,1084,7683156,3216119,5393320,
2699010,67621,203079,103162,57024905,26529514,44313420,
2963268,164940,466927,278872,49569352,32714638,53012140,
1521532,49073,82058,60392,32243034,15525261,25684760,
2661799,132733,369757,192839,47161514,28221856,47047980,
2734461,94556,73338,32667,65131157,37428008,62327100,
1160271,68209,201576,116303,19091029,13113628,21842160,
1815350,71437,207526,102612,35285577,18816779,29978340,
2467263,56274,76671,37869,58430136,29790923,46176360,
4178614,254354,361374,187652,84634496,59203798,92223000,
3546556,168184,173498,116010,82219431,56964771,88060380,
2473159,92889,210140,107905,50263902,28170403,42870180,
3331502,176137,576023,338453,54571450,33074106,48692640,
4940779,218560,284036,169568,113621740,74061416,110898040,
2922751,167399,370918,203610,53041230,35738472,50948080,
3950142,218470,140410,67299,93059688,65358858,88569420,
765961,50627,166802,101393,10419312,7400552,10049660,
980868,52618,169301,85561,14723499,8728658,11743840,
2642511,104269,82910,37987,63039674,38011756,58493020,
802823,83045,297000,173477,3119549,4730173,7657760,
6384,618,4217,104,31920,108816,181340,
4572411,233689,217648,105939,103554344,67812834,113283100,
1984421,117578,351338,183625,29690276,18931975,31327600,
247774,13764,27477,10201,5114319,3452151,5705160,
812033,93533,320575,179695,3163042,5647064,9411800,
3819256,175266,83598,38210,92601837,59380958,99113500,
1304411,83273,174467,93477,24408658,17770517,29689180,
3111227,159706,257606,123760,63615780,40636456,65527740,
1819195,92365,74392,37320,42319571,28254979,47152680,
1664083,151874,391460,243498,15570146,14052185,23360640,
9987,1191,7009,2281,49775,179678,298420,
497803,53038,161777,87564,2050920,2801154,4669940,
2383068,156607,327706,175805,41363779,29163225,48766780,
2010389,44972,110370,55558,44569058,21112098,35185440,
5517039,353647,585115,315229,110340160,79049493,127792260,
3783328,85289,101730,49162,90345960,45164279,71672160,
2861881,93214,199342,106805,60127008,32144432,49312540,
1967098,118947,211501,109982,37977548,26152718,41139780,
15741,2091,12718,6165,72795,350869,577260,
945813,88359,400701,267671,3643480,8059954,13044140,
1745082,73656,205689,45834,34561696,20916877,32315420,
1785987,85420,541216,339672,23525677,22564449,34664400,
1465199,152688,521463,185837,5912477,9955650,15233180,
5011331,477883,759826,322485,58420410,44376062,64075280,
3099176,226296,628342,280798,38885294,29641583,33958980,
3528320,172477,326234,199597,70813761,50193791,56558160,
681223,38605,213053,124165,12087895,10559751,13370140,
5971559,505361,1240938,629463,66273863,64148596,79367640,
1849370,37527,59488,30186,44269834,21779695,26397600,
1640697,71283,262203,151669,27259949,15043132,23229600,
256046,26863,92869,39380,1027897,1831324,2866160,
139148,15913,64333,43908,584280,1321839,2121660,
2373766,144112,523342,341746,33844017,25253343,42133660,
3400142,90685,207511,152112,77403230,44094313,73276120,
554345,51663,171537,99166,3428386,4424781,7380100,
684707,94647,224404,147321,2659590,5076607,8394400,
1470577,64480,79564,39659,34842235,21883106,36595540,
4292841,193695,384141,192124,87351482,51786254,86383180,
4849832,217420,137631,61810,115497394,72473179,116349500,
1731281,84467,198108,120342,32656632,19948518,30651060,
416548,43636,153881,78632,1621953,2332441,3643180,
60011,1425,51463,45109,212308,2143972,3618380,
1244424,123700,465290,282296,4798585,7001083,11620500,
1801257,60097,57426,32168,43009487,24145735,40424180,
2153015,90403,226766,112113,42242018,23733164,39367160,
730995,58327,244248,163458,7481944,8718847,14591600,
3053335,65858,45675,19110,73019239,36908614,61567440,
4162372,186685,388634,210128,83703348,48626457,80929500,
2525135,25994,54383,23945,60806677,26416708,44089380,
863605,50000,170318,105745,12186172,7780652,12908740,
3064196,218240,291164,167586,63197159,47705616,78427060,
4006107,184449,123252,66934,94496548,60942202,96579960,
1580989,141667,534423,326526,11332869,13198524,21883680,
235579,28443,88388,51467,1293827,2420377,4033980,
428847,45661,175492,134336,1692612,3008702,5014400,
432088,44676,169098,100526,1727424,2633698,4389340,
3764608,212961,84030,39031,90838934,63220155,105278280,
3895996,222151,390560,201661,76452359,50771371,78868820,
40261,4825,15191,8967,182534,524244,871340,
2189273,93876,156852,88118,49007175,29242489,49127600,
2291621,166842,279369,131440,41309107,32088933,53097040,
833168,12371,53047,29113,18750456,8311728,13850720,
2811332,196192,730813,458910,36460733,34330463,57265860,
1006629,13320,84628,62649,22662085,11228915,18666820,
1930493,126214,196408,107246,37016325,27313817,42332100,
404805,41681,147822,77695,1579109,2173136,3351440,
6216,616,4093,154,31080,107270,178780,
802363,81843,295088,169469,3116580,4195197,6992000,
28954,4488,31179,20284,153508,889212,1482000,
1170295,103697,328034,118990,5970793,6863872,11474400,
5890983,444256,783229,128428,25228146,18649900,31083480,
8649886,566937,249322,95109,121136977,83626013,122009000,
10443076,833230,887261,434819,113280501,81209018,108047760,
11728133,1102854,867880,389613,85936942,64532830,82653560,
12406647,901420,509374,230514,142102487,99368477,110290940,
10665501,793332,845386,415580,92623848,71364458,76824320,
14836097,1220301,809373,512630,173292291,134392279,127949740,
13875188,1079596,740908,319828,187565049,136369428,129788000,
14344683,1005849,476324,187003,93387868,47417470,45122780,
12997978,1114527,816711,350107,59799142,44426516,42426320,
20052889,2191966,1305713,497349,217336089,175278225,166902740,
9008569,920914,508519,158700,46848497,30922766,29149380,
9532544,963551,1053384,388299,70612590,49108415,47215720,
9053250,778413,602705,215325,128755975,90408601,86181520,
7432522,861329,728743,246439,41597129,30829532,29282160,
8931485,1019007,988689,349905,45131005,35145264,33471940,
2250546,233796,300289,153966,13558584,14089302,14046880,
868374,85842,321237,186335,5418401,6337656,8078040,
232603,22658,78002,33531,972651,1451279,1851300,
73372,7476,29029,16702,280038,777980,1037840,
2312280,129411,352530,199351,40206328,25087755,38547840,
829322,14492,67801,37325,18681292,8586031,12295580,
3142938,137283,392752,224343,56861728,31306771,44791740,
1297075,76795,183356,88130,24249529,15799328,22482380,
425735,14968,35800,21437,9054145,4738871,7217800,
1012110,89409,487495,337999,3748536,10205354,14852260,
7560,726,4939,106,37800,126822,181280,
1598776,114092,187299,107084,31477521,24275055,39917440,
3653574,232997,291835,143678,77137465,56276541,89366760,
885935,92431,134895,16695,4653377,3499521,3852120,
7292206,818014,685735,305980,42072240,29096816,44414500,
6235867,614726,169398,56830,59465582,37370431,61948660,
8032562,696005,720124,272983,91943886,68401134,72291880,
8556310,923220,793297,254191,59585313,43182131,41107540,
5832373,688831,499649,137792,30149746,21004206,27229620,
6553645,711677,754279,289692,40431825,28917651,39827400,
9118565,700011,583896,236680,146521733,101493026,118131440,
6969317,788380,694074,231692,44234974,36279887,35782100,
1962459,235039,337065,164584,9286335,10498495,11014360,
3059863,130048,81512,38584,73276335,45647356,48601000,
1734993,111890,344877,186804,25339218,17800191,20042660,
2414928,63336,78625,35193,56873402,29909219,33332640,
1869101,115314,716560,534543,19117755,24520698,34025840,
966835,106978,335403,189295,4453309,8338267,11568540,
1382617,5716,34689,17916,33328342,13336413,22276780,
1593637,110984,355476,187575,20143676,14123081,22105580,
309023,17006,40587,18855,6289221,3433297,5851880,
2790772,114206,225833,117063,57986683,33748498,49719820,
2952089,125282,262733,144796,61734928,36260021,60140160,
4112224,219581,127447,58742,96977569,66995338,106531420,
5863385,607710,698992,262222,33368912,24658399,34150420,
8828066,839319,228456,72913,77491586,51766805,70488500,
9159289,862866,915917,289203,113795718,84812512,112083340,
9096313,1103654,1208403,480080,45933721,43974492,54954480,
7686851,700379,533658,178816,89206275,59480594,72745080,
9855548,923070,1088952,474553,97886674,75294552,75358200,
7172928,792483,889200,336253,45749121,34437377,33993900,
6335297,672750,793970,455857,29222936,33273475,33856260,
2319285,119928,202607,115947,48280042,30868250,39246580,
1194577,33078,58810,29165,26943687,14625025,14724640,
1491791,117752,417789,246105,16034041,12167951,20280560,
7168397,561543,372089,79910,114705988,76969261,106780560,
6955173,595360,721331,242593,99481753,71346945,91123860,
452602,47873,159525,81257,1780849,2614594,3987340,
6468,625,4093,80,32340,108058,166320,
1057649,88405,314780,172065,9284312,7495734,11621320,
6344331,333795,176833,80524,152150942,103782564,148392180,
1527736,77804,202780,106946,25830490,17073390,19926740,
410314,42755,158692,101832,1606188,2495570,4042420,
33501,4975,29192,17334,174883,892181,1486800,
2953049,307967,485282,257289,17053354,13832848,22967220,
6039239,504476,398878,117149,64356223,32671769,50384140,
3899801,194742,365710,194268,79184471,49363799,78065700,
837701,89482,314728,170074,4839304,6171622,9461720,
404425,22846,15273,5247,9724021,6806597,10533600,
1651639,106632,343917,188621,23056340,14968379,22966380,
14620,1578,9391,1960,67067,246746,381220,
883150,59551,185369,112371,13041582,9106526,15322820,
3305346,173293,316860,174875,67386958,43113713,71773760,
700792,9205,39144,22339,16067831,7397281,11479840,
1524712,94516,329495,177273,20187811,12317748,19632740,
1982062,85063,54445,25072,47519074,29253494,45592300,
1535286,82488,288416,158299,22280430,12311988,19931840,
505837,51591,183598,90753,2023569,2828051,4713500,
1346365,41157,47243,21716,32288697,17693796,29556860,
1595190,105427,313824,172184,22815800,15009955,25027880,
625492,18389,32532,10250,12908130,7175223,11912520,
3248266,116250,188836,96970,71373388,39119875,65341760,
4390392,247208,310660,144452,95082833,64272938,106141400,
4140613,165408,118453,50799,98586975,58965206,90466240,
2713748,180441,362708,194440,48238634,34747867,50571500,
402575,3612,21135,10132,9340975,3991008,6444500,
609102,57162,272693,193216,2331460,5783169,9704440,
4738849,311178,386452,177304,99133864,72445971,111830140,
4934175,250708,365786,256051,111733048,82356916,117628760,
2626138,153971,869886,671068,30002164,34096825,48622640,
2793570,121347,93512,39950,66051835,40772488,48673000,
1662053,73643,171053,93955,32205057,18480675,26264420,
3714079,223732,252291,128239,79981107,56246465,75547480,
1015326,61475,50877,29667,24147158,18408942,24855500,
3441283,121951,423951,277207,64182839,35115189,55023380,
1307984,61207,236898,169732,19540027,13685937,21256460,
1097377,88806,259610,167587,15490292,14651934,24791660,
2531877,198355,511657,281369,32324460,25780161,40456240,
3657143,402510,645221,361749,30920748,28905270,46333720,
3296882,189157,1164613,834207,42764466,58051939,80998800,
2835178,154043,429934,167855,52800918,37250502,54837460,
6063568,442949,760982,441353,112417625,90028167,112808300,
5073476,357827,797286,448363,79193134,64081575,77197500,
3546201,186090,304226,93768,74512491,50762545,51308420,
1763845,198060,533311,323455,7287914,15145940,16468940,
1405058,83772,189880,100506,23774529,15707688,16453560,
7730688,327546,375232,116241,168570346,104068346,102297260,
1677402,162434,715160,286655,6993210,13265862,12602520,
2417107,85546,86580,47521,57277110,33574011,32431080,
4971981,191587,326008,167835,108377752,62434015,78786580,
5675396,224550,276618,124200,130282893,76814112,96404040,
1627735,40908,77531,38759,37492599,19605997,25222060,
2853675,179592,536461,319134,47379706,37463466,49053960,
940240,18661,34190,18161,21675725,10806523,13486900,
1962351,187415,330421,173825,8543996,7230752,11989660,
1181918,132132,262479,106456,5861161,6752126,10854240,
2328411,68658,59371,32791,54233448,29708231,49453300,
1205983,122494,433139,249199,4693128,6450787,10751880,
2056144,99384,104218,63959,47416733,31755094,53026320,
4233660,162897,328100,191354,91549011,54712257,86194040,
2984861,102263,247056,121468,62677735,33139749,51922040,
19506,2348,14103,6191,97070,330003,536420,
804482,84530,304452,163821,3126900,4759959,7929480,
1564940,88706,25933,11042,39143336,27699548,46280900,
6343249,392001,403506,204790,139157628,100002958,151049840,
2091040,58491,181471,95580,42345477,19903364,29187520,
4719051,224696,134692,60734,112448257,73098912,106963840,
1204480,125565,446858,236770,4685057,7045879,10188060,
2322362,95242,59111,30272,56267017,34238120,56962460,
1547393,77884,293788,182206,25732279,19270109,29919340,
404913,41937,145145,75458,1579355,2288414,3550040,
9412,1045,6340,1987,46852,162964,275140,
833077,85953,307674,183792,3243327,4779335,7965660,
14901,1928,11351,5595,73107,325135,541980,
792584,51765,159963,91510,11117668,7240686,12191020,
1123263,70403,216674,138035,15910637,12821509,21246320,
6174,607,4012,126,30870,104656,174520,
1399804,139184,493429,283544,5505288,7559653,12599540,
6216,606,3934,39,31080,104100,173280,
421037,43478,170542,98855,1708320,2534494,4224060,
1700622,156129,619804,196253,8595190,13387974,22417280,
3793552,293086,500816,28126,14653199,16026131,26663920,
5831750,503240,504281,238272,24076876,21993968,36656600,
4780065,494972,224239,93391,20906771,15828637,26380880,
5816162,497476,770907,531796,23644338,29367884,49004740,
7447518,642885,894482,618305,57253771,54984669,83437580,
9408040,652509,688203,472076,57329280,45409032,64662860,
11086532,1125960,1570832,766898,50727289,55050386,68322040,
7428606,734162,643545,318375,33359149,29966666,37117020,
8124690,844188,923433,506444,38074153,33793523,51798840,
8027574,680021,635277,329307,115688459,89061984,129898660,
9839845,733011,551593,222448,160802579,108195029,127167640,
7947195,882827,877461,329529,47716969,34539319,36490180,
8953578,855664,692129,249418,83270512,55025469,52282600,
6596018,438810,1273865,897367,51771707,63795685,60845880,
8276161,726069,869748,432332,81432377,59156508,58003920,
727190,12352,42618,22747,16838319,7898927,9472000,
3979948,244851,599253,321124,66661847,46148059,53409120,
1516136,44885,71746,37423,34887332,19348065,25192020,
4886448,159056,284062,141573,109933715,59786033,79508640,
2716416,110129,233364,117627,55364926,31647235,35300920,
3826533,153089,123751,56745,91223740,55490486,60419380,
4210166,269043,428482,242717,85029360,63408681,88436740,
6403160,349090,154186,72151,152507994,104791200,119984960,
1160771,43158,199072,148217,21819188,16801096,16880300,
4753998,252807,312050,160149,102273881,67747249,66304720,
7737065,369511,223092,104494,184408906,119376908,113632660,
1789468,185935,519481,259493,7763259,10064025,9603940,
8374951,959325,416400,124145,50243143,34608888,32968060,
9424455,1024143,576830,171135,44699889,28914961,27568660,
8437051,968708,886450,290817,42783457,33018026,31425500,
8118213,828431,639635,243306,74917705,54477071,51869900,
7079109,827955,888659,376201,35598124,33010455,33459960,
5085094,538440,419218,148451,46470784,36558082,49016440,
4879240,377673,315720,119224,63657705,38033297,40191760,
1302943,88341,302947,179552,14903302,10420159,13947720,
2969830,131248,68776,31650,71549329,44951833,53261000,
2071996,171455,466051,240503,25260926,20947546,25897860,
19057,2623,15204,7025,90598,349100,573560,
2959278,86741,96442,48771,70690803,38471562,56923040,
1078672,85859,295401,159674,9588859,7194173,10595920,
1592119,11339,45282,20794,38204680,15936094,23955420,
2114171,110341,322608,180522,34958294,20554024,32367560,
127684,11613,46908,18367,898721,1187546,1660560,
1474543,13783,31682,17986,35752436,15461689,22173980,
3796552,225269,370081,193584,74757357,50589607,74813940,
2686237,62124,81362,38627,63645248,31791414,52943460,
1438218,120484,422074,243485,11506240,9180818,15267520,
5577340,483533,410933,139536,88578949,65955440,86635460,
7889074,702434,552760,193703,95152105,65773285,78226100,
1554639,119222,830011,614997,5683970,21058458,29897280,
1944980,67198,65384,32059,47451930,27477089,46181680,
4062917,231558,350657,188642,84895585,57940071,86026640,
3526458,226970,355332,202188,69092697,50158809,67631880,
3882362,148592,227330,154842,88588515,54614452,70309220,
3108284,235151,812921,566968,38036467,37306482,50429920,
3214815,162269,139765,76357,74037797,50224973,68931860,
3720583,478509,944562,513216,17496538,28120153,38608160,
418909,47967,167091,83578,1606502,3081280,4109360,
5390355,580548,721704,322730,23920534,22283903,29772260,
4559444,293977,798605,522977,86496652,76929606,109642160,
2302874,191509,537298,421672,14602500,19666013,25242660,
419217,49189,165300,87634,1639442,4549650,5687120,
1371973,76404,204397,116431,24159255,15415818,25700060,
592339,7284,166878,146343,10065502,8880036,14766640,
1817388,159282,518559,365471,14631123,14594567,24358340,
1534445,65665,450041,396101,21606270,22655956,37760000,
1226560,105168,385273,223419,10714147,11056828,18459240,
3939493,204853,263374,126396,84980032,56150911,93632040,
867915,23439,177003,148020,16687644,13098243,21725600,
1010060,116108,344903,204691,4013866,6658375,11304220,
1912889,74267,129758,74253,42666245,24487854,39089080,
617700,53096,189093,122381,5151157,5377398,8701160,
622967,65782,288087,182202,2373847,4727972,7512420,
2248543,36935,68713,33344,53643723,25074523,40884840,
2780991,136936,340975,183382,51260612,30961497,51569440,
1200700,49083,370103,322452,19757395,20341569,31553340,
3658576,257347,740746,546833,52574972,43643864,65878160,
1083092,87301,287982,137290,11203384,9565674,13824100,
491514,7908,105980,85459,9223115,6440941,10730200,
984818,109253,400632,227411,3824074,5997230,9995420,
19404,1761,9746,3058,68679,228106,381420,
1987472,111698,213577,112118,39577121,26105846,43589640,
1933254,120053,405431,209761,28365061,21061356,32846780,
95002,4139,274383,147103,1738629,3115062,5245760,
2919034,284333,483603,387888,18289366,19401845,32437360,
3229143,197172,351263,205240,56391221,35983134,59805680,
3591854,236730,452129,323824,60972406,45440197,74219640,
3633427,222629,610151,356153,63918730,46215884,71669960,
2542063,82180,148313,101442,59343729,35791879,59062100,
3812748,186087,306834,159359,79069571,49720000,72436120,
245279,24600,80870,33884,978470,1434123,2061640,
2586956,164576,285799,158693,52192453,36906614,61940060,
4606988,320129,371438,207193,85636585,62328484,94847300,
44278,6510,21701,11121,211570,644284,923640,
630047,72739,230835,129131,2522215,4477998,7507360,
481302,30095,104569,54913,6493634,4011189,6623840,
2185183,94404,286178,158656,39270187,21411726,35798480,
2216065,102514,335351,173548,37918563,20650777,34304460,
2007948,15422,63351,30908,47686168,19932394,32446120,
606115,66244,244553,143757,2340999,3632196,6041160,
248187,23899,70577,23840,1009347,1544124,2514340,
430206,48995,152124,82764,1693406,2466934,4134540,
457732,47668,178842,94040,1811672,2763122,4577040,
2038722,67760,601397,544294,33567075,39038167,61075660,
1522426,61348,848358,725830,12469620,24344884,38791720,
1097333,46547,757655,634747,3651320,17105286,28349680,
3190683,422764,635455,332638,15667416,18789826,31362480,
1147895,120948,455126,268654,4447232,7147582,11876880,
438146,27033,319128,258164,1970858,9333319,15604000,
4421790,343799,689211,181293,19363493,17772102,29624220,
9279444,651464,919526,625789,38882461,35801425,59635060,
7289924,515996,259241,118822,31174402,17344419,28944040,
5601366,588398,642194,232220,26760118,19980276,33277120,
7839768,752647,293473,72856,35495041,20112051,30071340,
6565737,741125,875867,343484,30974749,31364410,44822480,
6663756,585396,1364215,867881,59101399,66444001,91721320,
8396366,768314,732715,257410,103070716,74534951,93881980,
9055509,839830,1252445,518463,89269694,71256228,72823620,
8573580,941023,762585,192492,52919970,37812886,36009440,
7942238,832835,935459,450415,57235905,49340683,52266040,
3450956,207868,430625,177607,52485080,35216924,36796260,
4268447,182642,371276,76214,92255219,57073682,70307700,
3218749,126862,446044,244285,56449581,29205570,39251700,
3839823,147036,88036,40543,92687070,55102614,62655300,
2919363,115405,232263,130668,60421086,34245557,38303880,
2280659,50414,182057,92299,46584331,20514960,28179940,
3544819,168054,626320,542730,72689651,66365616,95103500,
3099293,183220,526692,300310,48234093,32882795,47301760,
605982,5471,21730,11082,14329046,6125229,9639280,
420687,43374,149146,79887,2396860,2861247,4837660,
2371085,93747,216826,109008,48153877,26727475,44070460,
9039,1122,7256,2577,44762,221947,370020,
3834766,427194,632697,290927,17888098,16196897,27056880,
6756661,619392,320754,117340,69155842,46438163,65365280,
8369935,648786,532640,219574,142570531,103306364,135876960,
6545731,682634,967228,537829,43214975,44215505,55223160,
4848703,496562,1013678,676319,24097583,36381117,45377780,
6016694,467684,941117,571271,79780054,65334482,69407720,
2829844,109347,107502,52945,65893331,39554899,38549000,
1379173,79345,167766,90730,25133837,16973319,21405740,
3600367,147447,217977,118067,77286107,45683072,58056540,
1036032,46749,78360,50407,22427380,14328905,18506920,
2246981,116139,601467,430045,31637303,28515271,42368420,
2676518,85059,396712,329783,55975629,41965839,57901940,
148662,16925,61123,40236,608460,1259427,2157100,
3528365,213586,304964,156216,72767370,50364256,84047980,
1796252,55142,54591,24758,41764729,23298396,37286640,
1622255,149884,467027,262182,14985842,14199264,23561200,
4028526,218948,109687,54339,96521998,66809069,106378760,
3071931,176241,194508,101738,67296414,47191033,73496600,
2331841,138247,260207,126541,44312869,30459562,45614540,
2209579,79022,51035,23920,53288707,31005342,51740040,
1895431,127302,425098,249448,25718043,17148264,28569580,
1587594,6109,15654,6054,38133683,15433784,25667760,
702977,34470,115413,90749,12656545,10677769,17793080,
2530755,171367,433262,249451,41051294,28950879,48251540,
2420158,335216,427652,217070,11649203,16794587,27991020,
1689315,187428,679189,363867,7395639,12766678,21277360,
692489,36000,129190,84972,11161253,8517035,14323980,
3812700,227728,307821,186143,83830002,65443953,108160300,
2514923,243623,837209,571474,11151338,19041123,30898360,
1018456,29481,97726,67403,20448656,12123341,20126160,
2607953,106531,347346,188742,46299387,24679826,41138540,
3676866,165984,127671,35155,72590968,40865708,68157960,
7681134,597662,428688,120481,126846602,90630186,142082260,
3010906,154101,618521,418408,49104918,38067646,57532740,
952046,13931,212579,181248,17098541,11328621,16031600,
1401890,115258,410670,237652,12339160,9635551,16135040,
1185950,23261,87248,35289,24894419,11263459,17940400,
1031858,7195,98696,80448,22943330,12421527,20711140,
1190797,101706,384544,236246,10746780,10939709,18227020,
11221,1420,9331,4387,55817,259174,433180,
1202174,60376,257005,174051,16800203,11360935,19029180,
1227739,68592,167681,85133,22397797,13980517,23209080,
209815,10263,15221,6387,4818783,3164905,5274940,
1849607,95956,541428,379123,23071557,20434253,33991460,
719653,12929,236788,211991,11264643,10240088,16978980,
3709249,246245,581551,347331,64366110,49516920,77385200,
2312367,112134,227655,124148,46762363,28419086,47574860,
2607833,83021,63541,31257,62032857,34755264,57788500,
1997474,110839,346237,180043,30896406,18356552,28947960,
17353,2204,12854,7668,78186,340450,564720,
403594,42212,148806,78521,1568962,2313072,3852860,
1922504,128057,203019,122092,38340185,27695507,46272060,
566654,6363,32210,11972,12639354,5446372,8957400,
951931,87791,405251,270519,4169584,8708111,14691260,
2304955,42936,358815,307670,46331435,28498425,47365240,
1277624,98483,369701,218979,12854420,10999914,18312420,
424490,44511,163526,95155,1667018,2535667,4226060,
303100,19037,13245,4245,7610881,5720885,9750600,
4501750,297453,420784,208502,91009440,66040108,102357320,
36434,4348,11300,5284,154551,420945,698680,
604102,51176,311991,231158,2711526,7665615,12587160,
1114428,58812,174283,92727,19360845,11717366,19905900,
5127634,266847,139293,62444,121609409,81416210,135341600,
2423961,137022,386821,213952,39963746,25783654,43032780,
5556988,341475,269782,126702,124748348,89259355,137689280,
1579841,130084,459943,263065,16925543,14009439,19954960,
4512423,286800,293708,146799,98938859,72299669,103285340,
10812,1081,5682,787,54608,157872,220300,
804910,88013,302472,160579,3129848,4957085,8243020,
9107,1132,7332,2721,45192,223107,369400,
802455,58846,230767,134472,9160472,5891793,9422080,
678378,75745,305953,198466,2662980,4486293,7345760,
366086,2374,62399,52061,7722774,5572694,9355280,
3035494,185962,434717,246233,55635908,39703442,66291000,
4738210,436709,533802,261017,59201995,39807717,66176080,
2148716,125708,483321,262143,31427002,20338234,33937380,
2052216,85579,334825,184385,35782276,19922000,33266680,
3136082,110859,307604,144774,71648481,42174079,70502200,
4616993,427754,825866,537720,64068864,55664764,87152240,
613373,80124,165825,149431,2197291,6517842,9516360,
105589,10983,37854,24854,435459,1229853,2113100,
4729216,234805,378342,182603,98584380,62432308,104058460,
322982,17814,24687,13354,5972735,3857468,6361460,
1697819,115638,490653,315694,20710167,17532518,29324480,
2166730,22915,92253,38816,49472366,20609150,34227800,
3846347,200271,271125,157350,82153001,53795201,89901120,
3745775,186456,328409,160512,75760449,47022616,75626760,
1490223,36300,55386,26212,35450469,18060266,29771740,
828076,87917,318432,177249,3224582,5389667,8984040,
2114577,68637,50787,27452,51029656,28961866,48315760,
396616,3424,154687,137316,5626763,6436695,10680740,
2248983,128887,356114,187250,37409509,23632328,36693400,
574149,17340,32977,17395,12709911,6416772,10876800,
4470682,276874,401198,206297,90491565,64522445,107387180,
3148427,144311,73533,35211,75369152,48021694,80044040,
1191104,67336,267607,173929,18174241,14836216,24804780,
6079608,371934,468391,253388,129206298,94184733,144161340,
1250661,36509,40135,14967,29059947,15981312,22682140,
404875,42417,151815,97005,1574113,2573469,3676420,
1675751,90496,188238,105628,32415219,20705281,33758100,
987125,28703,39232,21336,21559104,12136645,20104000,
804008,87747,304638,170117,3124661,4972395,8287280,
3668541,190457,61119,24005,89868647,61057692,102158900,
5597396,318907,333571,166934,124636187,87441514,122351740,
2465956,150901,318610,190391,48005821,38541009,49705580,
1630891,68377,178529,100279,31566669,17431157,25038200,
2216229,123550,350512,192071,36315342,22347796,34417600,
366553,5669,25297,11732,8413043,3804320,6343920,
2406806,86897,357446,246679,45412478,28371942,47286560,
2008257,70572,220059,119646,38360428,19397727,32342580,
2385457,105962,74321,36338,57806845,36077184,60331140,
1868261,107571,353132,213146,27085715,17005039,28093160,
15011,1631,9288,4150,66704,221883,369800,
1910648,100724,181162,92242,38574491,24336929,40751940,
1294432,73004,193987,97126,21957259,13969556,23103260,
415059,47962,164527,82969,1626573,2948733,4915760,
2168749,110111,349017,187137,36430627,20738750,34774600,
2771128,77920,177766,133001,62690265,36718288,61041600,
2371406,84684,617268,487840,35857840,30099292,50138740,
1890794,58796,179436,88586,37394840,18114252,30190220,
13834,1781,12913,7274,71646,327799,546340,
2957293,128021,357398,193985,55102263,30055425,50127440,
254098,3318,51111,40994,4680694,3651559,6050940,
965798,68995,185332,99107,15136731,11757452,19713600,
2049874,150537,445272,284167,30222624,24938421,41606400,
5388716,491317,778301,403689,63137115,46673098,77692120,
2482659,202904,499895,316823,32005258,27452415,45794840,
1441959,78853,218164,161300,27992020,21868876,35166420,
4466998,325163,902370,680670,74244827,65313741,98929520,
1564967,192387,411546,271561,5768768,10475918,16447980,
16717,2035,10646,4241,75295,290800,475000,
3219081,183679,385178,201232,61020534,40150656,66951340,
4018513,134629,148664,84141,92344956,51796193,78283480,
3837413,148176,95627,45612,92055680,55058446,78864200,
4757823,285908,412670,204222,96129984,66946762,95629580,
3855258,141478,210591,108185,84919753,47887260,61165080,
2475349,141544,454703,199879,37074959,25131085,32047900,
3720309,177809,225571,62442,82271710,53555707,69394820,
4301420,235023,402620,160230,86162073,58727064,73220220,
1318456,128269,490469,173865,5414350,9075134,10627920,
1603657,77901,223905,48015,23548251,13550439,13259900,
1441671,115975,329248,176272,13699269,10920553,14261820,
332801,12176,26825,8843,6063346,2804127,4382280,
3469998,196964,569622,167886,51788803,35720647,54691360,
2792791,177018,271573,140607,55916649,40336524,61977900,
2218525,85944,227350,115233,43967238,24346505,34571020,
3157067,193431,346498,187149,61059483,42420699,65285800,
1737270,39272,88390,34654,39021178,18818064,28972020,
155439,15376,52333,32002,1365712,1496022,2376860,
4485878,210047,361124,174200,93956457,57408900,89501720,
552471,32407,27251,13049,12650336,9136146,15059960,
1369492,103465,249931,138255,22876076,17532898,29322200,
2729916,149369,152413,62041,59155122,40371572,58662460,
16828,2342,14222,7665,108091,402694,605360,
5532036,354910,510043,266972,114094507,82501223,136301680,
3532914,137963,224202,113183,74244775,42717214,63436640,
814407,85378,305829,160295,3172503,4825409,6435700,
7560,738,4643,143,37800,128345,170340,
212592,24745,92513,57573,848654,1543716,2095160,
2648046,118105,383116,200067,47029522,25321251,37204420,
184384,6184,25798,13369,3431787,2309361,3679860,
1143224,85670,283860,161124,13864359,9855652,16541240,
2888353,64459,132519,53711,66193829,32327764,53778660,
1461971,38679,47290,24654,35744280,19168825,32257200,
4891886,281395,541390,276063,93249140,61626811,102458880,
2068461,59804,196473,104631,41775186,19885943,33268720,
5598220,290644,342390,172885,123105865,81454695,129818640,
6416665,357280,263182,113162,148318953,102188166,141532460,
945814,10237,42772,21264,21517014,9443643,12158940,
1294208,97960,336897,187412,14627116,10874667,14551240,
7518,734,4901,82,37590,126617,193320,
1700316,71053,254294,143711,29234632,14876236,23624800,
1297776,68294,214510,114266,21610581,12048956,19013800,
3029852,113435,100587,52901,69197008,40011335,62186140,
4840822,503629,969438,535176,43293890,42154797,68194400,
2240284,88727,424079,295634,40070215,27570697,45857360,
3509358,155622,1113886,867465,51786142,52461283,85409320,
2911488,112558,883774,722071,45452575,48831666,69572520,
2714402,187676,629167,475425,26708287,27644062,32431600,
3411228,184350,386761,202232,65358331,43388299,64552060,
458933,8345,27888,13932,10633565,5302925,8752800,
833958,73761,280308,160617,7816299,7049828,11751160,
1148592,59982,444391,340336,12807620,16070342,26749000,
1411428,22313,77325,45190,32332337,15209529,25474700,
1294445,129195,395943,220693,10502040,11324899,18809500,
2522149,140817,227957,113664,51504675,34751420,55079220,
2149290,55979,207841,122616,42811592,19674162,31609500,
1178663,63883,181006,100287,20043508,12116137,20328860,
3294620,130497,122539,60962,77745686,47029077,78294940,
2596885,111277,422952,250949,43988135,26320460,43821520,
16376,1877,10455,4791,73979,256119,425340,
1606841,101926,191053,93830,31184318,21940930,36927100,
3960664,204374,245313,120757,85031396,56569112,92439940,
9031,894,5824,738,45362,152498,253900,
807648,84523,305603,165465,3140593,4795771,7992900,
417913,43219,156991,87426,1639153,2403926,4005260,
3934198,241533,231714,111412,88369919,63257213,98471780,
4811046,164501,310462,147791,104600407,56695312,86962560,
3475928,195117,97754,44037,83687272,58702606,79143000,
1587016,121758,323965,181131,20816774,16805999,23258740,
2876975,159199,94440,44285,68946058,48179594,74541400,
2643701,47315,152350,82479,58210776,25590721,38271620,
1598280,87111,306795,165435,22870160,12368727,17638880,
202122,3490,21502,12964,4414589,2160833,3552820,
2083326,116978,375197,225282,33616482,19954426,33075220,
741487,77565,270368,145011,4203530,5685122,9349080,
437546,27218,74392,47500,7826958,5379204,9102640,
1774485,119666,292386,161602,28472150,19927738,33087640,
95891,1697,80753,71633,313801,2743996,4558580,
2892500,210517,398524,250914,53560294,43122203,72200960,
2777902,151914,134111,58557,63435814,44238161,70356580,
2568406,126550,191822,105149,53817424,33940723,52186880,
676257,73910,281757,156869,2586039,3921263,6499780,
129843,7495,16103,5726,3123932,2341064,3825260,
3715691,169137,347611,183968,75028088,44290867,68274140,
595025,57834,205168,114563,3274709,3848964,6191900,
1187224,9619,39538,16687,28263324,11866463,19727440,
906977,87322,304800,163621,5252443,5501991,9105300,
7266,721,5076,298,36982,133194,223260,
1630362,73238,329539,216713,25927908,16627411,27773800,
252071,29197,97112,38171,966381,1799825,2938060,
20133,2365,13933,7979,91708,323134,538700,
1830890,114285,347666,182693,27603044,17555662,29262080,
1387135,65453,67101,33559,31862764,20326709,33135240,
3859078,477366,780035,414645,26092446,29761317,48634000,
2596743,159331,411651,243563,46548909,37021561,61651580,
4877334,268350,486758,371141,106998085,85338434,131960600,
4274241,274025,571762,320667,80851240,62566506,89886460,
6287388,348371,559591,356704,136909439,96675416,125937360,
4268830,350763,533293,399148,62774831,47046359,59280760,
225192,21372,66282,24417,888477,1237647,1519720,
1763288,96228,56533,27054,43031599,29758704,37482260,
5384590,301308,611883,353939,106030562,74963829,90154820,
7561,743,4944,78,37800,128728,194560,
526327,54425,200957,120299,3155083,5373189,7251040,
4301748,196069,550530,337819,81221655,51264608,72082720,
3312703,140708,92440,46503,79448644,49053430,76204500,
4279707,257490,340263,190171,88810532,61508802,92853940,
1750751,119756,311486,186201,31397873,26338460,28816640,
451659,43675,188523,115593,1725996,3846840,5407060,
419042,43978,163424,97760,1644751,2528435,3889980,
605533,38942,18976,8938,14964655,11209061,17416000,
2509692,160098,330593,173552,43415137,30158968,46227780,
34220,4843,28634,18242,187836,900921,1495500,
1557347,80365,318173,189588,23823915,15849052,26237080,
2674557,141250,621710,405060,39530192,28221191,47002680,
1729969,59008,75357,42469,40805598,23211616,38797700,
2157511,159177,517861,318614,25562436,20474807,34013240,
440956,11281,18813,8350,10406086,5409704,9014740,
1003876,51243,170068,97296,16255474,9198285,15430360,
4030532,203096,252318,120341,88507831,56648563,94473140,
385706,12172,26598,10633,8418733,4523897,7377280,
2188099,143489,340748,189985,35988237,24863848,41439520,
1532840,34196,69290,35926,35352198,17123563,28601620,
1293323,79731,172876,103577,22583906,15692338,26093180,
4780138,239428,481965,269895,96855635,64102113,100599200,
1358192,36085,65886,33728,31396514,16390860,25798740,
985776,114310,407651,227545,3802643,6850135,11416780,
2257786,10390,45321,20666,54321176,21839551,36399640,
528734,58771,208040,135448,2063930,5089906,8483140,
777416,90157,258862,165260,3070809,5489142,9167740,
13023,1333,9173,4374,73738,246311,433920,
2591439,127090,342941,176571,44935768,25671647,42773580,
273570,2774,14989,8012,6293771,2733121,4555400,
579946,58702,198183,100389,3082383,4161788,7052000,
3385827,155798,393990,202560,62475153,35623053,59250760,
7582,810,5658,424,37992,133761,222880,
1386330,113543,344182,187459,17928795,14307234,24163740,
4744377,239004,116290,50124,112894257,74450498,123771100,
562622,15156,47098,28935,10848549,5302683,8802620,
3605324,215548,366535,206102,71784732,48791737,77153240,
1822623,99924,67770,34380,42861307,29308973,47012280,
2484161,183943,330277,172029,44891329,34260126,56153660,
3914582,136220,108554,48292,92513733,52681676,87463140,
3198986,389630,492298,245468,24851304,21584041,36053600,
2347790,168892,540375,285646,29805283,22416698,37247580,
1054088,36585,134652,89779,21367043,12774154,21349060,
882291,94408,424961,236391,3839078,8267906,13730020,
2160747,184513,607894,491403,12334674,18430493,30732060,
815720,12540,26728,13383,19371527,9046348,15044640,
977716,105359,392887,228074,3770551,6374309,10623700,
1067744,14299,73956,42046,24458621,11002508,18337500,
1486358,129400,414839,229540,15868570,13162461,21936180,
793031,13939,33973,16700,17453352,8425788,14076720,
975622,19088,50769,28836,22045906,10418776,17329560,
2295946,159536,586175,370738,28391269,23594962,39428300,
4017589,174185,106412,49048,95848789,59508323,93837320,
992642,105006,397750,234565,4085095,5884468,9572000,
1556077,19668,225829,171661,32840423,19194683,31754700,
17997,1155,14064,8037,64164,346233,542260,
902898,92960,351955,188425,3599317,6395822,10453520,
2766388,154877,224961,45416,58229746,40546806,58086860,
2122442,156952,581780,279924,25417596,24504507,34835600,
591631,52668,194723,22451,2573722,4178348,5965780,
1637729,82063,198017,44785,30238206,19803874,29518880,
3035431,274071,753951,354700,32568887,31405795,34037140,
188862,14546,24725,10247,968894,934571,1502880,
1571081,84657,536805,386846,16649743,16428428,25845080,
1668824,93066,685958,316214,7601674,14886151,24141860,
21325,2826,9430,4529,97983,298193,496940,
2925162,156384,361103,194759,54151031,33808878,56466940,
776376,11512,33419,17995,17671563,7929037,13098960,
2232448,105740,295548,169686,39404667,22494881,37558460,
1399498,30707,87443,38661,30617932,14735528,24688280,
3828516,184056,226842,121524,84206700,53881913,89607740,
2070032,157824,487805,270057,25965047,20005922,33643740,
5050232,309719,159377,79133,119465142,86434188,140439360,
1305203,87779,315549,213517,17107177,14971921,23071520,
244311,23751,83455,43996,966404,1501933,2315780,
65914,4556,40344,31171,252447,1647983,2782160,
4054365,270462,815427,578286,69499366,63103091,98123240,
2727033,115920,354336,293741,58229546,46213691,71015220,
555608,64318,228474,139341,2081738,4188276,6474240,
2932679,180597,223081,115222,63012623,44002854,73222060,
2548529,108592,90697,52468,59208933,36614967,59713440,
1709526,164957,579639,339982,12956006,13206279,22083980,
2284541,93653,63323,30661,54280411,32857699,54669300,
401079,38525,171929,107251,1504211,3970391,6617340,
1908679,108978,197542,96100,37149601,24585418,41049500,
1264469,11266,34761,15399,29886718,12626721,20969240,
1252130,89831,301406,168368,12779476,9204663,15342280,
1511841,90214,33947,17238,37606024,26934375,45315820,
6264677,377748,280505,139913,144274064,102673480,162737220,
2725583,111134,262352,124650,52035335,28592318,42026240,
3814024,415153,491756,246191,40489690,31093166,49630000,
2476704,197754,683197,350506,28353219,24127484,36516800,
1070483,38803,138177,85229,21973880,13563881,21874040,
1426929,46270,321957,180133,29437117,17615361,29307540,
3069846,255401,655673,466282,23912003,21917084,36444340,
103811,15055,34747,20762,496656,1273551,2121120,
809109,83003,292930,169996,3143565,5153511,8589360,
18993,2529,14862,7379,90271,340308,567160,
1200435,34962,104979,65235,25286230,12390654,20698040,
630943,64327,221445,106095,2439154,3480709,5752760,
41522,4931,17382,10775,184460,523498,881860,
3148579,145362,470985,282115,55365893,33137539,55433660,
2722563,91604,228581,96182,56964824,29193997,48471340,
1743737,37434,46368,22552,41911816,20879763,34877960,
3342689,145773,473135,271936,60460522,37108601,61862540,
2349065,65657,81807,38890,55341129,29345694,48867460,
1636309,82533,243634,138281,27706371,16302222,27130820,
260328,30133,95015,34636,988243,1662860,2708160,
2690405,87575,74202,34850,64353068,35945672,56249680,
896771,100000,316257,169447,3555170,5403397,8677900,
374315,5194,20404,10219,8639785,3914440,6523980,
885572,94771,333905,195829,3589945,5439009,9124680,
732227,51535,171620,90967,8661743,5528018,9158120,
277735,5577,222897,203945,884600,6017674,10029740,
1803816,105004,332903,173841,26960934,16052498,26754380,
903937,53382,41168,21112,21158943,15179535,25298840,
2296131,90454,198379,110430,47150454,26141450,43821120,
3543009,169505,355518,198894,72496197,46873016,77873900,
2357297,70392,60445,29140,56615517,30787874,51326420,
3102047,148153,348869,187384,58990742,34571619,57804360,
2638416,127732,72433,33309,62390437,40645415,67552980,
1198584,123447,436004,231574,8433605,10163671,16942420,
2484796,68984,197948,100552,51820185,24767185,41367120,
2286039,61567,202840,162697,50352291,33071061,55149040,
2761588,113739,340604,179668,49618225,26274557,43651660,
67901,7165,30017,18240,283782,1307978,2227080,
723934,51271,396546,318716,2587560,8684457,14425160,
408249,42238,158242,99425,1597809,2391825,3986260,
43196,5642,20081,10932,204373,521123,868520,
1051071,107989,382104,240783,4642860,7372920,12389520,
2962070,274879,881495,111076,16073473,18483422,30752760,
3248583,332379,1178589,247787,16215278,21695870,36160580,
7824400,523254,484227,207257,26134916,20982463,34971880,
6908627,584036,327974,182035,30953247,17314408,28854580,
8408834,467785,567060,268947,49239749,36580722,60954640,
6820049,482920,254100,108606,44292661,26641316,43421480,
8144228,611275,383563,159856,45894455,27916139,42788960,
8911171,662870,389303,182330,37650319,20990370,30491740,
9821354,709253,315484,124099,125601471,83783753,103656440,
12710336,963002,754931,356894,110269099,76483405,72885440,
14330503,1304697,1059289,516476,79011241,62953148,59848940,
12958153,1069805,726344,390507,55562188,38069072,36067340,
14659905,1195122,1287585,805459,62927160,59229605,56410040,
12712049,1036895,714648,392958,63056540,42032832,40031120,
18793958,1668789,1898046,684696,84938561,75851353,72357620,
23357642,2661823,3206115,918801,123928134,119895509,114146380,
15640813,1521820,1634886,687803,105321741,91432826,87028840,
12155518,1032851,860596,478768,67170044,49214909,46893140,
12042715,1013704,445569,246168,68553528,38925672,38044600,
13148618,1032608,848494,456955,78300033,52868484,50336340,
8654589,937564,1088039,576732,40911902,54528494,51976380,
10136381,1091333,848049,324214,50698164,43728937,42675760,
6526194,758007,738794,256740,32607791,25407924,33043920,
5332476,607822,438546,105540,27638848,18673711,26690240,
7814007,793567,815661,293915,61086729,41913217,47773620,
9252058,896376,651210,167591,81845072,49403979,47896560,
6275474,727160,636946,221983,31640936,24843839,26482880,
444015,47696,175242,103015,1750058,2988841,4990340,
1256216,83119,406677,267003,13913657,11354625,18516600,
1969016,251526,442904,312320,11358915,15279503,25272060,
56757,6529,30556,11821,259256,694544,1156140,
936877,64591,225641,144874,11524372,7775921,12412680,
946552,99100,360306,181863,3711950,5725156,9403280,
7476,763,5971,207,37170,134814,225840,
1411146,80079,285879,154347,19488644,10808044,18136640,
1660366,29249,55715,24351,38883064,18575959,31003100,
2786169,109649,192914,101901,59186948,33283485,55316200,
1011760,55394,206245,112898,14565275,8605925,14324560,
909601,3981,24752,10306,21715158,8727939,14546660,
1682845,102473,380548,218898,21973435,12330137,20544780,
5405820,604760,479336,105933,26402541,18338323,25142380,
6914562,688383,223399,94408,31087194,17311596,28869500,
6937957,722916,791458,314916,38454458,27086528,41484600,
5835047,664032,498823,135602,30077262,22123693,29499520,
6189025,706181,696073,266839,31246156,23847096,31823160,
5821509,686479,539969,159023,29912787,21662397,28872060,
6995623,651689,525823,187386,76974574,52505799,70059640,
7492973,742939,765827,291984,65353120,45353517,60501620,
3790369,198548,190601,89855,71052472,40797707,47439920,
1211791,90209,303530,183117,12570356,9407799,14964220,
220244,23819,95409,40530,885240,1335790,2193420,
261933,26343,101494,66324,2255336,2264275,3874780,
3721692,205752,545710,277270,66090346,41031603,68451840,
1030490,49131,32699,13772,23820087,15667092,25996840,
730345,67038,243411,142963,5708181,5488124,8944860,
357142,32113,83180,34063,3825409,3603542,5801020,
1475748,24603,58257,28250,33898995,15580072,26000760,
796956,80939,348927,207475,3067080,6610605,11036840,
42408,1450,34915,25685,137724,833580,1337800,
610495,67525,260362,152762,2436664,4328233,7259060,
7217587,799879,1069194,440950,47655471,38188245,60796960,
7423859,787525,148021,50005,65811351,44495517,74124420,
7962415,690355,876400,375011,75740925,55686787,82269200,
5207218,602364,621534,206334,26737165,20836973,29444540,
7471897,824609,1080043,591587,35704398,35153604,50273000,
4924239,533351,507066,180297,31444743,21140681,35302600,
4693837,527352,382964,93046,25613542,16864501,28111440,
5751533,648938,690905,249310,29590702,22461574,35215160,
5856806,619680,444319,106456,43897951,29557030,43664960,
5614854,457588,474611,218647,76165335,52549074,71253940,
432417,44816,154205,86523,1692368,2534862,4223240,
3834297,328466,195602,25635,30620907,14049939,23462440,
3078782,276995,668199,316198,26170822,18054359,30040380,
182798,3020,15257,7222,4093423,1934617,3224500,
435658,47262,179187,102956,1697467,3042659,5071300,
886592,54340,181434,104814,12801331,8077514,13462720,
44439,5819,19516,9059,208668,522189,870180,
814739,84305,306218,173037,3172323,4628633,7714480,
7392,714,5130,110,36960,127228,212140,
469779,48807,161366,95503,1915920,2630133,4383600,
2115360,220123,358616,142397,10817710,8164772,13640440,
5753807,626530,242192,63662,26691677,15227670,24628860,
7963041,929834,939544,409905,36175177,32080362,45874140,
6026854,678815,660825,116319,29755992,22751189,32488500,
7369024,697830,750113,239023,72299939,51579906,73722020,
6131530,598160,771609,276367,49747961,37754156,54000500,
7871782,706049,717343,231434,92665210,67936567,95588480,
6996947,783406,796962,311274,39918648,30738594,36541060,
6185463,695678,504820,120977,31995832,22288171,27761420,
3470623,328461,662409,182308,16791031,16193112,20113620,
407903,42836,154400,91102,1595869,2452269,3540220,
543921,16166,28041,13106,12754308,6892194,11403100,
2812401,158392,569866,310007,39734281,22315815,35115600,
42267,5873,20339,12224,243792,651638,1129300,
445675,48535,162109,95954,1725303,2612611,4311300,
595380,53418,178300,92432,5607007,4945976,8312300,
1284090,6946,38740,17245,30150080,12165218,20207940,
1282419,86388,309440,175125,14842061,9469106,15830060,
1750923,19789,30852,13363,42234940,18479374,30819980,
1639588,55039,192640,101507,30641584,14764514,24541360,
1891857,186773,430108,192531,13933669,11523424,19240680,
5259802,560587,216019,66526,27296855,15197557,25477800,
6952610,709026,802701,317270,36159444,27183819,42997560,
3905794,451005,430179,174365,20261604,20080323,26773920,
5317227,559739,592133,240283,34383003,27370655,36507020,
6471613,751298,755190,287565,32706041,24974902,33258680,
5766599,660787,460661,99527,29869711,19842639,26427520,
3956452,441679,566296,253767,19106947,16344930,21824740,
7644,735,5112,61,38430,130068,173400,
438406,46888,163902,95280,1735247,2678743,3570760,
3208389,424389,663264,345882,15509409,18632316,30736160,
1755700,34726,55279,24185,42088094,20342458,33941760,
4489734,319852,608324,323808,80310001,62447020,101031860,
461399,48949,174037,87937,2619005,4778430,7648580,
3046372,291257,743474,500443,29246276,35954486,45291000,
2659350,239762,641096,281769,19713568,19672297,19709860,
1778760,174747,346628,86768,8250630,8353755,8351740,
2751823,245690,613705,317485,27014154,26652036,30787700,
1912892,114838,257665,122277,25077423,15729652,15987600,
714167,75465,235835,131735,3171889,6901369,7031140,
967108,112081,395157,214846,4080606,8609537,8920220,
25443,3063,19435,8917,118457,483169,462620,
1613466,135191,477862,261951,13616289,11696400,13719700,
430262,11922,21756,11285,8312697,4583725,7591880,
380315,43141,161768,94908,1556330,2938233,4967840,
1141955,86407,285495,156708,14452595,10382782,17239600,
11673,1515,10675,3814,59375,281952,461600,
803630,83277,305542,203041,3123499,4488886,7481520,
7266,741,5631,39,36331,128720,215480,
1236307,40310,145804,76708,22835349,10488680,17557720,
451222,45703,167661,94365,1658668,2380485,3898240,
323097,3927,14014,5404,7594433,3389862,5649900,
3456265,361621,701331,265078,15501753,17063806,28661300,
4492477,445391,384541,36857,47220096,28226715,46930440,
3029117,67110,129550,81114,69398835,33593559,55770800,
1181506,70047,240405,134191,15128971,9393181,14604140,
7435,723,5036,28,37381,127732,211620,
809394,83378,306441,177921,3154371,4552178,7588160,
713482,26565,42626,24142,16559974,9795834,16325520,
182562,19015,48815,29910,819957,1346756,2278120,
706263,73057,265236,136575,2739716,3703082,6138100,
1049991,39418,45328,24137,23480937,14031168,23501120,
1670281,152728,534529,302874,12851773,11550591,19204820,
89567,8824,34746,11810,370891,603110,937800,
1701867,36549,69516,38600,40173927,19969632,32584460,
1009115,108808,399371,227468,3900132,5802764,9369280,
1073977,27020,51472,23342,25314309,13125262,20935480,
1885797,97051,312828,173236,32056335,18704472,28979500,
1875136,74274,112499,48297,41692411,24477176,38418920,
826518,7973,35210,15463,18554241,7950168,12703860,
2133708,148660,354775,187034,34702384,25025342,41705920,
83881,4426,12555,5291,1659010,1149641,1867840,
2037106,140552,475047,273834,26715284,17573211,29419480,
4125224,113891,155588,68250,94546108,48934117,81510140,
2961932,128274,135312,99529,68935539,46574624,74581940,
3890135,192075,544869,346447,63551971,36667021,50162640,
841975,5816,31925,14346,19612152,8192409,9263560,
1368413,119115,357253,256949,14315894,14939206,22272520,
3585019,308709,488825,356747,45994082,30554111,50642600,
811681,48105,129881,110095,11226882,8097981,13436860,
4633356,588122,993451,567648,28598546,34747748,57809360,
5539707,652449,599061,339612,66413260,53323052,76399700,
6095706,717080,684768,421966,58820882,44718725,63123780,
5573937,638470,529125,309958,61135705,48446983,65445360,
6726191,838528,791083,561149,62628085,52264544,70528380,
3933124,296079,1184918,976337,30665723,50882342,66182440,
1015940,3461,878257,813680,3090745,22974590,26145880,
3240658,333075,944505,783920,22495998,33265842,33036500,
8776600,1527626,635703,393600,36492189,29653364,28261600,
12017038,1462195,383292,227905,149378988,100208773,95418520,
10399776,1749964,682325,390398,54137849,37529163,35741480,
6771011,1144087,277363,164344,43497863,26654481,25379420,
7437969,1274011,621923,347296,35307734,27500916,26413020,
10738084,2019929,499617,269695,44527251,28569913,27196840,
29306,4652,28852,20106,124425,813507,1353620,
1759857,138270,316293,190097,26153018,21055284,35092360,
251172,2015,14143,6033,5821483,2467760,4073640,
4190971,717320,335420,196889,20916643,16697003,17372480,
1615238,72134,174588,92888,29897453,17640725,29205460,
2752550,120415,121829,71550,63849085,39410752,65555320,
1138809,117661,396068,225653,7535913,10254505,15507540,
44259,5688,16104,7877,216239,570260,949680,
6982996,1210228,478138,287094,30866871,22769702,26707120,
3680302,144136,278280,128423,76255446,42263728,69818500,
1108709,32355,61762,34894,24518288,13172627,21831640,
809072,85707,311397,188906,3147077,4908657,8180820,
6216,610,4556,86,31080,108185,180280,
414358,43283,154651,83029,1611404,2289544,3816140,
429392,44858,158509,84001,1700241,2384716,3974560,
26398,3581,11446,5470,121311,356550,600880,
812890,84390,300343,171830,3157274,4355298,7245940,
6258,604,4647,99,31290,107727,179480,
1003467,93291,490713,338047,3708215,9712518,13177640,
1962277,114548,224418,110834,36735487,24315140,40292020,
2696011,77664,125612,95064,62869537,36029185,59892660,
3718170,128312,401264,210361,71797227,36861739,48345120,
1490154,32864,33667,13903,34889202,17499991,28682840,
2534144,60824,206795,109622,53082986,24498016,38710340,
1404479,62470,206283,116671,24424045,13054560,21570040,
726696,9624,25610,13668,15959317,6596175,10958640,
987709,98718,350194,198777,3902628,5430266,9050400,
7350,711,5312,176,36540,128212,213600,
538864,58541,211980,123383,2030447,2828324,4747920,
1728629,89169,266740,152302,27849619,16256991,27060600,
2301399,29556,65343,34115,54766219,24362615,40670380,
2702683,120267,356035,200429,48362843,26321088,43802840,
973243,16406,32811,17058,23064486,10854847,18091360,
518862,28008,362337,304148,1788457,8492068,14221600,
2119437,85426,856295,712392,23891580,29550182,49282660,
2199625,44431,721239,645247,36036882,35996340,56923020,
4715036,469175,1293675,929285,35161601,48321258,80344500,
1108350,42149,855468,684364,4136800,19656265,32643720,
1165455,42121,854296,746438,4307514,22062787,33992140,
1888634,102533,1214149,902219,7434897,30565818,43680440,
3276547,178725,1241450,1102967,20160714,38885640,49214220,
3581032,135772,1140849,933243,50683404,53880969,55614580,
1070079,2987,929688,861355,3244065,26063299,26062540,
1711117,58977,1046694,923434,13587625,37244897,36845420,
3726641,78676,1175783,979366,56601277,53488120,50881380,
2893886,112097,1113522,941159,34998510,53263265,50748360,
2634422,177898,1465200,1148090,9936532,43605293,41546020,
1461468,46463,1065796,917268,5109467,30429343,28960980,
1640494,36841,972383,878763,14883137,36772512,35972860,
4043038,204518,1373139,1098021,52179135,63327138,60223340,
1843174,35481,965214,890064,21952734,39327862,37553900,
4461694,173362,1327347,1071450,67497443,74535437,70920300,
2224856,8830,942390,861688,31166758,37796476,35969080,
2650571,30431,989503,907953,40702446,50084548,47719720,
1900485,86604,1246901,1057934,6432538,32768627,31188660,
1110054,2609,961272,892128,3362476,27492037,26183300,
1976724,106969,1310487,1098950,6670651,33790577,32181420,
4251959,79661,901563,775184,81266623,64351405,61258640,
4629154,115253,944170,842653,89475433,78395771,74751200,
4545949,180525,1496260,1159354,59656047,59437801,56540900,
2371258,67619,978344,892320,34184777,56499112,53803780,
2871821,136003,1421962,1163530,24905904,43802983,41720580,
1293667,24075,1023390,917699,4173907,29221439,27810460,
2609366,63938,1141196,903165,31254995,44204977,42146900,
3751678,194880,1397075,960010,40147954,57983834,55196900,
2663221,74866,1097383,810058,30506380,41861324,39833500,
4382236,268139,1582667,1140048,45806930,62697648,59806880,
1226982,30404,861759,773318,4719726,28494448,26527860,
918336,6116,815260,752217,2847341,25723091,23642540,
3328234,210820,1651318,1025617,13526901,42756526,40320940,
3244697,81683,950186,807392,51599682,48630619,46197020,
4104610,144624,333863,181667,85344976,46592306,48355640,
2293718,36082,126308,51290,50696894,21974722,34001220,
627777,8730,24971,9273,14539215,6976421,7049460,
805052,83017,293033,154176,3131355,4469207,6733780,
7268,716,5405,51,36332,125449,206700,
2706788,146652,202192,98113,57412398,37347344,62390260,
3461558,142942,237837,116626,73843322,43209262,69789240,
1466667,27725,58162,27012,33932738,16016740,24599480,
2996028,164838,592237,315154,44044889,24752584,38744720,
14786,1727,9650,2439,65538,225896,362700,
579587,64824,253316,148938,2231836,3404684,5686020,
2799456,96519,213965,108107,59259384,30922251,51585480,
1284167,14427,51973,26778,31044794,14374904,22275600,
3644265,223562,649209,442955,61728677,50423790,68784780,
134620,8141,63457,50996,553616,1909289,2125380,
2951267,408527,550152,282463,14175397,18840971,31531820,
1730831,129699,447407,251834,25150101,24176249,38412640,
1200010,49780,157025,104920,23765077,15395633,24061400,
2130897,159885,667963,427536,22105573,24921636,41649640,
2880099,159515,817743,634000,47511711,42544201,70919780,
4394540,328672,528976,398343,68738453,49901204,80192240,
409028,46719,159678,82005,1599656,2818860,4448260,
1193207,51183,47027,26396,27994086,17180169,28668540,
3381201,149429,923727,679444,49539519,40540236,67719920,
2146236,86622,324977,284492,42249305,33015928,51866140,
1511274,101077,697006,550885,12854440,20957631,33395860,
1878707,90531,660923,548522,24171084,27303158,45480200,
1405255,11626,407782,367319,24726983,19199906,32091160,
3004675,193311,1053697,787673,32755335,39538913,65794880,
595630,20155,298556,262471,5538965,9397731,15136440,
637674,50141,180379,103322,7290830,5823207,9781260,
3808411,111160,302277,157744,79610590,39131023,65117000,
197729,5556,166007,144858,657556,4806702,8011300,
805356,83777,293373,158130,3131945,4553311,7588940,
1564119,2982,13899,4645,38453347,15058744,25222820,
2651947,57005,177894,93845,56686007,25635778,42716560,
2092857,56271,201217,111085,41026443,18522806,28748700,
492241,20467,354258,320647,1678374,9157743,15253000,
1352311,151962,513038,282161,6707248,9597915,16021000,
1164608,43221,180842,129611,21150777,13378570,22299460,
718248,55789,159128,85965,9587741,7554087,12590580,
1151746,48311,179269,91345,18756736,9202883,15290640,
873470,23237,26906,12452,20154919,10295548,17191640,
902271,81792,290359,160494,5817665,6126175,10224240,
43658,4073,18309,2925,129044,314841,478400,
852478,37096,136792,75251,13936781,7048024,11746600,
501410,51377,183160,90387,1999821,2880956,4801620,
48559,873,41691,33704,161176,1449514,2415740,
1062602,113879,410196,230608,4096347,6095543,10159160,
172548,16169,56782,19495,734728,1257372,2096780,
261126,30644,113885,68591,971237,1640488,2733060,
585158,58448,203489,107451,2333091,3359443,5599080,
49951,6741,26884,14784,238584,708052,1180140,
3001090,181636,296096,158574,60469969,41375679,69008080,
537742,31675,119967,59578,7297629,4987947,8332740,
667618,71533,231744,124118,3226193,6286769,10423860,
870725,96642,370557,201134,3392008,5357068,8928440,
566941,10339,57072,37791,12408897,5925531,9875740,
1149284,118245,417504,237912,4456838,6078715,10131060,
62535,5894,24504,8513,264632,472878,788360,
1202433,44993,152062,92941,23003247,11725610,19576380,
975906,60403,195835,114822,11662514,7631491,12685560,
6384,614,4391,38,31920,108550,180900,
664449,74722,298751,181822,2620200,4829398,8082620,
186830,16716,50065,16298,738987,1034227,1689680,
2948626,396813,557705,287601,14475787,17106449,28607340,
764969,75071,265858,141161,4889980,5867477,9848680,
3181733,142112,222085,119412,70899655,45100436,72369820,
1350751,124089,481330,267299,11942101,13183760,22038380,
3298152,220519,622900,461253,36960261,28669747,47842720,
1422869,32852,100457,66786,31088451,17074759,28313000,
828705,82327,280318,161146,5035856,6289434,10415020,
31291,4297,29175,15733,158115,778805,1298180,
566124,60978,228921,137768,2236399,3774224,6324180,
577886,42450,117290,57765,7478361,5247257,8793840,
1352854,42409,65636,37451,29697212,15950807,25764140,
763921,82415,300809,164701,2970254,4736485,7678180,
795549,4783,30807,16654,18764745,7709763,12850420,
3338583,220964,353674,184663,64412831,46508810,77674900,
3521037,205450,620022,448075,63812223,53846903,89665400,
114913,5422,101738,80817,369163,2508528,4135340,
1556434,115895,325413,173338,21140542,16026983,26744200,
1577360,18526,51484,26964,37611457,16757973,25962240,
1934082,56922,189424,103264,37807709,17960208,27612400,
405483,41602,147629,75329,1581925,2135464,3280720,
1491138,25991,59627,27459,35233563,16847331,26351860,
2309815,162370,334883,183268,39143365,28583270,44168200,
44982,5925,19857,11966,213368,520647,863420,
2550168,146902,347442,187460,45020644,28768435,47991840,
3037049,56897,439394,320091,59270285,32534305,54279320,
1673597,29896,199509,160501,36705102,22256447,37100560,
2037070,118273,331272,184348,32023052,20430307,33939720,
12069,1717,11302,3982,61962,309887,516820,
2283632,108962,311412,168641,43236854,24988627,39828380,
2842726,91937,207449,108453,59993215,31224577,48382020,
1368821,8741,43346,22920,32522431,13551739,21912940,
1988998,91078,329182,172550,31370739,16193995,25306720,
770407,16641,47874,25559,17398906,8412426,13993720,
3833538,176196,364827,194372,74830655,44440478,68738620,
2089745,95630,191921,96855,42024111,24931265,38463940,
2794144,20996,73996,34104,65864351,27416553,44909280,
2103667,98981,481526,317842,30675578,21869977,36431540,
1249862,15442,54887,31754,28384084,12145185,18726720,
433818,45594,155371,88471,1704817,2501722,4169160,
412917,42420,155209,94305,1611612,2329545,3882500,
298474,6994,12124,4282,7652827,3937183,6620940,
4099677,195179,387190,203452,82105817,49353777,79442660,
2415037,61995,61420,30981,57296890,30173744,46544760,
683290,70773,250493,136410,2596277,3647257,6071420,
1673287,79798,237469,130131,29573802,16934492,28284120,
210822,7187,16476,8224,4617793,2982863,4910800,
966630,81850,452061,299218,3611830,9006403,15010520,
17170,2194,14540,7004,87056,392547,654180,
2446929,135202,277236,159811,49068476,31594981,52223580,
1367072,68769,234239,123922,21760470,13029214,20309580,
276905,34699,117916,72595,1549894,3410828,5352920,
3989145,473141,757728,383774,26282559,25337339,42148680,
531965,23359,118582,79056,8733795,6114539,10191920,
415132,46392,273511,148593,2886865,5834125,9989920,
4697324,456728,830441,523993,65423134,56278650,93559060,
445513,77480,83419,71026,1649116,3201066,5283000,
798465,92247,314999,166348,3154818,6532974,10912640,
2495438,52085,64820,27763,59406067,29149747,48567980,
425300,44979,169883,106745,1662464,2749729,4582960,
410241,42568,155071,93101,1605911,2296345,3825940,
1282354,20920,50494,27513,30055955,13873964,23180960,
1712627,80763,283624,161575,27240795,14187104,23712980,
601292,14747,51250,17768,11887105,5419143,8904200,
882574,33914,136224,86987,15456301,7518401,12637200,
1540883,121268,515608,323643,14590520,17875236,28397720,
1326437,27522,58448,33473,30961710,15807773,25871520,
1445454,100779,349887,217714,19195104,13002961,21670080,
237350,26090,82492,29039,905096,1576474,2579680,
871521,53535,125138,77297,16614849,11067373,18538680,
1503153,86062,224992,101762,21688802,13160644,21842920,
7350,715,5195,191,36750,127807,213220,
423390,45005,166855,96900,1747155,2622275,4426560,
396139,45420,149820,73068,1440132,2350882,3863120,
68868,9591,37522,26818,428697,999764,1718200,
1378948,131290,584876,374671,5123415,10782886,17921700,
11454,1510,9957,4303,57030,271456,452260,
3892411,267835,342475,184795,80485088,60166143,97241280,
1891411,73808,225749,125565,36249906,19415172,29706760,
1969225,59909,150065,87566,42888728,22489785,35706220,
712674,72443,257271,126786,3003710,4039480,6397240,
405229,15507,66476,20852,7652522,4895096,7650100,
4043422,141366,356378,117624,80158404,42896823,61313020,
2135897,128302,308573,92314,35579715,24273095,34629640,
2997338,152116,229324,53100,62300289,40917635,48939120,
7342678,235635,791811,333725,138504057,67738580,71183640,
3301367,114639,148901,59539,69522029,36769176,42191000,
1110527,72124,190357,103079,14003286,9952849,11684400,
2162313,144704,461264,174954,22175497,16039896,24793000,
1126032,53010,246207,38219,19233997,12903696,20681480,
1864341,135661,350120,186296,27821576,20979338,34394920,
1897814,47806,122611,55076,41169008,20343603,32628880,
1660735,60916,195434,101135,31578719,16072120,25960180,
1251709,57222,180123,93767,21878503,11814957,19533680,
2750916,32366,69623,34065,65926334,29040090,44177540,
1315349,126747,449761,241530,6802639,7784981,11369980,
9005,1106,7851,2555,44585,219774,361880,
411158,42813,154142,83779,1608646,2335789,3892640,
2499544,93849,230985,118303,51286765,27542126,45903620,
187455,4208,153315,137232,601506,4525409,7592460,
2321233,122182,350997,185382,39287806,23296847,33842960,
3845091,411348,594350,294587,36581955,28207819,46014880,
1698293,78412,256907,141715,31359616,19923935,33304560,
1366353,80620,407695,274188,15790563,15585046,25852040,
83605,6415,190642,103229,1147706,2565529,4304500,
4438440,421677,1011760,671076,40535864,42263401,62856540,
459238,8840,41720,22473,9943754,4767133,7613140,
1186035,80355,194426,102666,17211315,12376850,20625120,
428139,45140,165818,95478,1691649,2751515,4150440,
276534,5424,169490,148013,3422152,6627376,11233460,
2400671,125724,371806,199856,40901187,24660543,41103340,
1544342,50881,150563,84361,31006910,16787112,27790500,
2518271,111985,228493,132341,51630407,31240419,48065580,
1713463,68125,234436,123295,31558223,16829241,26219540,
273755,7957,20618,9748,6838300,3737288,5998820,
2132920,163996,482889,268049,26181053,20729037,30391980,
56047,8524,49753,35401,235586,1301283,2167600,
504640,53415,197327,112817,3323871,4541559,7570360,
1124620,76664,191049,102798,18491021,13270801,20687580,
126821,2089,13958,5477,2768686,1313816,2044700,
802085,90907,315480,175441,3117086,5290727,8817340,
7225,717,5617,126,36121,127582,212560,
537360,50941,155688,81746,4986180,4832377,7504420,
3610795,192265,221557,111116,78299807,51694329,73740600,
55464,7335,26258,13165,264726,686528,1144100,
1653653,130304,443431,260579,14318377,11150563,18583020,
18049,2275,13659,5971,81094,347256,578860,
2089115,133503,190130,99059,42200496,30478459,50877360,
1973087,110001,297136,171265,34957564,21788893,35276540,
709257,5561,34242,17644,16507192,7016729,10818760,
1608306,103049,318891,183348,21260973,13511993,21094400,
10247,1132,6003,1281,48204,174396,290700,
405092,41797,150407,84708,1575458,2196328,3660400,
1945444,52233,185112,111422,38766479,17681599,29509980,
42994,3250,19244,8753,355320,471751,746480,
1384506,145811,544868,339745,5360716,7630726,12717920,
1241975,48445,42972,21453,29269988,17395891,29054220,
1656903,58658,166631,88128,32352488,16604047,27693700,
2419275,77223,313091,189974,47172825,26492038,42189660,
578412,13340,43074,22248,12143004,5631775,8588880,
801220,92155,321403,183984,3146900,5724539,8807040,
74295,2001,10986,5341,1773864,951308,1521560,
1797529,55239,145474,87130,38497958,19792519,32466740,
2769840,135209,272768,129451,54231679,32510337,54096640,
1269815,19690,71704,51009,27646625,14671666,24417580,
2761394,193064,676415,376124,34717541,23129530,38550080,
2802441,99603,72841,41101,67073708,38670255,59622700,
665578,28859,86653,57788,13004858,7257654,12117080,
2220541,102827,362378,211407,38068782,23801621,39008100,
13400,1747,12321,5089,68473,307707,512900,
2159438,84720,297373,169325,39391353,19815367,33119040,
3258490,383085,513623,235508,25985996,22898969,38126960,
1902638,64020,252123,98083,39154982,20981494,33889460,
2958942,127322,442854,241178,52732402,29884343,46902300,
896912,36248,234817,122661,18720593,12389517,20454360,
4702581,357701,903973,608115,53427200,43940722,73376300,
2955224,92802,129870,59375,67807211,37572122,62438180,
1926936,87820,134705,85395,42463710,25862041,43211860,
1253505,79291,232745,115911,17120059,11432403,18877840,
2194744,113513,71212,38834,52446733,35661258,59483180,
1536837,78098,287913,164415,23284275,12477216,20811280,
2033792,87455,269148,142321,38816611,20511261,34246760,
2311004,62495,121730,74159,50172338,25787789,42271080,
4273427,158593,267341,124492,91067951,50634374,68035640,
311641,4525,23707,11212,6858378,3142081,4886460,
1400528,84424,297811,157023,17519165,10049062,16794440,
1265827,70033,210942,110717,21621173,13189696,20568060,
224868,3615,15332,7482,5146945,2400209,3996000,
801540,83369,298457,180189,3113273,4482615,7470640,
49513,6618,25567,13624,237908,679051,1131400,
414235,43950,163088,98890,1642289,2641333,4417320,
2470574,213354,588698,181711,16675459,14561313,24294840,
5654024,393167,636156,52233,49359302,34166415,51887420,
7402822,510944,747668,495748,29258772,31442160,46747440,
7486228,492369,168853,69060,32107850,16945199,28250840,
8132841,610049,489730,229878,35257005,21849853,35810240,
9794819,612862,374620,171505,99219565,55421727,90497840,
8252017,609562,306431,161571,49388206,29877410,47138720,
9204568,716530,514348,254708,40240608,24637430,36277260,
9142249,693685,258641,98469,39300897,19786041,26386960,
10268556,796723,451447,202766,69297279,41445049,55496260,
7679400,734437,418770,171555,64587966,47957271,63716320,
10802665,928116,306484,139288,46112598,22697096,26743160,
7408148,706692,708964,282011,33785014,24480251,32321300,
5628080,618042,117505,29691,24902774,14128042,23547620,
5903922,537226,538598,218061,26952605,18089534,30180760,
5029809,659464,571072,243897,25627726,20275127,33804980,
4711457,540883,395657,98576,24383990,16766154,27944220,
5342027,629818,672940,268349,26654232,21038073,35063860,
4946496,539971,392999,95897,31811508,21059273,35098640,
5159218,576648,519514,162741,28186297,19842373,33078140,
5866112,577824,597523,221172,58989529,44243381,71275160,
5245696,599620,423263,108306,26803564,18196238,26860000,
932992,97145,345033,183066,5394633,7243936,12038600,
33611,3559,29726,13798,181012,505011,842920,
660636,75425,295822,182890,2452259,3829716,6427600,
908643,101026,373801,185945,3612118,6061157,9820980,
7226,711,5396,112,36122,126452,211580,
1161106,91125,313288,167033,10322382,7805290,13040320,
101354,3139,6139,211,2474635,1769678,2809020,
586828,46378,301421,219273,2143791,6780488,11302020,
3187161,420230,644861,343191,15391919,18056930,30156440,
1116061,63764,75236,42218,25491508,18117548,30121220,
3153599,320547,653507,281334,25525561,21568871,34050380,
4823322,514786,443513,138393,22856599,17957768,29496520,
7143116,711317,799694,507822,31823586,30227922,50441640,
5389498,590919,726028,252959,24603650,21308130,35467560,
4609481,528228,374771,87998,23850834,16049268,26747980,
5779642,605969,669431,257939,40328376,29252454,48820660,
5437677,477861,371434,118038,64355137,40178855,64781760,
5508384,537846,607919,291901,50280462,40253303,61919840,
5357640,623351,630495,240874,30270001,25562264,38274820,
3336105,386980,381126,154882,17341956,17314607,26616920,
4565338,505021,718128,356863,25827880,25815871,34999480,
2295800,142031,217513,125270,30035097,17594968,25103560,
1098776,37506,144986,85297,20987782,10447270,17438940,
3215433,216252,511855,274006,53964493,38147661,63545360,
1667354,48297,50913,28652,38117739,20481461,33976860,
954160,89369,325398,204358,5948420,6390621,10227180,
14652,1511,9525,3437,64887,214396,355480,
1524950,88098,161175,91610,29745275,19831288,33164700,
691683,52621,181482,104541,7148979,5490386,9028220,
1136261,5798,30794,16215,27554564,11215124,18714300,
2043010,112359,392108,235014,30766559,17345769,27152380,
5168855,553416,400845,98582,25831456,15584676,25382760,
7171441,732376,250890,108462,34316542,18959800,31777960,
6746933,633059,811908,286018,70694398,49999140,80407760,
4116843,450399,442098,181286,25252286,22164945,29526480,
4622299,524187,707138,354387,22878240,24629219,32839880,
5188099,535685,449752,165132,44912772,30828809,41138760,
6376163,646457,530042,177257,56599229,40819263,54592560,
7906528,871042,957996,372764,50179801,43594105,50550680,
6716399,674086,484715,144074,60544651,40251090,38317240,
783685,82457,291824,169900,3059343,5500644,7694280,
109083,12943,47315,25771,497810,1094681,1799200,
4918675,438762,397291,79158,62338930,40356975,67476280,
7183061,581959,979461,297982,98594996,65479156,94765560,
1882147,81698,196814,66687,38273570,23656881,27196860,
3463904,230984,561311,225629,55546060,42410641,44573900,
2373750,69912,242976,47311,45711689,23080786,30835860,
1556725,94906,212818,38979,25040849,17928074,19558420,
1271825,135489,446650,247297,5206524,8300872,11432920,
1209917,45024,49141,24441,25470209,14155932,23702460,
3473941,149906,532058,200796,49799819,26092419,43450960,
3662360,391278,368954,93786,17466717,12530405,20850440,
5026910,581955,398840,128346,24749095,16948288,24523360,
7544698,854152,1052686,422916,38028239,31979977,37628260,
7391380,614348,595290,287936,99761261,72771903,85550860,
1786816,109698,417684,233049,23519755,14415381,19088660,
103377,11673,43553,20528,463107,1004037,1611420,
3100736,86734,76552,37492,73905324,39572631,66211460,
5074133,517655,936011,510082,50778672,44982930,74836820,
649837,18219,85323,34063,13661790,7453772,12349180,
1979115,104790,371854,214681,30730001,20199177,32079060,
328094,32065,220800,105337,2482214,4309385,6701220,
3288976,311097,498342,392411,42322718,35607941,59260000,
2644348,192562,503870,262466,38625259,28877440,47996840,
6972,708,5548,55,34860,124828,208000,
579910,67535,251667,146216,2224481,3968155,6613640,
2072717,124019,220033,113801,41248518,28096105,46861520,
2731975,52864,65190,32420,66011447,32098678,51977120,
2852768,113166,355765,195171,51172557,26367912,42663660,
1235139,21325,40765,20407,29419356,13826704,22985020,
1960247,56657,188342,96555,38841220,18228721,28533920,
587316,49470,165606,84716,5921770,4892480,7733820,
1101586,16795,69639,51376,26132750,14591763,24508080,
2459935,186000,733831,443372,25786411,22933836,38026900,
13171,1593,9097,2511,62761,247226,412060,
1067643,70825,175662,100652,17512381,12267763,20492400,
1297563,47172,178185,96854,22702891,10900893,17542280,
1083341,26880,21230,10084,26248196,13561057,22599980,
1529323,108859,408381,230040,16843150,10913934,18155820,
484134,12098,19002,9852,9817680,5333273,8888960,
404663,42588,154893,80672,1574007,2355281,3925640,
2455498,96238,300111,162281,47862572,25099269,41865580,
1453441,27463,32737,14707,34881466,17013609,28325500,
5163838,341589,919567,427021,45903027,36265441,56210780,
5845770,570863,292642,97332,38527227,20278863,33488920,
6128816,583679,646987,280287,57635189,40487594,62342540,
5031984,581461,540132,183872,25556399,19039518,29292940,
3961358,472301,367536,109834,20335755,14975099,24343680,
903931,106781,339652,192692,3588124,6606832,10992220,
2658760,88964,40568,17489,65051435,36684025,61285960,
3541870,133058,266687,138774,75837558,42051672,69728080,
1300469,88405,202511,106548,22030514,15933611,25554460,
682713,19172,24018,10180,16397701,8731801,13727660,
2305483,166577,487596,259548,31084463,22387158,34995020,
1800660,74642,50652,22167,42505382,26264654,42046280,
357921,37699,139212,82895,1417256,2139843,3613400,
739298,51580,193875,96918,8293275,5604362,9281720,
539722,17826,58368,39704,10117959,6451684,10811380,
917104,102623,360224,228762,3839238,6454073,10730460,
1998765,37930,123792,48375,42982482,19272251,32087500,
1877872,63613,206097,124017,37170603,18817790,31397000,
2457534,90145,227197,125435,49764910,26323859,43840620,
4998440,473469,412595,52629,56569586,34391638,57387300,
1745733,190849,495110,241656,9300433,10248631,17013260,
71822,8057,33978,10099,663379,854977,1464580,
2518350,114929,205207,110017,52684968,32158844,50344000,
2196724,118953,215534,113797,43652813,28031955,46649640,
594079,11650,49724,28768,12805785,6078654,10131360,
3833041,460450,686630,363421,32211329,31926919,53346840,
1079493,91044,358017,166509,12088534,11714478,19370160,
269532,28402,132336,92324,1408158,3713110,6229460,
3714124,356759,810131,413721,18575973,28399631,44523180,
5392299,484239,1003692,669894,25758368,38650359,53344500,
4733759,406565,712319,294230,62592149,48154425,56014700,
2013639,204913,463969,161898,8960644,10424103,11367700,
1381367,108660,225400,80237,14574702,11882393,18869260,
3858671,291969,647419,339391,53406053,42658409,45906680,
1229408,100245,231542,113399,11577836,9701881,9789860,
433838,46188,154070,97268,1692805,3950279,4261740,
2023377,70490,183019,108590,40847155,21219244,34271040,
918777,9105,31743,17137,21534541,9283072,15381660,
803752,87974,306318,171960,3119758,4813610,8023960,
51598,6619,26975,17199,241675,701492,1170560,
2107727,126458,384603,199279,33578933,21732299,36225960,
646735,48696,179144,93378,6658146,4840375,8066540,
19503,2733,16573,7943,93484,439582,731480,
3056734,201172,394088,210350,56919942,40856995,68161860,
1516826,10024,39462,21259,35979892,14951591,23428500,
451114,43244,154321,83946,2632399,2876970,4688520,
710042,51784,167404,99466,8700666,6244069,10364580,
7434,715,5535,53,37170,127695,212800,
1215533,111361,401879,237911,10093569,8940406,15025440,
2956933,105718,86201,39640,70433331,41305250,68844340,
2776768,136723,450751,242709,46457410,25773906,42911360,
2363861,99862,298778,162710,43505226,24086008,37572480,
6258,616,4509,113,31290,109343,168060,
813378,93484,331067,190259,3168508,5771004,8878340,
610388,36030,45188,28191,13996624,9819038,15200020,
3028890,92699,219980,111753,64229444,32853886,52332000,
2147665,58219,208212,105948,42739692,19683466,32737020,
10599,1216,9129,2098,53607,190104,317060,
814652,84319,308989,188493,3173686,4631922,7719620,
1049427,34625,23973,11760,25728133,14707575,24663180,
1993944,138918,341726,183662,30515501,21869409,36350000,
1519463,50129,190183,101549,27874532,13227907,21293580,
7266,718,4991,55,36330,125171,206280,
802398,83288,304044,168658,3116877,4572718,7620860,
7394,721,5084,47,36962,127206,210520,
2521982,78494,209075,105377,52728582,26457259,44171580,
1329104,101241,193764,98704,23112964,18066509,30043000,
7266,693,5479,56,36331,123951,206680,
803375,82329,296998,174688,3123858,4291922,7153320,
1577517,35305,53893,26875,36248082,18133308,28763480,
872251,75290,271424,148608,6447156,5394828,8616440,
505803,51289,182498,87904,2023191,2765348,4444400,
90111,6538,57119,45657,355824,2252861,3755980,
1178473,95200,363398,234108,11017138,9877880,16493360,
2145337,90777,146079,76525,48503352,30230495,50383900,
984157,96637,360388,201423,5630494,10236278,17060820,
4947428,512862,529383,272346,65007793,49969462,83380460,
2324248,56434,247321,113816,48982925,24726442,40649680,
2595867,97849,409222,222143,45909918,24891909,38298240,
4473591,327609,541427,402552,77223957,53281696,64183620,
4219488,158810,305750,179900,85135371,48378295,60958180,
843493,86421,309341,158934,3226798,4868858,7220420,
2047786,50555,45391,21742,49607950,25555516,42517480,
2660284,134388,420859,255316,45188777,25700805,42768540,
131565,12408,45789,14676,1155936,1367636,2280960,
422991,43950,156049,88546,1666010,2473208,4122000,
653625,44105,167867,97350,7257711,4631094,7718440,
438763,21706,21438,4550,9006178,6316280,10572320,
949439,61557,176577,100807,15685451,10635356,17161760,
1236803,70976,183569,90053,20395298,13089340,19872180,
511300,57697,196892,125203,2077209,3907781,6497080,
966521,86293,445883,296712,3648735,8869100,14747800,
1041549,24401,34908,16890,25338290,12818928,21462820,
1009109,62303,237822,144247,12341819,7575967,12597480,
327443,33023,97890,43566,1340027,1716126,2815040,
331070,34380,125038,68509,1299670,1802880,3032640,
655592,71837,272807,148959,2502831,3647118,6066300,
1494259,59708,33540,17747,36655822,22396093,37574640,
2654205,145584,202002,139386,55175475,37034193,61542900,
780870,59191,156849,83688,10427309,7683116,12737600,
290821,19205,81076,57486,3709630,2532981,4268620,
1900486,121633,560332,340928,20959943,17887643,29731380,
1848687,61015,52565,30133,44084677,25253359,41079780,
1824278,86105,191229,108386,35386906,21116349,33453840,
2292134,123114,179621,92754,47126248,30520440,50755100,
195167,20458,71955,47280,961364,1434596,2404860,
1124015,77162,259476,175471,12253797,8612625,14307980,
79538,2253,11673,4710,1837389,1063022,1833700,
1306476,56592,197617,116319,22383817,12030490,19989880,
844830,45715,168806,91540,11890323,6586149,10977000,
1098060,12152,48475,25142,25154608,10737970,17927280,
1988641,128424,451115,240335,23836210,14378354,23973580,
2299836,5986,30727,12363,55599834,21837606,34739060,
742370,45045,167683,90928,9230614,5554946,8793240,
413128,42809,153316,81933,1617667,2396530,3953140,
193825,22271,98642,25104,854588,2480201,3569740,
1558727,159149,599793,266298,6291941,10413577,14773740,
512713,44926,185118,24327,2242507,4198572,5888120,
2913235,142002,382375,144505,53836384,33292904,45322500,
3230936,139581,405013,151127,60068311,34633718,45812340,
966339,72125,173160,40646,8884551,6531166,8341540,
1474471,144266,456005,238143,7335021,9192183,13008460,
3089780,88775,105374,55444,72636969,39013593,51939560,
5927295,241078,665250,180006,110291909,63494614,81539940,
2422034,69940,227335,116927,48109436,23421138,34594640,
3113698,383026,511739,256210,21768691,19494591,32260940,
880382,93350,364613,187925,3473442,6664777,11037020,
2448278,86513,188212,107784,54337801,31894104,53201240,
1345666,73815,411634,232046,20203723,13391761,21235600,
3309337,243413,607696,447579,34349993,27774530,45780060,
876607,5462,31447,19432,20766737,8679416,13676860,
1205770,122895,426852,228541,4692027,7092344,11756000,
15578,2116,13148,5965,81020,401937,658360,
422483,45893,171722,92845,1662321,2762645,4603400,
514491,50106,182628,105431,3134848,3662846,6103040,
1028874,109914,296335,155074,5065245,9080732,11734980,
1461983,155732,509284,289499,6173620,12512944,15063480,
384133,44922,157647,81845,1837971,4304926,5711120,
2662784,150490,211354,108960,56556881,39447568,49759720,
2711991,170640,324871,175712,52410934,37314265,48215740,
1283484,51251,88214,52405,29004611,17580471,25128960,
3614755,215577,581465,309311,59274601,38185049,54653980,
1232936,18453,59532,33866,27256213,12866053,19882080,
1471597,45498,164290,92332,27492021,12868017,19810680,
1218434,45915,179517,109889,20830118,10110223,15283260,
356914,6856,37342,24054,7806780,3803471,6216220,
804262,83351,293915,163384,3126097,4279346,7130860,
802502,22383,34057,19626,19102410,10315250,17259940,
1511358,87902,179522,103803,27855091,18481315,30735360,
1158526,46868,163655,91094,20114873,9914579,16592040,
694777,12228,28201,13837,16200734,7710794,12818620,
1293264,124099,444132,249499,6429174,7159057,11896740,
10793,1182,7565,2108,53862,187301,312260,
2641776,158301,216876,126892,55103725,38492502,59917040,
471771,49165,158001,89064,1930809,2630959,4379240,
102837,13653,34964,20499,491651,1067978,1780020,
2555541,188911,402239,225787,43888833,32883878,55062060,
2765416,104097,118334,49504,64485079,37504171,62466340,
2082492,106241,205645,109662,40551074,25210207,41804660,
1650108,59434,190756,120495,31308873,15678870,26165440,
1389183,35470,45317,25660,32367635,16648894,27748180,
2740169,137632,447037,244929,43465956,24495473,40868920,
2182075,70151,91722,38541,49477499,26915413,44834840,
1103099,72248,175505,101278,18071266,12510943,20778700,
1141655,49191,177824,98066,18865130,9606168,15992020,
9384,1000,7162,1631,167455,273923,508780,
828485,72623,235343,140047,8356958,7106768,11853800,
419682,49608,184984,95784,1577847,2695971,4431420,
1544517,57239,142295,91575,32539275,17485673,29276320,
2408914,64078,218941,113566,46645523,20656095,34333980,
1460883,63738,64406,32592,33706111,20920352,34818960,
902522,92354,315896,174679,3537338,4985943,8358620,
323303,39040,140565,63816,1255572,2257521,3717340,
1567079,58336,152461,94383,33194944,18108499,30226120,
625861,62387,218347,116301,2458417,3619569,5985340,
2924735,388635,504927,263148,14631665,15703065,26239440,
2148685,114676,214940,121830,43461216,28837281,48156860,
1929362,100109,330976,186246,32658337,20849010,34608660,
1004360,24947,185880,96761,23131031,13159192,20670760,
3052288,262654,701208,501427,19938570,21515465,35318000,
1213053,14273,52844,29056,28687664,12779850,21330000,
1156353,115412,403465,221039,8155378,9169005,15312440,
792425,60592,174452,94632,10280237,7549109,12518060,
809707,28647,39211,24748,19063912,11033831,18436560,
818397,87025,297057,157342,3177460,4679349,7753700,
70009,8531,24742,15025,311753,767693,1279420,
1512715,70143,188235,95456,28066577,15898967,26498320,
933786,57484,169679,90671,13991051,8751803,14585040,
13250,1508,10784,4926,68793,268159,446980,
3657292,97705,319032,162617,73593279,32794337,54841920,
2545077,52747,63864,34630,60158077,30230934,50264820,
1530290,116728,326509,200977,20016339,15453371,25372760,
413204,43397,154668,83025,1621432,2470639,3914540,
1206123,6463,39356,23334,28967530,11941157,19975580,
2726597,146063,440840,260950,45600522,27030196,45010000,
801891,39518,119274,71357,14242460,8531454,14186020,
1124122,51685,177414,105554,18908118,10338846,17293860,
2133938,80403,199185,108985,41561989,22421415,37360600,
3183221,44388,40277,19254,77381045,35100407,58595120,
3147536,151962,338700,179616,59117097,35333085,58757140,
3285259,52108,57219,27047,79360914,36877418,61510320,
2732431,128587,313791,166462,49842418,28266414,47127600,
2936705,66718,199626,110106,62378119,28841474,48100300,
4134252,123243,63610,29971,100276602,54453816,90841240,
1673128,123765,415067,232681,19166549,14313936,23670640,
63981,9398,51547,34873,313833,1344422,2240980,
1216665,45878,159268,87722,21181571,10213228,17021100,
647780,56879,171603,99826,5856289,4557770,7631220,
2888540,19726,62426,32174,68610058,27876376,46459640,
1037089,105636,401915,237393,4937273,6182083,10269540,
56686,7149,20529,10097,408935,756812,1324160,
2671590,137626,319387,159375,48464149,28821775,48061440,
2043513,53678,176841,90717,40671284,18448378,30666940,
530521,2600,18340,8775,12899188,5308285,8893740,
3205551,109610,335869,183441,59730780,28748859,45570400,
285059,5429,12843,4412,6491188,2833375,4755660,
769975,65466,215110,117614,5562702,5798937,9547320,
459886,42709,153182,85444,2987649,2810637,4718360,
3502488,129617,54497,26467,84411074,49364976,82364200,
1389260,108402,312990,191089,16649977,13360620,22145920,
2626528,27966,62469,30128,62838500,27501744,45843560,
811338,84176,303232,162980,3164702,4571492,7613580,
1356470,67176,189079,98095,24133877,13804628,23014880,
22993,3165,14398,7132,106394,416603,694360,
2414904,87799,309827,171358,42459882,19959233,33333280,
4379094,391594,509331,243238,52445292,32044744,53378040,
2182753,52137,191449,102676,44180372,20365450,32158480,
2299489,96944,391415,227295,39372699,21563729,34560220,
1021823,20006,179093,93239,23628508,12539232,20349280,
2629362,257312,701492,500413,10500853,16876353,28100200,
200460,4096,16546,9645,4751799,2480740,4175360,
2043791,85836,305401,165537,34252712,17484054,29153060,
507326,50573,188435,104341,1932687,2994573,4943900,
709946,23105,77093,45464,15706494,8952682,14921000,
1320443,99459,317673,171387,13083664,9746281,16243800,
72680,8682,25215,14867,328041,788632,1314600,
488716,54814,175812,92353,1949459,2961237,4935380,
421311,44039,162148,83135,1647865,2537664,4230460,
2019104,96696,51872,30323,48203685,31162821,51932780,
804158,82758,295435,164900,3125192,4417714,7362940,
31928,5213,32230,22634,136901,921289,1535420,
515051,54998,204256,119058,1992290,2816918,4743240,
707990,70226,252192,132310,2782218,4048928,6701600,
1130356,28241,27634,13012,27332244,14256316,23819860,
4151156,270904,476721,262234,80317333,57768040,96219920,
66331,7485,35950,20545,295022,749359,1248900,
1020902,61083,178455,92804,16706701,10710735,17977020,
2471554,123069,224069,113403,50146878,31219535,51906580,
2203479,18028,59125,27673,52840071,22241012,36399600,
1218487,84052,305656,170582,13145025,8514606,13667540,
434451,10881,19941,7734,10491391,5398427,9084880,
1986009,85621,174900,97276,40093360,23625763,39246140,
2258240,106323,351382,185153,34861978,18503867,30024100,
977102,7420,47041,26638,23117504,10001479,15979200,
1111006,108715,412103,249481,8895639,10146992,16888900,
382408,44705,150315,71592,1815747,3527198,5832140,
277291,33090,133933,84591,1234288,2213805,3793840,
1090954,74787,210207,123557,15219699,10862071,18164600,
1926772,40952,70889,36034,45073787,22246497,36932380,
540642,56759,210931,158499,2133506,3355867,5696200,
296164,29537,99317,44257,1130313,1571289,2522460,
185566,21216,87765,53989,730016,1202103,2037200,
1029942,104748,366895,187084,4009981,5629310,9348580,
2090387,97451,68127,32435,49834825,32181699,51625640,
2143757,79597,211751,109550,41738397,21697785,34756360,
2349340,121599,163696,82388,49919828,32202577,49479800,
1949007,45523,48821,29311,47226226,24323289,38185660,
1479682,140512,420295,237308,15050746,14556660,23083340,
149330,7822,16173,7425,3279114,2248215,3714220,
414676,43181,156198,88448,1620016,2398699,3996880,
1422571,76534,231786,109470,21583644,13631136,21358520,
3352587,127957,232600,60183,73266751,42701253,59442600,
1970378,178267,639258,268100,12832894,14837390,20642720,
3767318,121576,246652,67303,82322500,44744698,59726520,
1603997,114080,376120,126637,17642135,14834212,18091620,
4840081,545773,1092415,489903,39019935,47495844,55866560,
2232725,55762,75646,34090,49393995,25133841,32417600,
1227601,138967,525358,304180,5199684,10810984,17699540,
806750,52191,247556,96388,4498097,4715162,7886300,
2630216,307659,751898,368968,21547698,23943891,39919440,
2466217,209118,377749,249701,34528314,22991751,38246040,
10004,1234,8528,3154,49265,223674,375040,
1267415,128975,440646,231287,6185195,7657976,12825320,
1294717,36834,57441,27546,30838446,16822040,27453860,
2049496,70112,215595,113604,40154887,20900457,32508920,
1485232,54734,184659,93738,26761339,13190378,21197280,
45864,6766,23531,10703,220707,689444,1087440,
812420,84772,301406,178538,3157315,4510303,7518320,
7308,699,5003,69,36540,124064,206860,
1909701,83217,197564,111203,36542458,21246306,33388860,
1978806,94855,217815,116782,38773010,23509416,38828860,
7565,772,5540,395,37455,140323,234060,
1209833,125940,453325,258530,4706663,6864974,11441620,
1427646,10452,55369,26279,34025551,14331139,23918920,
3301890,74046,234155,116837,71060083,32917422,51688000,
2052645,54137,216507,115937,40265172,18295846,28078740,
1733676,9703,46084,20040,41863972,17112649,26424240,
1873678,116423,318299,165044,29395489,18873075,29186080,
1600347,26182,40096,17416,37859984,18023529,27789420,
404721,42038,155755,92129,1573659,2378534,3961980,
408142,42022,154148,92032,1596085,2305322,3840920,
16597,2521,10946,3461,77077,302844,504740,
2738258,161090,486348,267094,42015639,25450752,42454560,
61520,7352,24976,13532,246937,580443,930060,
354478,37008,133586,78504,1354816,1909841,3216940,
3094931,106559,224884,116584,65853049,34844503,58077840,
153205,1204,9637,2320,3354028,1414453,2323600,
4098555,269079,723517,142406,52680558,35525766,59315540,
5554375,407769,474729,137941,26962465,23719867,39486960,
7262896,550157,266256,122745,46960611,24099411,40167320,
8008860,604757,599219,296366,59480222,42576363,68547680,
7164197,586474,282758,108156,61823405,38286312,59577740,
8722373,682880,575161,268161,61962644,40949549,57901960,
9944948,787281,441413,183986,54568794,30649464,40716920,
5677508,602288,452451,144068,27288008,18813640,28726600,
6737317,708655,439465,177228,30132912,21102403,34930040,
6340820,582966,565496,195536,50652090,35685237,59589780,
6010974,510874,506261,186660,72334220,46627650,77573260,
5840542,597081,547655,178442,44718613,28677481,46362060,
5287015,605861,446179,111736,27441342,18907423,27411600,
6092780,720279,740373,294489,30410845,24315331,34096520,
6069782,582760,421981,109534,54583982,31486866,49217180,
7407074,679815,720170,277610,72980236,46626554,63955740,
1913115,186527,283943,131436,13382976,9936303,14158520,
1051023,4886,34695,16641,25312163,10208709,16829100,
4294149,480670,836674,417133,33395271,30728308,48309180,
229365,10879,37675,18541,3768991,3159479,5098540,
659617,69714,282707,171713,3024246,6454744,10759280,
445229,44734,273359,148522,2331755,4556087,7592200,
1840080,172109,432430,354671,7507300,10812172,18032380,
2655521,161709,348916,186333,47553678,32845198,54730440,
10983,1375,8487,2214,53794,203365,337700,
816849,84537,299292,163879,3188546,4509176,7516480,
2310526,55717,186582,93634,47943450,21317554,35469060,
2629181,254079,417958,109673,20033441,14562788,21893480,
6902913,760479,653332,253197,30433394,24296513,40135520,
6051835,670927,341262,117586,28249596,16974085,28282500,
5449257,640448,536595,191309,27007699,20283261,31306980,
7309482,659359,621019,241031,77976930,47674373,73314920,
4873283,530495,387315,107839,33665230,22363440,34478680,
7357894,654039,759280,328187,83298905,57373946,88351740,
5986364,512365,447596,173002,75279222,50184229,71336820,
6580048,690849,716967,275137,52076291,40007482,53123820,
5367279,561232,552156,208446,36727357,24036912,30174920,
1152476,11234,24690,11468,26167057,11443790,14168000,
839763,84989,309687,170197,4463620,5832512,9662220,
1405323,46355,52243,21147,32840891,18234424,29821620,
721104,51588,173151,95295,8697725,6240562,10336720,
428813,45612,169709,92202,1677024,2606408,4343940,
941421,14344,28340,16112,22403079,10304651,17174520,
3490059,160688,359284,187816,68699725,40054947,64711100,
809409,19432,50922,21915,17839702,8874284,14736140,
2588429,122796,363195,207955,45461360,25507538,42512380,
1012527,60842,205315,113303,15018491,9395308,15658700,
415454,49334,102437,19419,2213310,2563506,4299640,
5243201,582367,631478,265105,24525163,20942479,33159560,
4670279,459595,471575,195845,37757552,27371310,36493440,
3756398,411728,454091,183592,26061348,22722430,31511340,
1458526,50902,170259,91644,26853638,13253484,22020680,
316746,4062,24828,11286,6987960,3108883,5147820,
655489,71597,259321,149144,2563287,3950260,6618560,
2379979,23093,75290,29915,54143764,22051094,36750780,
2802719,104229,333554,174760,50054079,24919430,41559580,
2182859,128952,432307,296363,37413741,31388866,52376400,
357823,8412,24342,12380,7594938,4064494,6674860,
422462,51207,177042,92361,1813354,3745543,6340840,
7527272,711088,668178,169716,74592134,47040294,75517060,
4122720,524590,551439,189331,23507928,20355436,33161320,
529232,56844,188185,93765,2096513,3225538,5321860,
9014,716,7350,2565,44786,352277,621120,
2818578,145181,334714,202916,55383272,38451495,63964560,
3140327,243375,362649,137981,19861591,17716480,25350520,
5526368,360914,652186,181584,45342388,30904910,38783660,
5499070,368465,612496,251634,51838257,37570867,44612960,
4605821,303174,496737,85898,23929403,18662512,19971220,
5715082,411847,669183,196686,29136595,26409466,26840840,
9780359,769323,1053058,374406,100634078,68473710,68488500,
6430013,461881,671075,192821,45321026,37040421,35390020,
881584,97007,525851,284253,4493216,8993056,12513480,
1977268,167823,434242,381451,7571750,16914381,19515240,
1901307,60631,246261,160169,34249270,19109006,31132660,
3099537,136350,317037,207189,62402883,39924464,66494080,
1983673,133223,305845,174155,33938750,24390017,39322760,
550514,53718,192146,100826,2123710,2963608,4783840,
21264,2954,17060,9090,101234,382356,631140,
903638,77176,233372,156195,10167341,10692271,17884680,
1321583,59293,185744,100273,23323804,12655873,21021740,
20497,3084,18771,9572,127090,522899,935520,
2192418,160590,420410,233160,33335103,24060575,40027140,
757201,50997,32046,18047,17428433,13073346,21788760,
940195,51097,183270,102458,14365983,8363785,13973560,
5612474,265527,517924,135196,69744353,39129205,64480120,
6620985,691850,468531,173021,33019084,21631624,33405220,
5193249,599619,761403,330456,25158595,21503974,33329420,
3870197,445188,366744,116856,20033843,16380587,27300720,
4016742,440361,478244,196010,28358598,24641628,41107180,
5101422,463743,520299,243118,56562051,41003829,66317080,
1970260,124446,130957,69993,35582754,20585630,28264220,
1921968,132516,321866,177208,30637980,22096634,30960640,
1525191,66796,150061,92428,31197956,19245021,29692460,
2008721,50014,187208,124406,39981774,18285389,28062020,
405146,46581,158338,79380,1581433,2750733,4584640,
413734,42986,155225,98388,1621715,2327582,3877960,
1424970,94264,309803,180564,18807449,11802142,19784460,
2004617,105220,215589,120263,35476327,19736449,32862920,
1315529,76345,169013,90304,23433975,15461151,25688680,
411777,43192,158441,88503,1605959,2398223,3998400,
333564,3565,15996,7030,7849844,3441998,5735220,
2536206,102841,314562,162150,45491608,23587908,39347000,
1059572,7259,35480,18229,25130719,10434134,17356540,
697789,83288,280050,158090,2752551,4832393,8055540,
405358,42698,154470,79273,1582753,2334729,3889700,
478158,53070,184137,95716,1912916,3142087,5236620,
2035157,97777,321706,181267,32986819,17754749,29591340,
402558,18092,14511,4220,9575572,6010653,10017780,
405244,42429,153184,91405,1577104,2305134,3842000,
595379,58500,211576,125917,2384698,3400028,5666620,
452969,7558,9462,3170,9655848,4742726,7904600,
781390,80292,301560,168802,3054034,4355206,7260080,
57775,6367,27975,8144,257984,590928,984920,
1721909,91171,304881,173224,28454654,17464684,29107760,
406288,41613,152661,88119,1586393,2256316,3760400,
421398,43548,157032,93509,1651156,2402782,4005820,
750751,76159,275435,162537,2890817,3868894,6446880,
58111,6297,23994,6154,259700,525938,910480,
4670972,541360,1034772,559188,39104222,44527837,68401960,
1611935,112138,427698,168364,18150288,15071955,21383400,
1016798,81310,320474,127730,10976933,12726595,16970560,
2219484,174253,639886,300578,29579897,28702446,38544300,
2493853,346279,658372,417189,10227917,20236328,31148040,
3349494,198610,600427,334053,52083356,42937655,58963540,
762862,61499,318734,222073,3065102,7587153,12607700,
421204,43928,162507,104054,1659222,2799818,4652020,
1805579,154588,665607,209474,8317926,11731550,19643780,
1659153,83153,161605,86608,33646488,21762474,36273880,
1797971,107491,404621,286155,25534371,22033487,36630260,
651657,56000,164799,100541,7733520,6651921,11186620,
2360133,90446,71026,36833,56010114,32780279,54656520,
1226086,73642,192524,115658,18997315,12766072,21178520,
1679244,68292,166331,81291,33069660,17106004,27138000,
1731286,45851,172641,101856,33547503,15024556,23123800,
427403,45785,173666,105315,1671577,2934546,4798840,
1388753,144961,224242,103937,6046598,4979665,8333420,
2867093,308479,356823,109285,12476257,10212157,17020280,
393521,40930,137992,68636,1440227,1981585,3268940,
415461,42644,153613,80856,1617765,2316411,3859520,
410323,41714,151096,78721,1602541,2213520,3689200,
256556,15320,29314,15424,6479914,4842626,7984080,
3878097,192830,260556,139910,82971435,52406802,81649040,
1647241,69806,149332,76232,34307846,19812363,32787960,
2371600,134815,262776,156631,46697945,30771711,51131820,
520369,57412,201568,105585,2069982,3436620,5690060,
1246000,73417,186971,106626,21660140,13706010,22977740,
1599426,61920,183443,102903,29870588,15503428,25786460,
2759612,109545,189929,97223,56322893,31497714,49936620,
1022240,49603,181181,109931,16013596,8822354,13666400,
3036410,113621,184057,90957,65687388,36180804,55693960,
693026,3764,27698,14686,16185356,6562172,10064340,
578256,64509,247265,144036,2217656,3436987,5294660,
419261,42852,160065,88476,1647803,2379101,3856200,
405585,45179,152515,80390,1588253,2642364,4429340,
2514195,115634,233308,116687,50880841,30194489,50272480,
2317929,100411,190166,97746,47665922,27270799,45484640,
657840,53393,164979,100659,7480448,5997438,9962080,
1357566,90058,313968,223640,21429468,21010937,35206180,
2521456,148242,170832,94515,54523406,37431585,60100000,
2219952,100438,340256,179200,38728087,20915974,33188360,
6510,679,5054,93,32760,115737,194820,
919684,52213,184035,97176,12821076,7348432,12220220,
412567,43059,157600,89525,1617932,2427922,4046420,
226893,27465,110318,71104,857885,1598020,2697620,
1697132,66184,232190,114799,29034848,14288121,23841500,
2321476,95148,212312,107146,45898249,26189898,43601360,
1052377,64518,174818,95318,17164430,11174585,18679720,
1424488,78994,323124,228077,22935883,19559877,32770320,
5171709,445204,620476,311364,68649445,45807583,76189140,
1392700,113322,441099,240842,13562917,11188925,18563260,
255726,26885,134474,96333,1458933,3847803,6454180,
467304,47153,316590,174915,2643096,5588913,9364360,
3555080,282668,677591,491001,36947983,30908123,51415960,
22523,3239,21674,11991,141303,731907,1253400,
2039901,128551,356563,205088,32079068,24338492,40577000,
778253,67466,260334,153353,6456470,5454823,9044680,
442232,46155,166831,101019,1750088,2633449,4389240,
415903,43192,159807,95368,1632023,2420178,4033780,
561704,8463,34526,21366,12520489,5625860,9378160,
2541021,114547,341889,185554,45905154,24781162,41452900,
1295523,24882,42203,17777,30521271,14805321,24640060,
1415527,75773,172213,91701,25211705,15943012,26498300,
408762,42079,156288,97778,1596141,2324757,3874640,
938016,52026,35226,14656,21926821,15737912,26411920,
3934575,243082,412853,210724,77845932,54586452,90945860,
2276064,95320,284373,157723,42877832,23071750,38437600,
2327365,110278,204297,122345,47017637,28385717,47223940,
1479924,69760,192907,104952,27372631,16075196,26823820,
2073370,183179,269038,146973,28742861,24078003,38213840,
5682142,408822,590046,208866,61343721,42730429,48961040,
5376279,358477,509955,42326,27872775,19990600,19935500,
7289738,428535,675429,180749,75775861,46362627,45190820,
1527866,128080,240232,103587,12300844,9209056,12059620,
45534,6102,23085,13689,215809,644226,1072640,
2616822,158429,384146,215581,46056137,30555804,40809120,
2388907,72754,216794,99756,46723840,22042393,26673860,
413911,43590,157608,82624,1613008,2552533,4254540,
1703255,94716,285700,190500,29421858,17985802,30009840,
1687928,4026,16167,6010,40904214,15995550,26659200,
2516901,80778,294183,164991,45877183,20924286,33671320,
2029398,7155,30793,7935,48293343,18764775,25714120,
1456432,46896,173227,101425,26601399,12388820,15030600,
862228,51812,161043,83340,11308044,7305490,12174760,
36557,4368,12244,5049,154949,436698,727660,
738793,81500,283501,154874,2880150,4497438,7542000,
484935,53820,187433,100605,1893712,3176576,5253440,
3670031,185202,335182,191176,77113366,48303794,80545960,
2860333,162933,255452,132244,57239819,37896245,63224140,
2892546,70069,84304,43451,68820739,35642675,59394760,
1846777,102322,376947,221150,26888090,17582142,29330240,
2130796,90899,84055,27320,47551574,29249918,48526420,
2024678,71188,204198,107902,39875342,20612561,32044500,
405210,41203,150058,83947,1581419,2232458,3717800,
8227,1030,7415,2424,40784,211732,353000,
609167,65082,244335,140485,2358759,3365405,5655440,
1120799,81677,304339,173017,11506957,7586326,12641660,
2269668,80526,205909,110047,46206141,24688387,41115260,
688399,43273,164686,100609,8025449,5006575,8344740,
2809505,382844,509059,259014,13953730,15861416,26416660,
489935,50795,175388,102317,1946580,3827215,6419520,
3319144,190895,408080,231349,64724714,44809156,72925500,
3292430,161854,277260,154416,74326313,49417911,79713320,
3932374,305736,845934,574701,41319521,36361184,55814780,
1464121,58676,56427,31004,34166764,20708595,32359840,
412484,43630,153174,88029,1614945,3260514,5460620,
823887,84374,311021,214872,3212358,4700906,7800940,
692844,42375,120326,70262,12300004,8118274,13653020,
1818786,99501,269833,144754,31005599,19210043,31925000,
329404,16699,17769,7420,7170153,4670205,7748340,
2065281,96708,187658,105050,41839399,24905941,38807240,
3621883,108035,318620,171972,75181781,36805058,58308040,
2157893,29662,119192,69695,48231344,20476922,33065340,
655244,69404,247385,123788,2550488,4221297,6963940,
8981,1114,8093,2667,44562,217482,362460,
699865,57642,192748,104506,8138705,6833603,11388180,
1115881,87365,308397,165186,10542145,7730291,12917460,
333709,15877,59511,36822,5319770,3085980,5156260,
687622,78934,270099,130304,2654607,4417241,7315420,
125027,8354,24904,13318,2066350,1434724,2425000,
1052629,78969,259591,149775,12798353,9894930,16644460,
3221061,138835,242944,122603,68386756,40213718,65648840,
139594,15133,54116,35233,536462,949070,1493520,
693601,74810,265151,142330,2710276,4135781,6617420,
927056,5508,31848,14646,22013917,9062041,15103340,
1252593,51385,180115,99414,21699162,11028116,18380240,
2256241,109984,342334,183950,37855554,21036721,35097620,
251980,3371,22677,14639,5552719,2586535,4330840,
888321,93512,348314,203289,3556091,6103921,10198360,
216169,26630,79816,53716,1212977,2140556,3499180,
2838805,141067,201278,98013,60642665,38043437,63508720,
1501309,84860,303394,171569,23139818,13930092,23114900,
7639,859,7738,2668,51811,247144,445540,
858491,94152,328201,180672,4410938,6161125,10298580,
1629991,40337,58177,31321,37688594,19197424,31926660,
1755999,112945,189289,101395,33812201,24098020,40164900,
1545223,103726,321391,177899,20546826,13620884,22695840,
168585,14084,49314,30543,1859385,1456572,2521400,
3122541,116971,316582,154742,60205893,31513964,52527600,
1145394,7798,39059,19649,27242631,11302320,18854560,
1744987,84604,196519,110052,32918159,19612679,30955580,
405339,41707,149905,84059,1582846,2326531,3801720,
7308,714,5386,52,36540,126681,211120,
1080362,83080,300291,174126,10005754,6979908,11647600,
1723319,78136,47516,25961,41383393,26274080,43915800,
1136907,53173,171587,95440,18635876,10382516,17178380,
985965,103920,393103,235719,3813655,5293916,8823180,
63014,2159,11589,3939,1474450,876593,1494660,
2032651,131553,448319,254417,27280640,17127633,28546200,
2925723,384988,587302,327230,14366916,18850859,31456900,
1676185,78954,226082,124257,31091718,18860900,31384740,
2968911,116741,336841,175385,58840549,33729358,56291660,
1414238,33698,162339,86647,32745489,17369729,28910260,
3722126,338623,795572,542137,43720647,34590584,57734880,
559362,57851,135567,87118,2192395,3764671,6143400,
815215,78266,309863,100760,3303154,6973267,9971040,
1890480,155452,595967,268524,15438132,14537465,20765100,
1148645,70239,188388,25136,17981000,13235673,19050260,
3018657,223926,552183,234269,46800780,38201037,53313800,
927175,93043,190642,34908,4390699,5141139,6500420,
644578,57533,198743,119329,2705760,5821265,8134560,
1452128,64432,183349,144122,27259685,15534872,22314680,
3421649,158921,483158,91056,56535883,35075431,51914080,
2619352,122236,351027,184859,46770340,26510883,40916780,
120176,14870,40644,22359,576744,1143727,1821020,
432489,47051,177414,102545,1688346,3164217,5238700,
1833366,95314,335528,193101,27390916,15065640,23744520,
8838,861,5936,174,37749,133040,219360,
755771,78446,283827,163908,2917149,4175253,6958780,
1030128,10823,40961,15102,23985554,10114821,16907960,
1111801,48013,179957,94224,18001288,9002358,13925220,
1835528,48126,185961,100971,36229504,16188391,24961040,
295410,6605,16420,7993,6833530,3707932,5679440,
1695855,86748,316291,182290,25061703,13414403,20637940,
285299,28067,120000,56886,1981077,2193887,3476860,
1995712,95079,255630,145384,37468743,22119899,36967120,
3995536,175298,405804,204618,77123542,43386873,67138580,
12465,1433,9848,3668,62498,218819,361860,
637492,69517,253214,149584,2471776,3793069,6321560,
209737,19316,65305,28956,860802,1315505,2138820,
1519016,60661,190040,93520,28931736,15147331,25392560,
1472043,50157,181925,101116,26838418,12717874,19951980,
3249420,25165,65901,31057,78023256,32699201,51679320,
1297064,79926,270459,153451,18751375,11733602,18520480,
387281,27813,81035,33608,3863516,2872431,4658460,
410727,43009,158296,101758,1603615,2409674,4016100,
1093784,120980,417823,233613,4734926,6765072,11308440,
3531201,72058,82745,37707,84956007,41509547,69207640,
2401559,84776,288205,157429,47125384,25012153,41889480,
3023925,133791,307984,159807,59163837,34199538,56848180,
2013149,135147,248932,129679,35642986,26469636,41072900,
438155,46324,173846,106741,1754462,2825442,4475100,
6384,622,4671,108,31920,111769,183780,
1364587,82336,192035,99397,22216896,15153774,25324300,
699231,38363,146996,74390,9828648,5461802,9068800,
445129,47680,165266,94300,1765893,2697648,4470240,
2775170,182276,445713,266645,46573790,31744513,52909320,
641116,26274,22456,10269,15287515,9681412,16134160,
2500497,122949,221737,112577,51528790,32047800,53413460,
4169843,437525,683020,337915,38833873,29462732,49124300,
554019,37955,164858,104113,7589258,6180027,10299820,
957649,102059,399348,221875,4116086,7720502,12833660,
72801,8162,75090,41754,489856,1433544,2390420,
1894999,291627,624890,435117,8267679,16642788,27773300,
799139,109251,213690,140348,3035344,6151574,10217580,
173855,19732,77837,47187,669193,1368978,2316840,
1049884,111670,388871,215655,4110458,6428627,10680200,
16272,1872,11060,4404,78172,291149,487020,
2384414,137772,236409,120664,47124874,31401499,52400560,
713911,62432,178609,95412,8293084,7546896,12511520,
335702,35744,125986,74186,1289305,1908122,3214080,
945870,68399,206521,120897,11595625,9208501,15314020,
245062,3251,20586,9788,5656536,2549331,4282700,
1877797,121202,294568,191927,28831313,17576657,27748300,
469861,48117,167816,96542,2816067,3614785,5922900,
284283,32425,96984,66837,2328058,2955386,4960820,
4255582,237055,433098,241124,84769652,54772475,91490540,
3722982,162843,214093,86674,81893091,50317102,83686220,
2817087,146891,216152,116913,59094550,38908251,64575380,
2360427,92239,208025,107144,48446558,26769127,43249880,
12028,1177,7266,1233,65588,210405,380200,
976756,104472,391066,226121,3761062,5301613,8802120,
7308,704,5438,244,36540,128698,213360,
1605822,68584,249283,150506,29005452,17812376,29157400,
2647779,138789,217514,109395,54658697,35353259,54788160,
1379849,9202,49833,27388,32576088,13414965,20659300,
1210200,125409,437491,235581,4708615,6551616,10797140,
11392,1208,8308,2043,56135,207820,347400,
1645733,115058,202931,112565,30915930,23235879,38793780,
1915142,50842,179561,111952,38511887,17624825,29484920,
2851092,50047,43153,14758,67651788,32606874,54293160,
4007102,166723,359856,187443,80101420,44736580,70958800,
1826092,69363,44942,24365,43285510,25560583,39070680,
1049217,101349,340461,176972,8573062,8906829,14463240,
2616321,85737,187726,116092,54662401,28089446,46255220,
2121764,5760,24703,11163,51380850,20175674,33092320,
1977346,101174,367158,211169,28343420,15137899,23714220,
267771,30514,104274,48766,1008956,1658830,2642000,
466623,51110,176076,98046,1867326,2965030,4941480,
1618505,138546,219864,131839,25100274,17612011,29353300,
14568,1598,9684,3778,64503,219598,366020,
2101103,121946,320001,199355,35430155,22158233,37023180,
236036,28238,112345,46549,905081,1605891,2600420,
403237,45742,155997,79909,1565876,2618815,4364740,
405643,45729,163037,92738,1583407,2753770,4590900,
834858,20540,33596,17584,19702122,10130338,16883740,
1522374,87115,291586,168748,23383021,13600774,22821340,
802855,67381,224335,103091,7809882,6562372,10784940,
992085,77856,210739,119087,12977975,10786304,18067980,
959210,66383,308246,200414,9348565,10379185,17265640,
2802344,380320,480667,235372,13894361,14775318,24600260,
1175010,103578,342079,200786,13699267,14100107,23865820,
1480902,76450,205515,96109,29301561,20003143,32976060,
2296506,222453,663686,477961,9628073,15457459,25742820,
491748,43013,224349,151016,1852100,5213016,8688400,
872403,43713,41945,24267,20272372,13377843,22363020,
3262057,141422,369001,197687,63300638,35701144,58457100,
721237,53387,192876,92435,6853000,5166982,7803240,
2685222,115736,272439,168372,54505673,31182197,49880060,
2978610,108810,350527,181972,56967535,28678196,47763140,
7699,881,6387,956,37690,159287,263920,
671561,71941,263506,155635,2634723,3862519,6471720,
1753311,38135,81184,34740,39394388,18837222,31395160,
2404591,69535,296936,199961,47101956,26485821,44145540,
696274,105090,199950,127279,2743435,4212180,6992900,
30674,4612,29139,15311,130167,801967,1336280,
709005,56268,184928,106969,6774151,5114802,8592000,
3560706,168065,352438,165917,70379131,42319411,70545440,
2126601,97953,208811,112602,41498401,24106541,40133180,
1567877,90690,207419,119786,28036364,18259975,30381740,
232348,15898,18343,8676,5381914,4226690,7112560,
1418763,73386,167923,95108,25812645,15598028,25930260,
1349964,58088,192318,99448,23946838,12566761,20944560,
259008,29487,116820,72340,1016115,1817237,3073100,
898681,73548,218556,129327,10352358,9362020,15661460,
2341833,70836,92628,53258,55174709,30951772,51506080,
2709856,78957,212889,106783,56678147,28123297,46838260,
1569255,90443,320104,166468,21460667,12340828,19309660,
3001601,56125,113992,64570,69814711,32703072,50577060,
1130986,100411,376750,200127,9499570,7939585,12574840,
55497,2425,14314,6553,1438034,1008387,1804320,
1615990,54041,184152,114149,30085941,14817346,24573060,
405708,40974,149450,77385,1584785,2145929,3576500,
53734,6681,30302,18170,327460,806739,1391720,
3634381,187396,467907,244857,67976169,40432984,65494360,
1573876,34760,82160,38911,34546145,16760353,26473300,
1171870,58871,172338,88385,19994117,11510599,19185840,
2498779,105906,323337,164822,44034889,22799796,35451640,
484397,37318,133345,82250,4919503,3659890,5911840,
492898,50143,180313,101313,1910998,2693167,4396240,
330991,27419,139474,99128,1303410,4033613,6757660,
1047246,56559,172902,95324,16730736,9964910,16569140,
409131,41348,150763,87117,1598340,2230151,3718080,
218002,26763,100942,60413,817399,1513876,2567340,
590535,64656,220515,115191,2338469,3939799,6506500,
10432,1207,8153,2588,51684,192866,320180,
574793,50383,161546,97750,6145716,5268713,8929740,
3229032,143660,445488,235474,57149274,30468194,50633240,
13462,1590,9768,3695,84133,308784,514680,
3851016,494940,925842,474687,18135678,23297053,38910000,
124107,11810,91219,64704,485136,3081393,5065360,
1207566,97540,295453,169925,16063124,15259861,25432820,
453236,48275,270242,145963,2262056,5704494,9532260,
2695284,307052,463764,361930,30283060,27173881,45335420,
3054334,169725,392377,213129,53822211,33671653,56119560,
1752883,21204,44376,19176,41550197,18388773,30568260,
415324,43944,159788,85047,1633944,2718246,4530360,
1011315,87326,328608,213286,7752719,6989930,11707820,
209428,16433,63477,41624,2821729,2651451,4433320,
1053980,110045,396813,226707,4350027,7829180,12556040,
482481,41344,174047,18169,2097167,3749190,5757900,
919639,88006,333935,110426,3849622,6918859,10641200,
2857201,190211,366021,134416,52679384,38973417,60061080,
1437972,48879,186609,34510,25225685,13324219,20134900,
2064813,176324,503971,214881,18647383,16983723,22806580,
364947,19168,45438,25258,5073153,3323647,5463640,
1699120,86443,198416,116386,32251700,19942465,31462200,
2883144,195920,780128,283798,24904032,18502267,30334800,
46818,6151,20210,10630,221663,571263,952380,
810656,83228,301368,180309,3152310,4608298,7680420,
16182,2010,12677,7136,77345,299742,499580,
406839,41992,154075,93462,1817248,2484508,4201000,
951514,65471,164158,100289,13755139,10421617,17407820,
4093905,199926,93830,42682,98009968,63741947,106122760,
807632,93102,317317,163300,3139969,5680899,9468380,
9746,1207,8466,2348,48773,199572,338580,
3032775,112835,267149,161422,63608734,37448256,62476180,
2076872,122062,330575,169523,33482839,20768283,34597400,
353547,10601,24741,14373,6866615,3315217,5492140,
1662683,117785,363855,227278,23306018,15862874,26550080,
1088735,34335,88723,35530,22622242,11624084,19268540,
403604,41957,149068,79285,1569641,2210944,3684820,
406358,41667,152632,91652,1586202,2223528,3705680,
20160,2823,16611,9595,95804,372050,620060,
1157555,88300,305936,180596,11404564,7913873,13189800,
1950014,39116,68714,30240,46240344,22256063,35557740,
1180467,60080,252769,172204,17578327,13079205,20824520,
2014347,93449,330566,168209,32581157,16914538,26620600,
1071916,5962,28912,13097,25200971,10419743,16668760,
412202,43488,159634,87600,1681545,2554807,4203460,
1285059,50834,326883,242081,17552215,13813886,22785960,
1085489,45467,160912,91018,17805801,8912738,14820720,
3960213,139911,235843,115923,87730801,47803939,79844420,
2116811,29283,62265,27270,49637466,22589209,35262080,
2362993,77141,201703,105985,48745327,24795917,41332040,
581217,65125,243826,134988,2220911,3338037,5516020,
372172,36492,149268,88232,1409232,3001797,5031920,
921417,85773,361311,218080,3558382,5743433,9538560,
1263519,53494,47324,27057,30478261,19195676,32227340,
4727376,466112,744267,367378,49112845,35851394,59528400,
1766335,107409,310463,167951,29921694,19754891,31480140,
569108,60821,250924,167879,2652961,5780114,9666580,
1390361,111851,356710,189828,19646587,17121077,28522080,
2156836,185143,511924,393228,15055760,15758999,26235420,
618012,49399,173070,93489,6472393,6065528,10109260,
741133,47612,164361,86226,9664466,5999555,9999240,
968871,50817,96000,58674,19986053,12828429,21465880,
1558536,124545,398695,197487,16210837,12190721,20252880,
718113,11332,29943,16387,15395728,7342882,12286700,
443113,45767,154896,92853,2284525,2965253,4881940,
409543,41894,154182,91596,1604540,2383303,3970940,
743918,37057,72162,45415,15982763,10066358,17076780,
2573028,150778,307067,160164,47289823,31461264,52128420,
6762,688,5371,38,33810,120420,200880,
440716,47591,169529,90416,1743679,2735699,4559680,
510817,47330,180593,102418,3482388,3780910,6300240,
208485,7082,28602,19926,3832160,2054320,3457520,
2099992,153681,445982,238115,27683668,19245873,32092600,
1002501,51185,61647,30656,22861814,15345742,25542560,
657049,74331,254853,144276,2955146,5607479,9345820,
432142,45427,157169,82111,1716995,2503798,4173240,
272532,33462,141616,90274,1102719,2422433,4085540,
3621309,183108,285527,136589,75518053,47660485,78777720,
1045611,35678,46236,19696,24292924,13825078,21354080,
4529272,224045,269438,131187,100171275,64047066,98472800,
1664819,53011,188940,98110,31596426,15219819,24003780,
1169245,24029,54215,30959,27338922,13435960,20764420,
1698401,144549,485230,270614,14454011,15107186,23259260,
7476,718,4942,17,37380,126221,207920,
404563,41731,147672,79153,1572437,2177592,3627680,
411307,42596,156072,99705,1609114,2342244,3904880,
1868321,74665,74583,37219,43723504,26151653,43586020,
2655940,135827,336146,174860,47939720,28353134,43895680,
282164,14972,27634,16775,6211662,4221106,6502960,
2180122,69333,236765,133036,42700232,21155609,33456020,
405565,46355,157641,79030,1582654,2803190,4669380,
355631,2801,17618,9481,8262078,3458391,5762740,
3218707,213170,446889,233783,56593832,39663392,66106900,
1384285,60942,126285,54222,27771722,16297759,27164160,
1882942,117149,202493,121992,35304306,23953291,37077820,
633074,59780,244042,131405,2495524,5117756,8526760,
1713530,51814,72602,36377,39769275,21486329,35741000,
1132030,87741,314786,183299,10545455,7885075,13102960,
9686,1062,7195,1267,200623,252778,456000,
2978455,121069,213072,113895,63188787,36150656,60217460,
851127,49712,157150,83113,11212663,7000136,11666860,
575243,10854,38383,21687,13296276,6355561,10626940,
2604968,110045,398740,233526,43667514,21371902,35652600,
1866009,39387,121793,50818,38674023,17220515,28633340,
4529996,445339,694536,349334,47791588,34749307,55288980,
1611329,61183,241754,125864,28984675,15150833,24861600,
1166092,34968,151504,84340,23587535,13253965,22125180,
842688,94395,439915,235774,3814390,9234564,15430740,
2344646,188719,479167,378322,19433273,17133030,28643500,
2485113,110118,193400,102739,51359889,30895622,51340540,
971869,47021,167205,86222,15045803,7955109,13258840,
1360134,7913,45259,23588,32044660,13260688,22067580,
945738,89678,338984,208842,4593703,7074146,11837040,
389258,41399,162603,73557,1540925,2501062,4121780,
427830,45214,154782,80737,1663296,2465084,4108480,
409257,42316,157635,87895,1601014,2362336,3937220,
2312221,71964,56427,30673,55546196,30752667,51322180,
1609856,124082,300724,178507,23613887,18506343,30824000,
522014,18100,48892,17701,9035982,5124064,8571900,
385476,41501,147097,87278,2389022,3087464,5132020,
3885440,159272,414145,215274,78885135,44095125,73550920,
878067,27141,51586,25820,19519092,10412145,17228020,
1351497,101357,230971,127784,20741824,15490431,25924100,
2016655,99858,293348,142317,34246371,19616397,32611040,
1163560,38476,139012,76892,21539410,9993576,16658160,
650854,54158,199280,99383,5381577,4766702,7909420,
7310,705,5559,27,36331,125382,210020,
628114,54834,195121,107762,4525423,3976235,6630720,
2150722,74696,263319,139096,42136831,20739607,34558480,
164576,18939,68405,41861,588476,1174257,1957200,
901068,76589,262822,146673,8912056,7195746,12041760,
584257,2993,20734,9985,13553197,5489995,9104820,
421255,48974,173242,93211,1656675,2997448,4995720,
1525537,96907,346460,191511,19887016,12629081,21049620,
2726890,119217,222092,119090,57286115,35188979,58757520,
3487844,170311,361869,196663,69034011,41911783,69828560,
1975782,30630,88727,48825,45821358,20850988,34731560,
4329575,199217,354344,186401,89783353,54182499,90296160,
1240694,22129,75406,27764,26229619,11255669,17429040,
1052876,24115,85167,59927,21533291,10222425,15766960,
1734659,83617,289498,149911,27897481,14693572,24252860,
885901,38702,17913,5135,21497670,13287946,20491740,
1166136,60935,203932,107345,19264454,11325144,17463560,
1432852,105336,334349,183350,18244710,12704581,19537980,
217731,12512,34806,18519,4400107,3194394,4917380,
2566866,157001,431210,231261,42551423,26993041,44683320,
558184,5638,22023,7873,12667649,5576760,9172280,
1387119,55140,164966,89772,25878853,13249296,22181860,
3680816,92126,249608,123294,79453684,37949779,61703840,
1349131,21436,48241,27776,32190976,14998699,24897760,
2605090,167805,342721,181409,46709293,32065659,53459920,
2032188,50526,57326,27334,48208674,25031206,41705080,
1626753,75867,213145,112190,30140402,17514387,29157560,
2149177,143427,421884,236663,30715024,20148624,33635160,
4334436,419247,602751,298742,48238503,33877740,56417520,
1840110,114850,357416,195867,26217155,18099591,30129720,
557225,28735,142056,85444,8636603,6644559,11100480,
452563,49560,269916,138345,2179477,5396465,8983540,
2035072,318755,593536,428110,8478702,17151055,28633340,
218122,35190,44100,33987,806005,1733755,2869860,
811683,83476,296386,165679,3160363,5371509,8919180,
1525701,69158,26277,13354,36783111,23931561,39887100,
611303,43131,160976,94635,6898632,4607162,7757880,
3537797,139011,377923,193467,68152813,36256475,57134880,
455483,9037,17533,8312,10094051,5039898,8305080,
806387,82535,299812,185947,3135119,4493431,7488900,
1059397,28363,38272,20542,25199679,13172415,21988880,
1063841,58590,175104,92830,17021863,10148578,16879040,
406177,40941,154077,94057,1586831,2211094,3685120,
60800,5674,29590,8418,283508,879273,1393400,
1279759,127598,490487,206274,5202501,9371378,14415820,
2766886,114081,221102,51837,58079004,34616187,53291700,
3798396,177970,381086,135853,75215936,45819704,70587080,
5326882,315361,549346,228025,104323989,71651491,110149340,
1197378,61813,197976,34319,17893867,12687219,19524000,
1233632,135054,405522,180976,5193679,8589906,13635320,
185821,14224,24099,10923,949754,924779,1516180,
1154742,95988,266592,103320,5208034,5967053,10001060,
2118100,104190,479603,129622,32431695,19988566,33265040,
9089,1083,8050,2703,45005,195512,327160,
805657,82953,297854,175995,3132415,4482648,7469600,
2530264,131487,40052,19940,61595706,41241497,68870080,
3015529,107362,286395,179836,62593931,36836041,61381380,
3543476,201124,372122,185252,68160074,44734483,74435120,
1615819,80452,37920,18878,38881515,25558505,42629700,
2267850,116839,410803,241720,34927893,19042988,30084380,
6342,621,4579,98,31710,110898,180680,
410830,42235,155536,93004,1595890,2293444,3822380,
873853,50746,182876,102670,12779670,7658857,12798120,
1760522,112783,85618,45429,39872363,29283175,48771820,
2187908,124079,414950,233158,33377105,19481102,32528520,
905889,19818,39457,16589,21081668,11025325,18315220,
852438,49488,158238,92081,11213684,7033714,11722620,
1024107,109567,417670,232922,4043145,6314527,10558120,
261289,33295,96473,59702,1419494,2846744,4710660,
998839,100805,353315,187828,3937144,5716500,9523740,
32303,3821,21333,13519,173817,501679,837520,
3518163,297415,856158,120809,18903649,15740792,26333820,
7181322,425588,457238,116369,44807925,25618087,42706680,
5679440,358439,203135,47793,54279184,31554668,52507720,
6535282,584423,536049,266074,35038133,26462155,44092600,
6851040,449219,207894,70817,29362782,16484631,27485840,
5774835,346921,195874,55236,27862103,15941162,24730720,
5906257,579898,696641,341073,37270820,30238246,46838040,
12957191,1141148,700456,310663,150520711,113174703,137292060,
13718548,991309,937903,417208,90951203,62699554,59675700,
12282259,897143,616627,271209,111679382,72535146,69067440,
13030989,959005,669746,320351,56822384,33515729,31995660,
10910245,1065339,1039765,687961,46157133,53202232,50285940,
8792583,822007,552627,213270,56850765,37572365,36778740,
8001488,822404,523980,204647,78052399,53809600,79251040,
5695294,540421,372678,111119,34623836,23505914,34429040,
5101813,617788,543565,135350,37368459,25279758,37581260,
6251325,706592,946701,397060,30449751,26166127,40830100,
4390900,488373,353378,87270,25543862,16425210,27403840,
7118058,611829,632991,241076,72496395,40710141,62781460,
6963534,791718,686316,225739,42493183,31061183,34715680,
5911294,641000,484993,145594,42761112,28529741,33008460,
7940539,652483,919083,439414,103793227,74746648,83110820,
744526,70827,83810,45728,9420214,7277083,9103840,
507195,53451,189916,111189,2015977,4131315,6092300,
334721,37798,138244,76770,1268191,2044569,2875980,
1181077,13199,63652,39126,27195695,11733263,18781340,
4084926,194844,516172,270593,74254742,41862587,69804080,
1064681,28151,35529,16134,25108633,13322778,21653820,
599213,64947,247037,151601,2317966,3578096,5943660,
215331,19728,64979,34757,864302,1222438,2003200,
96653,9035,31505,24708,395921,682907,1171980,
3078533,121461,329033,176412,58024260,30308017,50529060,
1239990,22238,62679,27898,29389843,13708382,21750860,
4529655,457347,689393,185273,40026449,30645158,47264500,
7414255,789414,297865,125000,54202710,33574174,54612680,
8239903,647262,455145,155364,103414162,65218000,101004040,
6816553,506522,888805,379537,100533406,66437593,102991380,
4774368,458050,398336,145909,51044565,36045507,55391400,
4545700,543862,579534,235820,22957906,19266852,29252080,
4541633,538003,638324,268887,22828120,18466241,29396040,
3952566,462892,410402,134954,20404963,15423631,24935920,
6682395,656477,896596,418294,65998095,50805405,69558100,
7605253,687490,584115,207166,82758514,50874811,58224420,
6849891,704669,670660,248201,53475156,37332907,37497520,
2105750,44972,166117,88275,42811694,18293673,19786540,
684005,3085,16901,8387,16536999,6677019,10992700,
1469495,125098,439686,246986,10789221,9034027,14799080,
189388,4302,153422,138175,608776,4454931,7420000,
686974,42829,158514,93072,8359514,5057530,8427620,
759930,46592,165782,87470,9916665,5973559,9956040,
455239,8178,8849,1857,9710188,4777273,7962180,
919263,85441,307135,188678,6288164,6117499,10265420,
2997889,58801,75492,38058,71819572,35054489,58197180,
3321563,281102,477374,183124,29661065,18079777,30083380,
5106667,639299,448727,150874,36426723,29320256,48921900,
6389392,670042,201125,44861,31927324,18386686,30598360,
6010252,726011,968636,391077,38357258,34919740,49841800,
5787452,632848,714086,337823,39212823,38377654,52051060,
9505206,963736,1078462,465342,100859450,78882827,106165540,
4947105,524521,689390,329897,32036917,28272590,40839640,
3163374,361943,428179,186679,16661007,17377979,29032520,
6174271,653613,1174371,709623,34031977,39010882,65039140,
5221174,558365,433353,136983,38098489,24672801,38862100,
5083736,576693,562988,196810,25732231,21458059,32067620,
2465854,254348,338532,121017,11091004,9029864,14468600,
3574159,408162,253468,12500,15652104,8879400,14744720,
1357504,128169,460005,255375,8790599,9066988,15223420,
857573,17917,38237,20490,19457980,9531652,15843440,
1674491,69395,191180,100109,30533741,17001744,28268780,
1140604,44587,160858,83995,19582952,9423219,15739240,
98432,2270,15553,7216,1903642,1027307,1680020,
2741160,87195,319762,174787,50154552,22800598,38001180,
936327,19787,44294,23819,22315315,11069243,17196140,
1914954,128727,302213,126774,25389292,14725592,23370600,
4021689,517875,470726,146437,18254566,16769538,27861680,
4225938,516178,418642,118335,23930349,18487074,30151420,
7220874,606085,820343,409984,86063616,60812602,93559660,
5649435,555821,592145,232318,52441968,36278144,56194360,
4515617,492556,459958,177234,32052261,23612985,38857100,
4498474,526879,709127,314154,22313298,21681316,35406640,
1964435,101086,117672,51818,34976719,17839480,28172720,
1090547,88195,317638,179188,9728812,7726583,12504840,
36507,4948,28820,19399,167364,732675,1229620,
760370,28448,78706,48963,15899110,8538419,14393620,
1515959,92631,277829,134454,22316213,14250862,23564080,
901552,4499,28835,15862,21364176,8692165,14487200,
1115731,108268,381081,247365,8643993,8635574,14424940,
1421877,73102,206497,107921,23194615,13922873,23171320,
1088771,39852,59396,35018,24344203,14040303,21730480,
1179056,97685,326499,170064,11657557,9028948,14223140,
10783,1129,7503,2836,53866,194330,323900,
614175,66053,247417,152139,2325900,3424938,5706900,
248270,24601,75875,31892,1046780,1651753,2751580,
10097,1168,7460,2307,49718,186233,315160,
3350431,167998,468751,252954,60605134,35342929,58896860,
9297,1049,7197,1991,46666,171087,285400,
2120287,98967,290704,149658,37097699,20273341,33855600,
1184210,66524,212244,103577,18105610,10567521,17544720,
197509,22703,78781,38500,840086,1713690,2855100,
892960,104110,332244,181598,3536269,5901088,9835180,
9507,1108,7883,2960,55287,202526,337460,
639409,70139,252850,158205,2508886,3966303,6649640,
3095089,141019,158229,71519,69534191,43127011,71834200,
104542,1838,9947,3841,2699372,1365119,2408080,
3199814,172925,370063,186816,60082903,37950895,59310220,
456250,8216,12297,6157,9662192,4813268,8021780,
534602,55861,197648,132135,2100767,3473459,5822920,
3561083,464646,802913,411846,16958408,20704880,34554120,
3205940,127590,137259,65455,75903186,45539367,75967140,
1643674,135729,520586,293639,15144228,14386442,23869400,
1197459,12030,187338,98259,28050326,13022585,21695080,
3174555,338038,604816,448203,33558179,28424344,47537660,
3706424,211321,213491,117514,79391404,51786421,83975440,
1405400,41365,60945,32680,32590200,17582722,28375220,
811349,83830,301871,177318,3161903,4923121,8204820,
7309,739,5830,68,36331,131512,219240,
1515628,74705,224579,118949,27961674,17054780,28680940,
2192227,151347,409385,204340,30996275,21537423,35681200,
835722,11584,33549,15346,19743181,8969100,14930520,
1812534,113637,362399,201233,27086462,17327321,28937740,
2278935,47527,62923,32620,54176729,26479152,41346520,
411064,43756,155358,93920,1604940,2569650,4303820,
921214,56494,170470,93336,14540405,9215865,15399880,
2993591,73445,100261,56208,69175399,35655001,59325160,
2513148,86604,302329,158129,44703178,20660422,34044220,
3623166,286152,187886,36013,33556833,16831272,26229100,
2178388,117282,190652,98359,43852421,28282027,46748320,
847614,86450,301751,180658,3330578,4568175,7613680,
361080,35313,131857,26807,1604572,3187922,4920280,
1611471,144161,494706,243657,14189653,15152116,20682300,
2978587,129861,230252,60443,62601673,38466835,49366200,
1558971,93342,328734,101431,19672712,13591603,18231500,
1629459,105637,361959,119367,19046333,12902094,17286920,
2574414,50871,119171,34372,54986932,23664440,30301540,
1417511,101122,327303,169722,14035484,9718686,15124060,
1140642,69950,323436,114418,7290224,8996886,14961220,
792063,82545,400096,150750,3492189,6408675,10714920,
1716815,105513,389266,214264,21337421,12626802,20622440,
1182938,29954,59565,34073,26997619,14072918,22523520,
1194990,109009,414330,244456,8987266,8018239,13429860,
3031210,29844,79285,36167,72955236,31377413,51090800,
1854661,70647,125590,74293,40169175,22659662,34919120,
1763512,96968,287342,140748,27311029,16878980,25908060,
1552336,6451,33841,14163,37186054,14853193,22809500,
981963,105882,394865,219884,3792163,5493545,9137080,
14475,1618,10484,2129,72724,235688,390820,
541298,33343,328182,269068,1847193,7859599,13132440,
1268455,146846,534734,287957,4926867,8129513,13514100,
188589,4214,153517,137534,604897,3829721,6382820,
2685893,161154,367322,191496,48158427,31776496,52962580,
62562,3978,12332,4475,1244774,988628,1647760,
3345962,33960,85253,39480,79748524,34023642,54300780,
1492017,90263,308810,165247,19940264,11823672,19165900,
646182,4061,24950,11381,14991235,6131488,9755120,
974751,111387,398524,217087,3756582,6356617,10592300,
7099,702,5622,59,35491,126657,210680,
13047,1783,13110,5533,66572,325689,542740,
5362205,563648,953597,481015,53602894,46875452,75406260,
3685625,257474,581592,219220,15938959,16991626,28054100,
6576050,524809,507768,261868,27993199,23697001,39584340,
4233761,385064,696133,196056,28466189,22474265,37348680,
5686512,697806,878093,454167,25470250,26941352,44901320,
4926437,646061,536779,220986,21800223,20851579,34754400,
3431650,361408,413753,55190,15761533,14491144,24152380,
5137971,637825,651547,279073,25195123,20607118,34358680,
5523601,588220,445630,149715,49091919,34245756,57075340,
4694675,539576,393015,109086,26428500,17284410,28803620,
5569676,630633,836900,357532,27298847,23444265,39073760,
4715653,547705,411632,119202,24456129,16995237,25305180,
7617750,710686,671043,262653,82741709,57216517,65124260,
5078331,579576,485196,142724,27337065,19587064,24723660,
7395,713,5478,97,37173,127158,205980,
803643,81960,298979,179479,3123304,4664187,7770340,
1144854,33943,46861,22743,27838219,15427805,25769400,
2749128,150795,224182,114800,58400614,39453876,65941460,
2849249,99524,193966,95273,60015564,31996475,53079280,
80353,8240,49521,30542,1047996,1767166,2919000,
1459341,154100,525066,283825,6038691,9491457,15339040,
952071,10607,15616,7120,22382756,10026413,16812140,
1429261,52628,202247,117164,25005217,12339976,20465300,
2484174,173840,288553,148175,33320316,19778401,33035540,
3613725,319693,300721,124027,43515852,27822202,46290040,
812454,85418,302186,169275,3162483,5170429,8617460,
9140,1029,7078,1799,46322,176196,294900,
3465839,183412,225914,114554,75036587,49160433,81967760,
650089,62750,173922,91866,7155574,6895309,11458620,
46639,6083,21138,10764,220654,571355,953480,
2425841,162856,576673,309546,30316261,19002157,31670280,
2454728,137399,60323,27879,58773788,40859419,68098900,
382483,40658,142612,74491,1494109,2371323,3984520,
493954,47546,167260,92614,3236055,3529483,5882180,
3446083,117071,43087,18170,83543112,47518054,79243260,
1895144,110699,335604,175592,28477059,17426163,28963780,
11808,1383,9475,3721,59424,216411,360640,
380953,39881,147221,83012,1484161,2341180,3936120,
427732,43794,161594,88191,1668303,2379382,3927700,
754250,33428,42786,20674,17229233,10517454,17778760,
3804406,248402,629837,337371,62025812,42675178,70955560,
2551659,38539,130671,58357,57096825,25119453,41811500,
2368173,99712,157492,95890,51714189,30335487,46743200,
576943,58194,204431,103151,2246873,3432057,5544960,
1093166,48550,64593,39340,24542915,14935169,24937320,
854436,92984,320068,166671,3971036,5861959,9724820,
438805,3728,13830,5553,11056785,4822751,8151380,
3204361,103679,190900,107137,71773428,38532687,64210760,
906996,59733,213182,121161,9860324,6456165,10651740,
9155,974,5676,792,44520,161958,269940,
4106127,527291,1031118,550667,18897793,24787108,41358660,
1404703,26362,99856,39656,31847152,15284823,25428040,
577026,60290,251806,154528,2741791,5866857,9850520,
726526,76837,518276,279088,3849939,7604243,12613780,
2861617,190563,372368,318423,31895882,21477009,35764520,
804085,82870,294554,164721,3125520,5289053,8814940,
3159488,323829,198655,17463,14047053,7713084,12855280,
125776,13293,45993,28274,511667,943311,1606160,
3523272,179507,649601,460397,62571803,53768982,89755260,
2347072,87690,131787,85301,53659988,33365832,55427520,
2153492,147739,573477,328861,23403591,16064446,26769280,
67829,7794,32227,9312,300915,709037,1168300,
8343,913,6194,727,41108,152300,253800,
2227185,115438,419648,232188,33907496,18181730,30304580,
1377748,20058,32822,14952,33195224,15130289,25317180,
2094395,103426,334914,181365,34080195,19043802,31674860,
29669,3101,16432,6186,79887,370712,591960,
77383,7999,29711,17248,1698332,1985666,3412000,
3202150,161159,378673,195926,60037960,36373892,60563960,
2789620,57026,66171,33573,67145679,32762486,54638820,
2301616,146043,442199,239054,34294861,22093540,36788560,
469087,20517,75324,29474,7197936,3983600,6605760,
15619,1862,11772,5251,70828,254918,424900,
974156,103148,393316,241951,3751630,5308194,8846960,
42702,5559,20043,9755,203487,521992,871560,
1573808,84955,289781,166663,24628402,13996024,23378260,
1630895,37464,92515,40570,35482638,16971944,28240020,
477119,6912,14251,3899,10349115,5096297,8493920,
804163,91849,317656,184649,3125493,5505643,9177120,
930047,25036,73479,45714,20905053,11343323,18992080,
1021444,120315,393061,224219,4319380,8023342,13375800,
392349,45385,160700,61298,1503454,2555425,4163960,
39396,4669,27139,18372,204915,632965,1055000,
802057,91236,308506,159635,3115597,5187353,8645660,
983660,43319,57659,33855,22570838,14179755,23632940,
466665,50647,175393,100295,1839122,3196408,5327780,
964343,72149,173009,85003,15059921,11023425,18373660,
7392,722,5395,35,36960,128534,212980,
806574,83947,299872,177584,3140456,4385454,7310460,
1310877,5980,36180,18402,31549763,12750859,21298740,
820034,82848,295682,159899,3232680,4314375,7174640,
406782,42693,151897,87717,1576996,2371590,3952640,
1602621,17804,63562,33746,37745785,16206160,27057880,
952301,86725,312648,191529,6135320,5991493,9934800,
495069,69323,169450,149774,1894116,5697538,9496020,
2123261,92326,199257,101459,41560060,24046843,40077740,
408619,42830,150706,80588,1582798,2241438,3736800,
825527,5606,27649,12458,19581131,8077435,13462280,
801770,82543,295682,175366,3114421,4308961,7182940,
73971,8083,15287,7633,386873,582485,969520,
3234160,434690,715267,392937,15591995,19312233,32238280,
991632,105461,376485,194090,3904918,6259775,10353500,
251530,28115,140112,83261,1436861,3897429,6511960,
2600194,157634,508477,257928,45774700,33200056,55328680,
2148100,164670,513662,422445,13517803,17402950,29038600,
557880,43740,147761,81886,5470777,4956708,8260900,
1670018,62871,185968,113464,31669805,16403255,27358020,
187413,10090,21227,11164,3925551,2718690,4484700,
1134668,88672,313541,190975,10944028,8075934,13458680,
463440,13838,35680,19005,9332201,4403645,7340760,
594451,64094,222668,130452,2326124,3743067,6270740,
664769,66407,241515,138092,2588557,3585843,5942620,
203972,3819,18721,11626,4535654,2202283,3670480,
3047328,164112,470012,246018,52345425,31564507,52794340,
2461482,35859,71159,34484,58660639,27108443,44995440,
360814,38996,137105,74403,1390432,2390491,3982860,
456923,46103,168808,98039,1800936,2553153,4256400,
33131,5270,29443,14096,140322,818274,1365220,
1152599,85724,312851,171117,11446743,7945153,13241960,
384656,65655,95512,80643,1535568,3913035,6519980,
694133,45467,124928,68490,11505613,7937784,13332860,
1275835,129621,457479,270170,7380814,8963977,14839400,
14148,1607,10456,2685,63199,225366,375860,
810693,84271,309818,174921,3155426,4666567,7777440,
954712,20869,45720,24744,22326194,10887951,18191920,
1184840,32238,126796,75205,23571332,10739030,17885280,
1267470,107863,357849,133553,13451917,13034728,20202240,
668556,43038,178863,26150,6837359,5946736,9096440,
1260223,124502,453625,183343,5125168,8318587,12811460,
616251,49979,273105,100782,2553506,7228389,10454440,
1121860,64380,221615,74177,16721937,11917602,16129640,
4033421,254929,698605,335972,60430513,39173821,53124080,
3102681,130802,136467,59727,66496122,40464823,53680460,
1774197,121832,373524,198853,17941303,13358292,19847940,
846821,62364,333161,34897,4294344,5039082,7721380,
160311,18797,59687,39093,642831,1543105,2593020,
694357,82565,288291,140312,2704894,4982728,8270800,
7476,727,5320,29,37380,128074,213520,
886002,97103,365958,215337,3370332,4919978,8199840,
137471,17068,81254,39888,689215,2107934,3580760,
367456,39972,128550,65774,1987392,3938572,6529640,
2334560,210289,624217,344609,24832209,22375813,37539060,
1866904,63025,107704,53402,42486603,24069815,39844440,
765253,80603,291532,169415,2984014,4550914,7618100,
713542,11160,329519,286687,9066629,11631714,19413620,
1942667,98266,110537,90547,39089609,22689469,37754440,
976354,99396,324209,184912,5320956,6305052,10508420,
71807,9759,30765,15538,328769,790646,1317860,
1620086,117535,306163,166258,25760444,18870172,30769500,
359393,20365,69920,25277,5040341,3297578,4943080,
3247198,394439,510915,256630,23539599,21133879,33935420,
2019484,158139,584976,321377,19862488,15276482,24952560,
1348550,46593,186721,112244,27114708,15785697,26281720,
575193,59509,321091,186621,2832298,6022833,10016800,
2154751,190146,597002,463797,8673332,17245321,28697040,
1033671,8328,107393,85850,22100372,10697507,17797220,
1637655,103922,325139,186370,23087267,15600427,25420060,
719662,25579,57148,35775,15849981,9160293,14158460,
474749,49633,181847,111339,1911373,3300774,5447180,
421083,46435,155609,87068,1704000,2546295,4209760,
47678,5862,22400,13001,207285,591379,985740,
1201542,121423,432639,249077,4670807,6270462,10450700,
6342,609,4211,54,31710,107440,179360,
405370,41836,151850,88582,1585515,2313911,3890560,
404390,43197,152141,88263,1569202,2245740,3702680,
160683,14788,56121,15194,968973,1541574,2617760,
7074913,488711,686991,226962,64119554,41757385,69604640,
5311293,498113,406286,122960,24953246,16383507,27281740,
7408311,855938,325614,154629,39265062,22972943,38321680,
5943374,603439,495348,173670,29804845,19815046,33018120,
4370179,527693,395473,106965,22594039,16192276,26986960,
5462026,630901,817578,338394,26745430,23155979,38586760,
5219523,606138,692884,307019,26604291,25538010,42564320,
4738365,565099,535885,183483,24083057,19846993,33133680,
4901220,575551,640438,262257,24483615,19899108,33118520,
3612663,429516,345036,108963,18362891,13847323,23029740,
975436,107023,403639,228821,3758106,6080431,10134080,
7266,709,5055,137,36330,124783,208100,
358401,37503,133579,73066,1370162,1926132,3210260,
1190658,52134,198753,107101,20005290,10525019,17565720,
2755398,14058,51981,23730,65738236,26860939,44578160,
1201667,135799,458183,250050,4672013,7921380,13201220,
9388,1075,7560,1829,47449,182210,303760,
2022729,61052,176994,104132,41897107,20696540,34668080,
1628755,89886,206204,107886,29227826,18626619,30869320,
68132,8857,30613,17473,295871,874839,1458060,
999197,115214,419050,243607,3855980,6817710,11363920,
455272,23590,21816,4283,9678240,6767601,11278340,
344175,41707,140125,77369,1364877,2550826,4308060,
1602635,72367,230752,113313,29129772,15965157,26734940,
2832052,39037,89050,40744,66738710,30439844,50580080,
1493832,146914,530026,291384,7869428,8604454,14307160,
7057,711,5531,98,35071,125271,210240,
848381,30824,127972,75899,15488865,7357068,12311820,
561956,54791,193462,105574,2097665,2969219,4896260,
12307,1636,11334,4247,61554,281751,469680,
1801913,89325,324050,178538,28132801,14965117,25129260,
611599,9856,29248,12952,13306497,6466260,10589120,
149048,16399,64248,48408,592968,1279672,2165500,
830807,89650,318408,182577,3516046,5979930,9993240,
2267053,60483,202558,119756,49303145,27040367,45040840,
3875231,493280,876125,458868,17920874,22384804,37274140,
223387,22468,112654,75804,1282017,3045774,5076180,
285604,14505,150713,83732,5373143,4506352,7584320,
4465893,323348,823693,553903,53875399,42173807,70222240,
470269,10002,22243,11178,9744472,5225519,8682140,
751617,78488,273109,155989,2894755,4929594,8215140,
64715,6801,26471,8257,290809,590309,983820,
332207,3050,18316,9600,7660617,3287068,5478440,
2196701,131396,335643,179274,36803999,23501132,39214900,
1345685,25370,58606,32819,31004697,14661426,24385460,
2550840,179233,563570,311760,34034686,23700276,39562400,
203938,7034,16576,7131,4364417,2844862,4679760,
7414,714,5384,103,37060,130104,218000,
845606,83598,328565,190356,3251796,5989945,9983180,
2334751,44194,52637,25911,56288599,27029496,45082440,
750183,83208,288854,158319,3344641,5303950,8894980,
108065,11625,50827,27867,329755,1175862,1867840,
16194,1899,11654,5271,73719,269618,449340,
4749193,529870,756323,251787,32016138,24398303,40731280,
233090,12781,30237,17020,4314564,2911119,4782640,
1162226,104279,379520,207803,8057035,7389644,12350140,
579326,24126,374378,306536,1979646,9038981,15064940,
329546,4539,68467,58404,6232076,3896889,6500000,
3777815,157417,532085,290570,67397309,35197884,58664100,
148875,5718,28666,14476,2847086,1918785,3164220,
656333,72319,271592,153253,2546141,4055466,6784080,
329086,38266,140196,66642,1254703,1999316,3311240,
795506,15800,34113,18977,18723908,9074884,15124700,
807075,84901,304201,159196,3137079,4618722,7697620,
31131,3903,22456,13627,134058,485372,809040,
2516776,136276,344946,183337,43490317,26450703,44151760,
1276026,45865,184738,85162,22995067,10928368,18179240,
659573,7204,28892,15943,14923533,6274962,10424480,
801121,82908,301833,163711,3111360,4518818,7531500,
75375,10301,50177,30928,345002,1438699,2397800,
482070,49429,170875,92842,1898280,2870351,4817840,
1836489,112464,259892,140402,34438370,22796796,38060240,
2088656,61175,40017,19340,49985212,26901346,44770120,
897328,85717,315432,174055,5028952,5622862,9337660,
605477,2267,14217,5412,14694229,5865489,9809680,
1025743,95080,339413,183059,5595041,6054658,10071720,
908324,56171,180080,86862,11413507,7455999,12407600,
352356,1820,12273,3477,8331048,3389746,5650960,
1059905,103969,477888,295268,4020712,8612650,14353340,
14980,1987,13369,5790,74497,347288,578640,
427983,43262,176697,106001,1658258,3259848,5459120,
474843,41325,207160,128689,1792911,4014392,6656800,
959217,33386,53863,32061,21767802,11950081,19967820,
1126529,86253,311127,178745,10399609,7748866,12926600,
2987204,396965,523741,276075,14913510,16540497,27514540,
374610,41597,157091,91093,1556219,3263976,5449760,
1462378,117222,451662,250110,13412471,11895068,19773740,
77911,6290,138333,75391,859285,2181185,3635020,
2432774,361201,699007,488783,9894307,19645747,32776460,
215545,35088,42729,33603,807510,1679467,2764620,
211191,24728,95232,59373,787333,1867866,3133060,
1221289,74248,303691,175440,16435328,15395169,25872020,
3149100,74793,89975,43180,74425910,38131334,63318960,
1786071,115922,354351,208121,26570198,18069086,30236160,
2430312,83972,156294,87993,51702187,28820928,47906280,
298981,34142,130348,81654,1196484,2405585,4044200,
976262,100970,366207,187085,3854217,5969709,9915640,
48290,6987,24268,12968,229902,697278,1162260,
1705729,140164,332236,170936,24751802,20264957,33774860,
15979,1998,11984,4668,71214,307794,512980,
296452,32235,129244,78701,2424773,3112280,5294440,
941091,76786,269076,133771,9708600,8287607,13722280,
11934,1532,9997,4218,62643,282742,472400,
2740194,138335,366382,180607,49230687,28698626,47830960,
198323,1614,11112,2837,4581059,1940624,3234240,
1468259,145851,140969,47418,8183206,6884247,10649520,
9264251,724974,1160705,468289,80477648,70314663,88094480,
7475307,614192,572799,43605,38700438,29951344,35194040,
8351281,673113,873011,212129,42375735,38004072,42239100,
8931909,770078,631714,76883,66720117,51683469,54550900,
10928715,737310,700208,41948,56595590,36134678,34749300,
11601568,822974,955318,211065,59260444,44608746,42519400,
9851403,696103,587920,50706,55797341,37238074,35500000,
11474793,828586,976157,215106,61530365,46439477,44153320,
7993185,566571,512471,76304,41173336,27213715,25902360,
6636959,443429,478452,61513,48663687,32678788,31113100,
8588468,580037,1096467,367572,90115811,64845767,61850060,
6831584,527249,647152,85199,53810609,40126977,38122740,
7666347,575980,943404,217480,38278944,32971320,31421860,
5874461,385164,379459,36209,30502124,19891171,18937620,
5970253,392485,378788,19054,30918698,19003483,18088940,
9734816,704749,1250276,316339,94618683,75883490,72270360,
6281166,423052,356443,31719,52885975,32058745,30538380,
1212396,122972,403473,218979,4885124,6991851,11043380,
61218,6491,28599,17668,273100,620076,856640,
933289,26895,32218,14025,22280528,12007440,19808480,
1207150,124990,447856,233808,4696508,6753465,11255160,
659476,8921,37586,21966,14896400,6465168,10004960,
747132,78440,279542,165810,2882687,4078139,6797340,
72161,7297,32551,14391,314439,691124,1153180,
1355752,15384,45225,22708,32283886,14166710,23609980,
1247653,104511,314343,188608,12745880,11008978,18349340,
247916,3218,14758,6411,6080508,2786097,4407560,
1939107,99116,374551,224021,30483692,16346177,25914180,
2520524,346804,426620,191852,11960528,15521646,25870780,
2059730,102273,323006,154532,38835361,23618071,39361380,
2215342,176015,564713,298050,25746097,21972676,36707520,
508822,13208,235981,121641,10640072,6815678,11283660,
2546346,264390,675693,499704,9923640,15644260,26124160,
268430,26871,95667,40500,1037440,1641498,2685600,
1229381,6373,35389,15928,29634896,12163655,20334900,
1421624,112529,416146,228658,14129853,10548834,17520520,
46031,5905,20963,11722,216452,594704,992560,
404402,42595,153626,80176,1572201,2320234,3865760,
468285,50548,179383,94892,1844283,2905800,4833520,
223719,10521,13066,4570,5199573,3356717,5592920,
3145385,179635,495781,257045,51797504,31528001,52626840,
1396239,12609,58089,28198,32854710,14062035,23415280,
460861,43946,151178,79682,2656019,3025127,4983980,
939575,50454,164275,88775,13071464,7737884,12897900,
7435,724,5254,60,37171,128451,214160,
912221,87377,393530,252241,3475715,7693391,12822180,
1849074,36491,38509,15323,44673806,21716705,36226840,
1356103,87245,190956,100714,24036448,17104771,28475720,
1928987,87037,286637,173124,33908458,18621810,31102200,
2133277,20454,51922,28782,50690704,21807999,35234560,
1233464,136353,467181,247914,4848061,8062601,13038500,
6174,594,4370,117,30870,107118,178580,
2162223,127394,197808,107807,44664534,30296333,50695260,
1530531,80829,229556,109556,25492336,15013380,24826620,
7226,727,5764,40,36121,129181,215340,
994359,103049,412583,259855,3813602,6620962,11034900,
73156,1471,65043,54673,241414,1782742,2971420,
2185988,69198,184366,96412,45703260,23325930,37373120,
477453,47607,167812,89033,1784643,2549719,3928940,
472881,18005,18069,7339,11363410,6878555,11528540,
1741086,135152,473708,259013,16619892,12159042,20215400,
259811,4056,7602,2399,6063947,2526625,4245120,
448161,34872,125501,72508,4750877,4362210,7321880,
774506,81484,302837,162057,2862233,4521353,7462480,
645519,4611,21129,9779,15254665,6336456,10561160,
1076768,91515,312332,189050,9627961,8029386,13382300,
1308531,32571,33834,16554,31374543,16159872,26931540,
817531,29970,97481,61839,14811534,7250489,12184560,
678004,70261,248749,129478,2608729,3719549,6099660,
199858,19325,69128,33679,852745,1396212,2327020,
1376979,144511,528573,297434,5325007,7138429,11898900,
7308,747,5920,74,36540,130089,218320,
48692,6496,40916,28078,374627,843812,1453780,
783930,80765,292655,168193,2914115,4188107,6932820,
558738,48286,121682,10863,3147282,2604590,4390680,
6873461,534759,596218,231076,29260596,20149221,33592440,
5594780,618160,271550,55174,25726889,15057945,25067300,
5124187,582676,350441,123044,24224932,15065392,25123280,
7755747,949746,1208219,549682,38532330,39161664,65314520,
4473869,531794,415133,116271,23141687,16874943,28088540,
6168779,657762,884155,402621,44059016,36988309,61850820,
3917108,407987,584109,259808,32325904,27334524,45329600,
5884893,650137,813073,468046,28441146,27148073,45212840,
4403370,505198,615044,270718,21450181,18923158,31493300,
19055,2395,14429,5463,88440,327866,546440,
809746,83615,302984,178835,3158030,4736782,7894620,
12821,1484,8702,2546,61455,233884,389800,
555799,2838,19069,8163,13196333,5359823,8934760,
847167,88398,318067,187537,3314541,4997545,8329240,
15088,1621,7717,1935,69365,212068,353420,
2306831,162616,329021,173779,40363459,29673962,49832180,
3505419,158586,224581,109579,75393749,46294761,76851380,
441218,27696,20007,7959,10155022,7635421,12659020,
809144,84724,304561,178860,3152606,4724828,7874680,
8498,891,6469,878,42839,169719,282820,
429317,46247,176367,105127,1676329,3004628,5007580,
483556,43684,164078,91671,3261540,3158494,5264020,
7793,711,5376,45,36541,125238,208740,
1253170,97661,318288,186180,12815648,10316749,17194440,
1235318,61425,53545,28064,28919010,19081938,31902280,
2530214,144290,322428,169150,44389397,28085656,46710380,
1051152,50185,180424,109601,16006025,8195894,13658540,
11256,1215,6364,817,53245,186388,311860,
898429,98419,328275,179322,3918196,5586063,9356040,
1848691,64527,85801,42202,43793444,25372256,41939820,
2602093,114148,224486,120758,53522074,31702979,49130320,
2626811,94903,294435,168028,51442543,26171672,43619460,
1022614,10038,51514,29303,24086651,10552199,16484680,
1157368,113231,386793,220023,7169329,8546349,13510860,
21824,2816,16625,8747,100869,387850,647780,
1454725,95598,302792,167378,20777203,13595182,22741080,
993733,61629,199062,106059,13401103,8452492,14007260,
7266,699,5066,121,36121,127008,211720,
1029074,88843,316272,193449,8054283,6917296,11610840,
948267,46598,28716,12905,22811218,15004420,23529800,
2603683,104600,213597,112269,54290599,31064767,51659240,
2521190,116988,187966,93862,51186526,30505456,50823520,
2095760,109187,56697,30336,50744651,34144062,56896800,
1567447,115914,408716,228916,17506649,12068148,20010880,
2761089,11518,42585,19705,66869606,26779224,44632200,
670279,78092,260283,140778,2558398,4475194,7493720,
2430766,126484,238358,113926,48544020,30359541,50742160,
2569673,106297,59762,26624,61539166,37377612,62116100,
2700856,121131,345082,178931,49100006,26989709,44981460,
2716531,190344,152963,49408,27371929,13762077,22981980,
4321100,484495,489989,178206,21343853,16788667,28013200,
2322609,275759,349801,151445,11369090,10046751,16673380,
5160221,405035,285057,49452,65154150,36405447,60744380,
4064194,517594,871809,431902,20849095,24950980,41611020,
733894,10159,63951,33268,16503834,7484690,12392780,
971849,78547,254016,158059,11449982,10887948,18181700,
946277,104074,467558,235741,4256911,8257329,13727220,
2681334,200194,502594,391145,27387447,22074185,36964400,
2285188,158129,393670,231645,36956841,27591691,45805820,
1114473,39699,149989,72885,21369056,10601308,17073520,
1823906,38619,88005,52344,40122757,19254597,32135500,
669723,73268,251511,120090,2602061,3927668,6499480,
1105994,24197,17964,6203,27672694,13946223,23436280,
2098015,126404,345288,178930,32483414,20578325,34103400,
7182,723,5736,41,35910,127335,213840,
336080,37281,130799,71401,1291868,2112430,3554220,
876001,89481,323165,167304,3428241,4824648,8007080,
13840,1706,9287,3915,67047,266885,444900,
805840,84104,306355,173652,3142831,4615071,7691620,
418764,19645,18536,8298,9845182,6222703,10371220,
306056,30048,182374,133187,1094757,4431763,7420300,
621152,61424,227626,116768,2450831,3960046,6567480,
7266,702,5147,167,36540,127660,211480,
778105,81998,297295,169438,3103354,4478463,7512260,
80601,8907,30571,14949,282043,670116,1067580,
2152780,51964,92284,44396,49602413,24936893,41595300,
1300260,137889,511907,283379,5017509,7156522,11893940,
8634,932,6485,1629,43528,160384,267300,
2134481,122758,264433,146628,38685710,25733031,42965860,
1544521,69898,94228,39141,32844221,19674145,32755840,
1093708,46922,16651,3340,26522591,16226736,26350720,
2172458,138293,391489,239011,34527014,26571995,37821700,
1734211,77221,47019,22570,41001261,25794014,27568640,
4729049,242889,254372,133752,104049699,67801994,64437080,
3303646,41345,142437,66963,74103873,30424030,28955780,
1701913,19873,40551,19410,41083984,18566733,18328260,
1612792,143275,472694,243848,13860301,13129859,15686220,
34241,4457,24394,11339,145276,561853,648440,
939155,94866,367708,151515,3869618,7390944,11423740,
707931,65283,260876,59555,2949259,5083714,7574000,
1697196,116549,198426,44555,32376209,25244222,39045440,
3324521,220600,614353,310094,51595848,37633809,57886140,
391039,45148,182869,66205,1728780,4499332,6459560,
1956311,144598,407628,194190,22276236,17475993,24535780,
2480277,117227,290544,142146,41162850,22966377,28256400,
91020,4617,25336,12418,1345465,1043801,1481040,
2607106,210952,787693,276075,14323247,14641902,20818080,
1908135,15742,52637,27468,44752695,19343098,32160040,
1447903,62286,184047,96557,26470717,14802601,24181460,
1485023,59095,174264,89390,27331484,14377949,16139760,
7392,721,4975,34,36960,125355,198200,
802517,83118,293857,166956,3118057,4319423,7197980,
18120,2551,15149,6716,93563,472459,786600,
3264600,427857,638099,326222,15883093,19475853,32506820,
3240481,334111,475815,196577,14921847,13940729,23170520,
3999765,464781,429992,160132,20944173,17072211,28496300,
3312084,289910,723592,364868,35553851,29239215,48680840,
2932029,229295,553003,396495,39106899,31198611,52045460,
4999551,392177,419571,162772,61512354,39564938,63249900,
2157430,44986,158410,80169,44131432,18681034,29798100,
223586,4548,19610,10197,4719333,2405362,3706080,
979901,105323,391704,223566,3778598,5475024,8774600,
1445334,105661,201449,100820,21505771,13071433,21841000,
626928,70657,205646,112505,2537413,4477287,7411940,
2347934,73542,174428,89952,49038877,24336746,38269520,
2167014,39278,42076,20125,50944453,24672055,40563260,
2036222,145165,451781,234880,24856523,17059980,28434840,
1156303,44790,29444,12185,27730938,16488686,27446420,
504090,44192,163262,86219,4160757,3697031,6190100,
604127,47453,153864,86461,6101846,4983399,8232020,
29202,4811,28794,18859,124986,809561,1349420,
805880,82705,297707,171759,3136511,4373164,7288460,
1572311,86230,43995,20571,37858747,25793170,42989660,
406495,42684,153274,88307,1591171,2514706,4207020,
2674657,342174,701770,301935,14117704,18120943,30230520,
3722004,410803,312086,107831,27900292,19411458,32352360,
3796763,440827,799134,381604,24309950,21858501,36397100,
1195660,5256,32102,14078,28605764,11461754,19103960,
328366,34948,124800,70709,1272376,2077227,3542560,
484891,49611,176095,90641,1893539,2574390,4210040,
605011,3203,88609,73400,12661339,7577305,12631400,
802937,82420,295887,172250,3119995,4559771,7597800,
512321,64535,134330,75931,2734492,4154775,6924560,
912708,64262,162428,99711,11808610,8191701,13699800,
1059728,69940,231809,127970,13544201,8715569,14602400,
430529,10310,13345,4435,9694855,5271907,8663020,
1851561,160739,548644,315467,16955592,13873596,23156660,
1381315,14720,38682,17307,32899781,14264933,23741000,
183113,20970,76531,48701,749803,1542882,2619040,
673794,69392,252611,141979,2609840,3860972,6389380,
127231,6611,93238,77834,460687,3111723,5186180,
804637,90971,314330,173480,3129441,5387647,8979380,
22061,2719,16401,6947,97733,396410,662240,
2758002,118321,86009,40824,65501771,40330427,67259160,
803024,84909,316410,171903,3033268,5229298,8667140,
174687,3806,140862,126324,558185,3581880,5969860,
2646788,162102,287425,151666,50563442,34489105,57588180,
927057,66330,228291,101512,10931976,7511060,12413820,
8812,1095,7761,2235,43721,215567,359340,
890294,82389,298914,178119,5407249,5329566,8922900,
921188,3371,20700,9367,21874718,8667404,14403960,
785789,55379,172226,100553,9079197,6573807,11004020,
546860,55706,194465,104040,4066820,5126893,8562740,
2192062,104973,136743,75702,49419199,31298706,52239800,
4573401,496187,826137,408347,40664885,34180220,56930160,
390378,24767,273813,209188,1746344,7715310,12780200,
525933,62562,319707,194676,2429236,5781153,9715460,
2799826,279525,853453,564620,11494460,19164696,31875200,
49677,6739,24304,13549,235525,761791,1269580,
1128019,153349,396041,241837,4393956,10021592,16735000,
1587239,18421,41695,19217,37928618,16870302,16194220,
406687,43407,154521,80604,1583415,2621818,4368340,
1314829,167243,261966,97139,5697704,6042079,10103760,
2031966,268535,215614,28828,8980878,7919990,13167840,
1454431,113741,419359,229429,15030685,10946815,18244760,
11536,1584,9864,3244,59553,271137,451980,
783052,49812,177277,91726,10512645,6604054,11053220,
814295,91264,312655,165481,3163181,5174393,8577080,
556018,8552,16798,7414,13581116,6356276,10649760,
1532244,99696,359822,201354,19405457,14321713,23803640,
476250,11626,32066,19577,9760969,5505603,9175920,
2308261,61747,194996,105732,47636260,22312196,37238960,
1080444,56837,182735,93310,16147080,8902522,14786040,
674021,17797,32784,18650,15790743,8463996,14106680,
2328745,136096,334999,186663,40123318,25439482,42446400,
282387,13472,37133,21372,4891413,2864539,4727460,
368389,40206,148002,77685,1483755,2449826,4119400,
862327,94280,328845,165945,3323609,5202872,8638600,
464743,3745,14607,6352,11654771,5069275,8583460,
1449995,109120,414799,244720,14341201,9795148,16199700,
7351,714,5123,206,36751,129941,216480,
456715,23274,97593,66841,8149948,4590535,7948260,
1795093,87143,251482,120249,29798870,16717707,27598100,
305228,2420,14065,6625,6860286,2848154,4713220,
807742,83117,294550,160512,3141608,4434923,7391660,
11220,1406,8952,3126,57077,207972,346780,
301097,32983,118254,71510,1188647,1742014,2937300,
917336,93373,328265,167163,3556830,4934698,8190840,
1305076,42434,84637,47036,28264572,15984355,26641980,
3318433,170500,371599,194812,63573533,39168253,65346980,
759313,15905,26493,13036,17814288,8802698,14604560,
286343,34620,115567,77159,1186811,2149002,3615540,
622968,62458,214289,119970,2434682,3413010,5654620,
434290,15016,19029,8941,10647160,6343685,10685820,
4194909,273493,491649,267316,78421927,55558914,92540300,
379188,12177,40586,14605,7675526,4049860,6696840,
7435,731,5371,60,37171,129121,221020,
1285933,122641,503322,298185,4933644,9044069,15066560,
8897,1126,8556,2661,44352,227936,379940,
1623593,131691,281304,159179,25191229,20695389,34525920,
302171,35210,142569,71967,1187250,1915324,3158020,
1538431,70612,27620,13510,37398439,24056859,40195580,
1300402,98361,319406,181527,14464109,10572193,17519760,
3210566,383446,515414,261075,24298069,20524826,34288420,
1107762,58326,219960,118905,16910824,10762002,17892260,
2276386,106560,316197,180215,40914749,24578089,40975740,
583933,30251,86412,45981,9819343,6708940,11181980,
2708969,278349,926107,596322,11944671,19000210,31655160,
1726653,80138,100568,75480,33812875,19894438,33124660,
453341,44649,197549,119366,1739870,5428707,9047820,
589589,66193,260896,144657,2280567,3675897,6126520,
537873,4680,21127,10125,12916982,5542788,9271500,
1497102,93390,338539,195906,19285567,12054415,20113460,
2261657,102070,166417,87436,47185296,29086943,48468840,
2352651,92369,231895,126713,47461898,26824315,44662540,
595256,49930,182349,105700,5401684,4902505,8172200,
7435,718,5831,40,37171,130279,217100,
1955089,126221,450733,258599,22910518,13777784,22996700,
412151,3134,20963,9046,9544598,4021927,6669420,
406839,42456,154775,89420,1584000,2436127,4061540,
427838,44952,173002,103283,1670845,2829406,4714520,
241171,9082,36408,20553,4665358,2596900,4355700,
2046767,126885,332493,174138,32817852,21765060,36242400,
14892,1670,9263,2149,66083,221482,369140,
811341,43959,159411,83562,11290872,6099004,10164940,
2160025,87987,193443,112962,43000173,24052520,40194460,
2418911,42348,87757,40898,57102901,27024210,44996000,
2984980,165277,478059,276668,47052969,28315738,47125920,
9590,1246,8348,3241,47441,237441,396040,
1359121,51315,166322,95570,25573251,13015513,21694220,
854933,62706,283328,182879,8213170,9075149,15123420,
80224,14772,29802,12891,362944,823207,1372080,
810195,93278,316685,174860,3380005,5749159,9581880,
61863,5579,14993,5786,101178,357382,595600,
843497,52367,121684,67132,15080927,10158806,17079280,
1237804,83025,233084,113084,18477330,12766490,21132720,
7350,712,5281,98,36750,125703,209440,
2523612,204264,635522,332579,27822931,21534845,35891580,
1298170,9897,43016,23499,30574427,12636162,21119780,
2004152,45651,163271,96188,42488258,19674010,32773660,
1002070,95546,392050,235304,6985341,10136889,16926960,
515500,17399,25718,11640,11776395,6613913,10942620,
863468,101738,363800,212316,3307822,5921611,9911760,
1269470,63791,132220,34820,24465989,16633437,27227940,
2014582,99050,426951,241324,33546799,26407450,39550100,
2669172,126794,800038,497746,33678528,31892985,46605520,
563258,46216,209866,50195,2394025,4667927,7104300,
2856855,188145,619091,281264,35866939,24755342,38089040,
719025,67630,152822,29557,3394187,3942409,5832700,
1974908,57144,157885,88825,37024502,17561377,25883820,
1221700,73801,234687,121703,16946296,10646443,17559420,
1761468,86652,376016,51507,17664380,10911316,18136280,
752327,78083,275365,155788,2898328,4200431,6999520,
2867835,389715,548960,273069,14251554,17054930,28431300,
224474,27054,98717,61205,904436,2513154,4208640,
1057188,93075,501615,340977,4416167,11742002,19575660,
115870,9788,152554,83681,1672015,2726680,4553920,
4793043,385698,864078,587509,60988354,47115702,78607640,
1286047,56399,113729,53971,23689800,12239311,20284020,
8347,920,6672,2333,48518,236365,440920,
941224,88611,300200,158931,6274448,6548559,10876360,
1422075,63436,41587,18350,34246884,21107571,35314380,
3563427,194092,384685,199578,68478232,44882592,72947420,
1415910,63787,52746,26194,32320649,20557583,31493040,
66842,8257,33520,19573,351316,931814,1505660,
1863431,101358,311524,161074,29310198,16944054,26472120,
10838,1331,8446,2228,54868,233359,421380,
1690815,125932,447520,245017,17535591,12048878,20081260,
84288,9353,39490,13248,357504,821131,1335020,
519904,4237,26251,15950,12206048,5155717,8627620,
1542473,101313,344005,191205,20136145,13220107,22016100,
1430107,27970,31018,18021,34267659,16431305,27492980,
1793853,120779,294444,176641,29865315,21477016,35769780,
2531616,93403,179593,88456,53198154,28961950,48292560,
3264979,45261,72794,34134,78457931,35352077,58851160,
1209040,98296,341995,182260,11851176,9770487,16249060,
7268,707,5468,59,36332,127484,212300,
1543875,94362,326891,176245,20200370,12047159,20112600,
397374,40859,151629,77476,2009246,2536497,4192240,
7350,718,5254,184,36540,129593,216100,
3363677,179601,433713,239249,61084816,37618220,62883540,
1832446,13533,34624,14100,43424724,18253271,30268540,
1831900,48252,167854,87292,35982543,16131159,26851480,
492218,43823,158169,89300,3525920,3232070,5388100,
1065658,6264,24478,12110,25888620,10636068,17793140,
2716922,160872,330208,174094,48998965,32460794,54067340,
1147120,18220,24797,13171,27593825,12909245,21515840,
3208169,142683,380204,191200,60276343,33943617,56580180,
765654,57000,193310,105595,8683453,6338462,10529940,
57931,7857,28635,15730,277142,716074,1193380,
836023,92401,326151,176889,3256997,5385631,8976080,
1891421,66672,39166,21289,45670652,26681365,44501460,
1171910,46449,167914,91882,19716913,9756387,16235700,
551132,55219,179709,94080,3648082,3977858,6629800,
1704260,41971,110494,59527,37024458,18018145,30030340,
2526184,101687,346276,177655,44589646,22423657,37371660,
1007276,5345,19745,10109,24479743,10007123,16718880,
1038167,99980,381208,211716,6210027,6197706,10393860,
915832,52790,176578,104848,11367177,7100134,11740800,
7666,831,6430,595,38158,142305,237340,
3744728,189139,453211,247487,70475494,41844380,69788660,
791843,6150,30537,14969,18557760,7757503,12882160,
1258342,74565,181391,99263,21635508,14303948,23839880,
5262027,463874,510201,253510,74913884,50212183,83798080,
1708509,120223,338452,158289,28897169,21996581,36564580,
1077273,103364,385403,218580,6433758,9186690,14955040,
107709,9979,181443,96620,1107887,2591830,3994040,
2250288,216961,575853,437754,9082797,14343990,23522380,
2113290,112757,443758,235825,30413930,16729978,27860380,
6311,666,4705,410,31476,116868,194720,
813403,84927,309580,174659,3180661,4845290,8075420,
2213918,132658,101175,47530,37028379,19855169,33091780,
1396825,96268,147452,77855,26982563,20143536,33814060,
3349639,132919,255054,131725,69754731,39534479,65684860,
1996799,44222,56142,26278,47853074,23948096,39943300,
2902691,111637,346969,186022,53467786,27317445,45457280,
259771,4306,9302,2293,6124925,2583509,4360400,
551538,42053,140853,81504,4915508,4405706,7357760,
1346491,96098,335465,186747,15167976,10078286,16740120,
663374,10859,33931,19368,15060720,6808864,11346860,
824696,89044,330329,178629,3207644,5315829,8860960,
17624,1998,10653,5358,79113,254151,425200,
1870559,47166,154656,87895,40161308,18920113,31568060,
587160,58411,196336,93102,2318657,3242468,5370160,
6342,610,4269,57,31710,107382,178780,
1927260,119491,341713,186930,30299104,19711681,32982760,
334437,9776,23681,10055,7174200,4188539,6850440,
2219957,33601,303659,255998,46050616,27366955,45125260,
3477558,182730,553359,297209,58178056,33215202,51418480,
509225,9830,21625,10820,11724648,5660485,9226440,
1142844,84011,306185,170337,12135916,8355447,13927540,
1044480,16846,54134,24380,23549329,10680663,17752680,
1127484,12724,66538,44985,26215546,12139462,19574700,
1204461,132276,414782,247954,5210643,8781500,13591320,
27598,4109,28907,15343,146317,708638,1172260,
1250254,92491,323964,190300,12788142,9764026,16275200,
2280120,30891,90166,52707,52971525,23409341,39003520,
2389704,62086,81920,39253,56745492,29588477,46981060,
1574483,142340,450297,251397,12706104,11810690,19065740,
20169,2826,16522,7686,94745,365805,564500,
1026847,78637,285355,176119,9828987,6866704,10621700,
1364300,31118,50245,21559,31491432,16045848,25476480,
11518,1400,8880,3381,57529,210778,351320,
803368,84141,301756,162263,3122498,4604666,7674600,
9361,1036,6859,1747,46638,167408,278960,
910521,86730,279850,157351,8546182,8090816,13674520,
2753862,80226,105671,47433,63154818,33433669,55562580,
274376,5952,34130,17881,5609375,2810332,4650120,
3597081,198972,516790,271461,62348619,38073992,60485040,
447841,13690,33447,13502,10237091,5644142,9133900,
3249383,168909,405483,233015,61698384,37571072,59327760,
408584,22721,72032,27734,6122424,3780645,6068920,
1598452,37182,67804,42883,35562732,17591283,29056420,
5499977,524563,729558,371607,68334979,50734528,84649780,
1191508,56162,232636,97698,21189366,12413135,20728500,
1635367,86762,311415,180389,25878878,17661350,29477380,
1219294,70350,295429,156414,20750993,14697113,24324880,
2387757,186756,468676,368346,20585328,17565366,29252820,
2233680,177198,579809,311170,25808280,21128365,33123920,
782097,8376,38215,17467,18082342,7835241,12011160,
1462525,57499,216382,131996,24776691,12237801,20025840,
2022678,61326,170122,91346,42266212,21344463,35511600,
551281,3944,15579,7663,13394695,5612649,9404680,
2207767,116199,428218,235339,32478990,17496451,29110500,
1891829,16816,55073,28468,45473872,19574651,32259860,
975022,54317,191267,108943,14467413,8744397,13909340,
2246477,92910,171683,86901,46238240,26022915,40777460,
558548,12299,35677,19366,12256574,6167199,9761020,
2435569,169828,470118,258918,34826411,24388160,40747740,
2054578,104350,60584,30223,48368357,32063238,53364200,
1583282,89288,308162,193508,25730722,15619892,26055100,
1205546,48241,165948,86708,21016107,10073922,16852960,
689980,11501,21202,8951,15279570,7582755,12570960,
1113385,97559,342116,177795,10127038,8660138,14428280,
682080,28077,28581,16057,16210992,10047197,16778900,
442622,47852,166148,83838,2296606,3237390,5362060,
403411,46767,160698,80307,1572492,2730124,4550060,
6218,599,4380,61,31082,107723,179540,
1207494,136040,467431,262798,4702531,7938799,13231200,
2875228,22645,71967,32480,68852184,28871405,48120320,
1051406,51517,156715,94714,18579752,10836529,18247200,
2664944,109778,226238,111533,53866037,30871333,49454440,
110811,14556,35849,20506,531940,1135287,1786100,
1977258,109612,334469,182666,31350089,18730903,29202160,
635196,13253,30110,13865,14768809,7288740,12063080,
653758,52633,206358,133270,6422358,7312722,12187960,
412361,41893,154204,89566,1591916,2251355,3753420,
567764,19009,21739,10788,13533588,7579212,12664240,
1837329,166510,494289,264209,18787717,17213646,28655540,
23007,3108,16769,8125,107352,400472,666240,
2148520,117495,189847,98756,44293550,29654591,49764540,
2841831,128074,256893,129140,57640668,34788718,57681360,
105003,8196,33444,15823,1368529,1491869,2427140,
1229703,138093,499237,299500,5197774,8910309,14943760,
2126990,94919,152198,77928,46866498,28760066,47972840,
1685489,64174,190852,100588,32212665,17159494,28506640,
456484,51530,177804,98610,1805257,3060213,5097920,
14551,1684,10401,2708,65167,232099,385520,
1247368,140671,484749,257310,4884156,8376237,13805160,
567522,41300,173275,61840,6800448,6153572,9459780,
1316970,77731,301710,144678,18440439,12247867,18901320,
914238,93002,343824,131000,3768839,6663339,10207740,
504136,44363,167809,15052,2192926,3613287,5556420,
3695532,484863,997425,434203,17547430,28411026,42048940,
2109738,147852,401319,143672,32912506,26674615,32303280,
560524,54990,196441,131375,2843046,5398196,9093540,
817634,77437,374189,189411,6012605,8510207,14082520,
3944396,273968,854014,425804,33150925,28887046,44409920,
2172861,172175,556870,307219,21871847,17042607,28466500,
777831,16671,36754,19720,18206956,9387560,15639000,
1958010,44578,104171,59634,44787089,22429827,35948280,
2365560,120808,431825,242131,36643129,20116268,31043220,
1543006,39425,38792,20393,36000686,18455332,28957080,
1415368,105219,343077,186284,16405927,11985633,18459220,
42774,4193,24334,12120,454121,677472,1065420,
42392,5464,19055,10883,200722,499936,832960,
814859,83896,305167,179309,3167500,4600551,7667500,
11820,1461,8689,2939,58683,213298,355320,
1350891,141192,519107,286395,5268733,7101221,11880560,
53918,6146,37470,21347,215694,917865,1486340,
911707,26395,34018,17777,21697029,12008880,20110040,
1384329,98176,341582,175314,16363230,11205605,18574380,
57973,2133,13152,5062,1490265,953934,1662060,
3486911,122322,357707,197088,68493192,35174846,58738480,
1735777,39159,68287,27284,39838661,19822440,32852700,
7604,735,5556,25,38012,131894,218700,
2610560,123411,339986,189709,47021881,25873423,43270080,
837577,27036,37636,18809,18187974,11132785,18407860,
2536394,104736,390363,222943,42267680,20508188,34181680,
1250131,51445,206294,94806,21312831,10727211,17912220,
1828704,27597,95102,45646,42127774,19121730,30399520,
1135222,98968,334203,183782,10758459,9228332,14249220,
1636666,53122,58751,28665,37862054,20681449,31865760,
1424749,96696,382502,218576,17973142,11485896,18809580,
2473257,75343,152202,65360,53712522,26934625,44831640,
9187,954,7068,1035,46307,160048,265420,
982528,108961,395585,224694,3793583,6001849,10003140,
7435,715,5202,63,37171,127591,213800,
1020444,111824,395178,230394,3931299,5950113,9982940,
579660,66503,254205,131398,2252874,3825345,6323200,
2277835,101657,71810,35956,54593158,34733721,58013140,
1321157,93657,326681,171856,14788782,10378322,17174840,
804178,3005,19333,7944,19201358,7680972,12801620,
417357,43807,163725,89529,1651481,2600998,4368880,
1313354,81003,194699,99561,23399508,15674544,26275780,
2867726,110131,66013,32321,67012411,40654713,67639200,
1259543,98561,323164,194131,13497460,10471889,17386460,
14113,1729,11291,4926,66053,290529,490120,
2183857,97695,221177,134694,42562485,24817590,41357080,
3231739,155422,472143,242360,58464350,33691440,54333280,
580615,26268,26613,13813,13870078,9087674,14027300,
1772312,98953,338869,185613,26065078,14942343,22948240,
49086,7130,40474,26311,280436,1290378,2056580,
745807,79872,257504,154984,3507201,6143770,10247060,
3203375,424500,648684,327236,15421561,17919780,29834400,
172797,16238,87408,59333,1072518,2492605,4161360,
1623324,135422,977595,681876,6360306,22514233,37556140,
2194699,182025,793398,662866,8905302,22580834,37622840,
539156,42747,109420,76753,5006620,4373627,7255360,
1276083,118096,382841,196691,9520155,9521694,15903120,
2065918,97647,99349,51072,47873691,30547892,50939980,
1251609,91524,309248,171369,13473457,9578005,15902240,
1345493,48520,45970,27479,32175793,18943416,31646500,
2242164,56005,120024,79550,49650740,25272219,42108680,
1332715,121237,408479,266081,8759548,11183457,18570800,
1191854,53900,159414,126704,21991516,13841362,23069060,
2268383,108989,675966,499553,30620753,26762867,44684820,
1523733,74744,558073,486459,17441714,23021049,38321300,
957487,16012,72336,55065,21132982,10718870,17885160,
1187607,130788,447454,250762,4513139,7226487,11995060,
16845,1966,11932,5260,89585,330381,586520,
1545002,183959,567886,368346,5929147,11510543,19151780,
114785,12352,26562,6287,561921,692648,1154480,
335418,30527,121619,73733,3206454,2977823,4996340,
2469118,133766,263799,120864,47398785,29966204,49905780,
49852,3298,13039,4504,912949,763925,1273220,
778051,80194,291216,172401,3088470,4374031,7341200,
77569,8628,29498,13309,271847,700104,1116700,
12002,1640,11580,5189,58942,295235,490640,
2053298,152393,562027,315668,21788841,14483925,24237600,
2282705,84213,46405,20159,54765694,31890999,53154480,
2428539,151754,274834,158714,46170852,31636521,52708000,
836344,49283,168974,86706,11222885,7189364,11901300,
11952,1382,9137,3427,59446,219024,365020,
1827617,91123,318374,186599,28021510,14891429,24854140,
920361,18377,44189,17691,21421608,10367067,17243200,
499888,52380,183272,107351,1976794,3134350,5271620,
315478,35937,132775,59814,1202818,1995637,3279420,
36773,4336,12150,5336,156028,427324,712140,
2686686,130526,455891,253130,40793756,21727763,36260260,
2171708,26091,28785,11029,52538005,23288250,38813600,
2084194,46495,169007,93824,42496977,18391346,30652740,
2238054,50479,177251,93107,45276312,19663740,30636600,
2841288,75736,77097,37315,68107349,35986841,41155240,
5401731,234772,428046,235375,110154674,64483560,65105000,
1452275,4856,21083,11361,34786127,13901690,13248160,
404304,42678,150582,90194,1572509,2516758,4192580,
521592,46295,248507,159723,2007475,5259801,8409560,
8938,1128,8673,2006,44353,208208,345340,
1377303,143682,528759,299409,5324390,7362247,12270660,
1598508,118077,389890,33317,16062185,13168642,21981220,
3955454,322347,765894,119920,16417974,18840439,31413240,
7155037,507912,311978,134950,29131124,18332394,30548160,
6694922,725579,509285,202905,29634703,30407095,50698720,
8154367,703887,852490,428247,49397564,38815493,64752120,
7668902,488775,252874,109830,32384270,18603134,31077320,
7215908,499818,478170,221084,30733648,21986899,36606900,
9201436,866624,865468,555997,40252166,36778720,56894100,
5550648,576406,430015,151836,26445853,18386771,28396420,
8275646,879637,658334,330015,36486316,24651619,41000200,
5636252,566672,362382,105014,26488099,15821349,26370340,
8780296,733113,579563,241603,138365103,101191371,125625820,
5407089,576103,638415,264357,38333434,27996386,36542840,
5870872,616393,608796,235558,48376031,36943242,44858380,
6764900,669524,1539548,993580,40551288,50617164,64977340,
7006562,675762,750154,361281,53682497,36236151,44938560,
7333268,801905,830807,362546,40903403,33247498,39078000,
734626,61615,401437,313452,2768730,9280923,15193560,
800007,9184,340533,310820,9173601,11491949,19151900,
1246874,124880,444880,241399,6383676,7898620,13192240,
2218509,58466,48413,23905,53404426,28277357,47100260,
1332731,57212,577444,483458,15012142,23204412,38721460,
1251713,86867,522742,373591,11011333,16865972,27933540,
7519,734,5491,53,37591,130777,218020,
2256860,148670,510348,297583,31197600,19708667,32848580,
1623392,4511,26471,13285,39004029,15464043,25773360,
550529,43597,158568,96122,5377084,4150204,6937860,
2085735,60485,195199,97291,40912132,18948437,31573600,
3722352,249343,277906,93150,51657220,29310270,42742820,
5171713,632010,843740,348568,23171466,24948247,40785580,
6392539,629388,250843,84493,28930211,16883007,27982180,
4715697,563955,553783,158335,31746751,22797082,37939820,
5205704,607555,618681,236788,27254084,20679978,34421260,
4707858,542308,386212,94507,24392481,16538032,27528320,
5404940,569557,646568,286017,48478250,39728086,66208940,
5937216,485173,376547,132829,81292873,52284306,81665920,
5437947,542630,437456,131360,41537612,23805041,39266380,
6338979,677663,776707,307014,41477949,29718536,45813280,
4445862,514108,387610,120958,22673580,16162063,24912900,
3691070,187978,492187,269997,65395039,38990953,64357360,
1754061,13394,58309,26658,41036886,16747126,26345480,
631596,19481,64800,46313,12027471,5886077,9171940,
839028,76077,275398,142455,6013048,5611018,9327520,
1167321,46604,29349,12997,27644296,17075504,28382420,
750166,76899,276577,161851,2894658,4050300,6750480,
945249,31120,51626,19697,21679590,11979214,20023540,
2256171,23754,69203,36108,54018384,23625451,39464940,
1633259,102153,314221,164729,22565233,14044428,23261920,
840086,89476,117454,44307,4652627,3673442,6122280,
6015485,640561,692571,271460,26658898,21059480,35166220,
4716906,551697,561752,209359,23864397,18995030,31625780,
4188776,444425,337639,112222,36529121,26948904,44934120,
4873053,549082,683715,295854,24197699,21870732,36457720,
4105267,531673,655572,318634,20543913,20930366,34812140,
1926712,96660,345615,177942,32900839,20406910,28717560,
2341100,149515,498322,204887,33680774,27090928,33681380,
795429,60418,474496,214661,3935979,11171097,13966480,
3210435,304932,1011047,622761,12977473,30837572,38541040,
1777054,83704,481717,285384,24728717,22871840,28655860,
3510304,184461,464240,221831,56409437,33753816,43074620,
6541939,689763,624008,158631,40299526,25124957,32065540,
3058774,128742,518177,262605,43592962,29991292,46008740,
1426892,114393,457294,195515,12736160,12019373,18045620,
379930,4098,13915,6086,8534591,3545700,5908080,
1040087,64337,363153,261162,10380518,11378225,18428760,
921853,78536,430886,332680,3353670,10821131,17999740,
487149,51911,179676,148076,1860955,5384377,9009440,
3021325,178406,730821,513054,40097122,31207827,51974900,
308501,4207,261091,238299,963734,6119018,10244940,
3151106,145161,357610,193218,58159952,33273242,55454980,
337937,36165,134978,64208,1275850,1804271,2961320,
444008,10857,367913,332442,1422193,9333799,15589980,
1549261,169298,593647,424923,6102393,13045190,21758780,
683254,36214,112268,72479,10845520,7501549,12473660,
1513672,95314,175593,95937,28322513,19882435,33182720,
1576928,77246,228168,121024,28184481,16666639,27729280,
943684,20230,37477,18731,22089661,10853631,18034240,
974530,84887,450673,315949,3648129,9469461,15782220,
555680,62810,107659,60074,2368173,3017351,5029040,
1799132,218734,468972,295287,7135701,11685703,19504600,
1706280,78741,234775,152817,31130778,18969969,30957940,
436498,10918,24372,12767,10157058,5257030,8761240,
2076055,176860,514200,347559,23007226,23190444,36789840,
2399060,46085,63290,29318,57898342,28134186,46484340,
1888723,95246,197600,111182,36061026,22590958,34904980,
410970,41622,153368,90677,1606720,2290767,3801460,
805863,97715,240794,212708,3098806,7427635,11426880,
805522,83450,304884,172244,3119443,4654968,7161620,
46903,5717,19744,12629,203336,715529,1100820,
719516,73984,267154,156570,2776714,4072319,6339020,
921735,96500,401317,256865,3508223,7530242,11510660,
2022053,68810,83907,44981,46249108,25408176,42252640,
1134698,88141,297995,182641,10036723,8188611,13615020,
1193416,16604,54234,31714,27060490,11870192,19015260,
1518840,65951,206585,104921,25566721,13563820,21484960,
1419193,88075,330759,189869,20199518,12698045,21156720,
2957960,168403,281953,219860,54843864,36463412,60873760,
1343921,111975,424856,243872,11281506,9658402,15943960,
8997,1112,8070,2638,44552,224328,374000,
518522,55045,204485,120181,2010824,2769249,4662880,
2148943,153445,385120,188853,33786722,24709716,41137100,
788142,26701,36858,14119,18615740,10646924,17776820,
1654921,112128,327772,171766,24055567,16092523,26914020,
5696122,465783,580799,279214,83443781,53743317,89562300,
3080767,108044,233916,128678,65754045,36495476,57299660,
2927076,122636,362536,186131,56670276,33271903,51292080,
2317590,71196,220119,113614,54094461,30291281,50442900,
5574765,420990,884867,609797,79742628,56817223,90526360,
1671505,30949,114752,51439,36410997,16029497,24601320,
3171959,117521,191239,99540,69739924,39350578,60676180,
2923977,148483,387720,189279,50945918,30989397,47596160,
2062900,22033,726929,661432,33195693,31010957,48964160,
2915731,159685,509612,339056,48103539,33655246,52291060,
1520032,12759,52993,29966,36190022,15217405,25185380,
2280435,92336,281980,170628,44633728,24182961,40346180,
2194731,89137,779281,613613,28074398,29671007,49372380,
4469354,172962,499662,417723,97853313,73142943,112706380,
3259589,126510,992001,800649,45958916,42987890,62235540,
1064021,32310,29975,15397,25794860,14325670,23957200,
364944,24121,78744,51603,5085225,3570156,5883520,
2480734,159355,429364,218572,39065992,25941328,43387420,
2080608,58976,102863,51607,47736845,25935697,43138620,
3820576,198766,760047,563886,66819328,57391574,95637320,
154789,10074,36382,12650,2033294,1488487,2400460,
783107,18785,75791,45505,15782402,7183275,12006860,
2775482,196818,332039,161922,52618244,39520642,65830820,
3948713,204269,123203,56601,95167422,63575411,103246460,
3079899,202597,348422,189931,57421835,41341793,63468420,
1185411,20036,57853,29728,25905582,12091620,19953280,
2070919,62613,312205,254822,43210284,30487071,48537300,
3472570,208182,1198156,874690,41352975,47540456,75830700,
1695908,11180,124503,90859,38485278,17961469,28678600,
1209487,93914,488132,344731,9527397,14253225,22255960,
1651793,48085,234400,154381,31758739,18824152,28391040,
3312351,141260,131577,57743,78415787,48575459,76804360,
1050906,95362,328857,181156,7372244,7520409,11854940,
2573369,103026,550428,461925,48701314,42692313,71189020,
2628955,83796,308465,176127,48618793,22684297,37888000,
1518602,37491,58398,22974,34758641,17538198,29265680,
2399832,47665,95057,46730,56546485,27563755,45525040,
3069588,184337,667585,392619,43669758,29949839,46825160,
1132313,24977,56829,32993,26392898,13426398,20676880,
3469956,177055,420866,234335,67016952,40672942,62838180,
1670913,38710,96437,33736,36363496,17311306,28713360,
477447,6478,25630,11517,11185333,5173515,8649580,
2603414,132781,342658,207039,46315738,27890646,46502680,
2095052,44210,144803,113789,47806186,28314194,47210980,
2801018,107136,702243,563195,44662923,41346210,68412260,
1096915,49105,159331,76165,20244200,11253698,17883320,
2665293,90074,59661,27871,63776896,36421844,58509440,
2527226,176802,494107,276219,37011879,26299174,41504380,
1541082,58945,74066,35646,34590122,20402616,31125820,
2488309,103990,243730,130656,50689208,29005570,48374060,
2996035,403254,611457,292043,14238735,19852477,33053820,
2227436,109103,277599,114151,45536811,28064572,46963980,
5314667,323440,614907,333290,103062091,73517250,120674820,
3327942,169949,101113,41283,79889662,53327747,81882980,
4984320,335870,807944,552305,75078735,58723798,78243520,
1523693,55748,187629,115021,26543106,14209048,18502240,
731357,3356,23966,14779,17655545,7150033,9570860,
3419884,218399,533964,281655,57475486,39474690,58576080,
1360569,30809,255044,201542,26581914,19689226,30155400,
2314629,100012,208146,112197,48415878,28887395,48336040,
3341930,97775,384753,264559,64906417,35439654,58801180,
864765,8044,38409,18388,20196468,8636561,14418460,
1533467,113325,338652,179852,18778621,14761190,24537220,
3547421,190615,191310,126837,82572785,59803040,95398420,
1200419,83996,341606,240778,16447621,16933371,27833280,
2091146,110309,275443,163892,39327224,26332976,43904220,
2751608,98467,97223,48861,65700562,38311986,60073700,
4255143,261651,538348,266684,77199724,53115246,82396480,
1992132,69774,82017,39063,46699052,26966633,42410960,
4110792,177457,308543,186049,88134887,56634549,86484900,
1380333,50494,349306,257806,20631385,15321331,21940160,
1064159,21206,32124,17130,25369694,12850234,18389020,
2494924,144287,350551,183729,44097353,28346668,43545980,
2223770,68681,66712,33084,52167200,28857511,47908260,
1977016,47036,226381,143357,38520527,19224355,29737240,
2022087,74613,270066,180233,38277457,22672664,35504120,
1706992,18835,302132,259443,33538812,19693321,31121720,
2264353,138860,576887,364116,26775130,18645253,30114220,
1273338,25895,40930,18523,30541431,15342672,25690680,
3703865,162822,456588,324945,73432474,50645961,82872880,
1553154,72800,208461,131988,27171526,17866589,29893540,
1154731,9902,42085,19082,27315557,12089038,20025300,
2088983,108979,408963,248221,30935628,16399220,27377020,
1327807,24954,68382,37232,30243194,14429038,22270000,
2695644,165810,413433,302731,50660638,42938781,70984760,
3418531,200050,304450,166461,71144667,50946430,84966400,
1737204,79975,77755,36668,39479297,25213996,41644480,
2627613,174417,522396,291027,37843142,26846075,41301680,
487785,6326,19180,8486,11854456,5344524,8948120,
4083710,138249,247531,122393,89826594,48922937,81623180,
3304883,212783,436450,256566,62362092,44760102,74456980,
1874888,59448,140493,66593,40563839,21480369,33244520,
2374778,174269,544577,331028,33771313,27650976,45359100,
3188159,87331,133966,79280,74573305,41251208,64159780,
1054439,58174,338527,242119,12595438,11923417,19236720,
2483525,102701,289081,196212,49449183,30702411,51020960,
1772330,10902,54601,28564,42338674,17402772,29032860,
1929905,141911,497536,277217,21587231,15268075,25414420,
876819,20530,24545,12247,20886788,10717840,17863180,
1198383,59277,174459,93953,19807607,11448302,19160980,
5698675,553023,746352,359510,75078284,59785300,99660300,
612646,10975,67257,33101,13563164,6458267,10738920,
2075380,124198,450841,250954,29078672,20130767,31579740,
555672,8266,154237,82414,12753749,7004093,10888660,
3144250,195408,498540,392569,36358216,24124322,40211340,
1944411,120753,290157,142274,33018133,22281961,37047200,
1764103,42466,158330,45075,37600216,18885265,28610260,
3849407,246696,679651,290306,58864411,41619432,59594140,
3157211,115922,239206,57407,66354469,37646890,53764280,
1138146,71207,253397,64433,13066237,10345453,14533280,
3473450,233192,606248,270085,49515740,39252588,49026040,
1252533,9154,57338,35144,29585474,12615268,15754320,
2120554,129223,341156,197301,30601118,20195769,25347880,
2155987,90516,393265,57431,26878875,15082975,18848360,
1599512,60800,73894,46088,36383989,21723350,27219680,
1861631,85495,307070,160757,30024733,16198594,21403480,
2772834,72061,83686,42397,65030902,33513985,55853740,
3676418,197344,533155,268962,62918662,38662451,64551460,
2923365,127103,119326,61017,69057127,44022383,68743200,
1496443,84244,65815,34019,34786648,24676189,38880660,
2330789,121651,339199,182403,39629870,23578630,36362220,
733889,5370,37298,19754,17096304,7116531,11854080,
2197199,108036,343234,207162,36381785,20386592,32828760,
508064,21628,18607,9558,11974493,7464536,11552020,
1224549,36938,51893,29417,28750669,15851004,26399160,
2751319,136440,353390,178052,50504728,29326900,49007260,
1074216,10106,104654,82659,23807264,13049766,21705420,
2734755,133957,525252,314272,40749673,24315514,38703320,
737959,27922,58216,24228,15660998,9175985,14038140,
694053,14444,163371,143103,12896391,10351769,15894740,
1184328,89766,314394,187925,13458013,9818138,15323440,
1551606,24058,45584,20294,36274559,17081861,26149520,
2287986,127482,436935,268012,33463474,18922240,29074440,
1538565,71908,145450,65802,26226994,14723414,22977440,
1630787,39966,300270,255522,32971701,24882964,40402340,
4659806,239501,509880,265284,90101953,55990986,93305060,
2531510,67745,80685,42494,60571454,32648547,54525860,
3482524,135117,397684,203072,64919191,34082686,56754120,
4240593,248571,223605,104736,95478342,66736952,111261900,
2811004,131967,89057,38868,66557130,43222442,65505800,
923210,89106,308412,173310,5914322,6219451,9948340,
104907,2049,13069,5744,2251712,1104047,1839940,
1752772,82087,345513,243705,30610592,22932350,36141720,
3205791,137647,386187,258635,64398482,42283720,66494740,
833060,5430,30019,12407,19384104,8012719,13267760,
1497053,100234,321211,177859,19649261,13123330,21968460,
2651295,79051,82734,36635,63312872,34400985,57311100,
2357354,105487,339424,171305,41019470,21733165,36333840,
1469106,69526,197765,96672,25882726,15008380,24866620,
559260,13725,52785,32741,12357014,6407445,10725120,
6077500,584995,767991,397768,80084109,62039147,103325380,
402295,48943,251754,110737,2145831,5363780,8932600,
2410318,82744,318637,175980,45492144,24459039,39156480,
2871486,103160,557930,356522,56998334,38329178,59998520,
6143673,449921,372806,256387,126674450,97259362,144561840,
3948376,281953,664849,473294,57645662,48468257,63220720,
2130610,67006,121433,89246,48211293,29063480,40391860,
2727860,153405,198722,152855,61341507,46385362,66543080,
4555535,272498,557489,274772,85217965,58678104,75913140,
305177,3503,23351,12671,6923892,3078163,3847660,
1863656,100630,336278,185678,28321275,16172497,25965880,
1613502,61077,145076,101859,33936098,21535698,35856640,
1842373,107790,269095,176829,33147442,24405988,37781680,
1512364,61027,212526,127251,26629153,14543889,22568900,
2138724,55502,73597,33272,51482919,26952097,42177600,
1958475,98311,472521,327114,26846203,21107685,32921780,
1269048,61220,79498,53462,29453486,20427404,34180000,
1576245,91435,355442,250328,24621848,20928173,34750600,
1982228,142970,456011,274972,23682823,20223857,33645320,
417181,57337,95558,75181,1660314,2842781,4739440,
5338850,334521,346088,181890,113719354,81828837,136495640,
1716956,40353,131596,60393,38492373,18811945,30521080,
1621155,43188,48357,21302,38015680,19765038,30337400,
1631541,126774,317328,180761,22529828,18293733,28119220,
1250132,18325,53514,29241,29021414,13448004,22050940,
1990443,140201,270436,164340,36502650,27255301,42307940,
3450933,169516,143517,53774,77876564,49586164,76019200,
750857,40557,27723,13919,18841272,13055665,22074940,
5061675,316854,566950,293823,96675568,67662773,109460500,
2588949,105556,106182,63583,60201802,38589558,59715300,
3228309,213408,345134,185400,62550347,45657870,69340000,
2738620,64843,123900,60098,63457809,31710183,48616240,
2416552,53290,61882,31996,57519868,28783082,43613720,
1659996,86731,307548,172518,23995718,13038903,20983760,
1368222,33885,132081,102099,29452555,17231077,28671400,
3479626,72220,262623,150640,72343313,31585235,48948480,
1595751,63659,239916,127985,29137468,15100908,23549760,
697330,8470,37760,20179,15881310,7257642,11117780,
2682932,145493,472006,239753,40622528,22779030,35044560,
2259197,57700,50206,29201,54522788,28681109,44228800,
3052648,149144,327359,179758,61036128,37188470,58485160,
4354143,268418,187180,76337,95640423,69184343,107206840,
1536998,47930,59763,29658,35982855,19763888,30471740,
2613508,146610,350831,180281,46105715,29201206,47113100,
12584,1461,8848,2253,57889,232601,386420,
2467119,137386,230594,139172,50392536,33510190,51948340,
959232,48202,173138,97330,14741549,7958412,12955480,
2594404,83936,60026,26872,61950628,34545194,57533680,
2306280,170873,496355,274145,30849430,22522585,37589500,
382408,2138,16288,6522,8719789,3558277,5884320,
4580224,477103,522343,269374,55536504,43601065,72734260,
2592702,197284,585421,305005,38708715,31470351,52509320,
3161788,170927,208810,114516,70755299,48601840,80932160,
1414396,107184,462635,243474,17463373,15569123,25981160,
3432052,303397,499255,383425,44455274,37709284,62777840,
534254,45435,159115,90591,5376861,5216032,8872160,
3277812,90192,185467,91993,70677895,34714169,57752660,
335751,16350,35148,17367,7183043,4839961,7997720,
1391547,150029,564783,316221,5406654,8514314,14190700,
2038194,25036,86798,48020,45582521,20041387,33449100,
1325934,115957,348892,198581,17171485,14852476,24717180,
1291150,49749,232774,148328,21513355,12661534,21190200,
887888,25022,343843,295636,13130268,16758392,27878920,
2395344,125253,541860,350834,35121083,25928389,43236880,
1607473,43208,141545,93830,35734705,19854398,31188840,
3237410,163191,262910,126847,68036110,43496720,66906140,
1836086,114063,252396,113068,33327908,23345383,35931760,
34588,3207,6677,3242,160276,237807,322460,
2178481,190432,1087865,756672,8242978,24590981,36196660,
1169486,27873,1184436,964564,5694692,23740952,35716480,
1601944,85658,1258067,952362,7644159,21541535,30809720,
3032614,234087,1295537,643044,16389817,18144165,24047900,
9107815,682500,948552,157019,38215915,29463639,37675180,
8795291,610096,527212,269587,36771695,24626806,35378140,
7407968,629371,285120,136530,32707869,17412413,27591580,
8320530,574621,302948,133378,35563902,20039284,30812060,
8645254,609620,361700,172146,36622693,20422151,29516780,
7915815,657609,304936,129307,35503073,18794426,28549640,
0,0,0,0,0,0,0,
