c4,c5,ff24,aa24,INST_RETIRED,type,
8638830,874222,1338431,458116,121846190,ransom,
2293903,242735,954546,438740,14729264,ransom,
5492778,714424,1258491,396251,50199342,ransom,
4455418,508099,1531121,814797,35783771,ransom,
7049433,856316,2014035,769737,47763566,ransom,
1123080,100660,363238,197302,13122998,ransom,
1058887,107171,387590,219933,7857435,ransom,
1258631,53647,109031,77117,26647240,ransom,
2765639,99018,325455,175018,54044236,ransom,
2043422,113802,362099,191342,30943025,ransom,
790286,14830,48305,26056,17726658,ransom,
1990233,118214,479905,286188,32743439,ransom,
4424144,447002,745255,526820,54225423,ransom,
2852991,201990,468365,131349,35093784,ransom,
2220032,159813,536182,214075,25810544,ransom,
3594520,158288,286087,70282,75497689,ransom,
4504064,255593,583356,241323,82267965,ransom,
2659052,134632,318749,129464,40154151,ransom,
1710040,95015,335349,200803,22658416,ransom,
4191271,198409,563529,288486,66171660,ransom,
1543736,78298,423377,141829,21120490,ransom,
7427384,434577,379671,203502,166257918,ransom,
3650910,114098,384971,218396,74611435,ransom,
991404,39813,137798,112937,19113756,ransom,
981136,108546,394610,226253,3787071,ransom,
374088,9504,16012,4922,9305981,ransom,
5075181,506023,776345,396089,55412393,ransom,
2594220,110500,215295,93021,55370638,ransom,
3643340,185389,378996,207870,73748848,ransom,
1895489,112600,480275,281026,28932115,ransom,
5087600,469087,574553,442733,87841648,ransom,
3765171,181418,277635,165815,74938370,ransom,
491564,29932,113052,51900,5977151,ransom,
454752,13390,39316,20479,10401842,ransom,
2429324,107773,334310,177018,41997105,ransom,
2932624,73819,94854,51146,68869806,ransom,
2255453,69954,215676,119141,44753333,ransom,
2246719,81624,236194,124555,45028075,ransom,
2105964,93777,213102,124466,41049282,ransom,
2366714,140537,517997,300748,33214676,ransom,
3722489,95086,124258,60762,86834799,ransom,
4996124,184329,254437,127307,111506657,ransom,
4558778,200239,236979,119906,101225725,ransom,
2497074,34450,240639,202926,55268239,ransom,
5435688,223567,486499,270278,112538125,ransom,
3280113,153147,99543,55061,77777320,ransom,
3666762,153910,300679,155792,76196688,ransom,
2668029,133879,306963,173556,52109625,ransom,
2691086,124656,220156,128339,55369394,ransom,
2210073,113055,342627,182933,36539328,ransom,
45440,6573,21350,11429,216917,ransom,
1542851,52557,181924,108518,28956264,ransom,
1702811,52816,190759,109322,32392163,ransom,
7519,735,5124,80,37591,ransom,
5002531,274195,377924,190543,104891581,ransom,
843608,16951,47038,21852,19175512,ransom,
1060316,57459,221549,132081,15611654,ransom,
3285954,165245,274065,135400,68553905,ransom,
867257,52606,169942,89935,11302719,ransom,
1968068,126597,349875,191438,30707904,ransom,
3582666,94047,71370,32387,87033042,ransom,
4246300,200805,270323,150544,92381634,ransom,
4611165,216772,417722,215510,95256315,ransom,
3252142,86674,83274,44419,76251500,ransom,
1421058,126356,391682,211394,13387150,ransom,
1132543,27029,46219,23444,26690940,ransom,
3007629,150288,166732,97636,67600946,ransom,
4194550,251914,298499,157530,88841296,ransom,
3441516,197494,536113,409364,65838236,ransom,
2884969,208307,603821,406830,46350458,ransom,
9251355,552300,868313,552202,193598108,ransom,
9829274,615048,543279,213531,208153965,ransom,
10494139,676660,718069,300606,212688554,ransom,
907669,50283,249170,171782,12356122,ransom,
2952967,161966,337734,176620,54686145,ransom,
5688557,276017,171069,81138,131425608,ransom,
3733847,434684,618900,303500,36134005,ransom,
9619301,551381,637072,320819,208025948,ransom,
2408963,206701,689159,474506,20546514,ransom,
4876015,333113,546385,354515,88771386,ransom,
465846,35574,101630,46102,5253760,ransom,
2216910,84672,51100,28136,53111768,ransom,
3595716,209019,368617,199263,70091010,ransom,
1188248,11516,66943,33502,27727188,ransom,
2176947,125020,274365,160124,40179588,ransom,
2463634,81307,226117,113825,50673061,ransom,
415826,5365,18192,8820,9301124,ransom,
1055144,101068,319661,180834,9171024,ransom,
4435406,283736,364960,186348,87171567,ransom,
2811069,158118,343169,185703,48480715,ransom,
2534001,91424,175176,81236,55166760,ransom,
818006,22894,32213,14584,18733667,ransom,
828542,83243,294012,165445,3966352,ransom,
2998713,94452,70494,32209,72203979,ransom,
3619635,193856,268339,141727,76974131,ransom,
5125311,325876,336730,179907,110036274,ransom,
3187120,178076,61085,25325,77530551,ransom,
7870340,473721,490702,258300,172619239,ransom,
8507522,443975,396943,191797,193102199,ransom,
560061,44361,158314,97466,5047040,ransom,
2146809,83534,205717,122468,42990598,ransom,
29965,3671,21178,12454,147360,ransom,
3252310,172129,435180,237169,59203563,ransom,
3066824,72833,100249,52351,72460765,ransom,
3248761,91269,234953,122832,70476019,ransom,
1739677,98940,337322,189873,27456558,ransom,
4751966,213191,178929,89993,111170919,ransom,
2921952,129999,384236,194884,52890595,ransom,
5825906,308340,345540,163297,130871682,ransom,
2903316,118184,211363,120231,60896090,ransom,
2051608,149931,327806,176060,33976495,ransom,
7240010,387700,153247,69961,172519453,ransom,
7484870,323323,416719,207644,163947954,ransom,
5394254,188803,108186,46782,129661698,ransom,
5794697,208458,235694,125787,131464785,ransom,
3417000,148365,244386,122586,71912152,ransom,
4570896,225383,151869,90699,108274315,ransom,
1680256,92240,325784,178180,23778332,ransom,
838975,50489,181321,97729,11649457,ransom,
2634635,77862,207935,112518,55062283,ransom,
2606767,90277,334685,245457,51150549,ransom,
2116330,62086,39887,19083,50565535,ransom,
1983662,112160,336946,199002,31084217,ransom,
1874516,27918,65952,31824,43265484,ransom,
1125300,56387,180374,92306,18654841,ransom,
2242830,72305,239904,144852,44747892,ransom,
5228229,495783,724186,384358,66321403,ransom,
4025318,188847,451848,235051,78670945,ransom,
1815277,108550,302066,180055,30986854,ransom,
3152669,179970,312992,159020,66520578,ransom,
4944561,282600,705808,507808,73570845,ransom,
1430715,5579,27863,13876,34124510,ransom,
5180239,213779,372503,192578,108126477,ransom,
4144471,107092,88317,44562,99026539,ransom,
1112696,62319,181930,111924,18519157,ransom,
2238879,71300,225349,145089,45137867,ransom,
5508981,240393,144730,65949,130443314,ransom,
2666150,145033,374309,201164,47270571,ransom,
2505523,67300,182959,114201,52063755,ransom,
1708709,67559,165295,88079,33212496,ransom,
2367862,89316,275944,156212,45127097,ransom,
259270,13325,26969,13573,5631604,ransom,
4291407,299996,490075,267869,83395934,ransom,
508467,3111,15737,5423,11807332,ransom,
3701024,146342,212817,105022,81934138,ransom,
2707188,118435,203396,106322,55889208,ransom,
567235,9449,32957,20034,12979223,ransom,
1800273,101292,333579,183627,26945422,ransom,
3373879,157210,216630,117387,72744347,ransom,
1980052,93861,166915,89023,42031091,ransom,
3753476,196569,388881,198966,72950615,ransom,
596884,29226,26600,12591,14366945,ransom,
4639099,221804,360626,193019,96268005,ransom,
3402636,83503,87550,39029,80858229,ransom,
2526989,115861,84120,51819,59002171,ransom,
1849416,110510,330415,163975,28946561,ransom,
2713210,107801,58368,27047,65122591,ransom,
8784622,560656,476367,233405,195197387,ransom,
7957650,499114,295388,146044,184107821,ransom,
8846269,478984,246031,111212,209574467,ransom,
2253538,113980,321787,176248,38876445,ransom,
5316999,295282,156445,75953,123809207,ransom,
812676,85854,305908,172572,3168491,ransom,
2870213,139603,68855,31752,69896129,ransom,
5652293,283873,281202,146463,128940862,ransom,
5059618,250261,551884,299150,98032266,ransom,
2275006,34418,111989,61263,51676722,ransom,
4920352,229611,524937,223748,96753007,ransom,
7139413,369735,448836,158895,155018696,ransom,
3517618,219499,498252,176817,63873584,ransom,
2028559,165160,541202,196985,19912067,ransom,
3074955,164321,144680,48734,62838491,ransom,
2471692,123706,256391,142176,43841979,ransom,
4743551,208930,428115,117256,89022291,ransom,
5779285,275073,276475,80284,135236457,ransom,
6459392,359823,490465,240606,136177029,ransom,
7345777,597509,1026783,667015,112996450,ransom,
1448275,99765,377095,233977,17287509,ransom,
4510999,424842,847008,571644,62550310,ransom,
2561932,85279,194820,99164,53590300,ransom,
1059933,112300,457671,273596,4076668,ransom,
3000929,83005,80941,37989,72294263,ransom,
4162281,184216,266688,141886,90514836,ransom,
2037665,93497,217746,114054,39104937,ransom,
3492207,94131,117265,64731,82679199,ransom,
5708574,194338,524803,286085,117287542,ransom,
2469770,61189,81259,41783,58023142,ransom,
3912337,168288,245868,128452,84610492,ransom,
2640013,117518,331351,178792,49585965,ransom,
3520546,199706,157034,68235,79656087,ransom,
1310291,94599,332186,188723,15263665,ransom,
2689655,111243,72101,43348,63867882,ransom,
3292840,213906,257638,142466,69002029,ransom,
4293953,182773,213773,97374,96383179,ransom,
2869462,136665,221119,104959,57157052,ransom,
1999295,181670,559867,290203,17808199,ransom,
2413974,94003,174436,96004,51777571,ransom,
1862060,51823,206050,109017,36366241,ransom,
3985687,174865,396772,202919,79156311,ransom,
3402548,55314,109571,49469,80822613,ransom,
9160464,534710,667616,360751,196999776,ransom,
1850022,55566,69288,33013,43169977,ransom,
3379376,114490,357492,247786,70378339,ransom,
3532960,161410,263505,133605,75028671,ransom,
3987307,228045,103103,51273,95357529,ransom,
3197305,171526,349834,189330,59000613,ransom,
2536980,69671,63914,34983,60493583,ransom,
1852073,106423,153583,83255,39375757,ransom,
6403086,333044,342915,164451,141145464,ransom,
713342,56119,174833,76841,9116726,ransom,
5639221,303944,410986,207496,119234470,ransom,
4076336,116064,103006,46094,97348915,ransom,
3586881,166660,311327,226391,78261494,ransom,
3064979,153580,301584,154331,58787454,ransom,
2074868,49408,78250,40181,48539712,ransom,
1080919,89326,307714,168941,9551613,ransom,
1424051,1350,11944,4313,34757288,ransom,
2369554,115111,172218,104813,50162082,ransom,
4160846,180726,451709,229225,80078869,ransom,
783633,16353,62094,30958,16965380,ransom,
3192855,206947,394120,204681,59897178,ransom,
3314071,167530,101278,49548,78133615,ransom,
3712933,220207,208105,111128,83889066,ransom,
1057691,67625,214235,113446,12060158,ransom,
3136619,156621,95792,44872,74792448,ransom,
1413035,95798,362483,213874,17533636,ransom,
3536042,142055,297414,187479,76200165,ransom,
5624543,482548,715564,348001,78380082,ransom,
1463712,136011,492156,286672,10598406,ransom,
5277097,314211,231808,104005,121738283,ransom,
5230610,366306,862590,589012,78926956,ransom,
1054243,85926,216340,122184,13740711,ransom,
554041,34135,21328,9039,13896137,ransom,
2299117,187728,459348,254125,34288545,ransom,
759366,33715,22303,8269,18203197,ransom,
5372998,334204,442768,235270,112694263,ransom,
1994641,54129,115138,49574,43537872,ransom,
690344,17523,84527,52298,14727321,ransom,
3178503,169779,471214,270025,54933490,ransom,
1523336,28149,106362,44306,32125553,ransom,
2435886,115308,326687,184118,46432335,ransom,
5470293,232655,299868,144631,121410013,ransom,
4326999,229670,147782,65225,101316092,ransom,
3569420,213905,487264,264159,62755211,ransom,
1092342,10250,38914,20460,26252630,ransom,
8352637,504506,362366,171660,192952888,ransom,
7760802,464751,471466,240058,172034981,ransom,
2441054,102973,73123,33192,58105870,ransom,
6120475,396215,614579,328935,123607952,ransom,
6135780,340897,318791,157036,137717241,ransom,
3253047,108413,224619,131938,69421441,ransom,
3123633,133863,266736,141836,65353977,ransom,
930928,11078,49712,24704,21504907,ransom,
3586557,122571,374473,195109,69454462,ransom,
2175731,37359,72196,39042,52053391,ransom,
1064968,93115,280496,158046,12945770,ransom,
3702990,123606,254016,126907,80415677,ransom,
18697,2133,12403,5930,85540,ransom,
1972560,108357,331143,191074,31091436,ransom,
2516720,84299,216767,127816,51721540,ransom,
3641852,202040,248639,119120,77705580,ransom,
1735213,99288,185656,100544,33104209,ransom,
3211847,98135,58494,27900,78245549,ransom,
2667581,162329,330366,181771,47277044,ransom,
4696247,218422,186674,86591,108953092,ransom,
8029349,439929,322642,157459,184853508,ransom,
8630967,490532,403569,190627,196955480,ransom,
2380085,96444,93882,45506,55053572,ransom,
1702593,88085,318904,194429,24931911,ransom,
4346900,130573,369466,207037,90632400,ransom,
1395089,52119,185500,99970,25232774,ransom,
2186846,95445,211873,105646,43866520,ransom,
3727189,181784,73627,43406,89572975,ransom,
2275184,99155,352654,206661,38004840,ransom,
2500817,82101,56682,30261,60384667,ransom,
1796187,54342,196249,100943,34146324,ransom,
4552970,485195,572790,301540,52788666,ransom,
1061258,43495,203701,85009,19168525,ransom,
1897303,117726,436501,254505,24421186,ransom,
4028426,230808,449621,227431,87364670,ransom,
5573110,553855,630148,443082,91273087,ransom,
5838413,272279,393592,220513,125031089,ransom,
1822014,29481,80214,44169,42405723,ransom,
2412833,92911,338899,183655,41586623,ransom,
661196,4024,25461,11965,15545515,ransom,
4006559,242027,268484,137094,88166287,ransom,
2756209,176136,423769,235482,47917179,ransom,
3672222,185033,136589,66339,86699248,ransom,
7599406,488383,514810,258562,167737831,ransom,
3726407,204210,296840,144964,77448933,ransom,
1395979,49750,181717,107117,25207760,ransom,
1258325,55780,203320,111798,21473782,ransom,
3703522,71111,104161,54390,88520477,ransom,
3489577,163233,435794,252281,66667231,ransom,
1462163,39225,71177,26211,32082197,ransom,
249646,29250,117835,72745,1033125,ransom,
4834705,248825,304903,144278,102737185,ransom,
2637143,81753,89439,39768,63114115,ransom,
616420,63063,238287,150447,2918371,ransom,
5367826,317799,343609,169705,116015258,ransom,
1629996,46881,105437,57965,35754851,ransom,
1646683,87977,290385,144862,25897205,ransom,
2894905,110101,167750,126210,66906460,ransom,
6577868,221329,322801,177536,147344659,ransom,
4725815,156107,226097,114470,105580876,ransom,
1635091,63104,73011,42828,37759010,ransom,
4243540,173941,346245,170227,87409389,ransom,
3957897,118966,74383,35101,95100009,ransom,
5299645,277825,243047,124011,119535604,ransom,
3997676,115897,344628,177527,80086537,ransom,
932096,20112,23336,11454,22534601,ransom,
3931664,214495,447020,252194,74917691,ransom,
1592211,15894,35778,18450,38117885,ransom,
825888,53548,312548,234491,8220347,ransom,
397776,40000,141120,80664,1482785,ransom,
2016618,129602,345250,54580,18483342,ransom,
6640015,474679,1173365,205756,91573878,ransom,
6114454,566532,1114356,106059,59170778,ransom,
8467161,525727,456708,116191,54174310,ransom,
8853654,760738,531990,264116,68435967,ransom,
5128429,533231,255658,105911,31127355,ransom,
7109872,487578,617098,242521,62032532,ransom,
5808431,463833,431693,92750,35585725,ransom,
7780856,655683,605108,191492,64554373,ransom,
6854961,626758,710621,232171,28786015,ransom,
11559233,909900,575572,201411,93667786,ransom,
12847610,1185678,1291664,605391,75330504,ransom,
11941940,824136,461998,177395,72984727,ransom,
14581635,1027521,1012390,363251,177042409,ransom,
13459225,1003060,1104793,540606,122978730,ransom,
12275831,1011972,850870,540671,111562770,ransom,
13123358,906940,763265,400931,82938394,ransom,
10957874,824879,390476,176103,127625070,ransom,
9840977,903899,580830,249079,102136552,ransom,
8383685,854229,527879,219311,69169341,ransom,
14241822,995049,528925,271565,156512398,ransom,
12422956,1038116,878323,426945,138861054,ransom,
9122333,855193,439621,179044,94938224,ransom,
9335737,864398,562298,260957,83117751,ransom,
14815673,990004,828980,432604,141873910,ransom,
15744473,1166515,558838,287987,182883779,ransom,
13926820,1018591,812172,423306,135662862,ransom,
11814126,962183,496978,249789,118545996,ransom,
12069200,984710,655421,333135,99681961,ransom,
13454635,1027679,716548,394618,64322764,ransom,
13005702,959679,566407,321982,62167833,ransom,
12698280,1040404,913448,474704,101585414,ransom,
14683362,1082746,596087,340579,113101297,ransom,
12671423,1036802,705568,347697,129948533,ransom,
13107748,1064379,817171,454474,56260072,ransom,
14227842,1004488,540565,291899,146758920,ransom,
13198853,1076146,827310,441163,96613041,ransom,
14113001,1078805,514502,263347,179289562,ransom,
12471624,1011214,734345,383558,132834287,ransom,
12223753,1029378,682207,356942,96755825,ransom,
12433486,891495,415506,221729,141506879,ransom,
12929280,1073452,896520,509355,82129051,ransom,
12705015,1018355,528201,305332,54630927,ransom,
13182875,1068727,760974,444783,56379242,ransom,
13742832,1110553,820730,463059,58518776,ransom,
13059117,1096360,517584,297795,55818796,ransom,
13181587,1076998,765256,415822,93721611,ransom,
14612117,1213886,493199,231605,202302021,ransom,
13854353,1174384,514705,247816,164252933,ransom,
14358524,1134534,821712,373424,228403759,ransom,
13859316,1086739,492746,248881,168214587,ransom,
14189657,1223715,817679,475601,60354017,ransom,
11906561,1041761,498264,242510,105772539,ransom,
11076838,935823,841170,371207,65691003,ransom,
11972450,1162687,827945,320722,69299059,ransom,
9667477,929783,722173,203806,104484192,ransom,
7702957,877057,853071,296760,38944901,ransom,
7663806,895802,641275,161841,39735615,ransom,
9198171,837884,725907,297681,114094824,ransom,
6710459,784570,820293,303424,34179212,ransom,
546501,71615,75413,31052,2490804,ransom,
8777702,744029,650853,315715,157747732,ransom,
2108039,126996,418330,178569,34031693,ransom,
336130,19817,100600,65621,4870021,ransom,
2612210,202202,715433,391017,34646190,ransom,
5346649,333494,507584,342455,104634746,ransom,
4555430,190945,429027,294616,82343522,ransom,
3766843,136958,145603,65263,86666935,ransom,
1972197,62909,75476,41185,45373777,ransom,
1408506,92555,322380,181651,17383878,ransom,
729276,34116,29352,16034,18025544,ransom,
8158152,494192,285234,139930,187979286,ransom,
3433355,183606,286287,148787,72917156,ransom,
1802126,99553,149211,25542,26311438,ransom,
9419068,893909,860050,337126,70572719,ransom,
8811621,781367,302442,119247,90900612,ransom,
6441326,641875,695666,282341,69895524,ransom,
6162376,609829,622869,258462,62560234,ransom,
8574678,746752,574780,237124,122079426,ransom,
8142009,746969,857984,405152,102238617,ransom,
9648709,822615,623854,246284,143199411,ransom,
8480199,805438,836575,325832,76683830,ransom,
8312826,690167,649335,252792,98238537,ransom,
2566292,65214,53182,26049,61169558,ransom,
2513816,129785,458983,257014,36657317,ransom,
2247880,43122,73169,38202,52203813,ransom,
1264636,64412,166967,88592,23002693,ransom,
2971709,152548,195361,109356,63316742,ransom,
5564017,227783,340176,82075,112534531,ransom,
12817927,861653,731698,297122,117930910,ransom,
5119899,275799,161044,67497,90090015,ransom,
5524841,301370,406068,222017,117322945,ransom,
5611774,266989,356626,199727,124562362,ransom,
9834282,540373,165634,78899,237797305,ransom,
12163867,1118907,1008118,378541,153104554,ransom,
11795714,996527,355650,156513,143144215,ransom,
10163587,1000972,833441,277703,114096654,ransom,
10291033,916331,835119,321057,111494451,ransom,
9165535,782996,631000,183023,101443113,ransom,
9765362,862952,982767,417152,105724828,ransom,
9195134,801268,655064,249550,114657789,ransom,
5307201,363580,547239,281492,81447522,ransom,
2934626,62571,230195,125918,60667751,ransom,
73044,10033,30774,17472,335781,ransom,
2234852,250359,538561,270872,9382707,ransom,
7783105,698719,573519,189579,93516495,ransom,
9317735,611420,540192,256581,197917029,ransom,
6555113,215526,362762,167803,146144948,ransom,
4493287,223980,104790,46946,107214616,ransom,
8869905,497231,514153,252523,194221994,ransom,
2640703,110267,63360,35108,63598195,ransom,
3868053,444935,725471,410433,29499142,ransom,
3436697,150829,309171,162244,71075027,ransom,
4638072,246853,693575,487494,72925871,ransom,
6977187,591108,1124479,406800,81173608,ransom,
13128953,1163041,413980,176004,105963953,ransom,
7722893,839091,767184,246361,50891032,ransom,
7250732,748834,717931,248207,56876642,ransom,
8067668,792840,594090,184398,80597278,ransom,
8313128,801128,894165,382750,82471517,ransom,
10481366,868174,558439,193308,162280927,ransom,
7709472,693443,645753,290055,93537835,ransom,
7507717,485967,468932,232366,165353586,ransom,
2532344,114191,93101,41560,59140632,ransom,
5747785,287119,558237,300055,113738596,ransom,
704252,11511,39009,19391,16395161,ransom,
2076890,102281,196387,112275,42518966,ransom,
7309760,429469,340808,164185,164290219,ransom,
1674822,56177,69081,30033,39501037,ransom,
1895390,120639,361504,207064,27864849,ransom,
2018748,63597,76389,40048,47984728,ransom,
2155581,124916,194314,116030,44914441,ransom,
2825996,110337,294621,144784,55491862,ransom,
776021,7707,26375,10570,17752120,ransom,
3309525,284818,595821,277702,28966145,ransom,
6325294,599373,350148,93231,44338891,ransom,
6086646,584177,268571,91819,38411706,ransom,
5940298,755675,829163,297344,29004019,ransom,
5500129,626434,434252,91972,28416911,ransom,
5660767,661088,702738,266785,28394445,ransom,
7350969,541148,422499,101805,88928223,ransom,
7719137,521839,483411,180989,104984767,ransom,
9091886,829686,938940,371023,83918729,ransom,
9099197,659878,403174,181964,177398835,ransom,
6477952,212123,384527,210829,139461907,ransom,
5913737,189785,257226,125631,134687561,ransom,
483210,14214,21276,11649,9433409,ransom,
1417935,87904,307474,182824,17973745,ransom,
5368391,205789,143307,66908,128313202,ransom,
3630490,177268,317117,178012,72959405,ransom,
2871019,150834,233900,116304,61176073,ransom,
5129106,226809,213365,112617,117591166,ransom,
7496257,383830,563728,290329,158649355,ransom,
570802,8436,42508,27994,12711608,ransom,
961581,66899,160735,98194,15915888,ransom,
10270535,763537,1079615,407641,171262449,ransom,
12828228,1139909,356189,81297,109520666,ransom,
11687534,912278,810217,294454,165414848,ransom,
11686582,942099,838596,285804,138361276,ransom,
12502261,996419,853128,356104,190359678,ransom,
7800340,826970,772703,257924,56969807,ransom,
11257294,1163346,1398942,576483,115065784,ransom,
4461614,382084,828296,322874,38953919,ransom,
4828209,305002,623641,264801,90733749,ransom,
5773448,338401,648136,300932,111962009,ransom,
5749989,605522,879230,516554,35801473,ransom,
6579889,695529,471621,111219,65396154,ransom,
6578139,398395,673692,186796,127365108,ransom,
5766610,272687,308115,156614,127723096,ransom,
2650824,78760,191703,109630,55547038,ransom,
3518190,137462,256822,136334,75885539,ransom,
2865381,117109,116014,54683,67079652,ransom,
4377664,146527,296357,151433,96348177,ransom,
1590165,77542,195642,95682,29186615,ransom,
3789486,130794,213207,120447,83511660,ransom,
6578908,396308,789768,324111,103547948,ransom,
10873680,904845,370210,121292,139812288,ransom,
10840782,1015230,594002,212915,108741612,ransom,
9194045,843202,773251,287004,105145838,ransom,
9144661,866625,785624,270894,91501167,ransom,
8247596,873094,746664,249858,58617857,ransom,
8038549,828495,583128,172132,72475178,ransom,
9468881,746535,584548,250390,158425015,ransom,
5671433,295496,314722,155158,117510489,ransom,
1146725,69788,191507,99977,19334828,ransom,
1313362,99260,305179,163419,15257899,ransom,
1054075,21604,46950,24553,24199898,ransom,
1226351,74968,178572,111096,21145411,ransom,
1158726,44787,159836,96639,20197373,ransom,
3182758,93298,189273,104480,68390137,ransom,
784865,56618,185548,114583,10133493,ransom,
2070357,63777,33890,17908,49877913,ransom,
3002812,139621,229324,139282,64150876,ransom,
2673989,115920,238137,124079,54711326,ransom,
781609,48985,179276,101227,9952621,ransom,
1702803,125625,341529,176126,22309003,ransom,
4540361,479788,539085,138162,37057439,ransom,
8929590,994973,380261,172584,65539344,ransom,
8213304,817734,791907,259340,60360492,ransom,
9905479,908564,864569,307525,117125015,ransom,
9628517,982540,1224882,426778,72215365,ransom,
10074892,936655,896294,286416,105813145,ransom,
10642709,915510,880098,350363,148371596,ransom,
10165501,904005,1084166,509985,121412523,ransom,
2634625,252402,269549,117179,26690070,ransom,
2161404,164828,576891,338223,23613620,ransom,
1875436,80312,28414,11515,45519090,ransom,
6548382,254408,212982,120800,151587648,ransom,
6401317,95389,213699,107540,146200665,ransom,
2017057,7008,43470,24059,48041583,ransom,
856881,86419,339061,208418,3318652,ransom,
5743584,553157,701498,341069,81648513,ransom,
1111071,82570,324189,189972,12253874,ransom,
2418787,197455,720717,500682,18303496,ransom,
1759295,44390,86357,62041,35845094,ransom,
4149092,198431,548344,294083,74713126,ransom,
4562392,336984,396021,112045,54971568,ransom,
9898518,993556,343999,139182,113051039,ransom,
11539357,983073,794576,299031,147280352,ransom,
11097056,1004671,697653,193546,132145545,ransom,
6640610,773236,858853,362929,33434491,ransom,
8500980,777238,614241,197558,90389331,ransom,
7911152,740397,723537,296080,82114085,ransom,
7929593,744211,786643,351030,86817123,ransom,
3336811,232168,195819,77259,50072840,ransom,
4529129,259240,515819,267886,85821938,ransom,
3844076,110907,120783,62368,90436981,ransom,
5157081,597673,660448,183240,38791901,ransom,
4087252,520226,464425,129591,25376504,ransom,
3944182,159800,100666,48555,94758366,ransom,
3235777,119543,223306,115307,67785052,ransom,
913905,41919,159283,83962,14772140,ransom,
747504,58166,153971,81318,10511096,ransom,
3071046,125906,217941,130520,65352927,ransom,
1407450,17021,52853,23636,32598275,ransom,
2647823,137721,341939,185567,47912541,ransom,
6073685,377620,412006,169845,102418722,ransom,
6024748,566752,679839,304691,57097153,ransom,
5594461,507823,539753,222124,65873893,ransom,
1265451,34795,146277,105519,25620170,ransom,
755936,54871,168379,85906,10275952,ransom,
1221183,56420,170199,87637,20744415,ransom,
592279,66525,257318,147464,2285485,ransom,
3692257,147529,328048,186079,76291807,ransom,
3600533,153184,114049,55889,85976063,ransom,
4082096,231302,404154,205501,80981262,ransom,
5966229,330372,318318,167000,134067020,ransom,
6898063,352622,405288,209752,153306050,ransom,
1199086,45824,163943,98551,20810011,ransom,
4932876,261558,236190,145912,113370930,ransom,
3287510,142665,256227,129031,69296250,ransom,
646913,47129,161157,92547,7614863,ransom,
1425474,46365,168076,102243,26039876,ransom,
3922477,54218,180726,90348,87962940,ransom,
1835688,17781,54932,25470,42880618,ransom,
2732838,179131,331320,175826,49031753,ransom,
3484619,179278,186814,114576,76446801,ransom,
3531607,85193,216656,110336,76152046,ransom,
787022,43209,151183,86060,11229218,ransom,
3730493,46056,70612,33789,89242235,ransom,
1606191,61642,185708,105416,30500030,ransom,
5492407,484744,685404,333875,69124629,ransom,
4166585,89931,237272,124225,91629778,ransom,
3053874,66413,215925,126765,66988694,ransom,
6629972,149748,241858,128670,153386624,ransom,
5001547,309633,888742,593773,67736977,ransom,
2605798,85420,185143,95565,54952440,ransom,
6500111,197094,306470,188512,147272628,ransom,
2404736,46612,42726,23766,57350900,ransom,
409685,42474,152521,91394,1606443,ransom,
816383,51477,191607,118747,11004293,ransom,
2783696,85106,259773,138983,54866442,ransom,
3527092,140602,251972,133486,76286782,ransom,
4352248,73079,89365,51150,101890061,ransom,
1692025,82067,191567,101161,32783968,ransom,
3733650,216146,491154,314637,64283054,ransom,
3890662,161443,206076,113554,85353733,ransom,
4434045,69290,188056,109637,100369370,ransom,
4249106,133347,157643,79068,97949687,ransom,
2224274,95303,179528,93734,45239675,ransom,
1727924,46104,158241,87374,34053179,ransom,
1634084,68035,261528,157662,27448097,ransom,
1445805,32612,107302,61146,31420266,ransom,
2313708,38303,97541,38732,51120388,ransom,
1133837,52738,243358,157265,16463780,ransom,
1136193,85161,376075,224290,9563213,ransom,
4602091,159075,200320,105787,102917242,ransom,
2599400,235865,221789,85238,14377613,ransom,
3581378,123921,82345,40501,83725514,ransom,
2765151,133320,405649,298447,52172578,ransom,
1479833,107172,163976,86884,27688140,ransom,
3679753,179645,174986,92749,80989047,ransom,
2055671,32609,46907,26431,47978301,ransom,
1561820,84093,161484,80467,29639328,ransom,
1770779,99649,201310,127788,34304714,ransom,
4373478,211784,352494,181620,88368158,ransom,
436014,45670,154533,84455,1706430,ransom,
2791803,32738,107981,66475,64743947,ransom,
1675928,54516,111353,47057,34900058,ransom,
2209950,110517,173860,97008,45816840,ransom,
8024849,470333,339281,201277,178595487,ransom,
4147800,123348,226876,134113,90707124,ransom,
2784246,48914,58491,32911,67555039,ransom,
2464119,138863,295519,172917,46995436,ransom,
2210568,141675,341094,177724,32772788,ransom,
2081598,175306,548765,291529,18677057,ransom,
1802912,100595,345020,187529,26578112,ransom,
11985,1360,8615,3115,60058,ransom,
487551,43008,153794,87996,3410503,ransom,
2357899,85485,190474,115090,48923718,ransom,
2275593,118767,356700,224454,39638192,ransom,
3225536,399218,500578,242714,25638672,ransom,
3307322,148539,303574,135280,70718013,ransom,
4587512,273749,336619,179435,98745904,ransom,
6440197,343257,492441,207742,139779004,ransom,
3623469,329025,1152741,643891,15887708,ransom,
3818347,226351,366060,131534,77365124,ransom,
1768742,124750,304029,60991,27068822,ransom,
6638754,432538,418899,177108,139106294,ransom,
3005986,143322,249073,127510,58683089,ransom,
2390005,111090,344765,128241,33046881,ransom,
3456173,133105,398558,105826,69864331,ransom,
4346542,274332,285694,145414,95416640,ransom,
1803047,135497,296988,177186,32507409,ransom,
10090087,620199,354274,165604,234065787,ransom,
4817571,286590,672194,476591,85074316,ransom,
1520857,16951,41569,21911,36365332,ransom,
2358399,94551,203588,111272,48264401,ransom,
1499151,52024,204105,120578,25854074,ransom,
4622715,155421,267142,143645,102258447,ransom,
2150658,94599,325028,183877,38513639,ransom,
1088054,47237,136701,90158,20381957,ransom,
4203083,230075,294259,156181,89963678,ransom,
7088546,250850,326678,160059,160458205,ransom,
1390594,46327,307055,225948,21602514,ransom,
5415757,321766,420992,248870,116810883,ransom,
3398981,116160,160367,67023,76626576,ransom,
414329,44076,150949,80176,1627368,ransom,
770176,46599,176660,112551,9943847,ransom,
2559179,154190,293989,209845,51223751,ransom,
3000566,92690,224958,120464,63847805,ransom,
2794080,65445,51845,24216,67543124,ransom,
1512628,80296,198091,102436,27638497,ransom,
2640732,131005,206889,102305,54537164,ransom,
2528513,81573,238706,118099,51799017,ransom,
2362146,102748,281762,148325,44698688,ransom,
4692543,273180,210172,90343,108169858,ransom,
2038949,100688,218755,107107,37833030,ransom,
919715,70925,189514,112350,12348904,ransom,
1673033,82997,231943,115439,28461253,ransom,
1516859,91005,338853,235847,22799959,ransom,
509238,8128,28754,10190,11293854,ransom,
2166603,67935,212045,104819,43201951,ransom,
1904845,69221,190068,105120,38458463,ransom,
926296,56370,174983,93229,12998125,ransom,
3221799,156907,298102,166255,65928380,ransom,
3352519,128374,263415,130582,71065338,ransom,
6394938,294834,309539,151755,144914721,ransom,
4120359,187482,263599,129625,90092744,ransom,
4611723,212874,243418,122438,102386477,ransom,
5027544,176445,149727,77605,118158546,ransom,
6983262,563006,755836,374176,107905090,ransom,
4863382,180709,341824,178586,105404380,ransom,
4703799,333757,856517,566453,71976252,ransom,
3804755,205872,280761,178913,74308194,ransom,
4417119,195380,199961,109164,100192248,ransom,
2930718,179907,259868,122590,59174178,ransom,
3508339,220123,264274,131082,73255508,ransom,
2442880,107722,194218,109357,51330910,ransom,
3911577,116261,230642,117753,85974645,ransom,
1153373,43292,39133,23439,27430101,ransom,
3916647,124198,203640,106352,86365919,ransom,
3101293,158689,206233,105743,66992636,ransom,
3915510,102807,241397,124499,86084856,ransom,
6081569,415428,1022229,180793,84646824,ransom,
7165902,445288,679759,48939,60451068,ransom,
11302157,996404,647249,314777,95558120,ransom,
12412098,990621,524133,214786,209411389,ransom,
11978330,918668,499665,170120,127954576,ransom,
14984343,937883,371488,134493,116080061,ransom,
14162780,1095905,597823,231825,221693665,ransom,
13326413,961782,580814,254345,115888226,ransom,
13088757,1004061,674801,314938,125538820,ransom,
13526630,921234,570771,272157,87507262,ransom,
14518437,986132,549666,268291,96070026,ransom,
13695263,1003125,655255,309260,103797913,ransom,
13054125,1012492,790349,389273,83443647,ransom,
12356974,993480,734984,337185,109452147,ransom,
13602109,997902,657457,331230,64991819,ransom,
13124927,965161,534616,250511,91740666,ransom,
13600764,1098894,666271,347972,84117134,ransom,
12257930,1118298,726686,334609,112276773,ransom,
14444886,1214928,917886,373953,167224614,ransom,
12534094,1163950,681141,286492,127351365,ransom,
9155812,925176,541593,139937,47801494,ransom,
10855477,923812,742784,273247,145003026,ransom,
12181719,1005770,1040087,469810,154221239,ransom,
10131039,750804,778643,327198,121882061,ransom,
9752031,923038,816553,270905,88927343,ransom,
3885241,270785,224846,77205,56207575,ransom,
3468004,168313,342544,230918,73054546,ransom,
9539525,554020,605053,397842,214199082,ransom,
2394107,75472,185476,106952,48090604,ransom,
2152738,103405,183442,103758,44047556,ransom,
4606254,178532,117819,56789,110158067,ransom,
2450346,53676,202931,115000,50685434,ransom,
3884761,222780,420600,230717,75702912,ransom,
1184866,46351,169891,96232,19955152,ransom,
2885790,56141,206790,117356,60775094,ransom,
73278,9095,39477,17555,334514,ransom,
2405488,59407,185691,92027,49979440,ransom,
5063262,505601,693167,344909,62149085,ransom,
3852031,200487,355013,169614,81002785,ransom,
5895774,660926,757936,237139,29292986,ransom,
8389802,778024,414295,165413,98932627,ransom,
8667251,856171,1047610,562107,75412272,ransom,
10157036,1019964,1083263,498463,89248406,ransom,
8703133,845047,810529,356058,91863359,ransom,
8092936,878414,644547,170715,54030142,ransom,
7685975,696827,645623,228118,79602580,ransom,
7148532,776786,690736,230359,43475486,ransom,
1848476,91489,183025,101551,35793078,ransom,
7439409,449625,303868,146805,171790280,ransom,
5907361,247339,138128,71630,140803649,ransom,
5173282,196794,198757,115406,117972674,ransom,
7319644,416461,355126,167093,165441188,ransom,
1798366,116502,312971,166826,27298655,ransom,
1690834,86425,176255,97768,32685443,ransom,
2045979,10610,46580,23115,49173786,ransom,
3863713,149559,214102,109431,85569361,ransom,
2048713,116455,293988,147060,30181675,ransom,
7865582,398945,402148,162337,64978212,ransom,
3642999,99459,171925,93242,81636231,ransom,
5802452,359935,378686,123273,96276084,ransom,
9481888,1017446,384293,141183,43482525,ransom,
8152200,768918,743726,263996,84257271,ransom,
7175195,734497,793013,299209,52298758,ransom,
6604008,524763,569774,265516,83542037,ransom,
8631474,730000,593888,203139,104800442,ransom,
10348565,889452,727768,277360,139554309,ransom,
10977178,897038,722438,319243,177818255,ransom,
8208005,741533,716450,284370,89632686,ransom,
2378616,37034,61440,28996,57183488,ransom,
2437041,107996,185814,96181,50838505,ransom,
7020747,643485,508030,133610,82192874,ransom,
1176783,84997,271971,150610,16543627,ransom,
3843297,248306,441236,268812,73899337,ransom,
7431165,409941,197778,127371,179303020,ransom,
2367123,85236,206870,117411,48192623,ransom,
2775027,91689,257361,134201,56385638,ransom,
2409487,121859,440925,270850,41756259,ransom,
5153511,193615,283017,149139,113085321,ransom,
513606,8146,23246,11506,12848237,ransom,
5357149,241680,460163,146428,101577483,ransom,
13381973,1247466,694699,279801,164753235,ransom,
11995683,1005807,707826,235689,122553975,ransom,
10747490,853888,843969,373703,166203069,ransom,
11286942,876814,580448,214994,187682117,ransom,
8983735,905496,779437,233558,66097744,ransom,
7383010,714416,619367,230203,79044130,ransom,
9283039,767026,639826,245212,126592457,ransom,
7846357,783388,1001484,454011,80421112,ransom,
1278227,43305,115371,73007,28083880,ransom,
7709398,467893,1027158,695998,136454341,ransom,
6313099,249287,300798,164037,140308135,ransom,
4912055,181937,299506,154672,108420668,ransom,
3216957,127737,375772,193115,60525503,ransom,
1124027,5362,29047,13027,27034468,ransom,
2779360,145321,329277,129921,51205474,ransom,
3742353,210545,524574,215465,67784648,ransom,
6993940,314973,629307,304236,145465665,ransom,
5511102,274352,478934,168900,111876440,ransom,
613958,58896,127489,28713,2961871,ransom,
1342212,130682,237840,127430,11516393,ransom,
13687676,1031276,1154034,424917,225722089,ransom,
11051280,1094379,925730,230042,86143784,ransom,
8043185,885001,877207,325220,38179124,ransom,
9244539,846636,606416,218223,113209606,ransom,
9306588,830275,790203,320342,99744243,ransom,
9000666,963435,812281,244869,58502244,ransom,
8429075,887177,772799,275659,60613886,ransom,
1458127,70839,255785,164358,24801466,ransom,
1937025,28828,41693,20098,46505602,ransom,
2724322,128486,211843,120528,57298615,ransom,
2283073,107762,197350,107408,46415512,ransom,
2755191,134875,279810,162548,56101454,ransom,
1175730,98330,340115,193113,10691580,ransom,
7997963,406626,182160,79145,192339938,ransom,
4526299,234754,238016,125768,100987058,ransom,
2031676,70803,344610,237412,35357282,ransom,
1944916,116031,209553,106769,38271197,ransom,
7193122,367588,275851,176418,168483052,ransom,
7106632,358390,256369,99120,164278443,ransom,
2221469,120474,206221,109396,43686001,ransom,
3902359,262490,414907,155931,62489356,ransom,
9984052,911373,643362,217574,97171708,ransom,
8991014,953400,872256,372815,90568183,ransom,
9845262,874147,719944,249816,114007058,ransom,
7621765,829065,806098,320060,49851097,ransom,
5249960,571260,724660,365154,25938625,ransom,
5271200,247244,217358,116059,121231096,ransom,
4936351,310821,261191,135164,110705765,ransom,
5260311,244270,133369,61083,123965014,ransom,
2923116,174780,305730,184236,58542608,ransom,
4539379,137016,219629,113798,101069233,ransom,
10462643,960230,695067,200355,106008526,ransom,
4375380,214075,586305,386382,80985434,ransom,
3147111,74614,152829,62653,71889686,ransom,
3770688,119467,352418,214505,78181718,ransom,
3119606,149426,244417,148292,65690394,ransom,
437984,50811,183449,106523,1820095,ransom,
2767844,64033,184633,99211,57906315,ransom,
4498962,454830,753206,416758,44935987,ransom,
1428581,86782,348874,244786,19604282,ransom,
5206364,181916,553686,308935,111662685,ransom,
3738373,210639,589682,453691,47491787,ransom,
2831909,124331,380413,217476,51706331,ransom,
4220795,112020,245396,123329,94121666,ransom,
6091916,313323,279922,141032,136837359,ransom,
485897,47532,164504,89550,3303689,ransom,
2660755,131164,85328,46294,64023642,ransom,
6309530,359685,274449,130714,142679994,ransom,
3340707,175438,229104,115698,72127495,ransom,
4611728,203773,298338,146254,100990048,ransom,
2478368,80926,207926,117802,51062818,ransom,
7876185,413070,240305,119566,186365470,ransom,
3602302,137525,347270,182439,71528763,ransom,
6091419,328229,267435,132130,138120257,ransom,
947457,51136,164266,89912,13543875,ransom,
875586,57743,167885,88639,11276431,ransom,
3491608,109017,96824,53742,83911491,ransom,
3769247,160529,219311,112890,82469069,ransom,
4584932,172490,280463,168614,101860897,ransom,
5750446,278156,292662,148374,129488200,ransom,
8246289,389062,331016,153236,187915743,ransom,
1606952,33114,52253,23265,38506800,ransom,
4673640,243400,424790,233151,93990252,ransom,
977177,65882,177047,92016,14669490,ransom,
4613915,220534,230358,119904,102971317,ransom,
966667,54334,189801,94082,15408329,ransom,
5160814,176706,76514,35034,124200305,ransom,
1127965,69572,210364,108639,17352471,ransom,
412833,43818,152041,78797,1605458,ransom,
405558,42287,153461,85467,1583089,ransom,
404669,42230,153890,79714,1573717,ransom,
17273,2540,14606,6576,85824,ransom,
1544435,123414,439299,258140,16157633,ransom,
853977,49462,159294,99912,11233166,ransom,
408144,42462,154302,91944,1595102,ransom,
5204015,326520,254571,124637,117424489,ransom,
1739593,66765,133624,55011,36841332,ransom,
1090403,77549,258658,146774,15643119,ransom,
3856146,121516,253681,130892,82804371,ransom,
2302068,108755,212511,108923,47342484,ransom,
1637163,54942,200007,117190,30239943,ransom,
3124456,67521,65095,34536,75385968,ransom,
4081479,185601,851609,634116,69959775,ransom,
2397506,90252,315256,198176,46001740,ransom,
415061,42975,159193,102429,1623129,ransom,
2152728,66586,175895,98799,44332504,ransom,
1826827,104653,72578,35828,42382269,ransom,
4121214,472862,645224,357498,38784866,ransom,
981341,71355,230969,114096,13288212,ransom,
1365703,81654,449780,303832,16893187,ransom,
3719703,156431,376635,237454,83755450,ransom,
6357930,471201,652159,455025,110766538,ransom,
4731432,259429,399321,212765,95790216,ransom,
6121849,332572,322762,155777,137531918,ransom,
7556093,422338,356270,173888,172134574,ransom,
5381880,213926,255896,124806,122576711,ransom,
1108958,47987,115068,60454,23230467,ransom,
4128951,245392,326152,179984,85789022,ransom,
4069773,157340,249489,126630,89550756,ransom,
2739002,150003,240557,143185,56149820,ransom,
159966,18728,61086,41518,712798,ransom,
2122702,45836,182167,86544,44708051,ransom,
3374181,197885,467200,272485,60582992,ransom,
2919984,102386,236529,123789,61178469,ransom,
1536282,50873,191167,97312,28515669,ransom,
1046728,30291,124786,79480,20319268,ransom,
3539291,133808,136410,54062,80829655,ransom,
6354326,334871,370130,209492,142574454,ransom,
2385861,74301,209951,109487,48562906,ransom,
2590724,73241,210883,109278,53822706,ransom,
3319803,82326,86458,41976,77339492,ransom,
7536864,282306,278477,135276,174704808,ransom,
2473213,121196,362696,189437,42271232,ransom,
2451145,102365,232148,118957,50487188,ransom,
5763939,343095,269631,134170,130636853,ransom,
10765249,653856,293007,136217,256004911,ransom,
4328167,112379,365263,245783,91290975,ransom,
2188233,128776,233076,141733,43325819,ransom,
3463369,140883,283105,160391,73782117,ransom,
2825849,121040,240434,126994,58693665,ransom,
269371,10736,22368,8904,7013521,ransom,
6025458,264985,310047,151617,134964888,ransom,
3428598,148931,409451,232918,64636670,ransom,
4138934,162430,263460,133551,90149928,ransom,
433131,44081,156628,89804,2122263,ransom,
2828642,87443,52102,23401,68338012,ransom,
5333956,221156,487222,324083,113376026,ransom,
6901420,326595,268080,145324,157869796,ransom,
4642777,236716,311018,175152,99943187,ransom,
3076914,101166,108243,50566,73806409,ransom,
1669057,111541,177420,89762,31069008,ransom,
1959834,111947,221628,126300,37708718,ransom,
1281731,116158,404674,220869,10381269,ransom,
2062383,104129,283053,157823,37960867,ransom,
1800489,55106,51280,23212,42936406,ransom,
2241499,56170,208608,110444,45125392,ransom,
2065485,62123,192459,95381,41433535,ransom,
5479179,525033,781726,388987,66764665,ransom,
610158,51956,222888,130130,5064168,ransom,
2647460,114444,166774,94410,59603948,ransom,
4751725,187669,414756,215011,104905710,ransom,
4574264,379927,784176,553777,60071572,ransom,
4460866,151418,374176,194612,91008023,ransom,
4374722,114340,265144,129792,95677660,ransom,
3599015,164135,115015,60362,85264275,ransom,
1941481,58648,179484,107630,39375185,ransom,
9167866,530294,351239,170741,210859164,ransom,
2281719,85475,220400,109453,44403466,ransom,
2284753,126158,296093,128094,42722269,ransom,
2604276,131919,288840,74451,51341853,ransom,
1780105,116953,427529,134331,20704139,ransom,
2060902,138404,439173,134835,28060154,ransom,
2877021,188097,450750,213085,42985656,ransom,
1046638,92775,268862,150922,8368702,ransom,
5622465,176198,422245,87336,111440842,ransom,
2240586,137476,235784,109647,45028169,ransom,
2477698,115984,237564,122504,49012800,ransom,
4489684,279286,325183,174615,96677077,ransom,
4444976,207207,306452,154205,97023852,ransom,
3434915,164389,91098,44334,82325361,ransom,
7415729,412780,360317,174026,167593069,ransom,
7100728,423882,360552,174836,160323805,ransom,
2817108,134330,346468,183248,51145114,ransom,
7545917,404963,332489,170959,172912453,ransom,
5205306,291907,122092,53473,122245624,ransom,
3537744,143000,245898,135080,77016979,ransom,
767210,47271,172677,94147,9526936,ransom,
8561250,455101,364429,174544,197352075,ransom,
1007904,49234,79950,51061,21158828,ransom,
293804,31326,115509,61674,1155335,ransom,
2262054,100970,190894,118913,46643346,ransom,
2547668,92932,238029,122477,51980831,ransom,
6172342,323450,415559,211218,132504100,ransom,
3798871,91648,85965,46545,90537182,ransom,
3390228,123121,222359,113205,72906040,ransom,
3776976,172692,238651,136938,81081881,ransom,
3226958,130643,283464,142637,65505330,ransom,
2482795,135404,319163,176706,46353483,ransom,
2543360,46613,82583,55194,60536665,ransom,
3337677,91130,194772,95073,72474988,ransom,
2364057,108196,296673,169252,44603173,ransom,
3212444,166876,200659,114924,70614287,ransom,
6328746,371638,402241,203734,137113291,ransom,
4787727,196965,181119,71327,110122759,ransom,
1999935,93201,206663,109068,39236423,ransom,
2451101,133813,191085,108378,50887805,ransom,
1480326,76706,219851,112470,26116349,ransom,
6481459,611196,794305,393609,94943608,ransom,
1437670,64033,101620,49741,31956247,ransom,
2164847,108451,333755,178801,39813735,ransom,
4361277,201946,497675,253555,94393437,ransom,
6760247,371628,690985,481893,116103850,ransom,
4029862,226789,364929,202937,84158707,ransom,
4809329,205985,329970,142104,104356775,ransom,
2915025,173038,236752,125939,61363073,ransom,
2823262,138142,258402,128456,58121689,ransom,
2201630,96823,207267,113546,44300751,ransom,
2380000,59779,187684,98126,49473805,ransom,
2420031,71522,68548,33473,57246305,ransom,
4372621,147874,363906,196898,92556011,ransom,
816336,60705,171373,89036,10828752,ransom,
4989112,276551,259676,132936,111164043,ransom,
3026813,132361,234853,121718,63629431,ransom,
795078,50099,182202,100164,10348736,ransom,
2919024,103198,217643,107918,62189896,ransom,
3134178,176611,244461,126133,65400253,ransom,
4403283,289618,316306,179912,94349473,ransom,
2063091,59580,205112,109358,40368398,ransom,
3407305,124746,81621,43636,81882116,ransom,
4398935,204641,228865,123733,98023349,ransom,
5637014,329772,356116,191477,123288356,ransom,
5858732,292927,396836,209621,128037021,ransom,
570648,26580,80261,47898,10522805,ransom,
4239814,248986,332364,159280,87981196,ransom,
6522548,334934,287506,139505,148790098,ransom,
3586983,150996,221183,125274,77444306,ransom,
3121994,168368,329675,189576,63680497,ransom,
1825694,57779,150720,81013,38186701,ransom,
2359564,75691,221494,113910,48105142,ransom,
1928089,102763,204442,119251,37293672,ransom,
3176321,113952,239610,122793,66410216,ransom,
2607103,110892,192956,102632,55471597,ransom,
3548186,169931,109103,52311,83525423,ransom,
4954985,167302,391011,198511,102549134,ransom,
2778328,112441,211927,119363,58375263,ransom,
2485646,84370,213262,115114,51276735,ransom,
2868140,137650,242436,138201,59861660,ransom,
5796059,209742,144021,64915,138894058,ransom,
1538053,64440,185643,93279,28641421,ransom,
6942956,385687,266493,127272,159324805,ransom,
2255675,128107,304438,178987,41796001,ransom,
4896513,269732,191414,107740,113897204,ransom,
3580317,191981,185626,77521,80610408,ransom,
3839930,227488,372605,203448,75324287,ransom,
5318492,308988,406460,215708,113238963,ransom,
4768485,252521,264310,134791,104535053,ransom,
3120120,100708,214123,116060,66543141,ransom,
6230413,582289,712556,340219,93522935,ransom,
1214244,94403,335766,186170,12956774,ransom,
3727157,271797,742141,518198,50923962,ransom,
2677261,136307,251403,167180,48266881,ransom,
2694106,54062,165791,98324,60064378,ransom,
1159034,41308,105324,47062,24070931,ransom,
3743003,172108,413110,204641,72400922,ransom,
2507889,88890,207856,115859,52304838,ransom,
3156098,69467,212309,116258,67034538,ransom,
3757944,135756,113569,57765,89837921,ransom,
1626888,68006,177215,89108,29985629,ransom,
7102622,433417,286987,149582,163510394,ransom,
8653792,527252,474329,247018,194787267,ransom,
8656136,509651,351295,168626,198755669,ransom,
180558,8133,140163,121677,649468,ransom,
1010327,47947,180285,110322,15640617,ransom,
818779,85430,298080,168163,3195319,ransom,
2111692,109617,189291,100943,43009896,ransom,
4262762,185304,273247,137186,93499903,ransom,
3824735,146473,104090,47774,89764736,ransom,
3961266,121525,246368,123723,86618514,ransom,
2694589,131597,202537,113082,55918565,ransom,
2180932,169730,256300,145940,17872560,ransom,
2025907,61954,193404,97950,39747721,ransom,
1381195,7274,40998,20566,32876417,ransom,
407980,43042,155092,94805,1589739,ransom,
4291537,248210,407433,204279,85590804,ransom,
884107,62842,163442,87889,12797055,ransom,
4136870,209417,279454,142647,89463945,ransom,
1660720,54147,43365,21856,39286842,ransom,
4206994,182584,280853,153205,91577156,ransom,
4511760,147572,318479,193999,97644899,ransom,
5985880,230930,278645,145305,135015966,ransom,
3728395,123319,255994,139915,80485699,ransom,
3305049,188905,119764,56792,78757735,ransom,
4656085,296182,249334,122128,102432809,ransom,
1052315,89135,317281,179638,8461104,ransom,
3892989,126549,338215,176040,80677683,ransom,
2872869,89396,240042,122045,60446738,ransom,
1762973,27634,114326,58081,38033795,ransom,
4293477,195718,354131,198911,86730899,ransom,
5885509,261530,414450,252423,131166318,ransom,
4080178,205722,271330,139032,87414383,ransom,
3465913,133545,202905,103507,75380132,ransom,
698188,8230,64487,47926,15421999,ransom,
3429300,158791,240759,121603,73752766,ransom,
4338462,255000,418448,215903,86724265,ransom,
4908734,268885,266015,127380,109021416,ransom,
2826844,107283,212909,115452,59187933,ransom,
771698,3381,20623,10080,18419776,ransom,
6089148,550504,680560,333656,87408222,ransom,
3501940,124842,317603,149562,73554687,ransom,
5402330,259995,370862,208350,117196792,ransom,
2224659,112581,355617,206846,47644871,ransom,
3167041,381760,501993,377839,35656604,ransom,
782941,57767,185399,100360,9563435,ransom,
1163681,89398,306191,161522,10439686,ransom,
3391461,203896,219380,116731,73188274,ransom,
4735834,256562,261204,135244,103985985,ransom,
20219,2965,18939,9514,103488,ransom,
427001,44126,151900,90444,1659679,ransom,
442242,44210,151922,89820,2584420,ransom,
3137615,137421,227716,128914,66727728,ransom,
3083990,136520,179043,98499,67065770,ransom,
89119,10354,37079,19065,352877,ransom,
3950046,216519,394432,150806,79803745,ransom,
2985810,230013,546765,219072,45920763,ransom,
4762050,287039,422870,169798,96611275,ransom,
5778179,325389,426941,168140,121615994,ransom,
2614176,130252,365897,119883,42842575,ransom,
1433505,89414,191433,149006,22303078,ransom,
2997340,125428,236015,118522,63187471,ransom,
4911690,284276,607289,156347,90245271,ransom,
3471341,152040,178491,82822,77351229,ransom,
2324117,98936,187614,95933,46575589,ransom,
1265582,89138,168994,89346,21988942,ransom,
811293,83101,289798,157447,3169934,ransom,
649472,43564,131508,71620,9120315,ransom,
2791173,29054,60874,32727,65922769,ransom,
4576105,176195,265656,137941,101140744,ransom,
1501818,47493,177457,98155,27564225,ransom,
1647448,62318,315522,206818,28224072,ransom,
1246603,55905,115994,72275,26141088,ransom,
1593761,60542,113099,55212,33557968,ransom,
4523144,218707,409852,216859,91839806,ransom,
791074,60476,174017,101972,9577822,ransom,
2946794,114083,349017,174502,55045656,ransom,
2301204,80140,103597,60088,51734737,ransom,
2916551,67110,167307,75946,64501916,ransom,
2044836,78409,202154,112683,40922122,ransom,
4480679,165736,236869,119390,99695841,ransom,
2125313,63992,181947,106826,42745777,ransom,
3467337,45271,103530,54696,80501779,ransom,
1558106,43207,165594,83723,30379405,ransom,
4302587,166598,246959,125220,95251276,ransom,
3630001,140030,218338,113816,78930204,ransom,
7066727,330422,620235,353135,145796298,ransom,
3867699,142006,155906,91978,91115950,ransom,
4992273,126161,346635,193255,107964457,ransom,
3362569,118192,240563,124206,71675274,ransom,
5711756,277725,402228,206298,124013469,ransom,
5643894,501775,732386,363810,74220043,ransom,
3113713,158002,213726,114511,70916723,ransom,
4655316,179485,474125,259353,102936700,ransom,
5803422,442947,524126,401832,95289374,ransom,
3712000,116568,232192,123820,80484893,ransom,
2521336,95874,341887,177715,44114959,ransom,
370397,2407,13383,4399,8723663,ransom,
1584735,61139,189724,99290,29224941,ransom,
3505507,192179,330554,175654,72311386,ransom,
2735175,106539,210424,107887,55803793,ransom,
1255667,58076,164103,85257,22379086,ransom,
3595851,35843,77818,41447,85833354,ransom,
2246538,116677,201065,108129,45627305,ransom,
4732282,182563,263546,131798,105331284,ransom,
1542525,46635,172666,90713,28764293,ransom,
955596,88765,286748,159528,8087611,ransom,
1087847,28893,46572,19971,24521979,ransom,
3527817,147667,241698,125453,75998235,ransom,
3812125,127273,236106,112798,82433261,ransom,
1359607,67980,267567,151442,20535684,ransom,
3079608,149999,194282,111768,67069495,ransom,
1377818,50110,68588,28457,31496678,ransom,
2110830,86232,213394,116389,41125228,ransom,
3110929,172591,224962,112927,66569587,ransom,
415266,49276,166913,84862,1619832,ransom,
774983,83855,300720,168521,2999135,ransom,
2069676,111650,85170,41360,47929648,ransom,
2152516,131828,185768,100242,44360650,ransom,
6148506,270554,301624,144035,137862666,ransom,
8911583,489976,323611,156964,205922146,ransom,
1299076,48902,93041,52221,28980144,ransom,
7059777,344076,247605,110168,162808374,ransom,
479299,46129,160521,92226,3013732,ransom,
3456044,185414,276471,180954,74743305,ransom,
5309846,216490,277429,140254,116750592,ransom,
6341953,343028,296402,147437,143408889,ransom,
1682239,43815,159132,84924,32977559,ransom,
436709,44836,162415,85137,1660468,ransom,
2542255,171648,257427,140148,49383993,ransom,
3668982,137695,224610,115588,79985886,ransom,
3558468,105434,113655,61735,84404893,ransom,
3112916,96851,310584,178327,62549803,ransom,
5805861,181607,333565,194480,129721930,ransom,
7267386,398477,353912,172411,165155506,ransom,
1864841,88241,215620,126235,35267604,ransom,
1625742,67513,187696,103781,30433107,ransom,
1030081,72935,253899,139367,11904375,ransom,
4064708,143444,239711,117998,90021417,ransom,
7112611,334795,276201,139391,162840126,ransom,
5283566,494363,776606,433068,61095326,ransom,
2305890,68299,121070,76391,52316610,ransom,
6537501,446002,837387,558806,115705105,ransom,
5417190,226308,352638,250447,115229162,ransom,
1117880,60242,176882,108276,18317870,ransom,
2352574,102860,293945,184977,43305399,ransom,
417982,42848,153946,91099,1638074,ransom,
4385501,108999,205965,109240,98134838,ransom,
2105935,88657,228075,124407,41509543,ransom,
2987356,84218,222750,125364,62605721,ransom,
1929803,76412,270146,166959,34324332,ransom,
361269,8879,47493,24696,7424348,ransom,
1488816,69011,223493,119544,26555957,ransom,
1684691,66194,201039,111412,32028281,ransom,
3861087,57391,206068,107748,85475723,ransom,
3252078,138464,189441,108744,69280989,ransom,
1032679,59474,181298,95896,16213312,ransom,
5970093,297364,322344,152965,133866397,ransom,
2320416,108809,204128,103328,47231319,ransom,
1988273,81677,201265,109984,39376427,ransom,
3549977,108804,228416,124539,76959949,ransom,
4845421,196017,148785,76892,113888963,ransom,
5480311,246014,256287,132883,123316117,ransom,
5083168,220008,280485,135799,113474275,ransom,
4285010,181900,255990,153253,94625676,ransom,
4293370,178525,182366,96468,98743528,ransom,
3809757,191466,312566,158721,77885792,ransom,
998949,49333,253275,163271,12999685,ransom,
1242311,82099,274324,160464,17423488,ransom,
3176606,140988,226247,116737,66962152,ransom,
139704,15939,61693,41016,606856,ransom,
577273,49991,121601,50978,8845942,ransom,
3991940,249975,244752,123737,86789556,ransom,
852138,54496,165076,89273,11201815,ransom,
405342,46816,161105,91144,1582911,ransom,
4718155,263990,150353,73659,109870434,ransom,
3595098,120706,316007,164696,73456704,ransom,
633205,57029,198081,106651,4541971,ransom,
1555382,57484,183686,111602,29087124,ransom,
3306277,172789,235719,115878,70805545,ransom,
2003898,119882,82089,40419,47094522,ransom,
8143125,485058,348510,160816,186566610,ransom,
656057,59039,173516,94863,7828741,ransom,
9674398,595155,460255,270121,222115003,ransom,
5168098,287989,296316,149325,113704896,ransom,
14133,2070,14104,7215,95339,ransom,
3518584,106843,345883,192747,69141827,ransom,
2029109,94691,214804,110873,39114451,ransom,
789619,52384,172501,106961,10897550,ransom,
1230219,44720,145294,85797,22517724,ransom,
5812543,438608,529999,262631,88153855,ransom,
4857082,188040,468882,216836,101875141,ransom,
935343,72423,267507,157390,9464635,ransom,
561390,56903,326979,165096,4466998,ransom,
2558190,213933,563949,433758,19524542,ransom,
3972884,210141,608460,494232,80578033,ransom,
5196493,251507,433493,242718,107679329,ransom,
1192853,56068,206762,119419,18509976,ransom,
2968734,190945,230292,119395,62596385,ransom,
1872217,113411,55182,24744,44723160,ransom,
3732092,174472,265605,124286,80121393,ransom,
2046196,121740,193643,98652,41222461,ransom,
7071284,415604,336392,165829,161098140,ransom,
1209721,49366,176447,96065,20059325,ransom,
2417156,120706,72116,35845,57698165,ransom,
1350376,75855,269916,155055,21129836,ransom,
4153654,133939,334686,193751,87058351,ransom,
4034410,148493,296272,137533,84668054,ransom,
1187441,46766,182020,98076,19761668,ransom,
1560578,42080,114511,49833,34466678,ransom,
5678418,373081,484034,215065,117441664,ransom,
6136829,352170,488931,200151,129311061,ransom,
2281838,130607,425035,144448,33978828,ransom,
6790185,360288,508738,183505,143609665,ransom,
4409041,175358,229962,76059,94704898,ransom,
2851941,173383,201077,105396,58184226,ransom,
7769024,477792,573535,210386,157222199,ransom,
6860945,433058,612538,215889,144589290,ransom,
5815401,193351,293620,148877,129265630,ransom,
3894141,141707,122121,56394,92459638,ransom,
1193159,82128,232548,129310,18102800,ransom,
2768791,109322,216555,124196,57791965,ransom,
2475164,79643,207200,109364,50837195,ransom,
1381312,59775,176181,99064,24916325,ransom,
1331741,9144,42383,26082,32235536,ransom,
2442846,57772,221911,144289,48750881,ransom,
4344150,173271,344440,194180,90256431,ransom,
1887503,106527,329105,171821,31848877,ransom,
1742941,54798,163324,105433,33412674,ransom,
2086246,87634,252924,127180,39227711,ransom,
3189855,87407,205204,111002,68743600,ransom,
1237395,55026,185229,95428,20931186,ransom,
407705,42801,153850,81009,1593227,ransom,
3875896,70645,125756,64899,91704897,ransom,
3783773,144679,239645,116596,84023900,ransom,
4856987,238927,259551,130281,107533163,ransom,
1086607,77614,249686,143864,14864150,ransom,
2536684,140364,387279,199063,42947751,ransom,
1974060,110366,181503,93634,41159631,ransom,
1366317,25757,100151,42283,29513296,ransom,
5270249,497027,755530,363902,62716844,ransom,
4426382,239327,293130,148964,97684801,ransom,
1209564,84035,252176,160848,19501977,ransom,
1363319,60311,265889,128495,27652749,ransom,
3227539,257614,617812,444544,33125265,ransom,
2950764,97927,293378,190249,60919996,ransom,
2074519,65764,193207,103884,42221798,ransom,
3330264,205050,541477,204237,40549360,ransom,
5216959,458434,1150764,69667,37625905,ransom,
8120680,524343,1224696,129123,102562736,ransom,
8794054,797742,966000,254353,80538460,ransom,
11732776,671530,347203,185723,88443055,ransom,
11392255,1080999,551136,278659,94088485,ransom,
12190888,618081,602659,262833,106145359,ransom,
11714011,699094,694408,305414,71186017,ransom,
11368244,743211,549361,214653,63862536,ransom,
11598965,797502,588743,265946,100898558,ransom,
12438764,844446,576349,245690,52584443,ransom,
13857769,1017443,740511,352165,73278981,ransom,
12803458,905272,683690,331341,82507418,ransom,
13593148,1025014,636621,292461,194799459,ransom,
9746821,836578,570874,284629,41084697,ransom,
7516587,567368,332861,138195,47713769,ransom,
13254676,861409,684111,348439,82593615,ransom,
12603502,910002,681505,339913,80797206,ransom,
13767359,929545,676678,342323,95213097,ransom,
9075729,870464,576380,285046,51480382,ransom,
10673779,867030,635920,334280,85383047,ransom,
12181891,908974,632422,308283,137629331,ransom,
12640313,1055589,729314,374187,106909725,ransom,
13079303,1002332,753816,412566,107983106,ransom,
13751367,919123,677586,365441,144196032,ransom,
13384164,1005392,580285,289457,130800975,ransom,
11376635,894147,619816,290208,132908677,ransom,
11434211,903969,610845,312736,106286418,ransom,
8981561,723323,556847,293146,71589057,ransom,
13818307,966652,673834,356575,125740379,ransom,
14109440,1062982,721470,367851,140453419,ransom,
13177094,935112,667409,355539,128818180,ransom,
14233280,1028252,684713,368523,133256033,ransom,
13732021,1067203,721729,381820,104976091,ransom,
12217225,909078,641635,360485,59666246,ransom,
12115274,950305,612887,355941,76734221,ransom,
14089681,958831,695286,386189,102834759,ransom,
12611672,910677,703168,399384,77996827,ransom,
12274740,925590,677835,360233,71314778,ransom,
14467438,1007818,716563,371119,135218642,ransom,
12074573,889803,684037,357245,82066319,ransom,
14878452,1008309,751305,418364,123077854,ransom,
14575673,979040,757672,405716,115099228,ransom,
16204304,1295719,1269953,656785,111053913,ransom,
12305687,934051,730964,401259,131460298,ransom,
14926093,1233967,1083277,609653,150166158,ransom,
15216645,1285787,907739,546557,148712523,ransom,
10711890,933073,644187,317530,82534850,ransom,
12372127,978168,714554,369675,97896930,ransom,
13809679,994900,678493,356135,110685149,ransom,
12571755,977808,721320,386970,82983519,ransom,
12975722,925681,647653,337518,138221559,ransom,
10668381,898744,617936,326756,65968391,ransom,
11375666,959912,684751,366738,72611877,ransom,
10015761,803578,520020,252338,105650847,ransom,
9983907,867408,512759,282608,62953828,ransom,
16233095,1073358,1188305,794554,165310569,ransom,
14117862,1011340,709994,394197,98128686,ransom,
13483332,1071718,821784,418002,151385227,ransom,
14617772,1062656,650655,340368,133623763,ransom,
13380221,980026,816309,412363,133412353,ransom,
13758334,1011901,793049,433298,123446415,ransom,
12823728,991708,730250,370318,166617283,ransom,
13585400,1048377,819334,432496,142383860,ransom,
13549952,1050227,604464,307871,113143747,ransom,
12247817,962453,667725,329717,101481168,ransom,
13970599,1037890,670595,335757,189561146,ransom,
13656764,1007176,580964,290917,194177233,ransom,
12110392,979504,682758,332479,121822164,ransom,
11990452,965390,518102,285734,51976813,ransom,
11814504,984592,818211,425262,75630573,ransom,
12615793,972268,702428,363396,101236329,ransom,
12817526,969590,644696,352996,112067837,ransom,
12368557,1025526,677742,377317,61045126,ransom,
11935962,963402,543970,305575,51653198,ransom,
13213670,1030576,648114,327491,149235982,ransom,
13176408,1047278,691867,390801,56756656,ransom,
13416691,1070206,697045,396229,57793042,ransom,
13290900,1101417,662080,371265,57429616,ransom,
12899268,1034585,541131,293744,55673421,ransom,
13306307,1151420,819387,443601,60343712,ransom,
9979541,873167,729191,345043,44919781,ransom,
6927081,749942,442769,152805,30750030,ransom,
8566905,686071,562014,193664,88671004,ransom,
8410834,779700,664195,257279,99773738,ransom,
11567959,851624,746189,329622,206711011,ransom,
9159783,824801,836566,338343,103546940,ransom,
10236486,890783,792255,320937,152195785,ransom,
7228286,766505,717987,282475,58683790,ransom,
6510068,719951,677245,223757,41892288,ransom,
3430528,233463,455442,232066,46659414,ransom,
3120130,109915,231149,118755,64188122,ransom,
2551270,82126,204444,108568,52762885,ransom,
5878899,475542,660612,316822,84789287,ransom,
4743448,222130,284170,132398,106886930,ransom,
3997659,94500,359563,216675,82813332,ransom,
3845290,132361,477581,249826,83396698,ransom,
5470124,494108,524054,408309,91764316,ransom,
2095398,119123,256857,141912,40563354,ransom,
6281357,297177,262055,128514,143395321,ransom,
2021835,146407,355673,195950,31516532,ransom,
11095365,704377,554840,182360,242209129,ransom,
11467687,1010946,590728,191995,139833521,ransom,
9191670,935855,658389,213268,76843821,ransom,
7702928,932553,772789,254270,39156379,ransom,
9034325,925678,779670,260613,77563026,ransom,
8487122,854167,783570,291244,72714315,ransom,
7263552,753565,666396,247965,60463811,ransom,
4963703,585169,556996,224566,25145023,ransom,
1003879,61801,168225,88042,14501133,ransom,
1034323,107598,439336,284881,3967112,ransom,
413637,41826,151581,85735,1613956,ransom,
1077819,39027,112275,73815,21951200,ransom,
1750410,59227,112510,58755,37436124,ransom,
2337041,121887,210104,126745,47841149,ransom,
4732559,186527,245012,127526,105816556,ransom,
1085912,44721,165988,91660,17649411,ransom,
4678095,277007,216090,118047,109821101,ransom,
3530862,210725,460314,155722,63849478,ransom,
1977537,117274,400617,136575,27762726,ransom,
1822535,158290,552446,212233,15177506,ransom,
3335087,205927,338236,121024,59680144,ransom,
8205998,784420,524937,145860,74765056,ransom,
9597723,1010581,672835,250957,44749265,ransom,
9413678,909423,1368620,527627,83155871,ransom,
5163615,601965,567338,213379,28600818,ransom,
5075919,582259,548076,188978,25802080,ransom,
7182667,639557,481806,144242,78586122,ransom,
10060515,844874,664679,253743,149859483,ransom,
8564158,796057,668457,262729,106842309,ransom,
10331866,750649,780432,364915,183659593,ransom,
4348906,240503,240362,132338,95831845,ransom,
1001750,28287,27935,12625,23352309,ransom,
7242126,574332,568509,191722,99469059,ransom,
1234946,109312,560310,404767,4847398,ransom,
1384946,65667,193297,122964,25370613,ransom,
2951396,141063,218718,112607,61830171,ransom,
2117563,66934,72874,36622,50564781,ransom,
1912785,74197,200488,108671,36808533,ransom,
1930350,90193,302534,167446,34309761,ransom,
830130,86849,313808,170579,3247136,ransom,
2410002,47565,173374,98085,50501165,ransom,
6994183,532397,570001,127778,115106016,ransom,
12009911,1067108,550034,223725,132696006,ransom,
11670598,931121,881301,364063,149089627,ransom,
12673573,1215094,1206263,511567,144477306,ransom,
10542685,888875,738809,297385,148349249,ransom,
9141064,927821,800896,289159,87955167,ransom,
10479336,972609,1192899,510929,116035055,ransom,
12938183,1209553,941588,504064,185085194,ransom,
3691088,375636,521778,235518,29360687,ransom,
2719149,142447,289049,171396,55335625,ransom,
3690135,162187,173080,72510,86222555,ransom,
1750807,65929,224379,131342,31160806,ransom,
5992367,260974,263321,134065,136155850,ransom,
2734520,105140,213995,124201,57446138,ransom,
5822736,216582,188344,108052,137573578,ransom,
10334318,623317,467767,229015,237111307,ransom,
7895206,388628,325761,165588,181368464,ransom,
2064303,96880,199600,120208,40940386,ransom,
6247557,416579,518794,279299,130924164,ransom,
2079813,81614,209172,114292,39807152,ransom,
2547533,196183,256069,104356,27688677,ransom,
12024013,1061422,546074,184243,153207485,ransom,
9566595,955288,635966,265810,70270267,ransom,
8008849,809065,731485,284257,71804884,ransom,
8022765,921889,724100,215149,41305355,ransom,
9794209,739410,744812,304315,135809359,ransom,
8694302,878072,703056,268865,96224746,ransom,
10674686,875823,824880,323013,139176313,ransom,
5273250,247321,468058,245168,98647050,ransom,
4429184,116056,106656,50960,105884118,ransom,
2457991,52906,203053,106778,50111803,ransom,
5887042,358772,372735,217393,131551410,ransom,
5278060,279292,383560,204941,114420160,ransom,
2453828,113122,224585,131503,51314523,ransom,
904532,41816,82903,38156,16753918,ransom,
4165934,206776,257150,134422,91370580,ransom,
1223120,60104,194607,110748,19578564,ransom,
1601765,80733,209057,117011,30067765,ransom,
4294310,151087,374528,195039,88039301,ransom,
1278673,53328,59913,30040,28886623,ransom,
1699275,94544,262078,131289,22982255,ransom,
4476670,506335,619628,235433,22682866,ransom,
7159672,731579,635495,444333,30876088,ransom,
7903285,580448,541036,174965,104322733,ransom,
7815035,818688,717600,249739,68222231,ransom,
6990448,727326,681903,262287,52909169,ransom,
6956737,753364,777547,318676,45829084,ransom,
9157298,795886,721647,269417,108255330,ransom,
8175412,862143,744924,251980,68768396,ransom,
7365408,451750,422567,182331,135425049,ransom,
2055343,92958,199552,101375,40648612,ransom,
3483619,459001,783856,449049,16669337,ransom,
11156118,859202,869779,241849,176760572,ransom,
2696968,266615,626223,456619,30756239,ransom,
5786161,273227,298682,164245,126829661,ransom,
4008401,159565,254195,129036,87397968,ransom,
2362031,106850,235297,143008,46339626,ransom,
2059318,101107,182637,95441,41620272,ransom,
1220824,61321,179753,106105,19357651,ransom,
712258,65481,253876,142265,5295225,ransom,
1716538,74311,233174,146971,30854782,ransom,
4189375,390487,730858,269769,31721577,ransom,
9556720,972266,440946,181216,72906085,ransom,
7665314,781829,482396,140202,57691254,ransom,
9940508,894854,1146110,344077,117202205,ransom,
13035139,1185039,1595493,284651,110225079,ransom,
17402345,1580150,1131979,476109,77315069,ransom,
19022333,1535974,1050557,407043,123866531,ransom,
17894905,1638707,993033,328056,144670524,ransom,
12471519,986226,542763,220901,74064666,ransom,
12122970,928193,490025,205358,88604026,ransom,
12875980,1017067,499386,205735,120031913,ransom,
12246621,1020027,472857,199132,76100352,ransom,
9371331,768076,250732,95723,42547724,ransom,
14070519,1061416,519541,228079,152656797,ransom,
13905164,1057920,519759,250021,77521216,ransom,
13799574,1100831,604408,291533,172390502,ransom,
4746359,244653,254526,137111,82814735,ransom,
2233834,99159,172612,95547,46722746,ransom,
5551460,259330,250385,129696,124081104,ransom,
2675178,151225,200836,109476,56480715,ransom,
6148446,436099,648793,288883,89623397,ransom,
12255223,1139302,643941,238321,97330742,ransom,
11719684,1094738,745445,272960,153200915,ransom,
8731916,833783,740942,263916,80967664,ransom,
10260800,931604,850529,292205,94402344,ransom,
8308024,852335,774655,302157,74534485,ransom,
10631255,883460,813849,341859,135195120,ransom,
3758501,150967,334519,175190,70736739,ransom,
4651487,101194,260095,136001,103542423,ransom,
2714971,93397,220271,111562,55481502,ransom,
2231877,106464,190796,93446,46820262,ransom,
1552865,64376,242998,168585,27643943,ransom,
955515,16734,182208,141131,18131183,ransom,
3566882,70993,235864,117338,76858802,ransom,
2616998,90728,209527,105995,53772657,ransom,
1678781,68922,185659,111293,32062214,ransom,
8416047,457514,217884,109508,200041978,ransom,
5151561,229395,320592,152819,111631063,ransom,
7061741,302914,400593,205980,156794562,ransom,
3316392,57360,193706,104248,71912070,ransom,
5120324,625808,942413,441158,28781866,ransom,
9095130,940283,490365,225852,60359757,ransom,
12061812,1195403,1311121,638686,93962721,ransom,
8836885,768843,770532,344701,98104841,ransom,
9932298,868674,870984,295779,118376519,ransom,
9271568,862844,770567,261935,93079064,ransom,
8153880,821004,618215,174877,72009842,ransom,
7101580,642570,720322,326053,81749500,ransom,
1866673,73409,173214,102966,36870182,ransom,
405917,41753,152518,95365,1584432,ransom,
573258,47541,159622,86050,5106252,ransom,
2270675,106791,40954,19646,55096698,ransom,
10558563,931426,610946,184816,158137026,ransom,
5874165,595443,511655,134615,57338181,ransom,
406962,42508,153862,85755,1590392,ransom,
399202,41561,156311,89324,1589056,ransom,
5865234,330634,152792,79216,140140694,ransom,
1528886,92537,359956,211034,19687815,ransom,
936083,43863,156930,104576,14718424,ransom,
1294774,54524,220556,134666,22007003,ransom,
1265187,84198,239174,133798,17167762,ransom,
6181099,499827,599766,166863,70252349,ransom,
10192405,954853,384670,155417,68997789,ransom,
5522844,579130,618446,231353,35820452,ransom,
5766662,612725,566945,207097,43404662,ransom,
5130462,535197,506690,223379,48067855,ransom,
7540809,682022,514082,136624,78894518,ransom,
7365059,612977,865939,422291,87460572,ransom,
6299722,660180,652576,213568,48948859,ransom,
5923235,657745,728212,193940,29368272,ransom,
1527696,99394,229646,55674,25806508,ransom,
4930759,268113,433377,161288,100505703,ransom,
3360259,224046,472774,175955,57594250,ransom,
2362442,122072,289335,131232,42984830,ransom,
4109580,191534,276366,140376,86082965,ransom,
6327747,308042,523381,112568,128432484,ransom,
1298604,79090,204959,106155,20739176,ransom,
3460512,223041,369784,186535,66490888,ransom,
1519594,60243,194820,99454,26987059,ransom,
2612092,152835,270912,128746,51086780,ransom,
842997,11430,32115,16094,19848029,ransom,
5172509,350402,605865,227582,77216328,ransom,
9886778,970821,647310,219388,116321798,ransom,
9575094,915792,566733,195340,94101175,ransom,
11475910,969610,671055,294121,189375671,ransom,
8040873,839572,600181,149065,57618854,ransom,
7353334,819306,698604,230545,42828886,ransom,
8466807,967915,903610,309068,42740622,ransom,
6210292,675959,593425,194986,36781562,ransom,
2522781,61168,199393,105170,52675133,ransom,
2896955,394036,561548,288089,14369294,ransom,
583568,59022,219072,130383,2616140,ransom,
2259771,220990,742483,528238,9850686,ransom,
1769302,60147,191992,107667,32568202,ransom,
408725,42373,154393,87130,1599325,ransom,
331128,6587,38938,23868,7284988,ransom,
2042181,68776,199368,110567,40768462,ransom,
1183198,87837,313523,183502,12027008,ransom,
5533166,240519,341951,182413,121608281,ransom,
2553036,61671,280390,187623,50209153,ransom,
401946,11971,31786,15463,7988038,ransom,
2101869,127883,202221,117343,43431281,ransom,
7464262,534777,836623,252724,117620735,ransom,
7560278,843214,366405,154568,36652772,ransom,
7228862,787317,568577,238433,37967048,ransom,
6097088,474824,406810,141255,86669468,ransom,
7467081,687152,633151,227673,75194186,ransom,
9936283,806385,902343,452351,143316520,ransom,
8437230,685751,721135,321806,109090825,ransom,
10636296,931362,719828,264050,136113489,ransom,
10302370,891674,782097,287033,131681723,ransom,
3123263,238011,375452,201845,34925444,ransom,
6101063,429068,491796,227352,78551746,ransom,
5088988,471034,391813,106402,52040370,ransom,
6153822,182155,257001,133153,141688419,ransom,
1314465,49201,92681,39101,29080893,ransom,
4581210,262622,252383,122481,101848476,ransom,
1377000,107881,397938,221729,13007396,ransom,
488828,55561,219416,136643,1826393,ransom,
266940,31334,123461,65163,1172881,ransom,
547100,67130,221751,118127,2518050,ransom,
3564414,106497,224813,114541,77734042,ransom,
4335335,287532,514273,204322,61183114,ransom,
6852710,678708,449019,132365,74944525,ransom,
7486331,801091,361487,152100,81332611,ransom,
8894393,764695,643309,213330,110409069,ransom,
7416647,770818,795019,324420,48535722,ransom,
6289106,705328,727786,258594,31495135,ransom,
5560191,645961,519617,161387,28618691,ransom,
7750417,702425,546719,174078,88261271,ransom,
7855190,806818,805764,300725,56053961,ransom,
3310153,314330,355922,145892,28503826,ransom,
796126,55161,174598,98116,10564628,ransom,
2510956,43583,175859,93737,54019677,ransom,
4253430,101039,163833,83313,98769807,ransom,
1800933,103494,209267,109194,35474604,ransom,
2578500,149727,214584,110366,53514673,ransom,
5539176,304851,419273,209088,116280269,ransom,
4391560,151301,120062,51882,103512647,ransom,
3988843,181880,246274,119639,87345857,ransom,
7204151,596812,481082,236553,129954006,ransom,
1966240,183455,534010,261235,19825877,ransom,
5091326,295519,462149,211072,103281899,ransom,
8744325,720313,661558,188041,118224830,ransom,
12740750,1297231,968620,574522,110759074,ransom,
9075305,1041712,939993,322196,60261718,ransom,
8418352,856640,837942,342374,82114301,ransom,
8552993,964114,920192,320712,45656085,ransom,
8104522,879045,647460,163881,52679232,ransom,
9228383,722928,752476,350804,131523763,ransom,
3019986,121924,455238,325935,57258600,ransom,
1964722,76980,213317,125101,38326251,ransom,
2328673,82428,230708,127811,46794471,ransom,
280871,5400,31913,18841,6156731,ransom,
2083087,100620,175348,103449,42836656,ransom,
5193803,239297,281365,133414,115937013,ransom,
2802898,155453,226338,112153,59100321,ransom,
3426461,199751,876747,658013,53937312,ransom,
4605539,136268,217093,138317,108308981,ransom,
7451220,431558,397934,211411,167063215,ransom,
2958759,176159,259001,128448,61002637,ransom,
483008,47491,225363,145919,1826487,ransom,
3254196,160650,725937,580432,57886483,ransom,
7240016,432011,374963,131815,141364404,ransom,
12571476,1026976,915827,331092,205394828,ransom,
10608911,1089746,601919,212281,67575119,ransom,
8033989,923705,776338,238191,41048720,ransom,
8773715,924469,881316,317931,69303646,ransom,
8118229,806994,609129,168954,76296494,ransom,
9505553,872506,746680,237196,91295335,ransom,
5784607,431694,385397,172926,92595217,ransom,
2853521,159184,190404,110035,60724917,ransom,
828212,44347,162948,89826,11390963,ransom,
1920050,1903,14276,4808,46914938,ransom,
890992,52735,181012,101113,11667317,ransom,
6972288,733300,630420,181316,51142692,ransom,
14128057,1778651,1595164,717040,115271287,ransom,
20616773,3036323,2020969,842428,163966597,ransom,
27797826,5031951,2846969,1187511,147957560,ransom,
30176257,4926884,2836706,1128651,162915983,ransom,
27726247,4189158,3017926,1239708,163878334,ransom,
10056307,1481052,1048364,513142,71139568,ransom,
17485098,1872766,1370499,763469,143301299,ransom,
16378396,1953896,713202,378022,110294072,ransom,
20094972,1976990,1034315,525799,132831619,ransom,
806891,84502,294376,168281,3139012,ransom,
9508,1026,6357,1074,47692,ransom,
1299022,104827,293744,160565,16009832,ransom,
3620792,112731,186371,101472,79778634,ransom,
1808373,62229,42278,23253,42183186,ransom,
3606295,478707,836127,415953,17037042,ransom,
567062,4259,26464,13708,13415265,ransom,
1407189,99890,373944,213895,15538462,ransom,
166578,17270,158530,87918,1105412,ransom,
1642719,252245,430372,330282,9071706,ransom,
3233114,159070,376181,216086,55396648,ransom,
7361,750,4565,334,36726,ransom,
659265,72476,270891,156666,2594368,ransom,
2772310,105583,238112,118316,54358378,ransom,
2754889,43153,64105,36017,64409401,ransom,
4015422,142289,362253,198972,80179159,ransom,
2199756,82262,42286,19976,52431895,ransom,
1766475,79358,183943,100446,34730579,ransom,
3692342,173329,214770,103071,80588133,ransom,
2753165,106421,36449,16604,66355986,ransom,
1710219,92987,333894,174180,24705607,ransom,
3830052,54136,56764,26030,93542563,ransom,
5157467,226948,263071,170168,116046278,ransom,
5850639,311151,405099,201443,123397529,ransom,
2989331,97190,36739,18379,72072513,ransom,
976853,105549,385602,211108,3766229,ransom,
318246,2432,6602,1096,7804549,ransom,
543667,37889,136038,74454,5708201,ransom,
458998,47879,168574,80671,1785319,ransom,
45746,6138,21522,11617,216061,ransom,
2023631,95028,328476,191923,33154061,ransom,
2331753,39211,50375,24289,55839026,ransom,
4843438,179833,182604,94313,109119301,ransom,
5447737,199201,365894,182929,114474338,ransom,
3252607,77141,66462,29298,77987463,ransom,
2068714,92516,329041,189597,33516694,ransom,
4086675,108568,48522,21191,99404550,ransom,
5793513,170743,164115,86594,135795846,ransom,
3172930,142398,412566,181851,58392318,ransom,
5344600,180266,226073,53277,121907365,ransom,
2795931,145958,525796,198554,38228705,ransom,
1986297,55867,213413,31603,37002058,ransom,
3114904,117071,256435,72979,54296638,ransom,
1809418,160695,448684,218797,17942561,ransom,
14580,1748,9942,2653,65331,ransom,
4274538,224206,719659,220846,62708393,ransom,
1575635,11481,41535,24669,36916110,ransom,
278310,31398,118022,68299,1149554,ransom,
686291,68702,209912,99088,2805982,ransom,
2986012,178536,92818,21252,38621883,ransom,
4625585,256368,358618,183190,95902188,ransom,
3861814,71923,57493,28016,91794994,ransom,
105839,3237,54440,42000,1043594,ransom,
1532820,125432,431037,224415,12977489,ransom,
1218201,24853,86526,56364,26098225,ransom,
1493238,128257,477766,271677,13847453,ransom,
4204852,378790,481220,234223,48679205,ransom,
486170,22282,114144,76156,8072307,ransom,
1121797,105656,425959,223986,10197237,ransom,
5208861,289994,420053,273314,108321800,ransom,
4769290,322288,487599,324359,81015921,ransom,
1747292,18780,72290,28654,39104237,ransom,
1447452,4894,20991,9248,35155337,ransom,
2799524,183328,559928,310248,39721445,ransom,
1471009,22564,40110,21749,34223249,ransom,
2499013,138648,313527,190548,44551061,ransom,
812252,33354,131676,62096,14319667,ransom,
2100903,10879,51505,26377,50084816,ransom,
829458,88496,326621,182666,3221559,ransom,
453914,7653,9267,3604,9671164,ransom,
1771481,115783,383422,237267,26491954,ransom,
437856,41487,149966,75527,3011257,ransom,
10643,1229,7266,2092,53774,ransom,
1443142,154373,553381,312167,5666212,ransom,
824747,4745,15563,6376,20405349,ransom,
3152972,77206,280326,165465,63964014,ransom,
2615679,79024,108080,48622,58571378,ransom,
1881131,59064,53653,26824,45000927,ransom,
1805049,122876,314722,167566,26640047,ransom,
1069871,14107,53462,27382,24672121,ransom,
2472528,134253,186392,100281,51702571,ransom,
2432627,127904,195239,114452,50032495,ransom,
582907,5070,29404,14394,13601133,ransom,
4708603,307386,531699,276102,89858685,ransom,
1687888,67226,95525,39182,38389342,ransom,
1333654,70454,281560,175787,21972282,ransom,
3107992,150043,204071,117841,67597561,ransom,
5098278,251419,149340,64594,121344249,ransom,
3864772,269306,483558,275941,70466162,ransom,
7602,744,4720,79,38010,ransom,
1480293,111821,187555,104898,26967999,ransom,
1381049,100336,186545,97197,24231823,ransom,
64635,6201,29852,16852,817136,ransom,
1288667,135805,499085,288996,4935228,ransom,
2691084,135704,99225,49286,63983413,ransom,
3089666,197008,350316,182259,58881446,ransom,
4206863,271643,339994,184062,89475135,ransom,
1741748,86039,56385,26704,42402843,ransom,
5825091,282580,366119,192341,126703833,ransom,
259101,27903,103439,50360,1102988,ransom,
2476516,105566,160622,100064,54900410,ransom,
3114141,103397,240070,117118,63764161,ransom,
1669116,18280,53281,23944,39434242,ransom,
1510634,115457,424843,249638,14311657,ransom,
1239895,64354,165158,86524,23307173,ransom,
2679181,368634,480521,236371,12953086,ransom,
2621714,167192,567410,281116,37836164,ransom,
750242,42590,139863,92203,14683542,ransom,
4498104,283237,337538,176406,96073210,ransom,
2250280,179532,653366,437244,19013388,ransom,
4039296,189089,187119,126560,86143746,ransom,
1513693,118670,301453,162475,21703528,ransom,
19127,2409,14350,7828,90593,ransom,
808199,81903,288450,150781,3146993,ransom,
2021484,122233,226473,119699,39667133,ransom,
280349,34121,112200,72294,1496200,ransom,
810334,89178,311818,179291,3159297,ransom,
37921,5088,25725,15585,201777,ransom,
1014772,49575,185883,106371,15811993,ransom,
2626993,107726,201937,121246,55495584,ransom,
3179608,74607,89096,40768,75621508,ransom,
2174588,109615,367261,193066,35471463,ransom,
85215,1658,26996,19732,1256640,ransom,
3523899,191539,427700,247017,67700192,ransom,
5640800,292180,261275,125262,127045530,ransom,
1307677,46907,53740,23097,29030211,ransom,
4259687,281851,358472,191989,87513448,ransom,
1701655,47233,64084,32042,38954616,ransom,
1631641,119481,188827,104504,31757801,ransom,
3605586,227934,271855,131315,76040466,ransom,
304206,3876,19109,8768,7365466,ransom,
2693294,126578,354544,199107,48465782,ransom,
4958229,225950,121968,54686,119549741,ransom,
4273763,154749,386249,200656,84530493,ransom,
2845717,91320,233562,132617,59111740,ransom,
22308,3073,18232,11913,106635,ransom,
807100,82960,303036,214336,3137323,ransom,
315025,14186,13114,4056,7435871,ransom,
2092286,78105,215475,122105,41578969,ransom,
2034846,111715,212342,125332,40494880,ransom,
3065789,145615,90505,40197,72540582,ransom,
1772320,99522,336192,176299,25669595,ransom,
1003868,26947,52201,29470,23236258,ransom,
2389510,157528,327586,172211,41155201,ransom,
4697004,290345,245824,118035,104932105,ransom,
3090573,128404,158825,73863,70857243,ransom,
3202942,166889,400900,202279,59317826,ransom,
4936390,268519,108173,47816,119587649,ransom,
1567853,81058,181646,106534,29338033,ransom,
1692961,114448,312843,166011,27820475,ransom,
725236,29063,44624,21077,16269276,ransom,
803647,84447,300159,158189,3124115,ransom,
82467,3147,19276,12099,1507723,ransom,
642468,69705,263819,166615,2557761,ransom,
2628978,133469,245923,116304,51742062,ransom,
5791724,441011,286033,141828,119161721,ransom,
6147218,484074,804610,381862,97988470,ransom,
1683665,83689,177324,93061,35007851,ransom,
1260005,40465,182076,100145,27620830,ransom,
4579189,360420,814398,555477,57688394,ransom,
29145,5912,22884,14316,171180,ransom,
3717443,246389,340354,179880,75311483,ransom,
7244351,455369,354203,168765,164509896,ransom,
5323530,265746,353974,188395,115292557,ransom,
4747450,283938,403020,206461,97736935,ransom,
2878912,156033,73038,32963,68580182,ransom,
2070784,121075,305641,170107,34220105,ransom,
5409740,317122,128266,53764,129741052,ransom,
4485679,243400,181215,94125,103615246,ransom,
882651,100784,370588,216197,3426860,ransom,
1689837,10040,57512,31783,40136504,ransom,
3749875,174074,434984,250174,71870488,ransom,
169218,9221,106315,77712,603866,ransom,
652058,49853,169432,93315,6952488,ransom,
4674512,301121,376641,192633,97710359,ransom,
2262818,121463,194214,100821,47428394,ransom,
4775715,250015,448201,256408,98058961,ransom,
2564819,92669,151576,69440,56158276,ransom,
14219,1667,9236,4022,62902,ransom,
1793861,133797,401812,241776,23876482,ransom,
1414614,40873,45662,23678,32183289,ransom,
1585873,78481,224216,124816,27765482,ransom,
1396109,64038,135289,75981,27285086,ransom,
3110179,130846,235583,124533,65869180,ransom,
820267,84876,305706,171440,3206612,ransom,
770936,45564,33100,17032,18982311,ransom,
3825999,181741,242131,125457,83386408,ransom,
3711537,158191,236651,111138,79896435,ransom,
7555,773,4755,471,37807,ransom,
818041,84452,300771,170853,3182222,ransom,
42790,5393,19816,12251,188600,ransom,
354699,38162,136993,73524,1354779,ransom,
1778632,154791,456554,146746,9183800,ransom,
6599651,544046,1231374,158821,31148379,ransom,
9328252,697994,749374,344700,35006914,ransom,
9272059,780813,586772,212592,40791997,ransom,
8828979,645253,496946,150142,37355886,ransom,
7397626,508380,548021,195939,42677187,ransom,
9251128,580174,272311,72272,52048706,ransom,
11416983,903385,741466,297862,119026288,ransom,
14410751,981684,860734,239698,127444342,ransom,
13261935,986758,502595,214574,56896188,ransom,
13580513,958466,741299,356176,184452189,ransom,
11768719,853118,555592,255305,175096545,ransom,
13368755,993859,804167,378237,108607752,ransom,
13995391,1304613,1052137,518576,71096794,ransom,
13965673,1009768,606309,319844,106968664,ransom,
14934280,1225209,1427712,868202,121159294,ransom,
11319813,944854,512173,260568,63437034,ransom,
11180897,881379,1003284,479897,99428262,ransom,
10075216,1022447,451719,132237,89319252,ransom,
11145134,895304,695577,197092,138674771,ransom,
9107353,824823,940109,416865,94400236,ransom,
9387655,920126,809389,301687,98194710,ransom,
9643721,890783,916363,361709,100341550,ransom,
6605442,682184,535574,189330,62505678,ransom,
6924861,751058,524059,129632,42841652,ransom,
830466,94446,327429,177594,3541178,ransom,
2105813,41829,84298,40727,49519090,ransom,
819909,88745,304475,170147,3789837,ransom,
2774324,69708,66766,32258,66828049,ransom,
2280977,19108,33932,14586,55230043,ransom,
4145162,179550,458695,246252,79685672,ransom,
5458118,220796,275556,143124,122901573,ransom,
6429024,299253,397812,198155,138890390,ransom,
6284302,189412,116800,53089,151055151,ransom,
5628974,175871,112883,54456,135311941,ransom,
5452065,265580,405545,206549,114949573,ransom,
761928,18082,54088,28134,16453708,ransom,
1166284,129749,423414,228187,4837956,ransom,
6196410,753986,521060,117041,32583556,ransom,
6550387,719133,331527,80319,29900066,ransom,
6642952,782034,851954,272797,31724196,ransom,
6886245,726659,668283,238117,49400872,ransom,
7919055,866367,940433,416259,63515791,ransom,
6750920,727696,660293,219383,42232203,ransom,
6279742,579888,444507,142032,66526135,ransom,
6519550,746190,770756,282048,32356376,ransom,
30754,4493,28629,15009,160279,ransom,
2211129,132569,326240,174382,38166091,ransom,
3113369,132735,143773,66194,71896117,ransom,
1289129,74892,47479,20895,30078161,ransom,
1128603,98618,305111,170042,10855885,ransom,
2355041,122087,203634,108277,47737417,ransom,
3059935,192745,444998,235445,54947596,ransom,
950475,48926,69405,31275,21606416,ransom,
2663676,113940,72706,33136,63475128,ransom,
4122173,254590,389095,208929,81741254,ransom,
79935,5896,42863,34937,293369,ransom,
629821,68113,255920,151513,2446512,ransom,
5014365,430086,560476,134209,54456745,ransom,
6534640,657671,181775,45181,66443205,ransom,
6214243,608954,571587,233459,28987874,ransom,
10063728,1027996,883770,339791,110889817,ransom,
9318433,838121,905970,394827,110194309,ransom,
10262157,1087747,1153902,483143,89441772,ransom,
7481175,615561,547181,195598,90951363,ransom,
10055888,870376,1349246,750989,120231774,ransom,
7770837,817581,661371,251793,60440746,ransom,
2364014,223529,303246,158577,22063547,ransom,
421529,43900,163125,92509,1653789,ransom,
5810825,514682,322718,53406,68880433,ransom,
9864400,629507,642378,267257,204248525,ransom,
1802538,91712,306869,173135,29850241,ransom,
3006040,103742,240748,129600,63679765,ransom,
1623343,54888,190328,97263,30177902,ransom,
2495303,72825,72240,35504,59696435,ransom,
2810539,174922,365790,192726,50616693,ransom,
1172055,38083,59229,33211,28082382,ransom,
5054506,200491,298056,148839,112913510,ransom,
5091521,406412,605034,220493,62601716,ransom,
11875232,950383,325480,92635,170190644,ransom,
9104146,868943,727235,266864,85380025,ransom,
5938625,622028,640673,294492,49455863,ransom,
4699608,539823,536296,204234,23969445,ransom,
6512717,759813,678511,220386,33169868,ransom,
7561876,808512,585366,147004,56644293,ransom,
8513539,872860,864954,320779,69513714,ransom,
2156418,248951,197216,60288,10865648,ransom,
1159243,43993,121259,69302,23686997,ransom,
5788436,312412,341766,159523,126978570,ransom,
3770427,128958,64689,30865,90661992,ransom,
3179174,130831,365180,186259,59898369,ransom,
1947378,53324,192278,99290,38213638,ransom,
1299188,45264,164907,91622,24363010,ransom,
3266279,102590,276699,155108,68102758,ransom,
414204,8336,67865,49265,8314405,ransom,
802960,83080,290827,158773,3119906,ransom,
7351,712,4301,71,36751,ransom,
686012,37638,117521,74856,9717735,ransom,
1516749,155824,320538,145513,8357855,ransom,
5403854,570124,293231,60803,24409826,ransom,
6672625,761089,742083,279327,42908305,ransom,
9971633,877103,767508,276690,115056882,ransom,
3346967,380816,357123,136632,16935011,ransom,
1706703,146923,529231,301086,15451780,ransom,
268260,8036,36238,20001,5525532,ransom,
2383019,147868,328044,174030,43087655,ransom,
3470299,120303,131035,63330,81163547,ransom,
3815979,101458,81024,33580,91000776,ransom,
1107111,112932,423742,243679,6331305,ransom,
13661,1693,9803,3393,69037,ransom,
2151913,115192,185754,101817,43637415,ransom,
4591535,210145,372731,185681,94478887,ransom,
5091330,128994,96915,43192,123050037,ransom,
6324180,549774,1032070,580195,76630450,ransom,
3064158,67765,149292,84900,69933763,ransom,
3897412,344064,802086,576509,46403267,ransom,
4261044,166200,208979,115636,94604515,ransom,
1631012,52115,86934,40621,37237266,ransom,
818892,87509,311660,167407,3190436,ransom,
22936,2939,16858,10878,109202,ransom,
427532,44836,167799,110807,1759275,ransom,
852812,89079,288068,164317,3326511,ransom,
9890,1207,7243,2093,51257,ransom,
908830,85940,378962,231935,3459788,ransom,
9946,1334,8009,2294,50684,ransom,
404535,41965,154501,86517,1584489,ransom,
1729007,143331,547188,220420,8631481,ransom,
6765927,452053,291063,41537,26995628,ransom,
8168813,544356,519839,261745,33017977,ransom,
7299919,419565,208899,78832,29982996,ransom,
8389541,785333,753180,192784,37577246,ransom,
6579616,741241,758847,212422,29765632,ransom,
6529167,756177,214664,84279,31240441,ransom,
11808231,965370,1166338,457294,169561066,ransom,
6156884,633892,448776,104143,44189502,ransom,
6535745,574837,600677,244322,73713377,ransom,
5776715,535766,538071,205592,56892810,ransom,
5556144,546083,423746,125563,52057232,ransom,
6730375,774283,811876,318652,33686982,ransom,
9807490,720150,544641,159868,131999984,ransom,
17423202,2184955,1482807,689532,177487107,ransom,
20312357,3113430,1596627,899729,170525037,ransom,
18439584,2321018,1228636,670825,118981548,ransom,
12346845,1226449,656841,352479,110549264,ransom,
921798,6519,26856,15399,22121468,ransom,
673335,66239,259204,157345,4187448,ransom,
3969435,172788,374592,249356,83687356,ransom,
3858111,146796,69053,30874,93316743,ransom,
2243690,143785,337912,179382,36725628,ransom,
1331984,10049,27047,11710,32451289,ransom,
5266401,199369,281566,124682,112491504,ransom,
9082757,881502,649005,263190,78289891,ransom,
10979464,906858,471913,129718,135665839,ransom,
14032924,1110631,1085854,474939,213998328,ransom,
10108499,1006522,831924,252048,88799510,ransom,
7044668,758113,752216,231085,50865192,ransom,
10850986,863062,1231999,625701,155701598,ransom,
3708831,395403,508959,105490,20321899,ransom,
5362679,331132,589285,239592,104218747,ransom,
4867265,209660,300472,91066,100938917,ransom,
806228,25265,56618,40818,13735320,ransom,
1127939,120694,416874,228683,4399810,ransom,
1291623,87328,375410,59687,6370537,ransom,
5671206,555073,802987,403432,69040514,ransom,
283388,31682,112779,53483,1154752,ransom,
312442,36421,142021,96581,1723811,ransom,
2345720,122927,478871,260007,39152403,ransom,
2163266,319580,461149,370560,17585323,ransom,
4517269,189189,244382,129660,98446592,ransom,
2617667,52732,187297,95685,54858820,ransom,
260900,6575,16892,8341,5990695,ransom,
2174600,130546,458293,258468,27468946,ransom,
2181005,91234,95688,46227,49743832,ransom,
2952847,169220,270123,140919,59426332,ransom,
2478223,150662,174344,86949,52795099,ransom,
1612155,71475,57913,29803,38071036,ransom,
828982,88298,317743,169292,3227585,ransom,
7858,813,5104,417,39134,ransom,
1204507,61618,191452,100392,20710250,ransom,
405533,46607,153254,74480,1553808,ransom,
10333,1138,6884,2088,51827,ransom,
1231992,130202,451876,274675,4875068,ransom,
2190156,35422,140967,68324,47663663,ransom,
5726001,510527,564424,172779,48343867,ransom,
3310572,153922,216723,107700,71665078,ransom,
2594295,51986,70408,29079,61612682,ransom,
4546154,252459,474543,251343,90046596,ransom,
1041049,13714,39958,17350,24254533,ransom,
5526478,256511,287674,145609,123546078,ransom,
1012305,46431,144923,80730,16181460,ransom,
7434,711,4458,22,37170,ransom,
1666349,147064,529375,311851,14196265,ransom,
2816783,112591,110302,48449,65674024,ransom,
3047242,118472,280292,171866,63680341,ransom,
1968854,103755,203836,107098,37815387,ransom,
1166196,31824,32998,15809,28597916,ransom,
6510923,408838,543705,279468,137195383,ransom,
5650975,223715,173643,82038,132993471,ransom,
1287073,56647,200703,103829,21830494,ransom,
989048,68328,185142,91363,14977182,ransom,
3004959,152192,73656,33139,72000626,ransom,
1224091,133507,501570,295022,4715081,ransom,
473869,22913,65985,22382,6746939,ransom,
2477171,87049,265347,142786,47823181,ransom,
2627453,128194,231153,114192,52744595,ransom,
36566,4574,25642,13995,161310,ransom,
3835845,237029,394650,201294,76661380,ransom,
3059394,89684,77210,34017,71505845,ransom,
432868,46800,171102,100114,1692338,ransom,
415165,42625,158189,95938,1630804,ransom,
7435,718,4567,73,36961,ransom,
1156099,119662,424812,261408,4490416,ransom,
1996083,77161,61504,24416,47835672,ransom,
4859862,459007,597568,312431,61518734,ransom,
1739781,138974,577348,317730,19266892,ransom,
3274746,87298,189782,107823,74335758,ransom,
3886451,217916,487237,250228,76351938,ransom,
2683218,201956,536980,407552,27186890,ransom,
418619,45595,163050,92169,1652066,ransom,
1904151,89699,215180,120214,38020307,ransom,
4031458,81983,101309,48649,95486376,ransom,
4335449,234187,469944,265128,84102589,ransom,
3962783,165756,157580,67805,90325428,ransom,
978599,82618,244525,139559,11818059,ransom,
1885105,80557,261596,148509,33956623,ransom,
380553,10425,59589,44418,7113264,ransom,
964805,90077,317794,179829,6025996,ransom,
3720160,206787,80529,37738,90499298,ransom,
3377890,179931,313325,202798,70838703,ransom,
771001,73672,271153,142163,5933626,ransom,
1533054,52248,78268,55835,36428065,ransom,
6272485,360901,586729,341390,130916625,ransom,
5560702,317004,302063,150429,122658089,ransom,
1539485,89363,115441,71422,33091522,ransom,
4395914,200218,407035,211990,89864929,ransom,
676325,23743,24326,8687,15633876,ransom,
1150051,127351,488290,289746,4408316,ransom,
2890649,163219,70052,31865,69677613,ransom,
1157924,42104,57574,34347,25764700,ransom,
735215,83192,289505,156583,2841519,ransom,
828906,30319,48599,25334,18897032,ransom,
5423887,337477,626369,395895,104209703,ransom,
1151887,31643,140498,70981,21873409,ransom,
325919,36576,128953,81821,1226281,ransom,
2506799,103976,324949,173777,45574069,ransom,
1191680,23624,45422,20479,28150418,ransom,
982153,87667,453409,318977,3700037,ransom,
1835630,91977,225860,123552,34404132,ransom,
56704,7251,27495,17344,251920,ransom,
2057413,139554,347064,191559,34400866,ransom,
3629124,148202,105753,50062,86286591,ransom,
1978177,101811,283655,155432,34497281,ransom,
1452276,76167,259524,121444,21796140,ransom,
6468,633,4254,71,32340,ransom,
802612,92326,311445,160237,3486812,ransom,
865872,4763,21066,10039,20312505,ransom,
681385,58503,345236,259250,2554352,ransom,
292946,33627,116888,49227,1101568,ransom,
2828462,159309,80036,39698,68934950,ransom,
4883437,279839,452483,222357,99086074,ransom,
1001287,51859,31253,11511,24983900,ransom,
4709535,243659,368112,188161,99941104,ransom,
2954633,147217,306108,142765,55993467,ransom,
6255881,539617,341943,160989,110335541,ransom,
2032374,210167,693118,362950,15331351,ransom,
1154677,27165,105873,62980,25919389,ransom,
3870468,173660,377223,202930,78868274,ransom,
3915297,240147,696041,480188,52575359,ransom,
879648,16750,60459,32839,18931759,ransom,
995259,110496,418107,235894,3855149,ransom,
312319,2019,6264,1084,7683156,ransom,
2699010,67621,203079,103162,57024905,ransom,
2963268,164940,466927,278872,49569352,ransom,
1521532,49073,82058,60392,32243034,ransom,
2661799,132733,369757,192839,47161514,ransom,
2734461,94556,73338,32667,65131157,ransom,
1160271,68209,201576,116303,19091029,ransom,
1815350,71437,207526,102612,35285577,ransom,
2467263,56274,76671,37869,58430136,ransom,
4178614,254354,361374,187652,84634496,ransom,
3546556,168184,173498,116010,82219431,ransom,
2473159,92889,210140,107905,50263902,ransom,
3331502,176137,576023,338453,54571450,ransom,
4940779,218560,284036,169568,113621740,ransom,
2922751,167399,370918,203610,53041230,ransom,
3950142,218470,140410,67299,93059688,ransom,
765961,50627,166802,101393,10419312,ransom,
980868,52618,169301,85561,14723499,ransom,
2642511,104269,82910,37987,63039674,ransom,
802823,83045,297000,173477,3119549,ransom,
6384,618,4217,104,31920,ransom,
4572411,233689,217648,105939,103554344,ransom,
1984421,117578,351338,183625,29690276,ransom,
247774,13764,27477,10201,5114319,ransom,
812033,93533,320575,179695,3163042,ransom,
3819256,175266,83598,38210,92601837,ransom,
1304411,83273,174467,93477,24408658,ransom,
3111227,159706,257606,123760,63615780,ransom,
1819195,92365,74392,37320,42319571,ransom,
1664083,151874,391460,243498,15570146,ransom,
9987,1191,7009,2281,49775,ransom,
497803,53038,161777,87564,2050920,ransom,
2383068,156607,327706,175805,41363779,ransom,
2010389,44972,110370,55558,44569058,ransom,
5517039,353647,585115,315229,110340160,ransom,
3783328,85289,101730,49162,90345960,ransom,
2861881,93214,199342,106805,60127008,ransom,
1967098,118947,211501,109982,37977548,ransom,
15741,2091,12718,6165,72795,ransom,
945813,88359,400701,267671,3643480,ransom,
1745082,73656,205689,45834,34561696,ransom,
1785987,85420,541216,339672,23525677,ransom,
1465199,152688,521463,185837,5912477,ransom,
5011331,477883,759826,322485,58420410,ransom,
3099176,226296,628342,280798,38885294,ransom,
3528320,172477,326234,199597,70813761,ransom,
681223,38605,213053,124165,12087895,ransom,
5971559,505361,1240938,629463,66273863,ransom,
1849370,37527,59488,30186,44269834,ransom,
1640697,71283,262203,151669,27259949,ransom,
256046,26863,92869,39380,1027897,ransom,
139148,15913,64333,43908,584280,ransom,
2373766,144112,523342,341746,33844017,ransom,
3400142,90685,207511,152112,77403230,ransom,
554345,51663,171537,99166,3428386,ransom,
684707,94647,224404,147321,2659590,ransom,
1470577,64480,79564,39659,34842235,ransom,
4292841,193695,384141,192124,87351482,ransom,
4849832,217420,137631,61810,115497394,ransom,
1731281,84467,198108,120342,32656632,ransom,
416548,43636,153881,78632,1621953,ransom,
60011,1425,51463,45109,212308,ransom,
1244424,123700,465290,282296,4798585,ransom,
1801257,60097,57426,32168,43009487,ransom,
2153015,90403,226766,112113,42242018,ransom,
730995,58327,244248,163458,7481944,ransom,
3053335,65858,45675,19110,73019239,ransom,
4162372,186685,388634,210128,83703348,ransom,
2525135,25994,54383,23945,60806677,ransom,
863605,50000,170318,105745,12186172,ransom,
3064196,218240,291164,167586,63197159,ransom,
4006107,184449,123252,66934,94496548,ransom,
1580989,141667,534423,326526,11332869,ransom,
235579,28443,88388,51467,1293827,ransom,
428847,45661,175492,134336,1692612,ransom,
432088,44676,169098,100526,1727424,ransom,
3764608,212961,84030,39031,90838934,ransom,
3895996,222151,390560,201661,76452359,ransom,
40261,4825,15191,8967,182534,ransom,
2189273,93876,156852,88118,49007175,ransom,
2291621,166842,279369,131440,41309107,ransom,
833168,12371,53047,29113,18750456,ransom,
2811332,196192,730813,458910,36460733,ransom,
1006629,13320,84628,62649,22662085,ransom,
1930493,126214,196408,107246,37016325,ransom,
404805,41681,147822,77695,1579109,ransom,
6216,616,4093,154,31080,ransom,
802363,81843,295088,169469,3116580,ransom,
28954,4488,31179,20284,153508,ransom,
1170295,103697,328034,118990,5970793,ransom,
5890983,444256,783229,128428,25228146,ransom,
8649886,566937,249322,95109,121136977,ransom,
10443076,833230,887261,434819,113280501,ransom,
11728133,1102854,867880,389613,85936942,ransom,
12406647,901420,509374,230514,142102487,ransom,
10665501,793332,845386,415580,92623848,ransom,
14836097,1220301,809373,512630,173292291,ransom,
13875188,1079596,740908,319828,187565049,ransom,
14344683,1005849,476324,187003,93387868,ransom,
12997978,1114527,816711,350107,59799142,ransom,
20052889,2191966,1305713,497349,217336089,ransom,
9008569,920914,508519,158700,46848497,ransom,
9532544,963551,1053384,388299,70612590,ransom,
9053250,778413,602705,215325,128755975,ransom,
7432522,861329,728743,246439,41597129,ransom,
8931485,1019007,988689,349905,45131005,ransom,
2250546,233796,300289,153966,13558584,ransom,
868374,85842,321237,186335,5418401,ransom,
232603,22658,78002,33531,972651,ransom,
73372,7476,29029,16702,280038,ransom,
2312280,129411,352530,199351,40206328,ransom,
829322,14492,67801,37325,18681292,ransom,
3142938,137283,392752,224343,56861728,ransom,
1297075,76795,183356,88130,24249529,ransom,
425735,14968,35800,21437,9054145,ransom,
1012110,89409,487495,337999,3748536,ransom,
7560,726,4939,106,37800,ransom,
1598776,114092,187299,107084,31477521,ransom,
3653574,232997,291835,143678,77137465,ransom,
885935,92431,134895,16695,4653377,ransom,
7292206,818014,685735,305980,42072240,ransom,
6235867,614726,169398,56830,59465582,ransom,
8032562,696005,720124,272983,91943886,ransom,
8556310,923220,793297,254191,59585313,ransom,
5832373,688831,499649,137792,30149746,ransom,
6553645,711677,754279,289692,40431825,ransom,
9118565,700011,583896,236680,146521733,ransom,
6969317,788380,694074,231692,44234974,ransom,
1962459,235039,337065,164584,9286335,ransom,
3059863,130048,81512,38584,73276335,ransom,
1734993,111890,344877,186804,25339218,ransom,
2414928,63336,78625,35193,56873402,ransom,
1869101,115314,716560,534543,19117755,ransom,
966835,106978,335403,189295,4453309,ransom,
1382617,5716,34689,17916,33328342,ransom,
1593637,110984,355476,187575,20143676,ransom,
309023,17006,40587,18855,6289221,ransom,
2790772,114206,225833,117063,57986683,ransom,
2952089,125282,262733,144796,61734928,ransom,
4112224,219581,127447,58742,96977569,ransom,
5863385,607710,698992,262222,33368912,ransom,
8828066,839319,228456,72913,77491586,ransom,
9159289,862866,915917,289203,113795718,ransom,
9096313,1103654,1208403,480080,45933721,ransom,
7686851,700379,533658,178816,89206275,ransom,
9855548,923070,1088952,474553,97886674,ransom,
7172928,792483,889200,336253,45749121,ransom,
6335297,672750,793970,455857,29222936,ransom,
2319285,119928,202607,115947,48280042,ransom,
1194577,33078,58810,29165,26943687,ransom,
1491791,117752,417789,246105,16034041,ransom,
7168397,561543,372089,79910,114705988,ransom,
6955173,595360,721331,242593,99481753,ransom,
452602,47873,159525,81257,1780849,ransom,
6468,625,4093,80,32340,ransom,
1057649,88405,314780,172065,9284312,ransom,
6344331,333795,176833,80524,152150942,ransom,
1527736,77804,202780,106946,25830490,ransom,
410314,42755,158692,101832,1606188,ransom,
33501,4975,29192,17334,174883,ransom,
2953049,307967,485282,257289,17053354,ransom,
6039239,504476,398878,117149,64356223,ransom,
3899801,194742,365710,194268,79184471,ransom,
837701,89482,314728,170074,4839304,ransom,
404425,22846,15273,5247,9724021,ransom,
1651639,106632,343917,188621,23056340,ransom,
14620,1578,9391,1960,67067,ransom,
883150,59551,185369,112371,13041582,ransom,
3305346,173293,316860,174875,67386958,ransom,
700792,9205,39144,22339,16067831,ransom,
1524712,94516,329495,177273,20187811,ransom,
1982062,85063,54445,25072,47519074,ransom,
1535286,82488,288416,158299,22280430,ransom,
505837,51591,183598,90753,2023569,ransom,
1346365,41157,47243,21716,32288697,ransom,
1595190,105427,313824,172184,22815800,ransom,
625492,18389,32532,10250,12908130,ransom,
3248266,116250,188836,96970,71373388,ransom,
4390392,247208,310660,144452,95082833,ransom,
4140613,165408,118453,50799,98586975,ransom,
2713748,180441,362708,194440,48238634,ransom,
402575,3612,21135,10132,9340975,ransom,
609102,57162,272693,193216,2331460,ransom,
4738849,311178,386452,177304,99133864,ransom,
4934175,250708,365786,256051,111733048,ransom,
2626138,153971,869886,671068,30002164,ransom,
2793570,121347,93512,39950,66051835,ransom,
1662053,73643,171053,93955,32205057,ransom,
3714079,223732,252291,128239,79981107,ransom,
1015326,61475,50877,29667,24147158,ransom,
3441283,121951,423951,277207,64182839,ransom,
1307984,61207,236898,169732,19540027,ransom,
1097377,88806,259610,167587,15490292,ransom,
2531877,198355,511657,281369,32324460,ransom,
3657143,402510,645221,361749,30920748,ransom,
3296882,189157,1164613,834207,42764466,ransom,
2835178,154043,429934,167855,52800918,ransom,
6063568,442949,760982,441353,112417625,ransom,
5073476,357827,797286,448363,79193134,ransom,
3546201,186090,304226,93768,74512491,ransom,
1763845,198060,533311,323455,7287914,ransom,
1405058,83772,189880,100506,23774529,ransom,
7730688,327546,375232,116241,168570346,ransom,
1677402,162434,715160,286655,6993210,ransom,
2417107,85546,86580,47521,57277110,ransom,
4971981,191587,326008,167835,108377752,ransom,
5675396,224550,276618,124200,130282893,ransom,
1627735,40908,77531,38759,37492599,ransom,
2853675,179592,536461,319134,47379706,ransom,
940240,18661,34190,18161,21675725,ransom,
1962351,187415,330421,173825,8543996,ransom,
1181918,132132,262479,106456,5861161,ransom,
2328411,68658,59371,32791,54233448,ransom,
1205983,122494,433139,249199,4693128,ransom,
2056144,99384,104218,63959,47416733,ransom,
4233660,162897,328100,191354,91549011,ransom,
2984861,102263,247056,121468,62677735,ransom,
19506,2348,14103,6191,97070,ransom,
804482,84530,304452,163821,3126900,ransom,
1564940,88706,25933,11042,39143336,ransom,
6343249,392001,403506,204790,139157628,ransom,
2091040,58491,181471,95580,42345477,ransom,
4719051,224696,134692,60734,112448257,ransom,
1204480,125565,446858,236770,4685057,ransom,
2322362,95242,59111,30272,56267017,ransom,
1547393,77884,293788,182206,25732279,ransom,
404913,41937,145145,75458,1579355,ransom,
9412,1045,6340,1987,46852,ransom,
833077,85953,307674,183792,3243327,ransom,
14901,1928,11351,5595,73107,ransom,
792584,51765,159963,91510,11117668,ransom,
1123263,70403,216674,138035,15910637,ransom,
6174,607,4012,126,30870,ransom,
1399804,139184,493429,283544,5505288,ransom,
6216,606,3934,39,31080,ransom,
421037,43478,170542,98855,1708320,ransom,
1700622,156129,619804,196253,8595190,ransom,
3793552,293086,500816,28126,14653199,ransom,
5831750,503240,504281,238272,24076876,ransom,
4780065,494972,224239,93391,20906771,ransom,
5816162,497476,770907,531796,23644338,ransom,
7447518,642885,894482,618305,57253771,ransom,
9408040,652509,688203,472076,57329280,ransom,
11086532,1125960,1570832,766898,50727289,ransom,
7428606,734162,643545,318375,33359149,ransom,
8124690,844188,923433,506444,38074153,ransom,
8027574,680021,635277,329307,115688459,ransom,
9839845,733011,551593,222448,160802579,ransom,
7947195,882827,877461,329529,47716969,ransom,
8953578,855664,692129,249418,83270512,ransom,
6596018,438810,1273865,897367,51771707,ransom,
8276161,726069,869748,432332,81432377,ransom,
727190,12352,42618,22747,16838319,ransom,
3979948,244851,599253,321124,66661847,ransom,
1516136,44885,71746,37423,34887332,ransom,
4886448,159056,284062,141573,109933715,ransom,
2716416,110129,233364,117627,55364926,ransom,
3826533,153089,123751,56745,91223740,ransom,
4210166,269043,428482,242717,85029360,ransom,
6403160,349090,154186,72151,152507994,ransom,
1160771,43158,199072,148217,21819188,ransom,
4753998,252807,312050,160149,102273881,ransom,
7737065,369511,223092,104494,184408906,ransom,
1789468,185935,519481,259493,7763259,ransom,
8374951,959325,416400,124145,50243143,ransom,
9424455,1024143,576830,171135,44699889,ransom,
8437051,968708,886450,290817,42783457,ransom,
8118213,828431,639635,243306,74917705,ransom,
7079109,827955,888659,376201,35598124,ransom,
5085094,538440,419218,148451,46470784,ransom,
4879240,377673,315720,119224,63657705,ransom,
1302943,88341,302947,179552,14903302,ransom,
2969830,131248,68776,31650,71549329,ransom,
2071996,171455,466051,240503,25260926,ransom,
19057,2623,15204,7025,90598,ransom,
2959278,86741,96442,48771,70690803,ransom,
1078672,85859,295401,159674,9588859,ransom,
1592119,11339,45282,20794,38204680,ransom,
2114171,110341,322608,180522,34958294,ransom,
127684,11613,46908,18367,898721,ransom,
1474543,13783,31682,17986,35752436,ransom,
3796552,225269,370081,193584,74757357,ransom,
2686237,62124,81362,38627,63645248,ransom,
1438218,120484,422074,243485,11506240,ransom,
5577340,483533,410933,139536,88578949,ransom,
7889074,702434,552760,193703,95152105,ransom,
1554639,119222,830011,614997,5683970,ransom,
1944980,67198,65384,32059,47451930,ransom,
4062917,231558,350657,188642,84895585,ransom,
3526458,226970,355332,202188,69092697,ransom,
3882362,148592,227330,154842,88588515,ransom,
3108284,235151,812921,566968,38036467,ransom,
3214815,162269,139765,76357,74037797,ransom,
3720583,478509,944562,513216,17496538,ransom,
418909,47967,167091,83578,1606502,ransom,
5390355,580548,721704,322730,23920534,ransom,
4559444,293977,798605,522977,86496652,ransom,
2302874,191509,537298,421672,14602500,ransom,
419217,49189,165300,87634,1639442,ransom,
1371973,76404,204397,116431,24159255,ransom,
592339,7284,166878,146343,10065502,ransom,
1817388,159282,518559,365471,14631123,ransom,
1534445,65665,450041,396101,21606270,ransom,
1226560,105168,385273,223419,10714147,ransom,
3939493,204853,263374,126396,84980032,ransom,
867915,23439,177003,148020,16687644,ransom,
1010060,116108,344903,204691,4013866,ransom,
1912889,74267,129758,74253,42666245,ransom,
617700,53096,189093,122381,5151157,ransom,
622967,65782,288087,182202,2373847,ransom,
2248543,36935,68713,33344,53643723,ransom,
2780991,136936,340975,183382,51260612,ransom,
1200700,49083,370103,322452,19757395,ransom,
3658576,257347,740746,546833,52574972,ransom,
1083092,87301,287982,137290,11203384,ransom,
491514,7908,105980,85459,9223115,ransom,
984818,109253,400632,227411,3824074,ransom,
19404,1761,9746,3058,68679,ransom,
1987472,111698,213577,112118,39577121,ransom,
1933254,120053,405431,209761,28365061,ransom,
95002,4139,274383,147103,1738629,ransom,
2919034,284333,483603,387888,18289366,ransom,
3229143,197172,351263,205240,56391221,ransom,
3591854,236730,452129,323824,60972406,ransom,
3633427,222629,610151,356153,63918730,ransom,
2542063,82180,148313,101442,59343729,ransom,
3812748,186087,306834,159359,79069571,ransom,
245279,24600,80870,33884,978470,ransom,
2586956,164576,285799,158693,52192453,ransom,
4606988,320129,371438,207193,85636585,ransom,
44278,6510,21701,11121,211570,ransom,
630047,72739,230835,129131,2522215,ransom,
481302,30095,104569,54913,6493634,ransom,
2185183,94404,286178,158656,39270187,ransom,
2216065,102514,335351,173548,37918563,ransom,
2007948,15422,63351,30908,47686168,ransom,
606115,66244,244553,143757,2340999,ransom,
248187,23899,70577,23840,1009347,ransom,
430206,48995,152124,82764,1693406,ransom,
457732,47668,178842,94040,1811672,ransom,
2038722,67760,601397,544294,33567075,ransom,
1522426,61348,848358,725830,12469620,ransom,
1097333,46547,757655,634747,3651320,ransom,
3190683,422764,635455,332638,15667416,ransom,
1147895,120948,455126,268654,4447232,ransom,
438146,27033,319128,258164,1970858,ransom,
4421790,343799,689211,181293,19363493,ransom,
9279444,651464,919526,625789,38882461,ransom,
7289924,515996,259241,118822,31174402,ransom,
5601366,588398,642194,232220,26760118,ransom,
7839768,752647,293473,72856,35495041,ransom,
6565737,741125,875867,343484,30974749,ransom,
6663756,585396,1364215,867881,59101399,ransom,
8396366,768314,732715,257410,103070716,ransom,
9055509,839830,1252445,518463,89269694,ransom,
8573580,941023,762585,192492,52919970,ransom,
7942238,832835,935459,450415,57235905,ransom,
3450956,207868,430625,177607,52485080,ransom,
4268447,182642,371276,76214,92255219,ransom,
3218749,126862,446044,244285,56449581,ransom,
3839823,147036,88036,40543,92687070,ransom,
2919363,115405,232263,130668,60421086,ransom,
2280659,50414,182057,92299,46584331,ransom,
3544819,168054,626320,542730,72689651,ransom,
3099293,183220,526692,300310,48234093,ransom,
605982,5471,21730,11082,14329046,ransom,
420687,43374,149146,79887,2396860,ransom,
2371085,93747,216826,109008,48153877,ransom,
9039,1122,7256,2577,44762,ransom,
3834766,427194,632697,290927,17888098,ransom,
6756661,619392,320754,117340,69155842,ransom,
8369935,648786,532640,219574,142570531,ransom,
6545731,682634,967228,537829,43214975,ransom,
4848703,496562,1013678,676319,24097583,ransom,
6016694,467684,941117,571271,79780054,ransom,
2829844,109347,107502,52945,65893331,ransom,
1379173,79345,167766,90730,25133837,ransom,
3600367,147447,217977,118067,77286107,ransom,
1036032,46749,78360,50407,22427380,ransom,
2246981,116139,601467,430045,31637303,ransom,
2676518,85059,396712,329783,55975629,ransom,
148662,16925,61123,40236,608460,ransom,
3528365,213586,304964,156216,72767370,ransom,
1796252,55142,54591,24758,41764729,ransom,
1622255,149884,467027,262182,14985842,ransom,
4028526,218948,109687,54339,96521998,ransom,
3071931,176241,194508,101738,67296414,ransom,
2331841,138247,260207,126541,44312869,ransom,
2209579,79022,51035,23920,53288707,ransom,
1895431,127302,425098,249448,25718043,ransom,
1587594,6109,15654,6054,38133683,ransom,
702977,34470,115413,90749,12656545,ransom,
2530755,171367,433262,249451,41051294,ransom,
2420158,335216,427652,217070,11649203,ransom,
1689315,187428,679189,363867,7395639,ransom,
692489,36000,129190,84972,11161253,ransom,
3812700,227728,307821,186143,83830002,ransom,
2514923,243623,837209,571474,11151338,ransom,
1018456,29481,97726,67403,20448656,ransom,
2607953,106531,347346,188742,46299387,ransom,
3676866,165984,127671,35155,72590968,ransom,
7681134,597662,428688,120481,126846602,ransom,
3010906,154101,618521,418408,49104918,ransom,
952046,13931,212579,181248,17098541,ransom,
1401890,115258,410670,237652,12339160,ransom,
1185950,23261,87248,35289,24894419,ransom,
1031858,7195,98696,80448,22943330,ransom,
1190797,101706,384544,236246,10746780,ransom,
11221,1420,9331,4387,55817,ransom,
1202174,60376,257005,174051,16800203,ransom,
1227739,68592,167681,85133,22397797,ransom,
209815,10263,15221,6387,4818783,ransom,
1849607,95956,541428,379123,23071557,ransom,
719653,12929,236788,211991,11264643,ransom,
3709249,246245,581551,347331,64366110,ransom,
2312367,112134,227655,124148,46762363,ransom,
2607833,83021,63541,31257,62032857,ransom,
1997474,110839,346237,180043,30896406,ransom,
17353,2204,12854,7668,78186,ransom,
403594,42212,148806,78521,1568962,ransom,
1922504,128057,203019,122092,38340185,ransom,
566654,6363,32210,11972,12639354,ransom,
951931,87791,405251,270519,4169584,ransom,
2304955,42936,358815,307670,46331435,ransom,
1277624,98483,369701,218979,12854420,ransom,
424490,44511,163526,95155,1667018,ransom,
303100,19037,13245,4245,7610881,ransom,
4501750,297453,420784,208502,91009440,ransom,
36434,4348,11300,5284,154551,ransom,
604102,51176,311991,231158,2711526,ransom,
1114428,58812,174283,92727,19360845,ransom,
5127634,266847,139293,62444,121609409,ransom,
2423961,137022,386821,213952,39963746,ransom,
5556988,341475,269782,126702,124748348,ransom,
1579841,130084,459943,263065,16925543,ransom,
4512423,286800,293708,146799,98938859,ransom,
10812,1081,5682,787,54608,ransom,
804910,88013,302472,160579,3129848,ransom,
9107,1132,7332,2721,45192,ransom,
802455,58846,230767,134472,9160472,ransom,
678378,75745,305953,198466,2662980,ransom,
366086,2374,62399,52061,7722774,ransom,
3035494,185962,434717,246233,55635908,ransom,
4738210,436709,533802,261017,59201995,ransom,
2148716,125708,483321,262143,31427002,ransom,
2052216,85579,334825,184385,35782276,ransom,
3136082,110859,307604,144774,71648481,ransom,
4616993,427754,825866,537720,64068864,ransom,
613373,80124,165825,149431,2197291,ransom,
105589,10983,37854,24854,435459,ransom,
4729216,234805,378342,182603,98584380,ransom,
322982,17814,24687,13354,5972735,ransom,
1697819,115638,490653,315694,20710167,ransom,
2166730,22915,92253,38816,49472366,ransom,
3846347,200271,271125,157350,82153001,ransom,
3745775,186456,328409,160512,75760449,ransom,
1490223,36300,55386,26212,35450469,ransom,
828076,87917,318432,177249,3224582,ransom,
2114577,68637,50787,27452,51029656,ransom,
396616,3424,154687,137316,5626763,ransom,
2248983,128887,356114,187250,37409509,ransom,
574149,17340,32977,17395,12709911,ransom,
4470682,276874,401198,206297,90491565,ransom,
3148427,144311,73533,35211,75369152,ransom,
1191104,67336,267607,173929,18174241,ransom,
6079608,371934,468391,253388,129206298,ransom,
1250661,36509,40135,14967,29059947,ransom,
404875,42417,151815,97005,1574113,ransom,
1675751,90496,188238,105628,32415219,ransom,
987125,28703,39232,21336,21559104,ransom,
804008,87747,304638,170117,3124661,ransom,
3668541,190457,61119,24005,89868647,ransom,
5597396,318907,333571,166934,124636187,ransom,
2465956,150901,318610,190391,48005821,ransom,
1630891,68377,178529,100279,31566669,ransom,
2216229,123550,350512,192071,36315342,ransom,
366553,5669,25297,11732,8413043,ransom,
2406806,86897,357446,246679,45412478,ransom,
2008257,70572,220059,119646,38360428,ransom,
2385457,105962,74321,36338,57806845,ransom,
1868261,107571,353132,213146,27085715,ransom,
15011,1631,9288,4150,66704,ransom,
1910648,100724,181162,92242,38574491,ransom,
1294432,73004,193987,97126,21957259,ransom,
415059,47962,164527,82969,1626573,ransom,
2168749,110111,349017,187137,36430627,ransom,
2771128,77920,177766,133001,62690265,ransom,
2371406,84684,617268,487840,35857840,ransom,
1890794,58796,179436,88586,37394840,ransom,
13834,1781,12913,7274,71646,ransom,
2957293,128021,357398,193985,55102263,ransom,
254098,3318,51111,40994,4680694,ransom,
965798,68995,185332,99107,15136731,ransom,
2049874,150537,445272,284167,30222624,ransom,
5388716,491317,778301,403689,63137115,ransom,
2482659,202904,499895,316823,32005258,ransom,
1441959,78853,218164,161300,27992020,ransom,
4466998,325163,902370,680670,74244827,ransom,
1564967,192387,411546,271561,5768768,ransom,
16717,2035,10646,4241,75295,ransom,
3219081,183679,385178,201232,61020534,ransom,
4018513,134629,148664,84141,92344956,ransom,
3837413,148176,95627,45612,92055680,ransom,
4757823,285908,412670,204222,96129984,ransom,
3855258,141478,210591,108185,84919753,ransom,
2475349,141544,454703,199879,37074959,ransom,
3720309,177809,225571,62442,82271710,ransom,
4301420,235023,402620,160230,86162073,ransom,
1318456,128269,490469,173865,5414350,ransom,
1603657,77901,223905,48015,23548251,ransom,
1441671,115975,329248,176272,13699269,ransom,
332801,12176,26825,8843,6063346,ransom,
3469998,196964,569622,167886,51788803,ransom,
2792791,177018,271573,140607,55916649,ransom,
2218525,85944,227350,115233,43967238,ransom,
3157067,193431,346498,187149,61059483,ransom,
1737270,39272,88390,34654,39021178,ransom,
155439,15376,52333,32002,1365712,ransom,
4485878,210047,361124,174200,93956457,ransom,
552471,32407,27251,13049,12650336,ransom,
1369492,103465,249931,138255,22876076,ransom,
2729916,149369,152413,62041,59155122,ransom,
16828,2342,14222,7665,108091,ransom,
5532036,354910,510043,266972,114094507,ransom,
3532914,137963,224202,113183,74244775,ransom,
814407,85378,305829,160295,3172503,ransom,
7560,738,4643,143,37800,ransom,
212592,24745,92513,57573,848654,ransom,
2648046,118105,383116,200067,47029522,ransom,
184384,6184,25798,13369,3431787,ransom,
1143224,85670,283860,161124,13864359,ransom,
2888353,64459,132519,53711,66193829,ransom,
1461971,38679,47290,24654,35744280,ransom,
4891886,281395,541390,276063,93249140,ransom,
2068461,59804,196473,104631,41775186,ransom,
5598220,290644,342390,172885,123105865,ransom,
6416665,357280,263182,113162,148318953,ransom,
945814,10237,42772,21264,21517014,ransom,
1294208,97960,336897,187412,14627116,ransom,
7518,734,4901,82,37590,ransom,
1700316,71053,254294,143711,29234632,ransom,
1297776,68294,214510,114266,21610581,ransom,
3029852,113435,100587,52901,69197008,ransom,
4840822,503629,969438,535176,43293890,ransom,
2240284,88727,424079,295634,40070215,ransom,
3509358,155622,1113886,867465,51786142,ransom,
2911488,112558,883774,722071,45452575,ransom,
2714402,187676,629167,475425,26708287,ransom,
3411228,184350,386761,202232,65358331,ransom,
458933,8345,27888,13932,10633565,ransom,
833958,73761,280308,160617,7816299,ransom,
1148592,59982,444391,340336,12807620,ransom,
1411428,22313,77325,45190,32332337,ransom,
1294445,129195,395943,220693,10502040,ransom,
2522149,140817,227957,113664,51504675,ransom,
2149290,55979,207841,122616,42811592,ransom,
1178663,63883,181006,100287,20043508,ransom,
3294620,130497,122539,60962,77745686,ransom,
2596885,111277,422952,250949,43988135,ransom,
16376,1877,10455,4791,73979,ransom,
1606841,101926,191053,93830,31184318,ransom,
3960664,204374,245313,120757,85031396,ransom,
9031,894,5824,738,45362,ransom,
807648,84523,305603,165465,3140593,ransom,
417913,43219,156991,87426,1639153,ransom,
3934198,241533,231714,111412,88369919,ransom,
4811046,164501,310462,147791,104600407,ransom,
3475928,195117,97754,44037,83687272,ransom,
1587016,121758,323965,181131,20816774,ransom,
2876975,159199,94440,44285,68946058,ransom,
2643701,47315,152350,82479,58210776,ransom,
1598280,87111,306795,165435,22870160,ransom,
202122,3490,21502,12964,4414589,ransom,
2083326,116978,375197,225282,33616482,ransom,
741487,77565,270368,145011,4203530,ransom,
437546,27218,74392,47500,7826958,ransom,
1774485,119666,292386,161602,28472150,ransom,
95891,1697,80753,71633,313801,ransom,
2892500,210517,398524,250914,53560294,ransom,
2777902,151914,134111,58557,63435814,ransom,
2568406,126550,191822,105149,53817424,ransom,
676257,73910,281757,156869,2586039,ransom,
129843,7495,16103,5726,3123932,ransom,
3715691,169137,347611,183968,75028088,ransom,
595025,57834,205168,114563,3274709,ransom,
1187224,9619,39538,16687,28263324,ransom,
906977,87322,304800,163621,5252443,ransom,
7266,721,5076,298,36982,ransom,
1630362,73238,329539,216713,25927908,ransom,
252071,29197,97112,38171,966381,ransom,
20133,2365,13933,7979,91708,ransom,
1830890,114285,347666,182693,27603044,ransom,
1387135,65453,67101,33559,31862764,ransom,
3859078,477366,780035,414645,26092446,ransom,
2596743,159331,411651,243563,46548909,ransom,
4877334,268350,486758,371141,106998085,ransom,
4274241,274025,571762,320667,80851240,ransom,
6287388,348371,559591,356704,136909439,ransom,
4268830,350763,533293,399148,62774831,ransom,
225192,21372,66282,24417,888477,ransom,
1763288,96228,56533,27054,43031599,ransom,
5384590,301308,611883,353939,106030562,ransom,
7561,743,4944,78,37800,ransom,
526327,54425,200957,120299,3155083,ransom,
4301748,196069,550530,337819,81221655,ransom,
3312703,140708,92440,46503,79448644,ransom,
4279707,257490,340263,190171,88810532,ransom,
1750751,119756,311486,186201,31397873,ransom,
451659,43675,188523,115593,1725996,ransom,
419042,43978,163424,97760,1644751,ransom,
605533,38942,18976,8938,14964655,ransom,
2509692,160098,330593,173552,43415137,ransom,
34220,4843,28634,18242,187836,ransom,
1557347,80365,318173,189588,23823915,ransom,
2674557,141250,621710,405060,39530192,ransom,
1729969,59008,75357,42469,40805598,ransom,
2157511,159177,517861,318614,25562436,ransom,
440956,11281,18813,8350,10406086,ransom,
1003876,51243,170068,97296,16255474,ransom,
4030532,203096,252318,120341,88507831,ransom,
385706,12172,26598,10633,8418733,ransom,
2188099,143489,340748,189985,35988237,ransom,
1532840,34196,69290,35926,35352198,ransom,
1293323,79731,172876,103577,22583906,ransom,
4780138,239428,481965,269895,96855635,ransom,
1358192,36085,65886,33728,31396514,ransom,
985776,114310,407651,227545,3802643,ransom,
2257786,10390,45321,20666,54321176,ransom,
528734,58771,208040,135448,2063930,ransom,
777416,90157,258862,165260,3070809,ransom,
13023,1333,9173,4374,73738,ransom,
2591439,127090,342941,176571,44935768,ransom,
273570,2774,14989,8012,6293771,ransom,
579946,58702,198183,100389,3082383,ransom,
3385827,155798,393990,202560,62475153,ransom,
7582,810,5658,424,37992,ransom,
1386330,113543,344182,187459,17928795,ransom,
4744377,239004,116290,50124,112894257,ransom,
562622,15156,47098,28935,10848549,ransom,
3605324,215548,366535,206102,71784732,ransom,
1822623,99924,67770,34380,42861307,ransom,
2484161,183943,330277,172029,44891329,ransom,
3914582,136220,108554,48292,92513733,ransom,
3198986,389630,492298,245468,24851304,ransom,
2347790,168892,540375,285646,29805283,ransom,
1054088,36585,134652,89779,21367043,ransom,
882291,94408,424961,236391,3839078,ransom,
2160747,184513,607894,491403,12334674,ransom,
815720,12540,26728,13383,19371527,ransom,
977716,105359,392887,228074,3770551,ransom,
1067744,14299,73956,42046,24458621,ransom,
1486358,129400,414839,229540,15868570,ransom,
793031,13939,33973,16700,17453352,ransom,
975622,19088,50769,28836,22045906,ransom,
2295946,159536,586175,370738,28391269,ransom,
4017589,174185,106412,49048,95848789,ransom,
992642,105006,397750,234565,4085095,ransom,
1556077,19668,225829,171661,32840423,ransom,
17997,1155,14064,8037,64164,ransom,
902898,92960,351955,188425,3599317,ransom,
2766388,154877,224961,45416,58229746,ransom,
2122442,156952,581780,279924,25417596,ransom,
591631,52668,194723,22451,2573722,ransom,
1637729,82063,198017,44785,30238206,ransom,
3035431,274071,753951,354700,32568887,ransom,
188862,14546,24725,10247,968894,ransom,
1571081,84657,536805,386846,16649743,ransom,
1668824,93066,685958,316214,7601674,ransom,
21325,2826,9430,4529,97983,ransom,
2925162,156384,361103,194759,54151031,ransom,
776376,11512,33419,17995,17671563,ransom,
2232448,105740,295548,169686,39404667,ransom,
1399498,30707,87443,38661,30617932,ransom,
3828516,184056,226842,121524,84206700,ransom,
2070032,157824,487805,270057,25965047,ransom,
5050232,309719,159377,79133,119465142,ransom,
1305203,87779,315549,213517,17107177,ransom,
244311,23751,83455,43996,966404,ransom,
65914,4556,40344,31171,252447,ransom,
4054365,270462,815427,578286,69499366,ransom,
2727033,115920,354336,293741,58229546,ransom,
555608,64318,228474,139341,2081738,ransom,
2932679,180597,223081,115222,63012623,ransom,
2548529,108592,90697,52468,59208933,ransom,
1709526,164957,579639,339982,12956006,ransom,
2284541,93653,63323,30661,54280411,ransom,
401079,38525,171929,107251,1504211,ransom,
1908679,108978,197542,96100,37149601,ransom,
1264469,11266,34761,15399,29886718,ransom,
1252130,89831,301406,168368,12779476,ransom,
1511841,90214,33947,17238,37606024,ransom,
6264677,377748,280505,139913,144274064,ransom,
2725583,111134,262352,124650,52035335,ransom,
3814024,415153,491756,246191,40489690,ransom,
2476704,197754,683197,350506,28353219,ransom,
1070483,38803,138177,85229,21973880,ransom,
1426929,46270,321957,180133,29437117,ransom,
3069846,255401,655673,466282,23912003,ransom,
103811,15055,34747,20762,496656,ransom,
809109,83003,292930,169996,3143565,ransom,
18993,2529,14862,7379,90271,ransom,
1200435,34962,104979,65235,25286230,ransom,
630943,64327,221445,106095,2439154,ransom,
41522,4931,17382,10775,184460,ransom,
3148579,145362,470985,282115,55365893,ransom,
2722563,91604,228581,96182,56964824,ransom,
1743737,37434,46368,22552,41911816,ransom,
3342689,145773,473135,271936,60460522,ransom,
2349065,65657,81807,38890,55341129,ransom,
1636309,82533,243634,138281,27706371,ransom,
260328,30133,95015,34636,988243,ransom,
2690405,87575,74202,34850,64353068,ransom,
896771,100000,316257,169447,3555170,ransom,
374315,5194,20404,10219,8639785,ransom,
885572,94771,333905,195829,3589945,ransom,
732227,51535,171620,90967,8661743,ransom,
277735,5577,222897,203945,884600,ransom,
1803816,105004,332903,173841,26960934,ransom,
903937,53382,41168,21112,21158943,ransom,
2296131,90454,198379,110430,47150454,ransom,
3543009,169505,355518,198894,72496197,ransom,
2357297,70392,60445,29140,56615517,ransom,
3102047,148153,348869,187384,58990742,ransom,
2638416,127732,72433,33309,62390437,ransom,
1198584,123447,436004,231574,8433605,ransom,
2484796,68984,197948,100552,51820185,ransom,
2286039,61567,202840,162697,50352291,ransom,
2761588,113739,340604,179668,49618225,ransom,
67901,7165,30017,18240,283782,ransom,
723934,51271,396546,318716,2587560,ransom,
408249,42238,158242,99425,1597809,ransom,
43196,5642,20081,10932,204373,ransom,
1051071,107989,382104,240783,4642860,ransom,
2962070,274879,881495,111076,16073473,ransom,
3248583,332379,1178589,247787,16215278,ransom,
7824400,523254,484227,207257,26134916,ransom,
6908627,584036,327974,182035,30953247,ransom,
8408834,467785,567060,268947,49239749,ransom,
6820049,482920,254100,108606,44292661,ransom,
8144228,611275,383563,159856,45894455,ransom,
8911171,662870,389303,182330,37650319,ransom,
9821354,709253,315484,124099,125601471,ransom,
12710336,963002,754931,356894,110269099,ransom,
14330503,1304697,1059289,516476,79011241,ransom,
12958153,1069805,726344,390507,55562188,ransom,
14659905,1195122,1287585,805459,62927160,ransom,
12712049,1036895,714648,392958,63056540,ransom,
18793958,1668789,1898046,684696,84938561,ransom,
23357642,2661823,3206115,918801,123928134,ransom,
15640813,1521820,1634886,687803,105321741,ransom,
12155518,1032851,860596,478768,67170044,ransom,
12042715,1013704,445569,246168,68553528,ransom,
13148618,1032608,848494,456955,78300033,ransom,
8654589,937564,1088039,576732,40911902,ransom,
10136381,1091333,848049,324214,50698164,ransom,
6526194,758007,738794,256740,32607791,ransom,
5332476,607822,438546,105540,27638848,ransom,
7814007,793567,815661,293915,61086729,ransom,
9252058,896376,651210,167591,81845072,ransom,
6275474,727160,636946,221983,31640936,ransom,
444015,47696,175242,103015,1750058,ransom,
1256216,83119,406677,267003,13913657,ransom,
1969016,251526,442904,312320,11358915,ransom,
56757,6529,30556,11821,259256,ransom,
936877,64591,225641,144874,11524372,ransom,
946552,99100,360306,181863,3711950,ransom,
7476,763,5971,207,37170,ransom,
1411146,80079,285879,154347,19488644,ransom,
1660366,29249,55715,24351,38883064,ransom,
2786169,109649,192914,101901,59186948,ransom,
1011760,55394,206245,112898,14565275,ransom,
909601,3981,24752,10306,21715158,ransom,
1682845,102473,380548,218898,21973435,ransom,
5405820,604760,479336,105933,26402541,ransom,
6914562,688383,223399,94408,31087194,ransom,
6937957,722916,791458,314916,38454458,ransom,
5835047,664032,498823,135602,30077262,ransom,
6189025,706181,696073,266839,31246156,ransom,
5821509,686479,539969,159023,29912787,ransom,
6995623,651689,525823,187386,76974574,ransom,
7492973,742939,765827,291984,65353120,ransom,
3790369,198548,190601,89855,71052472,ransom,
1211791,90209,303530,183117,12570356,ransom,
220244,23819,95409,40530,885240,ransom,
261933,26343,101494,66324,2255336,ransom,
3721692,205752,545710,277270,66090346,ransom,
1030490,49131,32699,13772,23820087,ransom,
730345,67038,243411,142963,5708181,ransom,
357142,32113,83180,34063,3825409,ransom,
1475748,24603,58257,28250,33898995,ransom,
796956,80939,348927,207475,3067080,ransom,
42408,1450,34915,25685,137724,ransom,
610495,67525,260362,152762,2436664,ransom,
7217587,799879,1069194,440950,47655471,ransom,
7423859,787525,148021,50005,65811351,ransom,
7962415,690355,876400,375011,75740925,ransom,
5207218,602364,621534,206334,26737165,ransom,
7471897,824609,1080043,591587,35704398,ransom,
4924239,533351,507066,180297,31444743,ransom,
4693837,527352,382964,93046,25613542,ransom,
5751533,648938,690905,249310,29590702,ransom,
5856806,619680,444319,106456,43897951,ransom,
5614854,457588,474611,218647,76165335,ransom,
432417,44816,154205,86523,1692368,ransom,
3834297,328466,195602,25635,30620907,ransom,
3078782,276995,668199,316198,26170822,ransom,
182798,3020,15257,7222,4093423,ransom,
435658,47262,179187,102956,1697467,ransom,
886592,54340,181434,104814,12801331,ransom,
44439,5819,19516,9059,208668,ransom,
814739,84305,306218,173037,3172323,ransom,
7392,714,5130,110,36960,ransom,
469779,48807,161366,95503,1915920,ransom,
2115360,220123,358616,142397,10817710,ransom,
5753807,626530,242192,63662,26691677,ransom,
7963041,929834,939544,409905,36175177,ransom,
6026854,678815,660825,116319,29755992,ransom,
7369024,697830,750113,239023,72299939,ransom,
6131530,598160,771609,276367,49747961,ransom,
7871782,706049,717343,231434,92665210,ransom,
6996947,783406,796962,311274,39918648,ransom,
6185463,695678,504820,120977,31995832,ransom,
3470623,328461,662409,182308,16791031,ransom,
407903,42836,154400,91102,1595869,ransom,
543921,16166,28041,13106,12754308,ransom,
2812401,158392,569866,310007,39734281,ransom,
42267,5873,20339,12224,243792,ransom,
445675,48535,162109,95954,1725303,ransom,
595380,53418,178300,92432,5607007,ransom,
1284090,6946,38740,17245,30150080,ransom,
1282419,86388,309440,175125,14842061,ransom,
1750923,19789,30852,13363,42234940,ransom,
1639588,55039,192640,101507,30641584,ransom,
1891857,186773,430108,192531,13933669,ransom,
5259802,560587,216019,66526,27296855,ransom,
6952610,709026,802701,317270,36159444,ransom,
3905794,451005,430179,174365,20261604,ransom,
5317227,559739,592133,240283,34383003,ransom,
6471613,751298,755190,287565,32706041,ransom,
5766599,660787,460661,99527,29869711,ransom,
3956452,441679,566296,253767,19106947,ransom,
7644,735,5112,61,38430,ransom,
438406,46888,163902,95280,1735247,ransom,
3208389,424389,663264,345882,15509409,ransom,
1755700,34726,55279,24185,42088094,ransom,
4489734,319852,608324,323808,80310001,ransom,
461399,48949,174037,87937,2619005,ransom,
3046372,291257,743474,500443,29246276,ransom,
2659350,239762,641096,281769,19713568,ransom,
1778760,174747,346628,86768,8250630,ransom,
2751823,245690,613705,317485,27014154,ransom,
1912892,114838,257665,122277,25077423,ransom,
714167,75465,235835,131735,3171889,ransom,
967108,112081,395157,214846,4080606,ransom,
25443,3063,19435,8917,118457,ransom,
1613466,135191,477862,261951,13616289,ransom,
430262,11922,21756,11285,8312697,ransom,
380315,43141,161768,94908,1556330,ransom,
1141955,86407,285495,156708,14452595,ransom,
11673,1515,10675,3814,59375,ransom,
803630,83277,305542,203041,3123499,ransom,
7266,741,5631,39,36331,ransom,
1236307,40310,145804,76708,22835349,ransom,
451222,45703,167661,94365,1658668,ransom,
323097,3927,14014,5404,7594433,ransom,
3456265,361621,701331,265078,15501753,ransom,
4492477,445391,384541,36857,47220096,ransom,
3029117,67110,129550,81114,69398835,ransom,
1181506,70047,240405,134191,15128971,ransom,
7435,723,5036,28,37381,ransom,
809394,83378,306441,177921,3154371,ransom,
713482,26565,42626,24142,16559974,ransom,
182562,19015,48815,29910,819957,ransom,
706263,73057,265236,136575,2739716,ransom,
1049991,39418,45328,24137,23480937,ransom,
1670281,152728,534529,302874,12851773,ransom,
89567,8824,34746,11810,370891,ransom,
1701867,36549,69516,38600,40173927,ransom,
1009115,108808,399371,227468,3900132,ransom,
1073977,27020,51472,23342,25314309,ransom,
1885797,97051,312828,173236,32056335,ransom,
1875136,74274,112499,48297,41692411,ransom,
826518,7973,35210,15463,18554241,ransom,
2133708,148660,354775,187034,34702384,ransom,
83881,4426,12555,5291,1659010,ransom,
2037106,140552,475047,273834,26715284,ransom,
4125224,113891,155588,68250,94546108,ransom,
2961932,128274,135312,99529,68935539,ransom,
3890135,192075,544869,346447,63551971,ransom,
841975,5816,31925,14346,19612152,ransom,
1368413,119115,357253,256949,14315894,ransom,
3585019,308709,488825,356747,45994082,ransom,
811681,48105,129881,110095,11226882,ransom,
4633356,588122,993451,567648,28598546,ransom,
5539707,652449,599061,339612,66413260,ransom,
6095706,717080,684768,421966,58820882,ransom,
5573937,638470,529125,309958,61135705,ransom,
6726191,838528,791083,561149,62628085,ransom,
3933124,296079,1184918,976337,30665723,ransom,
1015940,3461,878257,813680,3090745,ransom,
3240658,333075,944505,783920,22495998,ransom,
8776600,1527626,635703,393600,36492189,ransom,
12017038,1462195,383292,227905,149378988,ransom,
10399776,1749964,682325,390398,54137849,ransom,
6771011,1144087,277363,164344,43497863,ransom,
7437969,1274011,621923,347296,35307734,ransom,
10738084,2019929,499617,269695,44527251,ransom,
29306,4652,28852,20106,124425,ransom,
1759857,138270,316293,190097,26153018,ransom,
251172,2015,14143,6033,5821483,ransom,
4190971,717320,335420,196889,20916643,ransom,
1615238,72134,174588,92888,29897453,ransom,
2752550,120415,121829,71550,63849085,ransom,
1138809,117661,396068,225653,7535913,ransom,
44259,5688,16104,7877,216239,ransom,
6982996,1210228,478138,287094,30866871,ransom,
3680302,144136,278280,128423,76255446,ransom,
1108709,32355,61762,34894,24518288,ransom,
809072,85707,311397,188906,3147077,ransom,
6216,610,4556,86,31080,ransom,
414358,43283,154651,83029,1611404,ransom,
429392,44858,158509,84001,1700241,ransom,
26398,3581,11446,5470,121311,ransom,
812890,84390,300343,171830,3157274,ransom,
6258,604,4647,99,31290,ransom,
1003467,93291,490713,338047,3708215,ransom,
1962277,114548,224418,110834,36735487,ransom,
2696011,77664,125612,95064,62869537,ransom,
3718170,128312,401264,210361,71797227,ransom,
1490154,32864,33667,13903,34889202,ransom,
2534144,60824,206795,109622,53082986,ransom,
1404479,62470,206283,116671,24424045,ransom,
726696,9624,25610,13668,15959317,ransom,
987709,98718,350194,198777,3902628,ransom,
7350,711,5312,176,36540,ransom,
538864,58541,211980,123383,2030447,ransom,
1728629,89169,266740,152302,27849619,ransom,
2301399,29556,65343,34115,54766219,ransom,
2702683,120267,356035,200429,48362843,ransom,
973243,16406,32811,17058,23064486,ransom,
518862,28008,362337,304148,1788457,ransom,
2119437,85426,856295,712392,23891580,ransom,
2199625,44431,721239,645247,36036882,ransom,
4715036,469175,1293675,929285,35161601,ransom,
1108350,42149,855468,684364,4136800,ransom,
1165455,42121,854296,746438,4307514,ransom,
1888634,102533,1214149,902219,7434897,ransom,
3276547,178725,1241450,1102967,20160714,ransom,
3581032,135772,1140849,933243,50683404,ransom,
1070079,2987,929688,861355,3244065,ransom,
1711117,58977,1046694,923434,13587625,ransom,
3726641,78676,1175783,979366,56601277,ransom,
2893886,112097,1113522,941159,34998510,ransom,
2634422,177898,1465200,1148090,9936532,ransom,
1461468,46463,1065796,917268,5109467,ransom,
1640494,36841,972383,878763,14883137,ransom,
4043038,204518,1373139,1098021,52179135,ransom,
1843174,35481,965214,890064,21952734,ransom,
4461694,173362,1327347,1071450,67497443,ransom,
2224856,8830,942390,861688,31166758,ransom,
2650571,30431,989503,907953,40702446,ransom,
1900485,86604,1246901,1057934,6432538,ransom,
1110054,2609,961272,892128,3362476,ransom,
1976724,106969,1310487,1098950,6670651,ransom,
4251959,79661,901563,775184,81266623,ransom,
4629154,115253,944170,842653,89475433,ransom,
4545949,180525,1496260,1159354,59656047,ransom,
2371258,67619,978344,892320,34184777,ransom,
2871821,136003,1421962,1163530,24905904,ransom,
1293667,24075,1023390,917699,4173907,ransom,
2609366,63938,1141196,903165,31254995,ransom,
3751678,194880,1397075,960010,40147954,ransom,
2663221,74866,1097383,810058,30506380,ransom,
4382236,268139,1582667,1140048,45806930,ransom,
1226982,30404,861759,773318,4719726,ransom,
918336,6116,815260,752217,2847341,ransom,
3328234,210820,1651318,1025617,13526901,ransom,
3244697,81683,950186,807392,51599682,ransom,
4104610,144624,333863,181667,85344976,ransom,
2293718,36082,126308,51290,50696894,ransom,
627777,8730,24971,9273,14539215,ransom,
805052,83017,293033,154176,3131355,ransom,
7268,716,5405,51,36332,ransom,
2706788,146652,202192,98113,57412398,ransom,
3461558,142942,237837,116626,73843322,ransom,
1466667,27725,58162,27012,33932738,ransom,
2996028,164838,592237,315154,44044889,ransom,
14786,1727,9650,2439,65538,ransom,
579587,64824,253316,148938,2231836,ransom,
2799456,96519,213965,108107,59259384,ransom,
1284167,14427,51973,26778,31044794,ransom,
3644265,223562,649209,442955,61728677,ransom,
134620,8141,63457,50996,553616,ransom,
2951267,408527,550152,282463,14175397,ransom,
1730831,129699,447407,251834,25150101,ransom,
1200010,49780,157025,104920,23765077,ransom,
2130897,159885,667963,427536,22105573,ransom,
2880099,159515,817743,634000,47511711,ransom,
4394540,328672,528976,398343,68738453,ransom,
409028,46719,159678,82005,1599656,ransom,
1193207,51183,47027,26396,27994086,ransom,
3381201,149429,923727,679444,49539519,ransom,
2146236,86622,324977,284492,42249305,ransom,
1511274,101077,697006,550885,12854440,ransom,
1878707,90531,660923,548522,24171084,ransom,
1405255,11626,407782,367319,24726983,ransom,
3004675,193311,1053697,787673,32755335,ransom,
595630,20155,298556,262471,5538965,ransom,
637674,50141,180379,103322,7290830,ransom,
3808411,111160,302277,157744,79610590,ransom,
197729,5556,166007,144858,657556,ransom,
805356,83777,293373,158130,3131945,ransom,
1564119,2982,13899,4645,38453347,ransom,
2651947,57005,177894,93845,56686007,ransom,
2092857,56271,201217,111085,41026443,ransom,
492241,20467,354258,320647,1678374,ransom,
1352311,151962,513038,282161,6707248,ransom,
1164608,43221,180842,129611,21150777,ransom,
718248,55789,159128,85965,9587741,ransom,
1151746,48311,179269,91345,18756736,ransom,
873470,23237,26906,12452,20154919,ransom,
902271,81792,290359,160494,5817665,ransom,
43658,4073,18309,2925,129044,ransom,
852478,37096,136792,75251,13936781,ransom,
501410,51377,183160,90387,1999821,ransom,
48559,873,41691,33704,161176,ransom,
1062602,113879,410196,230608,4096347,ransom,
172548,16169,56782,19495,734728,ransom,
261126,30644,113885,68591,971237,ransom,
585158,58448,203489,107451,2333091,ransom,
49951,6741,26884,14784,238584,ransom,
3001090,181636,296096,158574,60469969,ransom,
537742,31675,119967,59578,7297629,ransom,
667618,71533,231744,124118,3226193,ransom,
870725,96642,370557,201134,3392008,ransom,
566941,10339,57072,37791,12408897,ransom,
1149284,118245,417504,237912,4456838,ransom,
62535,5894,24504,8513,264632,ransom,
1202433,44993,152062,92941,23003247,ransom,
975906,60403,195835,114822,11662514,ransom,
6384,614,4391,38,31920,ransom,
664449,74722,298751,181822,2620200,ransom,
186830,16716,50065,16298,738987,ransom,
2948626,396813,557705,287601,14475787,ransom,
764969,75071,265858,141161,4889980,ransom,
3181733,142112,222085,119412,70899655,ransom,
1350751,124089,481330,267299,11942101,ransom,
3298152,220519,622900,461253,36960261,ransom,
1422869,32852,100457,66786,31088451,ransom,
828705,82327,280318,161146,5035856,ransom,
31291,4297,29175,15733,158115,ransom,
566124,60978,228921,137768,2236399,ransom,
577886,42450,117290,57765,7478361,ransom,
1352854,42409,65636,37451,29697212,ransom,
763921,82415,300809,164701,2970254,ransom,
795549,4783,30807,16654,18764745,ransom,
3338583,220964,353674,184663,64412831,ransom,
3521037,205450,620022,448075,63812223,ransom,
114913,5422,101738,80817,369163,ransom,
1556434,115895,325413,173338,21140542,ransom,
1577360,18526,51484,26964,37611457,ransom,
1934082,56922,189424,103264,37807709,ransom,
405483,41602,147629,75329,1581925,ransom,
1491138,25991,59627,27459,35233563,ransom,
2309815,162370,334883,183268,39143365,ransom,
44982,5925,19857,11966,213368,ransom,
2550168,146902,347442,187460,45020644,ransom,
3037049,56897,439394,320091,59270285,ransom,
1673597,29896,199509,160501,36705102,ransom,
2037070,118273,331272,184348,32023052,ransom,
12069,1717,11302,3982,61962,ransom,
2283632,108962,311412,168641,43236854,ransom,
2842726,91937,207449,108453,59993215,ransom,
1368821,8741,43346,22920,32522431,ransom,
1988998,91078,329182,172550,31370739,ransom,
770407,16641,47874,25559,17398906,ransom,
3833538,176196,364827,194372,74830655,ransom,
2089745,95630,191921,96855,42024111,ransom,
2794144,20996,73996,34104,65864351,ransom,
2103667,98981,481526,317842,30675578,ransom,
1249862,15442,54887,31754,28384084,ransom,
433818,45594,155371,88471,1704817,ransom,
412917,42420,155209,94305,1611612,ransom,
298474,6994,12124,4282,7652827,ransom,
4099677,195179,387190,203452,82105817,ransom,
2415037,61995,61420,30981,57296890,ransom,
683290,70773,250493,136410,2596277,ransom,
1673287,79798,237469,130131,29573802,ransom,
210822,7187,16476,8224,4617793,ransom,
966630,81850,452061,299218,3611830,ransom,
17170,2194,14540,7004,87056,ransom,
2446929,135202,277236,159811,49068476,ransom,
1367072,68769,234239,123922,21760470,ransom,
276905,34699,117916,72595,1549894,ransom,
3989145,473141,757728,383774,26282559,ransom,
531965,23359,118582,79056,8733795,ransom,
415132,46392,273511,148593,2886865,ransom,
4697324,456728,830441,523993,65423134,ransom,
445513,77480,83419,71026,1649116,ransom,
798465,92247,314999,166348,3154818,ransom,
2495438,52085,64820,27763,59406067,ransom,
425300,44979,169883,106745,1662464,ransom,
410241,42568,155071,93101,1605911,ransom,
1282354,20920,50494,27513,30055955,ransom,
1712627,80763,283624,161575,27240795,ransom,
601292,14747,51250,17768,11887105,ransom,
882574,33914,136224,86987,15456301,ransom,
1540883,121268,515608,323643,14590520,ransom,
1326437,27522,58448,33473,30961710,ransom,
1445454,100779,349887,217714,19195104,ransom,
237350,26090,82492,29039,905096,ransom,
871521,53535,125138,77297,16614849,ransom,
1503153,86062,224992,101762,21688802,ransom,
7350,715,5195,191,36750,ransom,
423390,45005,166855,96900,1747155,ransom,
396139,45420,149820,73068,1440132,ransom,
68868,9591,37522,26818,428697,ransom,
1378948,131290,584876,374671,5123415,ransom,
11454,1510,9957,4303,57030,ransom,
3892411,267835,342475,184795,80485088,ransom,
1891411,73808,225749,125565,36249906,ransom,
1969225,59909,150065,87566,42888728,ransom,
712674,72443,257271,126786,3003710,ransom,
405229,15507,66476,20852,7652522,ransom,
4043422,141366,356378,117624,80158404,ransom,
2135897,128302,308573,92314,35579715,ransom,
2997338,152116,229324,53100,62300289,ransom,
7342678,235635,791811,333725,138504057,ransom,
3301367,114639,148901,59539,69522029,ransom,
1110527,72124,190357,103079,14003286,ransom,
2162313,144704,461264,174954,22175497,ransom,
1126032,53010,246207,38219,19233997,ransom,
1864341,135661,350120,186296,27821576,ransom,
1897814,47806,122611,55076,41169008,ransom,
1660735,60916,195434,101135,31578719,ransom,
1251709,57222,180123,93767,21878503,ransom,
2750916,32366,69623,34065,65926334,ransom,
1315349,126747,449761,241530,6802639,ransom,
9005,1106,7851,2555,44585,ransom,
411158,42813,154142,83779,1608646,ransom,
2499544,93849,230985,118303,51286765,ransom,
187455,4208,153315,137232,601506,ransom,
2321233,122182,350997,185382,39287806,ransom,
3845091,411348,594350,294587,36581955,ransom,
1698293,78412,256907,141715,31359616,ransom,
1366353,80620,407695,274188,15790563,ransom,
83605,6415,190642,103229,1147706,ransom,
4438440,421677,1011760,671076,40535864,ransom,
459238,8840,41720,22473,9943754,ransom,
1186035,80355,194426,102666,17211315,ransom,
428139,45140,165818,95478,1691649,ransom,
276534,5424,169490,148013,3422152,ransom,
2400671,125724,371806,199856,40901187,ransom,
1544342,50881,150563,84361,31006910,ransom,
2518271,111985,228493,132341,51630407,ransom,
1713463,68125,234436,123295,31558223,ransom,
273755,7957,20618,9748,6838300,ransom,
2132920,163996,482889,268049,26181053,ransom,
56047,8524,49753,35401,235586,ransom,
504640,53415,197327,112817,3323871,ransom,
1124620,76664,191049,102798,18491021,ransom,
126821,2089,13958,5477,2768686,ransom,
802085,90907,315480,175441,3117086,ransom,
7225,717,5617,126,36121,ransom,
537360,50941,155688,81746,4986180,ransom,
3610795,192265,221557,111116,78299807,ransom,
55464,7335,26258,13165,264726,ransom,
1653653,130304,443431,260579,14318377,ransom,
18049,2275,13659,5971,81094,ransom,
2089115,133503,190130,99059,42200496,ransom,
1973087,110001,297136,171265,34957564,ransom,
709257,5561,34242,17644,16507192,ransom,
1608306,103049,318891,183348,21260973,ransom,
10247,1132,6003,1281,48204,ransom,
405092,41797,150407,84708,1575458,ransom,
1945444,52233,185112,111422,38766479,ransom,
42994,3250,19244,8753,355320,ransom,
1384506,145811,544868,339745,5360716,ransom,
1241975,48445,42972,21453,29269988,ransom,
1656903,58658,166631,88128,32352488,ransom,
2419275,77223,313091,189974,47172825,ransom,
578412,13340,43074,22248,12143004,ransom,
801220,92155,321403,183984,3146900,ransom,
74295,2001,10986,5341,1773864,ransom,
1797529,55239,145474,87130,38497958,ransom,
2769840,135209,272768,129451,54231679,ransom,
1269815,19690,71704,51009,27646625,ransom,
2761394,193064,676415,376124,34717541,ransom,
2802441,99603,72841,41101,67073708,ransom,
665578,28859,86653,57788,13004858,ransom,
2220541,102827,362378,211407,38068782,ransom,
13400,1747,12321,5089,68473,ransom,
2159438,84720,297373,169325,39391353,ransom,
3258490,383085,513623,235508,25985996,ransom,
1902638,64020,252123,98083,39154982,ransom,
2958942,127322,442854,241178,52732402,ransom,
896912,36248,234817,122661,18720593,ransom,
4702581,357701,903973,608115,53427200,ransom,
2955224,92802,129870,59375,67807211,ransom,
1926936,87820,134705,85395,42463710,ransom,
1253505,79291,232745,115911,17120059,ransom,
2194744,113513,71212,38834,52446733,ransom,
1536837,78098,287913,164415,23284275,ransom,
2033792,87455,269148,142321,38816611,ransom,
2311004,62495,121730,74159,50172338,ransom,
4273427,158593,267341,124492,91067951,ransom,
311641,4525,23707,11212,6858378,ransom,
1400528,84424,297811,157023,17519165,ransom,
1265827,70033,210942,110717,21621173,ransom,
224868,3615,15332,7482,5146945,ransom,
801540,83369,298457,180189,3113273,ransom,
49513,6618,25567,13624,237908,ransom,
414235,43950,163088,98890,1642289,ransom,
2470574,213354,588698,181711,16675459,ransom,
5654024,393167,636156,52233,49359302,ransom,
7402822,510944,747668,495748,29258772,ransom,
7486228,492369,168853,69060,32107850,ransom,
8132841,610049,489730,229878,35257005,ransom,
9794819,612862,374620,171505,99219565,ransom,
8252017,609562,306431,161571,49388206,ransom,
9204568,716530,514348,254708,40240608,ransom,
9142249,693685,258641,98469,39300897,ransom,
10268556,796723,451447,202766,69297279,ransom,
7679400,734437,418770,171555,64587966,ransom,
10802665,928116,306484,139288,46112598,ransom,
7408148,706692,708964,282011,33785014,ransom,
5628080,618042,117505,29691,24902774,ransom,
5903922,537226,538598,218061,26952605,ransom,
5029809,659464,571072,243897,25627726,ransom,
4711457,540883,395657,98576,24383990,ransom,
5342027,629818,672940,268349,26654232,ransom,
4946496,539971,392999,95897,31811508,ransom,
5159218,576648,519514,162741,28186297,ransom,
5866112,577824,597523,221172,58989529,ransom,
5245696,599620,423263,108306,26803564,ransom,
932992,97145,345033,183066,5394633,ransom,
33611,3559,29726,13798,181012,ransom,
660636,75425,295822,182890,2452259,ransom,
908643,101026,373801,185945,3612118,ransom,
7226,711,5396,112,36122,ransom,
1161106,91125,313288,167033,10322382,ransom,
101354,3139,6139,211,2474635,ransom,
586828,46378,301421,219273,2143791,ransom,
3187161,420230,644861,343191,15391919,ransom,
1116061,63764,75236,42218,25491508,ransom,
3153599,320547,653507,281334,25525561,ransom,
4823322,514786,443513,138393,22856599,ransom,
7143116,711317,799694,507822,31823586,ransom,
5389498,590919,726028,252959,24603650,ransom,
4609481,528228,374771,87998,23850834,ransom,
5779642,605969,669431,257939,40328376,ransom,
5437677,477861,371434,118038,64355137,ransom,
5508384,537846,607919,291901,50280462,ransom,
5357640,623351,630495,240874,30270001,ransom,
3336105,386980,381126,154882,17341956,ransom,
4565338,505021,718128,356863,25827880,ransom,
2295800,142031,217513,125270,30035097,ransom,
1098776,37506,144986,85297,20987782,ransom,
3215433,216252,511855,274006,53964493,ransom,
1667354,48297,50913,28652,38117739,ransom,
954160,89369,325398,204358,5948420,ransom,
14652,1511,9525,3437,64887,ransom,
1524950,88098,161175,91610,29745275,ransom,
691683,52621,181482,104541,7148979,ransom,
1136261,5798,30794,16215,27554564,ransom,
2043010,112359,392108,235014,30766559,ransom,
5168855,553416,400845,98582,25831456,ransom,
7171441,732376,250890,108462,34316542,ransom,
6746933,633059,811908,286018,70694398,ransom,
4116843,450399,442098,181286,25252286,ransom,
4622299,524187,707138,354387,22878240,ransom,
5188099,535685,449752,165132,44912772,ransom,
6376163,646457,530042,177257,56599229,ransom,
7906528,871042,957996,372764,50179801,ransom,
6716399,674086,484715,144074,60544651,ransom,
783685,82457,291824,169900,3059343,ransom,
109083,12943,47315,25771,497810,ransom,
4918675,438762,397291,79158,62338930,ransom,
7183061,581959,979461,297982,98594996,ransom,
1882147,81698,196814,66687,38273570,ransom,
3463904,230984,561311,225629,55546060,ransom,
2373750,69912,242976,47311,45711689,ransom,
1556725,94906,212818,38979,25040849,ransom,
1271825,135489,446650,247297,5206524,ransom,
1209917,45024,49141,24441,25470209,ransom,
3473941,149906,532058,200796,49799819,ransom,
3662360,391278,368954,93786,17466717,ransom,
5026910,581955,398840,128346,24749095,ransom,
7544698,854152,1052686,422916,38028239,ransom,
7391380,614348,595290,287936,99761261,ransom,
1786816,109698,417684,233049,23519755,ransom,
103377,11673,43553,20528,463107,ransom,
3100736,86734,76552,37492,73905324,ransom,
5074133,517655,936011,510082,50778672,ransom,
649837,18219,85323,34063,13661790,ransom,
1979115,104790,371854,214681,30730001,ransom,
328094,32065,220800,105337,2482214,ransom,
3288976,311097,498342,392411,42322718,ransom,
2644348,192562,503870,262466,38625259,ransom,
6972,708,5548,55,34860,ransom,
579910,67535,251667,146216,2224481,ransom,
2072717,124019,220033,113801,41248518,ransom,
2731975,52864,65190,32420,66011447,ransom,
2852768,113166,355765,195171,51172557,ransom,
1235139,21325,40765,20407,29419356,ransom,
1960247,56657,188342,96555,38841220,ransom,
587316,49470,165606,84716,5921770,ransom,
1101586,16795,69639,51376,26132750,ransom,
2459935,186000,733831,443372,25786411,ransom,
13171,1593,9097,2511,62761,ransom,
1067643,70825,175662,100652,17512381,ransom,
1297563,47172,178185,96854,22702891,ransom,
1083341,26880,21230,10084,26248196,ransom,
1529323,108859,408381,230040,16843150,ransom,
484134,12098,19002,9852,9817680,ransom,
404663,42588,154893,80672,1574007,ransom,
2455498,96238,300111,162281,47862572,ransom,
1453441,27463,32737,14707,34881466,ransom,
5163838,341589,919567,427021,45903027,ransom,
5845770,570863,292642,97332,38527227,ransom,
6128816,583679,646987,280287,57635189,ransom,
5031984,581461,540132,183872,25556399,ransom,
3961358,472301,367536,109834,20335755,ransom,
903931,106781,339652,192692,3588124,ransom,
2658760,88964,40568,17489,65051435,ransom,
3541870,133058,266687,138774,75837558,ransom,
1300469,88405,202511,106548,22030514,ransom,
682713,19172,24018,10180,16397701,ransom,
2305483,166577,487596,259548,31084463,ransom,
1800660,74642,50652,22167,42505382,ransom,
357921,37699,139212,82895,1417256,ransom,
739298,51580,193875,96918,8293275,ransom,
539722,17826,58368,39704,10117959,ransom,
917104,102623,360224,228762,3839238,ransom,
1998765,37930,123792,48375,42982482,ransom,
1877872,63613,206097,124017,37170603,ransom,
2457534,90145,227197,125435,49764910,ransom,
4998440,473469,412595,52629,56569586,ransom,
1745733,190849,495110,241656,9300433,ransom,
71822,8057,33978,10099,663379,ransom,
2518350,114929,205207,110017,52684968,ransom,
2196724,118953,215534,113797,43652813,ransom,
594079,11650,49724,28768,12805785,ransom,
3833041,460450,686630,363421,32211329,ransom,
1079493,91044,358017,166509,12088534,ransom,
269532,28402,132336,92324,1408158,ransom,
3714124,356759,810131,413721,18575973,ransom,
5392299,484239,1003692,669894,25758368,ransom,
4733759,406565,712319,294230,62592149,ransom,
2013639,204913,463969,161898,8960644,ransom,
1381367,108660,225400,80237,14574702,ransom,
3858671,291969,647419,339391,53406053,ransom,
1229408,100245,231542,113399,11577836,ransom,
433838,46188,154070,97268,1692805,ransom,
2023377,70490,183019,108590,40847155,ransom,
918777,9105,31743,17137,21534541,ransom,
803752,87974,306318,171960,3119758,ransom,
51598,6619,26975,17199,241675,ransom,
2107727,126458,384603,199279,33578933,ransom,
646735,48696,179144,93378,6658146,ransom,
19503,2733,16573,7943,93484,ransom,
3056734,201172,394088,210350,56919942,ransom,
1516826,10024,39462,21259,35979892,ransom,
451114,43244,154321,83946,2632399,ransom,
710042,51784,167404,99466,8700666,ransom,
7434,715,5535,53,37170,ransom,
1215533,111361,401879,237911,10093569,ransom,
2956933,105718,86201,39640,70433331,ransom,
2776768,136723,450751,242709,46457410,ransom,
2363861,99862,298778,162710,43505226,ransom,
6258,616,4509,113,31290,ransom,
813378,93484,331067,190259,3168508,ransom,
610388,36030,45188,28191,13996624,ransom,
3028890,92699,219980,111753,64229444,ransom,
2147665,58219,208212,105948,42739692,ransom,
10599,1216,9129,2098,53607,ransom,
814652,84319,308989,188493,3173686,ransom,
1049427,34625,23973,11760,25728133,ransom,
1993944,138918,341726,183662,30515501,ransom,
1519463,50129,190183,101549,27874532,ransom,
7266,718,4991,55,36330,ransom,
802398,83288,304044,168658,3116877,ransom,
7394,721,5084,47,36962,ransom,
2521982,78494,209075,105377,52728582,ransom,
1329104,101241,193764,98704,23112964,ransom,
7266,693,5479,56,36331,ransom,
803375,82329,296998,174688,3123858,ransom,
1577517,35305,53893,26875,36248082,ransom,
872251,75290,271424,148608,6447156,ransom,
505803,51289,182498,87904,2023191,ransom,
90111,6538,57119,45657,355824,ransom,
1178473,95200,363398,234108,11017138,ransom,
2145337,90777,146079,76525,48503352,ransom,
984157,96637,360388,201423,5630494,ransom,
4947428,512862,529383,272346,65007793,ransom,
2324248,56434,247321,113816,48982925,ransom,
2595867,97849,409222,222143,45909918,ransom,
4473591,327609,541427,402552,77223957,ransom,
4219488,158810,305750,179900,85135371,ransom,
843493,86421,309341,158934,3226798,ransom,
2047786,50555,45391,21742,49607950,ransom,
2660284,134388,420859,255316,45188777,ransom,
131565,12408,45789,14676,1155936,ransom,
422991,43950,156049,88546,1666010,ransom,
653625,44105,167867,97350,7257711,ransom,
438763,21706,21438,4550,9006178,ransom,
949439,61557,176577,100807,15685451,ransom,
1236803,70976,183569,90053,20395298,ransom,
511300,57697,196892,125203,2077209,ransom,
966521,86293,445883,296712,3648735,ransom,
1041549,24401,34908,16890,25338290,ransom,
1009109,62303,237822,144247,12341819,ransom,
327443,33023,97890,43566,1340027,ransom,
331070,34380,125038,68509,1299670,ransom,
655592,71837,272807,148959,2502831,ransom,
1494259,59708,33540,17747,36655822,ransom,
2654205,145584,202002,139386,55175475,ransom,
780870,59191,156849,83688,10427309,ransom,
290821,19205,81076,57486,3709630,ransom,
1900486,121633,560332,340928,20959943,ransom,
1848687,61015,52565,30133,44084677,ransom,
1824278,86105,191229,108386,35386906,ransom,
2292134,123114,179621,92754,47126248,ransom,
195167,20458,71955,47280,961364,ransom,
1124015,77162,259476,175471,12253797,ransom,
79538,2253,11673,4710,1837389,ransom,
1306476,56592,197617,116319,22383817,ransom,
844830,45715,168806,91540,11890323,ransom,
1098060,12152,48475,25142,25154608,ransom,
1988641,128424,451115,240335,23836210,ransom,
2299836,5986,30727,12363,55599834,ransom,
742370,45045,167683,90928,9230614,ransom,
413128,42809,153316,81933,1617667,ransom,
193825,22271,98642,25104,854588,ransom,
1558727,159149,599793,266298,6291941,ransom,
512713,44926,185118,24327,2242507,ransom,
2913235,142002,382375,144505,53836384,ransom,
3230936,139581,405013,151127,60068311,ransom,
966339,72125,173160,40646,8884551,ransom,
1474471,144266,456005,238143,7335021,ransom,
3089780,88775,105374,55444,72636969,ransom,
5927295,241078,665250,180006,110291909,ransom,
2422034,69940,227335,116927,48109436,ransom,
3113698,383026,511739,256210,21768691,ransom,
880382,93350,364613,187925,3473442,ransom,
2448278,86513,188212,107784,54337801,ransom,
1345666,73815,411634,232046,20203723,ransom,
3309337,243413,607696,447579,34349993,ransom,
876607,5462,31447,19432,20766737,ransom,
1205770,122895,426852,228541,4692027,ransom,
15578,2116,13148,5965,81020,ransom,
422483,45893,171722,92845,1662321,ransom,
514491,50106,182628,105431,3134848,ransom,
1028874,109914,296335,155074,5065245,ransom,
1461983,155732,509284,289499,6173620,ransom,
384133,44922,157647,81845,1837971,ransom,
2662784,150490,211354,108960,56556881,ransom,
2711991,170640,324871,175712,52410934,ransom,
1283484,51251,88214,52405,29004611,ransom,
3614755,215577,581465,309311,59274601,ransom,
1232936,18453,59532,33866,27256213,ransom,
1471597,45498,164290,92332,27492021,ransom,
1218434,45915,179517,109889,20830118,ransom,
356914,6856,37342,24054,7806780,ransom,
804262,83351,293915,163384,3126097,ransom,
802502,22383,34057,19626,19102410,ransom,
1511358,87902,179522,103803,27855091,ransom,
1158526,46868,163655,91094,20114873,ransom,
694777,12228,28201,13837,16200734,ransom,
1293264,124099,444132,249499,6429174,ransom,
10793,1182,7565,2108,53862,ransom,
2641776,158301,216876,126892,55103725,ransom,
471771,49165,158001,89064,1930809,ransom,
102837,13653,34964,20499,491651,ransom,
2555541,188911,402239,225787,43888833,ransom,
2765416,104097,118334,49504,64485079,ransom,
2082492,106241,205645,109662,40551074,ransom,
1650108,59434,190756,120495,31308873,ransom,
1389183,35470,45317,25660,32367635,ransom,
2740169,137632,447037,244929,43465956,ransom,
2182075,70151,91722,38541,49477499,ransom,
1103099,72248,175505,101278,18071266,ransom,
1141655,49191,177824,98066,18865130,ransom,
9384,1000,7162,1631,167455,ransom,
828485,72623,235343,140047,8356958,ransom,
419682,49608,184984,95784,1577847,ransom,
1544517,57239,142295,91575,32539275,ransom,
2408914,64078,218941,113566,46645523,ransom,
1460883,63738,64406,32592,33706111,ransom,
902522,92354,315896,174679,3537338,ransom,
323303,39040,140565,63816,1255572,ransom,
1567079,58336,152461,94383,33194944,ransom,
625861,62387,218347,116301,2458417,ransom,
2924735,388635,504927,263148,14631665,ransom,
2148685,114676,214940,121830,43461216,ransom,
1929362,100109,330976,186246,32658337,ransom,
1004360,24947,185880,96761,23131031,ransom,
3052288,262654,701208,501427,19938570,ransom,
1213053,14273,52844,29056,28687664,ransom,
1156353,115412,403465,221039,8155378,ransom,
792425,60592,174452,94632,10280237,ransom,
809707,28647,39211,24748,19063912,ransom,
818397,87025,297057,157342,3177460,ransom,
70009,8531,24742,15025,311753,ransom,
1512715,70143,188235,95456,28066577,ransom,
933786,57484,169679,90671,13991051,ransom,
13250,1508,10784,4926,68793,ransom,
3657292,97705,319032,162617,73593279,ransom,
2545077,52747,63864,34630,60158077,ransom,
1530290,116728,326509,200977,20016339,ransom,
413204,43397,154668,83025,1621432,ransom,
1206123,6463,39356,23334,28967530,ransom,
2726597,146063,440840,260950,45600522,ransom,
801891,39518,119274,71357,14242460,ransom,
1124122,51685,177414,105554,18908118,ransom,
2133938,80403,199185,108985,41561989,ransom,
3183221,44388,40277,19254,77381045,ransom,
3147536,151962,338700,179616,59117097,ransom,
3285259,52108,57219,27047,79360914,ransom,
2732431,128587,313791,166462,49842418,ransom,
2936705,66718,199626,110106,62378119,ransom,
4134252,123243,63610,29971,100276602,ransom,
1673128,123765,415067,232681,19166549,ransom,
63981,9398,51547,34873,313833,ransom,
1216665,45878,159268,87722,21181571,ransom,
647780,56879,171603,99826,5856289,ransom,
2888540,19726,62426,32174,68610058,ransom,
1037089,105636,401915,237393,4937273,ransom,
56686,7149,20529,10097,408935,ransom,
2671590,137626,319387,159375,48464149,ransom,
2043513,53678,176841,90717,40671284,ransom,
530521,2600,18340,8775,12899188,ransom,
3205551,109610,335869,183441,59730780,ransom,
285059,5429,12843,4412,6491188,ransom,
769975,65466,215110,117614,5562702,ransom,
459886,42709,153182,85444,2987649,ransom,
3502488,129617,54497,26467,84411074,ransom,
1389260,108402,312990,191089,16649977,ransom,
2626528,27966,62469,30128,62838500,ransom,
811338,84176,303232,162980,3164702,ransom,
1356470,67176,189079,98095,24133877,ransom,
22993,3165,14398,7132,106394,ransom,
2414904,87799,309827,171358,42459882,ransom,
4379094,391594,509331,243238,52445292,ransom,
2182753,52137,191449,102676,44180372,ransom,
2299489,96944,391415,227295,39372699,ransom,
1021823,20006,179093,93239,23628508,ransom,
2629362,257312,701492,500413,10500853,ransom,
200460,4096,16546,9645,4751799,ransom,
2043791,85836,305401,165537,34252712,ransom,
507326,50573,188435,104341,1932687,ransom,
709946,23105,77093,45464,15706494,ransom,
1320443,99459,317673,171387,13083664,ransom,
72680,8682,25215,14867,328041,ransom,
488716,54814,175812,92353,1949459,ransom,
421311,44039,162148,83135,1647865,ransom,
2019104,96696,51872,30323,48203685,ransom,
804158,82758,295435,164900,3125192,ransom,
31928,5213,32230,22634,136901,ransom,
515051,54998,204256,119058,1992290,ransom,
707990,70226,252192,132310,2782218,ransom,
1130356,28241,27634,13012,27332244,ransom,
4151156,270904,476721,262234,80317333,ransom,
66331,7485,35950,20545,295022,ransom,
1020902,61083,178455,92804,16706701,ransom,
2471554,123069,224069,113403,50146878,ransom,
2203479,18028,59125,27673,52840071,ransom,
1218487,84052,305656,170582,13145025,ransom,
434451,10881,19941,7734,10491391,ransom,
1986009,85621,174900,97276,40093360,ransom,
2258240,106323,351382,185153,34861978,ransom,
977102,7420,47041,26638,23117504,ransom,
1111006,108715,412103,249481,8895639,ransom,
382408,44705,150315,71592,1815747,ransom,
277291,33090,133933,84591,1234288,ransom,
1090954,74787,210207,123557,15219699,ransom,
1926772,40952,70889,36034,45073787,ransom,
540642,56759,210931,158499,2133506,ransom,
296164,29537,99317,44257,1130313,ransom,
185566,21216,87765,53989,730016,ransom,
1029942,104748,366895,187084,4009981,ransom,
2090387,97451,68127,32435,49834825,ransom,
2143757,79597,211751,109550,41738397,ransom,
2349340,121599,163696,82388,49919828,ransom,
1949007,45523,48821,29311,47226226,ransom,
1479682,140512,420295,237308,15050746,ransom,
149330,7822,16173,7425,3279114,ransom,
414676,43181,156198,88448,1620016,ransom,
1422571,76534,231786,109470,21583644,ransom,
3352587,127957,232600,60183,73266751,ransom,
1970378,178267,639258,268100,12832894,ransom,
3767318,121576,246652,67303,82322500,ransom,
1603997,114080,376120,126637,17642135,ransom,
4840081,545773,1092415,489903,39019935,ransom,
2232725,55762,75646,34090,49393995,ransom,
1227601,138967,525358,304180,5199684,ransom,
806750,52191,247556,96388,4498097,ransom,
2630216,307659,751898,368968,21547698,ransom,
2466217,209118,377749,249701,34528314,ransom,
10004,1234,8528,3154,49265,ransom,
1267415,128975,440646,231287,6185195,ransom,
1294717,36834,57441,27546,30838446,ransom,
2049496,70112,215595,113604,40154887,ransom,
1485232,54734,184659,93738,26761339,ransom,
45864,6766,23531,10703,220707,ransom,
812420,84772,301406,178538,3157315,ransom,
7308,699,5003,69,36540,ransom,
1909701,83217,197564,111203,36542458,ransom,
1978806,94855,217815,116782,38773010,ransom,
7565,772,5540,395,37455,ransom,
1209833,125940,453325,258530,4706663,ransom,
1427646,10452,55369,26279,34025551,ransom,
3301890,74046,234155,116837,71060083,ransom,
2052645,54137,216507,115937,40265172,ransom,
1733676,9703,46084,20040,41863972,ransom,
1873678,116423,318299,165044,29395489,ransom,
1600347,26182,40096,17416,37859984,ransom,
404721,42038,155755,92129,1573659,ransom,
408142,42022,154148,92032,1596085,ransom,
16597,2521,10946,3461,77077,ransom,
2738258,161090,486348,267094,42015639,ransom,
61520,7352,24976,13532,246937,ransom,
354478,37008,133586,78504,1354816,ransom,
3094931,106559,224884,116584,65853049,ransom,
153205,1204,9637,2320,3354028,ransom,
4098555,269079,723517,142406,52680558,ransom,
5554375,407769,474729,137941,26962465,ransom,
7262896,550157,266256,122745,46960611,ransom,
8008860,604757,599219,296366,59480222,ransom,
7164197,586474,282758,108156,61823405,ransom,
8722373,682880,575161,268161,61962644,ransom,
9944948,787281,441413,183986,54568794,ransom,
5677508,602288,452451,144068,27288008,ransom,
6737317,708655,439465,177228,30132912,ransom,
6340820,582966,565496,195536,50652090,ransom,
6010974,510874,506261,186660,72334220,ransom,
5840542,597081,547655,178442,44718613,ransom,
5287015,605861,446179,111736,27441342,ransom,
6092780,720279,740373,294489,30410845,ransom,
6069782,582760,421981,109534,54583982,ransom,
7407074,679815,720170,277610,72980236,ransom,
1913115,186527,283943,131436,13382976,ransom,
1051023,4886,34695,16641,25312163,ransom,
4294149,480670,836674,417133,33395271,ransom,
229365,10879,37675,18541,3768991,ransom,
659617,69714,282707,171713,3024246,ransom,
445229,44734,273359,148522,2331755,ransom,
1840080,172109,432430,354671,7507300,ransom,
2655521,161709,348916,186333,47553678,ransom,
10983,1375,8487,2214,53794,ransom,
816849,84537,299292,163879,3188546,ransom,
2310526,55717,186582,93634,47943450,ransom,
2629181,254079,417958,109673,20033441,ransom,
6902913,760479,653332,253197,30433394,ransom,
6051835,670927,341262,117586,28249596,ransom,
5449257,640448,536595,191309,27007699,ransom,
7309482,659359,621019,241031,77976930,ransom,
4873283,530495,387315,107839,33665230,ransom,
7357894,654039,759280,328187,83298905,ransom,
5986364,512365,447596,173002,75279222,ransom,
6580048,690849,716967,275137,52076291,ransom,
5367279,561232,552156,208446,36727357,ransom,
1152476,11234,24690,11468,26167057,ransom,
839763,84989,309687,170197,4463620,ransom,
1405323,46355,52243,21147,32840891,ransom,
721104,51588,173151,95295,8697725,ransom,
428813,45612,169709,92202,1677024,ransom,
941421,14344,28340,16112,22403079,ransom,
3490059,160688,359284,187816,68699725,ransom,
809409,19432,50922,21915,17839702,ransom,
2588429,122796,363195,207955,45461360,ransom,
1012527,60842,205315,113303,15018491,ransom,
415454,49334,102437,19419,2213310,ransom,
5243201,582367,631478,265105,24525163,ransom,
4670279,459595,471575,195845,37757552,ransom,
3756398,411728,454091,183592,26061348,ransom,
1458526,50902,170259,91644,26853638,ransom,
316746,4062,24828,11286,6987960,ransom,
655489,71597,259321,149144,2563287,ransom,
2379979,23093,75290,29915,54143764,ransom,
2802719,104229,333554,174760,50054079,ransom,
2182859,128952,432307,296363,37413741,ransom,
357823,8412,24342,12380,7594938,ransom,
422462,51207,177042,92361,1813354,ransom,
7527272,711088,668178,169716,74592134,ransom,
4122720,524590,551439,189331,23507928,ransom,
529232,56844,188185,93765,2096513,ransom,
9014,716,7350,2565,44786,ransom,
2818578,145181,334714,202916,55383272,ransom,
3140327,243375,362649,137981,19861591,ransom,
5526368,360914,652186,181584,45342388,ransom,
5499070,368465,612496,251634,51838257,ransom,
4605821,303174,496737,85898,23929403,ransom,
5715082,411847,669183,196686,29136595,ransom,
9780359,769323,1053058,374406,100634078,ransom,
6430013,461881,671075,192821,45321026,ransom,
881584,97007,525851,284253,4493216,ransom,
1977268,167823,434242,381451,7571750,ransom,
1901307,60631,246261,160169,34249270,ransom,
3099537,136350,317037,207189,62402883,ransom,
1983673,133223,305845,174155,33938750,ransom,
550514,53718,192146,100826,2123710,ransom,
21264,2954,17060,9090,101234,ransom,
903638,77176,233372,156195,10167341,ransom,
1321583,59293,185744,100273,23323804,ransom,
20497,3084,18771,9572,127090,ransom,
2192418,160590,420410,233160,33335103,ransom,
757201,50997,32046,18047,17428433,ransom,
940195,51097,183270,102458,14365983,ransom,
5612474,265527,517924,135196,69744353,ransom,
6620985,691850,468531,173021,33019084,ransom,
5193249,599619,761403,330456,25158595,ransom,
3870197,445188,366744,116856,20033843,ransom,
4016742,440361,478244,196010,28358598,ransom,
5101422,463743,520299,243118,56562051,ransom,
1970260,124446,130957,69993,35582754,ransom,
1921968,132516,321866,177208,30637980,ransom,
1525191,66796,150061,92428,31197956,ransom,
2008721,50014,187208,124406,39981774,ransom,
405146,46581,158338,79380,1581433,ransom,
413734,42986,155225,98388,1621715,ransom,
1424970,94264,309803,180564,18807449,ransom,
2004617,105220,215589,120263,35476327,ransom,
1315529,76345,169013,90304,23433975,ransom,
411777,43192,158441,88503,1605959,ransom,
333564,3565,15996,7030,7849844,ransom,
2536206,102841,314562,162150,45491608,ransom,
1059572,7259,35480,18229,25130719,ransom,
697789,83288,280050,158090,2752551,ransom,
405358,42698,154470,79273,1582753,ransom,
478158,53070,184137,95716,1912916,ransom,
2035157,97777,321706,181267,32986819,ransom,
402558,18092,14511,4220,9575572,ransom,
405244,42429,153184,91405,1577104,ransom,
595379,58500,211576,125917,2384698,ransom,
452969,7558,9462,3170,9655848,ransom,
781390,80292,301560,168802,3054034,ransom,
57775,6367,27975,8144,257984,ransom,
1721909,91171,304881,173224,28454654,ransom,
406288,41613,152661,88119,1586393,ransom,
421398,43548,157032,93509,1651156,ransom,
750751,76159,275435,162537,2890817,ransom,
58111,6297,23994,6154,259700,ransom,
4670972,541360,1034772,559188,39104222,ransom,
1611935,112138,427698,168364,18150288,ransom,
1016798,81310,320474,127730,10976933,ransom,
2219484,174253,639886,300578,29579897,ransom,
2493853,346279,658372,417189,10227917,ransom,
3349494,198610,600427,334053,52083356,ransom,
762862,61499,318734,222073,3065102,ransom,
421204,43928,162507,104054,1659222,ransom,
1805579,154588,665607,209474,8317926,ransom,
1659153,83153,161605,86608,33646488,ransom,
1797971,107491,404621,286155,25534371,ransom,
651657,56000,164799,100541,7733520,ransom,
2360133,90446,71026,36833,56010114,ransom,
1226086,73642,192524,115658,18997315,ransom,
1679244,68292,166331,81291,33069660,ransom,
1731286,45851,172641,101856,33547503,ransom,
427403,45785,173666,105315,1671577,ransom,
1388753,144961,224242,103937,6046598,ransom,
2867093,308479,356823,109285,12476257,ransom,
393521,40930,137992,68636,1440227,ransom,
415461,42644,153613,80856,1617765,ransom,
410323,41714,151096,78721,1602541,ransom,
256556,15320,29314,15424,6479914,ransom,
3878097,192830,260556,139910,82971435,ransom,
1647241,69806,149332,76232,34307846,ransom,
2371600,134815,262776,156631,46697945,ransom,
520369,57412,201568,105585,2069982,ransom,
1246000,73417,186971,106626,21660140,ransom,
1599426,61920,183443,102903,29870588,ransom,
2759612,109545,189929,97223,56322893,ransom,
1022240,49603,181181,109931,16013596,ransom,
3036410,113621,184057,90957,65687388,ransom,
693026,3764,27698,14686,16185356,ransom,
578256,64509,247265,144036,2217656,ransom,
419261,42852,160065,88476,1647803,ransom,
405585,45179,152515,80390,1588253,ransom,
2514195,115634,233308,116687,50880841,ransom,
2317929,100411,190166,97746,47665922,ransom,
657840,53393,164979,100659,7480448,ransom,
1357566,90058,313968,223640,21429468,ransom,
2521456,148242,170832,94515,54523406,ransom,
2219952,100438,340256,179200,38728087,ransom,
6510,679,5054,93,32760,ransom,
919684,52213,184035,97176,12821076,ransom,
412567,43059,157600,89525,1617932,ransom,
226893,27465,110318,71104,857885,ransom,
1697132,66184,232190,114799,29034848,ransom,
2321476,95148,212312,107146,45898249,ransom,
1052377,64518,174818,95318,17164430,ransom,
1424488,78994,323124,228077,22935883,ransom,
5171709,445204,620476,311364,68649445,ransom,
1392700,113322,441099,240842,13562917,ransom,
255726,26885,134474,96333,1458933,ransom,
467304,47153,316590,174915,2643096,ransom,
3555080,282668,677591,491001,36947983,ransom,
22523,3239,21674,11991,141303,ransom,
2039901,128551,356563,205088,32079068,ransom,
778253,67466,260334,153353,6456470,ransom,
442232,46155,166831,101019,1750088,ransom,
415903,43192,159807,95368,1632023,ransom,
561704,8463,34526,21366,12520489,ransom,
2541021,114547,341889,185554,45905154,ransom,
1295523,24882,42203,17777,30521271,ransom,
1415527,75773,172213,91701,25211705,ransom,
408762,42079,156288,97778,1596141,ransom,
938016,52026,35226,14656,21926821,ransom,
3934575,243082,412853,210724,77845932,ransom,
2276064,95320,284373,157723,42877832,ransom,
2327365,110278,204297,122345,47017637,ransom,
1479924,69760,192907,104952,27372631,ransom,
2073370,183179,269038,146973,28742861,ransom,
5682142,408822,590046,208866,61343721,ransom,
5376279,358477,509955,42326,27872775,ransom,
7289738,428535,675429,180749,75775861,ransom,
1527866,128080,240232,103587,12300844,ransom,
45534,6102,23085,13689,215809,ransom,
2616822,158429,384146,215581,46056137,ransom,
2388907,72754,216794,99756,46723840,ransom,
413911,43590,157608,82624,1613008,ransom,
1703255,94716,285700,190500,29421858,ransom,
1687928,4026,16167,6010,40904214,ransom,
2516901,80778,294183,164991,45877183,ransom,
2029398,7155,30793,7935,48293343,ransom,
1456432,46896,173227,101425,26601399,ransom,
862228,51812,161043,83340,11308044,ransom,
36557,4368,12244,5049,154949,ransom,
738793,81500,283501,154874,2880150,ransom,
484935,53820,187433,100605,1893712,ransom,
3670031,185202,335182,191176,77113366,ransom,
2860333,162933,255452,132244,57239819,ransom,
2892546,70069,84304,43451,68820739,ransom,
1846777,102322,376947,221150,26888090,ransom,
2130796,90899,84055,27320,47551574,ransom,
2024678,71188,204198,107902,39875342,ransom,
405210,41203,150058,83947,1581419,ransom,
8227,1030,7415,2424,40784,ransom,
609167,65082,244335,140485,2358759,ransom,
1120799,81677,304339,173017,11506957,ransom,
2269668,80526,205909,110047,46206141,ransom,
688399,43273,164686,100609,8025449,ransom,
2809505,382844,509059,259014,13953730,ransom,
489935,50795,175388,102317,1946580,ransom,
3319144,190895,408080,231349,64724714,ransom,
3292430,161854,277260,154416,74326313,ransom,
3932374,305736,845934,574701,41319521,ransom,
1464121,58676,56427,31004,34166764,ransom,
412484,43630,153174,88029,1614945,ransom,
823887,84374,311021,214872,3212358,ransom,
692844,42375,120326,70262,12300004,ransom,
1818786,99501,269833,144754,31005599,ransom,
329404,16699,17769,7420,7170153,ransom,
2065281,96708,187658,105050,41839399,ransom,
3621883,108035,318620,171972,75181781,ransom,
2157893,29662,119192,69695,48231344,ransom,
655244,69404,247385,123788,2550488,ransom,
8981,1114,8093,2667,44562,ransom,
699865,57642,192748,104506,8138705,ransom,
1115881,87365,308397,165186,10542145,ransom,
333709,15877,59511,36822,5319770,ransom,
687622,78934,270099,130304,2654607,ransom,
125027,8354,24904,13318,2066350,ransom,
1052629,78969,259591,149775,12798353,ransom,
3221061,138835,242944,122603,68386756,ransom,
139594,15133,54116,35233,536462,ransom,
693601,74810,265151,142330,2710276,ransom,
927056,5508,31848,14646,22013917,ransom,
1252593,51385,180115,99414,21699162,ransom,
2256241,109984,342334,183950,37855554,ransom,
251980,3371,22677,14639,5552719,ransom,
888321,93512,348314,203289,3556091,ransom,
216169,26630,79816,53716,1212977,ransom,
2838805,141067,201278,98013,60642665,ransom,
1501309,84860,303394,171569,23139818,ransom,
7639,859,7738,2668,51811,ransom,
858491,94152,328201,180672,4410938,ransom,
1629991,40337,58177,31321,37688594,ransom,
1755999,112945,189289,101395,33812201,ransom,
1545223,103726,321391,177899,20546826,ransom,
168585,14084,49314,30543,1859385,ransom,
3122541,116971,316582,154742,60205893,ransom,
1145394,7798,39059,19649,27242631,ransom,
1744987,84604,196519,110052,32918159,ransom,
405339,41707,149905,84059,1582846,ransom,
7308,714,5386,52,36540,ransom,
1080362,83080,300291,174126,10005754,ransom,
1723319,78136,47516,25961,41383393,ransom,
1136907,53173,171587,95440,18635876,ransom,
985965,103920,393103,235719,3813655,ransom,
63014,2159,11589,3939,1474450,ransom,
2032651,131553,448319,254417,27280640,ransom,
2925723,384988,587302,327230,14366916,ransom,
1676185,78954,226082,124257,31091718,ransom,
2968911,116741,336841,175385,58840549,ransom,
1414238,33698,162339,86647,32745489,ransom,
3722126,338623,795572,542137,43720647,ransom,
559362,57851,135567,87118,2192395,ransom,
815215,78266,309863,100760,3303154,ransom,
1890480,155452,595967,268524,15438132,ransom,
1148645,70239,188388,25136,17981000,ransom,
3018657,223926,552183,234269,46800780,ransom,
927175,93043,190642,34908,4390699,ransom,
644578,57533,198743,119329,2705760,ransom,
1452128,64432,183349,144122,27259685,ransom,
3421649,158921,483158,91056,56535883,ransom,
2619352,122236,351027,184859,46770340,ransom,
120176,14870,40644,22359,576744,ransom,
432489,47051,177414,102545,1688346,ransom,
1833366,95314,335528,193101,27390916,ransom,
8838,861,5936,174,37749,ransom,
755771,78446,283827,163908,2917149,ransom,
1030128,10823,40961,15102,23985554,ransom,
1111801,48013,179957,94224,18001288,ransom,
1835528,48126,185961,100971,36229504,ransom,
295410,6605,16420,7993,6833530,ransom,
1695855,86748,316291,182290,25061703,ransom,
285299,28067,120000,56886,1981077,ransom,
1995712,95079,255630,145384,37468743,ransom,
3995536,175298,405804,204618,77123542,ransom,
12465,1433,9848,3668,62498,ransom,
637492,69517,253214,149584,2471776,ransom,
209737,19316,65305,28956,860802,ransom,
1519016,60661,190040,93520,28931736,ransom,
1472043,50157,181925,101116,26838418,ransom,
3249420,25165,65901,31057,78023256,ransom,
1297064,79926,270459,153451,18751375,ransom,
387281,27813,81035,33608,3863516,ransom,
410727,43009,158296,101758,1603615,ransom,
1093784,120980,417823,233613,4734926,ransom,
3531201,72058,82745,37707,84956007,ransom,
2401559,84776,288205,157429,47125384,ransom,
3023925,133791,307984,159807,59163837,ransom,
2013149,135147,248932,129679,35642986,ransom,
438155,46324,173846,106741,1754462,ransom,
6384,622,4671,108,31920,ransom,
1364587,82336,192035,99397,22216896,ransom,
699231,38363,146996,74390,9828648,ransom,
445129,47680,165266,94300,1765893,ransom,
2775170,182276,445713,266645,46573790,ransom,
641116,26274,22456,10269,15287515,ransom,
2500497,122949,221737,112577,51528790,ransom,
4169843,437525,683020,337915,38833873,ransom,
554019,37955,164858,104113,7589258,ransom,
957649,102059,399348,221875,4116086,ransom,
72801,8162,75090,41754,489856,ransom,
1894999,291627,624890,435117,8267679,ransom,
799139,109251,213690,140348,3035344,ransom,
173855,19732,77837,47187,669193,ransom,
1049884,111670,388871,215655,4110458,ransom,
16272,1872,11060,4404,78172,ransom,
2384414,137772,236409,120664,47124874,ransom,
713911,62432,178609,95412,8293084,ransom,
335702,35744,125986,74186,1289305,ransom,
945870,68399,206521,120897,11595625,ransom,
245062,3251,20586,9788,5656536,ransom,
1877797,121202,294568,191927,28831313,ransom,
469861,48117,167816,96542,2816067,ransom,
284283,32425,96984,66837,2328058,ransom,
4255582,237055,433098,241124,84769652,ransom,
3722982,162843,214093,86674,81893091,ransom,
2817087,146891,216152,116913,59094550,ransom,
2360427,92239,208025,107144,48446558,ransom,
12028,1177,7266,1233,65588,ransom,
976756,104472,391066,226121,3761062,ransom,
7308,704,5438,244,36540,ransom,
1605822,68584,249283,150506,29005452,ransom,
2647779,138789,217514,109395,54658697,ransom,
1379849,9202,49833,27388,32576088,ransom,
1210200,125409,437491,235581,4708615,ransom,
11392,1208,8308,2043,56135,ransom,
1645733,115058,202931,112565,30915930,ransom,
1915142,50842,179561,111952,38511887,ransom,
2851092,50047,43153,14758,67651788,ransom,
4007102,166723,359856,187443,80101420,ransom,
1826092,69363,44942,24365,43285510,ransom,
1049217,101349,340461,176972,8573062,ransom,
2616321,85737,187726,116092,54662401,ransom,
2121764,5760,24703,11163,51380850,ransom,
1977346,101174,367158,211169,28343420,ransom,
267771,30514,104274,48766,1008956,ransom,
466623,51110,176076,98046,1867326,ransom,
1618505,138546,219864,131839,25100274,ransom,
14568,1598,9684,3778,64503,ransom,
2101103,121946,320001,199355,35430155,ransom,
236036,28238,112345,46549,905081,ransom,
403237,45742,155997,79909,1565876,ransom,
405643,45729,163037,92738,1583407,ransom,
834858,20540,33596,17584,19702122,ransom,
1522374,87115,291586,168748,23383021,ransom,
802855,67381,224335,103091,7809882,ransom,
992085,77856,210739,119087,12977975,ransom,
959210,66383,308246,200414,9348565,ransom,
2802344,380320,480667,235372,13894361,ransom,
1175010,103578,342079,200786,13699267,ransom,
1480902,76450,205515,96109,29301561,ransom,
2296506,222453,663686,477961,9628073,ransom,
491748,43013,224349,151016,1852100,ransom,
872403,43713,41945,24267,20272372,ransom,
3262057,141422,369001,197687,63300638,ransom,
721237,53387,192876,92435,6853000,ransom,
2685222,115736,272439,168372,54505673,ransom,
2978610,108810,350527,181972,56967535,ransom,
7699,881,6387,956,37690,ransom,
671561,71941,263506,155635,2634723,ransom,
1753311,38135,81184,34740,39394388,ransom,
2404591,69535,296936,199961,47101956,ransom,
696274,105090,199950,127279,2743435,ransom,
30674,4612,29139,15311,130167,ransom,
709005,56268,184928,106969,6774151,ransom,
3560706,168065,352438,165917,70379131,ransom,
2126601,97953,208811,112602,41498401,ransom,
1567877,90690,207419,119786,28036364,ransom,
232348,15898,18343,8676,5381914,ransom,
1418763,73386,167923,95108,25812645,ransom,
1349964,58088,192318,99448,23946838,ransom,
259008,29487,116820,72340,1016115,ransom,
898681,73548,218556,129327,10352358,ransom,
2341833,70836,92628,53258,55174709,ransom,
2709856,78957,212889,106783,56678147,ransom,
1569255,90443,320104,166468,21460667,ransom,
3001601,56125,113992,64570,69814711,ransom,
1130986,100411,376750,200127,9499570,ransom,
55497,2425,14314,6553,1438034,ransom,
1615990,54041,184152,114149,30085941,ransom,
405708,40974,149450,77385,1584785,ransom,
53734,6681,30302,18170,327460,ransom,
3634381,187396,467907,244857,67976169,ransom,
1573876,34760,82160,38911,34546145,ransom,
1171870,58871,172338,88385,19994117,ransom,
2498779,105906,323337,164822,44034889,ransom,
484397,37318,133345,82250,4919503,ransom,
492898,50143,180313,101313,1910998,ransom,
330991,27419,139474,99128,1303410,ransom,
1047246,56559,172902,95324,16730736,ransom,
409131,41348,150763,87117,1598340,ransom,
218002,26763,100942,60413,817399,ransom,
590535,64656,220515,115191,2338469,ransom,
10432,1207,8153,2588,51684,ransom,
574793,50383,161546,97750,6145716,ransom,
3229032,143660,445488,235474,57149274,ransom,
13462,1590,9768,3695,84133,ransom,
3851016,494940,925842,474687,18135678,ransom,
124107,11810,91219,64704,485136,ransom,
1207566,97540,295453,169925,16063124,ransom,
453236,48275,270242,145963,2262056,ransom,
2695284,307052,463764,361930,30283060,ransom,
3054334,169725,392377,213129,53822211,ransom,
1752883,21204,44376,19176,41550197,ransom,
415324,43944,159788,85047,1633944,ransom,
1011315,87326,328608,213286,7752719,ransom,
209428,16433,63477,41624,2821729,ransom,
1053980,110045,396813,226707,4350027,ransom,
482481,41344,174047,18169,2097167,ransom,
919639,88006,333935,110426,3849622,ransom,
2857201,190211,366021,134416,52679384,ransom,
1437972,48879,186609,34510,25225685,ransom,
2064813,176324,503971,214881,18647383,ransom,
364947,19168,45438,25258,5073153,ransom,
1699120,86443,198416,116386,32251700,ransom,
2883144,195920,780128,283798,24904032,ransom,
46818,6151,20210,10630,221663,ransom,
810656,83228,301368,180309,3152310,ransom,
16182,2010,12677,7136,77345,ransom,
406839,41992,154075,93462,1817248,ransom,
951514,65471,164158,100289,13755139,ransom,
4093905,199926,93830,42682,98009968,ransom,
807632,93102,317317,163300,3139969,ransom,
9746,1207,8466,2348,48773,ransom,
3032775,112835,267149,161422,63608734,ransom,
2076872,122062,330575,169523,33482839,ransom,
353547,10601,24741,14373,6866615,ransom,
1662683,117785,363855,227278,23306018,ransom,
1088735,34335,88723,35530,22622242,ransom,
403604,41957,149068,79285,1569641,ransom,
406358,41667,152632,91652,1586202,ransom,
20160,2823,16611,9595,95804,ransom,
1157555,88300,305936,180596,11404564,ransom,
1950014,39116,68714,30240,46240344,ransom,
1180467,60080,252769,172204,17578327,ransom,
2014347,93449,330566,168209,32581157,ransom,
1071916,5962,28912,13097,25200971,ransom,
412202,43488,159634,87600,1681545,ransom,
1285059,50834,326883,242081,17552215,ransom,
1085489,45467,160912,91018,17805801,ransom,
3960213,139911,235843,115923,87730801,ransom,
2116811,29283,62265,27270,49637466,ransom,
2362993,77141,201703,105985,48745327,ransom,
581217,65125,243826,134988,2220911,ransom,
372172,36492,149268,88232,1409232,ransom,
921417,85773,361311,218080,3558382,ransom,
1263519,53494,47324,27057,30478261,ransom,
4727376,466112,744267,367378,49112845,ransom,
1766335,107409,310463,167951,29921694,ransom,
569108,60821,250924,167879,2652961,ransom,
1390361,111851,356710,189828,19646587,ransom,
2156836,185143,511924,393228,15055760,ransom,
618012,49399,173070,93489,6472393,ransom,
741133,47612,164361,86226,9664466,ransom,
968871,50817,96000,58674,19986053,ransom,
1558536,124545,398695,197487,16210837,ransom,
718113,11332,29943,16387,15395728,ransom,
443113,45767,154896,92853,2284525,ransom,
409543,41894,154182,91596,1604540,ransom,
743918,37057,72162,45415,15982763,ransom,
2573028,150778,307067,160164,47289823,ransom,
6762,688,5371,38,33810,ransom,
440716,47591,169529,90416,1743679,ransom,
510817,47330,180593,102418,3482388,ransom,
208485,7082,28602,19926,3832160,ransom,
2099992,153681,445982,238115,27683668,ransom,
1002501,51185,61647,30656,22861814,ransom,
657049,74331,254853,144276,2955146,ransom,
432142,45427,157169,82111,1716995,ransom,
272532,33462,141616,90274,1102719,ransom,
3621309,183108,285527,136589,75518053,ransom,
1045611,35678,46236,19696,24292924,ransom,
4529272,224045,269438,131187,100171275,ransom,
1664819,53011,188940,98110,31596426,ransom,
1169245,24029,54215,30959,27338922,ransom,
1698401,144549,485230,270614,14454011,ransom,
7476,718,4942,17,37380,ransom,
404563,41731,147672,79153,1572437,ransom,
411307,42596,156072,99705,1609114,ransom,
1868321,74665,74583,37219,43723504,ransom,
2655940,135827,336146,174860,47939720,ransom,
282164,14972,27634,16775,6211662,ransom,
2180122,69333,236765,133036,42700232,ransom,
405565,46355,157641,79030,1582654,ransom,
355631,2801,17618,9481,8262078,ransom,
3218707,213170,446889,233783,56593832,ransom,
1384285,60942,126285,54222,27771722,ransom,
1882942,117149,202493,121992,35304306,ransom,
633074,59780,244042,131405,2495524,ransom,
1713530,51814,72602,36377,39769275,ransom,
1132030,87741,314786,183299,10545455,ransom,
9686,1062,7195,1267,200623,ransom,
2978455,121069,213072,113895,63188787,ransom,
851127,49712,157150,83113,11212663,ransom,
575243,10854,38383,21687,13296276,ransom,
2604968,110045,398740,233526,43667514,ransom,
1866009,39387,121793,50818,38674023,ransom,
4529996,445339,694536,349334,47791588,ransom,
1611329,61183,241754,125864,28984675,ransom,
1166092,34968,151504,84340,23587535,ransom,
842688,94395,439915,235774,3814390,ransom,
2344646,188719,479167,378322,19433273,ransom,
2485113,110118,193400,102739,51359889,ransom,
971869,47021,167205,86222,15045803,ransom,
1360134,7913,45259,23588,32044660,ransom,
945738,89678,338984,208842,4593703,ransom,
389258,41399,162603,73557,1540925,ransom,
427830,45214,154782,80737,1663296,ransom,
409257,42316,157635,87895,1601014,ransom,
2312221,71964,56427,30673,55546196,ransom,
1609856,124082,300724,178507,23613887,ransom,
522014,18100,48892,17701,9035982,ransom,
385476,41501,147097,87278,2389022,ransom,
3885440,159272,414145,215274,78885135,ransom,
878067,27141,51586,25820,19519092,ransom,
1351497,101357,230971,127784,20741824,ransom,
2016655,99858,293348,142317,34246371,ransom,
1163560,38476,139012,76892,21539410,ransom,
650854,54158,199280,99383,5381577,ransom,
7310,705,5559,27,36331,ransom,
628114,54834,195121,107762,4525423,ransom,
2150722,74696,263319,139096,42136831,ransom,
164576,18939,68405,41861,588476,ransom,
901068,76589,262822,146673,8912056,ransom,
584257,2993,20734,9985,13553197,ransom,
421255,48974,173242,93211,1656675,ransom,
1525537,96907,346460,191511,19887016,ransom,
2726890,119217,222092,119090,57286115,ransom,
3487844,170311,361869,196663,69034011,ransom,
1975782,30630,88727,48825,45821358,ransom,
4329575,199217,354344,186401,89783353,ransom,
1240694,22129,75406,27764,26229619,ransom,
1052876,24115,85167,59927,21533291,ransom,
1734659,83617,289498,149911,27897481,ransom,
885901,38702,17913,5135,21497670,ransom,
1166136,60935,203932,107345,19264454,ransom,
1432852,105336,334349,183350,18244710,ransom,
217731,12512,34806,18519,4400107,ransom,
2566866,157001,431210,231261,42551423,ransom,
558184,5638,22023,7873,12667649,ransom,
1387119,55140,164966,89772,25878853,ransom,
3680816,92126,249608,123294,79453684,ransom,
1349131,21436,48241,27776,32190976,ransom,
2605090,167805,342721,181409,46709293,ransom,
2032188,50526,57326,27334,48208674,ransom,
1626753,75867,213145,112190,30140402,ransom,
2149177,143427,421884,236663,30715024,ransom,
4334436,419247,602751,298742,48238503,ransom,
1840110,114850,357416,195867,26217155,ransom,
557225,28735,142056,85444,8636603,ransom,
452563,49560,269916,138345,2179477,ransom,
2035072,318755,593536,428110,8478702,ransom,
218122,35190,44100,33987,806005,ransom,
811683,83476,296386,165679,3160363,ransom,
1525701,69158,26277,13354,36783111,ransom,
611303,43131,160976,94635,6898632,ransom,
3537797,139011,377923,193467,68152813,ransom,
455483,9037,17533,8312,10094051,ransom,
806387,82535,299812,185947,3135119,ransom,
1059397,28363,38272,20542,25199679,ransom,
1063841,58590,175104,92830,17021863,ransom,
406177,40941,154077,94057,1586831,ransom,
60800,5674,29590,8418,283508,ransom,
1279759,127598,490487,206274,5202501,ransom,
2766886,114081,221102,51837,58079004,ransom,
3798396,177970,381086,135853,75215936,ransom,
5326882,315361,549346,228025,104323989,ransom,
1197378,61813,197976,34319,17893867,ransom,
1233632,135054,405522,180976,5193679,ransom,
185821,14224,24099,10923,949754,ransom,
1154742,95988,266592,103320,5208034,ransom,
2118100,104190,479603,129622,32431695,ransom,
9089,1083,8050,2703,45005,ransom,
805657,82953,297854,175995,3132415,ransom,
2530264,131487,40052,19940,61595706,ransom,
3015529,107362,286395,179836,62593931,ransom,
3543476,201124,372122,185252,68160074,ransom,
1615819,80452,37920,18878,38881515,ransom,
2267850,116839,410803,241720,34927893,ransom,
6342,621,4579,98,31710,ransom,
410830,42235,155536,93004,1595890,ransom,
873853,50746,182876,102670,12779670,ransom,
1760522,112783,85618,45429,39872363,ransom,
2187908,124079,414950,233158,33377105,ransom,
905889,19818,39457,16589,21081668,ransom,
852438,49488,158238,92081,11213684,ransom,
1024107,109567,417670,232922,4043145,ransom,
261289,33295,96473,59702,1419494,ransom,
998839,100805,353315,187828,3937144,ransom,
32303,3821,21333,13519,173817,ransom,
3518163,297415,856158,120809,18903649,ransom,
7181322,425588,457238,116369,44807925,ransom,
5679440,358439,203135,47793,54279184,ransom,
6535282,584423,536049,266074,35038133,ransom,
6851040,449219,207894,70817,29362782,ransom,
5774835,346921,195874,55236,27862103,ransom,
5906257,579898,696641,341073,37270820,ransom,
12957191,1141148,700456,310663,150520711,ransom,
13718548,991309,937903,417208,90951203,ransom,
12282259,897143,616627,271209,111679382,ransom,
13030989,959005,669746,320351,56822384,ransom,
10910245,1065339,1039765,687961,46157133,ransom,
8792583,822007,552627,213270,56850765,ransom,
8001488,822404,523980,204647,78052399,ransom,
5695294,540421,372678,111119,34623836,ransom,
5101813,617788,543565,135350,37368459,ransom,
6251325,706592,946701,397060,30449751,ransom,
4390900,488373,353378,87270,25543862,ransom,
7118058,611829,632991,241076,72496395,ransom,
6963534,791718,686316,225739,42493183,ransom,
5911294,641000,484993,145594,42761112,ransom,
7940539,652483,919083,439414,103793227,ransom,
744526,70827,83810,45728,9420214,ransom,
507195,53451,189916,111189,2015977,ransom,
334721,37798,138244,76770,1268191,ransom,
1181077,13199,63652,39126,27195695,ransom,
4084926,194844,516172,270593,74254742,ransom,
1064681,28151,35529,16134,25108633,ransom,
599213,64947,247037,151601,2317966,ransom,
215331,19728,64979,34757,864302,ransom,
96653,9035,31505,24708,395921,ransom,
3078533,121461,329033,176412,58024260,ransom,
1239990,22238,62679,27898,29389843,ransom,
4529655,457347,689393,185273,40026449,ransom,
7414255,789414,297865,125000,54202710,ransom,
8239903,647262,455145,155364,103414162,ransom,
6816553,506522,888805,379537,100533406,ransom,
4774368,458050,398336,145909,51044565,ransom,
4545700,543862,579534,235820,22957906,ransom,
4541633,538003,638324,268887,22828120,ransom,
3952566,462892,410402,134954,20404963,ransom,
6682395,656477,896596,418294,65998095,ransom,
7605253,687490,584115,207166,82758514,ransom,
6849891,704669,670660,248201,53475156,ransom,
2105750,44972,166117,88275,42811694,ransom,
684005,3085,16901,8387,16536999,ransom,
1469495,125098,439686,246986,10789221,ransom,
189388,4302,153422,138175,608776,ransom,
686974,42829,158514,93072,8359514,ransom,
759930,46592,165782,87470,9916665,ransom,
455239,8178,8849,1857,9710188,ransom,
919263,85441,307135,188678,6288164,ransom,
2997889,58801,75492,38058,71819572,ransom,
3321563,281102,477374,183124,29661065,ransom,
5106667,639299,448727,150874,36426723,ransom,
6389392,670042,201125,44861,31927324,ransom,
6010252,726011,968636,391077,38357258,ransom,
5787452,632848,714086,337823,39212823,ransom,
9505206,963736,1078462,465342,100859450,ransom,
4947105,524521,689390,329897,32036917,ransom,
3163374,361943,428179,186679,16661007,ransom,
6174271,653613,1174371,709623,34031977,ransom,
5221174,558365,433353,136983,38098489,ransom,
5083736,576693,562988,196810,25732231,ransom,
2465854,254348,338532,121017,11091004,ransom,
3574159,408162,253468,12500,15652104,ransom,
1357504,128169,460005,255375,8790599,ransom,
857573,17917,38237,20490,19457980,ransom,
1674491,69395,191180,100109,30533741,ransom,
1140604,44587,160858,83995,19582952,ransom,
98432,2270,15553,7216,1903642,ransom,
2741160,87195,319762,174787,50154552,ransom,
936327,19787,44294,23819,22315315,ransom,
1914954,128727,302213,126774,25389292,ransom,
4021689,517875,470726,146437,18254566,ransom,
4225938,516178,418642,118335,23930349,ransom,
7220874,606085,820343,409984,86063616,ransom,
5649435,555821,592145,232318,52441968,ransom,
4515617,492556,459958,177234,32052261,ransom,
4498474,526879,709127,314154,22313298,ransom,
1964435,101086,117672,51818,34976719,ransom,
1090547,88195,317638,179188,9728812,ransom,
36507,4948,28820,19399,167364,ransom,
760370,28448,78706,48963,15899110,ransom,
1515959,92631,277829,134454,22316213,ransom,
901552,4499,28835,15862,21364176,ransom,
1115731,108268,381081,247365,8643993,ransom,
1421877,73102,206497,107921,23194615,ransom,
1088771,39852,59396,35018,24344203,ransom,
1179056,97685,326499,170064,11657557,ransom,
10783,1129,7503,2836,53866,ransom,
614175,66053,247417,152139,2325900,ransom,
248270,24601,75875,31892,1046780,ransom,
10097,1168,7460,2307,49718,ransom,
3350431,167998,468751,252954,60605134,ransom,
9297,1049,7197,1991,46666,ransom,
2120287,98967,290704,149658,37097699,ransom,
1184210,66524,212244,103577,18105610,ransom,
197509,22703,78781,38500,840086,ransom,
892960,104110,332244,181598,3536269,ransom,
9507,1108,7883,2960,55287,ransom,
639409,70139,252850,158205,2508886,ransom,
3095089,141019,158229,71519,69534191,ransom,
104542,1838,9947,3841,2699372,ransom,
3199814,172925,370063,186816,60082903,ransom,
456250,8216,12297,6157,9662192,ransom,
534602,55861,197648,132135,2100767,ransom,
3561083,464646,802913,411846,16958408,ransom,
3205940,127590,137259,65455,75903186,ransom,
1643674,135729,520586,293639,15144228,ransom,
1197459,12030,187338,98259,28050326,ransom,
3174555,338038,604816,448203,33558179,ransom,
3706424,211321,213491,117514,79391404,ransom,
1405400,41365,60945,32680,32590200,ransom,
811349,83830,301871,177318,3161903,ransom,
7309,739,5830,68,36331,ransom,
1515628,74705,224579,118949,27961674,ransom,
2192227,151347,409385,204340,30996275,ransom,
835722,11584,33549,15346,19743181,ransom,
1812534,113637,362399,201233,27086462,ransom,
2278935,47527,62923,32620,54176729,ransom,
411064,43756,155358,93920,1604940,ransom,
921214,56494,170470,93336,14540405,ransom,
2993591,73445,100261,56208,69175399,ransom,
2513148,86604,302329,158129,44703178,ransom,
3623166,286152,187886,36013,33556833,ransom,
2178388,117282,190652,98359,43852421,ransom,
847614,86450,301751,180658,3330578,ransom,
361080,35313,131857,26807,1604572,ransom,
1611471,144161,494706,243657,14189653,ransom,
2978587,129861,230252,60443,62601673,ransom,
1558971,93342,328734,101431,19672712,ransom,
1629459,105637,361959,119367,19046333,ransom,
2574414,50871,119171,34372,54986932,ransom,
1417511,101122,327303,169722,14035484,ransom,
1140642,69950,323436,114418,7290224,ransom,
792063,82545,400096,150750,3492189,ransom,
1716815,105513,389266,214264,21337421,ransom,
1182938,29954,59565,34073,26997619,ransom,
1194990,109009,414330,244456,8987266,ransom,
3031210,29844,79285,36167,72955236,ransom,
1854661,70647,125590,74293,40169175,ransom,
1763512,96968,287342,140748,27311029,ransom,
1552336,6451,33841,14163,37186054,ransom,
981963,105882,394865,219884,3792163,ransom,
14475,1618,10484,2129,72724,ransom,
541298,33343,328182,269068,1847193,ransom,
1268455,146846,534734,287957,4926867,ransom,
188589,4214,153517,137534,604897,ransom,
2685893,161154,367322,191496,48158427,ransom,
62562,3978,12332,4475,1244774,ransom,
3345962,33960,85253,39480,79748524,ransom,
1492017,90263,308810,165247,19940264,ransom,
646182,4061,24950,11381,14991235,ransom,
974751,111387,398524,217087,3756582,ransom,
7099,702,5622,59,35491,ransom,
13047,1783,13110,5533,66572,ransom,
5362205,563648,953597,481015,53602894,ransom,
3685625,257474,581592,219220,15938959,ransom,
6576050,524809,507768,261868,27993199,ransom,
4233761,385064,696133,196056,28466189,ransom,
5686512,697806,878093,454167,25470250,ransom,
4926437,646061,536779,220986,21800223,ransom,
3431650,361408,413753,55190,15761533,ransom,
5137971,637825,651547,279073,25195123,ransom,
5523601,588220,445630,149715,49091919,ransom,
4694675,539576,393015,109086,26428500,ransom,
5569676,630633,836900,357532,27298847,ransom,
4715653,547705,411632,119202,24456129,ransom,
7617750,710686,671043,262653,82741709,ransom,
5078331,579576,485196,142724,27337065,ransom,
7395,713,5478,97,37173,ransom,
803643,81960,298979,179479,3123304,ransom,
1144854,33943,46861,22743,27838219,ransom,
2749128,150795,224182,114800,58400614,ransom,
2849249,99524,193966,95273,60015564,ransom,
80353,8240,49521,30542,1047996,ransom,
1459341,154100,525066,283825,6038691,ransom,
952071,10607,15616,7120,22382756,ransom,
1429261,52628,202247,117164,25005217,ransom,
2484174,173840,288553,148175,33320316,ransom,
3613725,319693,300721,124027,43515852,ransom,
812454,85418,302186,169275,3162483,ransom,
9140,1029,7078,1799,46322,ransom,
3465839,183412,225914,114554,75036587,ransom,
650089,62750,173922,91866,7155574,ransom,
46639,6083,21138,10764,220654,ransom,
2425841,162856,576673,309546,30316261,ransom,
2454728,137399,60323,27879,58773788,ransom,
382483,40658,142612,74491,1494109,ransom,
493954,47546,167260,92614,3236055,ransom,
3446083,117071,43087,18170,83543112,ransom,
1895144,110699,335604,175592,28477059,ransom,
11808,1383,9475,3721,59424,ransom,
380953,39881,147221,83012,1484161,ransom,
427732,43794,161594,88191,1668303,ransom,
754250,33428,42786,20674,17229233,ransom,
3804406,248402,629837,337371,62025812,ransom,
2551659,38539,130671,58357,57096825,ransom,
2368173,99712,157492,95890,51714189,ransom,
576943,58194,204431,103151,2246873,ransom,
1093166,48550,64593,39340,24542915,ransom,
854436,92984,320068,166671,3971036,ransom,
438805,3728,13830,5553,11056785,ransom,
3204361,103679,190900,107137,71773428,ransom,
906996,59733,213182,121161,9860324,ransom,
9155,974,5676,792,44520,ransom,
4106127,527291,1031118,550667,18897793,ransom,
1404703,26362,99856,39656,31847152,ransom,
577026,60290,251806,154528,2741791,ransom,
726526,76837,518276,279088,3849939,ransom,
2861617,190563,372368,318423,31895882,ransom,
804085,82870,294554,164721,3125520,ransom,
3159488,323829,198655,17463,14047053,ransom,
125776,13293,45993,28274,511667,ransom,
3523272,179507,649601,460397,62571803,ransom,
2347072,87690,131787,85301,53659988,ransom,
2153492,147739,573477,328861,23403591,ransom,
67829,7794,32227,9312,300915,ransom,
8343,913,6194,727,41108,ransom,
2227185,115438,419648,232188,33907496,ransom,
1377748,20058,32822,14952,33195224,ransom,
2094395,103426,334914,181365,34080195,ransom,
29669,3101,16432,6186,79887,ransom,
77383,7999,29711,17248,1698332,ransom,
3202150,161159,378673,195926,60037960,ransom,
2789620,57026,66171,33573,67145679,ransom,
2301616,146043,442199,239054,34294861,ransom,
469087,20517,75324,29474,7197936,ransom,
15619,1862,11772,5251,70828,ransom,
974156,103148,393316,241951,3751630,ransom,
42702,5559,20043,9755,203487,ransom,
1573808,84955,289781,166663,24628402,ransom,
1630895,37464,92515,40570,35482638,ransom,
477119,6912,14251,3899,10349115,ransom,
804163,91849,317656,184649,3125493,ransom,
930047,25036,73479,45714,20905053,ransom,
1021444,120315,393061,224219,4319380,ransom,
392349,45385,160700,61298,1503454,ransom,
39396,4669,27139,18372,204915,ransom,
802057,91236,308506,159635,3115597,ransom,
983660,43319,57659,33855,22570838,ransom,
466665,50647,175393,100295,1839122,ransom,
964343,72149,173009,85003,15059921,ransom,
7392,722,5395,35,36960,ransom,
806574,83947,299872,177584,3140456,ransom,
1310877,5980,36180,18402,31549763,ransom,
820034,82848,295682,159899,3232680,ransom,
406782,42693,151897,87717,1576996,ransom,
1602621,17804,63562,33746,37745785,ransom,
952301,86725,312648,191529,6135320,ransom,
495069,69323,169450,149774,1894116,ransom,
2123261,92326,199257,101459,41560060,ransom,
408619,42830,150706,80588,1582798,ransom,
825527,5606,27649,12458,19581131,ransom,
801770,82543,295682,175366,3114421,ransom,
73971,8083,15287,7633,386873,ransom,
3234160,434690,715267,392937,15591995,ransom,
991632,105461,376485,194090,3904918,ransom,
251530,28115,140112,83261,1436861,ransom,
2600194,157634,508477,257928,45774700,ransom,
2148100,164670,513662,422445,13517803,ransom,
557880,43740,147761,81886,5470777,ransom,
1670018,62871,185968,113464,31669805,ransom,
187413,10090,21227,11164,3925551,ransom,
1134668,88672,313541,190975,10944028,ransom,
463440,13838,35680,19005,9332201,ransom,
594451,64094,222668,130452,2326124,ransom,
664769,66407,241515,138092,2588557,ransom,
203972,3819,18721,11626,4535654,ransom,
3047328,164112,470012,246018,52345425,ransom,
2461482,35859,71159,34484,58660639,ransom,
360814,38996,137105,74403,1390432,ransom,
456923,46103,168808,98039,1800936,ransom,
33131,5270,29443,14096,140322,ransom,
1152599,85724,312851,171117,11446743,ransom,
384656,65655,95512,80643,1535568,ransom,
694133,45467,124928,68490,11505613,ransom,
1275835,129621,457479,270170,7380814,ransom,
14148,1607,10456,2685,63199,ransom,
810693,84271,309818,174921,3155426,ransom,
954712,20869,45720,24744,22326194,ransom,
1184840,32238,126796,75205,23571332,ransom,
1267470,107863,357849,133553,13451917,ransom,
668556,43038,178863,26150,6837359,ransom,
1260223,124502,453625,183343,5125168,ransom,
616251,49979,273105,100782,2553506,ransom,
1121860,64380,221615,74177,16721937,ransom,
4033421,254929,698605,335972,60430513,ransom,
3102681,130802,136467,59727,66496122,ransom,
1774197,121832,373524,198853,17941303,ransom,
846821,62364,333161,34897,4294344,ransom,
160311,18797,59687,39093,642831,ransom,
694357,82565,288291,140312,2704894,ransom,
7476,727,5320,29,37380,ransom,
886002,97103,365958,215337,3370332,ransom,
137471,17068,81254,39888,689215,ransom,
367456,39972,128550,65774,1987392,ransom,
2334560,210289,624217,344609,24832209,ransom,
1866904,63025,107704,53402,42486603,ransom,
765253,80603,291532,169415,2984014,ransom,
713542,11160,329519,286687,9066629,ransom,
1942667,98266,110537,90547,39089609,ransom,
976354,99396,324209,184912,5320956,ransom,
71807,9759,30765,15538,328769,ransom,
1620086,117535,306163,166258,25760444,ransom,
359393,20365,69920,25277,5040341,ransom,
3247198,394439,510915,256630,23539599,ransom,
2019484,158139,584976,321377,19862488,ransom,
1348550,46593,186721,112244,27114708,ransom,
575193,59509,321091,186621,2832298,ransom,
2154751,190146,597002,463797,8673332,ransom,
1033671,8328,107393,85850,22100372,ransom,
1637655,103922,325139,186370,23087267,ransom,
719662,25579,57148,35775,15849981,ransom,
474749,49633,181847,111339,1911373,ransom,
421083,46435,155609,87068,1704000,ransom,
47678,5862,22400,13001,207285,ransom,
1201542,121423,432639,249077,4670807,ransom,
6342,609,4211,54,31710,ransom,
405370,41836,151850,88582,1585515,ransom,
404390,43197,152141,88263,1569202,ransom,
160683,14788,56121,15194,968973,ransom,
7074913,488711,686991,226962,64119554,ransom,
5311293,498113,406286,122960,24953246,ransom,
7408311,855938,325614,154629,39265062,ransom,
5943374,603439,495348,173670,29804845,ransom,
4370179,527693,395473,106965,22594039,ransom,
5462026,630901,817578,338394,26745430,ransom,
5219523,606138,692884,307019,26604291,ransom,
4738365,565099,535885,183483,24083057,ransom,
4901220,575551,640438,262257,24483615,ransom,
3612663,429516,345036,108963,18362891,ransom,
975436,107023,403639,228821,3758106,ransom,
7266,709,5055,137,36330,ransom,
358401,37503,133579,73066,1370162,ransom,
1190658,52134,198753,107101,20005290,ransom,
2755398,14058,51981,23730,65738236,ransom,
1201667,135799,458183,250050,4672013,ransom,
9388,1075,7560,1829,47449,ransom,
2022729,61052,176994,104132,41897107,ransom,
1628755,89886,206204,107886,29227826,ransom,
68132,8857,30613,17473,295871,ransom,
999197,115214,419050,243607,3855980,ransom,
455272,23590,21816,4283,9678240,ransom,
344175,41707,140125,77369,1364877,ransom,
1602635,72367,230752,113313,29129772,ransom,
2832052,39037,89050,40744,66738710,ransom,
1493832,146914,530026,291384,7869428,ransom,
7057,711,5531,98,35071,ransom,
848381,30824,127972,75899,15488865,ransom,
561956,54791,193462,105574,2097665,ransom,
12307,1636,11334,4247,61554,ransom,
1801913,89325,324050,178538,28132801,ransom,
611599,9856,29248,12952,13306497,ransom,
149048,16399,64248,48408,592968,ransom,
830807,89650,318408,182577,3516046,ransom,
2267053,60483,202558,119756,49303145,ransom,
3875231,493280,876125,458868,17920874,ransom,
223387,22468,112654,75804,1282017,ransom,
285604,14505,150713,83732,5373143,ransom,
4465893,323348,823693,553903,53875399,ransom,
470269,10002,22243,11178,9744472,ransom,
751617,78488,273109,155989,2894755,ransom,
64715,6801,26471,8257,290809,ransom,
332207,3050,18316,9600,7660617,ransom,
2196701,131396,335643,179274,36803999,ransom,
1345685,25370,58606,32819,31004697,ransom,
2550840,179233,563570,311760,34034686,ransom,
203938,7034,16576,7131,4364417,ransom,
7414,714,5384,103,37060,ransom,
845606,83598,328565,190356,3251796,ransom,
2334751,44194,52637,25911,56288599,ransom,
750183,83208,288854,158319,3344641,ransom,
108065,11625,50827,27867,329755,ransom,
16194,1899,11654,5271,73719,ransom,
4749193,529870,756323,251787,32016138,ransom,
233090,12781,30237,17020,4314564,ransom,
1162226,104279,379520,207803,8057035,ransom,
579326,24126,374378,306536,1979646,ransom,
329546,4539,68467,58404,6232076,ransom,
3777815,157417,532085,290570,67397309,ransom,
148875,5718,28666,14476,2847086,ransom,
656333,72319,271592,153253,2546141,ransom,
329086,38266,140196,66642,1254703,ransom,
795506,15800,34113,18977,18723908,ransom,
807075,84901,304201,159196,3137079,ransom,
31131,3903,22456,13627,134058,ransom,
2516776,136276,344946,183337,43490317,ransom,
1276026,45865,184738,85162,22995067,ransom,
659573,7204,28892,15943,14923533,ransom,
801121,82908,301833,163711,3111360,ransom,
75375,10301,50177,30928,345002,ransom,
482070,49429,170875,92842,1898280,ransom,
1836489,112464,259892,140402,34438370,ransom,
2088656,61175,40017,19340,49985212,ransom,
897328,85717,315432,174055,5028952,ransom,
605477,2267,14217,5412,14694229,ransom,
1025743,95080,339413,183059,5595041,ransom,
908324,56171,180080,86862,11413507,ransom,
352356,1820,12273,3477,8331048,ransom,
1059905,103969,477888,295268,4020712,ransom,
14980,1987,13369,5790,74497,ransom,
427983,43262,176697,106001,1658258,ransom,
474843,41325,207160,128689,1792911,ransom,
959217,33386,53863,32061,21767802,ransom,
1126529,86253,311127,178745,10399609,ransom,
2987204,396965,523741,276075,14913510,ransom,
374610,41597,157091,91093,1556219,ransom,
1462378,117222,451662,250110,13412471,ransom,
77911,6290,138333,75391,859285,ransom,
2432774,361201,699007,488783,9894307,ransom,
215545,35088,42729,33603,807510,ransom,
211191,24728,95232,59373,787333,ransom,
1221289,74248,303691,175440,16435328,ransom,
3149100,74793,89975,43180,74425910,ransom,
1786071,115922,354351,208121,26570198,ransom,
2430312,83972,156294,87993,51702187,ransom,
298981,34142,130348,81654,1196484,ransom,
976262,100970,366207,187085,3854217,ransom,
48290,6987,24268,12968,229902,ransom,
1705729,140164,332236,170936,24751802,ransom,
15979,1998,11984,4668,71214,ransom,
296452,32235,129244,78701,2424773,ransom,
941091,76786,269076,133771,9708600,ransom,
11934,1532,9997,4218,62643,ransom,
2740194,138335,366382,180607,49230687,ransom,
198323,1614,11112,2837,4581059,ransom,
1468259,145851,140969,47418,8183206,ransom,
9264251,724974,1160705,468289,80477648,ransom,
7475307,614192,572799,43605,38700438,ransom,
8351281,673113,873011,212129,42375735,ransom,
8931909,770078,631714,76883,66720117,ransom,
10928715,737310,700208,41948,56595590,ransom,
11601568,822974,955318,211065,59260444,ransom,
9851403,696103,587920,50706,55797341,ransom,
11474793,828586,976157,215106,61530365,ransom,
7993185,566571,512471,76304,41173336,ransom,
6636959,443429,478452,61513,48663687,ransom,
8588468,580037,1096467,367572,90115811,ransom,
6831584,527249,647152,85199,53810609,ransom,
7666347,575980,943404,217480,38278944,ransom,
5874461,385164,379459,36209,30502124,ransom,
5970253,392485,378788,19054,30918698,ransom,
9734816,704749,1250276,316339,94618683,ransom,
6281166,423052,356443,31719,52885975,ransom,
1212396,122972,403473,218979,4885124,ransom,
61218,6491,28599,17668,273100,ransom,
933289,26895,32218,14025,22280528,ransom,
1207150,124990,447856,233808,4696508,ransom,
659476,8921,37586,21966,14896400,ransom,
747132,78440,279542,165810,2882687,ransom,
72161,7297,32551,14391,314439,ransom,
1355752,15384,45225,22708,32283886,ransom,
1247653,104511,314343,188608,12745880,ransom,
247916,3218,14758,6411,6080508,ransom,
1939107,99116,374551,224021,30483692,ransom,
2520524,346804,426620,191852,11960528,ransom,
2059730,102273,323006,154532,38835361,ransom,
2215342,176015,564713,298050,25746097,ransom,
508822,13208,235981,121641,10640072,ransom,
2546346,264390,675693,499704,9923640,ransom,
268430,26871,95667,40500,1037440,ransom,
1229381,6373,35389,15928,29634896,ransom,
1421624,112529,416146,228658,14129853,ransom,
46031,5905,20963,11722,216452,ransom,
404402,42595,153626,80176,1572201,ransom,
468285,50548,179383,94892,1844283,ransom,
223719,10521,13066,4570,5199573,ransom,
3145385,179635,495781,257045,51797504,ransom,
1396239,12609,58089,28198,32854710,ransom,
460861,43946,151178,79682,2656019,ransom,
939575,50454,164275,88775,13071464,ransom,
7435,724,5254,60,37171,ransom,
912221,87377,393530,252241,3475715,ransom,
1849074,36491,38509,15323,44673806,ransom,
1356103,87245,190956,100714,24036448,ransom,
1928987,87037,286637,173124,33908458,ransom,
2133277,20454,51922,28782,50690704,ransom,
1233464,136353,467181,247914,4848061,ransom,
6174,594,4370,117,30870,ransom,
2162223,127394,197808,107807,44664534,ransom,
1530531,80829,229556,109556,25492336,ransom,
7226,727,5764,40,36121,ransom,
994359,103049,412583,259855,3813602,ransom,
73156,1471,65043,54673,241414,ransom,
2185988,69198,184366,96412,45703260,ransom,
477453,47607,167812,89033,1784643,ransom,
472881,18005,18069,7339,11363410,ransom,
1741086,135152,473708,259013,16619892,ransom,
259811,4056,7602,2399,6063947,ransom,
448161,34872,125501,72508,4750877,ransom,
774506,81484,302837,162057,2862233,ransom,
645519,4611,21129,9779,15254665,ransom,
1076768,91515,312332,189050,9627961,ransom,
1308531,32571,33834,16554,31374543,ransom,
817531,29970,97481,61839,14811534,ransom,
678004,70261,248749,129478,2608729,ransom,
199858,19325,69128,33679,852745,ransom,
1376979,144511,528573,297434,5325007,ransom,
7308,747,5920,74,36540,ransom,
48692,6496,40916,28078,374627,ransom,
783930,80765,292655,168193,2914115,ransom,
558738,48286,121682,10863,3147282,ransom,
6873461,534759,596218,231076,29260596,ransom,
5594780,618160,271550,55174,25726889,ransom,
5124187,582676,350441,123044,24224932,ransom,
7755747,949746,1208219,549682,38532330,ransom,
4473869,531794,415133,116271,23141687,ransom,
6168779,657762,884155,402621,44059016,ransom,
3917108,407987,584109,259808,32325904,ransom,
5884893,650137,813073,468046,28441146,ransom,
4403370,505198,615044,270718,21450181,ransom,
19055,2395,14429,5463,88440,ransom,
809746,83615,302984,178835,3158030,ransom,
12821,1484,8702,2546,61455,ransom,
555799,2838,19069,8163,13196333,ransom,
847167,88398,318067,187537,3314541,ransom,
15088,1621,7717,1935,69365,ransom,
2306831,162616,329021,173779,40363459,ransom,
3505419,158586,224581,109579,75393749,ransom,
441218,27696,20007,7959,10155022,ransom,
809144,84724,304561,178860,3152606,ransom,
8498,891,6469,878,42839,ransom,
429317,46247,176367,105127,1676329,ransom,
483556,43684,164078,91671,3261540,ransom,
7793,711,5376,45,36541,ransom,
1253170,97661,318288,186180,12815648,ransom,
1235318,61425,53545,28064,28919010,ransom,
2530214,144290,322428,169150,44389397,ransom,
1051152,50185,180424,109601,16006025,ransom,
11256,1215,6364,817,53245,ransom,
898429,98419,328275,179322,3918196,ransom,
1848691,64527,85801,42202,43793444,ransom,
2602093,114148,224486,120758,53522074,ransom,
2626811,94903,294435,168028,51442543,ransom,
1022614,10038,51514,29303,24086651,ransom,
1157368,113231,386793,220023,7169329,ransom,
21824,2816,16625,8747,100869,ransom,
1454725,95598,302792,167378,20777203,ransom,
993733,61629,199062,106059,13401103,ransom,
7266,699,5066,121,36121,ransom,
1029074,88843,316272,193449,8054283,ransom,
948267,46598,28716,12905,22811218,ransom,
2603683,104600,213597,112269,54290599,ransom,
2521190,116988,187966,93862,51186526,ransom,
2095760,109187,56697,30336,50744651,ransom,
1567447,115914,408716,228916,17506649,ransom,
2761089,11518,42585,19705,66869606,ransom,
670279,78092,260283,140778,2558398,ransom,
2430766,126484,238358,113926,48544020,ransom,
2569673,106297,59762,26624,61539166,ransom,
2700856,121131,345082,178931,49100006,ransom,
2716531,190344,152963,49408,27371929,ransom,
4321100,484495,489989,178206,21343853,ransom,
2322609,275759,349801,151445,11369090,ransom,
5160221,405035,285057,49452,65154150,ransom,
4064194,517594,871809,431902,20849095,ransom,
733894,10159,63951,33268,16503834,ransom,
971849,78547,254016,158059,11449982,ransom,
946277,104074,467558,235741,4256911,ransom,
2681334,200194,502594,391145,27387447,ransom,
2285188,158129,393670,231645,36956841,ransom,
1114473,39699,149989,72885,21369056,ransom,
1823906,38619,88005,52344,40122757,ransom,
669723,73268,251511,120090,2602061,ransom,
1105994,24197,17964,6203,27672694,ransom,
2098015,126404,345288,178930,32483414,ransom,
7182,723,5736,41,35910,ransom,
336080,37281,130799,71401,1291868,ransom,
876001,89481,323165,167304,3428241,ransom,
13840,1706,9287,3915,67047,ransom,
805840,84104,306355,173652,3142831,ransom,
418764,19645,18536,8298,9845182,ransom,
306056,30048,182374,133187,1094757,ransom,
621152,61424,227626,116768,2450831,ransom,
7266,702,5147,167,36540,ransom,
778105,81998,297295,169438,3103354,ransom,
80601,8907,30571,14949,282043,ransom,
2152780,51964,92284,44396,49602413,ransom,
1300260,137889,511907,283379,5017509,ransom,
8634,932,6485,1629,43528,ransom,
2134481,122758,264433,146628,38685710,ransom,
1544521,69898,94228,39141,32844221,ransom,
1093708,46922,16651,3340,26522591,ransom,
2172458,138293,391489,239011,34527014,ransom,
1734211,77221,47019,22570,41001261,ransom,
4729049,242889,254372,133752,104049699,ransom,
3303646,41345,142437,66963,74103873,ransom,
1701913,19873,40551,19410,41083984,ransom,
1612792,143275,472694,243848,13860301,ransom,
34241,4457,24394,11339,145276,ransom,
939155,94866,367708,151515,3869618,ransom,
707931,65283,260876,59555,2949259,ransom,
1697196,116549,198426,44555,32376209,ransom,
3324521,220600,614353,310094,51595848,ransom,
391039,45148,182869,66205,1728780,ransom,
1956311,144598,407628,194190,22276236,ransom,
2480277,117227,290544,142146,41162850,ransom,
91020,4617,25336,12418,1345465,ransom,
2607106,210952,787693,276075,14323247,ransom,
1908135,15742,52637,27468,44752695,ransom,
1447903,62286,184047,96557,26470717,ransom,
1485023,59095,174264,89390,27331484,ransom,
7392,721,4975,34,36960,ransom,
802517,83118,293857,166956,3118057,ransom,
18120,2551,15149,6716,93563,ransom,
3264600,427857,638099,326222,15883093,ransom,
3240481,334111,475815,196577,14921847,ransom,
3999765,464781,429992,160132,20944173,ransom,
3312084,289910,723592,364868,35553851,ransom,
2932029,229295,553003,396495,39106899,ransom,
4999551,392177,419571,162772,61512354,ransom,
2157430,44986,158410,80169,44131432,ransom,
223586,4548,19610,10197,4719333,ransom,
979901,105323,391704,223566,3778598,ransom,
1445334,105661,201449,100820,21505771,ransom,
626928,70657,205646,112505,2537413,ransom,
2347934,73542,174428,89952,49038877,ransom,
2167014,39278,42076,20125,50944453,ransom,
2036222,145165,451781,234880,24856523,ransom,
1156303,44790,29444,12185,27730938,ransom,
504090,44192,163262,86219,4160757,ransom,
604127,47453,153864,86461,6101846,ransom,
29202,4811,28794,18859,124986,ransom,
805880,82705,297707,171759,3136511,ransom,
1572311,86230,43995,20571,37858747,ransom,
406495,42684,153274,88307,1591171,ransom,
2674657,342174,701770,301935,14117704,ransom,
3722004,410803,312086,107831,27900292,ransom,
3796763,440827,799134,381604,24309950,ransom,
1195660,5256,32102,14078,28605764,ransom,
328366,34948,124800,70709,1272376,ransom,
484891,49611,176095,90641,1893539,ransom,
605011,3203,88609,73400,12661339,ransom,
802937,82420,295887,172250,3119995,ransom,
512321,64535,134330,75931,2734492,ransom,
912708,64262,162428,99711,11808610,ransom,
1059728,69940,231809,127970,13544201,ransom,
430529,10310,13345,4435,9694855,ransom,
1851561,160739,548644,315467,16955592,ransom,
1381315,14720,38682,17307,32899781,ransom,
183113,20970,76531,48701,749803,ransom,
673794,69392,252611,141979,2609840,ransom,
127231,6611,93238,77834,460687,ransom,
804637,90971,314330,173480,3129441,ransom,
22061,2719,16401,6947,97733,ransom,
2758002,118321,86009,40824,65501771,ransom,
803024,84909,316410,171903,3033268,ransom,
174687,3806,140862,126324,558185,ransom,
2646788,162102,287425,151666,50563442,ransom,
927057,66330,228291,101512,10931976,ransom,
8812,1095,7761,2235,43721,ransom,
890294,82389,298914,178119,5407249,ransom,
921188,3371,20700,9367,21874718,ransom,
785789,55379,172226,100553,9079197,ransom,
546860,55706,194465,104040,4066820,ransom,
2192062,104973,136743,75702,49419199,ransom,
4573401,496187,826137,408347,40664885,ransom,
390378,24767,273813,209188,1746344,ransom,
525933,62562,319707,194676,2429236,ransom,
2799826,279525,853453,564620,11494460,ransom,
49677,6739,24304,13549,235525,ransom,
1128019,153349,396041,241837,4393956,ransom,
1587239,18421,41695,19217,37928618,ransom,
406687,43407,154521,80604,1583415,ransom,
1314829,167243,261966,97139,5697704,ransom,
2031966,268535,215614,28828,8980878,ransom,
1454431,113741,419359,229429,15030685,ransom,
11536,1584,9864,3244,59553,ransom,
783052,49812,177277,91726,10512645,ransom,
814295,91264,312655,165481,3163181,ransom,
556018,8552,16798,7414,13581116,ransom,
1532244,99696,359822,201354,19405457,ransom,
476250,11626,32066,19577,9760969,ransom,
2308261,61747,194996,105732,47636260,ransom,
1080444,56837,182735,93310,16147080,ransom,
674021,17797,32784,18650,15790743,ransom,
2328745,136096,334999,186663,40123318,ransom,
282387,13472,37133,21372,4891413,ransom,
368389,40206,148002,77685,1483755,ransom,
862327,94280,328845,165945,3323609,ransom,
464743,3745,14607,6352,11654771,ransom,
1449995,109120,414799,244720,14341201,ransom,
7351,714,5123,206,36751,ransom,
456715,23274,97593,66841,8149948,ransom,
1795093,87143,251482,120249,29798870,ransom,
305228,2420,14065,6625,6860286,ransom,
807742,83117,294550,160512,3141608,ransom,
11220,1406,8952,3126,57077,ransom,
301097,32983,118254,71510,1188647,ransom,
917336,93373,328265,167163,3556830,ransom,
1305076,42434,84637,47036,28264572,ransom,
3318433,170500,371599,194812,63573533,ransom,
759313,15905,26493,13036,17814288,ransom,
286343,34620,115567,77159,1186811,ransom,
622968,62458,214289,119970,2434682,ransom,
434290,15016,19029,8941,10647160,ransom,
4194909,273493,491649,267316,78421927,ransom,
379188,12177,40586,14605,7675526,ransom,
7435,731,5371,60,37171,ransom,
1285933,122641,503322,298185,4933644,ransom,
8897,1126,8556,2661,44352,ransom,
1623593,131691,281304,159179,25191229,ransom,
302171,35210,142569,71967,1187250,ransom,
1538431,70612,27620,13510,37398439,ransom,
1300402,98361,319406,181527,14464109,ransom,
3210566,383446,515414,261075,24298069,ransom,
1107762,58326,219960,118905,16910824,ransom,
2276386,106560,316197,180215,40914749,ransom,
583933,30251,86412,45981,9819343,ransom,
2708969,278349,926107,596322,11944671,ransom,
1726653,80138,100568,75480,33812875,ransom,
453341,44649,197549,119366,1739870,ransom,
589589,66193,260896,144657,2280567,ransom,
537873,4680,21127,10125,12916982,ransom,
1497102,93390,338539,195906,19285567,ransom,
2261657,102070,166417,87436,47185296,ransom,
2352651,92369,231895,126713,47461898,ransom,
595256,49930,182349,105700,5401684,ransom,
7435,718,5831,40,37171,ransom,
1955089,126221,450733,258599,22910518,ransom,
412151,3134,20963,9046,9544598,ransom,
406839,42456,154775,89420,1584000,ransom,
427838,44952,173002,103283,1670845,ransom,
241171,9082,36408,20553,4665358,ransom,
2046767,126885,332493,174138,32817852,ransom,
14892,1670,9263,2149,66083,ransom,
811341,43959,159411,83562,11290872,ransom,
2160025,87987,193443,112962,43000173,ransom,
2418911,42348,87757,40898,57102901,ransom,
2984980,165277,478059,276668,47052969,ransom,
9590,1246,8348,3241,47441,ransom,
1359121,51315,166322,95570,25573251,ransom,
854933,62706,283328,182879,8213170,ransom,
80224,14772,29802,12891,362944,ransom,
810195,93278,316685,174860,3380005,ransom,
61863,5579,14993,5786,101178,ransom,
843497,52367,121684,67132,15080927,ransom,
1237804,83025,233084,113084,18477330,ransom,
7350,712,5281,98,36750,ransom,
2523612,204264,635522,332579,27822931,ransom,
1298170,9897,43016,23499,30574427,ransom,
2004152,45651,163271,96188,42488258,ransom,
1002070,95546,392050,235304,6985341,ransom,
515500,17399,25718,11640,11776395,ransom,
863468,101738,363800,212316,3307822,ransom,
1269470,63791,132220,34820,24465989,ransom,
2014582,99050,426951,241324,33546799,ransom,
2669172,126794,800038,497746,33678528,ransom,
563258,46216,209866,50195,2394025,ransom,
2856855,188145,619091,281264,35866939,ransom,
719025,67630,152822,29557,3394187,ransom,
1974908,57144,157885,88825,37024502,ransom,
1221700,73801,234687,121703,16946296,ransom,
1761468,86652,376016,51507,17664380,ransom,
752327,78083,275365,155788,2898328,ransom,
2867835,389715,548960,273069,14251554,ransom,
224474,27054,98717,61205,904436,ransom,
1057188,93075,501615,340977,4416167,ransom,
115870,9788,152554,83681,1672015,ransom,
4793043,385698,864078,587509,60988354,ransom,
1286047,56399,113729,53971,23689800,ransom,
8347,920,6672,2333,48518,ransom,
941224,88611,300200,158931,6274448,ransom,
1422075,63436,41587,18350,34246884,ransom,
3563427,194092,384685,199578,68478232,ransom,
1415910,63787,52746,26194,32320649,ransom,
66842,8257,33520,19573,351316,ransom,
1863431,101358,311524,161074,29310198,ransom,
10838,1331,8446,2228,54868,ransom,
1690815,125932,447520,245017,17535591,ransom,
84288,9353,39490,13248,357504,ransom,
519904,4237,26251,15950,12206048,ransom,
1542473,101313,344005,191205,20136145,ransom,
1430107,27970,31018,18021,34267659,ransom,
1793853,120779,294444,176641,29865315,ransom,
2531616,93403,179593,88456,53198154,ransom,
3264979,45261,72794,34134,78457931,ransom,
1209040,98296,341995,182260,11851176,ransom,
7268,707,5468,59,36332,ransom,
1543875,94362,326891,176245,20200370,ransom,
397374,40859,151629,77476,2009246,ransom,
7350,718,5254,184,36540,ransom,
3363677,179601,433713,239249,61084816,ransom,
1832446,13533,34624,14100,43424724,ransom,
1831900,48252,167854,87292,35982543,ransom,
492218,43823,158169,89300,3525920,ransom,
1065658,6264,24478,12110,25888620,ransom,
2716922,160872,330208,174094,48998965,ransom,
1147120,18220,24797,13171,27593825,ransom,
3208169,142683,380204,191200,60276343,ransom,
765654,57000,193310,105595,8683453,ransom,
57931,7857,28635,15730,277142,ransom,
836023,92401,326151,176889,3256997,ransom,
1891421,66672,39166,21289,45670652,ransom,
1171910,46449,167914,91882,19716913,ransom,
551132,55219,179709,94080,3648082,ransom,
1704260,41971,110494,59527,37024458,ransom,
2526184,101687,346276,177655,44589646,ransom,
1007276,5345,19745,10109,24479743,ransom,
1038167,99980,381208,211716,6210027,ransom,
915832,52790,176578,104848,11367177,ransom,
7666,831,6430,595,38158,ransom,
3744728,189139,453211,247487,70475494,ransom,
791843,6150,30537,14969,18557760,ransom,
1258342,74565,181391,99263,21635508,ransom,
5262027,463874,510201,253510,74913884,ransom,
1708509,120223,338452,158289,28897169,ransom,
1077273,103364,385403,218580,6433758,ransom,
107709,9979,181443,96620,1107887,ransom,
2250288,216961,575853,437754,9082797,ransom,
2113290,112757,443758,235825,30413930,ransom,
6311,666,4705,410,31476,ransom,
813403,84927,309580,174659,3180661,ransom,
2213918,132658,101175,47530,37028379,ransom,
1396825,96268,147452,77855,26982563,ransom,
3349639,132919,255054,131725,69754731,ransom,
1996799,44222,56142,26278,47853074,ransom,
2902691,111637,346969,186022,53467786,ransom,
259771,4306,9302,2293,6124925,ransom,
551538,42053,140853,81504,4915508,ransom,
1346491,96098,335465,186747,15167976,ransom,
663374,10859,33931,19368,15060720,ransom,
824696,89044,330329,178629,3207644,ransom,
17624,1998,10653,5358,79113,ransom,
1870559,47166,154656,87895,40161308,ransom,
587160,58411,196336,93102,2318657,ransom,
6342,610,4269,57,31710,ransom,
1927260,119491,341713,186930,30299104,ransom,
334437,9776,23681,10055,7174200,ransom,
2219957,33601,303659,255998,46050616,ransom,
3477558,182730,553359,297209,58178056,ransom,
509225,9830,21625,10820,11724648,ransom,
1142844,84011,306185,170337,12135916,ransom,
1044480,16846,54134,24380,23549329,ransom,
1127484,12724,66538,44985,26215546,ransom,
1204461,132276,414782,247954,5210643,ransom,
27598,4109,28907,15343,146317,ransom,
1250254,92491,323964,190300,12788142,ransom,
2280120,30891,90166,52707,52971525,ransom,
2389704,62086,81920,39253,56745492,ransom,
1574483,142340,450297,251397,12706104,ransom,
20169,2826,16522,7686,94745,ransom,
1026847,78637,285355,176119,9828987,ransom,
1364300,31118,50245,21559,31491432,ransom,
11518,1400,8880,3381,57529,ransom,
803368,84141,301756,162263,3122498,ransom,
9361,1036,6859,1747,46638,ransom,
910521,86730,279850,157351,8546182,ransom,
2753862,80226,105671,47433,63154818,ransom,
274376,5952,34130,17881,5609375,ransom,
3597081,198972,516790,271461,62348619,ransom,
447841,13690,33447,13502,10237091,ransom,
3249383,168909,405483,233015,61698384,ransom,
408584,22721,72032,27734,6122424,ransom,
1598452,37182,67804,42883,35562732,ransom,
5499977,524563,729558,371607,68334979,ransom,
1191508,56162,232636,97698,21189366,ransom,
1635367,86762,311415,180389,25878878,ransom,
1219294,70350,295429,156414,20750993,ransom,
2387757,186756,468676,368346,20585328,ransom,
2233680,177198,579809,311170,25808280,ransom,
782097,8376,38215,17467,18082342,ransom,
1462525,57499,216382,131996,24776691,ransom,
2022678,61326,170122,91346,42266212,ransom,
551281,3944,15579,7663,13394695,ransom,
2207767,116199,428218,235339,32478990,ransom,
1891829,16816,55073,28468,45473872,ransom,
975022,54317,191267,108943,14467413,ransom,
2246477,92910,171683,86901,46238240,ransom,
558548,12299,35677,19366,12256574,ransom,
2435569,169828,470118,258918,34826411,ransom,
2054578,104350,60584,30223,48368357,ransom,
1583282,89288,308162,193508,25730722,ransom,
1205546,48241,165948,86708,21016107,ransom,
689980,11501,21202,8951,15279570,ransom,
1113385,97559,342116,177795,10127038,ransom,
682080,28077,28581,16057,16210992,ransom,
442622,47852,166148,83838,2296606,ransom,
403411,46767,160698,80307,1572492,ransom,
6218,599,4380,61,31082,ransom,
1207494,136040,467431,262798,4702531,ransom,
2875228,22645,71967,32480,68852184,ransom,
1051406,51517,156715,94714,18579752,ransom,
2664944,109778,226238,111533,53866037,ransom,
110811,14556,35849,20506,531940,ransom,
1977258,109612,334469,182666,31350089,ransom,
635196,13253,30110,13865,14768809,ransom,
653758,52633,206358,133270,6422358,ransom,
412361,41893,154204,89566,1591916,ransom,
567764,19009,21739,10788,13533588,ransom,
1837329,166510,494289,264209,18787717,ransom,
23007,3108,16769,8125,107352,ransom,
2148520,117495,189847,98756,44293550,ransom,
2841831,128074,256893,129140,57640668,ransom,
105003,8196,33444,15823,1368529,ransom,
1229703,138093,499237,299500,5197774,ransom,
2126990,94919,152198,77928,46866498,ransom,
1685489,64174,190852,100588,32212665,ransom,
456484,51530,177804,98610,1805257,ransom,
14551,1684,10401,2708,65167,ransom,
1247368,140671,484749,257310,4884156,ransom,
567522,41300,173275,61840,6800448,ransom,
1316970,77731,301710,144678,18440439,ransom,
914238,93002,343824,131000,3768839,ransom,
504136,44363,167809,15052,2192926,ransom,
3695532,484863,997425,434203,17547430,ransom,
2109738,147852,401319,143672,32912506,ransom,
560524,54990,196441,131375,2843046,ransom,
817634,77437,374189,189411,6012605,ransom,
3944396,273968,854014,425804,33150925,ransom,
2172861,172175,556870,307219,21871847,ransom,
777831,16671,36754,19720,18206956,ransom,
1958010,44578,104171,59634,44787089,ransom,
2365560,120808,431825,242131,36643129,ransom,
1543006,39425,38792,20393,36000686,ransom,
1415368,105219,343077,186284,16405927,ransom,
42774,4193,24334,12120,454121,ransom,
42392,5464,19055,10883,200722,ransom,
814859,83896,305167,179309,3167500,ransom,
11820,1461,8689,2939,58683,ransom,
1350891,141192,519107,286395,5268733,ransom,
53918,6146,37470,21347,215694,ransom,
911707,26395,34018,17777,21697029,ransom,
1384329,98176,341582,175314,16363230,ransom,
57973,2133,13152,5062,1490265,ransom,
3486911,122322,357707,197088,68493192,ransom,
1735777,39159,68287,27284,39838661,ransom,
7604,735,5556,25,38012,ransom,
2610560,123411,339986,189709,47021881,ransom,
837577,27036,37636,18809,18187974,ransom,
2536394,104736,390363,222943,42267680,ransom,
1250131,51445,206294,94806,21312831,ransom,
1828704,27597,95102,45646,42127774,ransom,
1135222,98968,334203,183782,10758459,ransom,
1636666,53122,58751,28665,37862054,ransom,
1424749,96696,382502,218576,17973142,ransom,
2473257,75343,152202,65360,53712522,ransom,
9187,954,7068,1035,46307,ransom,
982528,108961,395585,224694,3793583,ransom,
7435,715,5202,63,37171,ransom,
1020444,111824,395178,230394,3931299,ransom,
579660,66503,254205,131398,2252874,ransom,
2277835,101657,71810,35956,54593158,ransom,
1321157,93657,326681,171856,14788782,ransom,
804178,3005,19333,7944,19201358,ransom,
417357,43807,163725,89529,1651481,ransom,
1313354,81003,194699,99561,23399508,ransom,
2867726,110131,66013,32321,67012411,ransom,
1259543,98561,323164,194131,13497460,ransom,
14113,1729,11291,4926,66053,ransom,
2183857,97695,221177,134694,42562485,ransom,
3231739,155422,472143,242360,58464350,ransom,
580615,26268,26613,13813,13870078,ransom,
1772312,98953,338869,185613,26065078,ransom,
49086,7130,40474,26311,280436,ransom,
745807,79872,257504,154984,3507201,ransom,
3203375,424500,648684,327236,15421561,ransom,
172797,16238,87408,59333,1072518,ransom,
1623324,135422,977595,681876,6360306,ransom,
2194699,182025,793398,662866,8905302,ransom,
539156,42747,109420,76753,5006620,ransom,
1276083,118096,382841,196691,9520155,ransom,
2065918,97647,99349,51072,47873691,ransom,
1251609,91524,309248,171369,13473457,ransom,
1345493,48520,45970,27479,32175793,ransom,
2242164,56005,120024,79550,49650740,ransom,
1332715,121237,408479,266081,8759548,ransom,
1191854,53900,159414,126704,21991516,ransom,
2268383,108989,675966,499553,30620753,ransom,
1523733,74744,558073,486459,17441714,ransom,
957487,16012,72336,55065,21132982,ransom,
1187607,130788,447454,250762,4513139,ransom,
16845,1966,11932,5260,89585,ransom,
1545002,183959,567886,368346,5929147,ransom,
114785,12352,26562,6287,561921,ransom,
335418,30527,121619,73733,3206454,ransom,
2469118,133766,263799,120864,47398785,ransom,
49852,3298,13039,4504,912949,ransom,
778051,80194,291216,172401,3088470,ransom,
77569,8628,29498,13309,271847,ransom,
12002,1640,11580,5189,58942,ransom,
2053298,152393,562027,315668,21788841,ransom,
2282705,84213,46405,20159,54765694,ransom,
2428539,151754,274834,158714,46170852,ransom,
836344,49283,168974,86706,11222885,ransom,
11952,1382,9137,3427,59446,ransom,
1827617,91123,318374,186599,28021510,ransom,
920361,18377,44189,17691,21421608,ransom,
499888,52380,183272,107351,1976794,ransom,
315478,35937,132775,59814,1202818,ransom,
36773,4336,12150,5336,156028,ransom,
2686686,130526,455891,253130,40793756,ransom,
2171708,26091,28785,11029,52538005,ransom,
2084194,46495,169007,93824,42496977,ransom,
2238054,50479,177251,93107,45276312,ransom,
2841288,75736,77097,37315,68107349,ransom,
5401731,234772,428046,235375,110154674,ransom,
1452275,4856,21083,11361,34786127,ransom,
404304,42678,150582,90194,1572509,ransom,
521592,46295,248507,159723,2007475,ransom,
8938,1128,8673,2006,44353,ransom,
1377303,143682,528759,299409,5324390,ransom,
1598508,118077,389890,33317,16062185,ransom,
3955454,322347,765894,119920,16417974,ransom,
7155037,507912,311978,134950,29131124,ransom,
6694922,725579,509285,202905,29634703,ransom,
8154367,703887,852490,428247,49397564,ransom,
7668902,488775,252874,109830,32384270,ransom,
7215908,499818,478170,221084,30733648,ransom,
9201436,866624,865468,555997,40252166,ransom,
5550648,576406,430015,151836,26445853,ransom,
8275646,879637,658334,330015,36486316,ransom,
5636252,566672,362382,105014,26488099,ransom,
8780296,733113,579563,241603,138365103,ransom,
5407089,576103,638415,264357,38333434,ransom,
5870872,616393,608796,235558,48376031,ransom,
6764900,669524,1539548,993580,40551288,ransom,
7006562,675762,750154,361281,53682497,ransom,
7333268,801905,830807,362546,40903403,ransom,
734626,61615,401437,313452,2768730,ransom,
800007,9184,340533,310820,9173601,ransom,
1246874,124880,444880,241399,6383676,ransom,
2218509,58466,48413,23905,53404426,ransom,
1332731,57212,577444,483458,15012142,ransom,
1251713,86867,522742,373591,11011333,ransom,
7519,734,5491,53,37591,ransom,
2256860,148670,510348,297583,31197600,ransom,
1623392,4511,26471,13285,39004029,ransom,
550529,43597,158568,96122,5377084,ransom,
2085735,60485,195199,97291,40912132,ransom,
3722352,249343,277906,93150,51657220,ransom,
5171713,632010,843740,348568,23171466,ransom,
6392539,629388,250843,84493,28930211,ransom,
4715697,563955,553783,158335,31746751,ransom,
5205704,607555,618681,236788,27254084,ransom,
4707858,542308,386212,94507,24392481,ransom,
5404940,569557,646568,286017,48478250,ransom,
5937216,485173,376547,132829,81292873,ransom,
5437947,542630,437456,131360,41537612,ransom,
6338979,677663,776707,307014,41477949,ransom,
4445862,514108,387610,120958,22673580,ransom,
3691070,187978,492187,269997,65395039,ransom,
1754061,13394,58309,26658,41036886,ransom,
631596,19481,64800,46313,12027471,ransom,
839028,76077,275398,142455,6013048,ransom,
1167321,46604,29349,12997,27644296,ransom,
750166,76899,276577,161851,2894658,ransom,
945249,31120,51626,19697,21679590,ransom,
2256171,23754,69203,36108,54018384,ransom,
1633259,102153,314221,164729,22565233,ransom,
840086,89476,117454,44307,4652627,ransom,
6015485,640561,692571,271460,26658898,ransom,
4716906,551697,561752,209359,23864397,ransom,
4188776,444425,337639,112222,36529121,ransom,
4873053,549082,683715,295854,24197699,ransom,
4105267,531673,655572,318634,20543913,ransom,
1926712,96660,345615,177942,32900839,ransom,
2341100,149515,498322,204887,33680774,ransom,
795429,60418,474496,214661,3935979,ransom,
3210435,304932,1011047,622761,12977473,ransom,
1777054,83704,481717,285384,24728717,ransom,
3510304,184461,464240,221831,56409437,ransom,
6541939,689763,624008,158631,40299526,ransom,
3058774,128742,518177,262605,43592962,ransom,
1426892,114393,457294,195515,12736160,ransom,
379930,4098,13915,6086,8534591,ransom,
1040087,64337,363153,261162,10380518,ransom,
921853,78536,430886,332680,3353670,ransom,
487149,51911,179676,148076,1860955,ransom,
3021325,178406,730821,513054,40097122,ransom,
308501,4207,261091,238299,963734,ransom,
3151106,145161,357610,193218,58159952,ransom,
337937,36165,134978,64208,1275850,ransom,
444008,10857,367913,332442,1422193,ransom,
1549261,169298,593647,424923,6102393,ransom,
683254,36214,112268,72479,10845520,ransom,
1513672,95314,175593,95937,28322513,ransom,
1576928,77246,228168,121024,28184481,ransom,
943684,20230,37477,18731,22089661,ransom,
974530,84887,450673,315949,3648129,ransom,
555680,62810,107659,60074,2368173,ransom,
1799132,218734,468972,295287,7135701,ransom,
1706280,78741,234775,152817,31130778,ransom,
436498,10918,24372,12767,10157058,ransom,
2076055,176860,514200,347559,23007226,ransom,
2399060,46085,63290,29318,57898342,ransom,
1888723,95246,197600,111182,36061026,ransom,
410970,41622,153368,90677,1606720,ransom,
805863,97715,240794,212708,3098806,ransom,
805522,83450,304884,172244,3119443,ransom,
46903,5717,19744,12629,203336,ransom,
719516,73984,267154,156570,2776714,ransom,
921735,96500,401317,256865,3508223,ransom,
2022053,68810,83907,44981,46249108,ransom,
1134698,88141,297995,182641,10036723,ransom,
1193416,16604,54234,31714,27060490,ransom,
1518840,65951,206585,104921,25566721,ransom,
1419193,88075,330759,189869,20199518,ransom,
2957960,168403,281953,219860,54843864,ransom,
1343921,111975,424856,243872,11281506,ransom,
8997,1112,8070,2638,44552,ransom,
518522,55045,204485,120181,2010824,ransom,
2148943,153445,385120,188853,33786722,ransom,
788142,26701,36858,14119,18615740,ransom,
1654921,112128,327772,171766,24055567,ransom,
5696122,465783,580799,279214,83443781,ransom,
3080767,108044,233916,128678,65754045,ransom,
2927076,122636,362536,186131,56670276,ransom,
2317590,71196,220119,113614,54094461,ransom,
5574765,420990,884867,609797,79742628,ransom,
1671505,30949,114752,51439,36410997,ransom,
3171959,117521,191239,99540,69739924,ransom,
2923977,148483,387720,189279,50945918,ransom,
2062900,22033,726929,661432,33195693,ransom,
2915731,159685,509612,339056,48103539,ransom,
1520032,12759,52993,29966,36190022,ransom,
2280435,92336,281980,170628,44633728,ransom,
2194731,89137,779281,613613,28074398,ransom,
4469354,172962,499662,417723,97853313,ransom,
3259589,126510,992001,800649,45958916,ransom,
1064021,32310,29975,15397,25794860,ransom,
364944,24121,78744,51603,5085225,ransom,
2480734,159355,429364,218572,39065992,ransom,
2080608,58976,102863,51607,47736845,ransom,
3820576,198766,760047,563886,66819328,ransom,
154789,10074,36382,12650,2033294,ransom,
783107,18785,75791,45505,15782402,ransom,
2775482,196818,332039,161922,52618244,ransom,
3948713,204269,123203,56601,95167422,ransom,
3079899,202597,348422,189931,57421835,ransom,
1185411,20036,57853,29728,25905582,ransom,
2070919,62613,312205,254822,43210284,ransom,
3472570,208182,1198156,874690,41352975,ransom,
1695908,11180,124503,90859,38485278,ransom,
1209487,93914,488132,344731,9527397,ransom,
1651793,48085,234400,154381,31758739,ransom,
3312351,141260,131577,57743,78415787,ransom,
1050906,95362,328857,181156,7372244,ransom,
2573369,103026,550428,461925,48701314,ransom,
2628955,83796,308465,176127,48618793,ransom,
1518602,37491,58398,22974,34758641,ransom,
2399832,47665,95057,46730,56546485,ransom,
3069588,184337,667585,392619,43669758,ransom,
1132313,24977,56829,32993,26392898,ransom,
3469956,177055,420866,234335,67016952,ransom,
1670913,38710,96437,33736,36363496,ransom,
477447,6478,25630,11517,11185333,ransom,
2603414,132781,342658,207039,46315738,ransom,
2095052,44210,144803,113789,47806186,ransom,
2801018,107136,702243,563195,44662923,ransom,
1096915,49105,159331,76165,20244200,ransom,
2665293,90074,59661,27871,63776896,ransom,
2527226,176802,494107,276219,37011879,ransom,
1541082,58945,74066,35646,34590122,ransom,
2488309,103990,243730,130656,50689208,ransom,
2996035,403254,611457,292043,14238735,ransom,
2227436,109103,277599,114151,45536811,ransom,
5314667,323440,614907,333290,103062091,ransom,
3327942,169949,101113,41283,79889662,ransom,
4984320,335870,807944,552305,75078735,ransom,
1523693,55748,187629,115021,26543106,ransom,
731357,3356,23966,14779,17655545,ransom,
3419884,218399,533964,281655,57475486,ransom,
1360569,30809,255044,201542,26581914,ransom,
2314629,100012,208146,112197,48415878,ransom,
3341930,97775,384753,264559,64906417,ransom,
864765,8044,38409,18388,20196468,ransom,
1533467,113325,338652,179852,18778621,ransom,
3547421,190615,191310,126837,82572785,ransom,
1200419,83996,341606,240778,16447621,ransom,
2091146,110309,275443,163892,39327224,ransom,
2751608,98467,97223,48861,65700562,ransom,
4255143,261651,538348,266684,77199724,ransom,
1992132,69774,82017,39063,46699052,ransom,
4110792,177457,308543,186049,88134887,ransom,
1380333,50494,349306,257806,20631385,ransom,
1064159,21206,32124,17130,25369694,ransom,
2494924,144287,350551,183729,44097353,ransom,
2223770,68681,66712,33084,52167200,ransom,
1977016,47036,226381,143357,38520527,ransom,
2022087,74613,270066,180233,38277457,ransom,
1706992,18835,302132,259443,33538812,ransom,
2264353,138860,576887,364116,26775130,ransom,
1273338,25895,40930,18523,30541431,ransom,
3703865,162822,456588,324945,73432474,ransom,
1553154,72800,208461,131988,27171526,ransom,
1154731,9902,42085,19082,27315557,ransom,
2088983,108979,408963,248221,30935628,ransom,
1327807,24954,68382,37232,30243194,ransom,
2695644,165810,413433,302731,50660638,ransom,
3418531,200050,304450,166461,71144667,ransom,
1737204,79975,77755,36668,39479297,ransom,
2627613,174417,522396,291027,37843142,ransom,
487785,6326,19180,8486,11854456,ransom,
4083710,138249,247531,122393,89826594,ransom,
3304883,212783,436450,256566,62362092,ransom,
1874888,59448,140493,66593,40563839,ransom,
2374778,174269,544577,331028,33771313,ransom,
3188159,87331,133966,79280,74573305,ransom,
1054439,58174,338527,242119,12595438,ransom,
2483525,102701,289081,196212,49449183,ransom,
1772330,10902,54601,28564,42338674,ransom,
1929905,141911,497536,277217,21587231,ransom,
876819,20530,24545,12247,20886788,ransom,
1198383,59277,174459,93953,19807607,ransom,
5698675,553023,746352,359510,75078284,ransom,
612646,10975,67257,33101,13563164,ransom,
2075380,124198,450841,250954,29078672,ransom,
555672,8266,154237,82414,12753749,ransom,
3144250,195408,498540,392569,36358216,ransom,
1944411,120753,290157,142274,33018133,ransom,
1764103,42466,158330,45075,37600216,ransom,
3849407,246696,679651,290306,58864411,ransom,
3157211,115922,239206,57407,66354469,ransom,
1138146,71207,253397,64433,13066237,ransom,
3473450,233192,606248,270085,49515740,ransom,
1252533,9154,57338,35144,29585474,ransom,
2120554,129223,341156,197301,30601118,ransom,
2155987,90516,393265,57431,26878875,ransom,
1599512,60800,73894,46088,36383989,ransom,
1861631,85495,307070,160757,30024733,ransom,
2772834,72061,83686,42397,65030902,ransom,
3676418,197344,533155,268962,62918662,ransom,
2923365,127103,119326,61017,69057127,ransom,
1496443,84244,65815,34019,34786648,ransom,
2330789,121651,339199,182403,39629870,ransom,
733889,5370,37298,19754,17096304,ransom,
2197199,108036,343234,207162,36381785,ransom,
508064,21628,18607,9558,11974493,ransom,
1224549,36938,51893,29417,28750669,ransom,
2751319,136440,353390,178052,50504728,ransom,
1074216,10106,104654,82659,23807264,ransom,
2734755,133957,525252,314272,40749673,ransom,
737959,27922,58216,24228,15660998,ransom,
694053,14444,163371,143103,12896391,ransom,
1184328,89766,314394,187925,13458013,ransom,
1551606,24058,45584,20294,36274559,ransom,
2287986,127482,436935,268012,33463474,ransom,
1538565,71908,145450,65802,26226994,ransom,
1630787,39966,300270,255522,32971701,ransom,
4659806,239501,509880,265284,90101953,ransom,
2531510,67745,80685,42494,60571454,ransom,
3482524,135117,397684,203072,64919191,ransom,
4240593,248571,223605,104736,95478342,ransom,
2811004,131967,89057,38868,66557130,ransom,
923210,89106,308412,173310,5914322,ransom,
104907,2049,13069,5744,2251712,ransom,
1752772,82087,345513,243705,30610592,ransom,
3205791,137647,386187,258635,64398482,ransom,
833060,5430,30019,12407,19384104,ransom,
1497053,100234,321211,177859,19649261,ransom,
2651295,79051,82734,36635,63312872,ransom,
2357354,105487,339424,171305,41019470,ransom,
1469106,69526,197765,96672,25882726,ransom,
559260,13725,52785,32741,12357014,ransom,
6077500,584995,767991,397768,80084109,ransom,
402295,48943,251754,110737,2145831,ransom,
2410318,82744,318637,175980,45492144,ransom,
2871486,103160,557930,356522,56998334,ransom,
6143673,449921,372806,256387,126674450,ransom,
3948376,281953,664849,473294,57645662,ransom,
2130610,67006,121433,89246,48211293,ransom,
2727860,153405,198722,152855,61341507,ransom,
4555535,272498,557489,274772,85217965,ransom,
305177,3503,23351,12671,6923892,ransom,
1863656,100630,336278,185678,28321275,ransom,
1613502,61077,145076,101859,33936098,ransom,
1842373,107790,269095,176829,33147442,ransom,
1512364,61027,212526,127251,26629153,ransom,
2138724,55502,73597,33272,51482919,ransom,
1958475,98311,472521,327114,26846203,ransom,
1269048,61220,79498,53462,29453486,ransom,
1576245,91435,355442,250328,24621848,ransom,
1982228,142970,456011,274972,23682823,ransom,
417181,57337,95558,75181,1660314,ransom,
5338850,334521,346088,181890,113719354,ransom,
1716956,40353,131596,60393,38492373,ransom,
1621155,43188,48357,21302,38015680,ransom,
1631541,126774,317328,180761,22529828,ransom,
1250132,18325,53514,29241,29021414,ransom,
1990443,140201,270436,164340,36502650,ransom,
3450933,169516,143517,53774,77876564,ransom,
750857,40557,27723,13919,18841272,ransom,
5061675,316854,566950,293823,96675568,ransom,
2588949,105556,106182,63583,60201802,ransom,
3228309,213408,345134,185400,62550347,ransom,
2738620,64843,123900,60098,63457809,ransom,
2416552,53290,61882,31996,57519868,ransom,
1659996,86731,307548,172518,23995718,ransom,
1368222,33885,132081,102099,29452555,ransom,
3479626,72220,262623,150640,72343313,ransom,
1595751,63659,239916,127985,29137468,ransom,
697330,8470,37760,20179,15881310,ransom,
2682932,145493,472006,239753,40622528,ransom,
2259197,57700,50206,29201,54522788,ransom,
3052648,149144,327359,179758,61036128,ransom,
4354143,268418,187180,76337,95640423,ransom,
1536998,47930,59763,29658,35982855,ransom,
2613508,146610,350831,180281,46105715,ransom,
12584,1461,8848,2253,57889,ransom,
2467119,137386,230594,139172,50392536,ransom,
959232,48202,173138,97330,14741549,ransom,
2594404,83936,60026,26872,61950628,ransom,
2306280,170873,496355,274145,30849430,ransom,
382408,2138,16288,6522,8719789,ransom,
4580224,477103,522343,269374,55536504,ransom,
2592702,197284,585421,305005,38708715,ransom,
3161788,170927,208810,114516,70755299,ransom,
1414396,107184,462635,243474,17463373,ransom,
3432052,303397,499255,383425,44455274,ransom,
534254,45435,159115,90591,5376861,ransom,
3277812,90192,185467,91993,70677895,ransom,
335751,16350,35148,17367,7183043,ransom,
1391547,150029,564783,316221,5406654,ransom,
2038194,25036,86798,48020,45582521,ransom,
1325934,115957,348892,198581,17171485,ransom,
1291150,49749,232774,148328,21513355,ransom,
887888,25022,343843,295636,13130268,ransom,
2395344,125253,541860,350834,35121083,ransom,
1607473,43208,141545,93830,35734705,ransom,
3237410,163191,262910,126847,68036110,ransom,
1836086,114063,252396,113068,33327908,ransom,
34588,3207,6677,3242,160276,ransom,
2178481,190432,1087865,756672,8242978,ransom,
1169486,27873,1184436,964564,5694692,ransom,
1601944,85658,1258067,952362,7644159,ransom,
3032614,234087,1295537,643044,16389817,ransom,
9107815,682500,948552,157019,38215915,ransom,
8795291,610096,527212,269587,36771695,ransom,
7407968,629371,285120,136530,32707869,ransom,
8320530,574621,302948,133378,35563902,ransom,
8645254,609620,361700,172146,36622693,ransom,
7915815,657609,304936,129307,35503073,ransom,
0,0,0,0,0,ransom,
