c4,c5,ff24,aa24,INST_RETIRED,type,
6894961,525955,3072449,2063358,94162268,ransom,
4724692,371808,1864367,628543,65082487,ransom,
9588651,480817,3098644,1242756,160442031,ransom,
10507729,600877,2209786,924255,178415678,ransom,
10627562,775626,2631051,1015888,163946250,ransom,
9480723,584946,2163308,1066725,154920731,ransom,
9892999,760761,2780270,1764209,146057745,ransom,
9851898,655600,2831752,1690588,130709642,ransom,
7753964,592576,2565763,1619466,115581062,ransom,
8323771,544837,3074698,1873996,131789989,ransom,
11161709,808182,1816297,924347,174948586,ransom,
10456913,650983,2364458,1098742,171154905,ransom,
9990511,581376,2418750,1363161,166224410,ransom,
9402438,518656,2450011,1167008,161950063,ransom,
10401337,655811,2651804,1253315,159671969,ransom,
9609348,623302,3071672,1674254,147492739,ransom,
9490164,599209,2950775,1737057,145299304,ransom,
11362552,961909,2877395,1202723,148840301,ransom,
11793253,989890,3296621,1854018,125041764,ransom,
9601044,635814,3084100,1846813,140870283,ransom,
10629907,816177,2423564,1298676,153135609,ransom,
10389411,732872,2172027,856216,169157877,ransom,
10539068,696765,2379254,1338938,166542453,ransom,
10407245,763316,2621092,1387255,152382676,ransom,
8976583,661904,2803010,1764584,131841158,ransom,
9472556,663444,2868984,1700840,153921078,ransom,
10441974,722046,2046576,845146,170426343,ransom,
9073866,454418,2116275,979127,160177904,ransom,
9342766,607070,2819060,1599788,145115048,ransom,
7988998,593229,2934375,2016176,108955264,ransom,
10334394,685567,2528790,1404379,152237823,ransom,
8955628,551269,2401746,1069689,157666040,ransom,
10182331,581138,1731277,1009904,171765698,ransom,
10802086,654982,2443103,1249184,163275090,ransom,
13383412,1360186,2346271,1300237,153009284,ransom,
12178113,1258171,2371657,1357375,149717191,ransom,
11684924,1262883,2583768,1546366,122078957,ransom,
10977432,1097394,2518698,1487952,132402334,ransom,
16601883,1960037,2320238,1196063,164561256,ransom,
13822333,1419226,2166053,1317182,147385179,ransom,
13374457,1417136,2409498,1361365,143851689,ransom,
16118907,1966533,2644249,1362647,162370475,ransom,
17868669,2264602,2957608,1535540,157227894,ransom,
12926571,1245837,1691027,842460,182465882,ransom,
16428438,2234764,2316459,1285417,167568259,ransom,
19080694,2519918,2270173,1115092,176318657,ransom,
18520827,2558992,2365933,984921,172440766,ransom,
17400138,2264574,2687513,1205735,158565542,ransom,
14055275,1606254,2717279,1519944,149763161,ransom,
13406423,1017539,3112429,1680062,137215143,ransom,
12273852,806138,1931195,1131156,146308493,ransom,
14286518,1017388,2029023,1211113,156433380,ransom,
14962098,1129669,2072557,1250037,159123561,ransom,
14174008,879358,2079490,1263794,174321167,ransom,
14555319,1133133,2111401,1382729,162581984,ransom,
16628787,1520075,1915573,994484,178974590,ransom,
18384597,1603422,3059512,1562438,163400378,ransom,
17373128,1460410,1816000,1025521,176658689,ransom,
17846316,1437632,2086438,923529,188501155,ransom,
14961143,1060397,2269478,1102365,171636611,ransom,
14866876,964520,2517763,1446385,169984168,ransom,
15461580,886704,2215610,1221148,178670118,ransom,
16793448,1490823,2681443,1359857,154676485,ransom,
12432618,981324,2392396,822232,164305024,ransom,
8087096,397499,2954116,1683983,144654444,ransom,
13565886,1126261,2815634,1417632,158898149,ransom,
13295262,944144,2763297,1489386,163350829,ransom,
12163021,822339,2098491,1395354,163433761,ransom,
10784845,732711,2689946,1602259,160969231,ransom,
9102825,613273,2802812,1636757,151945378,ransom,
10947568,726401,2381089,1160756,176797294,ransom,
8512508,455254,3239778,1938233,135607393,ransom,
11175438,794268,2466079,1277557,164192233,ransom,
8752912,655642,2489603,1502494,139449935,ransom,
10136035,853257,3262078,1708329,128085433,ransom,
14143690,1405419,3035319,1585516,146908286,ransom,
12759853,1112992,3561084,2080328,138615242,ransom,
12934398,1013587,2662762,1173362,169913529,ransom,
11940099,877739,2331891,760449,172189437,ransom,
12774803,924195,2459522,1157488,176977533,ransom,
12525753,940915,2699309,1458236,164720697,ransom,
11531918,910139,3217974,1809659,149562241,ransom,
10293756,756470,2779203,1615102,138641688,ransom,
9814996,753751,2688484,1201181,134995910,ransom,
11371749,769402,1976646,1032627,180177939,ransom,
8111891,395724,2517949,1352226,147042708,ransom,
11787674,817294,2197525,1354178,159659314,ransom,
15715130,1029503,1984801,1026738,186468023,ransom,
8405147,503969,2032582,1020954,136403030,ransom,
9633620,768597,2994067,1824260,123762811,ransom,
12449662,1134978,2879419,1480634,153484574,ransom,
10096510,564624,1595164,595961,171121007,ransom,
12680688,1053577,2393589,1098344,168293824,ransom,
11723211,1062679,2882768,1586866,128922328,ransom,
13270559,1260533,3031775,1398549,157239842,ransom,
13096820,1180896,2715612,1244227,153845755,ransom,
12054087,986728,2983817,1508248,148435633,ransom,
14187495,1360798,3133931,1515547,154016692,ransom,
10617073,756294,2127421,836950,158271606,ransom,
7352218,396555,3251781,1815329,112250034,ransom,
7934549,502778,2883794,1661215,122574122,ransom,
8868146,606154,2542581,1290255,139122654,ransom,
7673024,546066,2903066,1516426,122299424,ransom,
8133543,627604,2784197,1553128,110926130,ransom,
9932681,632939,2996444,1417196,147446413,ransom,
12167663,776152,2299448,1213400,176420151,ransom,
12653816,888738,2222134,1327281,158108178,ransom,
8994161,733951,3497821,2040703,95389927,ransom,
11991109,1052336,2748827,1148579,152192286,ransom,
10740482,699908,2194073,884742,171038289,ransom,
10450137,675279,2397777,1250520,156369953,ransom,
11335186,833222,2827261,1445947,157541092,ransom,
10995502,732002,2029880,1080165,165507275,ransom,
11321933,886283,2223144,1168598,159034676,ransom,
13150017,999411,2537709,1054638,180017791,ransom,
13163875,1060086,2566963,1243674,171386240,ransom,
10100331,913463,3215226,2070110,111281829,ransom,
10292657,864056,3502211,1981519,115775853,ransom,
13984507,1368346,2799439,1385853,148224410,ransom,
14133205,1120894,2726013,1263848,167979706,ransom,
12192000,862609,2407554,1143417,177332371,ransom,
9293496,529921,2429604,1281123,157989102,ransom,
9205682,633238,2857823,1563374,148038274,ransom,
11000373,810664,2217713,974528,177467282,ransom,
10143029,598543,2959770,1366892,158912208,ransom,
10105076,697257,2509273,1347583,168349896,ransom,
9389634,720396,3225901,1538842,134735522,ransom,
10319839,613856,2369737,1035430,172564355,ransom,
11827520,778008,1918218,1048525,175900879,ransom,
9012652,618680,3105168,1950058,119277245,ransom,
9408823,696475,3127788,2154126,119402229,ransom,
11735591,928128,3231285,1795537,140053993,ransom,
12781618,955990,2664958,1103730,165865156,ransom,
13427649,1039468,2644607,1289276,168022587,ransom,
12500489,957765,2897458,1656584,158891309,ransom,
12865475,1117248,3378082,1629003,157980875,ransom,
10046725,755298,2476062,1367066,157604512,ransom,
9332444,493016,2592858,1250772,162889911,ransom,
10177167,506207,2615712,1262432,168454936,ransom,
13675397,1053725,3162834,1082210,165223952,ransom,
15847825,1127926,2555694,1290149,158170619,ransom,
13279039,922922,3013032,1798247,134159038,ransom,
16861614,1333462,3219502,1763600,162276139,ransom,
11666246,795425,2768555,1485090,123585496,ransom,
9927645,598850,3192354,1973257,133999129,ransom,
8920407,417855,3116029,1945788,132674756,ransom,
11632920,415450,2294717,1437617,160338853,ransom,
13673696,869510,1015228,512744,200876412,ransom,
7521201,179574,1631660,1099214,153626817,ransom,
9258599,484023,2775193,1797560,140655261,ransom,
8380262,553269,2428479,1580386,141949339,ransom,
9123048,804201,3423113,1857475,117125040,ransom,
12993031,1076025,2632527,1202263,173089795,ransom,
12590377,820039,1747934,752691,193907868,ransom,
10503604,691281,2265590,1104540,168281176,ransom,
12753091,1055840,3088814,1259495,170337388,ransom,
10088512,534296,1757385,1030298,177851171,ransom,
11199241,707489,2055880,971642,178658731,ransom,
11976036,805724,2778513,1420022,174551071,ransom,
10026541,754659,3358999,2203080,125481435,ransom,
10119708,997491,3315945,2140553,109515557,ransom,
11809483,1103111,2597632,1343314,149738238,ransom,
11768083,1064711,3453679,2022390,126119949,ransom,
15402630,1297687,2482893,1116251,183493643,ransom,
11422183,812829,2984642,1257022,164711618,ransom,
10415048,656223,1539473,784955,170189915,ransom,
9925141,435943,1873129,765619,188228278,ransom,
12943213,872033,2119722,1192303,173170937,ransom,
10676413,567223,1561917,685785,171032318,ransom,
9640503,556188,2753937,1595744,163087600,ransom,
12239631,950478,2488264,1433879,170444656,ransom,
13201226,1182009,3109501,1348437,169196035,ransom,
12098430,1008660,2621514,1452503,149895518,ransom,
9544030,782011,3523571,2189329,105150126,ransom,
12782755,1179073,2552975,1234950,150843647,ransom,
14056833,1239525,2906560,1341286,157639836,ransom,
12477474,835898,2657683,1314460,169799206,ransom,
11187244,808185,2735898,1550636,157596447,ransom,
11185176,863497,2533142,951902,181889427,ransom,
9200470,571692,2276004,1376849,149891040,ransom,
8791421,463727,2290804,1103800,152393261,ransom,
18289555,2201105,2569998,1310976,157186155,ransom,
17365075,1967535,2532904,1422834,160880056,ransom,
16984452,2118012,2532435,1327639,130897756,ransom,
18736141,2484064,2556868,1280274,145954596,ransom,
19628402,2554703,2281994,1137417,162023712,ransom,
16756039,2216079,2549866,1185882,130119387,ransom,
24343692,3461249,3036657,1148282,163232065,ransom,
25657862,4272981,2874550,1361346,161006205,ransom,
18318292,2695082,1959078,1146155,175036685,ransom,
16560767,2293106,2402068,1418565,161127353,ransom,
11859770,892019,2326158,1194929,166623255,ransom,
9155187,582607,1860547,1084296,162901095,ransom,
10898595,694000,1827606,1341326,168673860,ransom,
8852154,325537,1677599,1032185,176084627,ransom,
8762467,449452,1488594,926240,168651742,ransom,
15711007,1264007,1793503,931861,170343056,ransom,
13031700,1142619,2782022,1963416,133398569,ransom,
15174106,1211625,2267647,1391556,165558692,ransom,
14373475,1117479,1772819,1123278,183678440,ransom,
13510756,1070006,2281292,1174464,172890768,ransom,
15016750,1170515,1882412,1081730,170094887,ransom,
12200981,917892,2704749,1733428,144040221,ransom,
8680986,394351,2391891,1320601,159051653,ransom,
9114598,387169,2174684,1241020,171483295,ransom,
7954585,412006,2564256,1570657,138515008,ransom,
9346701,462306,2010059,1104162,170063038,ransom,
9885115,528905,1468588,748276,182806247,ransom,
9099288,582579,2424939,1372370,146824114,ransom,
10366128,806182,2771416,1787214,146634610,ransom,
10061825,571801,2976720,1693388,147816008,ransom,
10792851,715661,2836634,1285110,169380742,ransom,
11090456,844879,2719278,1033931,152519190,ransom,
16643144,1201939,2382514,1009640,171208664,ransom,
14774418,834133,2371356,1112040,178620578,ransom,
14544146,796398,1809828,1060263,184165664,ransom,
14034464,1029998,2381740,1038922,165971950,ransom,
10822001,771163,3005454,1263663,169761632,ransom,
8865817,597123,2488147,1464613,135730346,ransom,
9321856,854645,3201879,2284598,68031528,ransom,
14354877,1070860,2514549,1683963,160491411,ransom,
9379024,733696,2883684,1454314,117343146,ransom,
10659492,776858,2780545,1102556,166030340,ransom,
10270715,629261,2323725,1211971,167011486,ransom,
11469295,818146,2752709,1570055,155168953,ransom,
13184951,1017269,2775594,1467142,169115972,ransom,
14121602,1256697,2643635,814205,174055149,ransom,
12277791,846193,2140623,882533,178604551,ransom,
11956831,815522,2112818,1096235,176374043,ransom,
11049353,961568,3662703,1874921,125715290,ransom,
9995594,869198,3496704,2262912,108186290,ransom,
10187231,973665,3521488,2209007,96740115,ransom,
12470667,927496,2969387,1528127,151566375,ransom,
12819003,1088605,2382202,678623,174656011,ransom,
10245903,611159,2075286,1036884,172565870,ransom,
8037458,400641,2623981,1745212,141702347,ransom,
11168906,838936,2164407,679983,182041042,ransom,
11305357,869668,3140880,1516244,149629879,ransom,
11016062,852733,3155275,1716642,133242954,ransom,
12855158,932373,2665082,1528789,160449709,ransom,
9084453,699675,2485302,1303666,147826993,ransom,
10350097,752967,2404938,1336580,166076945,ransom,
11194251,611752,1833245,1008887,179373034,ransom,
10464641,577145,2202508,1071262,173879703,ransom,
9523743,623489,2740349,1667481,145301310,ransom,
11407525,706102,2048965,1108942,181530133,ransom,
11094975,848872,3114660,2010238,130800878,ransom,
10533463,905155,3095234,1890496,125660489,ransom,
12143736,999464,2955289,1759883,155319527,ransom,
13568264,1052968,3126562,1407954,164454944,ransom,
12356256,998365,2322001,1250155,167551741,ransom,
13428958,1271428,3049530,1361816,154494026,ransom,
12285780,788680,2377817,1157427,174500913,ransom,
9315321,366196,1546251,815644,183094533,ransom,
8120081,414833,2576445,1609879,143520974,ransom,
9687195,609623,2667515,1109131,144598612,ransom,
15341540,1200267,2775167,1140120,164885174,ransom,
13795450,1056055,2719362,1103550,154685297,ransom,
9626524,515955,2689469,1093349,153592292,ransom,
12756873,1022365,2639913,1631904,133334552,ransom,
10296994,764738,2232014,1204718,118609739,ransom,
11437401,962939,2427508,1493667,151473246,ransom,
7004091,534178,2642607,1702600,102974912,ransom,
12253903,964298,3136766,1436806,158072916,ransom,
12989847,1095618,2134820,1105555,176845537,ransom,
11860460,691025,1930984,963888,172581567,ransom,
10722711,739034,2872090,1754594,151863471,ransom,
10410011,845700,2905153,1705312,143987751,ransom,
10235567,616059,1868352,1004588,162328065,ransom,
14619692,1320910,2936638,1356980,171075742,ransom,
12215183,972226,3056793,1444839,161105318,ransom,
13226146,1061306,2586378,1132770,180231195,ransom,
9535812,647386,3026446,1448759,154085649,ransom,
7636604,311355,2065805,1238389,144124262,ransom,
10767503,745006,1935469,880041,175645876,ransom,
11393241,766826,2650047,1548120,169684858,ransom,
12990735,889238,2166865,910127,187436463,ransom,
9469904,496437,2332650,1294003,169269877,ransom,
9379943,551992,2427623,1245404,157273672,ransom,
8495445,481599,2787530,1791894,138351206,ransom,
7386272,397505,2362479,1168281,128346093,ransom,
9003121,608910,2464890,1360510,145602237,ransom,
10580507,599848,2455408,1126273,168176195,ransom,
8060117,553657,2248090,1274904,108836277,ransom,
7231701,728855,1998934,720733,65074175,ransom,
6054862,288908,2269217,1479678,114119145,ransom,
9315733,649845,2682850,1677077,146118166,ransom,
10703167,736676,2465827,1545418,159676532,ransom,
12442594,956243,2649479,1105105,167882719,ransom,
9710274,621840,2539047,1529444,149900138,ransom,
9313400,455037,2050313,959682,170629306,ransom,
9116874,362156,1822675,1029959,176543490,ransom,
8888151,568029,2525063,1467963,150869114,ransom,
9228359,489285,1925254,819242,159252081,ransom,
9447500,501320,2281208,1323404,163579614,ransom,
9260938,471335,2342821,1239558,161004595,ransom,
8810028,501134,2523925,1370228,151234854,ransom,
9008443,617157,2547399,1610536,145273942,ransom,
10400256,778667,2745375,1533317,148713209,ransom,
12075174,787015,2343401,1210741,186021647,ransom,
8865304,427721,3017759,1827287,157030264,ransom,
9438015,690903,3415987,1935665,126097357,ransom,
14959070,1101091,2991906,1513255,154311565,ransom,
11188665,775610,2185337,1170886,162977835,ransom,
13167055,831230,2703560,1378204,172810357,ransom,
9734271,465316,2250990,1169939,175924569,ransom,
10611072,762412,2030423,796778,180452930,ransom,
10693935,711814,2065584,1031454,173915050,ransom,
8281507,350064,2624350,1542388,150228515,ransom,
13995410,1143234,2668862,1662295,147980895,ransom,
12934258,933513,2967752,1760652,138975973,ransom,
9868862,675450,2592292,1351318,162703609,ransom,
10876350,805013,2536076,898907,175547457,ransom,
10161552,633938,2013387,1176631,169322405,ransom,
10551792,667218,2976210,1516272,165510805,ransom,
10603981,631239,2396736,1398272,171711282,ransom,
10743324,620026,1930783,1084372,177801563,ransom,
11318874,798055,2132830,1197416,168397344,ransom,
11693631,852674,2942036,1504751,163835938,ransom,
10298883,736143,2303827,1485431,150163178,ransom,
11269643,855764,3084281,1616735,141175780,ransom,
15361827,1251475,2716388,1384044,169800857,ransom,
15706196,1692601,2695081,1539606,149786973,ransom,
14184274,1673060,2451649,1298878,143693580,ransom,
14761332,1336465,2327785,1177287,179608586,ransom,
13139341,931078,1766999,847002,185189824,ransom,
15425999,1766275,2569437,1407211,165811465,ransom,
16098805,1743919,1997473,857022,179408816,ransom,
15736607,1712273,2208458,1136806,173071365,ransom,
14202328,1562400,2482535,1461044,148304539,ransom,
16685181,2209081,1542667,814251,175735204,ransom,
20729250,3284397,1852326,914262,179978905,ransom,
17890648,2108714,2063589,910621,175352179,ransom,
17042241,2123538,2749259,1538860,153341966,ransom,
17694567,2122155,2710119,1436535,152614435,ransom,
13310043,1364402,2968562,1800860,142112553,ransom,
9600344,530170,2345589,1423554,158843934,ransom,
11365103,761609,1419653,849870,180383752,ransom,
9912139,673696,1495611,1001509,161017235,ransom,
12718409,824443,1954708,1340941,164155901,ransom,
16896311,1320411,2388465,1365068,165416049,ransom,
16050947,1294134,1738999,972842,181694223,ransom,
16702546,1509209,1989286,1404397,160383663,ransom,
19935152,1669936,2151079,1272471,187994598,ransom,
14195916,898784,2055418,1181865,190131800,ransom,
12241594,838124,2393223,1170747,176224585,ransom,
9497934,403108,1829386,932682,178948884,ransom,
10041238,624571,2913359,1648081,168357390,ransom,
12988031,1087652,2527974,1449433,158007624,ransom,
12092971,886563,2932939,1687851,152796095,ransom,
12769211,883478,2664377,1497091,174280040,ransom,
13337511,1132230,2948463,1575589,167985294,ransom,
12076150,921346,2814978,1582767,150970092,ransom,
12525940,954419,2551043,1574638,156202877,ransom,
13831903,1098079,2412582,1183494,175472583,ransom,
11827924,831679,2802938,1664585,156624532,ransom,
14001255,1173194,3153568,1683336,165590460,ransom,
13834911,1044380,2208744,1084746,181241501,ransom,
12391647,1038146,3074368,1363512,141129353,ransom,
14229037,1294989,2659264,1519313,159139814,ransom,
9683956,464208,2868380,1785640,153763367,ransom,
9055485,491329,2661936,1614413,141719669,ransom,
9318147,503755,2547523,1397833,162269208,ransom,
7938986,391674,2584077,1525483,138014845,ransom,
9999967,660592,2348639,1352186,162014875,ransom,
10309906,726186,2192803,899381,165158466,ransom,
9203790,496831,2954216,1728450,150479401,ransom,
8495659,430597,2646783,1587500,146227069,ransom,
7756163,407113,2355164,1326442,136981572,ransom,
9808762,770109,3138039,1534850,147911523,ransom,
11308666,914004,2363753,1369495,154561442,ransom,
9931749,534792,2632447,1462005,151366429,ransom,
6876602,344174,2616504,1919169,122242351,ransom,
9547080,532674,2315409,1135453,164172171,ransom,
8769834,565072,2722301,1727717,141992278,ransom,
10410743,647809,2152483,1198603,172734968,ransom,
12471169,967327,2285497,806969,193062694,ransom,
12412040,929817,1457397,568967,195756394,ransom,
10737633,686279,2446692,1168228,175394256,ransom,
8577848,517775,2506767,1547208,139044412,ransom,
7403379,646187,3087847,2146475,89980437,ransom,
9912746,815371,3121402,1560193,115843103,ransom,
9100271,537851,1775905,956034,151444600,ransom,
7792744,471873,2794697,1778813,121625237,ransom,
10098307,603940,2256377,1064901,167073985,ransom,
10194158,727517,1957481,979985,167423604,ransom,
7722490,506372,2467927,1385358,127689190,ransom,
8887188,704326,2705912,1430958,113491937,ransom,
9442357,704582,2625943,1331447,140625733,ransom,
9152482,677531,3034905,1601838,137540398,ransom,
9745298,690588,2129473,972323,153195851,ransom,
10288223,664298,2342709,1163132,170445237,ransom,
10219466,636720,2770617,1641492,148774376,ransom,
9813761,702589,2419635,1127729,149479937,ransom,
10164623,721211,2254330,1185195,168214854,ransom,
8825607,469282,2639059,1386738,155765423,ransom,
8139245,471591,2992337,1937770,135681728,ransom,
9849655,620660,1881541,1029851,169833743,ransom,
10327282,687441,2218978,643501,173353844,ransom,
11241919,680565,1883681,748436,182998057,ransom,
10380982,724534,2933431,1620999,150891346,ransom,
11532258,851629,3073447,1165366,165719174,ransom,
12827615,708099,1743739,650795,188028668,ransom,
12722984,860073,3260054,2160532,134639723,ransom,
16631131,1477201,3250671,1686715,117978463,ransom,
14557460,1324989,1935986,589656,85442168,ransom,
8547346,521946,2804311,1953959,120723455,ransom,
9652494,582338,2564419,1508424,158599070,ransom,
13020882,923394,1955858,1172148,175736190,ransom,
12977081,831014,1747819,837428,184164273,ransom,
9826592,622501,1943395,975666,158317466,ransom,
12437775,1011921,2653383,1024306,170081035,ransom,
12851665,1065688,2652123,1319617,154231084,ransom,
10872692,704257,2628855,1033093,149549505,ransom,
11384180,884573,2553981,1396195,141308647,ransom,
10739233,751558,2316967,1372802,145144441,ransom,
12792967,999313,2713274,1441969,159243340,ransom,
12913211,1088812,2795872,1210231,157936712,ransom,
13403945,1056101,2672082,1368186,168670720,ransom,
13193681,1076957,3704455,1830569,152950553,ransom,
12669480,974752,2437185,1000182,186212796,ransom,
9641212,708412,2885044,1476030,135891003,ransom,
8630903,422516,2372778,1262202,150896931,ransom,
7877077,711875,2219113,1009807,97162368,ransom,
8106031,564173,2803688,1759200,126148923,ransom,
9709429,716075,2670573,1361010,142728337,ransom,
11562832,918406,2308118,981629,154691515,ransom,
7539907,478097,3245100,2053341,103778428,ransom,
8429380,575331,2343741,1267624,131845232,ransom,
9000395,556242,2380906,1127599,147021080,ransom,
9399888,552227,2526400,1403716,153215627,ransom,
12083493,776059,1468517,880590,183280652,ransom,
11744810,646637,1413502,768088,188941642,ransom,
9802908,603654,2096648,984321,159541963,ransom,
9382425,496527,2341038,1358208,172410436,ransom,
10703878,591054,1698385,884762,185675494,ransom,
13132899,1109592,2234625,926871,172963203,ransom,
13658154,1178651,3124248,1546428,161536062,ransom,
9547600,758909,2832216,1743822,106431030,ransom,
8546004,633219,3085863,1951637,125973113,ransom,
11467297,1035607,2729565,1729867,144800967,ransom,
13124512,1096228,2960687,1204739,168016707,ransom,
13041945,1194856,3462137,1762100,113015271,ransom,
9068053,925130,2769119,1692331,82458700,ransom,
6122799,684814,2095111,1026882,47874948,ransom,
6161748,757013,1889230,594153,31744511,ransom,
5652528,769491,1817135,514864,27352872,ransom,
11133462,1355843,2300043,918527,59805276,ransom,
27534321,4109675,3475926,1317333,147770800,ransom,
27564654,4412828,3292765,1410746,146171586,ransom,
30621951,4922973,3123562,1171813,164423294,ransom,
33333495,4321037,3524305,1253591,166731786,ransom,
28207057,4213040,3396515,1228935,153475081,ransom,
15332366,2029485,2017840,863977,86780364,ransom,
9471368,460953,747606,227319,172112703,ransom,
9903705,529254,1442212,632964,186779910,ransom,
11304872,659747,993334,542412,194774569,ransom,
11302509,636117,2074489,1187766,165773780,ransom,
21305503,1915504,1399687,798710,180549604,ransom,
22837468,2162153,2637502,1381893,173713667,ransom,
27923611,2992968,3071854,1415999,151816760,ransom,
14053396,1567695,2679446,1034332,93529606,ransom,
10908098,1118899,2460627,1076598,89258958,ransom,
9625548,991321,3334704,1882157,51579229,ransom,
14468829,1578024,2991589,1461449,78681850,ransom,
8756439,1055131,1909916,580321,44429213,ransom,
6314359,252659,1349392,846350,123857520,ransom,
8053809,290371,1593967,1043769,166287054,ransom,
8100088,489883,2825900,1808104,132808620,ransom,
10822425,807428,2559773,1213875,169155020,ransom,
8316424,422395,2524181,1439660,149928561,ransom,
9121290,482439,2283321,1461345,162577403,ransom,
8961691,603986,2484637,1397844,150408646,ransom,
10831978,770115,1912800,619250,180082976,ransom,
9988215,627719,2867988,1526232,161167184,ransom,
10649371,835460,2468007,1363329,158059479,ransom,
11069869,749560,2907176,1292346,161342778,ransom,
10263839,620305,2133878,945549,171271540,ransom,
8688967,381017,2368316,1452596,161934333,ransom,
8548865,500521,2710272,1706595,139667579,ransom,
8801445,611228,2977524,1560962,139332699,ransom,
6418506,321079,2615520,2009224,115709565,ransom,
10447706,646140,2377782,1164118,168437812,ransom,
10115417,692018,2594687,1408559,166227512,ransom,
10541982,710299,2432228,930066,172709208,ransom,
10214724,576782,1792760,705718,181420563,ransom,
9948184,723019,2583359,1670080,156747365,ransom,
10400689,645662,2627563,1539666,156300195,ransom,
7367972,766474,2040146,845988,108293174,ransom,
10446037,676386,2102959,1055973,174557719,ransom,
8434171,564641,2499390,1438785,129601910,ransom,
9373829,792066,2711991,1220349,133561409,ransom,
9114563,706494,2554633,1197287,123092357,ransom,
6703080,364556,2512955,1652720,117315435,ransom,
7894412,422071,2368551,1418137,137551356,ransom,
9533806,735241,2420885,1034857,151983974,ransom,
10269946,741642,2134542,1049351,166315375,ransom,
8404743,460753,2608508,1464606,147351193,ransom,
10454205,776172,2605511,1105938,170368738,ransom,
10137127,762245,2801231,1630318,147919700,ransom,
10985692,798331,2540735,1238035,160851870,ransom,
10454338,532935,2217578,1163238,173562527,ransom,
10960377,844303,2635713,1100847,172012049,ransom,
9021220,592411,2387360,1119878,133689870,ransom,
7227514,614371,2663840,1680472,96955595,ransom,
6429780,788355,1833160,479833,33293110,ransom,
4999299,313005,1730681,1018107,78984896,ransom,
7205089,548060,1703466,910629,99498562,ransom,
5989014,755651,1691686,368782,29540754,ransom,
1500094,185755,812366,444499,8734005,ransom,
5279966,461424,992486,562000,30055950,ransom,
163258,12667,55020,32138,973851,ransom,
4991396,136660,855638,590154,110792528,ransom,
4950421,252692,1617643,1107908,81827376,ransom,
9267682,630748,1997323,931259,157969995,ransom,
10016890,784095,2739526,1548784,137119206,ransom,
5708562,395651,1910613,839348,79649529,ransom,
3310731,221083,1336354,883158,55024585,ransom,
11156306,820532,2495277,927544,169584221,ransom,
9345161,594898,2494103,1424534,145955105,ransom,
8437294,515697,2766454,1762844,141527971,ransom,
8876806,622285,2334218,1353745,127512272,ransom,
9943534,686364,2810578,1450605,145018262,ransom,
9984703,554222,1831839,842833,169950796,ransom,
9710916,536497,1785318,956814,182486089,ransom,
10526480,646962,2160646,796385,178894258,ransom,
9566886,635625,2863562,1636770,144935193,ransom,
10657775,612224,2475505,1076493,176588578,ransom,
12003815,791088,3063549,1992274,133273455,ransom,
10011830,628667,2406322,1006917,152676434,ransom,
9373126,621614,2369094,1398048,149745646,ransom,
7628108,433434,2964494,1727270,121374077,ransom,
8902949,487383,2067335,1523922,151988696,ransom,
11226172,500460,1178471,561879,187637942,ransom,
13191788,769938,1398395,822929,193481098,ransom,
10018115,536764,2250500,1274582,160690314,ransom,
9369880,722044,3132306,1966831,124653578,ransom,
10693605,824882,3001665,1457096,144365941,ransom,
12338481,970956,2712958,1498372,161756920,ransom,
12306046,862133,2594861,1188592,172234622,ransom,
11281258,797239,2537831,1403142,162805890,ransom,
12438733,1100887,3149495,1249014,151478047,ransom,
10990052,794930,2197338,1212714,157305250,ransom,
14392721,1115980,2939943,1543021,159252402,ransom,
13182765,1022928,2774609,1432957,153372078,ransom,
8952473,492633,2665523,1654117,131590756,ransom,
9963779,688233,3026639,1749041,130133972,ransom,
8546028,445306,2542758,1331824,156093326,ransom,
8254489,661826,3024572,1862513,125594571,ransom,
8943210,631667,2738372,1721924,141315115,ransom,
10436280,607823,2484921,1006291,173545141,ransom,
9190811,581795,2441691,1250280,146945561,ransom,
7833219,479205,2511871,1513180,133014566,ransom,
8902723,696313,2646158,1642249,138199665,ransom,
11854678,812720,2588099,1262364,170050506,ransom,
10328690,705469,2967722,1549273,148128895,ransom,
10126290,612952,2403357,1014123,168414344,ransom,
9607251,584763,2271012,1146393,160206921,ransom,
9174054,507933,2564945,1468388,155788037,ransom,
8536160,595975,2785458,1734483,139160155,ransom,
10383459,808554,2674471,1291787,151441149,ransom,
8429421,594532,3091322,1646268,121669130,ransom,
8858896,607260,2609800,1529359,145921429,ransom,
9707862,701061,1713552,690148,155446649,ransom,
9474310,512652,2312285,1199816,162771512,ransom,
10425158,745873,2711926,1545373,144270200,ransom,
10704382,840905,3042254,1328150,140133356,ransom,
9682831,671683,2611546,1324190,138461082,ransom,
6542723,364577,2951425,1968867,98819597,ransom,
8434118,534264,2697496,1470078,132337244,ransom,
9277838,689792,2737703,1229347,134193375,ransom,
11532661,825639,2880754,1167884,140000286,ransom,
15913815,1077395,2956501,1439690,152601735,ransom,
10039604,764954,2924245,1688216,110606709,ransom,
14671608,1071924,1941872,957265,181681612,ransom,
12780338,798012,2277329,1095365,162322863,ransom,
11392242,889962,3255151,1711292,141948266,ransom,
10576144,767143,2811245,1544120,149484080,ransom,
12352978,1083824,3207281,1668348,149656029,ransom,
14605500,1312292,2998468,1302117,165014006,ransom,
12382556,894948,2652936,1254427,162119631,ransom,
13180024,1031090,2954715,1576027,169884765,ransom,
14813218,1301499,2663152,935839,184599674,ransom,
13429436,988698,1902758,683540,180133551,ransom,
12073981,913238,2974392,1745368,144723127,ransom,
11914583,762666,2110691,964748,185325945,ransom,
11344692,849667,1928547,624095,161731431,ransom,
10583061,750478,2581728,1246129,159385839,ransom,
7885271,445196,3304958,2218025,116212604,ransom,
9260257,724615,3266508,2087504,96700129,ransom,
7980996,557872,2977278,1921411,117373468,ransom,
7212756,528498,2883789,2013481,104326651,ransom,
9252375,490850,2578193,1347092,160196072,ransom,
9740134,473324,1643017,914157,180253903,ransom,
9239305,632492,2738740,1439612,144351126,ransom,
9443775,509629,2057059,1023881,164204838,ransom,
10621767,642104,2164055,1142451,171747116,ransom,
9955696,565093,2152379,1082367,174498680,ransom,
10854942,605178,2228521,1222693,172823462,ransom,
13115381,1233636,2863557,1263597,163657076,ransom,
12276398,815696,2586514,1155514,163952217,ransom,
8028143,509690,2819587,1655452,122158591,ransom,
8750146,590380,2839977,1473781,133951802,ransom,
9662987,658637,1859531,950691,160859172,ransom,
8097179,406707,2716028,1496803,137784436,ransom,
8770144,436481,2508234,1577974,159250590,ransom,
9835381,730869,2417980,1101924,153954751,ransom,
6592753,665111,1895352,679222,57903605,ransom,
8116629,701476,2074897,1067366,118922819,ransom,
5819698,386777,2844629,1932525,98558434,ransom,
9376277,835391,2953076,1708437,116683871,ransom,
10156583,666027,2422418,1238604,146338356,ransom,
10708663,720870,2229264,960409,167960149,ransom,
10987772,758148,2269549,993710,178843100,ransom,
9339946,488768,2081710,860822,162619870,ransom,
8758715,439887,2521234,1543180,156763794,ransom,
10941910,747275,2471818,1430800,163097221,ransom,
13057675,1321040,2342512,1349705,149973526,ransom,
18812652,3061222,1783203,822383,165187416,ransom,
14323350,1809552,2696510,1586797,153833863,ransom,
12394558,1350433,2254996,1295401,145974976,ransom,
14277578,1597428,2430887,1375946,160667355,ransom,
13803749,1202681,2012254,1119051,176290032,ransom,
16296851,1758410,1568930,589424,187362583,ransom,
17255631,2020534,2237504,1029461,180066737,ransom,
17337436,2149151,2103684,1187660,169599516,ransom,
17041135,1911150,1864943,883980,181529148,ransom,
16884670,1958978,2219994,1194436,165111766,ransom,
17252461,2193890,2750098,1202864,165723700,ransom,
14211953,1510396,2316386,1459752,164453931,ransom,
11093432,703055,2319227,1198156,169416081,ransom,
11196402,595582,2297744,1519762,141443886,ransom,
12741046,1109549,2237862,1553336,138711403,ransom,
12458269,1013709,2269302,1654751,157882372,ransom,
14221167,1128539,2068110,1273817,169004836,ransom,
18359118,1634182,1724532,997037,173957580,ransom,
21143876,2034804,2218951,1311617,178347181,ransom,
16694992,1387934,2544126,1231884,179885808,ransom,
10759263,494692,1868343,887739,189140033,ransom,
9560804,486987,1729752,1092942,173970705,ransom,
9446500,395024,2034459,973510,174877081,ransom,
10798442,745660,2961693,2111333,133696157,ransom,
11756886,792586,2515723,1397349,153973845,ransom,
9573038,751540,2960666,1561399,139831348,ransom,
9495448,602166,2939115,1815429,148154189,ransom,
14124003,1062938,1829975,857202,185218444,ransom,
11350982,721237,2186663,1340166,171260951,ransom,
10813310,554406,1601280,899176,181307590,ransom,
11971523,821136,1905589,881178,189646504,ransom,
10809281,671803,2704292,1483239,168348895,ransom,
11523602,856977,2395425,1375556,172176291,ransom,
12254733,939034,3261476,1783167,143232540,ransom,
11184281,897538,3338504,2109376,127521808,ransom,
12879446,1040518,2983857,1669155,158177394,ransom,
13731508,1203887,3005551,1386468,167469184,ransom,
11350617,996537,2582911,1180345,144245997,ransom,
12045190,955858,2590047,1314583,166057905,ransom,
13902756,1038895,2850514,1266228,169873790,ransom,
7920001,300896,1841967,1084833,148024370,ransom,
11604381,971509,2758657,1460616,153949604,ransom,
8874515,697823,3031984,1540420,126303200,ransom,
7983822,668186,1993825,1003808,93772467,ransom,
4333176,574303,1618810,793772,22281108,ransom,
9472620,745047,2706906,1037893,142429770,ransom,
8094701,580866,2332499,1252415,118207867,ransom,
7987135,474137,2305677,1307867,135516770,ransom,
10294984,882473,2979870,1502689,144023644,ransom,
12333545,1095712,2208325,1195368,161891838,ransom,
9079986,485394,2517407,1314462,142761689,ransom,
8042196,456933,2497950,1523253,136736692,ransom,
8911187,639931,2569451,1326464,143921796,ransom,
11206698,808879,2274106,1141944,178846106,ransom,
8488205,434384,2528571,1271868,155225887,ransom,
10186995,671769,2642272,1442630,164512252,ransom,
8391204,648666,2879986,1600579,119323319,ransom,
7771192,412102,2597311,1659731,135266107,ransom,
9978343,735467,3446229,2182506,129804073,ransom,
10985307,651467,2849934,1504699,162317293,ransom,
9902668,729775,2666731,1086902,148205569,ransom,
10514760,667063,2577849,1341349,169632623,ransom,
8715656,408883,2159737,1345285,162841001,ransom,
9673319,514305,2291898,1154747,167827275,ransom,
8495636,614756,2755440,1622776,131891073,ransom,
10303738,771845,2209998,959668,158490467,ransom,
9293300,490392,2232708,916836,165443069,ransom,
8383957,536241,2629592,1784032,148651801,ransom,
10510659,867115,3056629,1685756,136876411,ransom,
10141245,748109,2618584,1286604,145114151,ransom,
9467146,451088,1859206,799050,169835329,ransom,
11229627,822231,2655069,1064672,176697226,ransom,
9615825,662135,2760270,1657888,144314430,ransom,
9019736,523309,3098195,1439926,139563380,ransom,
12529092,892448,3622745,2132747,117748424,ransom,
9629133,698138,2307527,1083874,146505174,ransom,
14852619,1172899,2910357,1592636,152639411,ransom,
15621823,1220484,2035856,900130,183713894,ransom,
12202351,773712,2576073,1237985,172276268,ransom,
13189690,906233,1939451,1220502,174852981,ransom,
11253868,649590,2107971,1036747,157409155,ransom,
10770889,728117,2472608,1042681,176645719,ransom,
10339052,617611,2538873,1351548,163153892,ransom,
8349840,578983,2842675,1907672,122360470,ransom,
12755903,988075,2997055,1617085,153648719,ransom,
9437891,1044003,2316656,1084982,74775249,ransom,
10920002,1346176,2487448,992933,53200013,ransom,
12100657,1207807,2727481,1095321,85373347,ransom,
11282202,1211517,2758426,1042084,98797532,ransom,
13506040,1121812,2809280,1345095,156417485,ransom,
10822354,908430,2709397,1659622,147710986,ransom,
12938926,1305661,2489284,1201140,160354082,ransom,
12680819,1116315,2185555,738310,171460924,ransom,
16145908,2025478,3000125,1709860,143723016,ransom,
15466392,1809850,1790622,896518,176356605,ransom,
14026663,1497162,2213736,1207713,159318208,ransom,
9966784,1042107,3256741,2104233,113503230,ransom,
11587293,1159287,3235627,2116415,109339834,ransom,
18979242,1970677,3086354,1753647,145725464,ransom,
11911716,903166,2511975,1181615,158677790,ransom,
17742205,1870299,2569137,1200270,166453166,ransom,
13283742,1299699,2436857,1235386,154538402,ransom,
14736517,1458282,2160625,1030896,169542858,ransom,
13753703,1420915,2364843,1446197,151159226,ransom,
15817031,1930303,2454816,1246772,150785698,ransom,
16543659,2097613,2673701,1317243,158950182,ransom,
18027065,2537759,2258906,1041677,161994076,ransom,
16836596,2576287,2333609,1317282,150038482,ransom,
16591459,1905125,2191398,1041663,160262377,ransom,
15353999,1721991,2102276,976089,161865581,ransom,
17068429,2023070,1902126,834248,178273143,ransom,
12882563,1371681,1725190,974020,171387337,ransom,
15297989,1448742,1856515,1055754,184362376,ransom,
16624286,1555472,1935378,731346,191335231,ransom,
11303888,814909,1709578,1023556,178560368,ransom,
14193708,1090772,2027223,1296443,173883881,ransom,
9174396,748617,2718783,1878387,131070949,ransom,
14774993,1239999,3380029,1686151,148582098,ransom,
15223007,1286882,2884318,1824059,149366536,ransom,
14080010,1243063,2646576,1674300,139641455,ransom,
15729057,1428259,2625847,1563618,157852447,ransom,
17368971,1570957,2530856,1425899,154871303,ransom,
14952193,1054369,2577249,1396214,153296628,ransom,
11536504,854570,3082962,1784180,135178713,ransom,
12950518,814576,2721593,1577791,155508772,ransom,
11157012,847767,2099764,807146,167613855,ransom,
16507781,1313314,2976968,1651776,166765667,ransom,
11867727,525659,2569972,1226532,174763193,ransom,
9918347,626973,2621969,1500705,156740505,ransom,
7714709,401741,2669723,1822522,131467225,ransom,
10549492,859848,2921518,1587627,144024285,ransom,
11445652,1134046,3023397,1662287,132443320,ransom,
9304245,565905,2197003,1490774,158545234,ransom,
10813559,620774,2377657,1456548,164844840,ransom,
11643279,821199,2681170,1512758,152887832,ransom,
13452989,867134,1989908,1086728,171128250,ransom,
10596503,684926,2607866,1444078,158908532,ransom,
13804975,1121688,2853266,1461207,159171008,ransom,
9913064,754746,2404248,1181208,160519137,ransom,
10468593,664370,2473343,1356271,166296189,ransom,
8715991,420638,2078197,1238487,163770756,ransom,
11513255,879457,2848463,1558146,153748678,ransom,
12570256,978336,2650751,1444584,162086669,ransom,
13469443,1077639,2921709,1182194,164133664,ransom,
9851564,766764,3424727,2201510,123544351,ransom,
11661116,773285,2654566,1464246,164937373,ransom,
12763348,949708,2593331,1254033,174554870,ransom,
12861764,1090179,2330927,941317,169759254,ransom,
14220809,1307501,2953827,1542533,162131851,ransom,
14130017,1173214,3129492,1436764,172633822,ransom,
11650070,950486,2794753,1665630,137099068,ransom,
11137264,797592,2416847,844200,180714915,ransom,
10662312,913776,2736587,1543308,134139591,ransom,
12620512,846473,2827267,1526529,168966592,ransom,
13169876,1102420,2833093,1680716,161332999,ransom,
9804372,712611,2787684,1028107,152551545,ransom,
9484442,542180,2315308,1335737,159832914,ransom,
9306121,547628,2604382,1573940,164391494,ransom,
9648084,642543,2716217,1478077,152376528,ransom,
9954825,622496,2489756,1139632,168597910,ransom,
8771696,573888,2377591,1225359,144139552,ransom,
8517557,603674,3065484,2136248,111380404,ransom,
10764183,798568,3153793,1870487,130414639,ransom,
11403560,940979,3565469,1737984,144586833,ransom,
9251541,544053,3153122,1642418,152590142,ransom,
7625534,397120,3070816,2039827,109935106,ransom,
9978304,429352,3297103,1779208,144239000,ransom,
10060275,497220,2781039,1573808,144998370,ransom,
9497132,454009,2430221,1359631,160627154,ransom,
10073307,674321,2830366,1371099,159315349,ransom,
11111450,617454,2853740,1290939,144948681,ransom,
8168315,348763,2588773,1783293,127949475,ransom,
13788492,1065732,2067252,1401268,159211477,ransom,
10581045,486557,2615121,1717816,153620185,ransom,
11127747,446619,2795152,1900019,151095572,ransom,
14140330,983999,2688537,1102708,176442877,ransom,
10683724,574741,2588242,1512797,150274930,ransom,
8653710,394955,3017505,1764621,132740467,ransom,
11038623,756508,2584433,1739415,136857503,ransom,
13125554,854869,2546352,1649342,153440801,ransom,
7724656,480742,2825541,1717239,117146262,ransom,
9753656,576291,2713124,1820188,136637179,ransom,
12590987,1044672,3285693,2266534,121005892,ransom,
15109037,1205964,3838230,1978060,147093843,ransom,
14353769,1089932,2808324,1544845,164307536,ransom,
12488156,997706,3177161,1796923,156108492,ransom,
13102457,1147226,3314918,1356291,162336433,ransom,
12818956,925937,2530008,1368196,157129800,ransom,
11418188,747909,3177949,1922853,135526878,ransom,
9352754,617347,3055247,1885575,149422076,ransom,
9626822,635285,2505508,1243320,159796846,ransom,
10726234,734939,2290864,984653,171414589,ransom,
7723288,450879,2885437,1708712,129250512,ransom,
7179906,508868,2400209,1853442,114576884,ransom,
11729685,779896,2839283,1693281,156331227,ransom,
9091341,553359,2336773,1142606,160492130,ransom,
10385962,737267,2743106,1549442,159369089,ransom,
9886174,708607,3584983,1946871,133527964,ransom,
11427109,846726,2256469,1079989,159934838,ransom,
10899510,755917,2841487,1283809,162223080,ransom,
10212177,570748,2427991,1236498,164643079,ransom,
10289670,586892,2341695,1146766,170876414,ransom,
12893779,1128690,2678933,1015471,160782051,ransom,
14298069,1367876,3079739,1635447,147545696,ransom,
13893045,1023016,3535318,1802704,148237395,ransom,
7753994,358275,2784640,1877198,139939408,ransom,
6390196,483816,3451094,2378984,80344576,ransom,
9335742,705775,3013999,1401520,137052926,ransom,
10955068,690150,2231238,1129815,174559733,ransom,
9416761,557885,2501752,1296790,155833551,ransom,
10210596,657712,2008182,904275,173649010,ransom,
10985723,714176,2232956,941772,170915131,ransom,
8100746,406793,2423294,1236797,140390429,ransom,
11380661,1060433,2898570,1375436,153596195,ransom,
12378082,830408,2670651,1315670,170526483,ransom,
7998981,344922,2177528,1285733,144667239,ransom,
8246721,649771,2667033,1520440,117988087,ransom,
7033295,735874,1811575,755894,73169224,ransom,
5662328,438333,2100188,1037281,72476955,ransom,
5224395,497695,1368018,611308,59690143,ransom,
5783715,683650,1675815,578630,30816269,ransom,
5410703,706327,1719566,499243,26562497,ransom,
7289379,689692,2185711,1060563,83636675,ransom,
10854197,1071135,2856559,1366490,103552628,ransom,
5995718,643242,1677475,687158,33303661,ransom,
1584779,62342,285788,193639,36293277,ransom,
7391988,780277,2039910,753746,95412235,ransom,
6822160,464463,2203790,1041678,101630083,ransom,
9342760,736497,2847301,1379143,127089678,ransom,
8052410,659877,2249166,1064081,98958259,ransom,
7093252,857675,2005722,825157,42592462,ransom,
6484971,481266,2010552,958770,87173762,ransom,
4773026,486709,1618589,1124860,47129800,ransom,
10390004,729425,2857540,1308227,106543058,ransom,
7364137,461945,2396690,1436013,79058534,ransom,
2944954,259832,1543446,1138140,13335033,ransom,
8185574,678608,2424684,1201579,88708082,ransom,
5322451,377924,1888049,947662,80493064,ransom,
10547325,773661,2751884,1079379,157753829,ransom,
7764603,685089,2249622,1045321,82343738,ransom,
465322,47311,188076,163656,1795345,ransom,
6041455,718311,1819552,734738,43214697,ransom,
10392260,898064,2487975,1171096,93134562,ransom,
3212848,212367,1097744,704130,47505436,ransom,
6233478,481500,1872629,1088251,81470967,ransom,
8546622,721878,2519136,1419934,100486828,ransom,
9343465,689414,3215768,1707194,115057109,ransom,
8007866,873104,1982648,726385,73865496,ransom,
7373587,491025,2237188,1247090,116282256,ransom,
3667446,482705,1084225,378582,17416230,ransom,
4797068,616195,1212672,313734,24334215,ransom,
1432330,157070,592627,311684,7117389,ransom,
826448,75399,506906,304856,6338107,ransom,
8200599,688842,1621572,835788,87470165,ransom,
8477115,818934,2136839,689309,84414360,ransom,
4229122,229710,1049198,637292,78694557,ransom,
4269748,534008,1376875,490395,24339675,ransom,
6151873,700058,1293416,497240,66243707,ransom,
2741526,290563,1328015,649830,14308313,ransom,
6325604,562784,1743930,851650,73948953,ransom,
6298380,681845,1630853,438380,51716535,ransom,
5613157,722178,2034434,802312,39059384,ransom,
10032454,992581,2040936,883362,104164598,ransom,
8028198,417676,1973662,818437,145970633,ransom,
7523295,477809,2066551,1196611,118724973,ransom,
8514738,851909,2709994,933124,84358323,ransom,
7367131,918578,1954659,783228,46213865,ransom,
6539076,721107,2151775,746229,66060308,ransom,
8764939,881098,3173503,1565039,75131479,ransom,
4482760,551035,1385002,574634,25203174,ransom,
5913124,703187,1706145,577992,48536660,ransom,
7050932,779543,3185748,1514033,56530629,ransom,
6836319,730343,2661226,1351939,51985455,ransom,
2438862,216368,1091080,657259,29499543,ransom,
8309341,756009,1672223,800648,69727674,ransom,
10918429,798903,1752226,541708,179755564,ransom,
9288258,486180,2529792,1257281,154944931,ransom,
8838734,320571,1530688,883933,181414250,ransom,
9859391,783551,2714179,1143352,134712265,ransom,
8770321,732969,2325897,1115930,115074632,ransom,
4239883,196726,1080455,666895,82482151,ransom,
5388333,709679,1672961,529970,28255370,ransom,
4233923,515580,1151984,446397,21408481,ransom,
279703,23673,151895,100188,1421986,ransom,
788431,94457,373310,210791,4311297,ransom,
3729644,311296,884946,557395,19534941,ransom,
10327741,710566,945824,242382,47982934,ransom,
9500598,692211,523792,221626,39906194,ransom,
10487244,763788,593222,258084,44278910,ransom,
6667763,695782,582489,196161,31448571,ransom,
7724154,723353,494132,275960,34578419,ransom,
7958361,654424,1673446,1025110,92053986,ransom,
8408176,840428,1612021,980645,43219830,ransom,
13120406,1258210,2971113,1505378,133302819,ransom,
12463075,1171019,2678001,1382213,125253318,ransom,
11283084,1343200,1497395,845587,58909048,ransom,
14220351,1459944,1896693,959734,157039544,ransom,
12247169,1008979,2396615,1573716,146304773,ransom,
6662123,641670,1421208,998358,80607222,ransom,
7336380,748002,892845,508027,89035923,ransom,
5747194,481058,1200655,773902,106526391,ransom,
2644615,223772,767050,526903,75267951,ransom,
7159855,571735,1973852,1023481,94323695,ransom,
6263182,706628,1240949,303128,61332056,ransom,
5760958,631071,2007130,937680,60704114,ransom,
7843993,785174,2424971,987007,91110179,ransom,
10702677,779981,2503271,1291547,131596258,ransom,
9264952,607951,2476353,1249446,144306700,ransom,
9402679,549407,2296111,1206021,162673983,ransom,
11043916,782481,2977949,1484072,144401690,ransom,
9516287,653830,2693821,1432651,137975421,ransom,
13195138,1011532,2063422,1219376,153724192,ransom,
10283058,763358,2290181,1129274,154660785,ransom,
9044941,559681,2754921,1389818,155064346,ransom,
8991850,558809,1891801,1010222,155534033,ransom,
11345294,829054,2549102,1473789,156124540,ransom,
16520760,1683483,2810513,1565676,151514394,ransom,
14058914,1395069,2256841,1277620,161416808,ransom,
11183675,1055320,3027762,1905465,113877518,ransom,
17709063,2107312,2436522,1139327,160380393,ransom,
16868031,1969327,2324853,1078524,153912736,ransom,
22264709,2716813,2685565,1086725,177853459,ransom,
24116967,3148448,2961330,1086304,172930603,ransom,
26186599,4147178,2713670,1095509,177101116,ransom,
19307621,2788488,3116647,1488662,134994641,ransom,
19986434,2593880,2385959,1249199,151834132,ransom,
12717149,1223662,2185409,1179724,155653762,ransom,
21488595,2832371,2565789,1098554,156289749,ransom,
14851599,1476254,1957366,1141234,173446768,ransom,
11285137,802701,1733363,1187743,164577978,ransom,
19058187,1658862,2498888,1503528,145841345,ransom,
19608304,1910747,2559779,1430348,174268463,ransom,
19260564,1697451,2570710,1552168,175445835,ransom,
12519274,862549,2623103,1352031,169239827,ransom,
9359911,500681,2060240,963125,166267050,ransom,
9070015,581593,2841576,1919770,122244597,ransom,
12034064,1076102,2415756,1416833,138644710,ransom,
13772901,945174,2087333,894857,182807372,ransom,
11706423,828089,2708209,1891416,124694022,ransom,
13835073,1238833,3426788,2062000,141225526,ransom,
9192326,666523,3102016,1783162,106866745,ransom,
8092270,480956,2675752,1590648,134063700,ransom,
8645614,488173,2648630,1570292,145815444,ransom,
12304712,914254,2406327,1264391,156383626,ransom,
9632833,625789,2204755,1043039,153258081,ransom,
7111783,705056,2313250,1100375,64979921,ransom,
7986925,492903,2490450,1645138,135256520,ransom,
10729587,817556,2752458,1862565,142406993,ransom,
8970762,411487,2701668,1698508,141934849,ransom,
9501808,645830,2069140,1114400,162135499,ransom,
9018442,440069,2297901,1253273,164150719,ransom,
9845674,518655,2113995,1098258,178079393,ransom,
9867221,498616,1967304,1083059,174725704,ransom,
8683837,582175,2946037,1574296,136165023,ransom,
9902439,676783,1983015,979748,150855508,ransom,
9399892,562892,2488608,1384891,155104062,ransom,
5818381,424107,2921742,2108785,82555512,ransom,
10114121,893100,2820932,1467820,135931588,ransom,
10210029,678792,2748832,1697053,143298871,ransom,
8613994,407290,2271098,1398538,154113446,ransom,
9645109,443586,1944086,1064144,181430155,ransom,
10531030,718218,2298472,1070528,172605078,ransom,
9246904,560818,2374729,1278793,148936101,ransom,
12894593,830307,3003690,1379076,162715444,ransom,
16758793,1302802,2778757,1416140,167177000,ransom,
10735087,890010,2560734,1033719,120891598,ransom,
7701179,466720,2811087,1464241,109163278,ransom,
16883330,1365732,1727587,1047148,160396746,ransom,
9008655,836196,2255140,1365483,96396177,ransom,
10280209,756992,2891860,1269430,156310140,ransom,
10905127,721095,2266673,1145509,163895333,ransom,
8782734,517573,2053071,1251091,147746267,ransom,
8212960,451313,2260568,1452757,135135628,ransom,
10380007,726008,2176854,1114710,147825622,ransom,
9373282,499868,2097863,1234686,160563314,ransom,
9392170,725073,1902025,983806,132615541,ransom,
10991034,868895,2770423,1609231,133695946,ransom,
15435688,1506436,3815758,1851694,118637583,ransom,
13679967,1560906,3607818,1534187,69983616,ransom,
10251368,957011,2260881,1324910,114892334,ransom,
7378561,432798,2871429,1931245,111518311,ransom,
11352177,893855,2646740,1501513,157972202,ransom,
13303137,1164373,2843677,1213600,169701092,ransom,
10399675,598944,2026390,753946,172990383,ransom,
9295450,815153,2024112,539593,126547724,ransom,
5528932,468722,1723071,975449,67738647,ransom,
10025352,613572,1734780,1055567,175844605,ransom,
12497804,984044,2902217,1510943,168750650,ransom,
10117252,728748,2808791,1420912,146017130,ransom,
8185125,814481,2014557,911378,74572973,ransom,
9639313,1137081,2509185,1058379,45455402,ransom,
2880708,290985,1455416,818887,14120071,ransom,
1243554,138915,529428,280463,5746840,ransom,
7302613,899918,1984672,723265,34440010,ransom,
7108438,544721,1177235,428788,32618202,ransom,
10119435,1062848,579482,200718,46968725,ransom,
7936500,894979,917130,347124,40051621,ransom,
7839382,838848,1487054,870639,39857216,ransom,
9227591,921783,1556053,998133,58041927,ransom,
11661995,1200155,1784775,835472,83308563,ransom,
6337574,709044,1759000,484089,41648421,ransom,
2136154,222048,850137,439294,17132940,ransom,
2187292,165043,671060,333055,27240073,ransom,
4913465,505852,1905932,757147,32255238,ransom,
5899584,508872,1857692,1047169,70617445,ransom,
6176554,356390,2485579,1789632,103028728,ransom,
9296375,609962,2462306,1410082,146356597,ransom,
8494919,482790,2704749,1290553,142884746,ransom,
10605833,720564,2360139,1274207,157604241,ransom,
11266811,767475,2262038,1299427,163585576,ransom,
11330925,752347,2546035,871998,166148150,ransom,
9180241,554075,2414980,1521691,144955804,ransom,
8171036,497414,2867406,1663301,126824903,ransom,
9441970,661449,2448411,1154528,155860261,ransom,
10473266,692852,2150168,1203302,172201480,ransom,
9087705,354549,1964956,1012667,172817538,ransom,
8103956,357081,2212315,1318211,146914585,ransom,
8190953,445301,2409677,1361586,143410794,ransom,
7494038,382431,2454041,1512187,128350774,ransom,
9683785,779379,3025575,1599243,111461976,ransom,
7918101,613403,3210364,1832134,97083034,ransom,
8684847,642910,3051199,1697163,117634857,ransom,
13697153,988304,2065641,798054,186766153,ransom,
13554934,897201,2134260,1110533,184392533,ransom,
11227632,774927,2549845,1043249,171665809,ransom,
9993225,775174,2720762,1233725,138228603,ransom,
8644485,346752,2212559,1180000,164377534,ransom,
9836161,536389,2556537,1663020,164379330,ransom,
9332020,576749,2506449,1600292,144252974,ransom,
8747080,574592,2659175,1848888,131876532,ransom,
10662988,656483,1853445,1073249,177072748,ransom,
10560861,737258,3061647,1932977,135521123,ransom,
10118385,773201,2780630,1602000,145921634,ransom,
10976192,669479,2330967,1078389,172497849,ransom,
12426917,838142,2282678,932469,187778718,ransom,
9608441,625888,2321553,1006835,163257082,ransom,
9606894,594136,2901221,1691607,153047340,ransom,
9534640,565044,2561708,1395431,159404754,ransom,
9900740,628976,2410754,1176677,163797948,ransom,
10061339,751696,3114550,1748886,137813817,ransom,
9417676,451521,2743775,1474145,159568461,ransom,
9555079,648656,2409239,1390305,155867339,ransom,
9220586,613151,3182345,1677771,145574935,ransom,
8412779,568606,2537739,1526647,124554293,ransom,
8425204,489612,2646121,1486218,136570293,ransom,
10918304,707657,2867826,1664792,155765325,ransom,
11696312,924013,3062211,1443411,160415481,ransom,
9916680,669973,2477494,1152906,147984336,ransom,
8240489,454736,2285702,1288494,139470994,ransom,
4824408,584284,1554634,674987,29866484,ransom,
4946692,614064,1289607,360147,24171693,ransom,
1943202,184486,713323,430772,19077824,ransom,
3292420,139882,1297611,999470,66377558,ransom,
7324167,420759,2201790,1379879,130165360,ransom,
9106843,518595,1832221,913501,162544736,ransom,
9483970,529013,2357623,1084785,161484486,ransom,
10136559,748059,1926928,1145428,158690541,ransom,
10205557,607363,2567279,1398109,148992350,ransom,
9503085,713144,3055237,1574245,149797537,ransom,
7153457,369028,2639940,1847506,128942612,ransom,
9524015,568254,1970413,865598,158792376,ransom,
8790829,455828,2232529,1278532,159332029,ransom,
8976693,528694,2665481,1603616,151839340,ransom,
10300832,781393,2472722,1111501,160745561,ransom,
11078416,717773,1580059,532729,186317664,ransom,
8822494,440335,2371982,1285851,147763650,ransom,
10144841,803728,2715712,1332604,152750885,ransom,
10600235,794980,2782114,1658165,134172638,ransom,
5137371,419799,1709372,925772,54712132,ransom,
6532871,188796,1988640,1449939,146901744,ransom,
9505484,771388,2637157,1169900,150681734,ransom,
10935970,642243,1732129,766341,187405857,ransom,
8382746,326044,2122389,1289922,155445707,ransom,
8755271,238673,1246186,755057,182803456,ransom,
9244693,382898,1598612,1009356,163384667,ransom,
7268662,149710,1293785,875821,160520231,ransom,
7185142,200775,1836410,1352466,156064069,ransom,
8852071,436240,1513841,1199209,163134610,ransom,
7951952,333945,2288468,1654517,142519536,ransom,
7760090,116639,923577,673155,182908769,ransom,
7663833,190840,1808301,1270891,158107924,ransom,
7300773,194870,2166122,1608656,143682293,ransom,
7094104,204265,2227273,1624619,142494952,ransom,
6229903,208443,2068877,1523452,109064655,ransom,
414786,17950,135285,100127,8984134,ransom,
770841,56027,277584,193961,10664333,ransom,
1453144,74857,715236,571373,25297258,ransom,
1634425,47934,675706,560528,41415851,ransom,
1053307,93250,416367,273374,8772648,ransom,
9071,1359,8803,2108,47322,ransom,
710246,63579,247126,145504,5171189,ransom,
419529,43264,142201,79216,1592524,ransom,
408861,42860,146804,85844,1595978,ransom,
795729,81710,289164,173234,3081248,ransom,
3130823,358792,338133,199534,29820412,ransom,
11338228,969019,952528,410005,176018733,ransom,
12675087,1046910,1994472,751893,182598417,ransom,
9558298,604704,1925759,906157,161256284,ransom,
11886866,995454,2635691,1511069,147731891,ransom,
11680735,1035423,2348180,1351099,147947783,ransom,
8787712,449252,2204023,1251766,157668300,ransom,
10654246,726592,2364311,965249,171868165,ransom,
10631929,840250,2287132,1476017,153477954,ransom,
10794268,791610,3085289,1721088,140508988,ransom,
10654593,694223,2228707,1131426,162907518,ransom,
11044458,1003355,2192254,1337453,144403348,ransom,
12176096,1184633,1918023,1067047,164514974,ransom,
14242517,1602376,1804999,782194,174409551,ransom,
13575369,1298330,2053077,1160622,181034297,ransom,
11378015,1015540,1553521,1032290,174164451,ransom,
28303902,4940842,3535881,1546486,158518388,ransom,
27589025,4183097,3295053,1287361,155787023,ransom,
19309632,2608388,2640332,1459489,132115765,ransom,
21441311,2752893,2830987,1245242,162914214,ransom,
17286009,2359495,2751700,1510493,149603932,ransom,
9544797,519398,2249103,1461481,160750992,ransom,
8911894,587614,2618578,1656315,143155433,ransom,
10438010,613125,2483416,1855595,135312420,ransom,
10953158,819176,2062040,1309952,152303967,ransom,
12616562,929467,2100185,1157599,163241498,ransom,
17428208,1620428,2087995,1113445,185330535,ransom,
17833638,1729940,2177924,967258,177721042,ransom,
15509736,1423894,2599787,1758996,145256530,ransom,
13075264,1008684,2487693,1364255,159839641,ransom,
13608039,948802,2813077,1483215,164430982,ransom,
10047005,513783,2016887,1175299,145161793,ransom,
11110248,697454,2242610,1385799,159555108,ransom,
10817016,554072,2647257,1836413,141417140,ransom,
12468550,721800,2643631,1647734,155590207,ransom,
9133153,479323,2681344,1595893,135940349,ransom,
10209845,512893,1875009,836882,184722012,ransom,
11341405,681699,2068651,939507,189776693,ransom,
9462037,387717,1823889,927718,183977236,ransom,
14218570,1170543,2142899,1307081,167941760,ransom,
15078812,1040666,1691393,775672,193360451,ransom,
4682977,558052,1978666,801965,24859115,ransom,
7816934,723674,2352844,1152972,73435126,ransom,
8264008,936764,2395945,1489258,59891886,ransom,
8665050,779911,3404590,2218173,102224400,ransom,
11373985,1059827,3238437,1971418,120862095,ransom,
11189516,873167,3349364,1843364,131966108,ransom,
13189043,1013855,2497133,1076089,178284145,ransom,
12630014,1130981,2228869,836446,166380368,ransom,
11821302,977368,2893347,1674958,138851816,ransom,
13254491,1197939,3078065,1779620,137863846,ransom,
13838493,1123737,2477243,1160708,165739841,ransom,
11606764,733856,2248685,1061964,172755390,ransom,
9949301,684438,2622413,1521719,150232990,ransom,
10419979,566880,2364054,1288938,170459171,ransom,
10082260,687234,2768569,1518088,150314596,ransom,
7506528,359150,2449757,1624498,138220605,ransom,
8822468,483263,2765120,1654273,150223141,ransom,
8483081,553425,2367812,1421753,131863668,ransom,
10692234,570915,2465382,1461145,188355963,ransom,
9503031,521698,1328680,726739,156431602,ransom,
9482124,620294,2252960,1439204,148732045,ransom,
10984318,638767,2921107,1684885,165001193,ransom,
11382022,665836,1994212,965313,187073052,ransom,
11862820,919969,2806756,1413367,158252800,ransom,
12031232,1138235,2493156,1296807,123893788,ransom,
10876159,763009,2888544,1476159,148158885,ransom,
8048523,460470,2718273,1851944,147882098,ransom,
9933173,747433,2926109,1546460,152490486,ransom,
11367139,797294,1826715,572876,186278399,ransom,
9269138,559219,2973076,1507070,155474895,ransom,
10291933,724359,2710763,1456730,163554483,ransom,
9797632,751559,2828158,1402371,153640011,ransom,
10461788,756652,2731082,1570253,157377405,ransom,
10493810,600877,2599404,1481021,149385182,ransom,
8968450,454546,2288430,1244724,164528135,ransom,
8201703,568366,2801035,1723548,126354696,ransom,
10568616,754629,2543259,1136142,167734579,ransom,
7963603,385316,2323916,1343610,140898528,ransom,
9860771,808231,2784375,1425521,143849336,ransom,
9156540,575621,2953014,1503261,143968130,ransom,
9301622,677750,2514239,1128109,131727552,ransom,
7966255,491782,2795341,1613878,127786786,ransom,
11080739,885269,2601509,1051244,158341022,ransom,
12715153,1335915,2866429,1394918,152339647,ransom,
10707526,564317,2304082,1020131,173354398,ransom,
10614452,636347,2351918,1188485,176884657,ransom,
9563462,639719,2971152,1323987,148077319,ransom,
8007557,450258,2964443,1569900,134123949,ransom,
9549116,636968,2320850,1297537,161346334,ransom,
10410803,714075,2752093,1251950,167961224,ransom,
9228586,595593,2207393,1212852,154347563,ransom,
11342776,811848,2467778,1205035,156472675,ransom,
9551598,554811,2373978,1405925,161397123,ransom,
6891245,717969,2757533,1415051,65781656,ransom,
11360903,969786,2435388,1082416,127277034,ransom,
5325774,744051,1560822,426253,25940476,ransom,
8843837,700255,2368731,1214728,109042377,ransom,
7390879,344619,1902181,1119000,141854258,ransom,
9425624,775476,3243882,1629720,130886457,ransom,
10657881,721973,2624854,1435615,156837651,ransom,
10044983,927185,2695179,1949652,121507403,ransom,
13112717,1415746,2839420,1646481,124675824,ransom,
12450990,1173773,2590470,1617537,144511170,ransom,
10246243,729279,2138363,1386558,145875204,ransom,
12762787,1212033,2872701,1902744,124831809,ransom,
13538270,1170231,2458292,1658855,150925568,ransom,
17439092,2172026,1943229,889276,172768688,ransom,
17019133,2556366,2590619,1490390,150525359,ransom,
15599390,1763936,2424011,1345424,167937776,ransom,
16554286,1990058,2765877,1599990,156435149,ransom,
15706343,1806538,2560039,1278547,155060999,ransom,
13241682,1444089,2246669,1426568,157216964,ransom,
16558509,1972380,2003294,1031732,168585438,ransom,
19731297,2484487,2513970,1239766,163936341,ransom,
10554167,903559,1751957,1080735,160671697,ransom,
11107686,902139,2172370,1530739,152790383,ransom,
16243655,1277700,2218544,1166138,169116385,ransom,
18435940,1740699,2029303,915077,187037122,ransom,
13700594,1181024,2936785,1767045,142824341,ransom,
20549538,1976345,2376206,1344421,173357186,ransom,
18934143,1749281,2169029,725161,200606775,ransom,
10893518,743160,1920683,673088,170145941,ransom,
8921506,387916,2613608,1572713,145653494,ransom,
10183129,659046,2385298,1560352,135479671,ransom,
8322921,603587,3091101,2115331,103530308,ransom,
11108041,1106058,3457470,2104578,80297158,ransom,
15546732,1578646,2763468,996049,114159209,ransom,
8268299,613254,1938108,1028157,120983233,ransom,
5872161,781788,1839969,797665,48873183,ransom,
6647091,698631,1794854,671080,60212091,ransom,
9155224,521643,2501609,1331266,155490042,ransom,
5554266,653215,1660548,612928,37730334,ransom,
8429481,550193,2200382,1246751,138614167,ransom,
8295088,401372,2254006,1375330,151607335,ransom,
7655667,378454,2361955,1552294,147466629,ransom,
9488644,693316,2743034,1540959,142500071,ransom,
11763784,844523,2208885,997434,162455239,ransom,
10763296,561393,1989686,810309,180099584,ransom,
9862990,683646,2775209,1448057,157288858,ransom,
7594081,458319,2891318,1823010,128766789,ransom,
10451317,680625,2041964,859572,168337072,ransom,
8593735,451662,2650042,1594927,150885437,ransom,
9200399,503125,2474785,1479396,162135904,ransom,
9586254,771878,3193387,1456028,138571263,ransom,
10516233,628235,2051911,937294,171887860,ransom,
9013120,525227,2190173,1244048,158259776,ransom,
10365364,749401,3071865,1791068,135730331,ransom,
10404136,724345,2624920,1207717,148590761,ransom,
8534177,622114,2271753,1139467,126603645,ransom,
6806484,717176,2655958,1370154,46719386,ransom,
6472717,695665,1778422,603570,53260447,ransom,
9734245,765837,2529429,1229346,141316732,ransom,
9423861,692067,2456316,1322845,147978166,ransom,
9059493,365072,1921246,991420,170487286,ransom,
6522256,636816,2385243,1344788,63087191,ransom,
7225569,772058,1955381,747688,71348546,ransom,
8157554,631105,2021184,1032576,81535156,ransom,
1451404,157196,494430,253920,7893006,ransom,
6409626,879772,1409424,331776,30920923,ransom,
2733642,271385,1225843,533924,14282615,ransom,
5491416,245512,1551268,998838,105887201,ransom,
7537029,498780,2145594,1483092,128820062,ransom,
9411586,623022,2858484,1285240,153169189,ransom,
10141428,624136,1571600,787982,177579487,ransom,
7055465,293123,2561916,1556823,133992162,ransom,
9507015,598850,2013819,1277199,162546942,ransom,
10556471,581076,1935839,981806,179962446,ransom,
10218133,532130,2364376,1308709,174050466,ransom,
9334349,644954,2804419,1466557,146250278,ransom,
10197503,660944,2231084,1121262,163986195,ransom,
7974752,470572,3108410,1911138,118681128,ransom,
8043227,621416,3257553,2211986,100689604,ransom,
9996429,759283,2970014,1217960,154907207,ransom,
9248759,632112,2429419,1228560,137221528,ransom,
9415000,535236,2091593,1021124,159719930,ransom,
10292780,866942,2619344,1492997,148719493,ransom,
13457642,1114380,2295003,726351,188695168,ransom,
9657356,461024,2269976,1132141,166300057,ransom,
6413259,328439,1962339,1233110,108133835,ransom,
4789033,417188,1510064,937222,67910864,ransom,
9567747,675353,2699037,1147309,150474270,ransom,
9733779,689662,2512021,1430035,150047009,ransom,
8428439,396203,2388908,1147790,154288896,ransom,
8866623,476921,2589392,1484866,151556813,ransom,
7516143,470852,1979946,1177744,117402970,ransom,
11062627,1049133,2297235,1154450,130984294,ransom,
9426113,636948,2562216,1248400,129747080,ransom,
6887230,779448,1833827,743844,67140317,ransom,
9909607,613975,2816052,1394557,158292996,ransom,
7723648,411708,2339172,1445175,136924007,ransom,
7531280,613366,2903471,1827282,117601755,ransom,
11154369,810916,1881929,864115,171076438,ransom,
9404076,395467,2096810,1030799,174113196,ransom,
8605798,437813,2413236,1433369,152522511,ransom,
9700469,456251,1114899,573655,189211465,ransom,
7511264,527916,3099972,1715860,101879846,ransom,
8894486,882463,2090074,908704,58307835,ransom,
5825942,310617,2425397,1767826,107801184,ransom,
7575927,365193,2745893,1877015,124843415,ransom,
10070307,663125,2954011,1462505,150777755,ransom,
9825808,552786,1888065,853916,163556454,ransom,
9227713,380249,1566342,855242,176821437,ransom,
9444681,413606,1952760,1034261,177959323,ransom,
7523678,476902,2225200,1446168,132614077,ransom,
10047329,722066,2700543,1064928,156810226,ransom,
10218494,841359,2269543,1190591,141306432,ransom,
9544842,660171,2984808,1897106,126641638,ransom,
6435331,665355,2414111,968061,58947169,ransom,
9479676,635033,1963207,887140,148162795,ransom,
7248714,724427,2470836,1225382,71086973,ransom,
6049125,671042,1453713,400500,45943985,ransom,
7105297,621641,2619321,1588434,95765338,ransom,
11039009,867299,2183064,711566,169922142,ransom,
8736149,338558,1965972,964454,171129212,ransom,
8256031,533286,2751160,1595919,128791457,ransom,
8494746,588132,3117632,1969923,122867941,ransom,
8713364,629251,2997924,1767541,118637748,ransom,
12084568,763818,2061239,927656,171827064,ransom,
8437060,371166,2464063,1516898,156450058,ransom,
8304966,504358,3043955,1925992,133463138,ransom,
9801423,630060,2378663,1151825,164291917,ransom,
10813845,807076,2308211,908253,167237143,ransom,
9336790,525438,2658615,1225988,150564399,ransom,
7636492,324340,2514721,1635910,137097552,ransom,
6447246,520811,3015070,2101843,87131572,ransom,
10858014,771534,2271262,1129882,159847424,ransom,
11094901,756693,2684815,1345561,157610375,ransom,
10190666,856606,3511743,1903656,130226830,ransom,
10251861,680299,1995567,872960,164390615,ransom,
8180252,388326,2347138,1376768,152997666,ransom,
7536137,405137,2835915,1978594,130930623,ransom,
10439496,644983,2041564,925900,177837272,ransom,
9269825,531005,2561729,1214402,158722913,ransom,
9342083,600839,2444018,1167105,144759863,ransom,
8826340,436945,2156507,1030123,158026299,ransom,
7710442,575986,2897481,1811530,108344910,ransom,
8576676,538797,2671539,1203433,137658369,ransom,
10251104,789566,2219074,1290453,136635888,ransom,
10056753,607392,3017662,1575068,142395645,ransom,
9432896,616960,2457211,1296624,150860308,ransom,
9379166,593942,2712583,1186007,154816593,ransom,
7696387,395625,2907447,1800392,124222449,ransom,
8259186,523225,3160528,1871431,121425114,ransom,
8190205,531067,2830922,1862974,129439049,ransom,
9878070,569864,1977908,801187,173975275,ransom,
8843018,400289,1914614,1115341,154476087,ransom,
10407301,735008,2685822,1354225,148464652,ransom,
16608827,1573213,3345809,1160005,170497477,ransom,
21486593,2162747,2329254,1255740,176652325,ransom,
17327293,1479306,2833198,1615969,151493452,ransom,
14887157,1521386,1977281,937717,169273850,ransom,
17617891,1720980,1874841,782793,186635307,ransom,
17652721,1714775,2629798,1218592,170010588,ransom,
16146001,1595086,2375702,1405822,166726736,ransom,
18662885,1823781,2163404,1093210,175960176,ransom,
17437643,1591543,2011536,902560,182762440,ransom,
16536093,1609888,2345410,1243115,162794580,ransom,
13693810,1456910,2313786,1533614,116404977,ransom,
31187687,4683939,3150564,1572482,159609717,ransom,
23564527,2794263,2557130,1266816,169103694,ransom,
11709913,977492,1737261,1082879,156114670,ransom,
10824373,789199,2403149,1486370,152887520,ransom,
11094361,920284,2147164,1317995,157528638,ransom,
13624148,1399500,2287941,1381221,156018378,ransom,
12319025,1176439,2308315,1393230,157541759,ransom,
8104229,507463,1700684,1183328,150348182,ransom,
9120801,546367,1753434,1182392,155027885,ransom,
11485876,718714,1435404,812941,171882303,ransom,
17156415,1536483,2569295,1142765,181209175,ransom,
15568143,1358032,2677399,1556732,160810454,ransom,
14107832,1173479,2179586,1211082,156507672,ransom,
17836141,1585855,1586979,726741,178165827,ransom,
17212852,1431103,1988076,1051839,173291009,ransom,
9325494,509543,1816293,1149576,145985437,ransom,
11291720,733096,1724762,902489,165266572,ransom,
10827542,603129,2119121,1257352,162557742,ransom,
8819419,339458,1585597,881711,173662659,ransom,
6984084,412727,2746906,1832555,113087321,ransom,
9579349,793697,2432158,1541151,130417550,ransom,
11379388,764343,2313485,1093108,155988561,ransom,
8674855,434161,2610741,1325413,155729935,ransom,
8197921,446728,2365302,1490980,140581434,ransom,
13086743,977350,2782113,1413053,166653866,ransom,
12719840,1102317,3508763,1612226,146461923,ransom,
14246582,1051122,2782801,1507045,155228854,ransom,
16842883,1492872,2738623,995598,184918770,ransom,
12903597,929941,2324171,983933,184281009,ransom,
16637808,1353080,1595206,709651,194000024,ransom,
12709979,815131,1766800,776879,175577542,ransom,
11917102,995025,3262377,2009248,140992256,ransom,
12471816,1118033,4101283,2166430,135309340,ransom,
11976317,955932,2506181,1429401,158406306,ransom,
12486762,897993,2980324,1572313,168307855,ransom,
13287046,969094,2494017,1209201,181606439,ransom,
13558024,1220235,2811443,1346102,161042262,ransom,
11249870,1030492,3101289,1553638,139088142,ransom,
11709587,978413,3284511,1941416,142289587,ransom,
11871730,917106,2586806,1264594,157987610,ransom,
13108267,1109146,2957386,1134067,165872243,ransom,
13828094,1134375,2506510,1072602,166699484,ransom,
10273381,845281,2766910,1516020,135823115,ransom,
8069903,629636,3202762,1750554,120213057,ransom,
10348450,836530,2615705,1524292,140629649,ransom,
12447790,834303,3017487,1501778,160042081,ransom,
11657437,826853,2552000,1258806,160085887,ransom,
13374061,864803,1227970,403708,180499177,ransom,
9713504,711227,2831650,1668994,147382135,ransom,
8990714,569691,3315896,1917915,141801331,ransom,
9700365,571281,2348342,1258674,157293371,ransom,
10806151,686769,2188074,1121441,173977571,ransom,
8753300,457154,2563526,1698147,147565143,ransom,
10120207,710938,2248167,1297412,144928868,ransom,
8980583,503402,2366995,1410406,145377234,ransom,
13508903,1217315,1974090,1018624,182041396,ransom,
12478603,962858,3108221,1407023,163317895,ransom,
12263833,790833,1595534,862483,191911751,ransom,
8294995,483252,2774405,1823338,128763121,ransom,
10408905,678605,2439280,1404288,168496817,ransom,
8687367,595533,2585167,1669315,121521841,ransom,
10755871,800144,2069871,1090412,158234998,ransom,
11948365,799200,1978205,559109,195295022,ransom,
12702342,874928,1768583,927675,184891659,ransom,
10356595,631213,2789941,1560716,152556538,ransom,
11304474,1061083,3219827,1764297,143827208,ransom,
10310148,828935,3303289,1738383,135780216,ransom,
11256359,827901,3202798,1619400,139195042,ransom,
10593116,667938,3169582,1783745,148866870,ransom,
13096581,984558,2460947,1631756,162303537,ransom,
11350173,805839,2867008,1553774,137496942,ransom,
11578155,870664,2672265,1213117,159910160,ransom,
9713673,596860,2201471,1194617,161592110,ransom,
9346527,558207,2614375,1702605,143347117,ransom,
12059166,849757,1809499,799171,188966566,ransom,
10765802,815537,2730216,1351671,157308600,ransom,
13495825,1051617,2289575,1414480,176048175,ransom,
11495653,683481,2158865,1028252,181361424,ransom,
10890741,825706,2947139,1921441,152294106,ransom,
13801684,1153968,2263408,1257667,171900636,ransom,
20472323,2633274,3117851,1037960,143564153,ransom,
20227690,2426664,2271562,864594,175031362,ransom,
23838127,2788374,2592211,1124023,187982686,ransom,
24593556,3641247,2202557,913767,191500182,ransom,
19478713,2742464,2319593,1180660,164942542,ransom,
16028759,1706912,2396048,1411249,151251918,ransom,
21213731,2263484,2280578,841091,184318415,ransom,
17372331,1854961,2442334,1116757,176554300,ransom,
16701527,2081906,2602675,1266054,158080053,ransom,
14188423,1519626,2483167,1371308,155190798,ransom,
15635678,1821637,2269019,1211179,167629812,ransom,
18860335,2571917,2196181,1237525,173578925,ransom,
9675803,605345,1541288,972784,175688964,ransom,
18194244,1587885,2027135,1372104,177992279,ransom,
15496243,1256690,1883262,1106272,172231920,ransom,
7500885,559934,2538551,1999966,126721127,ransom,
14899055,1336104,2556728,1575038,137508111,ransom,
18472647,1810443,2571177,1258806,172833308,ransom,
19172579,1855417,2046018,1143530,173288348,ransom,
13144847,968892,2714080,1753116,154821983,ransom,
11982150,683202,2233952,1134394,180029634,ransom,
11735645,675621,1758375,1041281,181063317,ransom,
12444705,734275,1556043,777071,163125700,ransom,
9869288,519078,2357375,1189608,167106816,ransom,
6079773,548348,2281024,1277017,74751000,ransom,
8168395,753134,2432634,1267980,82980301,ransom,
13433528,1150653,2502841,1187664,152135191,ransom,
10822975,946832,3296544,1897909,140381267,ransom,
12092608,914708,2447770,1212609,166170835,ransom,
12884010,836563,2099676,909533,185527858,ransom,
10817933,677433,2088447,1123655,168627305,ransom,
9381296,747802,2794122,1651816,132190977,ransom,
12738371,1071304,2897812,1475504,156935491,ransom,
12104840,886394,2607133,1448899,162177268,ransom,
10056750,663706,3021525,1950808,130559096,ransom,
14221217,1060391,2327177,1184686,181572955,ransom,
13484191,936406,1774242,1023823,175329075,ransom,
9990933,609584,1981194,1000910,167823207,ransom,
9249614,503434,2625892,1513667,164349145,ransom,
11846466,669727,2200828,957777,188964940,ransom,
13776646,959787,1978612,1186371,184418155,ransom,
10885513,697265,2345417,1317270,173172649,ransom,
10740645,746994,2736482,1377263,160041896,ransom,
9941153,749395,2125325,1290009,143361177,ransom,
10337760,771164,2556359,1634985,139378292,ransom,
10745218,761879,3101046,1847249,129995642,ransom,
11661401,995196,2921695,1561923,130159708,ransom,
12294433,1143487,3148617,1320027,137407564,ransom,
12669470,1047846,2868773,1839453,152922240,ransom,
13141205,915272,2299625,1006840,179967559,ransom,
11105500,598748,1898494,702077,188197449,ransom,
8898640,667096,1892374,654682,123863496,ransom,
7505932,895437,1749000,399881,36871572,ransom,
15451692,1355110,1762656,510684,110131683,ransom,
7407566,599030,3111224,1933706,93070217,ransom,
11190236,1058528,3717926,1819425,117154396,ransom,
11889167,756055,2396142,1009363,180036336,ransom,
9734265,1030741,2012191,1018608,66831407,ransom,
12447610,1484957,2335479,711510,62774774,ransom,
12442230,1460155,2370628,671673,63767323,ransom,
8312453,942567,948117,333507,42443381,ransom,
6696376,488257,1456218,951654,89745034,ransom,
8473306,306391,1517266,883677,171257139,ransom,
8844206,594056,2113629,1155189,143666592,ransom,
7976020,772112,2342264,1058007,75239343,ransom,
8146834,537280,2320590,1463720,111374307,ransom,
9173341,522442,2126079,1323912,157204455,ransom,
10572022,831401,2866232,1057156,161661387,ransom,
9321579,597426,2155766,1285300,157775360,ransom,
7007134,380582,2817118,1798047,120533601,ransom,
9571922,632289,2361286,1357210,159327398,ransom,
10758102,746348,3055521,1330529,161818834,ransom,
9512727,605779,2534712,1390803,153825227,ransom,
11651997,815955,1942895,1016294,168414253,ransom,
11135791,649062,1949596,1000490,175762971,ransom,
11533211,1014807,2339563,1354690,139700923,ransom,
12727756,887086,2353473,1061527,171042393,ransom,
9969568,538879,1875452,909011,169495871,ransom,
11395448,711838,1646157,699785,190826692,ransom,
12601778,973658,2813583,1336786,173773171,ransom,
13140544,1079268,3107303,1685160,151202980,ransom,
12310246,903028,3240324,1823270,161100619,ransom,
12783229,1214407,2889455,1469580,121282358,ransom,
8669164,712837,2150431,860292,111608381,ransom,
5291928,502402,2420635,1368121,43770617,ransom,
7946346,940567,2545855,1347274,39725768,ransom,
8089738,891860,2119095,989983,57350782,ransom,
10540128,739496,2868233,1221972,164815871,ransom,
10435181,678075,2225612,1029624,167272948,ransom,
8262896,749844,2764194,1247135,95550627,ransom,
9440304,695533,2447012,1202193,136152971,ransom,
7221233,420799,2550278,1713239,121580613,ransom,
8718277,497860,2658776,1653389,151094693,ransom,
8781273,585319,2152931,1014567,140202806,ransom,
8792623,545264,2389447,1134337,151102194,ransom,
10191062,525271,1500983,725990,181140331,ransom,
9185758,557992,2177916,1362246,147061839,ransom,
10922638,632193,2768422,1562868,159570636,ransom,
8630681,414546,2436985,1425158,152611764,ransom,
7606825,344840,2898083,1952915,131286022,ransom,
8538887,568011,3076994,1911907,124610982,ransom,
9648072,674857,3169272,1491348,142858378,ransom,
11799165,736614,2651495,1490680,163839044,ransom,
12291058,875663,2554429,1351406,163889831,ransom,
13055705,801402,2662129,1283562,166682601,ransom,
9789433,648411,2692613,1480203,124238321,ransom,
9939450,623073,2750864,1743201,132459199,ransom,
16760986,1196203,2096005,1235506,173438223,ransom,
11525007,731958,2276485,1085547,170348743,ransom,
11333801,859628,3051130,1855938,140749160,ransom,
13247417,1242552,3698801,1813470,145194170,ransom,
13918248,1180988,3020120,1501537,154657395,ransom,
11483638,885307,3241638,1987041,141011618,ransom,
13401592,1235746,3189325,1479527,157283424,ransom,
11518378,860457,2381301,1322106,156064217,ransom,
12077061,802075,2381357,1250894,169991244,ransom,
11521139,805842,3152906,1936786,142569043,ransom,
9729171,560070,2649893,1458773,160408069,ransom,
10854684,845308,2683441,1506964,140288097,ransom,
12531249,910567,2208172,951275,165356277,ransom,
7742369,393814,2901385,1810889,130063098,ransom,
9689312,670160,2797987,1540804,153091187,ransom,
8723848,608637,3232684,1695319,135178492,ransom,
10549399,678722,2392785,1142270,164381400,ransom,
9396059,750098,2925624,1500728,143580575,ransom,
11357698,823047,2482957,1137070,177572075,ransom,
7783477,435287,2861380,1708540,137619923,ransom,
8789538,494091,2642632,1593723,146201509,ransom,
10968476,825927,2584770,1451119,147548440,ransom,
12127321,1060039,2677587,1303415,163168715,ransom,
11739450,831996,2487480,1257932,173493740,ransom,
10633776,461287,2153222,912823,182086696,ransom,
11644613,758452,2413841,1364600,177846501,ransom,
10645564,709705,2981046,1568044,143935412,ransom,
11326833,793228,2240539,1002423,176186137,ransom,
9845757,480646,2742576,1355831,166599229,ransom,
12723302,895178,2153515,1400044,162295752,ransom,
9564817,593049,2323875,1314483,144301618,ransom,
10469298,627186,2775259,1590167,153462792,ransom,
10244080,721223,2834049,1608491,146463987,ransom,
16356698,1469109,2884273,1156645,174853082,ransom,
13343731,981371,2573151,1214697,178376153,ransom,
13954268,1142048,3099194,1899837,152844938,ransom,
13743844,1177755,2686820,1316481,158696985,ransom,
11887751,975745,2842716,1045469,164099621,ransom,
12537017,1004975,2303443,1263149,168858665,ransom,
10983449,750736,3129102,1711207,154784084,ransom,
12050868,993606,3284616,1864624,145189301,ransom,
12103674,933141,1849814,914688,167989777,ransom,
10289835,852971,3272728,1621032,137318329,ransom,
12644032,1066387,2310497,1075183,170990733,ransom,
12200355,776499,2450950,1139719,175986566,ransom,
9358808,395691,1931320,1093720,178518501,ransom,
9198676,545062,1854566,973187,167261266,ransom,
9625232,667662,2552039,1183216,155142711,ransom,
9058298,494848,2747789,1609348,147607437,ransom,
8931474,649929,2840171,1752106,135084964,ransom,
10171242,753005,2585147,1185495,150738229,ransom,
9762422,526042,2777156,1451151,163525670,ransom,
11658446,871078,2583757,1381656,159751420,ransom,
6407872,403768,2867432,1993572,106597036,ransom,
9411879,787144,2996774,1664037,124879640,ransom,
10615714,762348,3383940,1632881,121695539,ransom,
9110269,501726,2743957,1762948,145696770,ransom,
9229720,415812,2455899,1531258,162835250,ransom,
10417063,674867,2398628,1196825,171144851,ransom,
14557626,961132,2739995,1038270,173760191,ransom,
9650187,727343,2774732,1778972,124987100,ransom,
8259722,367742,2973833,1798525,142142171,ransom,
10780791,675427,2861226,1962050,147898812,ransom,
11408878,713675,1816186,1130343,169661530,ransom,
9938813,552053,2318311,1222873,159793099,ransom,
11008386,864234,2234047,1381757,150810337,ransom,
11675703,739414,2493939,927941,183348827,ransom,
10223024,558660,1851335,1078165,181662086,ransom,
10164713,606495,2951153,1723431,155581284,ransom,
11208033,832709,3202928,1898251,146359208,ransom,
12557150,914645,2510574,1304380,162022783,ransom,
11863437,937184,2867111,1412668,161322569,ransom,
13883113,1148880,2523436,1083834,179547069,ransom,
12654161,927988,2587490,1076995,172985438,ransom,
11399966,866155,2568936,1326861,157833571,ransom,
12226679,1094254,3088229,1638326,130696971,ransom,
9784291,810557,2803616,1493924,97420257,ransom,
8938406,532122,2686343,1523253,145332485,ransom,
8944458,452946,1900743,1194293,163727736,ransom,
10475935,767669,2742484,1054565,170919100,ransom,
9557442,561563,2237246,1267133,152959140,ransom,
9349111,470707,2497610,1323729,163329664,ransom,
10322843,684177,2278573,1010838,175137976,ransom,
10275197,754170,2984654,1532922,141508822,ransom,
8879461,515828,3119405,1725882,147791571,ransom,
9355911,757755,2723450,1349092,143770233,ransom,
8245107,561181,2607486,1724485,130367992,ransom,
8002743,468776,2690530,1808516,126388429,ransom,
11376716,714379,2693617,1392382,164774965,ransom,
11344920,853225,2678923,990808,181275932,ransom,
10238461,689701,2557332,1139761,153643477,ransom,
11380512,861969,2143087,1187054,169216316,ransom,
12858702,1214139,1692727,877448,181940845,ransom,
13357419,1376914,1982420,1159388,172551812,ransom,
14540772,1647010,1901954,951795,168979182,ransom,
16712353,1976560,2162420,962785,176224625,ransom,
15146701,1879999,2883159,1742858,145569544,ransom,
14676804,1741707,2348551,1292242,159237321,ransom,
14982733,1726926,2833521,1566157,151320304,ransom,
15890336,1981038,2669328,1471882,135721245,ransom,
16675797,2074462,3058706,1662178,136268254,ransom,
16905759,2694213,2915941,1625784,140111982,ransom,
14293864,1773145,2461119,1220605,146132781,ransom,
14841400,1654966,2321529,1022039,151235949,ransom,
14086864,1588482,2546138,1267018,138291336,ransom,
14487469,1530245,2434601,1270537,161020726,ransom,
8517340,334305,2410146,1565263,152226135,ransom,
8243550,484263,1836703,1166067,147378830,ransom,
15125218,1192637,1832107,845708,175761353,ransom,
11123152,776748,1576726,915095,173959586,ransom,
13743867,987851,2325623,1382064,145115081,ransom,
15286153,1456488,2541005,1300649,149456533,ransom,
18563723,1598625,2188317,1009909,183217708,ransom,
17619473,1492075,2556385,1489671,174134141,ransom,
15904680,1227556,2233928,1431639,170392326,ransom,
8883575,635144,2765158,1406776,136660952,ransom,
8257685,288603,2024377,1374314,156476357,ransom,
9540516,490648,2388530,1426386,160855942,ransom,
10340079,589399,2178598,1036261,175034946,ransom,
9654151,581059,2682038,1649053,144197806,ransom,
6006138,428368,3409691,2400943,76310160,ransom,
8356363,580999,2682687,1619983,135531921,ransom,
12692106,1133542,3058949,1228146,161585343,ransom,
14480533,932165,2927205,1206360,168922417,ransom,
16462022,1209217,2843273,1501227,170950147,ransom,
17801972,1384545,2702805,798351,178592537,ransom,
13743308,943333,2564565,1078198,175519813,ransom,
9589457,477709,2330670,1266959,168265519,ransom,
12608223,1049841,1931878,1041352,125955065,ransom,
11643154,1034807,2131083,1219045,97113928,ransom,
10551767,1013312,2747248,1310629,144876174,ransom,
11874583,1002627,2495927,1170126,172316913,ransom,
11076474,757951,2490262,1122947,170975267,ransom,
9630504,544958,1886717,1091481,160171060,ransom,
11374158,768311,2321989,1510687,155563550,ransom,
11760308,864716,2761763,1441161,159452114,ransom,
11723501,875793,2695006,1287932,159769331,ransom,
9960939,547905,2033956,950859,161275303,ransom,
10059363,876570,3342882,2138942,106613108,ransom,
13455754,1211562,3192482,1321426,168470195,ransom,
11762386,923857,2693467,1438907,148318192,ransom,
11450903,784758,2794229,1556671,156140508,ransom,
11353072,757019,2601416,1509233,166232137,ransom,
9006839,655420,2666933,1813742,114790208,ransom,
7085087,513020,3218338,2102400,104431568,ransom,
12572739,1162131,2710735,1366721,157175762,ransom,
11061846,683040,3050104,1403603,159963601,ransom,
10133741,585544,2230542,1121103,171065703,ransom,
13649495,901786,1812709,764830,176773429,ransom,
10602357,655335,2069892,760782,177376187,ransom,
10372198,699997,2111571,973553,162623883,ransom,
9488843,622623,2948934,1639616,143121616,ransom,
13251625,1094962,3158401,1692134,156996302,ransom,
13801175,1192800,2628931,1110138,161377056,ransom,
10158571,721976,2908211,1366056,142389035,ransom,
10082962,845352,3142034,1657875,133352111,ransom,
12998339,1164404,2825077,1538276,150169368,ransom,
14187761,1099689,2778801,1354532,167177617,ransom,
10736643,756204,2291721,1100179,170168126,ransom,
9574856,611298,2415186,994319,163488091,ransom,
9080112,545931,2569481,1395894,146372916,ransom,
9339918,705767,2956378,1713408,145721650,ransom,
10151559,679741,3058189,1579601,153436072,ransom,
8924893,551879,2569914,1314566,145280582,ransom,
8600062,506637,2929295,1699440,142598667,ransom,
9120953,501913,2535337,1308362,157955762,ransom,
8201671,602891,3051374,1905689,120654262,ransom,
9558676,718837,2576473,1155169,146785860,ransom,
12082965,849013,2441812,1137269,172716009,ransom,
9550732,589609,3084528,1834837,144528846,ransom,
10404095,800762,3026476,1476184,156294818,ransom,
10769492,701561,2083982,873973,177827291,ransom,
8923809,445739,2267354,1217367,157553890,ransom,
9961485,691235,2703201,1280882,156698277,ransom,
10643022,690914,2291689,1222294,164545618,ransom,
11009402,609569,2940040,1152530,157898774,ransom,
12156923,814869,2698213,1480596,161981736,ransom,
12853227,1065233,3381556,1654762,143685764,ransom,
10424484,787022,2184857,1478880,134431118,ransom,
10904181,668808,3157839,2042741,104324808,ransom,
10069515,621375,2232572,1252588,140843342,ransom,
13117171,883250,2463631,997539,173980113,ransom,
12206830,798518,1970612,1243842,176843416,ransom,
10816592,624372,2094502,1269392,162657015,ransom,
9601062,450171,1519873,755195,179118119,ransom,
9665323,580754,2376812,1430445,168513367,ransom,
10470777,725515,2432561,1039008,175690311,ransom,
10869229,806460,2529868,1351167,158976287,ransom,
12850279,926692,2741174,1405559,173869901,ransom,
12773282,1015703,3520430,2056210,135894989,ransom,
9297127,827857,3175784,1635727,121939460,ransom,
13071185,1107244,2885903,1421371,153437977,ransom,
10767798,852890,2739374,1661845,137483632,ransom,
12267133,974324,2694590,1212767,167571741,ransom,
14494073,1297261,2852259,1220452,161958617,ransom,
12088146,865205,2504637,1304558,168229769,ransom,
12782288,972240,2700765,1402373,165672738,ransom,
10068477,536564,1802341,829839,174637926,ransom,
8931292,465454,2599459,1708946,154152982,ransom,
8331651,629260,3171080,1775025,112915577,ransom,
11389027,743231,2192802,839117,170953317,ransom,
13474775,1109371,1541711,744736,126571107,ransom,
5711458,729110,1699695,470172,27125282,ransom,
8308198,622618,2703368,1638695,125227908,ransom,
9799872,672337,2048900,1262299,150140556,ransom,
12076626,744243,2196275,1089822,175859149,ransom,
10701255,624958,2095680,1234382,167372899,ransom,
12191070,1074820,2852366,1575085,150165885,ransom,
12937453,1000066,2933965,1453896,168694101,ransom,
12988235,1137366,2994028,1581112,143164475,ransom,
11919996,980407,3938160,2345415,123177412,ransom,
15236298,1180599,3193158,1785661,153301210,ransom,
10827397,890741,3343105,1441795,138243813,ransom,
10143541,613187,2333218,1201375,162596696,ransom,
12728535,958529,2084251,1104535,163762676,ransom,
11604017,724322,1743629,785554,162961150,ransom,
12727802,1008867,2522641,1458176,166916393,ransom,
13875153,1363193,3561638,1837369,137341653,ransom,
12809383,911810,2236474,1113937,175528208,ransom,
10817405,715253,2918880,1511393,153507171,ransom,
12263824,862856,2571867,1413871,172604241,ransom,
10976057,916760,2953999,1632243,143955723,ransom,
10540045,804273,2698687,1087925,152418581,ransom,
11183559,824383,2522283,1022538,170046311,ransom,
7277593,513022,2828956,1431560,104816471,ransom,
7800557,655766,2274548,981783,93156438,ransom,
19383268,2681129,3004052,1411592,124221423,ransom,
17367187,2234048,2444926,1130800,156866001,ransom,
20696216,3104331,2839109,1386660,152748687,ransom,
17569240,2539281,2136932,1358523,167318740,ransom,
15867703,1831020,2111655,1101372,163923549,ransom,
18177007,2416361,2332104,1083102,173405319,ransom,
15886627,1926169,2192937,1094017,172065537,ransom,
18657456,2294709,1690060,820778,184287013,ransom,
18604810,2362523,2462467,1348192,165901986,ransom,
16998557,2026668,2520707,1330138,165048400,ransom,
9360624,563648,2024740,1201381,153450457,ransom,
10906334,740676,1458003,894066,179147024,ransom,
13094135,1115192,2431958,1722612,147706812,ransom,
9782680,650561,2049976,1336680,152481393,ransom,
14734645,1208816,1834614,1012603,140917112,ransom,
17367654,1631521,2629494,1342861,167851454,ransom,
16631895,1534419,2714849,1659049,159253898,ransom,
17724037,1641385,2567354,1234022,179193894,ransom,
15817879,1508650,2904592,1371505,162331469,ransom,
13250602,947019,2123663,770817,188970826,ransom,
10108309,655310,1966496,907613,172644825,ransom,
9401809,498553,2041489,1021293,154530292,ransom,
10765522,687074,2005550,931653,179451576,ransom,
8949016,479328,2836391,1683541,152239891,ransom,
9189919,651461,2975679,1869214,139388667,ransom,
9625329,595283,2537815,1071283,157657750,ransom,
7520677,536495,2394351,1540108,120908202,ransom,
6444973,320663,2814771,1953419,109383805,ransom,
10163103,773715,2612818,1701205,153060433,ransom,
11415943,624033,2327175,1149516,174180005,ransom,
9322472,713528,2400467,1050196,143429400,ransom,
9068373,692955,2705792,1340892,123212487,ransom,
8187927,462106,2970950,1564632,125793064,ransom,
9140519,611934,2528581,1211416,150323513,ransom,
9777746,709395,2921812,1120195,139612107,ransom,
10109064,594414,1903327,822383,165067390,ransom,
10395994,798989,2815125,1170164,155452437,ransom,
9479929,602286,3052108,1387986,145532598,ransom,
7844173,411400,2922287,1691394,139513794,ransom,
9003684,608712,2454640,1507230,143713895,ransom,
8720481,488561,2511180,1240749,144888686,ransom,
9907081,651058,2565017,1442918,151702480,ransom,
9196015,625365,2287780,1262729,150755735,ransom,
11212412,740296,2631488,1337720,163486138,ransom,
9487149,555177,2005950,1098278,166539979,ransom,
10318455,616493,1990798,688562,176550708,ransom,
9366045,584878,2578838,1365846,149150576,ransom,
8628591,497906,2847287,1730376,139986726,ransom,
8400327,370057,2342059,1537072,160528523,ransom,
9988344,738603,2805811,1306149,156342040,ransom,
9091096,603152,2529940,1522188,129621285,ransom,
7472771,382254,2361660,1249911,132702112,ransom,
9641237,664239,2449106,1203240,163641058,ransom,
8401618,457654,2277238,1241461,156288359,ransom,
8129106,628663,2640326,1705433,122575511,ransom,
7923290,549281,2986313,2071895,106101793,ransom,
10515514,622363,2464368,1253866,164418677,ransom,
9195899,491795,2175266,1243124,162778492,ransom,
9954293,636548,2526993,1116184,168801086,ransom,
10543469,601029,1718537,848486,184005584,ransom,
9251379,461595,2518052,1304447,162864906,ransom,
9274116,580975,2317594,1341356,160784722,ransom,
10367725,721615,2539437,1004670,167120816,ransom,
10234242,627467,2147942,1028764,172223213,ransom,
8814100,427575,2551128,1570104,157622603,ransom,
8460938,476048,2396839,1415426,148163592,ransom,
9959328,763736,2356998,1190313,161365598,ransom,
12137450,1035189,2370706,1021757,160395660,ransom,
8510026,432341,2886094,1656209,140411008,ransom,
10406517,721387,2338657,1160947,170081544,ransom,
8712747,535828,2918914,1531011,141580957,ransom,
8640218,563493,2366320,1385790,140947589,ransom,
6617949,338464,2940541,2062762,116104128,ransom,
9640606,484607,2389040,1335505,172576989,ransom,
10081967,656800,2064525,892875,168004423,ransom,
8500189,377914,1891427,1151279,166406721,ransom,
12078995,892395,3078049,1284482,168567567,ransom,
15590424,1058282,2942628,1361993,167237454,ransom,
17037630,1311059,2789014,1032219,176290780,ransom,
14406567,1132270,2485976,1306354,163598040,ransom,
10956908,709017,2363710,1320288,160814543,ransom,
12632704,839340,2763999,1487081,162115909,ransom,
15852972,1249822,3245045,1566290,155630512,ransom,
15868331,1209939,2229829,1269981,167834367,ransom,
8728366,548418,3272532,1776874,118730088,ransom,
8783044,449384,2472184,1566570,161539672,ransom,
13758970,962929,1532493,899589,189610457,ransom,
12127369,658590,1522627,719317,174374016,ransom,
9210897,418164,1820933,1024197,167806920,ransom,
10788278,822613,2378189,880707,173092268,ransom,
12109298,818625,2346217,1077573,183527933,ransom,
11947752,856969,3222176,1898481,145493177,ransom,
12180446,845601,2806770,1579910,155867307,ransom,
10853637,956884,3292196,1934812,120170527,ransom,
12253876,1162064,3457862,1903338,126993857,ransom,
11654691,821224,2629508,1303073,165656509,ransom,
10926966,844027,3047304,1783787,147856744,ransom,
13138466,1245323,2984474,1403366,150019989,ransom,
11758136,1006830,2432078,1202904,145326970,ransom,
11962998,895877,2717706,1265793,154365358,ransom,
10881284,843731,2855819,1675430,143862496,ransom,
9988548,672802,2662910,1445780,153103893,ransom,
8751546,561440,1981551,1033439,141080334,ransom,
10528000,893109,2987655,1379999,132329905,ransom,
12615835,882052,2405321,986971,164877183,ransom,
9169120,525698,2325191,1216360,146693324,ransom,
10650620,678153,1815617,1007483,161803033,ransom,
11059207,782004,1951708,1199930,152102821,ransom,
9366878,617863,2518207,1606871,133526666,ransom,
6341715,547165,2195695,1175041,77761797,ransom,
14794334,1288693,2614971,776050,186728849,ransom,
11688889,926062,2631183,1557049,154514642,ransom,
9716189,580315,2573386,1569492,158758728,ransom,
10328980,559813,1762527,847833,185269318,ransom,
10584613,639733,2376807,1450787,161505526,ransom,
10452734,690210,1956669,955956,173327450,ransom,
10723773,797367,2337187,1347672,162143485,ransom,
12569560,899030,1803743,834001,177558246,ransom,
13694548,1023074,2934779,1371445,156649117,ransom,
10911081,825323,3264741,2004034,130931561,ransom,
12318236,1033653,2486665,1207343,172274392,ransom,
13326130,1118460,2093848,772518,170483949,ransom,
12728422,933353,2960362,1382547,171885153,ransom,
10685181,690505,2154015,1167270,175859946,ransom,
10662963,742625,2526834,746126,172096076,ransom,
12306663,820925,2784917,1544459,159456556,ransom,
10605330,858159,3333830,2335613,93366430,ransom,
10887532,795045,3209462,1537825,129415990,ransom,
9174918,586294,2225019,1492709,145236944,ransom,
10378630,534098,2404396,939060,177965107,ransom,
11873822,930229,1941485,1313577,151360248,ransom,
11378585,703509,2006724,1208371,168693661,ransom,
10449823,790947,2600294,1486670,130941339,ransom,
12109224,911329,2337752,969077,161767145,ransom,
7574185,599257,2252450,1078742,91179821,ransom,
11270553,936221,3122326,1821486,132673702,ransom,
13369093,1200979,2655422,1161623,161186425,ransom,
13077443,1020813,2376077,1189026,176939743,ransom,
13985803,1037183,2913039,1273136,174746888,ransom,
13523971,1187247,3088128,1864618,132384370,ransom,
14173013,1236890,2688314,1070627,180260558,ransom,
13057019,1187991,2884566,1462596,139522331,ransom,
8958529,569052,2930201,1482985,140370237,ransom,
9274405,1087211,2169230,940946,61147295,ransom,
7129301,661747,2041247,865645,61829997,ransom,
8668885,593774,2492422,1384262,139795715,ransom,
7440611,346829,2003547,1182164,146211000,ransom,
8442974,473533,2478978,1367415,146067403,ransom,
8921640,564109,2145237,1429971,140580792,ransom,
10952707,713978,2868440,1364009,160292133,ransom,
14408541,982756,1337493,615431,192181125,ransom,
10905805,699465,1983361,655248,176429169,ransom,
9243648,475711,2287829,978423,169790819,ransom,
8477069,501437,2711548,1595009,142262581,ransom,
13428495,1168787,2695451,1464169,165613216,ransom,
11725087,951799,3403333,1787917,132277205,ransom,
10476480,708309,2254027,1053780,144433495,ransom,
12862822,960881,2883870,1602826,163084742,ransom,
10550685,1145469,2651576,1403283,78597132,ransom,
12656070,1170564,2826385,1049545,145795053,ransom,
11910436,1138517,2632216,1265266,109274779,ransom,
6959253,698610,1610833,777865,64085768,ransom,
7059382,919316,1735234,499697,38140622,ransom,
1984375,208585,930479,484227,10330878,ransom,
1672783,80151,632005,488398,34978549,ransom,
6188474,262486,2385513,1794442,128105990,ransom,
9416847,598539,1872315,1183749,162629564,ransom,
10563931,710188,2495418,1359851,155179311,ransom,
11733928,811960,2021521,722354,186825173,ransom,
9433227,527436,2477067,1295164,158510064,ransom,
9271464,637149,2699091,1551830,152035399,ransom,
11157456,802153,2481770,1066352,175525503,ransom,
8684119,405977,2370197,1237363,157750048,ransom,
8812631,457594,2387164,1358887,156015604,ransom,
10609505,744453,2538117,1224295,161929873,ransom,
8970794,639817,2697661,1697081,142567667,ransom,
7442045,454490,2671881,1578048,124718013,ransom,
8791997,513330,2200242,1402638,156080533,ransom,
10629789,691100,1799090,973393,176688878,ransom,
11050005,642818,2249555,845490,176055227,ransom,
7813181,572388,2696601,1687216,100204340,ransom,
8224021,1006653,2399348,1315340,56428402,ransom,
23240154,3365434,3596312,1489025,125453493,ransom,
25648328,3913678,2937395,1245049,147880422,ransom,
22531444,4272354,2347885,1102860,130641480,ransom,
18378767,2577727,3331099,1684562,128277040,ransom,
20885705,3089392,3186997,1215035,140274554,ransom,
21314304,3026605,2178540,820786,178729930,ransom,
13969919,1394526,1784633,721497,165621967,ransom,
11229127,879998,1732799,941490,163762457,ransom,
10973295,448279,1637157,501889,191313028,ransom,
9729522,463726,2134374,1360663,177614863,ransom,
9019841,470774,1936991,1282991,171006573,ransom,
12944168,1334596,1868894,1007938,101764767,ransom,
17458339,1643821,2436315,1403785,95069417,ransom,
20444528,1972042,3708203,1842585,142693003,ransom,
24681127,2440634,3169018,1727794,165036325,ransom,
22357395,1997942,2742241,1282588,176833356,ransom,
12682971,927011,2649909,1000248,178749429,ransom,
5450298,397178,1541853,831342,64267402,ransom,
10017535,865238,2171268,1257255,118267440,ransom,
9474466,495129,2491165,1499516,146764755,ransom,
12145768,695022,1285083,653002,184676037,ransom,
12508357,813570,1836477,1024504,158401232,ransom,
12436878,809671,2532564,1160532,175715746,ransom,
9421052,890823,2614280,1465884,81218595,ransom,
11105092,1179252,2638445,898429,115966910,ransom,
14144991,1465878,2616542,1168018,116774594,ransom,
9705714,744528,2725593,1842978,140715616,ransom,
9304938,622345,2539750,1484988,138859962,ransom,
11075711,880256,3178837,1442931,140150827,ransom,
11526140,841645,2113518,909652,162228382,ransom,
10319052,815133,2438633,1286738,135825292,ransom,
8991648,564059,2305330,1408163,142793800,ransom,
13659103,1089687,2138546,977685,165379337,ransom,
11001561,699597,2642072,1453252,157557905,ransom,
9853251,504080,1743995,705007,176491755,ransom,
8686673,408212,2110346,1309705,167020112,ransom,
11229148,782012,2646023,1188282,174777303,ransom,
9532089,682843,2323782,1320314,149315494,ransom,
9948534,560823,2656178,1433468,155455542,ransom,
12033346,789186,2417418,1379550,167815618,ransom,
7632975,848945,1926636,960457,58088811,ransom,
8743990,1144612,2256359,659490,43845515,ransom,
9017516,1090204,1908896,694857,46392200,ransom,
9553024,1180341,2319015,871956,46565708,ransom,
7076312,741042,1437503,552098,41453844,ransom,
4265850,479301,558708,238291,21044078,ransom,
2289153,135075,938146,640909,34762906,ransom,
4098069,104307,576288,343957,86428932,ransom,
8324836,717319,2254318,950893,102519835,ransom,
6020805,611741,1682186,685803,49151812,ransom,
6303267,863901,1384748,349757,29660930,ransom,
4255750,529879,1669845,626540,21875064,ransom,
5953969,640893,1866979,639553,48448536,ransom,
7230826,363836,1844859,1117655,129501709,ransom,
7979333,495469,1636941,1087364,104749019,ransom,
10340860,793149,2554027,1137213,151166388,ransom,
6666765,764774,2054561,827333,44454836,ransom,
2729669,155366,768210,452633,46603314,ransom,
8929592,704021,2551840,1213972,121912937,ransom,
7879486,688204,2059382,920979,101946241,ransom,
7502882,380624,2126341,1316863,138748653,ransom,
8285334,404844,1839606,1020659,149876325,ransom,
10196871,722494,2333659,1103747,168049585,ransom,
8148140,613712,2518144,1616826,107764622,ransom,
9009045,469918,2269886,1112244,159920782,ransom,
7292948,573662,2087688,1090911,99916862,ransom,
8016764,630703,2647879,1416230,124166134,ransom,
10813808,825358,2261064,1232025,159513514,ransom,
9366733,550831,2567740,1637942,140606640,ransom,
7601464,348012,2130699,1442314,147870512,ransom,
8921565,559828,2237874,1237765,154147802,ransom,
10148045,598493,1891932,558782,182172619,ransom,
9891556,581453,1911604,855838,166598540,ransom,
11251603,751932,2413620,1177152,160705116,ransom,
8709063,487811,2937456,1740772,142750495,ransom,
8415455,384305,2484509,1487675,146324263,ransom,
9571479,594432,1490365,698903,158895304,ransom,
8747614,480952,2548782,1461200,149168684,ransom,
9213830,585104,2241338,1620052,141240304,ransom,
9309369,466102,2311419,1507887,158899657,ransom,
10473335,766053,2423652,1427337,154906705,ransom,
11278018,600632,1601142,784318,182398005,ransom,
11915720,826633,2229832,1111501,181351264,ransom,
12113100,864164,2722295,1421028,161893775,ransom,
12223268,860093,2295725,1136936,166991919,ransom,
10669691,734791,3100313,1941790,145530499,ransom,
8444919,504354,3013967,1877170,135914012,ransom,
9199979,657336,2257096,1031586,142377439,ransom,
9219180,502969,2248657,1141649,168943460,ransom,
9196636,633360,2897964,1734044,137127518,ransom,
8994264,569047,2744722,1661959,138837613,ransom,
9577616,628609,3090223,1902265,134989141,ransom,
11751507,837125,2692330,1400065,165302402,ransom,
10306277,613438,2352969,1183374,159908490,ransom,
9137873,526131,2335433,996450,153910457,ransom,
9858251,560690,2061110,1188997,169530174,ransom,
8692666,464387,2713024,1604540,150240979,ransom,
10798131,873191,3294565,1782058,146499380,ransom,
10608728,975237,3326336,1783727,121446226,ransom,
9667070,751552,2781111,1403593,136190167,ransom,
9381058,457146,1838253,948979,170057524,ransom,
9590059,470755,2075957,1063138,176169707,ransom,
9835838,522563,1713712,907540,179260699,ransom,
8136117,702273,3126018,1908175,100380944,ransom,
8530559,730676,2662474,1884200,104452915,ransom,
6718241,676417,3075798,1720202,54865313,ransom,
6235168,775026,1752160,467970,32173279,ransom,
5123872,480613,1803427,866041,54770700,ransom,
9393750,467448,1241185,609457,177349479,ransom,
10003732,668768,2680178,1148464,158476009,ransom,
10041938,612903,2258816,1144509,166685173,ransom,
9670836,655176,2695713,1505586,155674653,ransom,
10594005,755567,2153526,541293,175510513,ransom,
9615947,622870,2462517,1277739,155045372,ransom,
9186351,546376,2560595,1293531,159206637,ransom,
9919878,715150,3051333,1930177,132118502,ransom,
12098399,919339,2917109,1511109,155272057,ransom,
7966199,495174,3326745,1852003,118547003,ransom,
11254471,946173,3514380,1624743,155178362,ransom,
10348845,706255,2772012,1421076,151534084,ransom,
9970024,751580,2768650,1443291,153372926,ransom,
10276609,856546,2879102,1366505,149220857,ransom,
8005181,385123,2762862,1454161,134541870,ransom,
10282887,669805,2281831,1178024,168295810,ransom,
8609690,489589,2533260,1420218,160125265,ransom,
8839607,646104,2174194,1333938,139153546,ransom,
9093195,523638,2775812,1448848,139495494,ransom,
10586154,528991,2150744,1429938,176570838,ransom,
11404428,818812,2255170,905166,174991045,ransom,
10165346,745625,2437563,1238807,149444734,ransom,
5947721,696718,1898263,678131,40105835,ransom,
5945978,704294,1791073,714122,38575207,ransom,
4179247,129449,2732933,2325506,89826905,ransom,
5121078,652571,1648109,582748,29519596,ransom,
7689456,579642,1756609,855169,105260476,ransom,
9388644,439256,1799067,954461,176271432,ransom,
9378795,585509,1945321,1024143,161410217,ransom,
9318200,526495,2500008,1305679,163438854,ransom,
9433974,596862,2100171,1135533,160193654,ransom,
9455710,471300,2071737,1203566,153648465,ransom,
9583477,593163,2152940,1005615,156774254,ransom,
10189414,784694,2892607,1414316,156288150,ransom,
10983501,730114,1797592,704085,180734795,ransom,
9635717,443180,2481409,1189867,171151484,ransom,
7033765,395014,2990253,2133625,105243630,ransom,
9599036,603154,2434404,1262610,159124437,ransom,
9530152,608722,2544680,1179273,162736702,ransom,
10312193,650678,2324660,1173013,161149320,ransom,
8222245,520888,2579880,1445351,130006444,ransom,
8072780,678615,2636033,1409268,110345997,ransom,
10639770,726133,2087668,905203,170016139,ransom,
8601049,526559,2718703,1465976,140752375,ransom,
7804707,588636,2334709,1396350,123168042,ransom,
9534753,611248,2770112,1329656,158860192,ransom,
8496003,746609,2274000,1719156,116313761,ransom,
8763011,555452,3100730,1748859,118216628,ransom,
9334592,430973,1939193,1034918,169241682,ransom,
9460837,382221,2042088,1160110,180956289,ransom,
8806650,374784,1859528,1047391,168075613,ransom,
8503051,295643,1273572,574140,172642476,ransom,
9699091,568595,2214443,1086044,169919198,ransom,
9579888,706464,2989358,1523113,140858870,ransom,
9007440,550268,3064965,1497657,136162420,ransom,
11929041,870719,3561915,1415824,136154086,ransom,
10383319,916527,3268789,1965754,68856111,ransom,
12739254,1112210,3249122,1941880,90287105,ransom,
15981141,1438839,2722037,1423487,89780424,ransom,
20519767,1843988,3210188,1188241,155380838,ransom,
19701270,1628909,2268640,782356,186931567,ransom,
11835105,685434,2283997,839473,172967731,ransom,
10536014,605892,2367245,1362334,166293333,ransom,
13580776,932702,1649510,904726,186064151,ransom,
10801902,542803,1609138,869144,169501712,ransom,
10321547,579214,2133807,1135088,174137596,ransom,
12210393,941648,2330882,927826,175301494,ransom,
10535599,837980,3048090,1975669,137377318,ransom,
11789996,813346,2595274,1161035,167180280,ransom,
11218485,817658,2159954,1160409,162575210,ransom,
13719225,1248741,3197287,1482899,150458748,ransom,
15321496,1303554,2713238,1124443,170503655,ransom,
10659432,748273,3283484,1812402,142320227,ransom,
11461637,922453,3497636,2152262,132771072,ransom,
13643477,1237715,2637350,980897,168442682,ransom,
9394292,761372,2832142,1762801,135232472,ransom,
9937254,552480,2695050,1427376,169516416,ransom,
10113301,627906,1862560,893377,178801308,ransom,
9825110,646481,2994602,1412475,165630045,ransom,
9042141,568768,2179088,974525,141190576,ransom,
8301243,324332,1920930,1174523,157722388,ransom,
9149124,509225,2596066,1581477,144411877,ransom,
9346494,745039,2961428,1773895,121512550,ransom,
11042087,798742,2920792,1371731,159638525,ransom,
9393606,585047,2543392,1420044,158813931,ransom,
10500150,611493,2511135,1227978,168283626,ransom,
14025886,963215,1667617,924818,187188084,ransom,
11877523,732987,2258003,1105815,169251484,ransom,
14669763,1572554,2388886,1349335,163120998,ransom,
18461258,2319076,2533316,1204815,158100207,ransom,
23388552,3984457,2568220,1097690,169866928,ransom,
23649276,3558411,2945936,1398166,163741926,ransom,
20445730,2796115,2781350,1305603,154063323,ransom,
19642671,2731050,3053837,1678014,137423039,ransom,
22143503,3056044,2278213,1027527,175418303,ransom,
22152027,2818259,2299122,1101110,176832612,ransom,
10789354,684383,2691029,1381508,166665146,ransom,
12542262,821330,2068255,1121679,177980847,ransom,
18583539,2057962,1882340,988420,130308125,ransom,
12430645,1164106,2018945,1310555,136698509,ransom,
12419165,982592,2353536,1647382,140599466,ransom,
13377070,939267,2056342,1398017,172222940,ransom,
16457859,1360032,2534009,1420474,172018554,ransom,
17350831,1621038,2808161,1466064,161989116,ransom,
19926960,1866915,2832363,1444307,166695444,ransom,
16353769,1357176,2552757,1227383,171600042,ransom,
11048169,699890,2053885,1129834,177129148,ransom,
12283146,739469,1517842,804378,187301046,ransom,
10889824,611858,2137658,1195215,180499137,ransom,
11154045,758642,2101281,1046155,173145546,ransom,
9065249,366558,2111489,1465547,159554536,ransom,
10729555,785162,2091121,879495,172060992,ransom,
9672303,658497,2761981,1420813,133367053,ransom,
12805911,1558534,2294595,746658,64589855,ransom,
7938115,861846,2266930,979854,54180514,ransom,
8298160,631100,3175714,1918661,110355196,ransom,
10497248,882235,3137264,2097287,120496894,ransom,
9756300,653282,2840248,1602653,140466534,ransom,
7569439,396974,2658099,1737395,128306427,ransom,
9745667,755092,2454048,902136,155291993,ransom,
9964304,604795,1766196,1079833,163613349,ransom,
8430691,456431,2849890,1515285,138546377,ransom,
9799986,589789,2604425,1447278,158536308,ransom,
9246304,377009,1532051,813423,177199231,ransom,
9481591,670625,2169644,773225,163399231,ransom,
10631419,690784,2250265,1188733,173077187,ransom,
8437262,363034,2254271,1219903,154248497,ransom,
10636934,889147,3239397,1719403,136992788,ransom,
10907805,845228,2893259,1657147,130158315,ransom,
9355676,591922,2224439,1087727,160281422,ransom,
9266562,629219,2890075,1482791,148882109,ransom,
10182258,646224,2023630,909919,166969440,ransom,
7987487,484438,3036104,1914570,126362754,ransom,
9533709,565658,2562854,1350416,156672250,ransom,
7895053,675278,2976079,1759666,120084260,ransom,
9356160,627535,2423888,1456272,144675876,ransom,
8263649,409719,2251493,1261616,153770073,ransom,
8787448,493743,2546955,1565716,153405101,ransom,
9390654,714892,3197295,1512988,138999294,ransom,
11593678,936993,2316602,1280733,168902154,ransom,
10655847,679627,2809993,1449000,150532172,ransom,
10506102,728645,2193618,879703,173438444,ransom,
10124862,737092,2475023,1308501,154739286,ransom,
9357422,523728,2423048,1049961,156284898,ransom,
8583037,351562,2458400,1569827,163540337,ransom,
9283831,584102,2828740,1680757,146039496,ransom,
10567979,746555,2223041,911956,170218585,ransom,
6865148,451690,2019527,988887,96960835,ransom,
3621415,488635,1071158,496223,17654361,ransom,
5674175,713053,1677010,509457,28826086,ransom,
4907995,442581,986996,533859,28299616,ransom,
984585,118555,408833,208950,4768661,ransom,
1236626,114859,504620,171405,6269889,ransom,
9390233,683065,1326775,329663,39575949,ransom,
9563648,746079,490699,187881,40270580,ransom,
13549298,994053,483076,214678,57282106,ransom,
13098399,1073795,625312,257360,55957594,ransom,
10023548,1074914,407403,104002,46817584,ransom,
9231353,816777,1324000,681055,77693759,ransom,
12234210,1334618,2562029,1031001,91307189,ransom,
15333114,1537274,2950548,1467374,118171025,ransom,
12902709,894995,2397577,1288740,179229260,ransom,
10902193,774753,2818172,1759326,143102864,ransom,
12532361,1086068,2926666,1514497,157710296,ransom,
11732861,942687,2879356,1405350,146611228,ransom,
11020511,680922,2066436,982787,177892576,ransom,
10085719,533756,1735826,856412,178798112,ransom,
9953473,615527,2367696,1090113,170444205,ransom,
8719575,540826,2486025,1599630,139215558,ransom,
8044396,549665,3367252,2114953,114194307,ransom,
9602161,649090,2679372,1672011,150006414,ransom,
9873745,637548,2671016,1575205,135347977,ransom,
12438627,970532,2671509,1195532,164781039,ransom,
12370065,952774,2233301,975616,167388242,ransom,
10418838,723906,2963347,1614077,135330822,ransom,
12285547,983046,2571597,1164376,167013069,ransom,
12329647,985636,2856298,1166154,161229520,ransom,
13008420,1054728,2942036,1197790,146314844,ransom,
10483060,654880,2161170,1097297,155734644,ransom,
12570272,846921,2348777,1024918,165458239,ransom,
15536591,1126247,1611231,777082,176747995,ransom,
12408662,808055,2191458,1378795,158419648,ransom,
11376174,843051,3070699,1377335,147465688,ransom,
10102980,682733,2733782,1493959,156089100,ransom,
12020481,928920,2729345,1567854,164721215,ransom,
22558484,3095621,2755828,1095701,160883621,ransom,
17317537,2109945,3093527,1749039,132430305,ransom,
17076358,2242144,2375945,1362460,152736436,ransom,
20189008,3082297,2531033,1193933,171759111,ransom,
20887093,2597723,2204297,942494,189408389,ransom,
20972328,2467374,2389406,975248,182232197,ransom,
18985660,2389304,2716834,1312264,163037604,ransom,
22962538,3251132,2956257,1444862,153830157,ransom,
20493253,2547458,2976188,1507381,147009259,ransom,
18236173,2343237,2789006,1588900,152112463,ransom,
9825360,562662,1916839,1036882,174362564,ransom,
8317761,590614,2272552,1604008,138041340,ransom,
16465267,1429902,2035514,1434565,172941144,ransom,
11587159,854241,2049758,1174404,159082234,ransom,
16935210,1496967,2018865,778231,190761481,ransom,
16992836,1461699,1511013,670762,188955464,ransom,
16089369,1246141,1785778,1034317,177900971,ransom,
20098625,1762202,1516710,929742,174526682,ransom,
9770719,685839,2583662,1528197,128042897,ransom,
8811355,566867,3092674,2205543,115971890,ransom,
11002029,773525,3066710,1811220,145267543,ransom,
9810039,676078,2623044,1312165,146892425,ransom,
10258884,627211,1505614,758312,158027349,ransom,
8917687,608226,2956344,1900726,134538233,ransom,
11797716,897847,2630839,1130207,152251845,ransom,
12668761,959062,2378524,958948,157881432,ransom,
11372915,797149,2361328,979391,156699082,ransom,
7871069,482868,3020905,1831602,123275373,ransom,
8899227,541407,2330497,1330429,145598509,ransom,
10331442,837065,2751607,1062999,152226088,ransom,
9756169,744951,2678364,1365562,120458674,ransom,
9121373,786968,2294399,1269530,89050834,ransom,
7422126,938298,1753181,552117,46325105,ransom,
6309649,569272,2053335,865962,72301052,ransom,
9709888,670808,2811653,1359185,151789412,ransom,
9144849,585571,2541008,1347419,149098888,ransom,
8725928,485913,2440761,1345330,153220590,ransom,
10075001,649080,2924208,1584682,158484580,ransom,
7951121,457834,3089600,1953826,131649269,ransom,
8712795,601893,2880873,1937528,123205714,ransom,
8953802,420784,2376273,1155752,161927974,ransom,
9328424,727378,2424786,1140284,151913370,ransom,
10330994,794118,2489963,1301461,152202953,ransom,
10648887,803534,2698949,1404826,164082755,ransom,
11820014,908700,3126963,1378318,147139316,ransom,
10696319,676613,2177551,992082,169088601,ransom,
7816899,371322,2413595,1360547,136499287,ransom,
8870838,734458,2450414,1290618,131993379,ransom,
8908909,656666,2925773,1601305,137135173,ransom,
9266579,584511,2565195,1195831,153086239,ransom,
10359491,735029,2393411,1080399,163761614,ransom,
10972694,721416,2091278,968831,179771290,ransom,
5157252,536135,2114413,1048495,46080251,ransom,
5379491,276242,2522527,1944773,99491223,ransom,
8349373,455943,1763882,947582,155225294,ransom,
9007985,577145,3087890,1573299,138404454,ransom,
11929638,926949,1920712,986870,177853602,ransom,
9827018,410795,1538796,765180,172451242,ransom,
8460991,490678,2409858,1417244,133573493,ransom,
7867497,319946,1640083,749492,148829713,ransom,
12373070,920527,2977968,1243476,143955777,ransom,
12990479,1189522,1642559,479985,69355790,ransom,
15355343,1058927,2609989,1275782,151166799,ransom,
15474391,1335698,2294572,1228204,153574465,ransom,
14190293,1261044,1890507,514997,80785545,ransom,
10775177,1104170,1476976,556040,61680043,ransom,
7705748,721989,1259709,467375,55920367,ransom,
9965665,999805,1457120,649601,78314482,ransom,
10676728,1113288,2165840,1251986,79143233,ransom,
13993634,1147228,2773835,962262,180382247,ransom,
11895206,915417,2367489,1549819,162219805,ransom,
13020622,937869,2697296,1234455,173160029,ransom,
10787810,800696,2765823,1764967,146623774,ransom,
11285314,727762,2350167,1301392,172168322,ransom,
8548183,363426,1681045,979785,165335609,ransom,
9536421,538968,1688185,884413,176410481,ransom,
10276143,672183,2502055,1025175,176839613,ransom,
9255679,438405,1641998,1191307,172276147,ransom,
8792389,418700,2657827,1483095,153294662,ransom,
9386454,478833,2159390,1285008,165588478,ransom,
9894311,627291,2971149,1625843,148296815,ransom,
10735016,719330,2346554,1449772,148640684,ransom,
7758622,376910,2664536,1762938,131516453,ransom,
8302400,400440,2220891,1310508,152686618,ransom,
9398301,590635,2270313,1176946,154963592,ransom,
10930519,732951,2872272,1228834,168166733,ransom,
10825889,657206,1992335,942560,178836780,ransom,
10377265,602377,2265746,1330642,166714471,ransom,
11917594,759146,2218898,1629053,161865595,ransom,
10295894,665364,2533380,1359648,151240996,ransom,
8219960,539011,3088981,1883473,129090332,ransom,
12245165,943426,2457148,1301246,162705808,ransom,
14092974,1242350,3158672,1387764,168336108,ransom,
16046048,1489084,3342736,1534391,156609932,ransom,
15032931,1267377,3147700,1303831,176523842,ransom,
14872823,1214864,2446592,956648,181985685,ransom,
11829744,916670,2947478,1687005,139193622,ransom,
8541214,1052332,2146304,794939,53590453,ransom,
5751877,636272,1714953,744251,41014621,ransom,
6395748,261384,1853897,1316179,111778372,ransom,
8755408,582633,2492288,1506734,130492505,ransom,
8803194,596360,2724139,1295937,141790137,ransom,
9905727,645033,2108152,920663,163961338,ransom,
10806313,939223,3009031,1253055,153375128,ransom,
8763866,580083,2230928,1329294,140288657,ransom,
7908794,612938,2513185,1558322,117216842,ransom,
9792827,724019,2849312,1667422,121386012,ransom,
9595743,665081,2671451,1163082,153100481,ransom,
11286861,781952,2033316,898312,169049066,ransom,
10152455,649085,2887612,1758785,147729713,ransom,
8852638,478137,2506211,1690067,140528296,ransom,
10553117,901263,3090479,1601007,139858730,ransom,
11366419,805160,1935540,936057,177221630,ransom,
10570469,666770,2779783,1444832,160695244,ransom,
11468682,853703,2379817,1141467,171835325,ransom,
9816977,639407,2482891,1288722,143988102,ransom,
10360246,765692,3247515,1728114,115274066,ransom,
11154585,1025173,2674657,1575777,85059708,ransom,
5671126,621030,1959554,954951,42732845,ransom,
6380975,820343,1534841,296847,32015883,ransom,
6267252,403636,2746364,1887060,101368302,ransom,
9152557,417840,1606532,786834,171116603,ransom,
9123304,691242,2520042,1342813,139619768,ransom,
9844697,711345,2137026,879151,150015002,ransom,
8372638,372581,1322562,611214,147852250,ransom,
9137766,526326,2524821,1216642,146423105,ransom,
8992416,362487,1677733,946623,170039545,ransom,
9335155,700007,2613610,1275262,136146411,ransom,
7205343,765987,1598104,823338,66811521,ransom,
5851390,610446,1763832,755857,33993972,ransom,
8037557,742120,2596988,1229637,106432485,ransom,
11022559,716118,2083838,778388,176438539,ransom,
10966365,931962,2278146,1026606,67332491,ransom,
11681427,1357613,1566666,501164,56924667,ransom,
12570309,1464296,2312036,877210,86610479,ransom,
11420817,878516,2542631,1215123,147155046,ransom,
10973841,859875,2188396,1181330,139143897,ransom,
8629859,741481,3131065,1644182,124208072,ransom,
8505115,575032,2427627,1637925,141498816,ransom,
7449981,334991,2445535,1389592,136683952,ransom,
9594486,510743,2276951,1273943,166276560,ransom,
9604730,387225,1642165,829277,188398862,ransom,
9777183,669038,2440742,1360474,161470568,ransom,
9854887,545693,1797124,578181,180249904,ransom,
10959494,800933,2277281,1225426,163408912,ransom,
10259099,641480,2408588,1304738,151335417,ransom,
7158260,246801,2530482,1922669,122596096,ransom,
7743174,599628,3072588,1953779,111523413,ransom,
9776539,716121,2476679,1459263,151788818,ransom,
10121375,558664,2841030,1451937,170028748,ransom,
11451046,864777,2256375,1196284,168865918,ransom,
11200890,867272,2552651,1574613,162112486,ransom,
13325182,1396352,2266352,1366984,169697769,ransom,
11776952,1218923,2589220,1414548,149427711,ransom,
14850260,1605828,2017622,865073,174732660,ransom,
21419054,3006141,3446590,1690475,118377775,ransom,
25922390,3662992,3403214,1658801,137988741,ransom,
29712958,4997797,3203612,1378833,159077189,ransom,
26052896,3831012,3745733,1738492,139875941,ransom,
17135306,2689624,1587595,651262,93481215,ransom,
6698959,766264,1878724,916253,35803075,ransom,
6231239,864703,1404869,514812,37603013,ransom,
9741083,560789,1640736,1097457,168605396,ransom,
12639171,985513,2228021,1470878,144637303,ransom,
16807206,1460050,2080168,1085899,159031491,ransom,
15770864,1363094,2101945,1190002,173829275,ransom,
13832959,1132746,2458519,1252251,159354919,ransom,
18423513,1618874,1834579,1148900,178864185,ransom,
12105707,893956,2733082,1616170,148364901,ransom,
12172274,886796,2982877,1600862,161634700,ransom,
11730636,944097,2547500,1387306,148531872,ransom,
9176394,591697,2371442,1252097,137090176,ransom,
9542503,717822,2150118,1064998,155153129,ransom,
9144588,469131,2439836,1203695,154363151,ransom,
4074702,282034,1312497,838324,60637986,ransom,
9564451,694344,2658286,1395643,146258584,ransom,
8643657,723441,2058067,765737,103572705,ransom,
8140563,454707,2018660,1258915,145542192,ransom,
7555296,434484,2321124,1292689,133923496,ransom,
7625673,536380,3120882,1951188,112673933,ransom,
9259786,725558,2613007,1541265,127345271,ransom,
11730560,1025189,2826636,1346117,137487007,ransom,
9716655,696503,3376156,1740694,120759178,ransom,
9795514,591278,2754480,1568796,143404505,ransom,
10267115,767905,2518060,760311,155015947,ransom,
8423153,524137,2636375,1687724,133843977,ransom,
12192525,774062,2328828,1004588,175924280,ransom,
9071486,471382,2896895,1571722,153106658,ransom,
10483234,786792,2541519,1096385,169156710,ransom,
10181556,700154,2314529,1055038,159024303,ransom,
7834320,408183,2942519,1976263,135745219,ransom,
9460192,667955,2583722,1439167,151503459,ransom,
9902055,851680,2848654,1588745,134182670,ransom,
11115645,666167,2495928,1266125,163353744,ransom,
8282090,391906,2395601,1392766,143541367,ransom,
9581217,493791,2361379,1327655,170789750,ransom,
9448119,666300,2571627,1292428,150885373,ransom,
10442316,788475,2291621,1030714,155680075,ransom,
5603846,753574,1818481,465768,28780465,ransom,
9571864,633282,1800172,834168,155595727,ransom,
3230760,322721,1612203,965806,26298765,ransom,
3919963,220860,1152351,675757,68730975,ransom,
10080585,770122,2680352,1208122,152526770,ransom,
6630316,714187,2098569,915051,57183010,ransom,
7704602,533404,2258565,1581224,107079112,ransom,
8790781,466517,2287557,1405490,151622591,ransom,
9306464,642047,2347310,1117283,160686545,ransom,
9421881,489217,2034163,883434,173813363,ransom,
9787114,610155,2044079,1042200,160444903,ransom,
8641994,484945,2487132,1482613,150437436,ransom,
9187870,582074,2556200,1385294,156332928,ransom,
9309381,495154,2040218,897285,169665224,ransom,
10544032,615195,2314471,1222816,174796319,ransom,
9667806,480208,2334785,1272218,175081487,ransom,
7426281,360596,2393617,1556938,130858372,ransom,
8910269,592558,2790441,1605794,141267139,ransom,
11473562,1012657,2543694,1276609,123796670,ransom,
9592376,579011,3052336,1639611,144124259,ransom,
8445062,545452,2615161,1649671,138302354,ransom,
8908042,593543,2410311,1052301,148803938,ransom,
10253559,595767,1940763,941434,170759772,ransom,
9444451,593367,2765044,1517710,151012070,ransom,
6502869,665225,1889403,669561,56173935,ransom,
5655721,746867,1987091,667562,28613624,ransom,
5039239,626646,1319068,331915,25661825,ransom,
994781,89304,444354,275248,9904886,ransom,
7415513,255153,1491527,953880,156296280,ransom,
9134768,764260,2546307,1451906,108887783,ransom,
10565421,905581,2356302,923869,116637103,ransom,
7789459,411361,2558980,1600775,137160332,ransom,
8908972,477936,2204313,1208312,158336941,ransom,
9555863,640865,2129467,1131568,157720357,ransom,
10003088,726379,2502363,1029550,156238465,ransom,
9243257,553047,2813438,1512106,147743382,ransom,
8373317,484947,2711454,1610670,135263097,ransom,
9736626,687622,2316807,1163345,160614878,ransom,
9567290,679221,2410513,1205342,149628633,ransom,
6259828,441119,2410536,1289434,88638409,ransom,
9976889,828776,2314496,1317676,147685113,ransom,
11377089,1060984,2548944,978650,114108627,ransom,
8178946,473041,2502054,1288658,137873665,ransom,
7093409,331123,1831632,1285807,129661508,ransom,
7481542,823994,1897648,616373,65255187,ransom,
4051702,434249,1386409,595674,32533998,ransom,
1608623,76022,612059,473482,33429436,ransom,
5183708,679768,1688283,505084,25543488,ransom,
6864302,524514,2165455,1223243,85939744,ransom,
8865729,439099,1851772,871458,163164284,ransom,
8691472,435714,2025246,1182430,158520611,ransom,
10467176,805538,2804383,1122265,160457753,ransom,
9634255,837648,2620793,1689477,117861309,ransom,
6218855,589414,2159474,936385,49586371,ransom,
6669970,913729,1480784,395583,31740827,ransom,
2227858,227530,1025014,401030,12249498,ransom,
817153,76297,396420,252600,3908910,ransom,
2369180,192888,1748656,1152175,13501367,ransom,
3539583,294210,1502115,656596,19445055,ransom,
17584391,1531057,1806432,486470,73752197,ransom,
12920157,959033,1451485,556339,56460553,ransom,
11011626,757347,580103,296154,45914553,ransom,
7867275,853411,594774,225713,37326019,ransom,
11207563,1183378,1224159,626788,52037510,ransom,
10534472,1040605,1281935,586667,69249357,ransom,
11644573,1008302,2053579,1060828,140842195,ransom,
14038725,1260027,2872016,1136632,169020447,ransom,
11711639,1309552,2145390,851577,68741568,ransom,
7758643,880403,988295,377062,42172061,ransom,
7018435,846355,2089722,702335,63628788,ransom,
5559550,583459,1530160,661276,45836973,ransom,
3640028,175735,1134229,702901,70787086,ransom,
7235897,320255,1828748,1259084,142307884,ransom,
7093354,542902,2617218,1735382,115495338,ransom,
8510389,645589,3121696,1723158,131217456,ransom,
11304037,770929,2223966,1236337,155998629,ransom,
10247890,687575,3052752,1660256,140681627,ransom,
10181269,701938,2288418,1083712,162830913,ransom,
8879280,541334,2424670,1141083,151607467,ransom,
10006133,666853,2517650,1119888,150268846,ransom,
8455796,380302,2296658,1329739,158357041,ransom,
9264350,369124,1846584,1025224,178751500,ransom,
9558236,540804,2927665,1648566,142421579,ransom,
11622806,1000080,2952145,1249447,143470546,ransom,
10028684,913436,2765964,1827758,111789505,ransom,
11078362,900348,3047298,1436784,141465001,ransom,
15856757,1152144,1705063,1023569,182918210,ransom,
12993474,827863,2402544,1202371,171706343,ransom,
10847583,731341,2367667,960067,182500371,ransom,
10390735,691687,2208260,997282,163570955,ransom,
9491415,734316,2718711,1470997,122102220,ransom,
11390256,1244933,2333546,1007536,97225012,ransom,
13820892,1460941,2453671,909222,119642601,ransom,
14431295,1487811,3140042,1427783,125026100,ransom,
22311196,3006139,3129658,1489999,147502268,ransom,
17225304,2214263,2604083,1452257,149686524,ransom,
12443166,1088271,1900640,1015435,167254988,ransom,
13542528,1684108,2183757,1418875,131109068,ransom,
18303899,2695302,2242672,1243368,156442183,ransom,
19242958,2308826,2425217,1104881,175735113,ransom,
17120866,2149460,2197458,980884,174823395,ransom,
17152073,2129368,2127334,867919,180682576,ransom,
17124164,1987111,2099149,952261,184995176,ransom,
17179986,2084321,2154787,1069113,179956254,ransom,
13775422,1490106,2000010,1136774,168979068,ransom,
18794535,1935528,2109476,850368,185581766,ransom,
18365937,1860976,2544621,1452066,160528694,ransom,
7783497,402001,2562691,1641024,128022480,ransom,
7980096,482703,2225952,1605474,139795509,ransom,
11791072,1046701,2344610,1832220,130849924,ransom,
14478042,1031870,1635748,1013381,182620152,ransom,
12851194,1076633,2150859,1473454,149138746,ransom,
18299469,1609238,1980308,1197434,168318577,ransom,
20126941,1820190,2141513,1202690,184440316,ransom,
20780187,1898820,2009187,1202142,189869630,ransom,
12834797,1056031,2304907,1502562,150656604,ransom,
12245038,725667,2234720,1110071,180061113,ransom,
10707709,661813,2228649,935067,180286237,ransom,
11046392,715939,2326497,1189239,174145635,ransom,
8188772,292824,2084329,1122974,157130048,ransom,
14502680,1186911,2182535,1075378,162740474,ransom,
8966800,871452,2421340,1352156,68316001,ransom,
11773774,1453802,1950023,603392,59406490,ransom,
12555778,1495221,2371583,899976,65564036,ransom,
13889326,1604572,2534612,789430,84263605,ransom,
9299859,1085990,1843434,708837,47428133,ransom,
425217,44894,145932,82230,1653708,ransom,
5514727,714950,1731422,527275,27184975,ransom,
9136738,628625,2086016,957534,145926194,ransom,
5068920,257230,1568645,964309,90287189,ransom,
5174444,553451,1733574,891856,53007800,ransom,
9566412,1033367,1832497,635631,79514150,ransom,
6497731,460655,2075921,967712,96632965,ransom,
3396234,231375,953999,525602,55503423,ransom,
6511474,695484,1851839,617491,67683348,ransom,
6739224,645667,1923912,888251,68485633,ransom,
4874472,237931,1392093,777440,100956057,ransom,
9543609,679860,2530979,1221008,146282751,ransom,
8216153,565825,2571172,1123871,128822607,ransom,
7800630,590585,2145523,954146,110848193,ransom,
8377131,489175,2366144,1192450,143840513,ransom,
8386733,752505,2407039,914928,88240583,ransom,
6150080,790384,1662410,621537,30902373,ransom,
6536947,745835,1794257,515495,48341680,ransom,
5893005,591447,2004754,953324,64800157,ransom,
8890243,813027,1895037,805716,90780627,ransom,
8765374,721282,1942255,726577,115321358,ransom,
8608495,729465,2232200,1077282,129538218,ransom,
6518450,709738,1827519,606043,56290442,ransom,
5069995,256405,1454531,823096,91455017,ransom,
3772267,458986,989297,403412,40614964,ransom,
8446994,788075,2076102,723298,97712460,ransom,
5801841,347862,1411832,801753,104608789,ransom,
6484983,272979,1534729,964531,127884737,ransom,
8546430,761113,2378317,1016136,121628978,ransom,
8020827,760427,2037790,843530,91893637,ransom,
9710861,1100512,2460069,1093025,96790480,ransom,
11139297,821644,2595369,1222760,145010419,ransom,
8952510,867329,2550271,976398,117373889,ransom,
7495017,672997,2819846,1449863,79828272,ransom,
7954319,658755,2874751,1696065,101477847,ransom,
8205728,718781,2652622,1096930,113232836,ransom,
7012775,519520,1951069,901534,93499168,ransom,
5109692,290321,1159908,608014,100508649,ransom,
8269770,746286,2224105,918713,99199830,ransom,
9707351,747319,2622240,1251047,135922338,ransom,
3085143,183401,948681,548298,51431791,ransom,
5150537,644404,1485016,504722,46696870,ransom,
5511282,654032,1478850,429928,41465460,ransom,
3570211,311999,1245896,826748,28691984,ransom,
8139917,742189,1835779,690129,74142223,ransom,
7330278,730981,1889872,657903,79720042,ransom,
7929898,763541,2221104,883832,96532358,ransom,
5547105,644991,1462036,462710,41591345,ransom,
9386880,805142,2455111,975309,134912190,ransom,
9232686,697606,2258092,1115462,138305457,ransom,
3354960,325418,1422741,740030,32210524,ransom,
6563034,660264,1805797,669227,85509205,ransom,
7832186,708167,1895806,771870,106022358,ransom,
7488007,455303,2070607,1131274,124522941,ransom,
6111552,657666,1756305,920972,45353341,ransom,
8019341,852216,1756862,396834,45813273,ransom,
5132102,680934,1583828,411655,25679764,ransom,
6570302,557009,1585911,764545,84738611,ransom,
8299309,681824,2284119,1014428,110865758,ransom,
9342753,558569,2074563,1202038,163917421,ransom,
9346537,457667,1979814,925009,168568816,ransom,
8287110,460390,2449589,1462057,145984708,ransom,
8239537,369196,2152386,1382627,159139463,ransom,
10209144,743046,2644349,1193633,153878061,ransom,
8652641,591541,2120763,1075389,131805599,ransom,
10634977,998979,3061784,1526775,135995720,ransom,
11375533,986574,2462298,1041741,121250658,ransom,
9413732,806436,2503980,1131119,137009940,ransom,
8721891,713193,2269556,988860,101517077,ransom,
6488338,660621,2157561,1061541,65775610,ransom,
10307032,849137,2575241,1071044,142877569,ransom,
7827292,668738,2465269,1058827,93377293,ransom,
9115580,711903,2136873,908103,127884623,ransom,
7710708,365703,2561375,1510148,146245394,ransom,
8051600,371408,2173223,1377431,154783732,ransom,
9060584,539150,1927815,1005569,161444185,ransom,
10184414,777638,2968551,1380799,150770396,ransom,
9825839,488541,1865795,903847,181036323,ransom,
10675107,777922,2669348,1248987,163451860,ransom,
9587436,709589,2354680,1240485,149996592,ransom,
8827089,562267,2950214,1636948,128919712,ransom,
10935242,761486,2737410,1598497,143437634,ransom,
8036449,611371,2963924,1938970,124844471,ransom,
10413252,819479,2630370,1427591,161030354,ransom,
9642276,443562,2092185,931519,179739014,ransom,
9523914,582628,2222460,1234691,161640373,ransom,
8644480,441692,2542006,1399838,153521977,ransom,
9899435,559961,1873874,947601,174785716,ransom,
9933427,556492,2411841,1175999,165872982,ransom,
9353509,641480,2355418,1172428,138299211,ransom,
8327161,688489,2128217,917884,110169265,ransom,
8380799,527226,2722666,1515246,129014040,ransom,
9820450,1015827,2578614,1105300,83308235,ransom,
9706683,637085,2277947,1170396,147307143,ransom,
7622106,331188,2517521,1692529,145321294,ransom,
8909605,467190,2573897,1481834,157324136,ransom,
10117557,573819,1940184,970749,176509549,ransom,
10509370,706867,1994867,650025,174523039,ransom,
8734925,468496,2758714,1665002,144470035,ransom,
7228146,407277,2664763,1811295,123387937,ransom,
9570802,531980,1816534,1001412,172764932,ransom,
8105317,458911,2858309,1662650,142880996,ransom,
8291196,499281,2162979,1109242,151494797,ransom,
9969765,566623,1545893,928986,177807537,ransom,
9043379,433098,2178809,1058835,166807979,ransom,
10354343,879401,2735567,1616505,153279895,ransom,
10643216,683582,3126940,1638387,147757106,ransom,
9522140,594746,2179821,1124328,155870900,ransom,
9385853,481791,2516037,1388981,166607449,ransom,
8391238,462423,2476617,1538940,150680580,ransom,
9070078,585323,2078227,1172825,156749734,ransom,
10049879,631933,2825844,1295761,168605072,ransom,
10261807,583555,1925211,975277,178518255,ransom,
9714682,539530,2585025,1385659,172521103,ransom,
12628665,1193205,2301155,1427431,157585389,ransom,
12609291,1488001,2594513,1674791,128378818,ransom,
18491636,2969995,2332854,1245757,148446215,ransom,
19247168,2447660,2592738,935761,163197617,ransom,
19886975,2738586,2689138,1308814,153049007,ransom,
16752999,2051767,3215820,1612825,160335173,ransom,
18208241,2213051,2580118,1130958,161164352,ransom,
16637067,2280007,1999683,884474,179666406,ransom,
20144233,2368762,2092313,1075051,175928306,ransom,
17636527,1804980,2241057,899031,183335352,ransom,
16966244,1926327,2363327,1234716,171824168,ransom,
20407855,2171682,2594495,1286093,159655901,ransom,
14646773,1090727,2104459,1209386,166158123,ransom,
14767259,1199392,2080269,1441972,158925969,ransom,
23757649,2137284,2181624,1343705,170491075,ransom,
24389660,2217530,2953138,1571116,153965727,ransom,
15234645,1358426,2658990,1777447,129164032,ransom,
14498904,1212207,2301104,1507759,152311667,ransom,
16725379,1328184,2426288,1208390,181747569,ransom,
10819393,497077,1486040,686639,192107464,ransom,
9244794,337362,1793707,1054157,183016882,ransom,
9202269,537019,2672876,1557473,149203677,ransom,
13801764,1038379,2746671,1493791,130670695,ransom,
10068099,731330,2742825,1837822,106499116,ransom,
10348508,469758,1804891,1016381,174681845,ransom,
10926459,751461,2586674,1569464,149594781,ransom,
11268172,676963,2251249,1158581,171812819,ransom,
10343632,625058,2309538,984914,173930375,ransom,
10341431,527342,2277571,1187868,177730242,ransom,
10036918,785808,2944188,1741303,139290717,ransom,
12939475,1072793,2583093,1379086,163808697,ransom,
13078229,1143338,2864708,1032731,165614499,ransom,
13348829,979912,2490399,1271501,175332937,ransom,
12665258,930859,2810501,1570623,159529328,ransom,
12638758,1028374,2747731,1552942,151121514,ransom,
11164989,886209,2888958,1573726,148012071,ransom,
14208789,1298824,3003839,1460211,157479363,ransom,
11682638,835363,3140293,1620461,146528851,ransom,
8828594,476752,2642706,1781082,141812461,ransom,
8897250,455831,2506460,1419349,154753251,ransom,
9742505,710384,2620214,1371620,164846636,ransom,
9896702,593179,2244959,985830,168404565,ransom,
9163662,554495,2344068,1543535,153435267,ransom,
9697357,460295,2063315,969793,175827384,ransom,
13641321,920453,1719813,876695,190439392,ransom,
12380820,684082,1347257,715243,196255357,ransom,
7712947,358747,2238714,1359805,134537862,ransom,
8624142,456185,2209710,1315431,150250981,ransom,
11242661,918452,2928037,1894927,137662023,ransom,
14707317,1276752,2993888,1395236,165747072,ransom,
13112674,1278835,2486361,1133808,136110303,ransom,
10202360,1110403,2636468,1135696,77057194,ransom,
10634498,1255030,2620127,923267,64787756,ransom,
12243569,1060936,2631843,1134164,139609949,ransom,
11727385,1198000,3240293,1628197,105796011,ransom,
10345912,1025745,2283880,907341,113925682,ransom,
6475523,552329,2368250,1045126,72705307,ransom,
9375026,789688,2700628,1269626,136335639,ransom,
9822538,751534,2665801,1410607,140688018,ransom,
9258938,515649,2994556,1465154,139111991,ransom,
7595318,393413,2420971,1538628,136011120,ransom,
13866317,1212960,1890066,1216915,168674562,ransom,
15361548,1072995,2442157,1083505,190564252,ransom,
9081782,481896,2222977,1300207,163897374,ransom,
12930024,1016601,2520206,1126980,160351871,ransom,
14690060,1194017,3078545,1519360,153774463,ransom,
12721118,942674,1610119,851689,172658290,ransom,
12927452,915888,2797604,1306931,168195992,ransom,
12454334,1053897,3249794,1709849,148950781,ransom,
12598758,918707,2304831,1171852,169679521,ransom,
13890807,1149571,2898129,1398966,157194640,ransom,
8896745,1001473,2226787,1062366,59052628,ransom,
6340683,754837,1992924,619089,31712826,ransom,
18247605,2274409,3039218,1534015,102015413,ransom,
24166992,3690724,3249016,1233020,132700217,ransom,
15207433,2099174,2469295,1520836,137836322,ransom,
12957866,1340253,2486020,1500101,145520486,ransom,
13645775,1308187,1839792,907316,184176077,ransom,
13502228,1296091,1525646,764801,185306550,ransom,
14265531,1418878,1778749,832647,183736198,ransom,
16207582,1701891,2025461,841061,180447261,ransom,
12474984,1451807,2965311,2054816,140833527,ransom,
17449059,2089846,2044514,957993,176790525,ransom,
14566481,1999887,2107879,1075489,161633223,ransom,
17308561,2401369,2137223,1365916,169302962,ransom,
17425986,1963434,2906366,1582773,150586948,ransom,
11931728,1155773,2411508,1454558,148971300,ransom,
13311081,933102,1379485,898533,188761785,ransom,
12926181,907005,1982879,1086012,168920888,ransom,
18610929,1499783,1789489,933058,198920029,ransom,
20476203,1824051,1980210,1288051,179687661,ransom,
20583925,1943665,2352715,1385835,173598771,ransom,
18069902,1549851,2345890,1268983,179859541,ransom,
9816088,546503,2045969,1225484,162834218,ransom,
8870573,493380,2500538,1734870,145110076,ransom,
9076767,788072,3270176,2121542,106981938,ransom,
11635008,934819,2305678,1550925,135430662,ransom,
14463923,1087558,2310035,815723,191441029,ransom,
12241177,843539,1824711,800992,186499956,ransom,
11762102,803587,2641712,1284318,170697949,ransom,
11304791,718281,1648626,869310,172316969,ransom,
16104666,1444515,3113238,1144574,157571595,ransom,
12657959,975618,2245885,1024497,166892547,ransom,
9765682,774237,3579785,2424769,122082530,ransom,
14437464,1128410,1796365,895566,184706070,ransom,
10350339,632042,1863564,1295236,158474433,ransom,
10831694,775844,1796053,858450,173578534,ransom,
8210753,557725,3137728,2021093,126964963,ransom,
10682890,825141,2675908,1455443,157525778,ransom,
9653004,585758,2844425,1497775,154389368,ransom,
10195405,671081,2731677,1714165,146379870,ransom,
12911879,1049903,3015467,1633817,153027753,ransom,
13108335,1190374,3340759,1928893,122442045,ransom,
15261593,1364618,3256995,1242982,168581395,ransom,
12601227,1042154,2719457,1233713,150510817,ransom,
13173864,1050966,2755456,1439641,156945583,ransom,
13480739,1165639,2957394,1373576,166563419,ransom,
10309909,763313,2957058,1626726,151914934,ransom,
8725651,494358,2638709,1326026,146044419,ransom,
10650330,728651,2340943,1165329,172807062,ransom,
10014352,641110,2714226,1117681,164920191,ransom,
10511502,683454,2540104,1229409,157935562,ransom,
12442223,792176,2179698,1044162,172010455,ransom,
9196560,485318,2210661,1283942,147012113,ransom,
9897241,789521,3089124,1471919,149727710,ransom,
9198271,656975,2528745,1502800,146830426,ransom,
8933813,484853,2663146,1404393,151066745,ransom,
9231903,523626,2415631,1457619,149836361,ransom,
14639789,1374498,2867775,1341817,153062028,ransom,
15308663,1350785,2618044,925891,170531091,ransom,
10327582,620889,2388866,1245333,162202713,ransom,
13231239,1022102,2821307,1430149,166732523,ransom,
6759505,512392,3008685,2206837,82313316,ransom,
8827278,667295,3091038,1664640,128837048,ransom,
10985933,699235,2024298,920915,185245958,ransom,
9524370,510186,2644314,1375282,160886991,ransom,
4250879,315591,2335951,1540085,41063039,ransom,
5795387,588678,2439727,1371965,59862155,ransom,
6394810,360844,2757711,1587531,113125821,ransom,
8967177,420789,1729718,953418,165654039,ransom,
8580913,363131,1845648,1094903,164422087,ransom,
10223058,628952,1614360,1062418,176652129,ransom,
10713175,582612,1959174,956129,174102960,ransom,
10290962,567642,2542290,895024,174449140,ransom,
11488220,770460,3138582,1812142,147846055,ransom,
12809076,664636,2151652,1250681,166284446,ransom,
14141755,1140382,3031328,1386068,158181486,ransom,
10781995,605043,2413194,1271359,173660042,ransom,
13399857,913832,1446894,722633,179470658,ransom,
11653333,661512,2360332,1259166,176828333,ransom,
7107310,288819,2653763,1941791,130595854,ransom,
9767618,522761,2581171,1493814,173522963,ransom,
10252149,757453,2851655,1190160,158799942,ransom,
12099615,1041602,2583400,1388250,156494882,ransom,
11942482,764891,3019636,1604662,162562969,ransom,
10513806,838702,3003992,1884825,138490575,ransom,
10690662,723051,2671859,1503481,154273108,ransom,
9768963,628317,2737576,1717192,151089192,ransom,
13462048,1166710,3014759,1279864,165939164,ransom,
15001029,1290412,2919116,1225719,170434319,ransom,
9763074,706364,2990676,2021721,130081621,ransom,
15754484,1204452,3030141,1394378,169425593,ransom,
15472465,1274360,2665291,1391893,177086163,ransom,
9331692,700625,2557645,1086358,145706367,ransom,
10840555,693320,1798900,788317,178523782,ransom,
8950795,363664,2060309,1017970,169900420,ransom,
8399222,545679,2717578,1917812,118779574,ransom,
10627670,663672,2395319,1421303,153668008,ransom,
9460508,680365,2670814,1098816,153560430,ransom,
6927473,311620,2923590,1764182,122535336,ransom,
9109582,603030,2543658,1402032,146463408,ransom,
12629513,757617,1295098,733963,197519593,ransom,
13469191,815347,1397743,493423,194076962,ransom,
10355511,656132,1662697,782273,178631304,ransom,
9774041,538877,2540234,1128942,171302435,ransom,
9062947,490157,2306941,1416113,149686248,ransom,
9773849,1207134,2253174,1066359,48454016,ransom,
13910565,1591824,2806764,1270862,91393472,ransom,
15007275,1273209,3205882,1397117,150702574,ransom,
14135292,1590508,2599363,846349,92317738,ransom,
11563806,1394536,1962995,684304,59271707,ransom,
7629055,836704,1980294,658181,66018512,ransom,
6049771,403991,2056956,976368,92306573,ransom,
3240258,194122,863507,507852,49141589,ransom,
7173602,959291,1715288,455107,37490074,ransom,
8086250,550763,2699099,1230910,121008722,ransom,
7632249,434739,2185188,1336307,126244943,ransom,
10496692,854468,2546853,1001129,153512312,ransom,
7698179,800549,2132615,778163,66441656,ransom,
7701435,860903,2584957,917803,59894577,ransom,
8836183,758563,2085822,1428019,129109384,ransom,
9568455,634950,2252877,1074611,140033238,ransom,
9682335,603999,2241460,1320433,154235578,ransom,
9008387,516943,2085949,722316,161591506,ransom,
9608253,592109,1936263,1182886,161411355,ransom,
8589489,397930,2638651,1408402,150630146,ransom,
9691262,486011,2456174,1383966,172257240,ransom,
8689272,577765,2490669,1466595,145050664,ransom,
8500103,564312,2905099,1526828,144774804,ransom,
8734415,537220,2536435,1635480,140188196,ransom,
9235388,381425,1558552,821291,177475259,ransom,
11164310,636752,2317588,1189306,165363836,ransom,
6607977,545774,3165342,2311776,84582595,ransom,
10991031,798144,2604491,1414860,167986149,ransom,
12162756,795296,2733170,1189737,164792021,ransom,
13005822,961294,2890908,1262112,153102673,ransom,
10938615,732186,2211845,972106,166054870,ransom,
13139702,998615,2424806,1105968,159364302,ransom,
11724823,721545,2050777,868656,158386120,ransom,
9083458,631236,2240780,1104739,145244227,ransom,
8845434,516186,2559359,1258219,143470681,ransom,
9787197,622495,1860739,825287,159138439,ransom,
9427332,474725,2770514,1401390,160376149,ransom,
9360050,543361,2155924,1314672,151268723,ransom,
9616973,671121,2689328,1805403,135284314,ransom,
11572319,862365,2706343,1481211,162425872,ransom,
12648155,959258,2750584,1388089,159266233,ransom,
12701784,982076,2829174,1286577,169470519,ransom,
11818400,820889,2304066,1198436,164922753,ransom,
10969652,755876,2624111,1570710,153561708,ransom,
13452431,1246644,3140700,1639301,154030937,ransom,
14286420,1272037,2438995,838683,175861871,ransom,
11810624,834716,2799811,1411863,158960577,ransom,
8655348,709937,2624056,1488488,120374297,ransom,
8236103,803799,1922395,743344,89644649,ransom,
6612456,707723,2082873,748867,64151623,ransom,
8753187,522084,2559254,1313227,159277580,ransom,
9603174,649169,2027970,1301553,149250474,ransom,
8508166,563135,2729282,1582609,134054577,ransom,
10410487,779696,3209890,1851907,141768111,ransom,
6260903,701461,2071335,841548,37722248,ransom,
4371111,449382,2242069,1338371,39853294,ransom,
5794578,772711,1851018,578134,33109374,ransom,
6898733,695532,2282558,1341171,82931909,ransom,
6692213,893663,1715428,513400,34329937,ransom,
5408666,664270,1854978,685386,27829027,ransom,
5505991,648644,1591683,489179,31594994,ransom,
5587145,720556,1936163,724396,37102746,ransom,
5672813,628233,2784394,1431465,29622558,ransom,
2290895,166376,1352922,868898,20005590,ransom,
8978115,531960,1763923,1054762,139855108,ransom,
11184213,670196,1923500,797831,175178881,ransom,
10244367,566176,1773096,622943,185757625,ransom,
9410782,563742,2475185,1387497,154219700,ransom,
9994075,619614,2413406,1262133,159853477,ransom,
8915923,574164,2769916,1489758,147776644,ransom,
9728290,556648,1703900,714549,167628360,ransom,
9366117,448363,2253479,1222844,167030030,ransom,
9039649,688566,2982607,1626219,128935748,ransom,
9753660,687779,2114742,862269,138980256,ransom,
8772579,715557,2414076,1246218,125304192,ransom,
8064639,812902,2235773,1012398,76480154,ransom,
10281038,756968,2990544,1637943,138528537,ransom,
8349253,379411,2089668,1248463,154842331,ransom,
9669553,756429,2620882,1273455,152574805,ransom,
9107422,638391,2679854,1680319,146927360,ransom,
9230407,372047,2023007,1010141,176753799,ransom,
9292463,495974,1981773,1034502,174556635,ransom,
10538862,678269,2073500,958114,186909114,ransom,
10871645,847258,2506320,1123741,163349251,ransom,
10129065,530803,2935572,1190543,159577774,ransom,
18703655,1258363,3063699,1592170,147004694,ransom,
12572796,1162495,3144816,1657214,98054205,ransom,
9294202,744149,2486761,1723229,131846630,ransom,
14370518,1372322,2737516,1569371,148963011,ransom,
13722805,927158,1924364,1083292,166418042,ransom,
9012154,735306,2571374,1440871,125876228,ransom,
9922990,767011,2213621,745032,158756728,ransom,
10030178,582802,2428218,1197978,173802916,ransom,
11490496,824559,2301175,1338130,171561997,ransom,
10924186,767008,2159096,1131981,164177990,ransom,
11495860,808173,2461911,970331,170839613,ransom,
11999305,798461,1573516,818762,183764295,ransom,
12591156,960245,3049953,1578713,149717181,ransom,
11228655,816817,2224327,1252084,152004266,ransom,
8963350,753695,2958766,1923980,100451047,ransom,
12884553,1255511,2443005,976345,160569128,ransom,
12390950,1047196,2258891,1000050,137404197,ransom,
10423237,889654,2669917,1400681,115716034,ransom,
6112708,802288,1555642,481056,29818012,ransom,
10738445,1416334,2400834,1113595,62569794,ransom,
24283280,3461725,3347738,1389852,146006910,ransom,
26339446,4428987,2511806,1111918,165692893,ransom,
18533284,3029621,2565774,1243431,122702160,ransom,
16998173,2033318,2943630,1440816,161078107,ransom,
14039071,1517425,2232464,1230268,172560896,ransom,
14565796,1607367,2035878,1084059,166587684,ransom,
10141630,671780,1563416,945398,170629001,ransom,
12279918,899654,1886010,1088314,178017341,ransom,
16100941,1758259,2071292,1088255,177057599,ransom,
16679980,2205771,1863825,1045575,173778089,ransom,
12581400,1286064,3051930,1927299,123449116,ransom,
9703842,566435,2137238,1077339,153873119,ransom,
7506508,420332,1672426,1121618,150829493,ransom,
11223388,803096,1934386,1320398,143048880,ransom,
11128233,785227,1846484,1141291,154341365,ransom,
12883683,983009,1790830,1005697,149191591,ransom,
19286950,1859504,2653471,1542018,150430027,ransom,
17287616,1626559,2344015,1368448,158084566,ransom,
11899366,978802,2718100,1963994,120244020,ransom,
14773544,1324241,2219053,1431858,158144428,ransom,
12139851,953858,2617732,1453547,146655722,ransom,
11428015,784908,2655960,1468283,154331580,ransom,
10516223,591362,1971699,951221,177189494,ransom,
10691088,606051,1654880,635887,188773323,ransom,
9948704,615761,1990182,930280,169235405,ransom,
7698845,328562,2480036,1575399,130081813,ransom,
9687957,441309,1682646,815370,175661991,ransom,
9949899,633712,2059704,1107854,157119877,ransom,
4828446,611947,1788591,765704,25704869,ransom,
6348517,789815,1695450,389138,31213445,ransom,
3775909,484537,1595527,876949,19215268,ransom,
8720634,973094,2080125,675387,46594842,ransom,
4348981,523131,1185663,437515,22017788,ransom,
11861922,598459,717263,155957,47307585,ransom,
10578867,997514,1315086,557270,67134656,ransom,
11602942,1088822,754712,276602,68950257,ransom,
12541259,1567248,2103423,553487,61858821,ransom,
10238232,1185805,1954713,762179,52359534,ransom,
6775114,770099,710849,208553,35176976,ransom,
7391692,836714,849070,307534,37967080,ransom,
8548920,723148,1547554,885554,98865102,ransom,
8937601,523910,1801059,1054635,145340981,ransom,
10034561,730373,2786957,1381218,142781054,ransom,
10032609,730153,2902670,1875281,129805729,ransom,
10235087,691597,2583060,1468200,152921639,ransom,
9511370,776815,3029230,1336608,139807522,ransom,
8875606,513848,1851695,1256230,159867068,ransom,
10039212,577869,2045390,776791,174990480,ransom,
9916590,634464,2525596,1130072,168234810,ransom,
10415043,650211,1899764,1022842,169380446,ransom,
8144567,325103,2159530,1108842,159950338,ransom,
7308055,341242,2989696,2120466,123508371,ransom,
7165338,383259,3087797,2206729,121540844,ransom,
9555997,634548,2423647,1208872,154673703,ransom,
10378754,792132,2905440,1351144,149523854,ransom,
14367634,1034512,2393016,959506,173658540,ransom,
11574135,746337,2621948,1360768,173955305,ransom,
11294931,737201,2036262,1222358,170845815,ransom,
9560199,725372,2680015,1336305,151464015,ransom,
10268090,709621,2665267,1325378,155702961,ransom,
8463279,517087,3156587,1895517,127815194,ransom,
12616757,840453,2825095,1568193,155574919,ransom,
9063062,485018,2520402,1513126,143711206,ransom,
13259105,1132838,2825852,1247939,163863163,ransom,
14153786,1243831,2091864,887674,176036810,ransom,
10906422,1041796,3501465,1911527,90734241,ransom,
24404673,3165114,3690793,1410756,156865344,ransom,
14614764,1464450,2973947,1520538,142421163,ransom,
16133383,1465645,2524741,1343748,172624378,ransom,
11850938,919274,2507341,1420292,155868124,ransom,
12208360,1001282,2670263,976980,165714297,ransom,
10655997,776342,2515191,1412536,147123260,ransom,
8767563,540224,2600150,1460456,146486811,ransom,
9916063,776825,2884664,1297660,139489364,ransom,
8423314,624354,2111015,965261,121403906,ransom,
7779699,596776,2020078,1068001,120140228,ransom,
8366386,564013,3042466,1688541,134508960,ransom,
8185430,462630,2097519,1441993,144148864,ransom,
10541410,510996,2180648,1270584,170294973,ransom,
10594254,560842,1564318,718600,190196630,ransom,
9169545,359855,1895181,969221,177905204,ransom,
7313634,462019,2940438,1964371,107112299,ransom,
7558911,317615,2218846,1407238,149402107,ransom,
9257143,699381,2604631,1377800,150257633,ransom,
8630045,586033,2935454,1424310,139589371,ransom,
10002147,605165,2227149,978275,163489796,ransom,
10015514,787540,2857090,1322350,139687034,ransom,
10615168,726837,2508341,815801,166415187,ransom,
8438819,589439,2250608,1697007,129664826,ransom,
10295147,491180,2067222,1256472,171543291,ransom,
10211141,393535,2660723,1260122,172835405,ransom,
9016914,541136,2697697,1563791,149217427,ransom,
7575692,790403,1992273,703123,76629287,ransom,
5282578,561714,1732872,848185,41226947,ransom,
10180045,690560,2955188,1475260,156299394,ransom,
7080157,666010,2114759,801996,91522483,ransom,
6575598,856476,1674238,601950,32954810,ransom,
9694123,751755,2237957,1043687,139319945,ransom,
8834312,461033,2679390,1376598,156259816,ransom,
8196903,461757,2187635,1471885,143393790,ransom,
12459180,1000162,2910038,1140033,156530450,ransom,
9126506,646340,2547001,1338697,142629363,ransom,
7041191,407567,2571199,1655062,121809526,ransom,
9572092,525716,2406154,1327258,168792684,ransom,
10407771,680560,2266619,1020077,165189527,ransom,
9778312,688709,2370221,1086832,147064967,ransom,
8511872,435286,3016713,1684442,143137633,ransom,
9351695,540900,2631755,1605725,154279318,ransom,
10749828,632183,2201351,1059829,169332300,ransom,
8765415,682104,2669301,1219469,133798434,ransom,
10708802,829471,2558848,1449036,158010809,ransom,
10288262,749632,2775390,1539483,143228585,ransom,
10879448,826091,2739100,1147711,153763069,ransom,
6352120,647503,1796361,843289,58499416,ransom,
6014789,755336,2047538,633578,29649238,ransom,
2636340,223746,1095867,695105,35468031,ransom,
7819529,371159,2158796,1284472,145636979,ransom,
10600932,675967,2034805,739761,184621952,ransom,
6629710,616021,1907983,912453,68183359,ransom,
9714896,836749,2636128,1076823,121953305,ransom,
5571484,635159,1781192,778072,34331345,ransom,
7440470,683983,2347544,1354411,102313166,ransom,
13568222,1122780,2446508,1109990,178377440,ransom,
3623470,342525,1567624,732297,24990400,ransom,
4465303,379591,1183634,648941,63600872,ransom,
9137150,667667,3057136,1435049,141473840,ransom,
10300498,574025,1913914,863589,172544208,ransom,
7217304,405969,2916775,1889046,120322190,ransom,
9089181,538403,2536499,1415795,151790177,ransom,
10195429,737065,2884135,1234487,159952144,ransom,
8880880,576780,2145674,1080824,134535402,ransom,
7686897,368715,2307777,1479827,147696445,ransom,
10132977,720004,2786883,1684845,145219332,ransom,
10318389,833096,3226652,1764092,137839483,ransom,
8532402,528434,2763961,1513821,144967183,ransom,
10167532,623657,1741266,645570,168408017,ransom,
9834080,656851,2776180,1615973,156584404,ransom,
10615765,634906,2409253,889688,186720693,ransom,
9949845,602973,2143614,1058206,164766722,ransom,
7758161,407174,2313220,1326291,134141600,ransom,
6089391,640221,1880944,801978,60282177,ransom,
9248870,616094,2406800,1311814,139463460,ransom,
8471188,475657,2501642,1524433,152223674,ransom,
9286494,794938,2582848,1515133,127464832,ransom,
11147226,729750,2715414,1250589,167623132,ransom,
9506421,598164,1922897,1050535,155284827,ransom,
9721008,639320,2811367,1469847,148162280,ransom,
9297712,505102,1946591,861401,163808292,ransom,
7164362,562585,2140934,1182841,91533463,ransom,
8526987,532106,2609802,1391655,137415745,ransom,
8359472,578834,2188247,1087126,132381959,ransom,
9421983,758128,2205105,899755,118308222,ransom,
8030074,521550,2519694,1392181,124421019,ransom,
6254754,710038,2244207,981765,49684507,ransom,
7620774,885783,1757064,835054,38694987,ransom,
7428279,966145,1553423,398176,38675339,ransom,
8145250,431254,2295908,1162308,140526031,ransom,
936586,112420,342994,175309,5038860,ransom,
5456994,715585,1665663,513021,33175071,ransom,
3974079,425838,1179141,475120,29695920,ransom,
3385787,156754,1171663,837946,68786376,ransom,
9707431,658620,2527453,1481544,158999077,ransom,
7933030,441247,2593187,1393410,144174056,ransom,
10485458,801199,2239208,961774,160294103,ransom,
7380482,377496,2559450,1686927,133331719,ransom,
9991123,620672,1904442,1139987,165363873,ransom,
10786136,607950,2360833,1079574,172788699,ransom,
7499642,409392,3029008,1981320,120950794,ransom,
11220525,798675,2754610,1003522,173235631,ransom,
13806224,899849,3098694,1167489,166598150,ransom,
12450962,842260,2059598,1459927,151774562,ransom,
12077894,751807,3212808,2018006,137047738,ransom,
16096015,1167831,3150605,1789662,159996242,ransom,
17063910,1360618,2632900,1148233,171770811,ransom,
15616632,1219491,2295412,978768,169255136,ransom,
16740400,1310909,2136611,898264,178159206,ransom,
13861765,1029984,2866141,1575847,147365917,ransom,
9966843,569728,2479680,1350021,159730707,ransom,
11694296,846548,2045894,1410426,149081178,ransom,
8837870,605879,2816270,2151998,104456821,ransom,
11876991,657676,2133560,1086902,163353958,ransom,
10533427,685588,2544801,1168880,172135819,ransom,
9562533,682251,2567742,1557100,141898576,ransom,
9539599,435699,2579720,1277425,172294455,ransom,
13492338,929454,2095434,1023503,184045828,ransom,
11112301,591090,1243066,405192,192360008,ransom,
10285211,640621,2607043,1576673,156080204,ransom,
12875824,1123226,3195563,1589224,156120371,ransom,
11172935,1007535,2832476,1499549,120172961,ransom,
11588048,935040,3185901,1489672,141189736,ransom,
12999666,1231751,3167787,1940941,137611448,ransom,
16534357,1434860,2921130,1071491,186297243,ransom,
13029393,990186,2256705,952589,179230758,ransom,
10379135,668058,2796966,1498966,154527784,ransom,
7074774,667592,2763944,1251416,79918615,ransom,
5555637,497302,2155449,1322601,61592114,ransom,
6379448,401966,3066409,2113257,98371613,ransom,
11515914,784759,2711179,1245710,164652881,ransom,
14146308,1056258,1455805,715126,188401412,ransom,
11536082,655618,1691268,746033,181154733,ransom,
9980859,859229,3009028,1225943,147661388,ransom,
10663872,764352,2515064,1317572,164218011,ransom,
12041159,926471,2642264,1482125,156298445,ransom,
12014950,1016518,2874877,1229107,160598297,ransom,
11325764,864487,2459874,1264585,160764125,ransom,
11961461,887579,3015526,1483025,163974235,ransom,
12006315,957014,2627348,1269993,162178350,ransom,
10824407,1071061,2501228,1187517,98771249,ransom,
13098616,1043877,2741879,1253771,167019546,ransom,
11963872,1368756,2210080,971877,73599515,ransom,
11222964,1201742,2124909,616900,78863112,ransom,
6047203,720092,1871784,668558,40151809,ransom,
7274386,704907,2154583,1085143,67093968,ransom,
9656013,981196,2394543,1051055,71452361,ransom,
9495474,674467,2255864,960400,137009979,ransom,
2008866,82541,893083,699233,45575651,ransom,
5064678,242610,2863760,2293538,87855576,ransom,
10903198,898368,2766975,985715,151143682,ransom,
10856798,765067,1985982,879767,166296619,ransom,
10243271,522971,1853401,708756,177292083,ransom,
13345006,943363,1372384,769537,182953342,ransom,
10036124,586448,1699875,990309,160779432,ransom,
7870446,412290,2372313,1430526,134950839,ransom,
10774619,728664,2058305,1134765,165414357,ransom,
12468474,1069654,3429562,1654064,145863430,ransom,
15107673,1384210,2915557,1351420,150012270,ransom,
12939630,1001908,2950056,1633373,162732950,ransom,
12636887,1035758,2777838,1564510,159986242,ransom,
12188454,823322,2012993,825254,184316184,ransom,
13032978,1104320,3016744,1486632,158582415,ransom,
13600604,1131312,3285337,1780638,149471593,ransom,
20373970,2658099,2689736,1230992,158495970,ransom,
17782702,2369456,2838117,1510255,144293493,ransom,
16812867,2176542,2972895,1633685,133333458,ransom,
17675310,2328357,2994868,1582543,143529769,ransom,
20948889,3094057,2316741,840163,177875498,ransom,
18739802,2697981,2391572,1109094,164339897,ransom,
16251324,2047866,3143548,1606253,134756630,ransom,
19927507,2209986,2694268,803591,172549518,ransom,
17276347,2006246,2023457,683640,175211853,ransom,
16904354,2070269,2301856,894982,161903337,ransom,
13736933,1465476,1345258,542897,177440452,ransom,
16604523,1344680,1581080,718501,182362202,ransom,
14820514,1261284,2459658,1377233,156662235,ransom,
12109933,850402,2215472,1460061,169382378,ransom,
16786012,1234096,2329914,1372015,152179105,ransom,
19464696,1620877,3450564,1828806,154617172,ransom,
16484575,1544358,2484233,1148296,158398121,ransom,
14129404,1175777,2639736,1657075,135086811,ransom,
14316992,1221027,2682487,1815768,131338938,ransom,
16519318,1298389,2304126,1366781,175147275,ransom,
14329922,968516,1883588,1057001,172643173,ransom,
11632627,641870,2131285,1025769,167515550,ransom,
12252101,899083,3021484,1749587,160188249,ransom,
11039071,839596,3292204,1987028,139280799,ransom,
14021332,1122316,2508170,1198691,176248000,ransom,
12710846,862573,1652913,837517,180727823,ransom,
13724369,1050524,2440710,945751,183565258,ransom,
14881271,1175356,2225746,886907,190700966,ransom,
11006998,811868,3085236,1856396,140104077,ransom,
10837691,959043,3218110,1612742,134872106,ransom,
12136480,995465,2448300,1568964,152389558,ransom,
12667336,931117,1834761,1011161,166695871,ransom,
8266137,408483,3169191,1943801,139268197,ransom,
7996640,448299,2592934,1654272,132358281,ransom,
8346387,499639,2215667,1344833,139297995,ransom,
11302833,817182,2294769,830445,187656931,ransom,
11518367,726805,2161994,924005,179782736,ransom,
11790952,736833,2155158,1204605,171104245,ransom,
9514633,549669,2477780,1502562,148270119,ransom,
9631794,520321,2405047,1201597,168399751,ransom,
9728371,829193,2691990,1660946,111781501,ransom,
14062855,1279067,2622804,1002248,174052302,ransom,
11954621,1047070,3159834,1806917,122566720,ransom,
11022729,690645,2383186,1279544,158402559,ransom,
9697941,594676,2385640,1439771,149889721,ransom,
9988184,752662,2987107,1319913,150485864,ransom,
9573640,612084,2695451,1591841,146273736,ransom,
8407048,403577,3172977,1870344,143322334,ransom,
8904255,461736,2885180,1762680,146316629,ransom,
8800303,490997,2831081,1707081,146635431,ransom,
9909520,634610,2396623,1095855,157955797,ransom,
9646581,691171,2253000,1170178,148583101,ransom,
7837715,390564,2974115,1725719,135697017,ransom,
10624321,859139,3067481,1604624,142820644,ransom,
13390634,1076367,2426853,1030638,180314312,ransom,
8777050,433508,2454679,1292265,149409212,ransom,
6425899,260906,2540290,1793450,120310216,ransom,
9345494,508538,2441501,1322033,161857292,ransom,
10715200,733590,2697329,1147978,172433522,ransom,
11071867,659721,2013951,859712,181387629,ransom,
7121899,576304,2469917,1554974,93136229,ransom,
11154933,775885,2560519,909571,182458286,ransom,
7249640,671469,2074475,1022998,77990755,ransom,
7786113,963201,1870382,665269,50829591,ransom,
7001970,692703,2155419,872041,69020802,ransom,
8850156,828985,2465758,1075185,89103132,ransom,
9867394,723050,2667387,1527511,134450438,ransom,
9894884,763257,2607323,1098152,140044750,ransom,
8858233,686949,2502102,1257298,121361884,ransom,
9712260,638189,2311566,1307855,142953874,ransom,
9605770,543517,2357236,1314920,161866806,ransom,
9089940,423723,2325566,1309421,162253318,ransom,
8892077,716641,2641325,1247739,129792354,ransom,
9431274,619874,2404999,1359323,156929276,ransom,
7623125,313665,2727806,1898434,137621327,ransom,
9246348,494370,1905594,842521,168556293,ransom,
9191068,605147,2661626,1304136,150912946,ransom,
12129883,1002607,1836809,950440,175657206,ransom,
10678825,623445,2900475,1485476,158600580,ransom,
10173414,665603,2118651,880506,164249954,ransom,
10677992,743058,2259843,1132333,173359832,ransom,
8501852,364520,2679275,1610143,157897837,ransom,
6241355,452995,3073191,2040742,76677689,ransom,
5700237,637428,2446439,1499257,48238940,ransom,
6812451,811159,2271746,1034758,49563162,ransom,
5992666,725839,2106351,708646,40557711,ransom,
5931456,728229,1840013,719754,31064305,ransom,
829398,90056,361601,216093,3818930,ransom,
3292129,438161,939791,309652,15602945,ransom,
7028894,795552,1978929,830986,34232495,ransom,
2067597,200599,565106,264479,13202692,ransom,
9963606,628447,772152,227945,41388975,ransom,
12681199,886325,612339,288125,53138255,ransom,
8966977,758411,733650,285893,40174805,ransom,
8107189,902529,677066,286773,35579403,ransom,
8853679,912976,528490,151852,42472229,ransom,
6195165,696403,610803,191190,31601813,ransom,
6780884,618769,1713047,1174846,67197168,ransom,
10090228,1240349,2276571,917528,57112231,ransom,
13871233,1625802,2793878,1229065,69735033,ransom,
13465986,1457682,2442986,762087,88221956,ransom,
8968088,605168,1911624,793266,129156368,ransom,
8757818,350157,1391823,688142,168872438,ransom,
9747084,521970,1921625,1092610,173262714,ransom,
9384131,597367,2703610,1167731,137261353,ransom,
10629006,598592,1845410,808058,175482441,ransom,
7980318,396578,2033675,1124759,139492263,ransom,
6957801,644958,2306076,884893,75471795,ransom,
5647051,739675,1476431,558964,28712102,ransom,
3378722,446334,1670313,382420,16184063,ransom,
4139857,500257,1326818,593144,21867987,ransom,
4892874,407419,881804,511211,28106708,ransom,
3202737,151344,1065335,756245,58325143,ransom,
8195357,551731,2398897,1481164,144557109,ransom,
10812683,660637,2322509,965162,172978514,ransom,
10424235,519022,2446050,956173,173409911,ransom,
14143392,935379,1497120,850966,189232026,ransom,
8101961,510373,2936405,1985666,113471172,ransom,
6789414,414333,2833979,1876514,116128138,ransom,
10771634,850700,2938367,1868964,134108569,ransom,
12289039,1004808,3019857,1425995,153866146,ransom,
13357032,1194773,2620919,1369003,157054133,ransom,
14836903,1395921,3116025,1527362,152364244,ransom,
13112124,1058643,3015997,1376020,160933684,ransom,
13433497,1079973,2439628,1060696,164424058,ransom,
11010449,769929,2655618,1609924,150120589,ransom,
8692083,494442,2846879,1698598,147686222,ransom,
10094394,679554,2061892,899544,168592060,ransom,
10265280,717252,2796843,1148269,166466959,ransom,
9666866,568129,2285573,1257686,158612872,ransom,
9328707,448834,1802256,1030708,172069276,ransom,
9248136,429562,1975958,1071512,171296454,ransom,
9168753,509399,2184849,1233698,161566768,ransom,
8627952,652713,3057231,1651729,121670794,ransom,
11059546,885556,2673319,1344186,141865894,ransom,
8930367,504606,2623610,1620192,146777758,ransom,
10381108,667581,2220360,982986,172338950,ransom,
10233030,700850,2555688,1273121,157235140,ransom,
5407791,416512,2311022,1182926,56787494,ransom,
477646,53972,163791,103711,1899744,ransom,
5888944,663497,1850974,619460,45225172,ransom,
4464273,544522,1172922,441716,22871406,ransom,
7407397,914807,1602904,495557,52490861,ransom,
5533159,498815,2047708,1088585,67506858,ransom,
10144047,751962,2627955,1158100,152520172,ransom,
10623507,711578,2312893,1300161,155930044,ransom,
11615389,767025,2633016,1417929,160715478,ransom,
9894043,523271,2095905,1119330,170506950,ransom,
9716127,644750,2525990,1354344,158676292,ransom,
7731177,437854,2592829,1471784,135263180,ransom,
10236250,613092,2442850,1277286,162733961,ransom,
10045095,671773,2511465,1430145,163057125,ransom,
10469864,638184,2333188,751632,178494137,ransom,
9020796,573207,2730683,1546039,129793825,ransom,
5544081,489197,2894368,1751393,47728349,ransom,
5864276,685245,2492618,1040448,29817506,ransom,
9235760,974741,1876998,846691,49768991,ransom,
6995463,797141,2068408,921927,63390711,ransom,
8395023,437460,2723648,1595263,147624732,ransom,
8536369,419443,2274373,1323643,160517360,ransom,
9257578,651530,2325674,1204384,146199952,ransom,
10909027,797163,2002390,746826,172462235,ransom,
9873659,520345,2340285,992755,173568856,ransom,
10163182,873968,3018451,1321743,135597907,ransom,
8647321,590929,2433224,1276137,128918609,ransom,
7929583,612261,2681723,1609120,117403572,ransom,
7745423,592340,3237996,1781084,110960622,ransom,
9356049,747055,2093680,1128214,141325023,ransom,
10624647,692969,2588164,1402571,157307378,ransom,
10098871,602696,2333329,1139940,155195632,ransom,
10676058,773431,2669164,1217859,158657910,ransom,
12050770,908865,3634775,1671986,133858129,ransom,
13983665,899439,1983601,899135,163259258,ransom,
10145681,617902,2411560,1483366,144163639,ransom,
11716667,895601,2720259,1308850,159390674,ransom,
12350253,974092,2378024,944269,164002630,ransom,
10676099,642613,2384886,866467,161143677,ransom,
14119947,1103527,2068906,1099153,169721734,ransom,
11203947,745435,2445829,1216605,140892222,ransom,
8992471,683316,2741079,1642394,126890155,ransom,
11249873,785912,1748370,834271,167443752,ransom,
11359004,949595,2431860,1347475,151361046,ransom,
13933318,1161212,2811884,1089141,169915497,ransom,
11134212,807127,2654122,1704778,142860911,ransom,
9613370,553484,3133465,1763405,143937158,ransom,
9324707,578397,2386073,1449167,136272246,ransom,
9008967,606376,2528537,1632831,126772019,ransom,
11831413,963303,2481547,1132076,161892354,ransom,
13846258,1167110,2838817,1388321,166782492,ransom,
12386912,806805,2682070,1297950,172120188,ransom,
14012645,1194969,2782684,1242487,176184234,ransom,
10901309,799555,2578070,1382048,154958516,ransom,
8090393,407105,3085384,1919220,140004351,ransom,
6305038,323962,2129118,1447411,109976575,ransom,
9108830,611972,2903265,1716885,149330083,ransom,
11601594,974398,2668975,1250323,159578541,ransom,
10188455,603899,2501182,1212442,144319704,ransom,
10500651,549860,1846220,871113,185892578,ransom,
10328263,535679,2234368,1204892,178061940,ransom,
9052508,784898,1873927,992127,99364437,ransom,
7917085,1011547,2018277,562118,40875113,ransom,
9840080,1178561,2662943,1348105,71920824,ransom,
11233443,1042676,3542733,1890530,140184445,ransom,
12432587,1080661,2580096,1148771,161016046,ransom,
11955326,759191,2091019,839294,184947372,ransom,
10689353,762900,2456568,1384124,148258762,ransom,
12359913,1289822,2113667,1132354,138490139,ransom,
14253791,1560189,2128403,1166002,154062227,ransom,
18212995,2280090,2251252,1077717,165442067,ransom,
14537492,1898164,1980100,1286967,162767035,ransom,
16677480,2368494,2868571,1756066,136289039,ransom,
19857921,2737599,2727691,1156835,168077064,ransom,
21702023,2952432,2436932,1101179,181335331,ransom,
22337953,3187733,2954378,1355548,153982259,ransom,
23496075,3454169,2156491,970125,179721585,ransom,
14989597,2053652,2262817,980744,78700013,ransom,
11428428,1242429,1346189,720078,108079755,ransom,
9723112,792980,2455731,1871381,120332013,ransom,
13626449,1205457,2009363,1356119,138207348,ransom,
12056834,1057160,1823455,1332606,135424529,ransom,
12140880,874331,1804496,993930,169881723,ransom,
12763545,1168170,2664903,1830335,142324555,ransom,
16689130,1568021,2515181,740606,177035106,ransom,
15772735,1294829,2584858,1447235,158110606,ransom,
8671393,349786,1572351,924351,174235691,ransom,
7659026,481324,2247209,1642587,137116341,ransom,
10233916,571524,2170441,950212,167002698,ransom,
9029401,462966,2306416,1248447,149190775,ransom,
10351906,585358,1537779,732655,173512356,ransom,
9254782,366905,2045862,1042130,177010960,ransom,
10597490,572500,1997096,1086898,173177194,ransom,
8303596,511973,2799617,1665745,121891889,ransom,
7374843,616309,2116496,996515,92333824,ransom,
8076928,477543,2695046,1552146,139765117,ransom,
10311612,563384,1534738,628332,181947552,ransom,
7557531,388010,2827764,1833761,130821207,ransom,
10272205,934598,2590453,1455048,137730691,ransom,
11823512,963266,3287767,1660811,142103427,ransom,
8550826,461955,2859484,1469723,147127037,ransom,
10050944,640476,2342205,1166022,168349820,ransom,
11109674,796313,2291319,1071640,178699958,ransom,
6649981,301150,2608825,1724694,124111320,ransom,
8747739,394437,2514688,1502061,162127519,ransom,
9522305,504243,2234758,1157078,167058759,ransom,
8542597,488243,2264657,1189562,148215597,ransom,
9679829,700354,2795778,1225157,153948038,ransom,
9889779,674304,2419274,1225627,151014569,ransom,
8748371,642714,3067139,1864277,120986354,ransom,
8281357,582888,2856407,1560316,137713840,ransom,
9748081,637742,2311435,1157977,161197280,ransom,
10429847,541158,2006980,837231,180702048,ransom,
10092399,498158,2186787,1102568,184004367,ransom,
8068554,308052,1757983,965115,161117978,ransom,
10532122,746196,2466113,1110469,172434292,ransom,
9733918,679976,2823239,1676736,154854808,ransom,
8673675,381390,2941432,1741083,151754092,ransom,
8789373,558655,2996126,1798523,132811301,ransom,
8655971,615465,3285788,1988085,117679056,ransom,
8123885,573008,3451834,2070498,110810534,ransom,
9174217,601376,2314944,1122697,139797301,ransom,
7226065,365074,2660181,1680824,126959740,ransom,
9733604,716866,2451878,1416803,151579506,ransom,
10724636,857555,2822187,1407692,153366724,ransom,
11088254,827008,2891531,1439097,150874849,ransom,
9171315,458436,2186904,966943,161115882,ransom,
7927387,364898,2494900,1615201,146946101,ransom,
9590003,499196,2332941,1272629,169905589,ransom,
10286543,727191,2219148,867216,170476807,ransom,
10184447,642018,2124137,1161511,169432382,ransom,
8785157,447936,2855849,1597837,150236925,ransom,
10691317,728042,2792674,1357534,159652896,ransom,
13957201,1073152,3773227,1677720,128193163,ransom,
13272326,1019711,2428552,1269425,120687376,ransom,
16998756,1510546,2711884,1132610,141117120,ransom,
17402524,1548125,2013801,800013,82789077,ransom,
17936926,1558386,1905014,538105,97732581,ransom,
13424545,1059491,2577790,1453723,144296998,ransom,
13041682,1255379,2929513,1553162,143489085,ransom,
14711986,1524399,2360885,1582793,120399701,ransom,
9261181,771427,1984560,1104329,81878774,ransom,
14301037,1286983,2765464,1265166,176159518,ransom,
14376626,1163854,2230800,717011,192421161,ransom,
13213297,1068733,2363234,1225222,169774088,ransom,
12272453,911278,2359168,940527,163784717,ransom,
13382002,1003130,2449110,1452666,163893702,ransom,
12850218,1000553,2678658,1434663,157180402,ransom,
13648525,1150910,2653145,930697,175435950,ransom,
6099197,759883,1924667,856125,30903054,ransom,
6002592,648662,2269917,1127392,50358720,ransom,
7568439,740647,1854554,676360,82724670,ransom,
5039576,430391,1871362,785603,53702588,ransom,
1613079,112535,674695,432355,29051737,ransom,
8650386,518941,1860843,944973,158152285,ransom,
7907655,665805,1846421,763551,111039341,ransom,
5366870,424293,2392272,1384039,61520864,ransom,
6717488,322184,2661331,1861161,110470651,ransom,
10770171,782076,3030855,1675645,145524901,ransom,
13051838,917429,2470127,1158336,160191079,ransom,
10052860,443934,2352719,1201411,163510495,ransom,
12340797,936066,1847160,979301,141220877,ransom,
7507695,829973,1318906,692321,39632194,ransom,
14033061,1710583,2267924,587501,69216231,ransom,
12727554,1551619,2279399,801103,65729073,ransom,
14147817,1697868,2397991,676536,70857221,ransom,
8590248,966718,1261430,399011,45319036,ransom,
6376804,446698,491072,159582,27150703,ransom,
856358,91738,328163,201324,3407471,ransom,
2763842,221252,697122,492323,16759465,ransom,
6817057,704200,1575721,540153,50556116,ransom,
5107191,617314,1370069,365054,29945545,ransom,
4529506,220645,986879,603765,86263736,ransom,
3758935,239318,1139641,709078,53367603,ransom,
6744201,479810,2263907,1437976,112414120,ransom,
9686440,499869,2127385,981447,176860110,ransom,
9252394,503201,1908439,1272137,167979681,ransom,
8986597,344452,1796411,755548,172434174,ransom,
8923381,548395,2654601,1610805,148009147,ransom,
9268378,561757,2555784,1437703,148501773,ransom,
9479026,607860,2911578,1577040,139006110,ransom,
11857254,1055663,2735445,1367882,128684838,ransom,
11387937,798642,2694145,1041301,137927782,ransom,
12683560,983477,2276777,732130,143957863,ransom,
16247506,1361569,2439579,926011,151203384,ransom,
11353409,962081,2900154,1285325,120437602,ransom,
11800607,960488,3296255,1419974,145227353,ransom,
12017040,909957,2627328,1333496,156720071,ransom,
11587982,812928,2900079,1468138,151362619,ransom,
13978801,1211354,3971122,1959158,123599833,ransom,
15784152,1411457,2494431,915295,161961343,ransom,
12857164,1132703,2208895,656594,147062275,ransom,
12255663,1110360,3319822,1979437,110939674,ransom,
14965821,1125983,1946291,834683,174394868,ransom,
15096360,1052598,1662387,586071,189457214,ransom,
14813221,1172492,2333570,1070545,173383691,ransom,
11642834,852606,2023530,931061,148111735,ransom,
14238996,1029733,2027516,793689,171040929,ransom,
18993809,1797932,3224374,726585,176345528,ransom,
15619039,1430949,3260254,1575735,132344113,ransom,
17647171,1510782,3384537,1367397,149674099,ransom,
16294847,1476998,2809816,1160821,156149771,ransom,
13470520,1095122,2718207,889793,160442740,ransom,
14320581,1185214,2514279,718102,157460910,ransom,
14303276,1094243,2880913,1400922,159453512,ransom,
16397946,1344987,2667088,1190597,162696292,ransom,
17199691,1300674,3196190,1521356,139992141,ransom,
15189207,1300026,3268373,1597929,109393447,ransom,
18556103,1921472,2549621,676185,98821986,ransom,
13791447,1120250,1886512,1110446,170482332,ransom,
12262337,887466,2326928,1279327,170862075,ransom,
10055604,804087,2590098,1374350,150322429,ransom,
9680804,601292,2801810,1669535,155876078,ransom,
11630283,892624,2600788,1256424,163043136,ransom,
11771722,783201,2329206,1114837,176558073,ransom,
13468101,1180973,2727990,1263124,169969325,ransom,
15053121,1303327,2857084,1584688,158442796,ransom,
14455598,1022783,2423757,949159,175492588,ransom,
13614390,1122069,2727542,1375226,156673409,ransom,
11491010,832159,2446997,1202148,159081893,ransom,
9469903,669580,3330883,1630483,139244550,ransom,
10518381,633087,2336894,1183402,175048934,ransom,
10156599,713469,2628995,1549774,146043121,ransom,
13210977,998102,2831965,1402847,176896309,ransom,
11207911,967923,3312804,1955419,116161418,ransom,
11398895,911043,3400699,1634391,140917687,ransom,
8391271,562444,2165540,1366427,131894675,ransom,
8437434,470466,2652601,1429254,144220147,ransom,
9588091,693944,2073346,1325008,153956261,ransom,
12281895,951193,2678635,853229,170540179,ransom,
10898430,708604,2152311,893312,175522371,ransom,
8486607,416349,2704993,1689860,142344365,ransom,
5026034,409412,2493743,1627153,63023689,ransom,
7522005,504958,2487380,1708611,132803878,ransom,
10942453,731139,2280634,850887,178142673,ransom,
10503800,639306,2467305,1114411,174251382,ransom,
9837970,644766,2505648,1311939,166910516,ransom,
10531350,703540,2565608,1217685,168657283,ransom,
9441975,544495,2581637,1286495,151214296,ransom,
7674535,650755,2254177,1423681,91124602,ransom,
10365864,972973,2552429,922801,102314417,ransom,
8221751,667735,2136906,936260,110770689,ransom,
8743884,511800,2517370,1439002,145815982,ransom,
7703599,302121,2031485,1380680,156929005,ransom,
9140972,648551,2837288,1533943,142997120,ransom,
9798190,581830,2579179,1212342,164947040,ransom,
7990294,462797,2006351,899966,128768320,ransom,
9245607,637354,2546230,1374674,152912961,ransom,
10506417,813429,2704331,1175296,158528390,ransom,
7182560,575204,2440559,1264643,88083684,ransom,
7628910,633618,2403484,1362049,95539970,ransom,
12366205,1013274,2350304,954263,146794447,ransom,
7225635,746761,2362385,942319,58357902,ransom,
9014942,808751,2038531,870188,115563142,ransom,
12970649,1298840,3064043,1496688,127744954,ransom,
25992982,3616267,3634498,1437241,143896725,ransom,
23133136,3438315,2624656,957324,147003500,ransom,
28420811,5063755,2783017,1199383,165463405,ransom,
21036753,2895734,2969396,1337616,163130995,ransom,
22224356,3067352,2310778,986051,181985489,ransom,
16196629,2255436,2632910,1515441,147115918,ransom,
13056559,1216558,2334829,1457111,158516962,ransom,
9238673,392087,1165695,592527,180677159,ransom,
12281457,901942,1705149,1146903,168629072,ransom,
14855695,1156150,2037120,1396239,165490271,ransom,
12212622,987110,1983211,1246188,166497474,ransom,
18951979,1727605,1902866,1164705,176603052,ransom,
19687756,1844853,2489074,1272889,158691856,ransom,
18082043,1947837,2511232,1375123,129785816,ransom,
8418097,688749,2529184,1289710,126091493,ransom,
9967018,614635,1964563,851762,171230821,ransom,
7187053,422436,2534509,1516922,119925748,ransom,
5639402,265377,2750591,2128130,105836678,ransom,
10533926,658158,1747870,634215,186044859,ransom,
9600594,465268,1582283,926954,173142057,ransom,
12823587,921497,2316823,1125142,167163262,ransom,
8571372,492007,3051784,1764469,127129099,ransom,
8410094,489518,3313173,1905189,129747343,ransom,
16153551,1048774,2789124,1444244,169407030,ransom,
14516894,1169115,2750191,1106752,167091539,ransom,
16082862,1178441,2244394,848639,175981977,ransom,
11389757,661753,2673414,1197570,175422513,ransom,
9815721,571026,1744977,909327,173875511,ransom,
9737579,662681,2410842,1122519,158323526,ransom,
9980083,574993,2801524,1539709,162064871,ransom,
13352712,1076723,1924162,1139453,131172668,ransom,
9403629,848415,1963246,1021787,93206715,ransom,
9335270,1110541,2015679,742287,57474225,ransom,
10404982,839947,2616042,1258322,124732852,ransom,
9644644,1137596,2288450,858538,66361424,ransom,
9202002,1143980,2033011,697831,46135610,ransom,
9193843,706095,2805472,1723346,119506604,ransom,
11184466,847133,2194330,1016923,167507432,ransom,
9541470,731178,2372771,1041462,140103759,ransom,
12708719,938979,2287251,1041406,180487810,ransom,
11867470,779329,1961813,1151228,170947406,ransom,
11851696,980051,2654214,1521293,139491007,ransom,
7890275,883389,2254759,949113,37984656,ransom,
9257957,936383,2778707,1311914,75360683,ransom,
9839109,645380,2108474,905599,164638032,ransom,
9483828,575318,2412656,1216894,155170246,ransom,
9411191,827337,1885844,1079157,87577088,ransom,
9641311,777372,2524114,1218557,120987940,ransom,
8053800,740104,2377005,1335304,106574016,ransom,
6527860,281610,2461746,1575649,123317480,ransom,
11177208,798727,2481590,1291512,157359122,ransom,
14020585,1242861,3393388,1405240,170452308,ransom,
13601870,951276,2327125,1223440,173246477,ransom,
11445962,922075,3225988,1814653,133241587,ransom,
9969299,756050,2265585,1309136,141667967,ransom,
11882591,803741,2406685,1065960,174064422,ransom,
10132740,683972,2057871,951807,159191066,ransom,
9416855,465754,2358186,1084710,162250451,ransom,
8040022,448135,2383461,1328569,130140784,ransom,
6039466,540560,2874776,1528287,64838606,ransom,
5736173,684137,1616327,547563,41529976,ransom,
6071221,348808,2638334,1796931,110413832,ransom,
6023804,282909,2611812,1939263,111724305,ransom,
9671852,768432,2327566,1044982,151026345,ransom,
9363656,466010,2050132,981999,175271666,ransom,
9970028,567213,1706163,799387,172325050,ransom,
9252524,653118,2841926,1835714,145916901,ransom,
8848419,656334,2105978,1020121,121014968,ransom,
11995743,858262,2262478,976090,173596829,ransom,
9060878,450098,2715249,1473889,156543284,ransom,
8642874,426663,2522996,1559107,155854174,ransom,
9246177,477334,1940083,1025042,165470503,ransom,
9421469,518972,2302590,1173038,172137068,ransom,
8661346,537757,3172035,1685573,136006557,ransom,
9327822,586537,2477278,1356724,152856238,ransom,
10087724,761427,2943243,1277677,154863740,ransom,
8682282,667501,3016024,1685376,111825751,ransom,
8977029,601543,3119651,1887683,133856225,ransom,
10005299,758001,2905278,1285496,143459434,ransom,
10307823,767374,2360418,1309819,135064540,ransom,
9850721,695672,2838989,1593523,140752287,ransom,
9512366,738007,2848482,1311676,154380770,ransom,
7229983,542615,2463967,1816446,113019745,ransom,
7238803,400327,2703111,1437502,117542460,ransom,
10405971,749399,2910890,1511026,137113778,ransom,
9318612,519347,2498939,1194057,158695348,ransom,
10187376,904889,3079495,1071042,142721991,ransom,
10973926,760557,2566840,1081750,162524186,ransom,
9353729,491691,2311673,1227073,161729000,ransom,
9771703,660397,2046226,970473,161765623,ransom,
11959763,1027845,1904519,945104,170064950,ransom,
9457327,549891,3166776,1447121,132841131,ransom,
8933064,414042,2376637,1392658,157590380,ransom,
8865842,571538,2479900,1404272,148835496,ransom,
9555977,607400,2939279,1425156,161219633,ransom,
10924376,679614,2037449,993114,179305782,ransom,
6338859,706105,2120170,785755,46594100,ransom,
6597776,764395,2122783,1020246,45334810,ransom,
10139034,817937,2559302,1112533,157479748,ransom,
10201881,683995,2491292,1292591,162860935,ransom,
7864412,388479,2418673,1470740,141010214,ransom,
9335567,515766,2455266,1309161,160068596,ransom,
9305966,644560,2706175,1582538,140331238,ransom,
10852657,950102,2336042,1171082,123677132,ransom,
8509418,716915,2168901,788750,98135963,ransom,
6425230,726794,1826924,601977,45146213,ransom,
6425486,766303,1955837,569227,49064825,ransom,
8666197,705837,2170015,1040712,115302028,ransom,
8000758,371209,2176234,1328232,156285941,ransom,
10584031,869534,2770477,1170887,162314902,ransom,
9777460,665723,2313152,1377220,160078115,ransom,
8385207,380267,2206999,1095004,158513169,ransom,
8490928,366337,2383266,1589633,157283978,ransom,
8418664,376396,1948548,1177871,158432315,ransom,
9800925,760103,2312064,1380629,154823570,ransom,
11690848,775116,2388495,1019235,170706131,ransom,
10106084,611979,2495311,1380885,164588020,ransom,
8209438,367402,1922358,1060666,158666502,ransom,
9055763,426046,2439112,1274906,164530883,ransom,
12219473,722896,2739915,1250921,161613093,ransom,
13344665,892569,2197761,1443060,155713328,ransom,
15478325,1109083,2915688,1450171,158371063,ransom,
15145444,1048112,1955376,1067819,185302517,ransom,
15908025,1205451,2148255,1339948,182050391,ransom,
14400969,1043674,2943676,1358457,159674291,ransom,
8814371,388855,2063281,1267749,161079424,ransom,
9589023,714004,2833009,1812130,140925444,ransom,
12271451,776253,2288565,1100898,168272410,ransom,
11795199,732779,1819528,1127451,171958921,ransom,
12292100,748103,2266663,1192704,173788882,ransom,
10469324,737126,1939091,824572,176572679,ransom,
7635564,660783,2208357,1048566,81889551,ransom,
20341093,2746209,3344520,1533467,110074037,ransom,
27417602,3870016,3895043,1526664,147551571,ransom,
19871511,2638121,3167895,1650669,139454698,ransom,
13065074,1343911,2133544,1235641,160146584,ransom,
20219331,2961652,2201463,950900,163729581,ransom,
22737859,3219389,2620484,1064165,181694481,ransom,
22911883,2753665,2568809,1023335,191624704,ransom,
18669717,2322484,2283770,1118312,178853783,ransom,
16531887,1978935,2361371,1385800,155900899,ransom,
14580181,1536406,2970646,1636411,144224623,ransom,
11529202,1167900,2067415,1163822,157255947,ransom,
10809752,935908,1457973,966907,177783304,ransom,
11183788,743129,1908530,1174613,173656902,ransom,
9728155,584188,2148824,1129314,157417674,ransom,
9001970,331406,1415479,920972,180741865,ransom,
9380446,521911,2010390,1498652,142661654,ransom,
18234036,1757973,2466401,1540540,125847241,ransom,
24353049,2210601,2156479,1166390,148007921,ransom,
19212115,1736320,863248,378982,101346140,ransom,
8563890,702872,2053663,824123,106032945,ransom,
8006342,641603,2322228,1300128,103814860,ransom,
10551413,1220607,1973586,903650,60745941,ransom,
9902441,1056647,2918694,1553762,84864788,ransom,
12181073,1364882,2637555,1234157,77467651,ransom,
13490020,1625462,2257177,660685,70778195,ransom,
10844006,1158269,3135079,1665519,76348024,ransom,
4889538,518065,2019866,1165056,39625190,ransom,
11009933,1265310,2273992,889646,58465463,ransom,
3636022,462759,1350931,512548,19400943,ransom,
6017476,778956,1608723,382571,29241365,ransom,
2916163,302085,1638233,931717,15685520,ransom,
2250897,163514,1671152,1080302,12109415,ransom,
10025993,1191018,2331841,608788,47316355,ransom,
12289954,1001615,1595152,604008,55655232,ransom,
10867211,1125760,457910,165503,49134806,ransom,
6507158,727853,874688,343477,32257518,ransom,
0,0,0,0,0,ransom,
