c4,c5,ff24,aa24,INST_RETIRED,type,
3203062,454167,1157507,325929,16182752,ransom,
3489131,467130,975117,330156,18355935,ransom,
3552812,408675,1206355,421822,18315442,ransom,
3879882,552667,1168373,358067,20796278,ransom,
4584649,616335,1196002,471410,21464813,ransom,
1702326,178333,960538,391398,11299395,ransom,
5414948,646373,1375554,778342,27270394,ransom,
5836526,691711,1236427,310837,32282638,ransom,
2696339,314158,920273,361218,14402060,ransom,
1878274,215509,799897,419397,8631548,ransom,
205146,23831,108952,67197,3182558,ransom,
2898669,405501,871436,371244,14181923,ransom,
4142737,558866,1114543,325622,21096403,ransom,
3023635,356475,1033164,436303,15967509,ransom,
2503654,315350,1053775,562934,14833809,ransom,
6442842,742001,1556653,541484,32643749,ransom,
5296782,596143,1257265,503844,30801376,ransom,
982998,115842,487566,237946,4380181,ransom,
3837967,464170,1467242,766979,18305511,ransom,
5124079,665318,1374115,543038,23208667,ransom,
2728352,269282,1294351,633382,16479090,ransom,
2817666,387449,858987,356798,14237940,ransom,
4346532,513580,1891048,877361,21606964,ransom,
5651642,684966,1681435,991398,27684940,ransom,
4777736,453617,1242383,567476,29204940,ransom,
3831233,561333,1144698,216758,20569376,ransom,
4305729,527973,1184393,514370,22597379,ransom,
1876959,134139,1200399,890103,8614683,ransom,
4646438,542349,1954456,977605,21729290,ransom,
5558194,712024,1555634,540824,27862360,ransom,
2560331,286808,1234904,477169,13025979,ransom,
3126050,432340,1116431,423877,16507297,ransom,
6428788,770743,2307926,1207024,27655707,ransom,
7715734,703823,2335255,1206576,45308138,ransom,
2498355,271208,907086,538124,12412858,ransom,
3594578,502468,1324933,344313,17683085,ransom,
5382098,593452,1502363,484133,26516671,ransom,
1987680,224572,962233,544560,10052723,ransom,
4289290,504706,1673388,919481,20119770,ransom,
4409462,590528,1032327,327091,20391045,ransom,
3542908,344358,1681082,832370,19737267,ransom,
6930434,732999,1471338,597397,41253914,ransom,
5622360,735697,1534813,476390,27245179,ransom,
1602685,181258,837138,362901,9724107,ransom,
1638676,201601,666490,322875,8535856,ransom,
4112367,571263,1494535,361240,21057893,ransom,
4520477,545738,1062237,345060,22769216,ransom,
3181212,324727,814975,378459,14581214,ransom,
5193389,707911,1815255,571306,26633711,ransom,
8512827,893057,1928388,876269,47682695,ransom,
1481419,153735,529603,283198,7410295,ransom,
2941156,409573,938205,365625,17271522,ransom,
5119662,696200,1498905,494051,23340117,ransom,
2815079,317596,1147461,433919,17580906,ransom,
1833604,239380,679100,330773,11382913,ransom,
6241478,875848,1629554,485522,28660463,ransom,
12241818,1594764,2470035,1034856,70427646,ransom,
20269367,3030448,2545986,1189347,108633272,ransom,
27789679,4843384,2906533,1233904,150888205,ransom,
23767965,3524549,2743456,1099144,128113467,ransom,
21809977,3521876,2888817,1075683,117731664,ransom,
24358015,3795642,2668485,1006291,135700470,ransom,
13803187,2106814,1540859,588310,74273462,ransom,
5791894,815194,1451821,629093,32927670,ransom,
20235879,2118258,2211443,1232279,109092995,ransom,
17018075,1882812,1987224,907623,90233560,ransom,
20712773,2328573,2076126,918261,110585138,ransom,
3099578,246012,1072038,391628,19122954,ransom,
6177622,809510,2109644,698389,31296658,ransom,
5562839,714115,1487117,622001,28010608,ransom,
6752486,886788,1830941,519531,33711022,ransom,
4806142,634903,1667025,577089,26378473,ransom,
4604276,574446,1211281,347307,23132649,ransom,
6297088,820371,2075287,701329,31316204,ransom,
7018640,828809,2152955,1153153,34295785,ransom,
7919884,930916,2196157,669067,44176863,ransom,
3872683,472529,1117597,459236,19947538,ransom,
400466,32540,231976,197611,1822522,ransom,
2099860,212730,970819,624161,11212843,ransom,
2371249,315779,658645,381020,11136591,ransom,
5629931,757903,1433427,402664,27240846,ransom,
2120396,226494,932894,364430,12579472,ransom,
1180259,93721,861663,597276,8149359,ransom,
6378513,817770,1837295,950478,28672027,ransom,
5503532,614454,1486567,580207,33396260,ransom,
5283103,676413,1664311,638551,26160768,ransom,
5234812,694078,1287934,382797,25756974,ransom,
1758815,191795,872522,331822,10923687,ransom,
4575620,542453,1878056,899349,20543516,ransom,
4486198,594491,1309410,513914,22463007,ransom,
2192665,235070,1017358,429705,11629272,ransom,
3923324,517580,1381575,543729,19962169,ransom,
5761379,689848,1550892,605194,28466321,ransom,
5033235,480868,1336371,665050,30117436,ransom,
1848756,240673,653284,285884,9652265,ransom,
5550472,775621,1286182,281357,26104728,ransom,
2837374,307973,1368423,561196,17062944,ransom,
124979,16935,72832,46362,665644,ransom,
5256451,704398,1756823,572447,25042415,ransom,
4390387,561445,1155431,387334,22100943,ransom,
1883533,206957,936694,532863,10717095,ransom,
6481510,728207,1469932,640844,34776381,ransom,
4921922,648041,999962,212647,25353670,ransom,
2965955,318776,1370544,536981,15511708,ransom,
726948,88225,364095,186992,4147296,ransom,
452200,51694,206717,123963,2972739,ransom,
2861438,379434,878648,336202,13504943,ransom,
3684398,514285,885599,175802,18463447,ransom,
3581202,411833,1533736,663835,20548032,ransom,
4422085,424054,1151284,683509,23213760,ransom,
5111434,635178,1286517,300262,28473456,ransom,
3988883,498525,1020810,381679,21185318,ransom,
1490464,177571,722563,346071,8516333,ransom,
4852536,636416,1577352,552986,23929294,ransom,
3957626,522763,872619,247187,20452527,ransom,
1796821,196072,852537,371653,9556021,ransom,
3059543,413872,1021493,455572,16819514,ransom,
4476822,599324,1524827,567885,20732979,ransom,
6399240,677951,1385780,528417,36702441,ransom,
3515686,423150,1403386,667845,20600189,ransom,
4137874,580044,1211623,231802,19692766,ransom,
4535958,552387,1397447,569409,23742542,ransom,
146698,22250,113371,73130,803361,ransom,
4666514,621876,1467811,480937,23158501,ransom,
4117280,521337,970127,214642,20587215,ransom,
1109490,129500,494129,236305,6205613,ransom,
3272181,347471,1337284,806555,16959706,ransom,
3075166,218978,371529,164604,21623871,ransom,
3703188,490948,1188702,456034,18364435,ransom,
3398034,458515,924886,251171,17840402,ransom,
3066727,370279,1011309,364119,17319999,ransom,
3728236,500035,1226162,555294,17942632,ransom,
4129502,582517,885903,194919,20455805,ransom,
3521179,297156,1749769,1018529,16917207,ransom,
499122,59469,422651,232950,3908033,ransom,
2891264,265480,687289,509867,14753212,ransom,
5161673,562685,1205686,473638,31334488,ransom,
3667297,511887,862672,173217,17561163,ransom,
3483908,359255,1442318,721250,19025425,ransom,
2179840,265905,763398,368078,10861757,ransom,
2946747,434025,1080034,227849,15061470,ransom,
4763161,550264,1352581,599442,23197332,ransom,
1276162,151081,662076,302347,7140850,ransom,
4001017,536344,1266897,458010,20633316,ransom,
4875475,620055,1431770,594955,24369562,ransom,
5408340,507111,1451412,513974,32600678,ransom,
4608818,614533,1586752,679589,22934644,ransom,
4736333,616118,1165528,289766,24650714,ransom,
1534159,176477,633622,360858,8894743,ransom,
1981331,222793,890814,445080,11126084,ransom,
3779638,548140,1035413,159289,18029025,ransom,
4088388,498651,1086889,419488,20655145,ransom,
1324964,157662,887485,424198,9433395,ransom,
5391767,714464,1437287,735502,26575091,ransom,
5168368,583060,1477789,427807,30777967,ransom,
3751448,469752,1040300,400218,21145151,ransom,
3867085,512768,1251897,522306,18573238,ransom,
4463897,616146,974225,244478,23181388,ransom,
1959800,207977,959367,381792,11051868,ransom,
2468782,279117,1043132,538100,13437513,ransom,
4399621,613895,1217592,229045,21024118,ransom,
5773731,696872,1822196,869681,28957352,ransom,
5590359,719619,1372335,403901,29855949,ransom,
4721767,574684,1170710,343895,25872676,ransom,
2702972,283000,1206647,723205,13258379,ransom,
4920856,700056,1170987,233926,23359484,ransom,
4179033,452223,1671760,854397,22263917,ransom,
181989,21617,105848,64552,1999260,ransom,
4845475,658175,1545432,405221,23878337,ransom,
4891758,586631,1396736,590122,25088156,ransom,
2026789,226690,853955,525527,11880184,ransom,
6986416,828922,1686715,788240,38190658,ransom,
5430772,717974,1396703,488219,26983438,ransom,
2212418,238170,913624,403131,12631342,ransom,
3285539,390352,1225606,723737,15650495,ransom,
4979546,692462,1176416,249547,23796985,ransom,
3586204,347533,1653138,903785,17376004,ransom,
299889,39219,162587,110258,2649010,ransom,
3751621,517549,1099479,316643,19257766,ransom,
6416555,841730,1645801,842115,29263073,ransom,
4723925,398698,1328455,512702,30360839,ransom,
2086700,254122,756806,454934,9447959,ransom,
523561,37960,346271,264124,4345520,ransom,
3015581,410672,874464,295401,15679291,ransom,
2660188,356512,1487267,558687,12022092,ransom,
2934326,409559,787207,205637,15273443,ransom,
2973967,316564,1407015,571068,14677431,ransom,
1025209,93434,567212,255363,5623305,ransom,
9203211,1012171,2062361,678923,49695111,ransom,
5589056,664964,1581886,620763,28906948,ransom,
862210,102457,366812,187346,4500257,ransom,
4065141,428929,1455158,655242,19512301,ransom,
3729884,481448,1489061,346331,17946320,ransom,
4014699,506467,1113026,452573,22701425,ransom,
2405154,286447,853741,431007,11697992,ransom,
3661793,520652,1324108,295341,19441311,ransom,
6688155,739625,1564884,783544,34240451,ransom,
2454913,205963,635923,265856,15908251,ransom,
3789455,523202,1173537,354374,19104729,ransom,
5002807,631586,1255785,442595,23583212,ransom,
1858759,209477,907352,417458,10769205,ransom,
3100072,422093,965059,362287,15567701,ransom,
4243602,566022,1117254,290010,20081564,ransom,
2673261,298026,976286,364508,15164153,ransom,
2789020,316505,1073498,674443,12858801,ransom,
3102076,234641,420145,193980,22629904,ransom,
2425770,339583,673972,250469,11952185,ransom,
3891400,503223,1279751,370559,19885681,ransom,
3270245,408027,936722,330744,17068328,ransom,
2153902,239443,900510,460945,10371263,ransom,
4058474,579195,1218049,270103,18984532,ransom,
3709514,458940,897261,297939,20881055,ransom,
1712220,207082,763372,386750,8115996,ransom,
5127737,641389,1580723,753888,24831860,ransom,
7426291,824578,1503508,514459,42491323,ransom,
2136877,230094,932590,332265,12830424,ransom,
2953473,404185,905104,371655,15925361,ransom,
4550051,610144,1292730,416652,20951277,ransom,
2777522,314858,965191,351068,15916757,ransom,
2810484,358710,1012790,520505,13493469,ransom,
3620532,511407,1258889,271687,17952040,ransom,
3836249,420531,1384568,736631,19542157,ransom,
5031867,488059,1988347,1416959,23393902,ransom,
7221622,785137,2172809,837998,40059781,ransom,
4826505,592887,1333039,527975,23947996,ransom,
515050,60925,286637,133106,3652764,ransom,
3413279,429591,1293848,662890,17564813,ransom,
4911496,659691,1370602,472008,22222327,ransom,
2556522,275590,1100723,409283,15716422,ransom,
2187030,274374,822017,453990,10387837,ransom,
5270683,605851,1937239,878606,26770633,ransom,
6792796,700631,1269165,373263,40917720,ransom,
2707750,247724,1533457,1020340,13120844,ransom,
3746583,533958,1154668,325248,18739207,ransom,
4745241,607095,1217325,415372,24955755,ransom,
1577528,182350,784497,320300,8733094,ransom,
2850849,397357,980680,355162,14456097,ransom,
4142900,553072,1218737,356234,19314543,ransom,
3002321,359254,1090107,418147,18336580,ransom,
4357789,443576,1226471,755891,20893618,ransom,
6123156,763984,1741472,502287,34501627,ransom,
4224019,536056,1040713,356730,24798626,ransom,
1695116,201837,753975,387302,7965408,ransom,
5005475,699136,1463903,353190,24698352,ransom,
4218033,513927,1149140,471401,21512296,ransom,
645270,69515,288115,137557,2705153,ransom,
883020,106981,452890,235588,7281057,ransom,
1112828,108435,687577,411768,5813360,ransom,
6727163,775362,1611518,613873,34648496,ransom,
5768376,647631,1224242,355733,33098047,ransom,
1909442,221175,807537,415346,8754325,ransom,
3076324,424362,959163,373960,16591048,ransom,
4441961,593322,1171026,357341,21609165,ransom,
2828314,314471,1044437,409887,15794238,ransom,
1950499,251179,695743,359322,10725930,ransom,
3923592,533246,1297028,298778,18796496,ransom,
4496942,513853,1161634,575013,23121829,ransom,
4988954,469109,1302261,614698,29838281,ransom,
2939711,416620,1113234,375680,15572417,ransom,
2926256,383911,1185034,304110,15300769,ransom,
4539708,545897,1326446,538082,22155141,ransom,
3159602,441397,968909,325729,16469942,ransom,
4969036,661727,1146389,356420,23004991,ransom,
1790427,186461,906946,341709,10456768,ransom,
635575,76391,482211,273121,4577292,ransom,
3971567,366780,867669,533849,20574935,ransom,
3811562,444317,848917,283081,22213693,ransom,
3010682,411715,1325012,365705,14789660,ransom,
3502688,428535,782196,275885,18042342,ransom,
2023521,247867,875024,443826,12644907,ransom,
4629970,621161,1509749,414356,22057161,ransom,
4184284,481331,1288554,673726,21238933,ransom,
1805554,213361,871613,505309,8428906,ransom,
4043585,542387,1314598,479058,19520381,ransom,
5041016,632916,1319810,590488,25493886,ransom,
5264092,486041,1593877,735383,30874594,ransom,
3956271,481152,1172303,476310,22679344,ransom,
4899728,651968,1163519,361810,22684542,ransom,
2375641,255076,1142491,476452,14091498,ransom,
1462352,167978,672716,356239,7752157,ransom,
4641442,599300,1737191,680562,21685848,ransom,
3988764,500350,999871,309828,21273548,ransom,
1977360,204103,917004,563000,9198377,ransom,
4682508,614380,1655290,811770,23615146,ransom,
6826472,767728,1203849,373666,39474822,ransom,
3508859,369264,1627193,772935,17161182,ransom,
3353731,459715,1097670,465253,17654124,ransom,
4886924,668255,1155008,368773,22558859,ransom,
2433168,249607,1128184,457217,14089152,ransom,
1779861,215942,684484,350148,9210938,ransom,
4658307,619709,1627086,489871,23284238,ransom,
3772853,468754,1086795,430005,21057591,ransom,
3547676,381598,1032387,677222,17105683,ransom,
5986894,686683,1496612,472218,35097928,ransom,
3981655,523871,943831,246096,19507619,ransom,
2321658,261241,1076206,489867,12731209,ransom,
3052712,423579,947170,336607,15394749,ransom,
6977269,798703,1262107,355758,33650988,ransom,
5854210,490010,1367461,443926,31786930,ransom,
5084129,370674,584094,155030,26521850,ransom,
4889407,365587,1026110,445609,25291492,ransom,
11939382,1115372,1958692,694723,64265327,ransom,
10144917,1006472,1810455,471828,52531476,ransom,
6639430,493390,1051428,322769,34027488,ransom,
1163426,120010,429756,241075,6933225,ransom,
5011811,689586,1460289,359942,23318562,ransom,
3654825,451802,874560,334747,19889989,ransom,
532907,64126,299217,170357,3483503,ransom,
1201000,136136,462713,223629,6629556,ransom,
3625599,419967,1032136,625144,18100727,ransom,
7917867,886172,1869734,518188,44361480,ransom,
3097169,372704,1047656,395195,16572675,ransom,
587135,73211,253642,159697,3990421,ransom,
4769335,636973,1516602,459637,22862660,ransom,
3946142,492489,875867,269598,20086123,ransom,
1767118,205026,730747,391410,8457381,ransom,
700636,84530,329363,183073,4028697,ransom,
317064,31925,379230,229039,2588844,ransom,
4189534,414935,924984,614078,21651937,ransom,
2847625,288868,454065,180178,19073029,ransom,
4499166,586344,1469594,396561,20474055,ransom,
3907090,482636,1020275,387052,21307153,ransom,
366776,48179,197602,123116,2279686,ransom,
4397716,593403,1463974,479716,23412028,ransom,
3740743,514193,780413,214308,17919070,ransom,
2547535,274291,1176917,466324,13181603,ransom,
3046873,397605,1118419,566680,15602620,ransom,
6316485,680898,1368612,365805,35694108,ransom,
4632095,532625,1254912,518876,25429843,ransom,
2172409,281313,836278,402301,11573544,ransom,
4617567,612615,1476103,406314,22601290,ransom,
4116608,500629,1097523,446870,21367313,ransom,
570364,71912,342219,216054,3984531,ransom,
4972274,660103,1554737,477418,24241718,ransom,
3584787,400201,1125378,497920,18168936,ransom,
4595919,461226,1369974,782286,24466154,ransom,
5021832,374104,1662699,1060357,28564418,ransom,
2505674,168703,1440332,783198,12032131,ransom,
5152320,628541,1334840,428064,25320758,ransom,
3590242,470635,1460461,635473,18808152,ransom,
5267959,686292,1567330,393214,25395914,ransom,
4215154,474253,1586489,640460,21036499,ransom,
884698,84221,347264,93910,4653175,ransom,
6440025,791911,2004995,894002,30754973,ransom,
8310717,874440,1461154,436560,46597278,ransom,
1535798,191126,573347,323250,7971316,ransom,
2715275,245542,987875,387501,15116244,ransom,
148329,21041,96980,68260,759484,ransom,
4407514,579465,1316477,405153,20758898,ransom,
3720371,484275,802041,191736,18357221,ransom,
1894076,217660,824224,439155,10484378,ransom,
2691175,367591,1100939,507634,14904979,ransom,
5459662,612683,1615428,554533,27315251,ransom,
5800621,635085,1264704,441460,32695606,ransom,
3312993,450966,1132455,563195,17788249,ransom,
3661273,485614,1100150,212046,17626552,ransom,
4202759,507800,1339162,577985,22147708,ransom,
271389,37426,140057,89749,1615551,ransom,
4622459,622238,1479026,494011,23025533,ransom,
3656772,492817,761446,196906,17844762,ransom,
3263337,352230,1347688,748511,17580226,ransom,
6493104,727756,1563789,642877,36387122,ransom,
2665990,354448,1066403,206203,13706835,ransom,
4006889,483212,1161268,444851,20561759,ransom,
2879532,394022,976410,477795,15893063,ransom,
3588821,480983,1079663,181422,17441450,ransom,
4367220,527879,1307378,565064,21723465,ransom,
228806,28561,144559,85678,3125658,ransom,
3973531,538071,1531710,620549,19588023,ransom,
4051169,544925,1380867,601858,20363203,ransom,
5759488,605685,1116159,363702,34549296,ransom,
5750061,732718,1955615,795016,30164708,ransom,
4213734,569809,911534,198859,20253806,ransom,
2741032,308647,1173198,540544,15206198,ransom,
1528543,187807,604120,302575,8933490,ransom,
4005611,565013,1120130,181239,19073464,ransom,
4665390,560983,1365750,589864,23287767,ransom,
264709,26456,296905,173086,3978689,ransom,
6652817,794784,1879996,866587,32196780,ransom,
6028845,698534,1239312,342191,34235667,ransom,
1889292,205697,854250,350365,10088576,ransom,
3453103,462497,1179507,521494,17096592,ransom,
2198291,313269,1136085,211651,10689859,ransom,
3715787,457516,995291,274347,18303032,ransom,
3262213,389560,1394914,768806,18436170,ransom,
3863482,547697,1077013,192789,18610255,ransom,
5067795,578457,1883743,1013425,26676794,ransom,
3353163,331718,834724,617347,17299710,ransom,
5393056,618983,1355246,444475,30983770,ransom,
4468778,585198,1013730,315657,21314098,ransom,
2125785,228708,973960,415621,11191368,ransom,
1856363,194839,879132,546403,9573608,ransom,
42890,5423,31923,22166,1278019,ransom,
2794502,396818,1011158,342477,13456622,ransom,
3061359,392573,1222404,327753,14428497,ransom,
4691242,574553,1270035,615661,23753320,ransom,
4816910,428038,1120410,568474,30597830,ransom,
25679,3991,23948,16796,218847,ransom,
2899322,400237,929966,319575,16432547,ransom,
4449643,616380,1106296,317972,20524247,ransom,
2592838,270692,1047659,414962,13903331,ransom,
3491925,463398,1143584,497496,16755662,ransom,
2474528,346251,1159455,240758,13726621,ransom,
3376514,424192,760600,242678,17128396,ransom,
5120833,681914,1812007,913607,26074978,ransom,
4830093,575218,1311045,331146,27641109,ransom,
4954530,574115,1303850,569906,27557293,ransom,
544654,68793,310484,160228,2990696,ransom,
3968845,550682,1158329,289190,20381161,ransom,
4610507,569293,1160717,401831,22866054,ransom,
1299526,151997,534167,281378,6520940,ransom,
3636368,464186,1191916,504149,18494428,ransom,
3016175,421377,1028906,245841,15143725,ransom,
4603801,556304,1276022,632978,23370781,ransom,
5334202,534186,1463434,680972,32625086,ransom,
2529349,393611,1032340,210914,11977386,ransom,
4524470,596644,1138781,412310,21822648,ransom,
2740647,309822,1349487,503258,15444602,ransom,
6897263,923943,1534937,483954,36765177,ransom,
7861347,997929,1645595,573713,41402982,ransom,
4123241,556481,1224071,558572,22060571,ransom,
5979275,767018,1595917,742090,30452884,ransom,
4657180,598708,1410092,534384,22172653,ransom,
4981817,528289,935352,298077,29942970,ransom,
2551166,297063,1128626,604627,14885963,ransom,
59891,10087,51262,28155,282658,ransom,
2985273,400382,931466,381506,15162978,ransom,
4335457,607241,1037937,249825,20336037,ransom,
2253301,237635,893854,330326,13131836,ransom,
1895589,211930,820112,418328,9258710,ransom,
3895020,554530,1257966,304018,19185781,ransom,
5620566,743120,1220489,681903,26671142,ransom,
4438015,412303,1265535,522548,29705921,ransom,
3050271,440719,1277817,358318,15281163,ransom,
4331262,575198,1302325,408326,20197790,ransom,
2600295,274142,971644,408053,13865500,ransom,
1058482,122416,447501,244645,5415615,ransom,
694389,78838,316494,180705,4432208,ransom,
3211178,443572,877802,212746,15787973,ransom,
4756117,626882,1104804,400560,23031559,ransom,
1875908,202825,937295,359847,11496507,ransom,
2953421,408230,1008968,447970,14513282,ransom,
3705163,473244,1242733,319019,19816567,ransom,
4526960,537990,1389466,643524,23568992,ransom,
5058167,488006,1243434,636893,28533820,ransom,
3875354,548945,1082456,176452,19202246,ransom,
4164793,520297,1072366,438376,23148877,ransom,
1209459,142828,561337,267719,5574040,ransom,
4469852,622050,1433324,467876,24290382,ransom,
6656074,808851,1972200,695114,32930927,ransom,
2331787,247091,715741,290984,13432969,ransom,
5556939,707034,1857075,701834,28114785,ransom,
8303090,928588,1827198,743305,40720404,ransom,
3460262,316821,875760,402675,21514023,ransom,
2116171,234247,824511,474800,9836257,ransom,
193336,22505,106275,72605,2926221,ransom,
2691001,369680,765737,303716,15232343,ransom,
4842484,655786,1140708,327102,22505516,ransom,
2030228,222452,881887,338349,11416949,ransom,
1712217,191495,662362,342573,8116458,ransom,
3752757,530752,1456204,617003,18800361,ransom,
6737795,772316,1195446,497011,36579565,ransom,
3501164,346255,1401168,582841,20806444,ransom,
3761165,522108,1186868,342315,18755134,ransom,
4787651,616356,1234223,414901,23653912,ransom,
1366842,145645,625212,261456,8148116,ransom,
2775014,387153,919127,411338,15949458,ransom,
4052793,516685,1380561,406497,20606461,ransom,
3553084,437633,1117910,445479,18895833,ransom,
3597670,400845,1326513,797896,18503252,ransom,
6416428,759252,1411361,324775,35718639,ransom,
4064515,494192,1046040,358298,20684327,ransom,
1497714,174951,625781,333105,6977508,ransom,
656721,72308,321840,184100,6085084,ransom,
1803004,204933,660995,355543,8397432,ransom,
3553270,506112,1086483,185958,17992083,ransom,
3329827,419127,780993,255093,16779007,ransom,
2939817,330081,1253076,708276,15850670,ransom,
6827808,802584,1556222,516502,36328517,ransom,
5233905,599632,1268076,409725,27446015,ransom,
1332150,163644,539613,289784,6886260,ransom,
1144468,133681,531178,288593,6981298,ransom,
1079396,115695,424273,239022,5511777,ransom,
3607581,498639,1028465,271505,19150546,ransom,
4320729,552094,1047345,333809,20805897,ransom,
1359899,157053,603537,280119,7223468,ransom,
3439996,446529,1211632,596363,17526512,ransom,
6606921,709530,1699485,565659,35814509,ransom,
3824034,455053,911561,359173,22373309,ransom,
1974895,229399,899145,450409,10467142,ransom,
3923418,546741,1223503,301485,18050514,ransom,
3948366,491446,972109,307219,19619805,ransom,
2117184,250444,954413,515655,11142783,ransom,
886864,101967,390795,186335,4790482,ransom,
2451484,322627,745980,299415,12668225,ransom,
6261317,796466,1900580,657642,29069107,ransom,
6278427,650665,1494458,543139,38197756,ransom,
1606534,170842,617030,292939,7820644,ransom,
4414864,590838,1390469,420800,22400332,ransom,
4754362,582984,1113401,326900,23912997,ransom,
1640427,198346,736344,355178,8588941,ransom,
4677006,547172,1559964,493043,22930776,ransom,
3195682,424359,1387566,468590,16570735,ransom,
4009053,472076,1169243,514166,22232991,ransom,
5414340,551114,1334058,725598,30292743,ransom,
4728733,587028,1498174,449551,24542035,ransom,
4150862,519494,1034090,372815,23618812,ransom,
1536324,179687,711675,397944,6741220,ransom,
4274437,585839,1337950,389257,22400618,ransom,
4052834,509126,974508,256900,20383477,ransom,
1816238,214103,781646,411431,9961927,ransom,
3573767,495585,1179602,489132,17353715,ransom,
5309690,698356,1559465,619449,25084154,ransom,
5519273,518827,1419857,605827,32105444,ransom,
3029719,385474,854099,411042,18434912,ransom,
4236766,547135,1546992,417981,21541506,ransom,
3778318,471657,1076158,405790,19635988,ransom,
1033704,120590,480453,261630,5339495,ransom,
3905180,540330,1202228,343653,21431256,ransom,
4068140,524746,914707,215839,20310049,ransom,
2150480,253902,1048429,487178,11555310,ransom,
3634181,511093,1292360,634712,19387406,ransom,
6277902,750076,1686286,579773,33423240,ransom,
4808332,549916,1210479,467995,26856889,ransom,
1782746,234527,679794,321345,9522088,ransom,
3735805,511927,1424401,358892,17786154,ransom,
3540172,452713,928231,276775,17873962,ransom,
1714097,215971,796313,412221,8405337,ransom,
997876,110754,408981,216192,7442710,ransom,
621476,60039,345131,201775,3000936,ransom,
5083816,661138,1595533,707055,25456812,ransom,
7092827,784117,1194257,446211,42144493,ransom,
2503746,262650,1070060,426579,13351957,ransom,
3906115,523066,1225183,412629,19113864,ransom,
3447713,484263,744830,201472,16452761,ransom,
3001890,320335,1231754,492363,15627112,ransom,
4427851,610735,1411756,444130,23524171,ransom,
4494424,570118,1145396,383108,24478474,ransom,
4927792,672791,1668830,511829,24757143,ransom,
6704986,740154,1510816,719855,34185470,ransom,
2981838,267212,773590,356332,17948851,ransom,
859859,91195,355515,226925,5691442,ransom,
3453574,481476,1210848,345435,16354206,ransom,
4891708,615973,1207691,320693,24941493,ransom,
2959998,394041,1048719,546480,15833248,ransom,
5078190,679501,1394259,341643,24290842,ransom,
2687497,315478,964830,368454,15180337,ransom,
3076999,300257,869134,626046,14225306,ransom,
2973096,254176,700626,313767,19652762,ransom,
1352165,168217,452343,246843,8754800,ransom,
4099948,558580,1391549,340747,18914323,ransom,
3964212,492377,949141,341885,20614449,ransom,
1294269,156396,583388,326755,6378238,ransom,
4208585,568386,1375976,423293,21332679,ransom,
4046559,545152,886319,252740,19629579,ransom,
3842675,413431,1612430,882041,19127330,ransom,
4483163,390630,863518,443551,27519677,ransom,
1127332,126210,467381,270798,6472852,ransom,
4463420,585607,1384606,420785,22404838,ransom,
3946728,499409,966507,261492,21057624,ransom,
1738284,199204,735282,411083,9986059,ransom,
3168907,422512,986254,417079,15589549,ransom,
3482529,458547,1093685,298875,17700297,ransom,
3534710,435558,1333114,540049,19153572,ransom,
4837386,454073,1494201,900531,27165545,ransom,
5480755,654965,1370753,422606,29431050,ransom,
3628297,465279,828382,320647,17426363,ransom,
1873295,207755,878881,398062,10414490,ransom,
4144148,549067,1399679,535055,20676151,ransom,
3258663,444226,818517,231194,15674066,ransom,
3371063,381587,1253308,504748,18317123,ransom,
3516915,460293,1089990,484965,16838750,ransom,
3451012,448367,1689113,725215,17951341,ransom,
6831922,857175,1611700,797069,34154992,ransom,
3966683,364734,1286231,624132,25497396,ransom,
4915083,675846,1577479,480424,23683303,ransom,
4321992,508502,1305365,574016,23721572,ransom,
95509,13131,66864,45221,442259,ransom,
4982541,639341,1776239,668355,25542624,ransom,
4516232,576489,1119913,334134,23904983,ransom,
1786316,215217,790000,434408,9480813,ransom,
3806050,497682,1415160,723087,18882475,ransom,
4792247,610315,1350584,412296,24720884,ransom,
5423654,603517,1216014,418696,29523244,ransom,
1685198,203703,774606,398625,10571429,ransom,
522601,59466,227105,131258,2128427,ransom,
2837040,384399,893147,371047,14502431,ransom,
3238129,430539,947632,183195,15737131,ransom,
4199891,507583,1411964,573145,21751116,ransom,
1233654,138668,570976,279737,7363346,ransom,
3419557,488632,1122814,331809,17652402,ransom,
6229794,749989,1442717,728932,28870627,ransom,
4183283,398154,1208893,426022,29678520,ransom,
3298404,484863,1085649,427935,32105722,ransom,
2914556,409348,1035680,247413,17595560,ransom,
4191890,520117,1165367,480129,21028683,ransom,
1158837,134672,509756,283591,5832838,ransom,
78421,12152,69140,50115,383849,ransom,
955334,96086,344677,211296,4041437,ransom,
2953509,243966,724799,294545,13993255,ransom,
8130871,594858,785680,429275,37449890,ransom,
5861713,596981,681661,272787,30972766,ransom,
4978903,513967,205322,69999,24374570,ransom,
6436703,836383,1110710,501075,32171338,ransom,
6632520,839096,1302115,286628,34831735,ransom,
7417638,902236,1184945,357604,37327000,ransom,
7363500,931650,1663031,730889,38568749,ransom,
7294683,896144,1498579,377928,37747399,ransom,
8208239,963867,1782183,723085,41588907,ransom,
6354373,766362,1500228,830871,32844346,ransom,
8923994,1019616,1711487,421329,50244382,ransom,
2650215,278241,1218486,525711,13845293,ransom,
429163,54939,239237,135065,3454978,ransom,
4699499,618906,1430233,467831,23369468,ransom,
4420407,555098,1137212,348066,22219702,ransom,
1307444,149734,526194,297675,7552479,ransom,
3414400,465929,1184336,530369,16529866,ransom,
3702716,497259,1369949,453432,21081673,ransom,
6299503,739194,1502316,695533,32484017,ransom,
3492995,360348,923406,468516,23421499,ransom,
4023342,554377,1247785,238272,20040556,ransom,
5692462,599010,2170188,1242557,27621984,ransom,
758253,8781,671625,607688,3922417,ransom,
5306962,640522,1972040,906086,24757657,ransom,
4512442,563745,1224055,373166,24407739,ransom,
1225504,153695,514578,292537,6373898,ransom,
5242711,635483,1761184,914371,26661251,ransom,
6245925,688085,1155596,263013,36427578,ransom,
3598348,418436,1250890,540060,19643983,ransom,
1575851,175198,721011,360355,9824552,ransom,
3794359,533284,1109106,279464,17774006,ransom,
5213315,617584,1546026,678265,26543033,ransom,
1093389,133561,462818,285733,6575816,ransom,
4191938,567084,1309458,461286,21790508,ransom,
4969958,635128,1372403,557754,24667596,ransom,
6848347,708983,1479333,570897,38488768,ransom,
5245386,681592,1486586,503951,26571566,ransom,
1975440,211793,725190,250386,12572818,ransom,
4350752,582571,1375306,418170,21125900,ransom,
4982003,612510,1335930,471635,26138592,ransom,
807162,109525,393509,183816,4407198,ransom,
4094292,532544,1391453,678624,21074490,ransom,
3520290,464602,1246372,323699,18310224,ransom,
7481192,796577,1835196,874128,39912252,ransom,
5662850,706142,1567622,446554,30393824,ransom,
3439220,428883,828733,302190,17842796,ransom,
2355623,288204,789902,431196,11895017,ransom,
3771901,514327,1162721,209715,21028795,ransom,
4048931,497293,1134216,438532,20514792,ransom,
2193843,249719,1054499,516682,13263668,ransom,
2784514,419467,1460518,510094,14946772,ransom,
6734804,752438,2394016,1103446,32858583,ransom,
4594089,512767,1312634,339927,26280945,ransom,
5199656,576727,1618736,491208,24640176,ransom,
2787576,356784,905832,485955,14913757,ransom,
5390519,743789,1142632,206203,25922094,ransom,
4095508,377271,1579208,588908,21042717,ransom,
299931,37755,178375,121748,4021395,ransom,
5027164,687014,1665554,513942,24488480,ransom,
6887211,790900,1767703,890682,34143019,ransom,
2490719,202356,512188,197976,18836510,ransom,
3895761,495348,1314146,587619,19406433,ransom,
4582913,648255,1027139,232697,23417478,ransom,
2624365,277646,1204560,482394,15110109,ransom,
1495242,174966,707139,358840,8555370,ransom,
2465832,375248,1044342,205569,11752375,ransom,
2985610,381472,1468838,502636,15731055,ransom,
6275518,680213,1581679,791976,32989769,ransom,
7050386,844868,1824825,487199,39531882,ransom,
4392692,535878,1238878,541386,22401619,ransom,
287594,31462,170813,95687,2470940,ransom,
4685239,546442,1740725,930193,22024755,ransom,
3716185,485653,1245896,465188,18345898,ransom,
3278637,374997,1120173,450149,17921907,ransom,
1780787,217191,808842,423068,9920602,ransom,
6854299,785049,1792603,636660,33707124,ransom,
6541266,701753,1739344,769456,38741431,ransom,
307482,37606,196544,121077,2968686,ransom,
3859152,526986,1152037,409342,18912202,ransom,
4307502,566224,1044909,344065,21336443,ransom,
3744921,441688,1337764,533298,21957914,ransom,
4631027,585042,1666661,571132,21403827,ransom,
4646547,553145,1378212,596030,24711018,ransom,
5864183,697891,2029484,908040,28008485,ransom,
7441977,771827,1646654,697713,43548670,ransom,
112914,5687,98793,85021,382394,ransom,
4007905,524097,1293417,527006,19462331,ransom,
4521789,606223,1038859,238842,23043943,ransom,
1790530,199662,851997,422947,9916948,ransom,
2216147,255872,802726,412027,13039087,ransom,
3732869,514677,1193352,312523,17559197,ransom,
5202749,615642,1628129,760730,27198602,ransom,
4402587,404798,961825,518580,25784951,ransom,
4307465,559486,1184362,364829,23050427,ransom,
4896862,632362,1333543,510171,24263733,ransom,
1577706,166839,760201,290832,9149775,ransom,
3313107,436657,1097128,537259,16912620,ransom,
3811965,517132,1073735,207693,21603423,ransom,
3158867,377055,1008651,384424,17730959,ransom,
1941359,219193,822022,424041,10546394,ransom,
2251748,338291,847800,301878,12795731,ransom,
6177619,678646,1574733,686475,31532933,ransom,
5595514,593096,1403919,506380,33566435,ransom,
4167747,563810,1209198,290664,22356846,ransom,
4688608,577920,1204186,404497,22701475,ransom,
1255568,150802,581797,309748,7925760,ransom,
3405846,451989,1084516,501185,16878142,ransom,
4224777,586972,1073194,235694,21049115,ransom,
3645302,382857,1427891,688821,19663045,ransom,
5282159,490218,1217583,626103,32075591,ransom,
3376723,493636,948628,138656,16169830,ransom,
4105328,504354,1029891,387968,20482832,ransom,
1525873,173614,637113,312441,7113515,ransom,
661502,78850,278846,155521,3846181,ransom,
2888146,355860,1022565,552864,14015306,ransom,
3543251,492771,1038399,164871,17134192,ransom,
3959137,484598,1189854,503373,21090921,ransom,
2547702,243729,822594,615491,12164508,ransom,
6263260,717518,1413382,406634,36970360,ransom,
4664247,601333,1142750,412462,22785184,ransom,
1722658,188712,850916,323152,10869154,ransom,
3403402,453331,1050608,427811,16823717,ransom,
4395800,573124,1247901,355790,21580159,ransom,
2989381,347410,1027183,386444,16148151,ransom,
2399829,294617,898464,443284,12508820,ransom,
3459821,482898,1313338,291742,17880511,ransom,
5663852,694613,1411666,911920,25769302,ransom,
6205236,696789,1676763,637412,38553722,ransom,
4336167,599790,1056016,197948,20887238,ransom,
4302383,522867,1617517,642991,23483474,ransom,
2967950,440747,1521840,307332,14338099,ransom,
4501841,576912,1260618,519743,23946236,ransom,
4354748,602442,1779848,531292,20301431,ransom,
3959581,511305,1110550,223447,19693855,ransom,
2843389,314908,1344794,683420,14945149,ransom,
5891867,766430,1796784,614922,29205917,ransom,
6444796,644678,1304297,515876,38431620,ransom,
1186402,138080,484984,281033,7362753,ransom,
5421974,735061,1678053,467571,28202894,ransom,
12868024,1643681,2597990,1184531,69070830,ransom,
26940316,3957476,3163607,1298879,147962637,ransom,
24331820,4502428,2681121,1238137,128970649,ransom,
26560572,3929231,3440917,1254289,142884914,ransom,
24489339,3804642,3006617,1194277,134977480,ransom,
22350004,3281206,2694185,1201052,123155707,ransom,
10777401,1502140,1780003,750110,58858674,ransom,
12217484,1325222,1630220,972767,68367259,ransom,
21083933,2200558,2143777,955435,108514616,ransom,
21907778,2246372,1830854,637412,117196441,ransom,
8302005,952144,1994038,664906,43005590,ransom,
4051675,516639,1322429,438619,20140677,ransom,
4120694,564672,1405824,408807,21841133,ransom,
8204365,916916,2076191,1041781,41538161,ransom,
6389285,768835,1698734,428953,36057310,ransom,
4567423,569498,1305853,574993,24596959,ransom,
594518,65909,251844,147563,4015086,ransom,
3655792,506021,1090827,322160,17880939,ransom,
5629516,696459,1594367,536678,28924991,ransom,
4659303,652038,1373781,298984,22571683,ransom,
5877876,746951,1538206,673595,31678487,ransom,
6064509,792899,1774291,484758,32166670,ransom,
6442468,781392,1897114,872201,32282422,ransom,
7539439,903121,2037382,661017,41171370,ransom,
4421242,574786,597720,276626,24851207,ransom,
5538297,780797,526915,289237,30917728,ransom,
5115899,714931,331056,143541,27989699,ransom,
3068260,516617,303993,153301,29871076,ransom,
1368155,332132,585816,330383,31645201,ransom,
4518183,627357,1404247,295004,22153261,ransom,
5306414,647402,1624939,748243,26556202,ransom,
3998904,325641,737109,366785,28717846,ransom,
3840021,527907,1185799,404454,19188846,ransom,
5594310,683454,1611528,590772,29221298,ransom,
6095249,800264,1876874,576371,29975636,ransom,
4068267,489213,1256851,573369,21281018,ransom,
643890,73122,284339,174860,2523595,ransom,
3073806,413784,894615,331377,15506576,ransom,
5427578,680314,1550225,443490,26078987,ransom,
1012425,119536,671598,344845,6703590,ransom,
4138459,403647,992027,644676,21911618,ransom,
1676094,141512,348737,155557,11401296,ransom,
2916300,400594,823734,267118,14364986,ransom,
5471755,719290,1442973,501327,26645166,ransom,
2103525,213973,973328,412585,11534786,ransom,
2283967,264987,882929,509354,12748973,ransom,
3442394,473106,1322414,295006,16018407,ransom,
3708801,469155,1018966,310681,20184734,ransom,
6049615,746883,1892972,936332,29427704,ransom,
7123171,788209,1239555,364185,42575596,ransom,
3199284,378149,1195674,461297,16797915,ransom,
4030766,491680,1440034,422217,20171330,ransom,
3951006,460383,1195308,566325,20270516,ransom,
1244679,145284,601802,334560,6457763,ransom,
4379562,590689,1432457,430765,24692615,ransom,
4221297,541835,1082764,307748,21615531,ransom,
2821763,303369,1246320,671391,14700730,ransom,
5734564,626271,1169232,523330,34418756,ransom,
4562030,575764,1218480,302721,22914770,ransom,
3388558,401560,1186784,449529,18636549,ransom,
1764071,217387,707487,347713,12707686,ransom,
4562975,628759,1412972,341539,21075469,ransom,
3941208,484021,1123929,450151,22886048,ransom,
888794,101495,396627,210069,4031650,ransom,
4660082,623341,1579112,524606,24277053,ransom,
6771441,777375,1834791,779843,33256053,ransom,
4794879,440963,1362731,567897,31065701,ransom,
3838840,506339,1297057,421920,20371535,ransom,
5441302,695373,1418163,350809,25710017,ransom,
2988621,314927,1315215,504195,16698751,ransom,
1418585,160838,607584,303691,7949817,ransom,
3366078,487666,1368819,353073,16266922,ransom,
5493542,651272,1417102,343518,28147042,ransom,
3191835,328272,1412716,749615,16234743,ransom,
7403384,819671,2151564,739202,42511583,ransom,
3396850,480619,1242248,335709,18899388,ransom,
3421020,397282,1456598,534407,16999359,ransom,
4219608,584843,1434757,489535,24769041,ransom,
4852567,623865,1344220,413069,24769366,ransom,
5564245,757339,1818888,492912,27299956,ransom,
3938678,485838,1070580,398156,20703380,ransom,
1269724,143755,693974,402768,9408018,ransom,
5875128,790070,1526487,583470,28270746,ransom,
7062881,783528,1629682,517218,43647324,ransom,
6116770,802324,2020368,668244,28793994,ransom,
3657788,455664,1008978,415644,20064121,ransom,
1030580,112946,417160,242184,4017408,ransom,
3666885,508115,1056561,302419,18137395,ransom,
4952269,625917,1295998,425255,24971406,ransom,
1336796,160964,702132,365509,8562477,ransom,
4344200,449567,1259332,788581,23475121,ransom,
7989415,974756,1718359,427526,41481573,ransom,
3925032,508689,1349503,472156,21387505,ransom,
5094820,669361,1305163,360994,24443765,ransom,
2266807,244956,980222,432729,12210661,ransom,
2350554,317182,643925,255896,12563811,ransom,
6416226,810306,1760767,476796,31251663,ransom,
3355331,480972,1052157,334252,17328626,ransom,
5758249,717682,1603596,762040,26543272,ransom,
5243420,459092,1427554,567742,34817528,ransom,
1719609,230276,456244,230733,11142336,ransom,
5589718,763222,1432178,388410,25795589,ransom,
2449415,262369,1033712,407348,14679074,ransom,
488232,56761,228047,138639,3200905,ransom,
4561187,605754,1491189,492675,22070104,ransom,
4337140,553861,1089897,280515,21595958,ransom,
2242370,250186,1208567,600062,14097905,ransom,
6273411,718177,1449490,693357,33474925,ransom,
4851381,564837,1192381,303749,26424860,ransom,
3485793,411019,1222254,475500,19350759,ransom,
1306786,148258,546697,292932,7146101,ransom,
4128505,587194,1260280,347796,21372807,ransom,
3820701,483919,893295,275667,20635481,ransom,
1780933,220221,833328,425477,9209116,ransom,
4471559,572421,1582934,572463,22975769,ransom,
5387596,676073,1274621,575317,25779938,ransom,
5697273,545072,1696212,757272,34751364,ransom,
3381159,463115,1081624,366621,17437002,ransom,
4822028,632205,1192368,314008,23020993,ransom,
2125525,231052,994671,463030,12577075,ransom,
2195352,303215,610125,287822,11281970,ransom,
4815782,631492,1468799,402999,25063723,ransom,
3516210,412412,1189776,468815,19352283,ransom,
1365969,144135,647976,432929,6672626,ransom,
7848247,859653,1797894,665289,43615584,ransom,
3582403,492508,699194,200292,17191342,ransom,
2521642,268660,1191572,480959,16622203,ransom,
2772643,388518,872817,388159,13806197,ransom,
2155668,296809,1100261,280936,12003296,ransom,
4014781,514923,934031,330171,21159975,ransom,
2860665,337303,1432868,542384,15851605,ransom,
4413556,588675,1463922,373113,22690361,ransom,
6306855,719941,1717153,848374,31525918,ransom,
2799737,224186,576167,259995,20600258,ransom,
5185114,679574,1677816,554845,25299217,ransom,
4235628,471712,1162545,406858,21007233,ransom,
1659423,198185,712987,388286,9237087,ransom,
3261695,446897,978438,382748,16740586,ransom,
3618932,504877,846860,172167,17189376,ransom,
3540605,376817,1414872,595172,20660060,ransom,
1660382,216326,686049,356541,11289868,ransom,
6570146,748690,1751654,686165,32950715,ransom,
4961119,569725,1197870,415771,27630661,ransom,
1062713,134649,494856,258766,5884282,ransom,
4441140,575246,1619592,681186,21110200,ransom,
4475789,585517,1102888,421283,22158308,ransom,
2468473,268867,1331511,459641,13405428,ransom,
3588975,487277,1124333,448913,18056439,ransom,
2163467,311111,1098326,219518,10473035,ransom,
5280103,599752,1661376,796038,29594676,ransom,
5292102,512649,1287414,612329,32213186,ransom,
3677868,526287,1301592,315750,18759957,ransom,
4251261,527420,1167058,375351,22536494,ransom,
1275364,178263,658757,348532,7184450,ransom,
5994781,773553,1901317,630134,31271811,ransom,
4327257,543157,1152843,445255,22416918,ransom,
974983,112418,489188,257879,5348071,ransom,
4442995,592141,1408925,474447,23506794,ransom,
4622878,587940,1468740,511282,25797166,ransom,
8816716,1005747,2178353,848284,45525950,ransom,
4920507,594431,1232460,441518,28853834,ransom,
612045,70353,304758,147070,2701581,ransom,
3563626,482142,1069366,415345,18247598,ransom,
4523013,597517,1044616,236538,25291690,ransom,
2479873,270256,1024913,517347,12094441,ransom,
1499585,173477,603916,312149,9565519,ransom,
3254374,472948,1175436,300561,15395068,ransom,
5810171,675062,1514925,773942,29483527,ransom,
4719488,431896,1436204,436018,31081302,ransom,
4623968,635960,1559647,422078,23335056,ransom,
4094096,509915,1110632,485360,22621685,ransom,
576577,67819,288782,161701,2374685,ransom,
3271469,436474,968447,391387,17244459,ransom,
4897287,638124,1177552,218214,24273438,ransom,
2309144,271578,977432,539225,11921146,ransom,
2856458,336567,1122771,590142,14596674,ransom,
8046129,890902,1725357,470674,45614782,ransom,
3780375,452083,1259583,515366,19348590,ransom,
220947,29251,144660,87798,2514150,ransom,
3720085,492559,1351825,529161,19111672,ransom,
2832372,377976,1163109,280748,15003144,ransom,
3079577,394448,997175,297234,15357674,ransom,
4383014,584395,1470762,620439,21678019,ransom,
4183668,576723,1131041,305974,21198702,ransom,
5118141,509186,1575712,822234,25170816,ransom,
4199248,417564,1023053,463246,27049839,ransom,
3788443,537953,1302333,280368,20482183,ransom,
4524425,543829,1274968,565411,22817332,ransom,
645008,80057,408017,227835,4267067,ransom,
4472989,594354,1433939,508993,21509696,ransom,
4168871,540459,949316,228174,20870278,ransom,
1435359,166122,673654,301701,8084200,ransom,
1490068,171776,635875,349368,8289257,ransom,
1053788,121347,522494,342332,5778130,ransom,
5231137,658446,1308648,587654,27547978,ransom,
4427137,516458,1304123,318585,25148167,ransom,
3477040,437580,880608,304112,18049683,ransom,
3724181,487257,1268009,550930,19335340,ransom,
3418816,461294,1004074,197281,16597929,ransom,
3880379,460738,1293029,525988,20797987,ransom,
1537043,174315,649854,324051,8841801,ransom,
3581829,527078,998603,167890,17132814,ransom,
3949231,499786,1226286,497970,20677999,ransom,
4018720,415555,1153369,663294,20869835,ransom,
6043303,715599,1613694,488746,35302587,ransom,
4996502,603861,1290283,413366,24394059,ransom,
1049330,130842,531437,280044,7126573,ransom,
3632382,476767,1173322,529720,18828208,ransom,
3686393,503610,1012618,191033,17742849,ransom,
3823442,437688,1428398,567145,20940566,ransom,
2930278,399583,948770,454180,14492485,ransom,
8985158,1060284,2291522,747780,50438820,ransom,
7009096,644135,1766016,797799,43335187,ransom,
1066845,110104,253073,131609,5233989,ransom,
1932189,204576,633795,332612,9371435,ransom,
1122992,114078,412167,241372,4826511,ransom,
723718,76056,326207,166471,4708287,ransom,
4849709,678922,1422283,392905,22481262,ransom,
3814339,473751,937386,361166,23387577,ransom,
1233436,119998,472782,220252,6732280,ransom,
3974755,467883,1397024,727652,19009560,ransom,
7670971,862384,1535072,339316,42676162,ransom,
4078688,461365,1554252,624376,20377238,ransom,
936901,101155,379468,151597,5567091,ransom,
4568007,622271,1485271,432331,24243187,ransom,
4452897,578302,1190356,417316,20642023,ransom,
2793577,281016,1154936,328080,15137421,ransom,
2273194,239152,1058139,469268,11660314,ransom,
40861,6846,38688,28050,334655,ransom,
2533865,349865,1043983,347916,12726248,ransom,
5236153,637970,1837456,754086,26144417,ransom,
5923751,608118,1083074,363067,37301329,ransom,
4469977,587897,1479850,592216,22559614,ransom,
2267051,303009,987765,243312,12220711,ransom,
3125335,395890,889126,273960,16273543,ransom,
3541441,441191,1311112,671254,17429962,ransom,
2833804,407541,1128870,235055,15527154,ransom,
4470796,566862,1261136,460274,21070724,ransom,
2451388,295979,1361554,665100,15132610,ransom,
7551294,860889,1705731,557729,41130687,ransom,
5011739,588428,1235842,461484,25652820,ransom,
944721,116994,420979,230013,6146479,ransom,
3888769,513318,1249302,514801,18866849,ransom,
4141094,576853,842093,177117,19696949,ransom,
2086725,216131,1027654,415610,13426315,ransom,
3145363,386215,1004790,525366,14805862,ransom,
3381950,466934,1209273,254982,18839052,ransom,
6082793,656282,1560849,750933,29435364,ransom,
3097324,293899,799615,354175,21164797,ransom,
3293430,427578,1133871,452060,16448878,ransom,
4696593,612694,1287556,494402,22938141,ransom,
2469748,270643,892983,327202,13493222,ransom,
4056740,537542,1340643,568326,21010206,ransom,
4123545,578617,837260,176154,19631882,ransom,
2153544,225490,1037413,406419,13194476,ransom,
2927939,348461,1235828,652238,15456192,ransom,
4987883,681752,1294486,447749,23726742,ransom,
5976547,682460,1344189,490831,34974541,ransom,
1531596,177856,754051,319913,8521662,ransom,
4147213,567124,1308803,394584,21698279,ransom,
4326731,562582,1071106,463041,20129508,ransom,
1730488,176336,857868,291340,10048128,ransom,
4520082,599245,1377987,634704,24160245,ransom,
4637519,612037,1337110,337605,23595923,ransom,
3248410,413610,1096447,435493,18791123,ransom,
8174449,864540,2133815,962543,42564787,ransom,
4682451,593747,954477,202930,24403142,ransom,
3662495,461666,1327601,613497,19021925,ransom,
5387357,714351,1323243,261283,26346518,ransom,
1603996,171479,728766,353940,10165316,ransom,
3361523,444774,1105739,526536,16848211,ransom,
5189368,691814,1218944,209970,25316077,ransom,
1749939,197548,904436,463902,12040276,ransom,
3561073,328173,889878,580324,17882315,ransom,
5982081,750214,1655908,449403,33509349,ransom,
5968672,729389,1755596,762928,29706904,ransom,
675993,79632,340504,196571,4384625,ransom,
3041023,407570,935836,404227,16760582,ransom,
3476917,440402,1245983,380583,16414316,ransom,
3595985,449250,986650,368604,19016762,ransom,
2877115,378609,938867,474819,14932591,ransom,
3957361,521742,1405865,373265,23042352,ransom,
7245687,757958,1759985,847067,38580472,ransom,
1606504,139821,419556,204539,10642138,ransom,
4101907,565466,1282712,363027,20726137,ransom,
4676522,591245,1193742,435496,21990967,ransom,
1861276,212420,1023604,415680,11876288,ransom,
3476181,481511,1101445,377427,17560435,ransom,
4877919,651127,1216999,401151,23858229,ransom,
1792771,182891,1022202,405091,11281744,ransom,
4228156,464956,1392327,863164,22516391,ransom,
5210057,660142,1231607,264718,30640208,ransom,
3284195,447685,867520,271641,16128805,ransom,
2489079,275382,1339817,497868,13261501,ransom,
4749803,645178,1435572,389840,25451076,ransom,
5408600,672499,1590845,672300,26675181,ransom,
502040,56087,231799,114794,4309745,ransom,
2534439,353880,1027803,388944,14585230,ransom,
4751368,627771,1636499,533627,24111295,ransom,
6411316,650841,1773847,784227,35243426,ransom,
3091075,289050,1119142,606392,19016529,ransom,
5840373,840341,1297694,285793,27420082,ransom,
2706486,309070,1185299,493237,15593381,ransom,
993756,112730,436858,253046,5289564,ransom,
3993909,555119,1451072,441726,22064278,ransom,
4610382,616024,1430054,515675,21162045,ransom,
2017024,225411,1156177,402505,13371052,ransom,
3550662,455815,1295047,622945,18298622,ransom,
6852924,741107,2147073,746854,38332962,ransom,
3546241,449453,1160763,352969,19411435,ransom,
2360198,284809,1103289,547533,12180203,ransom,
3199650,471388,1389647,310230,16511873,ransom,
3659856,485216,1163988,329909,17648691,ransom,
2467780,280425,1262521,535697,13504334,ransom,
5094767,703876,1607536,398335,25326408,ransom,
5251155,617116,1758599,761378,28263159,ransom,
5555011,521362,1257797,714846,32354607,ransom,
3909743,512214,1417939,509531,20111993,ransom,
6310626,794792,1828460,562379,32675122,ransom,
903635,106365,409365,198145,4878401,ransom,
2212159,269794,946484,482219,12061855,ransom,
4998709,697936,1294796,304714,24568975,ransom,
3277928,390927,1119127,464039,19106251,ransom,
907354,94930,511930,302501,4621933,ransom,
6201655,798544,1857809,754002,31936074,ransom,
7428418,865973,1902669,692770,41040122,ransom,
1362307,165721,681008,349938,7831944,ransom,
3631940,497005,1191630,394121,20059182,ransom,
5475969,675671,1554778,526336,25882182,ransom,
1471464,173863,721982,386393,9750260,ransom,
2022808,244975,907685,474954,10069705,ransom,
5493001,777111,1423044,360208,27767750,ransom,
2880744,334580,1153336,456269,17539619,ransom,
3760544,333759,1052687,726829,18995335,ransom,
5448429,651892,1441764,439410,32311816,ransom,
5631804,709813,1587997,543005,27674262,ransom,
1356009,161933,633949,308257,8583887,ransom,
3555045,486927,1200571,385025,17995237,ransom,
5698154,724094,1581587,520537,28167554,ransom,
1030692,121564,488509,243739,7172511,ransom,
1957064,252895,671197,333929,12002028,ransom,
7262950,902775,2073675,815763,34095377,ransom,
7012372,790731,1819848,616779,41770823,ransom,
6425205,819732,1865508,532596,31827072,ransom,
994353,116714,479436,259628,7446544,ransom,
2564630,352472,710876,331565,12114918,ransom,
6098931,783662,1654674,411005,31702277,ransom,
4401775,613252,1435289,466373,22064746,ransom,
5572781,690580,1569782,548990,28806545,ransom,
1940033,247361,776871,523783,10308985,ransom,
5050856,557089,1016720,457788,28882959,ransom,
5396130,719870,1382924,357716,27122870,ransom,
1624864,168164,780760,295623,9431224,ransom,
1015874,110948,416173,252918,6036197,ransom,
4387301,608478,1419384,405745,22915554,ransom,
4413988,559318,1150787,392328,23004030,ransom,
1748379,200779,677020,347080,8658795,ransom,
3622794,496218,1107885,353249,18170033,ransom,
4859729,635245,1239348,428893,23569894,ransom,
2155272,247087,1094953,519876,12810071,ransom,
4874075,522475,1170400,605723,30814193,ransom,
4730537,597142,1392200,334935,24870086,ransom,
3768291,460448,943678,360349,19615156,ransom,
1228845,137313,560840,317894,7838236,ransom,
4076326,549802,1335962,438845,20076307,ransom,
4049950,532704,896620,261916,21367617,ransom,
2620698,300872,1265858,566817,13697676,ransom,
3020688,434319,1005993,396520,15157114,ransom,
4878035,617142,1581905,613333,24032055,ransom,
6629035,636321,1536020,663243,39395048,ransom,
1743346,202067,588168,267860,10001424,ransom,
4596292,628723,1485240,392003,22549878,ransom,
4045314,492749,1151376,452558,22368558,ransom,
1025212,120508,502940,295486,4320615,ransom,
4074827,560415,1538741,476598,21031692,ransom,
4074538,561318,1340163,320258,21229845,ransom,
3909336,426084,1799630,664004,19507502,ransom,
4979981,647506,1656512,756901,24601570,ransom,
7704993,856171,2160399,857399,40840763,ransom,
3376545,382032,1099133,421399,18579900,ransom,
1781618,245349,577954,286412,9415212,ransom,
4969551,609724,2117214,621032,24053776,ransom,
4076053,514248,1044496,347171,22145354,ransom,
1193995,145682,534633,275482,5856432,ransom,
4541329,614564,1503226,518950,24196116,ransom,
3998486,524173,960734,232734,20123841,ransom,
3890159,422698,1494803,898608,18812738,ransom,
5008503,601005,1154401,489728,30144165,ransom,
4497071,614515,1162289,305609,22765144,ransom,
3078155,346371,1168297,482583,16198609,ransom,
1928681,267188,649429,329795,10785610,ransom,
4495094,598088,1430886,368077,22050063,ransom,
3777466,471628,1046919,412819,20414631,ransom,
603151,71275,270010,152323,2865231,ransom,
4534572,623970,1525937,517987,22881777,ransom,
4506361,602705,1218174,508209,23299930,ransom,
5421501,590862,1760014,846984,27765794,ransom,
4188688,525903,1139264,422487,24564268,ransom,
4793829,652888,1149410,311583,23536362,ransom,
2478522,263557,1162098,514159,14169502,ransom,
1873289,251096,634938,318772,10113981,ransom,
4060794,548118,1509227,421186,20533004,ransom,
4284564,534825,1129307,462923,22281635,ransom,
552121,65925,325453,190840,4458528,ransom,
5387045,691326,1919915,695735,27098724,ransom,
7963244,841651,1614651,677936,44953946,ransom,
2090543,213159,774410,395246,11517615,ransom,
2886837,408034,871509,353374,16182160,ransom,
3936385,552571,1015586,232533,18719448,ransom,
3411768,387091,1356426,547093,17373130,ransom,
2467022,348846,784682,396316,13646461,ransom,
3719586,495603,1585531,388009,17590726,ransom,
3822862,473365,1008280,374754,19988331,ransom,
1015418,109630,652177,377698,8819396,ransom,
7586576,873593,1932421,755093,38628263,ransom,
5247896,589316,1135559,329441,30763453,ransom,
2441090,273341,1016626,544830,12517695,ransom,
3207612,446905,1078488,410099,17396558,ransom,
4345039,599011,930268,239651,21730037,ransom,
3426913,385016,1544036,641371,18160939,ransom,
4321117,578983,970990,428267,24248712,ransom,
6602026,926845,1795783,487680,32392172,ransom,
4589573,550310,1408631,648788,24783568,ransom,
3700478,317531,696042,382919,23332773,ransom,
4882922,620429,1507136,507925,24834863,ransom,
4156064,543217,961894,291865,21495640,ransom,
2531079,271321,1069806,514636,12226054,ransom,
2832945,393146,905006,354010,15460542,ransom,
3804497,518191,1003676,273370,19114707,ransom,
3598434,408234,1326255,571484,18323248,ransom,
1337105,180182,446114,226094,7718920,ransom,
4840610,639201,1894751,847570,22635653,ransom,
7205242,770873,1412018,459350,41956446,ransom,
1270058,161410,578550,293103,7998522,ransom,
4684909,625601,1596632,541557,23194391,ransom,
4066324,519550,1022325,253209,20312315,ransom,
2289533,254436,981160,489920,12644525,ransom,
3513033,490808,1065378,353321,17597921,ransom,
4134273,569170,907921,216449,19849578,ransom,
4568675,540695,1538202,633959,24514475,ransom,
6534496,714009,1294218,765810,36086269,ransom,
5357048,591976,843669,327928,33817099,ransom,
5322750,658049,1111057,427526,26271695,ransom,
3196741,435890,941416,203532,15636029,ransom,
4034823,483439,1228252,498313,20965682,ransom,
1613211,193111,617286,332163,9659753,ransom,
4425916,609087,1343090,323106,20375773,ransom,
3939128,469591,1061627,421544,21409995,ransom,
1630838,188124,767461,460746,9187021,ransom,
6118140,757308,1599840,701722,33711800,ransom,
3706668,441329,1156195,294068,23761594,ransom,
4097069,503582,1134455,439168,20815800,ransom,
3593226,478452,1165649,468855,18606977,ransom,
3775065,530544,857624,177490,19437688,ransom,
3336846,350344,1371098,593842,17124017,ransom,
1625649,198842,646920,324247,10194585,ransom,
4031757,561652,1291188,332821,20417647,ransom,
5440636,704502,1525868,735235,25596827,ransom,
4037707,382094,1017610,482547,26396152,ransom,
4534600,608066,1453529,517590,22280620,ransom,
4010511,543785,900842,246316,20422345,ransom,
1933403,220071,958781,417293,10458891,ransom,
3593162,486038,1266107,498249,18815003,ransom,
3551083,499734,939419,215816,18076050,ransom,
3753938,432496,1380314,552550,19305440,ransom,
1482390,206798,642852,313302,8891072,ransom,
6166239,723523,1686377,646825,32308555,ransom,
5662745,650828,1398022,497636,29709591,ransom,
1386736,177501,694719,362691,9142226,ransom,
4032798,543070,1416773,501924,19360061,ransom,
4207943,575653,983548,298424,21122021,ransom,
1845079,195858,937864,335850,10801505,ransom,
3811050,515676,1260905,544978,19512559,ransom,
4049056,576980,885848,184274,19873894,ransom,
3990870,446639,1645638,817214,20443042,ransom,
5148051,559706,1291080,633952,32546436,ransom,
3507775,513422,1076409,168391,16732305,ransom,
4425569,515942,1231632,486291,21215667,ransom,
1026085,127852,504550,264758,5583527,ransom,
1288688,146174,506792,280548,8113935,ransom,
1711636,220877,547703,298545,8242587,ransom,
3284402,473091,1060006,175340,16816411,ransom,
3739572,471393,942063,325144,19334097,ransom,
1447410,180471,656159,307701,8143375,ransom,
4584507,593678,1645853,691698,22327821,ransom,
7031046,785182,1397285,528961,40823824,ransom,
2286066,250020,919091,335584,12719008,ransom,
4016716,513618,1407079,664959,20480596,ransom,
4796699,661324,1061359,244443,24152951,ransom,
4485340,563442,1655665,578172,23665703,ransom,
4888367,661909,1227386,398303,25031269,ransom,
1561452,158697,795978,292389,9179328,ransom,
2993986,378663,1171538,544037,15935459,ransom,
7867297,897952,1449971,515337,41742556,ransom,
3345579,308213,1183580,464754,20332534,ransom,
1739598,193760,790985,403969,10531870,ransom,
4432199,635516,1131012,209159,21306603,ransom,
4881816,589772,1592414,716906,24839513,ransom,
208853,29653,102726,69735,2403897,ransom,
4596137,622740,1409442,406696,22230928,ransom,
4263056,531043,1117670,357216,22000201,ransom,
1760402,195223,830932,481482,9973398,ransom,
7020080,759481,1681211,763032,38792348,ransom,
4388097,623109,933918,203743,20903991,ransom,
2495669,260892,1170143,504238,15116762,ransom,
2049284,260443,823215,411113,11806405,ransom,
3450986,517017,1037366,151845,16544317,ransom,
4933744,601843,1424489,593420,24894855,ransom,
784298,102545,448040,230676,4233573,ransom,
3905460,535306,1451393,494316,20590470,ransom,
7467358,868237,1536024,723797,38759223,ransom,
2890115,275172,1031020,368130,18646633,ransom,
3658158,481569,1280182,562785,18572107,ransom,
4394459,614163,971516,200999,20916108,ransom,
2516769,260610,1105131,449822,14254633,ransom,
1891622,217717,871082,440055,10483527,ransom,
3978674,582844,1122163,192597,19949741,ransom,
4852787,577189,1445846,642711,25177636,ransom,
2636728,262532,885413,596567,12545425,ransom,
5670850,643700,1422192,485366,33800327,ransom,
5173507,682888,1288219,407029,25112097,ransom,
2497698,332123,908627,361924,13755909,ransom,
5221530,721806,1411024,606896,26828412,ransom,
5751442,761328,1096564,299705,28401030,ransom,
2192603,225199,1019019,415710,12108268,ransom,
2117272,260556,840654,432492,12218725,ransom,
3740670,534260,1217545,263632,19517958,ransom,
8074044,867782,2037268,1019146,40746642,ransom,
1411915,107157,313470,133791,10040488,ransom,
4499616,613196,1498884,404567,23887088,ransom,
5090898,631091,1423386,422425,23951274,ransom,
1925415,199272,876138,284050,10339687,ransom,
2558812,277705,1006939,484338,13213565,ransom,
309981,33443,111188,54444,1999943,ransom,
3739267,505249,1101705,311502,20145899,ransom,
5970183,726707,1638153,608578,28798880,ransom,
4975583,484533,1443296,624113,30010723,ransom,
4279368,522637,1451074,639375,21137352,ransom,
4649506,642717,1059432,270527,24943911,ransom,
2021970,208816,1003778,410399,12702544,ransom,
2814561,359941,926762,496529,13670091,ransom,
2644605,376580,1082097,184961,13683569,ransom,
4083273,513785,1151971,379007,20135975,ransom,
1966204,242353,955549,501917,11861374,ransom,
5729149,725860,1923090,737037,30132244,ransom,
7279483,755010,1453486,556859,41331144,ransom,
1150920,142774,528453,288209,7318397,ransom,
4000725,533299,1344467,518296,20066129,ransom,
4550189,609174,1010709,299221,21192337,ransom,
1974174,203107,952842,382155,12468136,ransom,
2477344,303030,944164,474099,12083209,ransom,
3504987,504654,1066688,168559,18419014,ransom,
5313350,585202,1451286,759801,25678543,ransom,
4377738,387676,1084690,560536,29282062,ransom,
4111821,562933,1285793,357435,23465335,ransom,
4497938,568677,1160483,449089,20846813,ransom,
1602126,168414,762694,305485,10964884,ransom,
3613901,466284,1226824,536598,17288188,ransom,
3688383,500667,1265748,440610,18845281,ransom,
3764191,459785,1012774,425761,19520959,ransom,
2075826,232592,1031995,557150,11577868,ransom,
6171693,739767,1491492,558871,32422631,ransom,
5294941,585452,1032239,343102,29670464,ransom,
1785826,204878,806690,357163,9380002,ransom,
834945,99437,403728,222855,5719021,ransom,
1890140,216469,646662,338780,10093703,ransom,
3113894,446680,877065,121289,14900820,ransom,
3523223,460258,789714,287109,19023886,ransom,
2302015,252033,1011784,483970,11470948,ransom,
4251892,547006,1495987,666695,22226395,ransom,
6730374,701357,1461030,560048,36928099,ransom,
3095632,381698,898531,311845,16589240,ransom,
2801814,379277,912522,456462,15324180,ransom,
3405932,456457,1174348,255384,16050170,ransom,
3767186,459031,931588,375806,20503200,ransom,
2760791,323056,1168018,577595,14458384,ransom,
3496377,502600,999262,151683,16743068,ransom,
4161079,494826,1221105,523026,24278652,ransom,
5364016,525697,1366487,754137,31302503,ransom,
3980650,513232,1172630,367282,20996895,ransom,
4580126,611383,1118870,432610,23837420,ransom,
3708511,469120,1237464,397831,19409579,ransom,
3260822,425553,1165494,327148,17149348,ransom,
5131049,652367,1371137,565290,25780026,ransom,
4348852,608370,1104135,204069,20883565,ransom,
3575942,429519,1246102,522404,20605486,ransom,
2356290,240185,757866,530562,10561303,ransom,
5112898,560010,1169916,449517,32202808,ransom,
5569384,739688,1566899,533396,26055121,ransom,
2686195,294091,1150706,462181,15939269,ransom,
2327551,296649,839526,435572,11522205,ransom,
5013500,700924,1342311,335808,24550534,ransom,
2877403,336443,1056937,420519,15559407,ransom,
1079183,122999,467862,264935,5815686,ransom,
5118195,700933,1711754,652172,26713111,ransom,
6108968,736865,1166324,538384,33096141,ransom,
2812231,279612,1104097,390745,17007609,ransom,
3332682,458417,998437,347967,16818190,ransom,
5606018,719911,1475113,508127,26976671,ransom,
1615252,173501,766269,325560,10118125,ransom,
1596995,178448,665861,333984,8292702,ransom,
4519889,646159,1295845,305212,22513367,ransom,
3864767,478640,1005165,405598,20070521,ransom,
2333267,262671,1013829,610060,12423690,ransom,
6419295,727632,1396637,512941,35673980,ransom,
4022461,546167,1007883,339899,20203941,ransom,
2777372,298886,1169112,482387,15895160,ransom,
3352721,465455,1098630,405115,17273030,ransom,
5737351,729800,1535310,495492,26751120,ransom,
1872158,181391,1000430,526890,11358648,ransom,
2427101,310277,869378,447581,11903868,ransom,
3472778,474033,1428681,415668,18757582,ransom,
5914461,658509,1370906,634045,29156593,ransom,
3786565,361581,1105070,509203,23882652,ransom,
3829527,528412,1214354,365592,19186918,ransom,
4359747,563905,1014967,318064,21233256,ransom,
1792955,196901,854364,345785,9445652,ransom,
706366,85881,331856,192908,4054455,ransom,
1609030,181066,705510,397309,7481069,ransom,
2347517,342110,802010,250404,12118456,ransom,
2324831,310176,1181781,376083,13240968,ransom,
6516896,708052,1168548,566786,32291603,ransom,
2349296,225958,755853,332194,15404752,ransom,
1076954,120845,452576,273184,5676885,ransom,
3735932,516062,1116965,322485,18632203,ransom,
3990477,530871,865631,264865,19215257,ransom,
2402488,266733,1119160,473030,13761480,ransom,
3231870,428457,1121935,510801,15949149,ransom,
4559864,582186,1385871,494680,21854584,ransom,
4621515,517031,1538173,762094,23531255,ransom,
3805600,362288,926764,457286,24243313,ransom,
3770858,547655,1224994,295566,21086580,ransom,
3582591,476529,829428,241356,17712182,ransom,
2398326,258334,1183455,593717,13423186,ransom,
4780027,656068,1586490,503486,23425819,ransom,
3914045,501967,1015433,365847,20849883,ransom,
2402620,259970,1208177,629446,11614585,ransom,
3746874,485760,1440810,740260,20164980,ransom,
5685873,697632,1822798,709158,27881779,ransom,
5544925,562018,1220296,495444,33823507,ransom,
3019554,398446,1228371,635039,15646310,ransom,
4622484,616474,1472806,382649,22980786,ransom,
3992560,500322,1085058,448286,20576563,ransom,
1033033,115292,482096,311659,5310287,ransom,
4433955,613032,1429515,449447,22476981,ransom,
4128867,518788,1023275,252328,21859254,ransom,
2523830,269041,1337084,797675,12858527,ransom,
4540943,561661,1046821,586179,23581991,ransom,
4860425,560260,1541488,401226,27647977,ransom,
4411878,539219,1155191,444483,22032002,ransom,
2638068,346846,993728,518932,15027965,ransom,
4350589,597640,1424821,319447,20022018,ransom,
3989463,489478,1081798,420665,21575167,ransom,
630312,66971,286262,147895,2906186,ransom,
4065635,567064,1453542,502504,21725025,ransom,
3475786,451507,1367947,576158,18728603,ransom,
7371391,754409,1715498,739635,40902324,ransom,
3580994,464005,980467,359647,19737314,ransom,
4940101,666287,1267625,374833,23894799,ransom,
2633050,277349,1186855,452835,14222991,ransom,
1453969,188654,541401,258898,8152582,ransom,
4250250,593149,1358910,357614,20572015,ransom,
3627687,451325,898625,269085,18532147,ransom,
1437535,172991,643121,337486,8362554,ransom,
5740269,702249,1923064,936096,27339703,ransom,
6198089,707281,1077727,316377,36307975,ransom,
2816673,307240,1194909,479963,14467076,ransom,
3022115,425288,967511,384305,17292531,ransom,
4042963,529093,1216741,334728,18810177,ransom,
3686765,435839,1262112,500476,20901294,ransom,
1953954,265416,779705,361289,11382394,ransom,
4262328,594251,1418988,336661,19675871,ransom,
4128378,496276,1241502,542999,22223696,ransom,
4075131,387393,867141,506660,22415704,ransom,
4834758,615011,1445408,443897,26281105,ransom,
4080600,552781,954529,296705,19383560,ransom,
2793563,304492,1442696,564707,15987523,ransom,
3039075,436945,969994,355704,15284433,ransom,
3013523,398684,1458731,391144,15752292,ransom,
3808640,473658,1075606,323396,18860583,ransom,
3007753,425323,974101,467872,19337807,ransom,
6546084,785572,2374518,974913,31274492,ransom,
6591797,666674,1322431,482336,40716227,ransom,
999188,101837,424927,166245,4423573,ransom,
5506325,710228,1804840,527624,27050288,ransom,
4667065,553288,1433242,587064,24831319,ransom,
1491827,144512,694031,374894,6967231,ransom,
3915789,511547,1242731,443697,19870188,ransom,
4874397,644538,1102550,306287,24065379,ransom,
2943273,278751,1480532,720280,16172511,ransom,
6984842,707102,1779042,824126,38715691,ransom,
5382086,638759,1588927,403042,27821754,ransom,
4579868,489781,1737081,987956,23527857,ransom,
978829,68215,639764,502330,4033035,ransom,
4825334,659629,1541245,468050,23474110,ransom,
4307333,537023,1116887,348918,23412084,ransom,
1495149,174109,656653,332415,6764562,ransom,
2694621,393437,871551,355499,14925829,ransom,
4514531,562684,1814515,753834,22699889,ransom,
7999182,817951,1766530,701759,45930890,ransom,
2315433,279090,1027676,511125,13002654,ransom,
3348697,471133,1535078,405411,15332655,ransom,
3575879,491569,1030903,284048,17731676,ransom,
3806019,510088,1599161,509678,20866991,ransom,
5618490,725874,1477325,439005,26722265,ransom,
3333188,432506,1164541,456973,17993640,ransom,
5546348,748063,1438587,372448,26228268,ransom,
2041274,234601,990130,414285,12326435,ransom,
239174,31529,123810,62350,1600302,ransom,
6340463,832450,2198902,750179,29825319,ransom,
5660706,726205,1504304,569576,30337590,ransom,
2945446,299770,982401,531855,14086222,ransom,
7059501,788671,1556511,709657,38796020,ransom,
6972861,888429,1507537,393446,35068825,ransom,
3473847,351012,1349462,575351,17705448,ransom,
1376818,153656,522028,292547,8250308,ransom,
413028,45013,152353,85303,1615953,ransom,
3428474,456577,1008946,340223,17159504,ransom,
4239738,566628,965377,220215,21003775,ransom,
2811012,297348,1238672,555933,14775726,ransom,
1756422,229918,704886,363137,11371699,ransom,
4975796,680164,1534338,628426,22215899,ransom,
5637481,648740,1107924,391016,33476756,ransom,
2446964,267862,1073921,391174,14827446,ransom,
4468344,596322,1476609,498974,21076434,ransom,
4058069,523243,956228,262251,21020142,ransom,
1857286,212313,875236,373854,10241784,ransom,
3255968,436395,1000836,423727,16015226,ransom,
3748597,514051,1032224,231351,18957627,ransom,
4105242,456870,1577536,667707,20741842,ransom,
2325466,259166,1005864,568792,13141600,ransom,
7195516,825445,1586580,427234,38932199,ransom,
4585775,521697,1152808,456478,24816791,ransom,
432158,55396,247355,123213,2275742,ransom,
3826603,509730,1385953,548821,19449542,ransom,
2944642,398358,1026657,267025,14883255,ransom,
2942731,357586,1131827,394880,14248872,ransom,
3885618,521711,1268965,500480,19621397,ransom,
4096196,566535,871687,249586,19487247,ransom,
4125622,448699,1972797,1005970,21442617,ransom,
4778450,477460,989600,481095,29650505,ransom,
3140686,448756,1206935,284841,14883106,ransom,
4620499,524997,1541772,718971,23455622,ransom,
1018981,132531,542220,268246,5538271,ransom,
4520638,599190,1500268,578004,22890824,ransom,
3656447,504321,938827,274140,17832432,ransom,
2269712,247432,1263152,462138,12308049,ransom,
3089700,407296,1140343,517567,16653480,ransom,
4656316,556986,1630224,679723,21662501,ransom,
7226621,748780,1745254,687634,41048564,ransom,
2517028,339325,845566,433121,14957861,ransom,
3077965,427045,1339351,279495,15840923,ransom,
4512581,552854,1363481,535288,22621762,ransom,
609785,78710,318755,152346,3635366,ransom,
5300680,711888,1677136,499667,25381385,ransom,
4212391,519789,1114580,458987,22959376,ransom,
411648,40867,324700,177221,3591621,ransom,
5121497,620876,1571759,821031,23961600,ransom,
4519107,492959,1394294,258659,27977582,ransom,
4412013,523298,1281357,465275,21087232,ransom,
3107208,413473,1161538,587363,17756643,ransom,
3643922,503647,1358038,284007,18485856,ransom,
4378230,534314,1305189,563389,22243092,ransom,
495790,65188,224154,140487,3684665,ransom,
4472800,607455,1550505,547774,21162775,ransom,
4129527,539450,1242853,483848,21048109,ransom,
5214560,473481,1418282,536872,31407346,ransom,
4068961,532639,1385691,580982,20977032,ransom,
2363151,331571,1116711,255767,11856666,ransom,
4539255,560082,1439963,542178,22331710,ransom,
2322302,300697,884076,422810,13294237,ransom,
3975263,546401,1099083,209386,19259231,ransom,
4230473,498306,1458167,627710,22424567,ransom,
240244,22214,322684,189517,3730026,ransom,
4827761,648590,1329327,744421,21748868,ransom,
5570421,622034,1667223,476917,33881701,ransom,
4190191,507075,992056,360776,22913292,ransom,
4002329,529033,1242311,483618,19157931,ransom,
4448006,587711,1099054,255652,23404791,ransom,
2274590,247733,932537,487973,11346541,ransom,
2161483,267801,733860,393164,12550857,ransom,
3429605,485176,1017201,175889,16492739,ransom,
4485580,551292,1354276,599421,24158872,ransom,
5225063,723850,1629476,708236,25515900,ransom,
6179587,704037,1097513,389945,37551985,ransom,
3745728,465175,1283035,482730,19363667,ransom,
5097873,680308,1259990,259904,26158773,ransom,
5002990,627756,1764436,644077,24967088,ransom,
4896079,622083,1325036,362445,25599323,ransom,
1507561,172673,612243,330706,7341109,ransom,
1900089,238552,514864,269728,9077570,ransom,
2928499,414957,1485100,371100,16014135,ransom,
7856634,853213,1999117,943582,40258515,ransom,
1822622,148450,426364,191647,13934259,ransom,
4790196,646064,1589698,480206,23744148,ransom,
4396576,521342,1414913,566799,22409792,ransom,
971199,120018,444639,231446,6807869,ransom,
3990945,526799,1220335,514251,19213619,ransom,
4423565,588164,1078919,266938,22669092,ransom,
1853509,204445,832455,390239,10189447,ransom,
3030816,350425,1244545,703913,14878820,ransom,
5092780,644420,1170918,380346,29607334,ransom,
5464123,662231,1317586,459234,28105024,ransom,
1457040,183502,719052,357868,9034531,ransom,
4408447,596983,1397195,440265,21943424,ransom,
4459175,553788,1156850,358281,22893935,ransom,
1231926,149686,598958,282310,6780244,ransom,
3577484,462980,1242674,592062,17426039,ransom,
3800166,522346,1057336,231970,18880936,ransom,
5002218,596203,1708979,868627,26846012,ransom,
5004496,463034,1202910,524718,30665185,ransom,
3499735,495713,1092456,194634,17777334,ransom,
4342794,518213,1332639,536105,23516761,ransom,
780051,103488,376341,199982,4268402,ransom,
4151774,569870,1286448,400751,23591980,ransom,
4379491,558251,1137070,432062,20484736,ransom,
2320007,256035,1145977,439793,13729037,ransom,
3661344,452550,1407059,673818,19442681,ransom,
7234169,833255,1774205,722501,44005542,ransom,
4198931,426452,1220618,453309,25039276,ransom,
2722256,304301,1116194,578272,13927547,ransom,
4150743,587276,1067143,207707,20087410,ransom,
4287612,520995,1316067,543188,22622951,ransom,
308411,35377,168096,93070,2677793,ransom,
3736253,513624,1164795,352243,18827100,ransom,
4682203,595019,1177685,432498,23087772,ransom,
1521503,159146,984008,419015,9941727,ransom,
6721691,744491,1621341,789331,35088811,ransom,
4691214,595404,1121370,258915,25984233,ransom,
2720212,301397,1017145,364926,14986364,ransom,
3168800,386158,1308738,670473,15735446,ransom,
3274854,478280,1020743,172747,15678061,ransom,
4158906,510616,1072930,401723,21560453,ransom,
4115333,575201,1432766,439244,20763304,ransom,
4168835,527467,1037003,267970,21715158,ransom,
2529000,309181,1020909,527584,13316049,ransom,
3916749,560092,1463752,488373,19714922,ransom,
6829699,803206,1443419,645750,36398646,ransom,
3014332,271922,901271,364711,17800780,ransom,
3157976,447751,1373672,549224,16665928,ransom,
3490161,445066,1766877,752896,17376960,ransom,
3194970,439382,1015657,284082,15211517,ransom,
2365607,269458,1394125,533090,12449471,ransom,
1346846,139101,403965,182704,6291488,ransom,
5121982,681738,1438152,376321,25312339,ransom,
6610079,746235,1964306,938407,33003240,ransom,
9445703,650047,1323800,262184,47077100,ransom,
6071911,467823,520698,242867,27581732,ransom,
6417002,414766,479421,206579,26433733,ransom,
5948026,397123,309521,126391,25407789,ransom,
6475114,717408,896801,375877,30373739,ransom,
6615103,631082,242660,94333,31655351,ransom,
5836993,738314,702648,279529,28024268,ransom,
7394050,971923,1793773,639216,37808655,ransom,
8890897,1064194,1578136,733162,44868415,ransom,
13653639,1594960,2488730,1096475,79317936,ransom,
20794564,2982918,3156046,1252871,113699876,ransom,
28361403,4240768,3220307,1174401,154207741,ransom,
30249634,5216899,3244499,1340276,160126659,ransom,
27717463,4138898,3215061,1267484,147998159,ransom,
25749692,3908643,3077745,1213750,137706175,ransom,
13632689,2077792,1772936,780717,73368613,ransom,
14019208,1496238,1278719,694904,81393813,ransom,
26278383,2471948,2814391,1411777,137816899,ransom,
23024987,1862918,1885925,902483,126211047,ransom,
5183464,442408,1089212,551902,25668242,ransom,
4881877,618058,1659636,452350,24068461,ransom,
3329786,399594,1110211,440158,17648381,ransom,
935137,101115,363218,219550,4008783,ransom,
4397293,605185,1684102,435356,21913048,ransom,
7147634,839367,1677946,583776,37769931,ransom,
11863759,1227355,1720955,904043,57880660,ransom,
9988547,1211426,1891215,644650,53498356,ransom,
10889265,1315753,2247369,696544,57324198,ransom,
5208159,608174,944781,418899,27388025,ransom,
4805898,604814,1081346,519195,26025947,ransom,
10725636,1145296,2124842,496543,54501611,ransom,
10156550,1004212,2156090,552927,52317329,ransom,
9777473,909824,1941606,502139,51062653,ransom,
1596827,192501,782962,464851,9000361,ransom,
6117494,671949,1141582,617344,35249977,ransom,
6128387,770821,1674820,394007,29903414,ransom,
4795922,655157,1564676,471043,25572859,ransom,
5046111,624038,1458579,562745,26538972,ransom,
5070595,675121,1399177,370370,24921111,ransom,
4975557,647791,1329800,490625,26526926,ransom,
5833272,750256,1670223,467984,27651255,ransom,
5710191,725940,2084964,860643,30305966,ransom,
8701813,933070,1912411,690606,48302438,ransom,
1113303,109195,387762,206621,5803329,ransom,
2568104,341140,756431,413136,14226536,ransom,
6050113,760223,1718664,446185,28984316,ransom,
2038167,235747,964109,493770,12702398,ransom,
886616,101798,401036,240002,4725228,ransom,
4847396,644425,1361140,348052,23663390,ransom,
4919189,605696,1452157,566722,27155026,ransom,
7149335,752248,1911538,754140,35452597,ransom,
4423838,482431,1148052,441581,27388130,ransom,
632937,68833,253987,156080,3593447,ransom,
4025335,541908,1213432,345437,19908376,ransom,
5098345,631066,1434414,524685,26696327,ransom,
1512581,151497,425715,214587,7030752,ransom,
6536484,798859,1281884,368085,31096533,ransom,
4886560,604921,1386689,419788,25756704,ransom,
3466433,378543,1200050,772359,17054881,ransom,
4444211,427276,858900,371610,29408507,ransom,
4429915,580467,1329748,354634,20794588,ransom,
3635808,456387,1109281,462519,20041519,ransom,
675512,77112,295827,177915,3029728,ransom,
3891091,513712,1174788,385234,20410789,ransom,
4449498,577660,1089898,352455,21818913,ransom,
3043376,349580,1067201,492489,15368782,ransom,
2766919,376170,997540,429047,15305151,ransom,
6334799,693535,1653815,656181,32858490,ransom,
4844292,539376,1305087,483182,27294220,ransom,
1930865,249344,754093,368526,10676845,ransom,
4473124,584010,1526016,396519,22282494,ransom,
3854755,477292,1123581,446553,20164122,ransom,
438401,55337,238285,156559,2908386,ransom,
4119038,535347,1248718,416038,20110483,ransom,
4180107,551698,956068,305086,20366853,ransom,
2682485,279972,1396825,645133,15968151,ransom,
5938778,694496,1317624,659865,31772849,ransom,
3826210,451070,1118975,231736,22049037,ransom,
4435570,534759,1378829,561741,23362373,ransom,
1955629,256123,681856,353603,11198232,ransom,
4096664,546701,1342864,318394,19260408,ransom,
3868584,484266,1084775,426299,21878237,ransom,
195277,24452,148966,84502,1035243,ransom,
4541808,603840,1570997,585552,23231971,ransom,
5067174,676000,1356671,592215,24411583,ransom,
5116183,526891,1508441,689045,29965746,ransom,
4038365,501974,1077255,369754,22751447,ransom,
4298642,559722,978195,220833,22137271,ransom,
2221145,240178,962118,498335,11191831,ransom,
1617596,219750,531828,265558,8896745,ransom,
4016898,541266,1387497,332687,20004053,ransom,
3515994,431507,904761,324457,17661540,ransom,
3589769,501713,1244300,396554,19406602,ransom,
5934183,728991,1553571,699048,27440820,ransom,
6177207,632970,1613091,682436,37986346,ransom,
3554878,473179,1491421,346616,16997934,ransom,
4021141,496790,1075290,434883,20986010,ransom,
342070,39884,223282,125033,2740070,ransom,
4539189,610318,1512472,547404,22342866,ransom,
3528588,487625,897322,235900,17087660,ransom,
1994959,224401,1027894,413400,12022822,ransom,
4229220,536327,1550343,730646,21576595,ransom,
7218449,796219,1470369,449068,40021803,ransom,
3609965,400336,1444591,587083,19528924,ransom,
2532883,334735,788419,391368,13108170,ransom,
4169785,594875,1361045,301555,20875395,ransom,
4182040,520235,1168318,376936,21324385,ransom,
1326522,168392,691891,341043,7394774,ransom,
4771318,631972,1609084,488777,23214305,ransom,
3375327,460574,916590,255589,17006113,ransom,
3441236,354366,1245963,750301,17831023,ransom,
6233231,703307,1518706,589005,35846291,ransom,
4579143,589390,1188040,300771,24988717,ransom,
1927015,217570,804113,446505,9377738,ransom,
2618849,342001,786085,416222,14375045,ransom,
4073457,551191,1074730,181172,19606695,ransom,
5388999,668820,1714480,683938,27996529,ransom,
4372897,604911,1025476,192776,22020715,ransom,
3973807,412367,1682632,811827,22075619,ransom,
4863273,490264,762832,414195,28284387,ransom,
3194134,434498,1346379,250113,16667285,ransom,
4400446,527920,1343586,558417,21840116,ransom,
96054,14092,87168,60831,1069918,ransom,
4811587,637386,1619375,586826,24299820,ransom,
4575162,565425,1267575,405052,22318801,ransom,
1007538,127277,472283,247183,6089393,ransom,
4686092,594421,1688767,808035,23092173,ransom,
7332464,833723,1384059,454254,40947073,ransom,
3001244,312318,1333109,536336,16399879,ransom,
1996761,262253,700899,336030,10308871,ransom,
3639274,500815,1102200,216531,19432644,ransom,
4512671,546661,1334749,589640,22397404,ransom,
257649,33833,147775,93515,2264950,ransom,
4337144,586780,1451874,563677,21069430,ransom,
4579683,592787,1289394,417527,22352446,ransom,
4166543,416959,1275083,696950,22693851,ransom,
5173722,598984,1372038,619501,29061362,ransom,
3378965,458823,969432,162943,16388594,ransom,
3450816,402308,1264343,460282,19900044,ransom,
2301092,297378,875518,445139,12860973,ransom,
3376293,471407,1046759,160885,16266265,ransom,
4665826,566701,1272839,572486,23574317,ransom,
394124,48502,218464,106189,2318825,ransom,
5759710,733266,2034192,786213,29575922,ransom,
7927894,879627,1740594,724562,44217728,ransom,
1208919,126475,396995,180772,8211092,ransom,
4180258,543944,1409443,571760,20331664,ransom,
4438699,585561,1065144,233212,21599284,ransom,
2461749,265068,1175819,494085,13739091,ransom,
3313294,420760,1131635,507442,16587051,ransom,
4910936,654891,1245079,228406,24174767,ransom,
4075305,439488,1710267,714872,20171826,ransom,
733822,72498,301337,128909,5781737,ransom,
5416287,702927,1508982,772151,25041103,ransom,
7470340,823726,1699456,569759,42892809,ransom,
2997343,312281,1142616,358601,16712020,ransom,
4147030,536212,1300105,541269,20992720,ransom,
4415061,578053,1038348,219721,21922112,ransom,
1674334,188931,719078,373417,9105661,ransom,
2016683,241796,726792,368257,10186996,ransom,
4372053,610165,1099859,238045,22962031,ransom,
3710573,437967,1302360,540352,19875758,ransom,
2971323,283400,850716,581869,15117297,ransom,
5116747,624192,1328586,459096,30609080,ransom,
4379844,578698,1344653,483677,20152841,ransom,
2497971,266313,1034514,373389,14889866,ransom,
3170881,407501,1047544,498143,15890461,ransom,
3504655,467039,995229,178266,17004818,ransom,
3290083,389377,1086959,412829,18724749,ransom,
1832276,208403,763121,397583,8744551,ransom,
3066447,453289,1092352,298034,15765978,ransom,
6924297,780662,1655509,791720,34286249,ransom,
3511648,318732,895966,393266,25465404,ransom,
4866637,658617,1488018,391328,25741219,ransom,
4905198,566272,1448826,611268,23965801,ransom,
528694,65118,310596,160319,4147729,ransom,
3656730,473279,1226414,587636,18410080,ransom,
4312464,592670,963946,234720,20898419,ransom,
2085467,218188,1029351,409728,13386462,ransom,
1717734,194108,949258,507675,9380841,ransom,
7316926,822827,1719369,605677,38143694,ransom,
5551486,609374,1405763,569707,31794364,ransom,
643898,74832,351782,176433,2937216,ransom,
4026857,546420,1346422,405142,22254575,ransom,
5433316,654299,1527828,526924,26161633,ransom,
1133454,139951,525192,272305,7137449,ransom,
3916539,526343,1289097,514519,19208283,ransom,
3958776,546187,823180,200974,18677021,ransom,
3068457,300186,1413518,671362,18124573,ransom,
5509133,550978,1235381,633672,32684036,ransom,
3438862,474935,1126640,180492,17890509,ransom,
4041064,492638,1085953,417486,19919297,ransom,
1278592,160980,594680,321456,7607666,ransom,
3994520,546544,1268349,345672,19990565,ransom,
4932094,608582,1292958,469890,24164631,ransom,
1407447,174304,618124,320692,8691727,ransom,
3234508,440951,1048122,428685,16221121,ransom,
6159477,765055,1578949,699908,28553999,ransom,
4673065,418297,1250497,468352,31461138,ransom,
2890358,374319,841014,442924,14056792,ransom,
4149910,565690,1074512,215161,20966112,ransom,
3131675,347430,1149979,488271,16775345,ransom,
622539,74136,280193,156298,2785159,ransom,
3967954,547957,1287551,366130,20813376,ransom,
5031563,602731,1322299,455671,24018276,ransom,
1588457,181024,957567,483177,10745827,ransom,
5474039,613893,1380803,746213,27709950,ransom,
4748419,517099,1417916,400729,28055260,ransom,
3484659,421842,831953,288745,18148872,ransom,
2737635,319622,1297066,648427,14460751,ransom,
3205743,465984,846807,147033,15880740,ransom,
3516641,446406,778705,267436,17258990,ransom,
2334349,267964,1119618,527490,13120112,ransom,
3686081,498050,1137026,327926,18344357,ransom,
4148582,556984,1256631,522587,20928995,ransom,
4974797,470570,1516855,749303,27507061,ransom,
5469462,614675,1372810,454159,31658398,ransom,
4770843,619631,1355662,496520,23561679,ransom,
1627979,174845,781882,337045,9373323,ransom,
2439255,292004,957242,514295,13237039,ransom,
3915108,539047,1106663,219558,20015781,ransom,
3767343,462614,1030238,412836,20422486,ransom,
1178097,132895,496926,292453,6259967,ransom,
4680403,629625,1649612,588410,24114594,ransom,
6837179,816397,1425841,667790,33583697,ransom,
2844460,274576,1041130,416534,19791117,ransom,
3754582,505112,1183949,392935,19893935,ransom,
4311517,576051,1171525,412014,19902591,ransom,
1846546,189477,895399,334342,10925585,ransom,
1850330,208432,810868,411893,9172580,ransom,
4086095,583466,1244018,232223,19377341,ransom,
3918592,479824,1046543,404850,21608609,ransom,
2651651,276218,1071696,685620,12300660,ransom,
7091137,781968,1578447,469270,41177029,ransom,
4377420,548015,1234739,454995,22007361,ransom,
1826160,215132,841690,415775,11201015,ransom,
3178232,433691,926504,376905,17013248,ransom,
4357773,590641,1109396,364831,20155746,ransom,
2596189,275704,1063652,431059,15535651,ransom,
3050547,409923,909524,405914,15628829,ransom,
3398464,435436,1109590,306254,16970975,ransom,
5256751,630041,1511060,780569,26768028,ransom,
3157516,274553,637113,282911,20995320,ransom,
3538373,487000,1072359,330016,19075390,ransom,
4321490,564428,991438,342507,20469623,ransom,
2339718,249689,1080369,441743,13486670,ransom,
2989622,411978,950134,353680,15149791,ransom,
3878836,508044,1182219,378882,19009000,ransom,
3061440,353532,1043262,392757,17091742,ransom,
1214924,140253,689564,378785,7138150,ransom,
5770637,666425,1564164,694555,30112056,ransom,
5027789,604364,1003522,313988,27548149,ransom,
2840568,307347,1339680,592630,15660498,ransom,
4071729,551359,1304072,381045,21674543,ransom,
4403953,537841,1117370,342602,22701996,ransom,
2063208,234216,884062,440612,11020565,ransom,
3319226,460342,1018483,371490,17224294,ransom,
4691608,607086,1244707,373406,22003387,ransom,
1809940,188228,1086057,465073,12252875,ransom,
6261899,610420,1341293,753460,35216487,ransom,
6462813,808577,1703158,360623,32161913,ransom,
1413399,168280,666134,366649,8808199,ransom,
914786,105959,367766,213372,3997758,ransom,
4328832,592434,1368830,363423,21888829,ransom,
4139871,513794,1029495,363913,21175122,ransom,
1778146,210557,778690,399366,8899364,ransom,
2665388,386312,855413,345294,14603415,ransom,
5704780,695152,1650192,721581,26030880,ransom,
5768428,567230,1439224,547934,37932012,ransom,
1474527,171726,678851,330304,8800069,ransom,
3134400,448356,1266519,320667,14456699,ransom,
3198668,463038,929699,273761,15565597,ransom,
2676425,296799,1275719,433150,14091829,ransom,
4360053,580968,1365352,362047,21395122,ransom,
3973809,508490,1084242,345923,21477406,ransom,
2353618,269830,1037451,555426,12226437,ransom,
2472641,333078,1012893,486809,13827719,ransom,
7467762,863741,1573934,593038,37675187,ransom,
4075615,413372,1215610,477036,23793168,ransom,
817292,106300,368608,213259,4600754,ransom,
966369,103627,372827,219197,6175293,ransom,
3055255,414877,891163,264620,15093283,ransom,
4509060,587191,1114627,327416,22725748,ransom,
1680230,188369,753494,341575,10032102,ransom,
1217412,155320,479846,243206,7076995,ransom,
6403389,773450,2086278,901560,28904270,ransom,
5750430,583350,1102868,303337,36058918,ransom,
1741029,212827,815737,401874,10106966,ransom,
3809439,512250,1276361,404414,18522639,ransom,
3422306,480269,905783,277687,17543363,ransom,
2806519,306166,1371170,496261,15079482,ransom,
2968075,405276,946455,351691,15017901,ransom,
4474865,611659,1026502,303334,22050642,ransom,
2458980,259808,1117264,440197,13753330,ransom,
1603208,191229,840077,432245,10073696,ransom,
8058464,932733,1933029,743192,38600850,ransom,
4834186,541620,1164947,463324,28908403,ransom,
485734,56498,229537,134007,2487818,ransom,
4194873,571162,1370376,496844,20516476,ransom,
3861462,517471,847641,246114,20515768,ransom,
2339000,260041,1088045,449855,11988695,ransom,
3192788,436564,963990,385086,17157307,ransom,
3287328,435462,1323833,340772,16618250,ransom,
5411815,672795,1793613,686429,28061510,ransom,
6594140,904434,1748839,693982,30996400,ransom,
6409541,609822,1962428,738355,38974828,ransom,
3376296,446736,1067181,310837,16317944,ransom,
5416002,681647,1296774,370488,27266338,ransom,
2020220,210800,763774,366809,11733723,ransom,
2134807,252308,593889,308328,10884999,ransom,
4691396,580446,1795139,396732,22197175,ransom,
4172449,517577,1180987,479506,22614193,ransom,
494052,55724,318301,171723,3378117,ransom,
5402553,650636,1657140,810107,25439577,ransom,
6232768,693562,1202119,342021,38025769,ransom,
3367496,365169,1533719,585014,16771870,ransom,
3652751,493408,1145315,399892,19444749,ransom,
4603733,591022,1204855,338859,24260005,ransom,
1639654,188397,676185,343164,8144337,ransom,
2143745,276675,686646,344412,12500887,ransom,
1206307,156363,321662,183946,4906265,ransom,
538947,74195,339741,166256,4051754,ransom,
4934957,589856,1575617,638790,23884658,ransom,
6808248,703088,1460336,546243,39389511,ransom,
1783830,220690,679978,338900,11602613,ransom,
7029567,941090,1754985,536871,34201630,ransom,
3989182,482632,1021892,432578,21508809,ransom,
345856,45407,246779,116873,1890041,ransom,
4395512,570894,1450432,550625,22062111,ransom,
4132945,555421,901752,308528,19766405,ransom,
2574441,272817,1178271,489379,15124735,ransom,
3580705,466831,1262785,569959,18794574,ransom,
6905926,776068,1386273,534981,37057501,ransom,
4310569,450435,1475073,609320,24454436,ransom,
1550364,193994,544640,286077,8358973,ransom,
4360626,582220,1320206,337431,22291227,ransom,
4307849,525155,1227332,502431,21821614,ransom,
337130,44468,204961,135576,3714266,ransom,
4681202,618984,1468568,500354,22802501,ransom,
3765176,482276,908907,264659,19571225,ransom,
1717781,190220,1019116,496538,10242465,ransom,
6198217,703261,1403067,698473,32203477,ransom,
4643295,579583,941216,180545,24833810,ransom,
3486601,381954,1398659,579676,20114507,ransom,
1341614,159210,511520,253709,7442337,ransom,
4343984,597423,1332281,363967,21128626,ransom,
4353928,525959,1162524,467767,22110302,ransom,
276873,35451,205548,106324,2281546,ransom,
3750074,494277,1297681,547247,18145695,ransom,
5020245,639048,1327268,549086,25661842,ransom,
5207913,470581,1305398,532562,31447069,ransom,
3511434,467365,1150016,520112,19088090,ransom,
2439262,331228,1128758,231018,13814095,ransom,
4485343,548516,1305683,532350,22293991,ransom,
2459825,331162,794475,404392,13858308,ransom,
2950617,397269,1292494,265383,13803355,ransom,
4722441,585448,1311205,516727,24047905,ransom,
584669,72376,294886,131092,3228073,ransom,
4784925,577948,1649513,831763,22745714,ransom,
6938414,787752,1269154,399403,39968436,ransom,
2113389,229719,1001464,354311,11980151,ransom,
3693679,481316,1220055,493153,17774459,ransom,
2822008,388076,1098112,265503,14792368,ransom,
4432045,534414,1490715,605176,22765101,ransom,
1620260,194457,722396,360695,8737336,ransom,
3509763,506090,1378130,483979,16442361,ransom,
4658392,619425,1910997,819504,23798601,ransom,
7906213,770510,2156914,922059,43476310,ransom,
7170717,873126,2057652,649475,35877818,ransom,
4794677,575376,1335369,570726,25761504,ransom,
424904,44462,115425,57637,1983390,ransom,
4676794,611673,1604356,629037,23698234,ransom,
4413717,564744,1100360,289946,22286053,ransom,
6051838,795575,1936773,647741,31546752,ransom,
5361293,713977,1397165,491188,28508877,ransom,
7091865,897746,1795705,759643,33253906,ransom,
4986433,448942,1581858,657210,32316475,ransom,
173825,23679,107199,82184,1029552,ransom,
5687788,745537,1689853,507274,29745105,ransom,
5441777,698114,1443847,564999,28215009,ransom,
4399895,625113,1264699,242204,21007531,ransom,
3032830,319320,1397442,605082,15719976,ransom,
11045,2215,14817,12143,57088,ransom,
4992444,653910,1747909,750910,25469374,ransom,
7499882,829841,1584157,535089,42395225,ransom,
1464981,175764,616918,331800,7911152,ransom,
4873926,640947,1602494,627770,23350084,ransom,
4193368,527606,1038599,292372,21128793,ransom,
1369485,160039,591190,321403,7979436,ransom,
2008106,244752,768345,378857,10871704,ransom,
3715884,508554,1007775,176841,18022220,ransom,
4660440,510057,1485594,707114,23937187,ransom,
269112,37362,166715,91980,1373131,ransom,
4397209,555222,1557997,715263,23025571,ransom,
7734284,869049,1412375,512112,41817210,ransom,
2241490,240817,1015812,447143,12946411,ransom,
3830770,494333,1257384,530250,18371765,ransom,
3034759,418435,793109,184615,15541563,ransom,
3292818,382002,1022028,418276,17200014,ransom,
1161491,131750,503975,272563,6654624,ransom,
182652,25583,130083,80024,1807761,ransom,
2612805,323465,1164181,663185,13874716,ransom,
6252545,678474,1460511,491654,32242301,ransom,
4908009,540863,1104839,445976,28072892,ransom,
1964727,210501,837215,434898,10723907,ransom,
4073727,570218,1141518,234484,19186095,ransom,
4650562,554395,1318226,559741,24849394,ransom,
460618,60580,262686,130083,2330081,ransom,
4185733,552103,1331199,434444,22072877,ransom,
4258958,540006,1131504,373483,20408665,ransom,
3409148,345082,1264937,763356,19118598,ransom,
5841179,619341,1401166,581955,35492626,ransom,
4140086,582256,859192,193887,19743963,ransom,
2050271,209471,914019,361580,12665930,ransom,
2428629,296098,859928,435304,12034183,ransom,
3949193,535513,1215152,280561,19119924,ransom,
4499364,552696,1307315,541101,23862933,ransom,
775711,99539,384714,201117,5254246,ransom,
3768596,517207,1156201,321749,18797235,ransom,
4607989,577853,1186732,387639,22502734,ransom,
1126339,133373,520173,242328,6318778,ransom,
1523477,174764,637134,363648,8341717,ransom,
268869,29423,395521,215970,2495643,ransom,
5616927,633285,1321660,587646,28596667,ransom,
4671751,548942,1266727,388842,25009026,ransom,
3232917,370401,1007976,394549,16731346,ransom,
3906266,515683,1236766,599364,19764727,ransom,
3804129,531270,847731,167016,18676252,ransom,
2288862,242743,984468,367635,12869981,ransom,
1752625,194761,703371,405875,9901651,ransom,
118975,15430,74777,50221,533078,ransom,
3973481,500215,1272327,701867,20609387,ransom,
6514535,704155,1369090,378886,36374262,ransom,
2955647,346866,1010277,396175,17313912,ransom,
2198564,253711,866930,447133,11807836,ransom,
3227341,462405,1141769,280587,15036976,ransom,
3800875,496128,947742,317166,18236638,ransom,
1852046,209882,980716,383821,11061828,ransom,
3915078,536370,1187954,339185,19573071,ransom,
4519060,556693,1382308,520854,24512395,ransom,
6042922,663410,1337140,721192,32673368,ransom,
5728562,680304,1300373,529823,32849540,ransom,
3794634,504907,1026422,250353,20124037,ransom,
3030587,351685,1016402,394919,17260707,ransom,
2085694,236680,915566,489637,10367819,ransom,
3513674,491065,1007280,219557,16920471,ransom,
3706962,480070,863700,333632,17807644,ransom,
2166218,255515,1034256,454873,12928001,ransom,
5410397,707429,1746963,598571,26777921,ransom,
8295117,853419,1842096,827904,47867798,ransom,
82278,10240,57586,34293,1306969,ransom,
3904184,517870,1229699,456275,20352428,ransom,
4532474,585842,1131477,340098,21799403,ransom,
1327774,151860,637225,313557,9011538,ransom,
2242072,262399,844855,434901,11052383,ransom,
4167589,573001,1250136,307972,20864286,ransom,
4100285,511383,1102034,465386,20766690,ransom,
2097660,264522,916246,522198,10260159,ransom,
6741498,822517,1831446,560796,35400770,ransom,
6085986,637592,1652296,624545,33176388,ransom,
1604181,186641,704081,305799,9920394,ransom,
3503225,465691,1235001,469869,19262725,ransom,
5498813,720626,1407816,419503,25635563,ransom,
2557031,250614,1047279,431585,16002454,ransom,
3205602,414938,1022534,489632,15500304,ransom,
6516037,788028,1708822,358170,33331254,ransom,
3606589,407176,1538061,843774,19587539,ransom,
3683317,317538,762516,370508,22796895,ransom,
4525286,610927,1372154,382122,24068192,ransom,
4951130,603888,1379281,553675,24667436,ransom,
815322,91581,380155,198053,6179433,ransom,
3437901,452886,1071783,466557,18719774,ransom,
5083009,658413,1525331,559957,24170583,ransom,
3383651,391872,1328184,531049,19093112,ransom,
2933659,367320,1189629,664075,16846670,ransom,
4667154,617838,1322988,474855,21637035,ransom,
5793625,657970,1272209,398221,33763551,ransom,
2113387,245928,989538,481512,11440856,ransom,
4076610,554703,1245838,343390,20382329,ransom,
5110836,622018,1428444,563792,26272877,ransom,
637667,77608,327705,151152,3290368,ransom,
2973081,412030,875950,357190,15926161,ransom,
3641852,465520,1461932,443298,17335922,ransom,
3643664,467983,1352751,576413,21392307,ransom,
5587087,578148,1357723,748875,31816680,ransom,
4806965,627954,1111237,225417,23865936,ransom,
3546192,425826,1213511,516601,20343735,ransom,
1037221,111613,414771,226840,4384990,ransom,
4692457,636852,1402757,376820,24371460,ransom,
4728962,572208,1338908,521397,24075059,ransom,
798340,100151,350007,161061,4218415,ransom,
3089184,424268,972553,342743,17330822,ransom,
5631779,689447,1825139,918697,25826550,ransom,
5292554,495967,1356927,541444,33195463,ransom,
1923316,199018,769461,384396,12033919,ransom,
4001206,550162,1207549,273345,18660529,ransom,
4041213,494649,1050676,391201,20582998,ransom,
1414713,162716,592861,322385,7516314,ransom,
2989452,417923,1104789,381635,15108423,ransom,
3015257,389663,1190558,378674,15666890,ransom,
3724303,470982,1185919,436559,20080076,ransom,
4942579,585991,1469184,742493,25253995,ransom,
7558389,818355,1630984,631780,41683757,ransom,
2000190,211529,975319,389605,13227358,ransom,
2047853,258007,669023,358774,10486284,ransom,
3598796,490796,1441771,387402,18781306,ransom,
4655598,579005,1329941,534695,24736157,ransom,
930177,107182,436044,235295,3734014,ransom,
3899030,530115,1246132,364030,20172710,ransom,
4144774,513053,1264630,417963,21733980,ransom,
4569596,452360,1143494,683050,24262090,ransom,
4235569,466526,1087885,418530,27974069,ransom,
4923200,667671,1174764,351635,22746408,ransom,
2035452,205195,927473,356385,11641905,ransom,
786935,93293,347565,205710,4343099,ransom,
911711,103908,388494,213036,3552381,ransom,
3161181,423038,927302,386364,16847348,ransom,
4976445,676479,1261314,440131,23967383,ransom,
3656902,385637,1396885,707175,20404843,ransom,
4425395,445710,872657,383274,27984788,ransom,
4026750,539945,1370780,337757,19782025,ransom,
3660482,450729,897339,342832,19063888,ransom,
1353248,152340,607221,345728,6729599,ransom,
3946731,543275,1205921,324774,19677989,ransom,
3662965,470266,811380,241599,19215625,ransom,
2096887,233801,948173,438246,10483428,ransom,
2839182,393847,1056925,471732,16397947,ransom,
7158750,831650,1665734,695648,33711168,ransom,
4482534,409127,1150352,417215,27987639,ransom,
700999,84029,323176,189580,4025260,ransom,
991512,104576,364991,183719,3915081,ransom,
1974510,283138,555551,296837,11453026,ransom,
3585112,457835,1276247,333312,16528688,ransom,
3316289,418304,714667,229111,17001642,ransom,
1130926,140882,522560,277984,6308436,ransom,
1798389,180207,843414,523068,10122951,ransom,
5800076,630688,1130854,524230,31316490,ransom,
5034464,633173,1196450,370859,26045443,ransom,
2348426,252874,892828,333025,13550144,ransom,
1157214,129642,532203,260718,6443007,ransom,
3830895,521405,1142290,301492,17601596,ransom,
3062372,418459,598034,242689,16800396,ransom,
2224525,245845,1167226,410348,12437313,ransom,
3991567,522328,1293773,412370,20793087,ransom,
4330283,558840,1144140,506959,23667317,ransom,
5886559,550664,1751709,728805,33453114,ransom,
3636950,457777,1078137,455894,20798801,ransom,
2773905,364201,1129154,291635,13189481,ransom,
4376170,534363,1283278,543259,23063916,ransom,
1504176,178775,618101,306509,8085276,ransom,
4035330,545995,1244570,314811,19609018,ransom,
3273931,407715,796650,210669,16626268,ransom,
1448843,178820,810436,438414,9188303,ransom,
6459839,771989,1831454,860533,32136824,ransom,
6074071,680989,1225036,304235,35427830,ransom,
2126342,249025,978546,497584,10203857,ransom,
3353401,443551,1121925,448961,17349097,ransom,
4406945,599572,953823,243568,21009469,ransom,
2515884,262921,1143234,491856,13085003,ransom,
1649242,201993,704420,355162,10769326,ransom,
4435915,608197,1417316,420208,22155474,ransom,
4813710,581111,1378484,671721,24654524,ransom,
3751227,315795,727268,357129,25919476,ransom,
5705391,752191,1879744,617685,27414915,ransom,
4067750,500859,1092201,445873,22116582,ransom,
1021067,113903,474449,255807,4246876,ransom,
3451700,470185,1150443,498931,18290957,ransom,
4201719,579640,862636,183892,19996201,ransom,
3006312,315908,1398487,612140,15208993,ransom,
1631526,217151,594048,303256,9580840,ransom,
4770999,619735,1650248,605067,22885234,ransom,
7338975,750794,1421566,600109,42169503,ransom,
388614,51501,239506,114195,2041109,ransom,
1440125,160672,586175,318985,6841271,ransom,
1327369,167421,431012,241864,7887657,ransom,
4045430,543518,1251350,326936,18692505,ransom,
4395947,530341,1167558,499431,22071320,ransom,
292474,36454,182082,90965,1510372,ransom,
1353208,145422,722950,390256,7587712,ransom,
3381572,303955,621038,418555,18710106,ransom,
1518586,117293,267820,106631,10237896,ransom,
584602,64016,252354,139756,3957676,ransom,
94451,14206,73760,47052,484127,ransom,
3674562,501140,1171909,460967,17962296,ransom,
3682533,517638,721112,156146,18898447,ransom,
2282668,243405,1011070,386440,12355921,ransom,
3405476,448495,1248259,557870,18827483,ransom,
5724479,688507,1430047,604190,28307277,ransom,
5952129,620837,1691516,678373,34403274,ransom,
3894312,554433,1141357,254209,18760578,ransom,
3968150,494123,1039781,413142,20743905,ransom,
3261981,440723,997944,345662,16481572,ransom,
4042535,553323,852075,248948,20251235,ransom,
2641786,275414,1199947,501235,14435225,ransom,
1824829,246980,570914,283709,10949090,ransom,
6982195,929846,1800184,697332,33007311,ransom,
7576736,821226,2075910,793687,44332158,ransom,
4317714,594512,946790,239488,21608746,ransom,
2575932,268682,1199789,486530,15012884,ransom,
1061847,121031,390030,213720,6612021,ransom,
3906852,546645,1129567,236426,18323369,ransom,
4358776,533323,1222546,545731,23144816,ransom,
48747,7821,46190,36894,312927,ransom,
4337045,566189,1535774,601848,22707013,ransom,
6982869,779813,1389005,603383,36825064,ransom,
2940245,285094,1052323,436548,18962758,ransom,
4024153,522107,1264719,540023,19181097,ransom,
2225122,301436,1055272,224236,12177945,ransom,
4672524,569828,1328831,566143,23064530,ransom,
1899444,237721,772968,384332,12954803,ransom,
3704315,511793,1128857,247655,19357852,ransom,
4219577,520088,1144293,476738,21276670,ransom,
2300661,231306,903941,576761,12009078,ransom,
5974252,654892,1704646,724602,33587733,ransom,
1977119,277080,1166075,417790,10662146,ransom,
2612084,368702,1034381,353172,12117062,ransom,
4418667,503758,1644294,674834,21549776,ransom,
861899,86005,322640,104216,5038142,ransom,
5485336,710648,1713056,546735,26434375,ransom,
4708250,570974,1117254,405430,24856830,ransom,
1251323,109716,459524,172366,7290750,ransom,
5818287,694329,2107017,848198,28301062,ransom,
7586298,800578,1423607,419868,43460773,ransom,
1861675,213629,787296,433751,8982489,ransom,
681693,83195,319573,184011,3943474,ransom,
245512,29732,130729,81597,3085604,ransom,
4031031,513125,1383078,649071,19192241,ransom,
3875581,544563,802018,178304,18530545,ransom,
2874908,306376,1214101,521849,15166339,ransom,
1023718,109504,640393,329046,6625255,ransom,
6030805,715681,1481487,564955,30010445,ransom,
5724315,633902,1095460,427124,32560867,ransom,
11436577,1487752,2181041,923537,64435858,ransom,
25589986,4025531,3032299,1189678,139154679,ransom,
26688901,4045797,3276740,1138757,147045537,ransom,
27491990,4929245,3089519,1143461,146021247,ransom,
23976129,3682927,3043823,1292448,128633506,ransom,
23249296,3626341,2346447,917178,125506022,ransom,
5222830,672544,1521070,794357,29417707,ransom,
19757335,2019907,2706935,1479958,109789810,ransom,
21246577,2144340,1923070,696387,110601370,ransom,
20424633,1694706,2334249,1093417,109579576,ransom,
795783,60993,294652,174925,4928408,ransom,
5513736,735902,1533719,438149,27544933,ransom,
4174350,494623,1269825,558660,21984864,ransom,
25218,3964,24952,18619,114008,ransom,
1819120,212806,996880,597985,12035436,ransom,
3864917,347007,723363,454453,20584791,ransom,
5364920,658220,1365105,318302,29946763,ransom,
4728805,573576,1402263,598239,25179693,ransom,
1813,168,2633,2262,6087,ransom,
3657170,480561,1127872,457028,17944466,ransom,
4472893,595119,1005603,248416,21392484,ransom,
1708081,181627,792394,377684,11891755,ransom,
2856309,388691,898235,460804,13325106,ransom,
5481163,655413,1831680,740541,27487346,ransom,
6727128,707471,1663999,664268,39229567,ransom,
508345,56945,231275,130662,3333851,ransom,
3760992,518450,1152575,358307,18880524,ransom,
4670138,580356,1231080,413572,24066476,ransom,
1424971,162622,747682,313702,8079687,ransom,
3023500,400657,1004634,441074,17420736,ransom,
3974028,534412,1110209,300778,18645733,ransom,
3244317,359215,1198529,535746,18082537,ransom,
5702313,579504,1398828,738228,30194043,ransom,
4241812,524884,1119396,203724,24894357,ransom,
4174255,518881,1242222,524729,20889301,ransom,
1484590,174526,691054,390357,7727911,ransom,
4252886,581399,1265481,331281,21214940,ransom,
4498690,548973,1179203,462230,22821885,ransom,
682796,84502,321596,160903,3729797,ransom,
1014704,120802,467377,281174,6731453,ransom,
681985,72194,274175,151563,2759245,ransom,
4662272,601376,1402115,652953,23371082,ransom,
7334285,793312,1297985,430051,41326346,ransom,
1736072,177204,832254,297960,10672917,ransom,
3741301,507430,1210899,549192,19260180,ransom,
4271784,575153,1127700,314803,19582672,ransom,
2487392,264819,1038398,375499,15086673,ransom,
2159424,252182,803635,429193,10552585,ransom,
3641931,523749,1080727,193988,18395413,ransom,
3312503,397102,1012425,388886,18194466,ransom,
4612866,459984,1132249,673475,23673652,ransom,
5362634,642106,1473958,458635,30213509,ransom,
4096224,527811,1109335,427982,18940248,ransom,
1841855,202624,929662,375716,11507149,ransom,
3640157,478245,1159768,433597,19034027,ransom,
3384764,452022,1222542,384289,15678069,ransom,
2704522,318878,905507,307530,14258430,ransom,
1539259,180407,678821,360487,7396928,ransom,
284636,27305,323108,178509,4552737,ransom,
4457152,559337,970989,555648,21185613,ransom,
5844688,627543,1397610,394667,32829958,ransom,
2943558,359752,857685,273052,15511416,ransom,
2520592,321725,936363,516164,13433408,ransom,
3408399,481692,1041894,162651,17846866,ransom,
4044497,493844,1045635,417089,20544453,ransom,
1442923,165791,676794,376516,8891007,ransom,
3775515,513337,1174987,344684,19085891,ransom,
4291126,563446,1187312,476283,21196024,ransom,
4491897,445541,1245304,611111,23516688,ransom,
2224294,196747,514296,252084,16145359,ransom,
946809,109342,413754,238015,4747226,ransom,
3417294,484372,955885,239852,16752822,ransom,
4214938,535377,982060,300801,19941687,ransom,
1430068,171150,720893,340332,8951208,ransom,
3224548,436908,1047613,415092,18110743,ransom,
4302056,588924,1047344,301265,19808513,ransom,
2981813,318794,1321585,600229,17699377,ransom,
4109354,404277,1030860,602163,22084431,ransom,
4475137,591563,1164581,263335,24459528,ransom,
3585668,460036,800061,199536,17930312,ransom,
2285976,257398,1051985,527377,11174370,ransom,
886827,103583,366947,203481,5983687,ransom,
2104715,285508,607914,305953,10498397,ransom,
3562155,453557,1180116,249495,17123725,ransom,
3456653,427296,888028,319016,17325176,ransom,
3239411,339879,1125736,724527,15473503,ransom,
3338249,275436,566522,225843,23627940,ransom,
1787493,239365,462818,249507,9864143,ransom,
3445547,455277,1242974,265251,16177289,ransom,
3452754,420629,825849,306119,18646455,ransom,
1722698,195071,721159,382831,9929463,ransom,
4128401,571151,1205226,323142,20505662,ransom,
3655427,457327,882678,287438,18146545,ransom,
2400882,260105,1039279,601494,12223577,ransom,
3674456,356566,873749,533725,20486635,ransom,
2020029,171473,457431,245540,13163165,ransom,
2776802,397078,960160,289132,13659768,ransom,
3567897,500369,938848,247888,18844937,ransom,
3025017,313014,1164018,457993,15502016,ransom,
3231848,444007,1007198,381198,17602717,ransom,
2920321,372947,1296044,394249,13568764,ransom,
3698737,451779,993211,368128,20401360,ransom,
3421726,394688,1288176,733158,17805013,ransom,
7167468,785014,1654120,466674,40145566,ransom,
3975729,476197,971158,395008,20148699,ransom,
1531002,180519,693113,394353,8124040,ransom,
4494105,608587,1402881,370025,23230289,ransom,
4130741,523504,1062399,435228,21425802,ransom,
930021,97512,384177,213506,3773705,ransom,
695184,83882,319671,173756,3999657,ransom,
1181384,131784,563571,312363,6468971,ransom,
4141272,578501,1262716,567427,19807273,ransom,
4117642,483716,1020244,311808,23331929,ransom,
4627852,497140,1152265,416956,28188591,ransom,
3888976,528370,1334943,504701,19244656,ransom,
4560462,625193,1148592,398457,20865551,ransom,
2270087,233513,946475,358341,12814794,ransom,
858415,100510,401701,231572,6851618,ransom,
840095,91491,325569,177793,3286046,ransom,
2371179,325774,686525,258680,12767556,ransom,
4123641,545093,1424137,505800,21167713,ransom,
4187641,555590,1003834,464270,19875861,ransom,
4477454,432225,1152764,513958,30227079,ransom,
4246045,591482,1251716,312832,20268274,ransom,
3915031,476245,1068429,407082,20640147,ransom,
1384782,171124,611011,329554,7010410,ransom,
3933480,539751,1222223,378223,20603100,ransom,
3337846,469690,830012,252841,16088822,ransom,
2864354,306928,1303805,504507,15695859,ransom,
2563833,364876,857027,340070,13900760,ransom,
4510389,598038,1583938,644846,20794048,ransom,
5474038,604661,1179528,438181,30546299,ransom,
3474249,430457,1145117,563453,22042335,ransom,
3333758,447961,1337160,355689,16238588,ransom,
4149844,515079,1029001,337907,21236782,ransom,
1461580,179299,674520,351841,7388737,ransom,
4882938,644937,1634483,473548,23840210,ransom,
4262566,531216,1205439,300489,22158835,ransom,
2398958,265667,1010906,472906,13490780,ransom,
4424466,577503,1444143,673012,21479575,ransom,
6117233,711544,1551945,470877,33500328,ransom,
4734735,530805,1275323,498186,26053444,ransom,
1794990,241293,578431,292785,11402923,ransom,
5466962,653413,1767263,387020,25780936,ransom,
4032259,493254,1106741,468098,20565164,ransom,
783642,89807,368484,205678,3214295,ransom,
1065678,123523,472425,236819,5400574,ransom,
4389613,437923,776656,256404,21480566,ransom,
9755586,941473,2031971,794688,43010039,ransom,
11324243,1004462,1397077,372047,59769006,ransom,
4952722,554917,918038,384686,25439575,ransom,
7270678,791853,704902,296423,33446459,ransom,
5205665,618694,675243,291281,24887516,ransom,
3912703,506789,1356855,372229,18567805,ransom,
5048210,638859,1172674,475400,26374918,ransom,
4189556,506501,597531,249088,21668375,ransom,
8519250,1071936,1890051,629838,42649186,ransom,
7917788,944627,1678360,669475,42041553,ransom,
7558575,768395,1559823,747369,40828708,ransom,
6724163,819295,1230519,464934,36036597,ransom,
7907200,1018584,1249866,319962,39280290,ransom,
7118516,793576,1727017,681539,37860728,ransom,
5609536,660915,1009161,436486,29479130,ransom,
5223388,683934,1377538,334389,25455699,ransom,
4176856,510802,1197411,475531,21512365,ransom,
251968,24817,289074,141417,1827666,ransom,
3310164,351160,1087259,700265,16712282,ransom,
4017948,398849,599031,259069,25785674,ransom,
5233709,702225,1323961,362951,24220440,ransom,
2201145,233328,942111,336655,12404633,ransom,
3132693,362130,432584,225428,16591392,ransom,
4557514,520472,937133,454712,22704267,ransom,
1578542,218483,379605,205483,8674731,ransom,
3594119,474690,1304757,322842,16648333,ransom,
3806306,456562,1193431,488349,21069315,ransom,
3363950,322325,776952,506452,17775953,ransom,
5935210,664336,1532693,552950,33661283,ransom,
3821532,518950,766811,202636,18410463,ransom,
2622345,276204,1208242,517913,14548643,ransom,
2683904,376617,843907,374511,13629148,ransom,
3439928,477113,891658,184053,17245848,ransom,
3453876,401063,1272814,501404,17466213,ransom,
793764,93137,384309,208153,4535508,ransom,
849413,93234,513454,302757,5276740,ransom,
4481292,523139,1066938,657918,22539200,ransom,
5422427,573439,1256758,253891,31844196,ransom,
3797983,467377,1197677,454540,19644985,ransom,
1918181,243165,793103,405630,11042141,ransom,
3739752,516577,1149902,228694,17582285,ransom,
3827842,454435,985851,368701,19183719,ransom,
835883,108556,443354,233186,6431058,ransom,
4282195,553971,1416880,544450,21691605,ransom,
3834098,521780,990823,330735,20246608,ransom,
4829520,536489,1515141,758969,25565378,ransom,
5700931,648614,1464966,557657,33535643,ransom,
4510134,587273,1024609,214981,22126910,ransom,
2236352,248261,927131,500280,11990484,ransom,
1935530,257354,594169,302937,11508080,ransom,
3657990,491292,1298828,293975,17119568,ransom,
4098200,497466,1086853,417274,20871827,ransom,
371080,47512,261734,120381,1913422,ransom,
1765003,201711,930513,520415,11266284,ransom,
5793806,680482,1060477,543972,25688911,ransom,
4949811,587472,1118102,305008,30032297,ransom,
4567843,595909,1058324,321332,21280314,ransom,
2023412,213447,923696,364366,12178379,ransom,
4613603,608188,1510702,589023,22048521,ransom,
3914116,508231,864744,229258,20236596,ransom,
1510708,167515,707959,311231,8286154,ransom,
1326482,152647,555465,289425,6467112,ransom,
63994,9282,41103,27781,278196,ransom,
2554598,319847,839155,428229,12862981,ransom,
4507738,542893,1509173,540854,22609581,ransom,
5914728,622739,1109081,400389,34455215,ransom,
2436554,264252,957129,509689,13291458,ransom,
211336,22141,131263,94411,936478,ransom,
3526449,473719,1188194,423549,17422357,ransom,
3147753,455415,825340,202168,14930512,ransom,
2205939,237926,804916,295580,12250479,ransom,
1472058,164785,594831,334264,6992588,ransom,
393123,44109,205191,113145,4318043,ransom,
4509556,609369,1519512,582655,21814192,ransom,
6855944,729805,1199113,431133,36767939,ransom,
1612565,159994,596878,255509,10299515,ransom,
1822838,210359,798728,458695,9557897,ransom,
302378,36774,142475,74979,1237348,ransom,
3909933,520140,1246609,442682,18470415,ransom,
3919107,513835,806817,183702,19874565,ransom,
1450063,159612,725023,298542,8284285,ransom,
1511222,171187,650636,369845,7179048,ransom,
274722,27232,394711,226724,4762957,ransom,
6521406,794153,1628350,729799,30607955,ransom,
6757396,722411,1376229,322894,38476351,ransom,
2295663,247495,764968,312550,11826973,ransom,
3025512,326833,1002170,477858,16401634,ransom,
1482825,160171,405373,213692,6742867,ransom,
5240727,675772,1542059,453599,26206771,ransom,
5055366,627918,1288985,536702,26840105,ransom,
641374,73331,320645,162433,3078896,ransom,
4375293,577229,1573638,649446,23137456,ransom,
6524752,791866,1555074,609205,31643353,ransom,
3477807,329647,1004075,458114,23220267,ransom,
2503468,341176,712106,381371,12434738,ransom,
4815884,664041,1144522,229058,24984792,ransom,
3189201,331866,1368929,607809,17514331,ransom,
540383,61745,206652,125450,2264484,ransom,
3793292,508195,1248112,445233,18669148,ransom,
4094543,566146,966010,345927,20187704,ransom,
2651882,268885,1246031,580811,15052774,ransom,
4308498,417517,1094901,596874,24442728,ransom,
1039197,85084,199028,89244,7695416,ransom,
3780942,524441,1123074,304255,19123509,ransom,
3990478,519240,950735,272729,19242550,ransom,
1202194,144277,573639,256318,6710538,ransom,
1664495,189498,715994,409627,9928907,ransom,
886363,103228,407449,229392,4825693,ransom,
3667675,506498,1305411,416794,18855945,ransom,
6663210,749579,1363960,601177,33076780,ransom,
5116201,592217,1285386,410155,29954864,ransom,
4664795,607653,1098650,388455,21747748,ransom,
1645892,167203,802643,287219,9575843,ransom,
444696,48773,185915,123779,2157425,ransom,
2980668,315522,600533,263493,16560127,ransom,
6717479,870831,1238575,356254,33820166,ransom,
4611483,594742,1088470,387506,22476620,ransom,
2317767,241029,1266863,570116,14485662,ransom,
6541679,785277,1515750,560358,32606547,ransom,
6056485,647444,1255682,420792,33710676,ransom,
946909,117172,410378,212958,5313282,ransom,
1659324,185048,685557,380522,8944249,ransom,
215459,24123,106616,57379,3036806,ransom,
2771953,399734,963044,277332,13576054,ransom,
4159175,565489,1026716,348712,19064456,ransom,
2006259,214512,915811,353597,13135114,ransom,
2866760,388076,1013816,499501,14324711,ransom,
5148322,589328,1693363,666808,23637236,ransom,
5907976,607398,1116965,384181,35836160,ransom,
1807326,202753,795389,429358,9735644,ransom,
52957,9240,48768,36147,214110,ransom,
3349704,446348,990727,408232,15827187,ransom,
3881902,534296,798169,176575,19230362,ransom,
1929760,196120,818571,295527,10945465,ransom,
1354868,147975,535331,302425,6437920,ransom,
217471,20157,256587,144226,4108592,ransom,
4714123,558102,1175755,672442,21240442,ransom,
6361961,696140,1383930,353399,36284977,ransom,
2932933,341043,935851,349535,15838266,ransom,
1755100,207105,676378,366805,9511581,ransom,
86595,11907,65301,41954,416012,ransom,
2495806,338802,805818,347426,13494447,ransom,
3119060,418115,1436467,365658,14525276,ransom,
4164212,497025,1095268,367332,22633569,ransom,
2590953,292723,1091677,497766,12873476,ransom,
5583036,714606,1658434,534346,27120221,ransom,
7320832,771416,1688432,682504,40842217,ransom,
2032922,205067,547595,259022,9895720,ransom,
1160373,125867,397145,212137,7357623,ransom,
2091403,257760,619708,330310,10475798,ransom,
4470365,542187,1736874,353052,21615469,ransom,
3633355,449237,838298,309438,18484159,ransom,
1239910,151398,587189,312781,5875213,ransom,
650291,72002,280010,151751,4543174,ransom,
2544848,273352,1184432,685252,13493970,ransom,
6901011,785820,1345256,345222,37588429,ransom,
4032887,478483,920734,350776,21234126,ransom,
1872283,221466,803509,430387,10596626,ransom,
3893914,528131,1208292,312391,19272662,ransom,
4426417,548157,1136371,383222,21300179,ransom,
1274382,145967,565098,277095,7152505,ransom,
907074,110690,445638,277080,6051532,ransom,
951156,102256,370697,215792,3845291,ransom,
4073913,537214,1302913,471560,20186915,ransom,
7175864,780283,1373134,600311,38469201,ransom,
4296731,412222,1051922,317672,22625960,ransom,
705215,86355,351650,195729,4043837,ransom,
1397462,149978,550859,322445,6648962,ransom,
3242703,448056,926778,268705,16919172,ransom,
3927196,515660,827338,255595,18339112,ransom,
1959113,211036,934607,394234,12839032,ransom,
2533338,350943,738839,300251,12905473,ransom,
4996276,653415,1556248,556262,24184481,ransom,
5403475,518370,1285181,560279,29912424,ransom,
2077829,214224,661892,357747,12891554,ransom,
302116,33626,126851,67102,2359175,ransom,
2663582,376391,826944,311770,14141647,ransom,
3508539,445488,1548390,489282,15748923,ransom,
3369334,425907,808304,281213,17390464,ransom,
2221112,266663,914562,440768,12279929,ransom,
3846388,537948,1158623,256002,18023087,ransom,
4100936,487788,1222788,535762,22046494,ransom,
4728225,456313,1119148,627238,26383074,ransom,
4256064,529390,1224791,374045,23153228,ransom,
4283136,545944,1018296,316595,21815536,ransom,
1650899,184142,746838,324442,8693922,ransom,
704300,84714,322837,187436,4049863,ransom,
1429971,160692,608800,322427,7823867,ransom,
3113498,431340,829656,241561,15339042,ransom,
4057838,532650,900879,289584,21139195,ransom,
4481570,464286,1645733,915009,22500299,ransom,
5815527,638915,1377205,510920,34548123,ransom,
6004299,759757,1629383,525380,29368322,ransom,
1898646,216490,932186,429535,10490793,ransom,
2147387,283504,674227,349830,12196299,ransom,
4733599,631034,1239155,294214,22206450,ransom,
2880336,329822,1037718,414725,15600900,ransom,
1661511,185982,716301,416974,9071838,ransom,
2834124,400976,1157364,485564,15493018,ransom,
4830035,620760,1399807,596212,22696453,ransom,
5479388,580248,1122653,354414,32100251,ransom,
1571828,179176,638487,322253,9583968,ransom,
1041258,118388,450852,268033,4100144,ransom,
3279158,450757,960084,239773,17025729,ransom,
3732109,491406,747505,176865,18233697,ransom,
1959556,214537,828764,419694,9889376,ransom,
842656,101837,400102,229844,6413358,ransom,
1248092,137034,698496,387667,8093659,ransom,
5664357,644910,1379109,617396,27738992,ransom,
5501977,624440,922167,247927,32479141,ransom,
4132670,524036,1455139,552889,22201464,ransom,
3513136,475800,908595,236616,17036737,ransom,
3251980,374210,1214489,491783,17483755,ransom,
3554326,466656,1092642,371170,16874526,ransom,
3985052,510170,884809,218222,21748810,ransom,
1806708,210607,787002,402611,8643981,ransom,
1982654,211306,725080,485362,9815519,ransom,
4205209,365313,868100,450801,26041852,ransom,
3129275,428139,895169,284585,15143663,ransom,
3335406,472078,625514,144671,16069076,ransom,
2867095,307113,1139870,475401,14831470,ransom,
850168,103477,422738,241995,5791670,ransom,
924964,105952,386758,212966,4232215,ransom,
3509049,470596,1100701,370621,16816747,ransom,
3479923,465657,963980,307187,18138905,ransom,
5117419,521519,1478635,777798,27031966,ransom,
3893322,455775,911842,351737,22669601,ransom,
3478417,439237,1097786,314758,16496734,ransom,
3914001,466621,1108126,427096,19973599,ransom,
887194,106507,431458,255249,6932436,ransom,
843227,91623,327973,196366,3287415,ransom,
2159244,302453,539947,235676,10633182,ransom,
3039524,387777,1054259,268178,14394929,ransom,
5071188,580816,1374153,677427,25723809,ransom,
5016165,468338,1275670,612518,31802022,ransom,
3427762,474503,1119255,364759,15672003,ransom,
3588947,477924,670726,210389,17508310,ransom,
1983246,220001,941582,436816,11501224,ransom,
1703667,194189,708120,362697,8038546,ransom,
1191599,153034,373576,180900,6306828,ransom,
3516355,479372,1341214,364345,17221945,ransom,
3307452,419407,726226,188618,16576920,ransom,
2932398,334769,1190286,761652,15447873,ransom,
6970227,772666,1726741,577244,39278833,ransom,
3810172,497342,797032,237756,20221692,ransom,
2229694,244371,1023760,427878,11327714,ransom,
870931,104867,413100,244317,6349029,ransom,
391438,45568,170578,102294,1547208,ransom,
4403803,569527,1349763,451664,22302977,ransom,
3680059,477242,766360,174627,18207847,ransom,
2215268,241705,1164313,591261,11888806,ransom,
5348970,626739,1328759,628002,26232057,ransom,
5642834,666160,1083011,305518,32668415,ransom,
3177008,335002,1276162,542611,17303109,ransom,
1853158,252318,600330,286741,9747470,ransom,
4074993,520986,1289932,339350,18993454,ransom,
3916362,465026,1165229,549165,22041502,ransom,
357838,44596,228632,114010,1936880,ransom,
4866867,627150,1567559,552569,23020617,ransom,
4149845,540217,1137418,393956,21651721,ransom,
4972687,510168,1268780,721731,27306904,ransom,
3703896,431278,934173,387526,22446946,ransom,
3424609,461349,934686,183726,16585495,ransom,
3897753,453787,1386756,575749,19477432,ransom,
1522024,176184,708674,370572,9670466,ransom,
4126785,563714,1283965,323420,21494578,ransom,
4281742,502583,1185411,510362,21551067,ransom,
627911,80896,301169,155961,3473821,ransom,
5212353,671747,1903998,861622,25106802,ransom,
6919808,777570,1182530,429486,37228043,ransom,
2681446,267113,1117299,432521,16748364,ransom,
3502982,473142,1131412,508067,17917483,ransom,
2264624,309322,1037183,213473,11109047,ransom,
3718057,455505,1104260,379309,18086732,ransom,
3201071,435371,1073184,527528,18727273,ransom,
3392446,438065,1352772,344933,17262130,ransom,
3935624,482623,1069728,442338,19866193,ransom,
306434,35070,214638,107158,1920018,ransom,
6443038,700584,2047124,1069515,31982103,ransom,
5952522,677032,1066584,237821,34068596,ransom,
2691212,289211,1120098,436815,16139966,ransom,
3584073,477911,1164116,458325,17667834,ransom,
4450961,582443,1072502,236704,23867353,ransom,
2303774,252304,1026122,489043,11686633,ransom,
1785729,223808,673714,355216,10523860,ransom,
3745762,511057,1163064,258020,18413591,ransom,
3424536,422447,1115454,416281,18221228,ransom,
4022433,406380,963097,606807,21893973,ransom,
6283877,734963,1775321,620921,35297573,ransom,
3791459,496740,878821,223108,18835760,ransom,
1542959,177904,696005,341795,8036225,ransom,
4065022,531288,1343855,496891,22447562,ransom,
4241705,551491,1016824,228169,21090037,ransom,
2047971,232647,887299,466243,10135106,ransom,
437668,57671,233676,131958,2986624,ransom,
3008939,283310,920349,615277,15733443,ransom,
4878174,523931,1042103,364751,28647635,ransom,
2324958,315045,1086585,249604,11397001,ransom,
5170496,616098,1528251,584481,24925274,ransom,
1251309,136083,553640,255064,7528547,ransom,
892497,91601,307724,111767,5557144,ransom,
3792401,484430,1139507,364747,17928925,ransom,
4764937,620952,1019016,261170,23847888,ransom,
3546486,348986,1472454,719098,18515668,ransom,
4491260,396637,924054,479015,27788819,ransom,
4856119,587677,1543005,337647,24585375,ransom,
4129370,506595,1062450,404447,20011893,ransom,
1422613,176650,684249,350034,9470845,ransom,
5065663,654830,1577098,563543,24022304,ransom,
3922137,491271,870050,240283,19745016,ransom,
919696,115391,413077,207023,5050425,ransom,
1691632,193637,733666,427593,10231219,ransom,
851632,87008,458926,297420,4683885,ransom,
7417462,791792,1580523,609557,40937993,ransom,
4069913,495791,934140,311672,20343408,ransom,
1359311,148659,639109,274490,8924759,ransom,
3597247,470409,1172336,492029,17374690,ransom,
3749445,529343,814404,164908,17753612,ransom,
3538012,367181,1436825,614314,19102637,ransom,
2020351,276980,668067,332862,10466610,ransom,
3072732,447134,969072,139865,15802192,ransom,
3893318,462801,1011678,364544,18921347,ransom,
1187807,139908,711978,394335,7472598,ransom,
4096267,372915,797819,494183,23455579,ransom,
2780114,274085,821466,470228,17232766,ransom,
3395385,473298,949935,146429,16322162,ransom,
4382982,533456,1184596,501089,21696261,ransom,
270384,35225,185399,132995,3135792,ransom,
3990071,530632,1351430,532363,20400299,ransom,
3560263,463820,1272537,418933,17931986,ransom,
3046098,363759,1107853,371098,17154787,ransom,
3522999,465719,1139382,539622,16697050,ransom,
5255524,618767,1615282,700325,26251626,ransom,
5519797,547455,1255945,446862,33775167,ransom,
1189829,130884,469333,267801,5859087,ransom,
226889,25433,122000,76508,3518680,ransom,
3676167,481530,1143429,478299,17141670,ransom,
2396289,326814,933455,212125,11777887,ransom,
3838403,470752,1113188,432104,19153788,ransom,
1418515,160822,608041,356861,8795252,ransom,
124613,17581,75237,49124,596870,ransom,
3111516,409161,951859,403328,15498674,ransom,
4092817,482080,1410652,637283,19038997,ransom,
5882089,616840,1116321,397933,36393361,ransom,
2626394,337937,935872,472188,12926788,ransom,
3122031,446271,1034881,170605,14989203,ransom,
4226415,502398,1148505,469034,21814849,ransom,
1019069,132175,540288,263864,5579795,ransom,
4086681,544799,1335650,399815,20400741,ransom,
3971604,543056,914698,344129,18205210,ransom,
2189468,225392,1239435,511064,15018329,ransom,
6152579,760152,1589923,791108,29910201,ransom,
5242325,613274,1067136,238384,29922496,ransom,
2598752,285294,932426,319862,14306986,ransom,
1635823,184308,667005,361718,8854031,ransom,
85750,12773,66408,42225,994859,ransom,
3216828,426970,1009555,424463,17034612,ransom,
3620440,487901,1012482,330931,17108013,ransom,
2933111,335792,1060446,398280,15285434,ransom,
2044223,248352,976900,504189,11038738,ransom,
6015539,723610,1499598,569528,31465643,ransom,
5643312,617222,1223215,413472,31028945,ransom,
1492692,180530,717801,338646,8221784,ransom,
3680117,513780,1146518,319943,18384586,ransom,
4476827,581879,1128497,425290,21841862,ransom,
1872083,207941,1039257,414627,10547181,ransom,
3945655,516578,1240381,526416,19055149,ransom,
4099781,543536,912265,313438,20164018,ransom,
3740830,367004,1587836,808223,19268216,ransom,
4781010,428887,1116575,583035,28625279,ransom,
13753,2317,12857,8445,59801,ransom,
1338274,143821,567289,344898,7845053,ransom,
3696499,519505,1019124,204685,17699922,ransom,
3336371,414487,704402,179085,16811261,ransom,
2332416,269935,962997,543166,11852358,ransom,
191080,21586,89369,57881,1934084,ransom,
2780564,390093,843558,345132,13412124,ransom,
4611020,591328,1532609,662487,21470024,ransom,
4972675,541343,954402,303646,29057648,ransom,
3106748,339736,1185253,634460,17464848,ransom,
172250,24254,120421,86078,1502497,ransom,
3151230,425800,944264,381907,15007772,ransom,
4365186,589926,896457,252487,21633913,ransom,
1624207,162806,754060,261505,9491203,ransom,
1444591,163574,595050,328886,6884331,ransom,
206766,22116,202491,120254,2891257,ransom,
4663009,544982,1243433,732152,21915001,ransom,
4517608,478230,1475742,359265,28454667,ransom,
4034121,501642,963680,344568,20283663,ransom,
2847572,344004,1104347,563690,14071343,ransom,
2696087,388450,1007231,182550,12919228,ransom,
3819871,487331,960521,330742,21436917,ransom,
1949053,230170,1012719,443073,10212906,ransom,
3040640,415861,1095217,390804,16404868,ransom,
3706438,480585,1477534,535409,18490478,ransom,
5946407,617496,1422526,650611,31169869,ransom,
4488881,500065,1150187,462338,26715517,ransom,
4374006,606665,1034354,278610,20399873,ransom,
2706203,279584,1041993,414872,14624332,ransom,
2483908,297734,959732,498037,13124954,ransom,
3523323,494654,1007045,188213,16930772,ransom,
3881616,474105,996871,409144,21032451,ransom,
786576,88816,329488,181374,3243103,ransom,
1206371,130581,681123,381875,8288032,ransom,
4959894,472638,1035700,604030,26674558,ransom,
3986281,514493,1060755,163907,21808869,ransom,
3706877,453472,871118,327236,19253572,ransom,
1141011,123053,499711,268810,7345634,ransom,
874527,110983,417156,216304,4565591,ransom,
2163244,244531,780054,418054,9864945,ransom,
3530949,497263,1006229,159907,16934556,ransom,
4502823,565715,1033040,393193,23563074,ransom,
2069937,217179,945074,561971,10758932,ransom,
6786592,769773,1479600,515346,39806119,ransom,
4662821,591486,1074275,368862,22966714,ransom,
1749885,191485,856125,325233,11488694,ransom,
3021042,414465,961959,371469,15318181,ransom,
3660687,478978,1152267,397569,16934511,ransom,
3178140,373133,1008357,391330,16702074,ransom,
1614449,184542,684320,397726,8811058,ransom,
304127,34228,123352,69545,1213471,ransom,
3865408,467291,1117754,586677,19346558,ransom,
7399846,819219,1344934,434278,41245529,ransom,
2083772,213871,860364,329985,12644553,ransom,
2062370,260856,748123,384910,10520219,ransom,
2700741,386415,1186008,289423,14118389,ransom,
3511637,469887,793993,234542,17081430,ransom,
2378596,253143,1104365,466938,13184713,ransom,
977640,117620,448840,251462,6594674,ransom,
2154136,280828,777766,397408,11113820,ransom,
5914171,675077,1591075,575331,28510969,ransom,
6396220,685598,1073751,374865,38135649,ransom,
21535472,3118708,3310526,1480437,119269454,ransom,
25825958,4767506,2595937,1098299,137201915,ransom,
22854152,3485449,2607473,1008234,124761570,ransom,
26356029,3979459,3365523,1167615,145564787,ransom,
29963266,4801766,3290107,1215320,162965468,ransom,
11573384,1573203,1796701,722633,60597726,ransom,
10626017,1420339,1346569,821225,60916554,ransom,
22597444,2160016,2440128,1352435,122150941,ransom,
24822551,2276048,2255192,815363,130646741,ransom,
9891164,883492,1293616,571539,52009609,ransom,
2068164,217569,825865,447774,12010969,ransom,
5134817,677790,1557402,402414,25640883,ransom,
3988559,493407,1183886,494800,22373560,ransom,
805913,85039,308198,171402,4333798,ransom,
2760496,384240,974395,286039,13840796,ransom,
6215956,768880,1848090,756237,29328986,ransom,
5102818,432289,1406428,562656,32618725,ransom,
949693,107550,390657,204368,4997847,ransom,
905930,102517,376745,174117,3583410,ransom,
857580,89581,391588,223472,5568046,ransom,
4678591,637347,1488238,359365,21750467,ransom,
3908073,480705,1110344,377012,21295413,ransom,
1159557,128961,554169,250971,6074567,ransom,
1484366,143662,704136,326850,8070658,ransom,
5589366,605322,1364776,568677,27700413,ransom,
6294267,717604,1596625,415887,33906663,ransom,
2959741,336345,894680,331640,15908115,ransom,
1038995,118857,431924,246957,5242524,ransom,
2452818,221384,880879,354538,12694374,ransom,
2616922,354267,721210,217939,12922562,ransom,
4456697,597874,992629,308854,20671719,ransom,
2068438,205447,969359,345454,11943959,ransom,
3461568,393082,1116246,704836,18435731,ransom,
8693267,999166,1708500,472706,48869419,ransom,
2391061,248310,1091055,464359,13345436,ransom,
628049,71288,260800,161211,2695339,ransom,
4368520,580230,1413128,453150,21848863,ransom,
4330784,534773,1097277,373313,21096681,ransom,
2177830,251890,974340,529877,11391897,ransom,
2785554,386289,845445,348606,14217467,ransom,
2915979,386694,1298876,343677,14722948,ransom,
4778028,556155,1384824,654824,23969438,ransom,
5469400,539797,1300429,625565,34847417,ransom,
3438565,477092,1545819,424886,15561123,ransom,
3595464,464502,937172,259308,18906200,ransom,
1684894,200885,790442,386943,8410610,ransom,
1036822,118044,449237,242436,6489380,ransom,
1435372,176909,469986,247392,9096284,ransom,
4053549,556810,1313452,325073,18739418,ransom,
3265241,413584,827635,272831,17784699,ransom,
3690306,385670,1197989,745631,18727897,ransom,
7384574,843370,1880576,529429,43068668,ransom,
4068399,507480,1133461,451007,21311793,ransom,
922731,97241,366974,198441,4341547,ransom,
2862310,389430,883163,324398,14498161,ransom,
4278691,577310,1027224,276626,21654716,ransom,
2689378,283257,1168033,479256,14482662,ransom,
1709482,217261,659855,332327,10589427,ransom,
5720698,726627,1924044,752428,26779607,ransom,
6255820,639075,1193907,404663,36902055,ransom,
1161026,141196,529120,254528,5704018,ransom,
1397629,162433,658001,354492,9073746,ransom,
1301306,174916,497787,206824,6605801,ransom,
3253546,436504,1508454,456632,15744203,ransom,
2872420,420156,778966,176722,13599115,ransom,
2414640,268343,1246509,410901,13501325,ransom,
4361491,570512,1376223,399807,21062693,ransom,
4927810,592562,1343547,628972,25223464,ransom,
5377590,485956,1483575,682179,31013702,ransom,
3432747,443289,954715,352609,18484275,ransom,
4130102,553679,856240,239719,19301705,ransom,
2571782,270176,1260006,509698,14826165,ransom,
2422529,331897,712225,361305,13213220,ransom,
3610401,458295,1326282,392225,16934412,ransom,
3657041,459028,994622,379939,19001238,ransom,
464192,50344,387873,235576,4273838,ransom,
6912569,794250,1863562,814397,33819675,ransom,
5859184,647877,1393271,567275,32971132,ransom,
3489719,314807,1970629,1074196,16325541,ransom,
1198529,125023,592140,414079,7862728,ransom,
158854,17878,60356,41950,638995,ransom,
3709809,490333,1081900,379753,17527151,ransom,
4070438,540688,841284,326106,19118521,ransom,
3097137,335121,1357946,582440,16647441,ransom,
2974755,385560,1128705,503531,15860977,ransom,
6270676,710873,1360667,543342,32205571,ransom,
5052151,509828,1356583,527833,29308187,ransom,
1546290,162974,671250,424751,9778357,ransom,
1674216,104715,1052319,841360,5923087,ransom,
3669034,461566,1199985,770151,17368953,ransom,
2147278,304638,1085600,200347,10535554,ransom,
4352437,528030,1074648,418346,21327739,ransom,
2043920,264514,731293,381068,11460164,ransom,
3383265,439548,1323034,397351,17023320,ransom,
5354707,695996,922546,545262,25919696,ransom,
3863305,361642,1189650,467212,28123494,ransom,
4393476,579945,1443475,472135,20899907,ransom,
4455458,559728,1165432,347349,22903130,ransom,
2014376,238456,948906,485545,10249930,ransom,
3350021,446648,1121686,387622,17848145,ransom,
4265608,567423,965472,209214,20761649,ransom,
2407568,271917,1128518,500655,13602283,ransom,
2407453,321308,895728,499974,12815684,ransom,
7847558,880586,1764885,574978,43505660,ransom,
4014366,484128,1255247,530402,20427200,ransom,
436258,55898,240280,136081,3267344,ransom,
6147886,783963,1854325,629453,30583130,ransom,
4424954,559498,1134330,401338,22284066,ransom,
1098607,130441,452685,230869,5405434,ransom,
1257855,143381,552703,338379,8459991,ransom,
283459,33385,390528,221101,2714150,ransom,
6229990,741286,1584144,713263,32777887,ransom,
4573568,543493,963053,229366,26120654,ransom,
2823422,300495,1116472,462878,15857880,ransom,
3571195,475074,1159706,446780,18795625,ransom,
2098972,300899,938906,210692,10171283,ransom,
3642690,449214,1079884,357711,17569619,ransom,
1997382,240725,847404,447356,10633987,ransom,
898372,102125,389221,235356,4757127,ransom,
2393436,335900,901710,381472,12033641,ransom,
4356685,512771,1278764,510937,20960411,ransom,
6422419,664570,1325034,493766,37315641,ransom,
1019427,123133,496582,280048,5846843,ransom,
539937,59630,226384,136763,4686214,ransom,
3436946,455712,1046028,416862,17280965,ransom,
4098945,559947,891624,226965,20481396,ransom,
2398641,258884,1076790,484379,13185433,ransom,
1998600,267214,581725,301285,9828341,ransom,
5248921,678182,1785843,656892,25970645,ransom,
6517355,663880,1317564,498105,36916076,ransom,
757952,104647,391207,200164,4225872,ransom,
1748331,198051,746393,419725,10296950,ransom,
1691168,177677,677764,493127,7899128,ransom,
3885605,458850,1638557,707196,19777649,ransom,
4450166,465267,1473573,819387,20740713,ransom,
1470078,129072,845614,584386,8079771,ransom,
3893910,508704,1355990,556719,18490339,ransom,
5081936,615537,1747697,875015,24755823,ransom,
5314710,500243,1328147,557886,30599474,ransom,
2402337,202637,1043928,640434,14792829,ransom,
872653,8541,759960,698851,2703835,ransom,
4479581,584695,1420915,495730,22228738,ransom,
4544527,572481,1177528,365263,23524551,ransom,
286037,34443,176807,70506,1518596,ransom,
3658101,476586,1173198,493647,17583609,ransom,
4127246,568449,1126215,329688,21873010,ransom,
5857044,578492,1897041,929488,30458873,ransom,
3483643,362861,982590,473487,20641752,ransom,
3510938,482131,1005696,156347,16904862,ransom,
4588868,560611,1399576,595518,24964022,ransom,
233708,30760,144439,73955,1269739,ransom,
5063435,671847,1686681,591910,26979526,ransom,
4846904,602661,1238758,376889,24438627,ransom,
2517063,260072,849838,362007,12261508,ransom,
6754925,830773,2096237,1028990,32059233,ransom,
8337720,905376,1668211,448449,47393372,ransom,
2810457,314729,1125008,587287,13671270,ransom,
3034395,379217,937930,492173,15217436,ransom,
5672221,752493,1398199,262317,27739258,ransom,
2414504,269771,1115591,562336,14173110,ransom,
374559,54626,153192,100690,2174627,ransom,
4065514,546928,1346308,417910,19606003,ransom,
3902647,500242,1136817,356403,20121019,ransom,
4689161,456212,1207541,664934,26346115,ransom,
5585751,667893,1557498,601050,29761353,ransom,
4351939,554456,1066765,269675,22930731,ransom,
1222516,134180,508729,272685,6114886,ransom,
1951877,211364,843996,539463,9915495,ransom,
101192,13803,70399,41909,1638464,ransom,
3990289,517752,1197285,433200,18790518,ransom,
3744159,490497,774338,168252,18466555,ransom,
1590598,171027,929558,443268,9495373,ransom,
4263368,427698,1115544,677545,23319862,ransom,
5341534,649934,1191293,212183,29833235,ransom,
4358656,522365,1273279,519376,21230902,ransom,
906854,110629,420530,211644,4860258,ransom,
1584706,171336,684773,309697,9584075,ransom,
2863370,338083,839688,383487,13119141,ransom,
4922359,618678,1469187,418193,23948036,ransom,
4372835,466555,1804227,859928,21073394,ransom,
1099485,94314,601023,379859,6890625,ransom,
5897275,685548,1294057,682262,29376752,ransom,
6626942,729988,1413568,425911,35579224,ransom,
3587708,357242,1603964,587474,19695199,ransom,
3900259,486437,1401349,710406,18194414,ransom,
3120683,366862,1204962,411664,14302654,ransom,
4022994,495533,944377,366712,19981031,ransom,
3349126,359610,1568761,938977,15682465,ransom,
142574,7574,107705,91682,531021,ransom,
1670946,148880,1063953,749579,10091876,ransom,
5687872,644467,1521324,766919,26450311,ransom,
5639815,623702,987157,265246,33787747,ransom,
3622936,429654,1538624,637218,20700309,ransom,
3911341,511214,1169210,314817,18367131,ransom,
4655450,569687,1369726,592799,23285514,ransom,
189625,26637,92586,53147,1040921,ransom,
801770,90083,377450,215231,6933245,ransom,
3347659,358563,1349509,856531,14614200,ransom,
3701185,513653,1324677,333183,18708562,ransom,
6695369,721206,1418147,651505,33547202,ransom,
3140046,337933,1111870,550050,19027753,ransom,
4131358,551255,1406490,447774,20429188,ransom,
4700449,588519,1231235,447630,23446266,ransom,
1325780,134752,683712,395837,7156454,ransom,
2097491,267413,715926,426065,10709913,ransom,
500494,56480,201131,115872,2275480,ransom,
3589353,486367,1035057,246328,19346009,ransom,
5710463,692222,1556938,777169,26173844,ransom,
4517097,378853,1131622,526801,28240695,ransom,
3458816,460397,1157319,474218,18079500,ransom,
3858912,519459,913016,265065,17985671,ransom,
2625736,241935,1064636,482884,15358216,ransom,
1501848,169246,617700,355867,7132227,ransom,
7939,1274,7389,3935,36347,ransom,
643085,67789,269231,162391,2925175,ransom,
457761,47488,269154,145014,2288634,ransom,
5785388,389235,703096,390758,25017114,ransom,
7455968,736838,1178997,531574,40625855,ransom,
6123999,639374,796331,398773,28749200,ransom,
7685224,1004490,1517647,362323,39231433,ransom,
7843776,951401,1352803,505566,39492990,ransom,
4496541,541174,682736,280197,23586375,ransom,
4557792,520203,902879,447213,22851821,ransom,
2480097,286355,270902,99391,12652567,ransom,
796770,95269,545724,322543,6953408,ransom,
3259305,297706,617383,433428,16038319,ransom,
4712364,539526,915856,268259,27931647,ransom,
4292352,554124,1095320,366543,19309623,ransom,
2282668,248052,822746,287213,12846869,ransom,
1254125,142957,561158,317751,7381892,ransom,
934861,85219,517212,355475,3513035,ransom,
2944786,397204,812040,218603,15326353,ransom,
4021794,542739,871494,291197,18376406,ransom,
2347455,215603,1302362,616614,15935876,ransom,
4727136,526538,1589326,1203161,20569294,ransom,
5899794,598430,2023285,898319,33584176,ransom,
4604784,484169,1567365,879645,21779804,ransom,
4092774,383372,2105376,1349841,19285082,ransom,
4460939,560842,1463954,572733,20350308,ransom,
3916875,489769,1047426,434171,20420162,ransom,
1353003,160402,639476,353429,6993615,ransom,
3635723,495776,1146371,319058,17881825,ransom,
4396689,557574,1073671,345315,21211250,ransom,
1704061,153741,1069416,573455,10474777,ransom,
3931801,365474,778980,496149,21657471,ransom,
1955755,186445,612166,316167,11832712,ransom,
2956428,402538,865294,225518,14534106,ransom,
4274675,552920,1190875,530477,19049590,ransom,
2487073,207773,1469691,711606,13155361,ransom,
1187262,148356,539549,273211,6652814,ransom,
969106,90480,442395,304260,3712448,ransom,
1116710,81114,719232,502716,7103966,ransom,
4721165,573005,1471635,630798,21757935,ransom,
6163934,676653,1080627,318737,36803939,ransom,
2208919,227664,991191,395837,12358752,ransom,
1528005,105602,876726,695608,7231824,ransom,
3120845,430951,920883,296779,15486484,ransom,
3325634,427973,970105,350649,15676840,ransom,
4353234,503425,1417400,542072,22917868,ransom,
3756270,498937,1196078,477242,19316626,ransom,
4786563,622237,1626468,657259,22957901,ransom,
5903429,560225,1607471,756642,33370575,ransom,
2748268,308737,846695,406399,15677682,ransom,
3706703,521760,1435669,320624,19098424,ransom,
4049695,491696,1147190,454079,21107974,ransom,
1110483,124468,473153,265618,5668988,ransom,
4045700,551335,1285336,365936,20281598,ransom,
4782212,577289,1201009,440382,25025756,ransom,
16198872,2214226,2739522,1179961,87788473,ransom,
24092588,3839491,2747833,1071313,128542877,ransom,
22164283,3770179,2796417,1484989,116509963,ransom,
26457024,3843304,2743362,1183844,145515979,ransom,
27795515,4198598,3080696,1193863,154747007,ransom,
19388220,3000963,2052370,801572,106608706,ransom,
6314445,1050175,1097954,235195,37942070,ransom,
5697294,797925,1497155,667331,30603574,ransom,
15797155,1784841,1632797,954724,88528354,ransom,
23323448,2601465,2165680,802401,121009848,ransom,
21660807,2114214,2400732,1066842,117152490,ransom,
4698790,606041,1367449,380754,23315332,ransom,
7805309,825678,2096655,1045185,40342936,ransom,
7765280,947240,1768370,455282,42917507,ransom,
2593903,285237,953442,397623,14061954,ransom,
793324,84245,319086,164913,4278581,ransom,
3452054,466524,1067509,297490,17916085,ransom,
5290418,632553,1441916,551121,25837551,ransom,
1034870,121528,490081,253473,6546868,ransom,
2513385,321758,801514,462292,12380398,ransom,
4832855,633302,1988803,685317,23201883,ransom,
6213389,611129,1506482,775112,33559005,ransom,
1519526,140572,466954,249876,9158273,ransom,
4319140,592027,1334219,390928,22038295,ransom,
4224790,520659,1053430,397072,21511675,ransom,
1251125,138288,554131,319744,6598625,ransom,
4585179,593417,1548549,539423,23565752,ransom,
4416300,535377,1107298,405015,21190411,ransom,
1166903,134708,499771,270612,7448406,ransom,
3086407,355496,1211676,745194,15561927,ransom,
7724330,831324,2086939,757479,41888004,ransom,
4080123,483079,1332418,617262,20740740,ransom,
1012077,118000,509422,269543,5665549,ransom,
4860264,629307,1599649,465339,23581665,ransom,
3881466,480360,963983,377899,20636747,ransom,
1070720,118936,471302,230136,4600134,ransom,
908378,95011,452032,296887,4726226,ransom,
953712,82458,576280,413793,6545960,ransom,
4960166,603389,1558501,720513,22707211,ransom,
5752768,649936,1076915,254164,33749460,ransom,
3516554,351689,1418744,670109,17194835,ransom,
680911,80986,312183,193541,3932803,ransom,
1802376,199857,368695,169335,8448516,ransom,
4087771,458333,770962,418203,20026373,ransom,
658573,80026,134634,74005,3264768,ransom,
796057,83139,285189,164161,3086024,ransom,
492745,46662,476389,260328,4849624,ransom,
6672343,785705,1510990,552260,31771874,ransom,
5470662,617899,1134805,434926,30657946,ransom,
1226673,150167,547348,303359,8022291,ransom,
1557853,152193,684245,400817,5975354,ransom,
621959,66964,322579,189477,4360465,ransom,
3292091,451806,1181936,345716,15338052,ransom,
4079364,527166,909312,243661,20123884,ransom,
1824029,201670,804568,339687,10458844,ransom,
1050282,108610,656117,367354,6593522,ransom,
5045960,583451,1053711,510179,25032954,ransom,
5775272,697877,1058935,286832,31130757,ransom,
2641258,276920,1168307,496603,14888786,ransom,
1347849,162037,577043,290234,8016148,ransom,
4545698,598697,1341919,344135,20719971,ransom,
3262938,391215,772671,270925,18873143,ransom,
1726581,203360,801420,382975,8675432,ransom,
4824775,625002,1519803,464104,24487598,ransom,
5438391,646313,1515302,667641,26287658,ransom,
5464328,495161,1581333,586138,33224309,ransom,
3339307,426767,1169553,444008,18391683,ransom,
5836105,732953,1404083,345613,27823916,ransom,
2457082,265209,1102507,515719,13784174,ransom,
1701157,216971,607770,291208,10812565,ransom,
5302294,611242,2072606,744385,24090539,ransom,
3162435,429363,733383,205672,15127595,ransom,
2295876,252073,1290900,434331,12653526,ransom,
1734298,184019,784279,455255,9026716,ransom,
4837038,422443,870673,470261,31006277,ransom,
4205161,537932,1532928,478304,19025383,ransom,
3805554,464438,1027711,412398,21273679,ransom,
1048349,94129,645588,441179,5506930,ransom,
5201677,697583,1655591,494007,25306614,ransom,
3906619,481059,1018151,383999,21151836,ransom,
4653482,620694,1627828,531842,21351980,ransom,
4226854,521840,1163939,479201,23203136,ransom,
1767073,198302,751762,479716,9463102,ransom,
7516620,826499,1704617,551651,41371490,ransom,
4455656,558464,1129090,360904,23355394,ransom,
5023503,664503,1498924,414945,23870913,ransom,
3970379,480197,1286100,584013,22141136,ransom,
409556,43970,194242,139978,2770087,ransom,
5064626,670857,1542412,427657,24740666,ransom,
3876184,484249,1045737,410027,22068535,ransom,
2563510,252780,936679,601445,11140747,ransom,
6254830,674283,1392584,520709,37304819,ransom,
4077136,550611,854690,198515,20368030,ransom,
4594348,470692,1300200,542740,22166803,ransom,
1803924,236679,582886,297990,9505438,ransom,
3534226,477360,1309306,274254,18720886,ransom,
4336430,524803,1218932,488050,22137780,ransom,
408703,50944,274964,164393,3870997,ransom,
3779906,501108,1434470,551827,18230482,ransom,
4076188,564058,1213739,409976,21594092,ransom,
5872572,555982,1678084,756965,32155045,ransom,
4929704,593830,1356162,480021,26790223,ransom,
3793061,498826,824198,184419,18479536,ransom,
2599932,291942,1200641,579610,13973930,ransom,
1603709,211505,501466,243675,10150964,ransom,
4010243,530301,1281279,288729,19074345,ransom,
3898171,475723,1099280,438415,21068964,ransom,
663730,84129,376346,175263,3624686,ransom,
4659209,607046,1647344,579618,24572090,ransom,
6891503,745995,1406046,617204,36429516,ransom,
3023546,290819,987234,451168,17647996,ransom,
3844213,468006,1388494,697441,20240083,ransom,
4325131,570013,1014435,346722,20261885,ransom,
3167808,310567,1546070,757051,18114992,ransom,
1855642,249988,590288,307944,9766600,ransom,
4377752,552787,1382534,457705,22106711,ransom,
4032059,488812,1211758,509247,21350902,ransom,
579455,60915,397647,249212,3835310,ransom,
8303543,934251,1957515,769972,44574300,ransom,
5009372,604771,1309107,482594,26491222,ransom,
1352886,141665,620557,352930,6497926,ransom,
3617037,448249,1297626,654933,17326576,ransom,
4434491,582533,1085943,337417,22156880,ransom,
3078302,297938,1554184,831788,16885848,ransom,
1848172,224641,645155,360673,9186046,ransom,
4279144,571103,1415740,426760,20416271,ransom,
6001510,676976,1722108,908454,29622369,ransom,
2979375,271482,616762,234420,21195768,ransom,
4372114,564518,1407671,451811,21147553,ransom,
4324942,563939,885040,293826,21006396,ransom,
1759800,199191,810833,405957,10191325,ransom,
3724447,485496,1181833,512043,17856782,ransom,
3970726,550721,770015,160599,20498108,ransom,
2649944,272132,1180611,498592,13820427,ransom,
494036,67367,191310,106491,2793831,ransom,
2247778,219160,845496,558032,11419463,ransom,
5589116,590426,1112126,427873,32256677,ransom,
3922591,540341,819265,176847,19878053,ransom,
2746772,283710,1126415,451604,14225534,ransom,
896772,105081,408615,251554,5989267,ransom,
330807,39101,136564,84299,1348326,ransom,
3450269,446719,1099426,484461,16407953,ransom,
4010304,552485,809349,158533,19123582,ransom,
2284393,225696,1209789,482204,13477841,ransom,
3551399,404249,899930,600170,19145069,ransom,
2284076,164176,342330,130547,16235698,ransom,
3119498,402177,900167,370618,15819861,ransom,
3547923,491284,845889,173873,17632366,ransom,
3897047,478433,1232634,465448,20062362,ransom,
3707540,464791,1203702,299912,17935968,ransom,
3567783,447755,962492,354393,19179725,ransom,
3738529,481089,1119233,494612,17866679,ransom,
2259990,303711,1255288,348564,12302945,ransom,
7397893,760299,1513111,743951,40667186,ransom,
3103942,368312,822958,433764,17287108,ransom,
4249427,579714,1120936,223272,21415589,ransom,
3615936,405183,1374910,592084,18428763,ransom,
153523,19690,90914,59291,2152605,ransom,
4697892,631483,1403711,414706,23138767,ransom,
4217472,518697,1107746,391539,23073746,ransom,
877550,112312,408423,211570,4861060,ransom,
3365897,438242,1209377,600457,17786748,ransom,
5302516,602180,1619432,642046,25968560,ransom,
6482510,684602,1487237,557018,39126003,ransom,
1893697,225096,812817,391257,10352194,ransom,
3917595,540467,1034217,205265,18886691,ransom,
5049908,504228,1976994,1180206,23557015,ransom,
612223,43985,414834,330019,3650059,ransom,
4974729,664724,1566030,431756,24350927,ransom,
4490773,531393,1329856,609200,23111086,ransom,
685733,63615,460120,266654,4485342,ransom,
5336834,477959,1168129,670933,29262559,ransom,
787477,66304,215769,124115,7090776,ransom,
4037096,520565,1355715,490555,19079358,ransom,
4642122,524417,1468685,692897,23331322,ransom,
1895741,160874,1132329,726497,10924217,ransom,
3597520,474198,1251396,544516,17371381,ransom,
3698817,510408,886280,208741,18701193,ransom,
2939665,323794,1125320,452503,15641423,ransom,
1631521,170427,964058,558907,9653380,ransom,
4970606,638890,1687776,898541,21618738,ransom,
6906085,799526,1457995,574522,38830322,ransom,
2122056,210179,904522,326337,12835797,ransom,
4473110,598599,1358434,429516,23549109,ransom,
4196864,509766,1013999,279238,20603681,ransom,
1060330,131245,507425,251977,5951383,ransom,
4174394,542369,1413943,580117,22672635,ransom,
4055037,547096,834998,223341,21327092,ransom,
2248421,234250,1051773,403828,12453070,ransom,
1981757,245940,847281,439391,12794161,ransom,
4706763,653302,1446802,568982,21299109,ransom,
6466714,739750,1298214,563055,36396363,ransom,
2080261,212861,968044,355490,11946827,ransom,
4440136,603206,1510639,425884,22689720,ransom,
4394411,539397,1330905,461781,21538296,ransom,
911269,117495,439054,240027,6675822,ransom,
3271286,432545,1120728,499125,16073481,ransom,
4478626,611819,1133169,270723,22167919,ransom,
2341074,240205,1031685,417220,13881142,ransom,
2865515,381419,953441,438440,14681529,ransom,
6197923,797760,1583931,594229,30461114,ransom,
5898784,549764,1734880,712288,36227298,ransom,
758449,90808,371987,186712,4590099,ransom,
4657049,632293,1365722,344557,23107669,ransom,
4561240,550439,1222721,534896,23757238,ransom,
198532,21926,121594,60066,967032,ransom,
1351021,162895,591275,339657,8264044,ransom,
529094,59263,232834,139508,3199309,ransom,
4366695,553382,1377605,637154,21692575,ransom,
7292961,840030,1381576,495922,40667825,ransom,
3750840,475826,1273076,374772,19523969,ransom,
4957303,640094,1147621,379885,24289607,ransom,
2114086,226846,1038107,420820,11119610,ransom,
394012,41286,162298,103996,3231761,ransom,
4105321,541916,1311019,441799,19617859,ransom,
3625340,496048,705294,193356,18544477,ransom,
2551645,218748,1438948,849241,12319881,ransom,
2246609,215680,753116,529743,10513152,ransom,
6934809,768740,1697172,450985,40467013,ransom,
5242913,629674,1516630,550614,26251555,ransom,
1468054,164466,668534,290558,7354780,ransom,
4588743,579947,1556994,585028,21782686,ransom,
5487770,700172,1434763,465543,26170233,ransom,
2221956,211312,905005,384073,13561906,ransom,
2508283,285794,997190,623676,11475699,ransom,
5556785,642928,2003213,635343,28302363,ransom,
7215732,719597,1499122,586077,40719846,ransom,
1288862,136230,633409,375131,6122437,ransom,
882066,97728,437668,268714,5652840,ransom,
2231244,245111,858996,518798,9987675,ransom,
3590864,476511,1115411,249729,17824587,ransom,
4011457,500639,1150340,467466,20154510,ransom,
1442198,146101,717484,414095,8084015,ransom,
3605400,489670,1069833,317755,18171461,ransom,
5586166,670749,1531850,755552,27091045,ransom,
4593970,417510,1130080,453486,28691294,ransom,
3374938,399215,1047116,502398,17713635,ransom,
4136708,552183,1032977,253988,19505330,ransom,
2875732,309983,1106328,479963,16438605,ransom,
2216596,259377,836158,423603,10814428,ransom,
3596867,495226,1022108,186739,18662941,ransom,
3913070,480469,1058340,458200,19939609,ransom,
1677649,175058,895879,524285,9788134,ransom,
7356691,829934,1560816,577241,39517965,ransom,
4989781,581876,1384602,518560,26138031,ransom,
1273048,151615,639709,273274,7055921,ransom,
3343303,443480,1024018,433091,17406146,ransom,
4153442,565884,1075534,295686,19316648,ransom,
2592242,280485,1116069,467927,16837687,ransom,
1868437,209772,778256,411202,9269219,ransom,
3793851,521834,1228272,319656,18788763,ransom,
4523006,547814,1375750,574594,24254033,ransom,
5194644,498537,1178255,614723,28521643,ransom,
4803015,630232,1445224,386548,24941542,ransom,
4531020,551489,1250179,513938,24220199,ransom,
769528,96544,318993,150867,4038595,ransom,
3501656,467909,1106135,417471,20005459,ransom,
4756700,614356,1153992,371529,23422486,ransom,
4076255,528116,1392069,459910,21026254,ransom,
5003542,636565,1440256,600738,24792920,ransom,
7092211,784546,1754771,620927,38622831,ransom,
5502113,647308,1357558,367687,29544330,ransom,
2392893,276237,1039368,527921,13631950,ransom,
4772344,651412,1541835,390132,25167635,ransom,
4576159,552073,1288662,564286,23224592,ransom,
297511,31940,113275,57097,1161306,ransom,
3429279,463613,1026284,339283,17338981,ransom,
4435576,583134,1261104,492791,22270560,ransom,
4211082,427372,1428249,693455,22304742,ransom,
4279138,458463,993932,449551,27991115,ransom,
4961478,683205,1135585,266579,23241818,ransom,
2471726,265732,1148207,507027,14687471,ransom,
1540167,162391,638811,385794,6119158,ransom,
4108092,558419,1257762,318527,22301604,ransom,
4297023,529104,1150065,397859,21029056,ransom,
1606051,188804,682518,348882,9259000,ransom,
3289572,425190,1152940,618404,17084277,ransom,
6517065,700097,1708456,627325,34510379,ransom,
4079888,462174,1003190,346029,22875975,ransom,
1393678,150025,710900,430664,8711762,ransom,
603900,70195,269081,157181,2332325,ransom,
2625958,355635,761075,283279,13944788,ransom,
5206263,682294,1217054,425981,25329717,ransom,
1688915,177356,844052,293838,9863591,ransom,
1955928,257651,710149,375340,11063498,ransom,
4602405,635049,1606719,643189,21854841,ransom,
5323163,618702,974280,478793,29786592,ransom,
3736680,336342,1698387,889197,20327548,ransom,
4257748,581097,1269867,279707,21921015,ransom,
3775019,467793,997689,328966,18693185,ransom,
1605320,198835,691639,371082,10182259,ransom,
3565442,485695,1058902,356209,17998746,ransom,
4506562,564156,1344417,587134,21051949,ransom,
2266427,227693,1079679,432782,13687086,ransom,
3803870,392743,1119587,684089,18762971,ransom,
6041869,690844,1600549,501493,33144757,ransom,
3778406,457470,1036408,475898,20356163,ransom,
2068896,233618,917931,493372,9877666,ransom,
4019194,549739,1240138,326089,20976495,ransom,
3825507,475619,934589,310470,19533750,ransom,
1516577,183166,679206,337164,7559921,ransom,
3078850,418407,995744,356660,15576864,ransom,
4976415,648525,1491073,569105,24967193,ransom,
4678709,458150,1375481,666937,24639817,ransom,
3921260,402522,910762,409236,24445588,ransom,
3834346,488371,1208244,258918,19118032,ransom,
3718239,464607,1022494,389236,19439422,ransom,
1071199,120241,487902,266437,6659715,ransom,
3664999,506912,1147313,355248,18353709,ransom,
4044177,524135,906751,272474,19613551,ransom,
2144080,235820,990077,414741,12153863,ransom,
2991844,394289,1174391,542970,16099365,ransom,
7310917,847784,1619577,643328,36183754,ransom,
4020454,387034,1146476,389497,25020529,ransom,
2151227,284769,699850,365778,12107977,ransom,
4000923,522413,1228882,317732,21100692,ransom,
3629595,458875,962970,375880,18891528,ransom,
850411,95679,391018,225586,5583505,ransom,
905170,107060,375969,209300,5239289,ransom,
1767616,229723,458232,253882,10363430,ransom,
3518522,463211,1362593,343708,16353078,ransom,
4747794,538798,1228773,611592,24834585,ransom,
4847189,451277,1279308,643116,30149445,ransom,
4184887,561532,1288805,377022,20659116,ransom,
3604866,456243,797262,224909,19182679,ransom,
2024226,225840,865517,414643,9966697,ransom,
3155319,433465,966406,340962,15926198,ransom,
2820059,362171,1137851,350471,15545120,ransom,
3983216,489572,1211061,468026,21482868,ransom,
1840343,254804,704505,388352,10220986,ransom,
5346906,595560,1853882,788886,26147505,ransom,
5513026,608043,1071863,296613,31975620,ransom,
2341619,268693,1196790,481887,12119117,ransom,
1171248,136264,492240,255451,6767002,ransom,
983162,113584,343686,181877,5069839,ransom,
3152286,410769,1062112,301919,15476831,ransom,
3543168,462310,746301,292858,16734085,ransom,
2424107,261073,1119329,543524,12594233,ransom,
1020170,112710,640982,358329,7696701,ransom,
3999591,384994,907198,558549,21455684,ransom,
4903875,573857,1281877,364783,26587849,ransom,
3243843,444149,602492,156492,17589258,ransom,
2402350,255026,1086918,505580,12585633,ransom,
3740982,496343,1199559,434111,19631026,ransom,
3454120,479540,751445,232296,17574329,ransom,
3055744,337939,1285377,505394,16335239,ransom,
3323672,427726,1140566,478337,17533805,ransom,
4896926,620820,1407668,445986,24497207,ransom,
4804582,478198,1338760,677521,26433194,ransom,
3250255,368611,699850,314147,19499138,ransom,
4215412,521170,1467599,397643,20769172,ransom,
3725517,466735,990476,384880,19397795,ransom,
1053326,120937,524007,287789,5646074,ransom,
4386051,582875,1406514,428280,21252029,ransom,
3766832,471735,849434,206172,18910207,ransom,
2050651,242563,928972,469900,11897387,ransom,
3364071,467350,1184153,520413,17363761,ransom,
6513419,844873,1285693,482330,32443735,ransom,
3859121,363008,1172235,438048,23121724,ransom,
1799270,237517,655446,339088,10573780,ransom,
4267778,557254,1322257,347870,20003938,ransom,
5592882,730312,1263047,452348,31288589,ransom,
2078883,274392,596205,311605,10344978,ransom,
1500358,167179,608897,311270,7018435,ransom,
57455,6865,98413,60672,616319,ransom,
2684757,282467,869168,590458,12091421,ransom,
5435951,592238,1082480,315347,33064237,ransom,
4050577,541100,857135,246940,19164221,ransom,
2033885,213153,946111,375218,11490195,ransom,
629745,76423,275264,160637,3689460,ransom,
926902,99721,364030,202173,4429989,ransom,
2980966,406268,874431,284365,14992764,ransom,
3855336,527369,781027,231083,18060915,ransom,
3111203,319489,1686038,679370,18468986,ransom,
4664799,394526,952252,516409,25983344,ransom,
2682234,258952,804161,416871,14713517,ransom,
2807536,366175,828583,276651,13621610,ransom,
5285027,686621,1183933,267528,25763473,ransom,
2850179,287150,1178773,468876,14747551,ransom,
1623033,198965,655236,326507,10534271,ransom,
5464626,654943,1712871,357138,25772494,ransom,
3749991,464207,1205661,507416,22035431,ransom,
3511886,332049,753417,496731,19309584,ransom,
6200811,744379,1848602,682102,33035632,ransom,
4872059,605335,1263025,343882,25553391,ransom,
2867632,314790,1155679,554124,13800870,ransom,
4424009,556658,1272744,436180,22272748,ransom,
5382803,712255,1305355,337410,26149422,ransom,
3363245,377804,1503784,669622,17710251,ransom,
2727293,354776,699331,344968,13788269,ransom,
5795723,743825,1636687,512124,29162922,ransom,
5745906,554453,1600067,763485,30610673,ransom,
1436331,107694,201131,79576,11151631,ransom,
1956110,216259,817041,436067,10078780,ransom,
1053237,120992,426493,221630,7106597,ransom,
4233573,586091,1256731,332731,19691777,ransom,
4116527,499355,1163938,454440,22414575,ransom,
375300,50558,193940,112557,2081488,ransom,
4182561,541572,1415463,514354,20942758,ransom,
5082506,624511,1209351,568253,25846006,ransom,
5196331,424910,1362557,537480,33133572,ransom,
3469661,471587,1129919,506556,18556514,ransom,
2718153,361248,1010826,236484,13194644,ransom,
4985594,594477,1547085,662698,26414383,ransom,
1474074,173017,714002,356698,9735668,ransom,
4045223,564068,1158611,271661,18829630,ransom,
3951859,475600,1083519,423981,20917971,ransom,
888549,113145,537536,292133,5098537,ransom,
5022126,672859,1650342,826847,24464374,ransom,
4785275,541805,1273957,360888,28582759,ransom,
4783941,571034,1289950,487751,26367975,ransom,
4994827,656839,1607804,483515,24481263,ransom,
3615825,443208,905217,342751,19082404,ransom,
4984254,637651,1732225,664263,23726884,ransom,
4659001,584550,1167833,341899,25218416,ransom,
837569,99552,353648,175975,3901680,ransom,
762889,86574,349765,214824,4435395,ransom,
6300221,762810,1727109,671847,30650380,ransom,
5513979,609638,1321416,510691,30744889,ransom,
906418,105564,438712,235640,5159768,ransom,
526467,56918,220502,126208,3369647,ransom,
2943646,392812,833502,325081,14338003,ransom,
3881679,531763,850338,194441,20691869,ransom,
3199104,338316,1342651,557544,15959013,ransom,
1430374,188823,489457,265301,9204347,ransom,
5348476,644259,1976132,862037,26105351,ransom,
6957552,752123,1369686,559978,39626500,ransom,
1187310,150123,559721,298690,7518838,ransom,
4610509,604348,1441709,501036,22305192,ransom,
3855398,484971,873367,233889,20887749,ransom,
1276981,151725,583634,311004,6678673,ransom,
1577903,182514,715872,409739,8577701,ransom,
120704,19260,92970,63966,598198,ransom,
4396773,571869,1368650,480351,21935659,ransom,
4481670,566797,1124903,496361,21855130,ransom,
4932804,450943,1309835,585766,31061137,ransom,
3341488,445289,1061305,425293,16402676,ransom,
3940824,532067,888790,235020,18696808,ransom,
2882894,295494,1226362,505608,14993914,ransom,
694675,83718,316788,191315,3996670,ransom,
2887707,156945,229695,51584,11616012,ransom,
5928639,641523,650616,284092,27393905,ransom,
4462645,482579,420185,151656,21930674,ransom,
6121985,649683,1297593,776113,28794134,ransom,
6029077,583340,603263,160463,36966050,ransom,
5417691,692329,848892,392375,28419119,ransom,
6916754,873575,1611432,416979,34304958,ransom,
4265876,520982,860935,276481,22173729,ransom,
1457903,170076,556337,296064,6905975,ransom,
906666,108869,415594,235521,6364452,ransom,
212366,22191,78848,41745,908023,ransom,
3140959,425019,984789,419326,16346936,ransom,
3147197,422098,1358797,512789,15841760,ransom,
7347364,781617,1617063,761673,40581401,ransom,
2879387,346084,1085063,547922,18043571,ransom,
3239677,474783,947843,149937,15713208,ransom,
4287258,516416,1138481,424953,22273522,ransom,
1082525,139528,547428,269266,5996565,ransom,
4151742,550441,1371860,501852,22386459,ransom,
4092061,546665,898107,286271,21968592,ransom,
1783989,200945,893311,332807,10211385,ransom,
3737257,495385,1406356,657530,20177386,ransom,
5822930,645262,1302908,501555,29517652,ransom,
5157825,555728,1381691,533688,29202011,ransom,
2317308,308530,818385,390217,11606829,ransom,
3218225,450892,1066208,183516,17933215,ransom,
4285404,511411,1164345,477862,21052384,ransom,
844123,107240,393244,214758,6365730,ransom,
3725566,500370,1195169,425702,18357937,ransom,
4190029,563742,1142096,410797,22239736,ransom,
4764431,465213,1478063,711291,26430308,ransom,
4479361,576565,1362671,541917,22601739,ransom,
3845986,539305,756248,191560,20204904,ransom,
2462483,255443,1132071,483807,12976593,ransom,
1388218,157718,592916,321282,6748792,ransom,
186510,21756,100449,61917,2811284,ransom,
3609103,472947,1100519,421012,16935254,ransom,
2852011,386984,997693,291067,15005619,ransom,
6293901,614012,1441969,694223,33353242,ransom,
3442859,359991,1019764,539601,22056599,ransom,
3186926,460334,992050,165107,16335794,ransom,
4228601,515269,1163057,442708,20484972,ransom,
1051600,134854,542483,267173,6213266,ransom,
4432917,593662,1381355,438850,21679950,ransom,
4372295,542761,1083122,355950,20971898,ransom,
1389171,162823,699471,311606,9359311,ransom,
4300336,549396,1583480,780007,22244980,ransom,
6566519,712100,1281463,402397,36705008,ransom,
3652905,410287,1115682,432888,19657220,ransom,
1983268,234676,798874,391259,11129316,ransom,
3707777,524277,1050359,198662,17875790,ransom,
4926301,597192,1468625,621311,26085439,ransom,
3542931,369964,549043,219149,16335265,ransom,
5977782,783386,1871612,601392,30354783,ransom,
6028424,796571,1786394,723592,29200765,ransom,
5560046,729433,1608373,470483,28856330,ransom,
5373854,531432,1539733,816010,28349194,ransom,
1161023,84545,199310,97325,10202430,ransom,
2798020,401867,1003819,291257,13789775,ransom,
4720607,626027,1311297,417861,23480680,ransom,
1719575,184648,899492,326386,9970208,ransom,
4458236,573073,1468318,602916,23118546,ransom,
4330681,569611,1021390,272351,23308055,ransom,
4430192,554035,1612793,685126,21951599,ransom,
6632391,753322,2088138,959193,32954679,ransom,
4112291,354600,845206,358980,26362946,ransom,
3256819,436133,1123218,451778,16551231,ransom,
3557957,507710,1211519,285876,16811850,ransom,
4648568,598265,1427791,424257,25012208,ransom,
5455944,677090,1506081,424288,26435824,ransom,
974160,124246,492169,260696,6328046,ransom,
3326294,438737,1089955,386288,16036797,ransom,
4920105,609706,1373681,460128,24133873,ransom,
2435288,244573,1103238,737283,13149270,ransom,
5884397,612401,1453447,834169,32380585,ransom,
4588557,659439,987710,169866,22712147,ransom,
2698913,285837,1084505,457592,14480149,ransom,
484446,51515,192667,111756,1920306,ransom,
841427,98952,392005,227265,5758283,ransom,
2258668,295703,676599,359483,11251529,ransom,
3101442,431750,1041107,182130,15546460,ransom,
3724329,459541,835517,312456,19377382,ransom,
13544512,1853766,2733844,1331327,75940849,ransom,
22206971,3486216,2810183,1462031,116449019,ransom,
25658470,4297828,2815657,1291155,139092335,ransom,
24715212,3851800,2885761,965565,135395490,ransom,
28091849,4261414,3227631,1158283,154330666,ransom,
26412860,4057086,2980594,1159439,141701033,ransom,
7129116,945808,1506054,564161,40373080,ransom,
18911698,2170254,1967428,1008216,104286636,ransom,
20796249,2384354,3021341,1122058,107004923,ransom,
22655868,2364850,2146117,885755,120104170,ransom,
8161235,774920,1537344,1033980,39806133,ransom,
3509732,290268,668621,284050,25293241,ransom,
4038789,440245,1120842,428328,19298011,ransom,
5884706,750806,1497798,376741,28702591,ransom,
1711598,199895,747249,378982,9618408,ransom,
1057853,120006,462328,265428,6934704,ransom,
6488276,883829,1408953,347050,31069503,ransom,
2303345,248215,1088655,452801,14335590,ransom,
1199214,133201,533464,284404,5011583,ransom,
2624914,350772,784235,241522,13612271,ransom,
4574997,614732,1009560,307563,21373520,ransom,
2333460,229093,1263122,507990,13836766,ransom,
5438195,505916,1264762,698583,31419269,ransom,
5595322,746253,1465431,413677,26245806,ransom,
3184843,373616,1055278,411066,17986655,ransom,
553192,60973,225328,138006,2236344,ransom,
955750,110917,387502,217172,4931229,ransom,
1031368,115286,446736,239704,6381767,ransom,
3987844,535344,1167800,319711,18338822,ransom,
3194638,417897,679769,203271,16750627,ransom,
3809396,392873,1316830,755658,18629329,ransom,
3784000,311200,840819,395142,24622015,ransom,
647509,67903,269358,175978,2947949,ransom,
3198120,425504,947497,418626,15512537,ransom,
2534586,316399,876902,145679,12507978,ransom,
3650960,452068,908142,326201,19073936,ransom,
1175431,133072,552476,252318,5824159,ransom,
215254,20751,105699,84340,1240493,ransom,
2846841,378050,828969,379199,14013066,ransom,
2781294,357921,939820,169304,13731165,ransom,
3677955,442314,1157903,469659,20607389,ransom,
4087614,413288,849210,508444,20741075,ransom,
2125922,184457,514173,239905,13846695,ransom,
3103811,401540,953114,372892,15321351,ransom,
4052348,552176,950211,228689,20497003,ransom,
2577494,276166,1071510,420490,14296070,ransom,
1267102,141206,541072,274885,5805065,ransom,
1095934,128350,438083,239353,6851508,ransom,
4236757,551608,1414156,385893,20513715,ransom,
3716140,462668,907476,332966,19195908,ransom,
2890277,262092,1040117,747142,13403569,ransom,
4017104,310553,1009527,569686,25696678,ransom,
1837154,155805,991271,713728,9923694,ransom,
4892774,558674,1967637,879122,21483205,ransom,
4197431,461884,1251940,668983,20552069,ransom,
684056,83708,309276,170739,3504437,ransom,
1476918,165552,615210,342059,8068535,ransom,
852056,94011,342712,187134,4679272,ransom,
4369968,557642,1486593,462963,20477385,ransom,
4007871,461010,1135452,539669,19827553,ransom,
2031143,220082,817199,514704,10288346,ransom,
4496462,413740,966871,482176,27890780,ransom,
1555843,208808,500477,280650,7754406,ransom,
3417543,460888,1319959,351244,16250128,ransom,
3634669,465609,885011,252995,17892770,ransom,
1513498,187404,720237,372700,9365381,ransom,
4690743,602611,1547961,483336,22587173,ransom,
3827516,479068,847722,203340,19286691,ransom,
1782358,208009,799888,400981,9163951,ransom,
882347,100874,375418,205478,4780303,ransom,
44869,7360,47161,33791,209878,ransom,
1773288,181883,882557,499678,10198204,ransom,
7094015,809669,1584895,529291,36424373,ransom,
5048649,573871,1207749,407286,26642245,ransom,
1673952,189115,638845,315748,8975045,ransom,
117216,15745,55688,44551,603104,ransom,
1631657,168857,652424,335115,8571703,ransom,
3677023,521480,1067528,157058,17828016,ransom,
3841012,453941,933403,335471,19561887,ransom,
1434431,175567,597358,312591,7594019,ransom,
93987,6040,242311,131943,1443981,ransom,
3925115,386652,1018221,647714,19339171,ransom,
5454064,640893,1330320,277475,31668618,ransom,
4031088,487534,954596,296337,19813353,ransom,
1858092,211557,726227,371655,9555825,ransom,
260600,32384,158755,102838,3874360,ransom,
3663752,485041,1238074,410897,17263874,ransom,
3707190,509268,748294,162753,17650050,ransom,
2224608,231865,1013420,381035,12097367,ransom,
1481388,164307,756083,436381,9379651,ransom,
3523063,328013,629209,395840,19476089,ransom,
4868381,594118,1354591,414333,26175888,ransom,
3845244,485311,857252,199602,18962787,ransom,
1854173,202636,763369,371105,9350840,ransom,
1120141,128946,467324,269716,5657941,ransom,
279621,36431,147759,100927,2370861,ransom,
4023435,517319,1271209,388651,19025713,ransom,
3799533,495133,795013,171122,19618360,ransom,
1703922,182536,768469,336714,9253945,ransom,
2843800,299524,941904,639773,12991243,ransom,
2092937,160237,239858,78609,15688508,ransom,
1719729,167113,831231,528122,8921543,ransom,
3508126,440545,1412355,589519,16002068,ransom,
4148223,536437,895348,222042,19824414,ransom,
2059360,217519,896065,388525,10761123,ransom,
203913,26525,124486,88377,2762591,ransom,
1481501,162988,579075,336772,6989365,ransom,
1199503,158903,542847,282877,7130039,ransom,
4355669,561327,1274402,606278,19632207,ransom,
4623455,508992,1190556,393929,26700316,ransom,
3215247,397349,886138,319683,18480554,ransom,
4593580,578239,1491734,595726,21662170,ransom,
3514676,476437,803021,245059,16645321,ransom,
2452662,246503,982202,361551,13507193,ransom,
1852336,213650,809349,456102,9689381,ransom,
309711,34154,139830,115252,2377534,ransom,
3502299,461926,1252687,447707,17837961,ransom,
4105226,518097,1118035,488350,19134830,ransom,
4803823,508019,820204,194980,29116577,ransom,
2176565,253165,929587,472762,10680061,ransom,
217409,28335,136220,94951,2100592,ransom,
3582828,479669,1276964,504697,16695727,ransom,
3371154,456869,1042615,286470,16598976,ransom,
2927287,323586,1008990,367048,15485038,ransom,
1484932,170667,651563,359904,7053250,ransom,
170271,20898,99077,66039,1846837,ransom,
3813780,499120,1242722,464161,19930907,ransom,
4010823,523057,857910,190101,19313024,ransom,
1827861,196979,840211,341450,10234487,ransom,
1472099,166747,615106,346743,6992780,ransom,
106947,12235,57030,40796,2113111,ransom,
3939729,494671,1372139,654445,19323832,ransom,
7156185,824616,1285964,436220,37555574,ransom,
2657971,256376,1034594,388040,15582674,ransom,
1478328,169704,625369,351150,7022292,ransom,
309502,39455,164692,105037,2819768,ransom,
3503370,458105,1012420,304800,16791467,ransom,
3798942,517566,776100,236315,17749187,ransom,
1923470,191951,866592,295686,11122719,ransom,
1664685,193606,753676,431848,8976825,ransom,
119578,15034,62405,47540,589536,ransom,
3794053,493892,1278449,358202,19777413,ransom,
6490921,734643,1426145,630716,31600828,ransom,
3409859,321428,904742,347502,21411488,ransom,
1652479,187444,699073,380351,8898142,ransom,
88220,13794,67327,45231,1382821,ransom,
3802849,508361,1109264,306654,18517782,ransom,
4089268,517374,957748,256288,19725212,ransom,
1281355,138937,581701,233707,7352335,ransom,
1663261,188354,711554,408853,8954392,ransom,
46243,3960,99870,59006,1352232,ransom,
4121353,551393,1363026,739190,18973226,ransom,
4897588,537280,1556363,561161,26697782,ransom,
3948702,480476,744031,267406,23012790,ransom,
2227434,240016,969310,463296,11324899,ransom,
52989,8584,53481,40731,286161,ransom,
3579682,482686,1069442,346274,17810198,ransom,
4146634,545497,997296,325267,21055877,ransom,
2264430,240022,994176,334803,12839429,ransom,
3681385,479128,1256182,523898,17656662,ransom,
4767154,640298,1410013,408297,23235172,ransom,
5412741,564296,1536957,653736,30808311,ransom,
4402791,460351,1512305,740980,24460922,ransom,
5316813,702320,1426518,291972,24985429,ransom,
4660536,522072,1517510,579055,23496831,ransom,
659815,39719,273374,227783,2896634,ransom,
1031768,95553,564597,374271,6294127,ransom,
3830193,420773,1130236,418993,18050682,ransom,
2563006,353551,1447941,259228,13750697,ransom,
5829733,694066,1768236,819510,29059289,ransom,
3150091,274731,429741,211354,20320259,ransom,
932101,112181,408020,236235,7306178,ransom,
2313676,286714,751168,411803,10564819,ransom,
3332794,434707,1204765,230931,15756881,ransom,
4079700,497316,1059158,383330,19767510,ransom,
941329,118661,431464,224235,5204167,ransom,
830163,100166,381913,217203,5700363,ransom,
2784383,361260,824122,427197,12721738,ransom,
3097295,383422,1221882,263500,16693656,ransom,
6971062,747056,1527719,727487,35316003,ransom,
1481628,131627,356261,147561,10249428,ransom,
795564,97069,394471,211771,5452984,ransom,
2033149,252851,646667,339207,10237751,ransom,
3613454,493113,1185694,207267,17121773,ransom,
3731767,448889,888671,308463,18516841,ransom,
1319098,163004,615155,332581,7576796,ransom,
3723213,500969,1206858,351760,18764446,ransom,
4980795,646911,1470894,571798,25601690,ransom,
4153779,422192,1130732,552289,22674693,ransom,
2277162,214175,591444,290775,14363514,ransom,
644751,72991,287959,164015,4353204,ransom,
2676593,375698,968967,284038,13181972,ransom,
3297399,418054,1235149,390976,15389530,ransom,
3200988,374523,891506,302498,16245084,ransom,
1603219,186159,745983,415742,9280382,ransom,
674982,58243,335163,249506,2617350,ransom,
3236491,431740,1126564,394694,18097875,ransom,
7390495,853637,1423835,604925,36421430,ransom,
2818268,258045,929278,311888,18237473,ransom,
1261533,145425,551051,315424,8062496,ransom,
713698,77976,309605,161885,3258138,ransom,
3478160,466655,1013173,197288,16927510,ransom,
4418753,529989,1108708,339006,21363155,ransom,
1496662,177336,641260,336780,8606629,ransom,
3027539,408259,980123,412923,15773935,ransom,
3949406,452909,1706893,707506,19453321,ransom,
6675848,701813,1383961,579070,36125955,ransom,
2306484,229548,727263,388970,14519968,ransom,
129992,19084,87636,54190,948855,ransom,
2484935,341861,741019,252829,12183061,ransom,
4256788,571903,1143350,296277,19758612,ransom,
2591267,278755,974422,344425,14217731,ransom,
2547236,312180,943909,518212,14709437,ransom,
3481323,487339,1127151,227577,16310394,ransom,
3690139,446488,1086911,368109,19818113,ransom,
4911574,498823,1334432,799174,24769656,ransom,
1923826,178731,472720,221196,14078299,ransom,
2242729,287405,744985,404604,11143592,ransom,
3235691,440287,1053442,128636,15597054,ransom,
3287907,405066,781683,246530,16847701,ransom,
1673582,197751,747876,421585,9031496,ransom,
3885773,543810,1230060,339572,19491453,ransom,
4274030,545817,1042279,354131,20742238,ransom,
1999504,210903,924542,356508,10728358,ransom,
532028,71074,257577,144268,3019834,ransom,
2644370,295839,995042,646326,13687524,ransom,
4191859,496384,837340,329222,24516948,ransom,
3531119,424754,1143074,239079,18302177,ransom,
3557326,425190,870838,293279,17861210,ransom,
1454547,176085,610531,319136,8947492,ransom,
900938,98577,356967,215600,3626600,ransom,
3377376,468349,1009693,241380,17350153,ransom,
3944775,518559,881056,241317,18786372,ransom,
2385075,257321,1077865,481577,13839509,ransom,
3453068,464113,1246091,539443,18292232,ransom,
7639771,866005,1546668,550292,38924596,ransom,
3058056,310781,1104302,394828,18202116,ransom,
1134032,134855,504910,320021,5626864,ransom,
723972,79320,305483,166647,4066570,ransom,
2826399,386774,812299,248424,13934714,ransom,
4677980,606577,1137703,344534,22391925,ransom,
1679302,166771,783281,272368,9859990,ransom,
779900,95297,353136,209154,4179388,ransom,
1224495,123146,701134,379708,7312712,ransom,
5158451,601272,1073866,539567,25260494,ransom,
5853740,680161,1344727,390610,32240899,ransom,
2545927,278785,901079,292961,13928024,ransom,
894168,104749,393737,222965,4926279,ransom,
788901,86096,318469,176032,5843013,ransom,
2470143,340604,717774,236397,12196519,ransom,
4356267,580955,1188358,343126,21201573,ransom,
2487111,272921,934742,323870,13721786,ransom,
1781637,234864,635049,340149,9369055,ransom,
4181067,557777,1412356,341827,19690216,ransom,
4403296,535272,1239466,522730,22547535,ransom,
5011306,514878,1244596,672812,27635178,ransom,
1238123,124736,370558,190288,9132076,ransom,
1360998,172678,428476,231763,6781607,ransom,
3975208,520365,1261758,239974,18873008,ransom,
3696962,449519,906374,318824,19298175,ransom,
1021071,112771,463969,245136,4261149,ransom,
773694,87951,333573,183415,5354274,ransom,
826163,91285,460343,241715,4805482,ransom,
6126627,762474,1943064,862953,28392282,ransom,
5761676,639692,1034625,251017,33578399,ransom,
2557778,272645,1030252,458282,13271019,ransom,
686283,75160,328030,165700,4769401,ransom,
983001,117608,346650,182595,5208727,ransom,
3129370,432923,1261149,357896,14858995,ransom,
3552350,480463,794267,206132,17153692,ransom,
2332441,243841,1038555,442246,12223034,ransom,
1040940,121773,450378,243031,7422693,ransom,
1693494,176218,744713,445046,9295086,ransom,
6025075,722036,1688044,635740,29626227,ransom,
4663339,570567,891110,221540,25362219,ransom,
2587156,271732,1170318,488907,15158862,ransom,
3182677,424825,1086848,333322,16093518,ransom,
4070767,550804,864150,237232,19659567,ransom,
2638331,274016,1205239,473648,13480668,ransom,
838915,99602,381859,230008,5728278,ransom,
518976,58479,280341,162808,2555475,ransom,
5414483,713115,1579014,710674,26301452,ransom,
6317596,671509,1012420,222455,38055130,ransom,
2836245,298448,1266165,525847,14171453,ransom,
862383,102749,404175,247733,6764711,ransom,
654589,76358,307231,180948,2630132,ransom,
3663813,482409,1150113,332598,17659321,ransom,
3768964,490853,803008,187481,18506235,ransom,
2259578,246743,1021276,469328,13259038,ransom,
2100635,305321,677458,326389,11092705,ransom,
4530648,557880,1720812,727412,20846671,ransom,
6638515,686331,1285306,370350,38497579,ransom,
1830900,227965,858171,471719,12811191,ransom,
1203300,124500,423943,225165,4681434,ransom,
3166377,424291,961974,318559,16624356,ransom,
4548996,572008,1159609,337404,21945320,ransom,
1945688,208870,870450,446844,10380454,ransom,
763544,94237,337414,201339,4311217,ransom,
1032314,107034,645944,354971,5232107,ransom,
3215691,294394,524686,388006,16841810,ransom,
3221711,374923,843723,324314,19804733,ransom,
3823431,483222,1251026,287800,18125053,ransom,
3325017,404416,919311,329987,17431509,ransom,
1211063,124784,428250,235278,4702949,ransom,
900903,108802,417110,247159,6919355,ransom,
396941,43318,172826,109131,1557015,ransom,
3368179,449858,1378313,509983,15478015,ransom,
2612630,298651,1388295,414918,14439742,ransom,
4686781,494155,1370499,764923,24513732,ransom,
3901499,453691,997736,361149,22912029,ransom,
3809823,519164,974567,215986,18718745,ransom,
3446680,368788,1334545,543698,17786614,ransom,
687185,83879,317877,184060,3968672,ransom,
1333875,152524,579032,301421,6412943,ransom,
2851955,376690,831590,249936,13952049,ransom,
4796949,625353,1139319,277821,23679078,ransom,
4655454,537924,1813393,818390,23050748,ransom,
6102407,757219,897484,346670,36220166,ransom,
4655792,605323,700105,276045,25597644,ransom,
4137580,566713,350961,165103,22523992,ransom,
3345687,509829,207141,80220,18337365,ransom,
5319054,679291,598405,267825,30674206,ransom,
889808,251604,440491,135487,28590019,ransom,
2387571,369129,830940,451341,22736535,ransom,
5926128,796562,1512871,372610,31552009,ransom,
4292801,411225,1340076,667008,23902525,ransom,
6619731,813150,1968625,624410,34947302,ransom,
5406254,666313,1500687,538638,28429153,ransom,
6538509,890295,1517188,386203,30401896,ransom,
2196552,221401,1018689,379358,12310296,ransom,
203975,24223,112692,74433,1999487,ransom,
1229661,132181,461276,279947,5554035,ransom,
870132,100646,523178,271859,5733110,ransom,
5356816,703477,1445001,593930,25176807,ransom,
5701593,693353,1072529,310211,31665047,ransom,
1867751,191792,879349,321466,12057258,ransom,
1475637,164925,630253,339551,7828228,ransom,
852592,92513,319819,173575,4641607,ransom,
4088367,554689,1230118,247811,19177975,ransom,
3962947,476149,1014373,358789,20066969,ransom,
418406,52253,228727,105556,2221013,ransom,
4592111,392816,946312,409290,21636844,ransom,
8098280,871269,953193,551893,37860314,ransom,
5848735,610355,810961,311820,33004574,ransom,
4382447,517400,823214,391254,21169621,ransom,
3381608,392350,489499,217242,18513087,ransom,
7264662,910300,1658472,502195,35168617,ransom,
3575391,455176,766732,164648,18824789,ransom,
1491846,167031,635026,305430,7782226,ransom,
1178261,130610,525546,315697,5887959,ransom,
695480,63140,452258,296199,4004195,ransom,
3753449,326990,719262,434216,19769794,ransom,
887245,66633,177200,71146,6568153,ransom,
396817,44570,149062,78595,1545883,ransom,
808406,81191,283127,151833,3135381,ransom,
3591,506,1805,1511,14802,ransom,
796790,82574,292719,178851,3089154,ransom,
549675,68446,135246,76393,2898806,ransom,
698337,84725,208416,118423,3145801,ransom,
1568221,173718,847900,456812,9523639,ransom,
5185761,658461,1287259,451294,23020443,ransom,
5027524,610812,1325346,477886,24845275,ransom,
1547109,192919,744185,381316,8511581,ransom,
1539658,150901,571505,228535,8160680,ransom,
5707563,546913,1319211,764556,27847491,ransom,
2344703,219034,353759,132802,14695539,ransom,
1674464,170755,447802,246384,7358614,ransom,
943672,97721,233891,118424,4382116,ransom,
306900,36331,117510,71874,1225524,ransom,
604219,63957,212814,128050,2389526,ransom,
1688,400,2710,2125,8013,ransom,
853188,92567,327057,192809,4409693,ransom,
2757335,372773,975582,313260,14199472,ransom,
5583889,687994,1091447,463664,25107844,ransom,
3237820,334842,1429776,592464,16209133,ransom,
188480,26409,78448,68176,1152717,ransom,
1167667,131355,482865,274259,5467180,ransom,
2108423,202120,665338,470226,10230718,ransom,
2523812,201134,286513,73364,18029285,ransom,
865699,92359,330617,195794,3445132,ransom,
8513,1271,6754,6051,39087,ransom,
398960,41936,143696,77138,1551077,ransom,
472790,48843,181126,103176,1971571,ransom,
1279860,157605,230894,112819,6537717,ransom,
1199306,124566,428355,236223,4657125,ransom,
1919493,267371,745045,380189,11563911,ransom,
5230246,620919,1522232,550664,23666920,ransom,
4075235,496082,1085097,438063,20337379,ransom,
281359,32793,153597,62052,1556886,ransom,
1649785,186531,685709,395688,7654750,ransom,
1134630,157683,512608,322348,7293617,ransom,
6424822,768218,1593264,474782,31981489,ransom,
5438874,519669,1303927,395592,30104250,ransom,
1571723,185858,251535,110582,8311766,ransom,
2197909,245228,982706,563154,9339502,ransom,
80864,11589,63206,45585,410112,ransom,
721237,80985,330649,190238,4374913,ransom,
1831035,255169,493331,230041,9225889,ransom,
3057974,405031,1051366,142907,14849824,ransom,
4536007,530038,1404115,604395,22953965,ransom,
3605210,353710,663153,394472,20336940,ransom,
1786404,177925,569835,292593,11794281,ransom,
1539922,180842,533564,259677,7425515,ransom,
3370402,461725,1045812,127983,17009594,ransom,
4884274,582046,1307862,545302,23791190,ransom,
452224,62745,236629,120201,2625425,ransom,
837875,91663,377520,205165,4132671,ransom,
1207290,136828,729907,380040,7468362,ransom,
5592077,657955,1420373,513994,26880271,ransom,
6181110,666108,1271996,369234,36082126,ransom,
1053769,131908,500307,279601,5777252,ransom,
867220,102966,367939,198757,4600032,ransom,
2373126,310847,658361,341146,12249688,ransom,
3075707,397656,1063968,150974,15002264,ransom,
4508212,531829,1291030,545551,22400593,ransom,
692436,89100,294702,158201,3857037,ransom,
1822449,187438,718269,468536,9383651,ransom,
3515696,309984,668259,385804,20435741,ransom,
2577146,357170,712193,227442,15511053,ransom,
4502577,592540,1092970,301455,20863171,ransom,
2115080,219941,948265,333960,11991549,ransom,
410932,51532,168413,76880,2372654,ransom,
2786036,364112,851362,460204,14817584,ransom,
3009922,389887,1056385,155058,14758751,ransom,
4582652,550754,1417263,664369,23109150,ransom,
4461527,412858,893197,471103,24850943,ransom,
1141549,117059,402318,222458,8283168,ransom,
2486724,322913,667403,347261,11478102,ransom,
3051574,382231,1057881,156233,16172294,ransom,
3826382,470804,988762,362603,19563657,ransom,
825141,89180,376573,205599,3476021,ransom,
841234,98968,380281,201295,5694431,ransom,
1666283,195397,585316,309778,7547212,ransom,
4732733,610206,1539187,513593,22807180,ransom,
6703628,697041,1210341,395651,39185156,ransom,
1750292,201096,709261,373335,8416676,ransom,
657810,77944,279724,157089,3821000,ransom,
2569217,328834,754850,407700,12986878,ransom,
1953209,273009,1075639,187634,9459499,ransom,
3455787,454256,750957,178542,17778778,ransom,
2272689,260929,1056595,505373,11573319,ransom,
372235,45602,161593,65426,2094409,ransom,
3186127,334691,1204666,782154,15975285,ransom,
6512049,753787,1383988,252332,37084998,ransom,
3774270,460456,893660,285169,19654550,ransom,
1660063,188797,719394,378620,7846989,ransom,
656612,77548,290937,155978,3828994,ransom,
935031,102546,384575,237223,4049748,ransom,
2392204,327220,611841,212900,12476771,ransom,
2615760,326713,893673,156165,12894817,ransom,
3616382,441947,966962,340214,18406974,ransom,
2299792,232883,818368,527706,10946986,ransom,
3918011,361298,838388,411599,24863439,ransom,
454878,43736,141837,65836,3177191,ransom,
3100319,414310,992181,434536,14723899,ransom,
3723318,456181,1264895,379315,17716338,ransom,
3183313,391571,806378,268406,16801161,ransom,
1131656,130765,538788,292938,5804234,ransom,
548562,57374,212443,125144,3243828,ransom,
2030773,284727,700977,304171,10639450,ransom,
5516315,622780,1741029,741944,26234491,ransom,
4920774,535213,808072,181997,29797311,ransom,
2098919,233311,872415,425841,11329345,ransom,
645638,71376,278157,168280,2498570,ransom,
919037,101812,410638,258656,5096959,ransom,
2730285,366766,938285,407265,12225303,ransom,
2677248,345966,956779,115728,13049554,ransom,
3313711,403629,790378,265036,17545599,ransom,
3369216,345781,1170575,706590,15748708,ransom,
4202233,382239,951257,426542,26480096,ransom,
2331821,260524,971280,501330,11985319,ransom,
3063624,442376,1379621,452647,14816533,ransom,
2248018,328623,1246713,429589,10641744,ransom,
3536268,448320,1115963,322686,16769214,ransom,
2328912,259938,1137163,464992,12953338,ransom,
1963204,216308,641645,296679,8951712,ransom,
4156344,541482,1416960,437012,21845874,ransom,
6919864,766943,1374227,544792,36179365,ransom,
4323657,390724,1500799,529809,23440761,ransom,
743040,87753,333853,194857,4212671,ransom,
986145,111294,439434,247481,5217305,ransom,
3457835,468263,1011607,258903,17069856,ransom,
3748979,482086,821507,179362,18485065,ransom,
2025412,221403,894521,406850,10121097,ransom,
1134778,129246,477310,278846,6489594,ransom,
1806798,192765,801865,523941,10517666,ransom,
6602085,730842,1436794,446737,38735126,ransom,
3581438,489218,762694,178798,17204306,ransom,
2475024,260637,1177487,457240,12860239,ransom,
2812509,388430,909976,335874,14282365,ransom,
3454468,438938,1272771,396779,17393567,ransom,
3721112,457857,960903,345536,19257817,ransom,
1774011,239314,701067,347046,9481934,ransom,
3917609,522301,1319031,289145,18939705,ransom,
5262504,615016,1414344,672151,25560820,ransom,
4192049,418792,1060408,508797,25405762,ransom,
1326568,134218,455122,226525,9310488,ransom,
1345765,182561,341272,185764,6856402,ransom,
4057922,528501,1380154,334330,18802602,ransom,
3466080,419278,850935,286156,17753750,ransom,
1150590,136028,466999,260886,6627321,ransom,
4055753,537186,1287255,404687,20060454,ransom,
3722911,481668,981672,272657,20092109,ransom,
4499826,487443,1515546,846568,20704188,ransom,
3516022,313965,712503,308287,23232383,ransom,
591633,68147,282312,156202,4086970,ransom,
3728781,491078,1125346,328244,17956550,ransom,
3672081,482872,785666,187593,17923647,ransom,
2188023,230163,943505,419716,11118220,ransom,
714069,83091,308922,181747,4696561,ransom,
588808,71499,298191,192980,2931857,ransom,
3805819,475959,1300063,521111,20133496,ransom,
7013784,804067,1175690,418988,36985311,ransom,
3082384,297889,1209138,464176,17265469,ransom,
1086356,123919,453996,264687,5512937,ransom,
507433,61629,252956,165202,4420327,ransom,
4153150,540530,1214769,320129,19794706,ransom,
3638507,452484,821694,160598,18313120,ransom,
2018666,232237,874383,474110,9597099,ransom,
869951,104186,419226,241862,6942133,ransom,
152504,9337,275688,154994,1853668,ransom,
5674758,666228,1397221,671787,26168131,ransom,
4723621,510795,1013113,207606,27822013,ransom,
3253247,390573,1084225,393428,17509132,ransom,
3601484,482689,1190564,488682,18876880,ransom,
3339543,420987,1002628,245157,15756925,ransom,
3615995,429916,1181764,439811,18264460,ransom,
1041185,125736,502282,279576,5959019,ransom,
891042,101260,372808,209916,4619001,ransom,
2293931,311705,756385,322454,11701858,ransom,
4386676,542006,1330006,496179,21600628,ransom,
6062827,639247,1118647,389194,34579257,ransom,
1815962,200934,827042,395235,10310386,ransom,
864378,95808,342825,202830,4548296,ransom,
2418342,335258,706524,317994,12809869,ransom,
2765640,352444,968735,141493,13473226,ransom,
3404948,405938,802517,255689,16297239,ransom,
1771253,209872,806797,421327,11886732,ransom,
485951,45785,414130,227475,3202679,ransom,
5487042,610786,1161089,598179,26856183,ransom,
4178740,472906,1003117,197646,23887466,ransom,
3318386,399450,960297,317090,16966833,ransom,
2767266,354562,965289,503908,14818560,ransom,
2865241,371518,1095483,281978,14195648,ransom,
3938697,523905,917134,406649,18400806,ransom,
1986964,210747,937611,354381,11371862,ransom,
1411594,155228,597844,324396,8251777,ransom,
2508414,290600,845824,547613,12101894,ransom,
5348297,586939,1274935,341348,30495224,ransom,
4303859,520562,809144,300451,22691674,ransom,
1761627,178218,861780,315398,10350615,ransom,
1755234,197880,730222,412782,9125920,ransom,
976070,115178,315447,163708,5154885,ransom,
3847215,529019,1207478,227936,18848594,ransom,
4008554,483141,1073191,403327,19818377,ransom,
914654,106728,334369,162713,4780276,ransom,
3157223,324211,1147834,737507,15719872,ransom,
3601604,309767,647383,272768,23530548,ransom,
3224660,439407,970426,186212,15612777,ransom,
3791647,483893,782990,230800,18240798,ransom,
1425243,164064,696835,322064,8265934,ransom,
1475431,161259,599339,307601,7834774,ransom,
911059,98304,392499,220040,5689884,ransom,
3423484,473365,995884,176138,16142274,ransom,
3907288,502591,1047479,465559,19376014,ransom,
5112660,502095,1433019,712261,27214518,ransom,
2478323,241852,772391,402036,15609253,ransom,
1244907,162220,348506,192515,7001662,ransom,
3553221,471315,1136484,201986,16922064,ransom,
4147549,502504,1083870,405164,20884995,ransom,
605807,76738,347514,198293,4146101,ransom,
4584046,590004,1472706,481418,22190710,ransom,
3492796,482225,729909,190661,17782512,ransom,
3200675,324392,1330100,674663,16719766,ransom,
4039214,381157,913419,471475,24457740,ransom,
517448,61937,258199,153211,4463125,ransom,
3813038,493378,1190165,373628,18151308,ransom,
3842744,503356,806639,190050,18576639,ransom,
1640915,170106,727031,288035,9261411,ransom,
1714238,200426,768745,437036,9112192,ransom,
133922,19346,92601,64716,721711,ransom,
3948533,518020,1405200,462107,20870893,ransom,
6832761,757855,1268779,539334,34493107,ransom,
2306411,219954,801960,279601,14787463,ransom,
1789237,204893,765881,435646,9465916,ransom,
555599,61848,263788,128910,2574013,ransom,
3429209,456170,1149260,318547,16915050,ransom,
4038499,531798,958739,305689,19480002,ransom,
1494733,155963,707732,282584,8627326,ransom,
1368012,154050,547328,304783,6494613,ransom,
1206133,124236,591104,388466,7211545,ransom,
6185796,674429,1331288,521696,33935362,ransom,
4306167,574093,953783,255468,22026955,ransom,
2008177,202586,884957,291153,11433389,ransom,
1657233,188617,687082,394532,7686311,ransom,
446075,47648,176475,98026,1772269,ransom,
2624978,349495,867979,423488,13401049,ransom,
3700011,475420,1137882,251240,17712075,ransom,
3103585,378308,924563,302745,16888574,ransom,
2628240,284953,1008742,639879,12260990,ransom,
2804742,233084,334367,154100,18849240,ransom,
629560,61590,225050,141879,3637612,ransom,
2821779,385598,871796,326760,13624056,ransom,
3817188,530189,818772,141182,18782613,ransom,
2964429,310312,1273109,508224,15487862,ransom,
445163,48292,182776,113529,1773244,ransom,
1084240,121589,451953,235740,6154199,ransom,
1986222,272681,815700,433178,11018290,ransom,
6313431,694039,1547913,479496,32182656,ransom,
4920620,556981,1168664,440401,26556330,ransom,
910913,115547,441403,239095,5061571,ransom,
1045923,117963,438621,232917,5316277,ransom,
739763,78564,319151,207660,4483256,ransom,
2921396,404831,825030,197345,14170656,ransom,
4555742,583969,1126162,393474,21040270,ransom,
2703072,309368,1115188,489979,14604041,ransom,
973468,97037,614984,366478,6052104,ransom,
3546102,350303,770309,525233,17491134,ransom,
1625271,140204,305934,119318,13172810,ransom,
10452054,1073353,1911825,506096,52658206,ransom,
12503880,1104547,1566077,341647,64944637,ransom,
9907791,719570,934984,234955,51212004,ransom,
10544616,773833,1078190,306145,54378050,ransom,
12673999,1062764,1773726,326650,66381785,ransom,
13414386,1241129,2188152,592935,67591277,ransom,
12565665,1027229,2115278,782601,65902695,ransom,
13235346,1055596,1843789,489041,72380808,ransom,
10429504,806886,1320500,286815,53356491,ransom,
6476304,550489,968045,153111,34256072,ransom,
11506146,1174475,2429178,676066,56726257,ransom,
9483508,870495,1463507,435558,48885204,ransom,
7613864,569886,1186630,300872,39307737,ransom,
4852229,386045,657876,158681,24607658,ransom,
11159526,1097218,2280220,771580,56702956,ransom,
11832947,1100653,1994720,604843,66437843,ransom,
6257243,463615,670876,206836,31674371,ransom,
3798382,295734,562716,226566,19711813,ransom,
795424,78914,296519,175059,3501892,ransom,
2785560,381005,812578,223324,15514896,ransom,
4549453,600445,1010757,294430,21504171,ransom,
1922832,201069,890565,357832,10550533,ransom,
636723,73618,473988,263419,4968363,ransom,
4537435,476812,1220856,746784,23379781,ransom,
4331863,539130,1117769,191177,24514641,ransom,
4062090,500131,977012,258005,20024712,ransom,
1815733,210890,804077,422739,8735584,ransom,
798829,92508,344681,193932,6412312,ransom,
2550184,344979,696511,297752,11639457,ransom,
2812843,342592,1070912,172980,14304909,ransom,
1760475,189174,790735,353322,9319980,ransom,
1139735,119305,637018,386027,7888574,ransom,
5137474,675685,1290304,572923,25538080,ransom,
4951325,548798,1449210,452353,27960641,ransom,
3333578,412935,850272,285154,17294962,ransom,
1230773,148859,574955,301461,7994663,ransom,
972281,103769,374142,205912,4048116,ransom,
3424059,466199,1023341,232313,16799975,ransom,
4344617,546741,1058963,334706,20552458,ransom,
1385336,148305,642051,273405,8233971,ransom,
3527135,459547,1404604,619496,19141076,ransom,
6584450,777558,1528367,602701,32640297,ransom,
4032891,418827,1174431,359126,24530280,ransom,
1691501,191310,765862,412929,8226273,ransom,
119225,12241,54052,33698,1613178,ransom,
2626096,355395,856267,346015,13343364,ransom,
2840558,358769,1370182,337015,13081393,ransom,
3574621,436155,797438,227207,18223023,ransom,
2072949,242032,888298,463415,10417250,ransom,
216978,24385,249183,146936,2796936,ransom,
4793540,572925,1281136,603898,22125968,ransom,
4425865,477983,1390947,376014,27454147,ransom,
1612885,160771,787814,255832,9490480,ransom,
1645878,188259,696896,400620,7639184,ransom,
184872,23298,100198,67452,2522466,ransom,
2369073,321010,759707,315079,11306183,ransom,
2954450,377746,1367829,340071,13641432,ransom,
3353010,418508,747695,168134,17085556,ransom,
2640149,309123,1326463,720401,15262675,ransom,
6775303,809814,1547686,522950,34370334,ransom,
4507483,516736,1046690,314428,24559680,ransom,
1656013,192036,725930,370598,8489571,ransom,
647247,76053,266662,148673,3754678,ransom,
2408716,305523,743848,406225,12679768,ransom,
3238241,417852,1073543,144830,15680304,ransom,
3813040,466602,985160,361027,19316935,ransom,
1111015,113308,513527,283936,4902634,ransom,
3380203,301785,1433357,1101625,17202678,ransom,
4745304,398555,1434609,884650,27487257,ransom,
3589809,463645,1227239,277674,16805653,ransom,
3854090,469643,965955,358250,19777802,ransom,
1542931,182255,691742,376368,9058619,ransom,
3764900,507105,1216522,311022,18664640,ransom,
4405299,538342,1120299,353345,21543146,ransom,
1324916,153750,605923,270038,7090702,ransom,
684158,83191,454503,267789,5553107,ransom,
4195039,470197,1329043,839121,18576908,ransom,
5100252,602103,1139486,306949,30893193,ransom,
3368196,468506,912939,240141,15650087,ransom,
2674953,276766,1061933,384376,14329412,ransom,
766056,89756,350370,210558,6028971,ransom,
1086739,129876,499928,269116,4660812,ransom,
3494936,470710,1031824,231069,17082218,ransom,
4011818,497577,935656,238538,19497830,ransom,
1687274,178818,899555,413244,10527441,ransom,
3133478,324420,774420,526435,16801991,ransom,
3105444,279200,732835,333508,18297682,ransom,
2682804,385404,919061,274681,13114105,ransom,
3568274,491513,1003784,267301,16667031,ransom,
2749267,291736,1040379,383219,14693928,ransom,
3310169,450080,1036617,401740,18595296,ransom,
2867030,363654,1334150,384960,13251852,ransom,
2877896,360903,808019,177594,14765220,ransom,
1660281,205751,911673,479896,9892153,ransom,
3375817,353101,827208,537128,16982758,ransom,
3953743,441925,831515,302638,23468828,ransom,
4111432,516097,1414103,444616,19971560,ransom,
3285105,398152,966622,323158,16997769,ransom,
1155120,133723,530590,298815,5838533,ransom,
409638,42702,150952,81008,1588585,ransom,
2434595,341580,786713,326439,13011420,ransom,
2874499,377006,1390586,397201,13265065,ransom,
4821710,543300,1226443,525407,24255972,ransom,
4746780,470356,1175488,607346,29312838,ransom,
582118,62631,227528,120370,2355900,ransom,
273855,23120,152473,114991,1434632,ransom,
2622705,359835,900921,382203,13154669,ransom,
4078908,521389,1112078,216951,19231706,ransom,
3091559,353789,1014127,384259,16802959,ransom,
787589,78265,370803,236495,2932994,ransom,
801816,91818,329303,178587,4410128,ransom,
1385148,151909,750497,460318,7902631,ransom,
6309343,714761,1290524,474868,33276618,ransom,
4535026,571175,912319,255022,23401634,ransom,
2318705,239180,1127044,388623,12913337,ransom,
694234,81927,317217,167258,3987117,ransom,
594964,66034,245199,154495,2345092,ransom,
1193206,122069,444695,247618,7164989,ransom,
3576430,487937,1041277,228599,17210810,ransom,
4179379,509123,1008326,278445,20255070,ransom,
3130222,326216,1091675,702808,15500449,ransom,
3273510,285490,629600,275244,22194011,ransom,
3383599,450983,1084914,338507,18551770,ransom,
4111187,549189,886446,269816,19536423,ransom,
2500727,259632,1173343,448075,14311126,ransom,
2747605,380078,837719,326709,13909610,ransom,
2979124,371515,1159488,302922,14431302,ransom,
4046377,481097,1052352,389410,20189958,ransom,
1671395,190117,879170,480603,9474762,ransom,
4347072,413396,933926,563440,24573408,ransom,
3036359,368708,707104,253448,17013612,ransom,
3862540,511765,1039041,253858,18251349,ransom,
3252508,365721,1148740,467559,16770395,ransom,
832199,101572,396388,227769,6479584,ransom,
947138,93180,402087,260252,3653165,ransom,
2484618,339815,680511,227238,12260364,ransom,
3828215,512628,1055110,277746,18516700,ransom,
5003723,552340,1767630,864928,24776351,ransom,
4373818,445401,1012104,421487,28322630,ransom,
3851493,527708,1295488,317608,17775289,ransom,
3411233,430943,820097,211724,18240488,ransom,
1550447,190506,778232,379586,7913531,ransom,
1060936,122168,438046,232836,5399022,ransom,
677905,77922,332552,200669,5390399,ransom,
4029103,546738,1235743,317023,18672998,ransom,
3656474,462491,1055723,380656,18848206,ransom,
4456007,481540,1270178,723511,22337301,ransom,
3200410,293194,759722,350403,20597442,ransom,
1435099,210290,414509,208020,7295875,ransom,
3848719,511061,1358797,322351,17838867,ransom,
3366256,414428,803149,262552,18147498,ransom,
1361847,166995,578940,320677,6490233,ransom,
1042335,114471,479089,248553,6930829,ransom,
1333133,207643,309036,134850,6556584,ransom,
4488851,541789,1716824,585445,21623660,ransom,
4630473,429335,1197285,501160,28050143,ransom,
1591841,138685,408428,207863,9936891,ransom,
1402223,147648,578585,297569,8187863,ransom,
1584294,219076,403137,222189,7966158,ransom,
3982248,508986,1477348,370940,18360869,ransom,
4035312,491836,1146163,388993,20821203,ransom,
1052654,108864,389637,153640,4916249,ransom,
1529494,162483,692581,306443,8026278,ransom,
3312624,320980,1051433,627118,15511406,ransom,
7556494,835157,1914318,444431,42276946,ransom,
3834922,467127,948343,334977,19989918,ransom,
1040487,103020,363989,189779,4910351,ransom,
2615565,236453,853943,336951,12624608,ransom,
377174,34067,202143,101721,1988330,ransom,
827730,88017,313419,186945,4308807,ransom,
2786459,387464,799479,242782,14123195,ransom,
4131811,546432,1117071,385904,20563101,ransom,
5835668,544188,1659067,778046,32204706,ransom,
2061750,206164,790748,455544,12672327,ransom,
3708294,506719,1221745,335515,17147185,ransom,
3791284,465010,998754,343885,20119737,ransom,
1163380,140855,562905,284944,6273112,ransom,
4915541,604701,1716623,744498,23709367,ransom,
3875784,521661,811621,217731,18786464,ransom,
1983105,200603,1171926,476158,11951109,ransom,
3937583,395807,941996,622865,20865044,ransom,
2279680,157949,494487,264140,15825685,ransom,
3958234,503590,1239307,473676,18993139,ransom,
3296287,404993,835240,352420,15296168,ransom,
2386237,242304,1044386,420741,12693386,ransom,
1242369,144613,556994,316438,7297190,ransom,
712450,87584,242910,197083,4730485,ransom,
5393580,668417,1737917,709925,24338479,ransom,
3328718,443200,814830,243956,17027031,ransom,
3544109,382497,1155851,690332,16805475,ransom,
3212713,281727,715121,324344,20925233,ransom,
328286,40993,199615,130452,3611742,ransom,
4228293,551197,1272770,395496,19953123,ransom,
3664169,471215,782388,167785,18195552,ransom,
1578499,174488,675543,321766,8236947,ransom,
1242888,142998,554220,317340,7302799,ransom,
83947,11474,54994,43780,1784668,ransom,
4194525,531765,1435302,583964,20607016,ransom,
7156458,807503,1292777,526174,37510640,ransom,
3373591,308552,1139479,437845,21884982,ransom,
2959047,409543,947162,430986,14608082,ransom,
2136057,302154,1102721,182225,10433818,ransom,
4383706,536473,1194283,458000,22363282,ransom,
2564980,329337,1018751,505529,14038267,ransom,
3636154,514533,1129974,218642,17021577,ransom,
3984608,488797,1055375,429382,20209758,ransom,
1660559,181831,822861,478007,9962463,ransom,
8550299,954908,2059392,732098,46388409,ransom,
4640430,573746,1273136,534698,24086377,ransom,
601100,64684,275184,145103,2596251,ransom,
1427903,159437,591712,354309,8071871,ransom,
222058,32463,142762,88657,2643675,ransom,
4103207,546669,1240803,366201,19279471,ransom,
3620808,488690,793353,233394,18775783,ransom,
1669786,192252,782409,357020,9638219,ransom,
3963822,523201,1352479,638336,19691840,ransom,
7226852,737252,1688203,788449,39932715,ransom,
3186367,348291,1265886,508605,17007720,ransom,
2189459,273677,793963,395334,10949524,ransom,
3599001,503849,1133343,220357,17018329,ransom,
3837504,465726,981854,368838,20074359,ransom,
1207425,154244,579437,283623,8385809,ransom,
4270656,573100,1412208,439656,20499786,ransom,
3822281,490346,1077195,341089,21581440,ransom,
4578563,470846,1285036,711142,23771064,ransom,
5231864,594250,1466672,582999,30444290,ransom,
4385676,591274,959715,214913,21822012,ransom,
4401760,563818,1517439,513929,22409202,ransom,
4726936,616444,1326761,487128,23005845,ransom,
1774680,190765,881882,352079,10657165,ransom,
2840766,364067,859728,326245,13534309,ransom,
4439241,592396,1152761,414301,23031826,ransom,
4745194,433389,1699243,982833,24208157,ransom,
3583371,317984,907485,404526,24038978,ransom,
4374809,601711,1127965,218342,21018567,ransom,
5404624,693229,1523890,603612,27601235,ransom,
5627217,682964,1717093,751942,26003734,ransom,
2606759,198347,1418743,823229,12846851,ransom,
2024353,166642,1043979,726565,9615351,ransom,
4590051,634422,1106576,208632,22801162,ransom,
3919162,441291,1512086,654704,20651878,ransom,
3812014,319483,589723,389267,23103290,ransom,
5043680,621935,1551107,534970,27889325,ransom,
5142269,635791,1410614,411134,25409069,ransom,
2246176,252493,805893,342294,12242950,ransom,
5849535,731838,1789548,648536,28078824,ransom,
5093407,620986,1191186,302602,24989526,ransom,
2625309,302203,896436,465824,14294290,ransom,
4148262,489048,1349140,627215,19785534,ransom,
3141668,400902,1293963,342935,17061187,ransom,
7475297,768965,1852896,894417,38393857,ransom,
1271268,101516,198475,82307,9314872,ransom,
1341487,156537,576384,290849,7821579,ransom,
1831144,245045,566246,288907,9564048,ransom,
3116422,441981,986836,137170,15025128,ransom,
5263794,654475,1297443,492938,28153416,ransom,
968315,125011,504905,251501,5296630,ransom,
4080621,545412,1325230,465560,22092557,ransom,
4424298,574348,1060620,328518,20660495,ransom,
3496852,347290,1386868,723105,17808817,ransom,
6099734,644345,1407987,558641,36280789,ransom,
3217331,436805,970877,239256,16629963,ransom,
3441790,408935,1085089,421913,18107231,ransom,
1969477,234150,860738,438807,11097263,ransom,
3445338,507324,962615,148293,16429913,ransom,
4489142,538619,1195222,500803,22909447,ransom,
716025,85789,393231,181247,3727453,ransom,
4761900,642456,1539969,475970,24633789,ransom,
5108781,613037,1606547,717857,27290827,ransom,
3677651,331403,655906,395840,20888803,ransom,
4975845,580235,1344042,518075,27066478,ransom,
4136320,544311,919535,197902,20049622,ransom,
2115696,228145,985055,454476,12874948,ransom,
2226779,286708,801892,404875,12251034,ransom,
3173500,459525,1044511,181737,16457743,ransom,
4100672,493937,1065632,398318,20507132,ransom,
1025442,122812,523928,271357,5022227,ransom,
5088189,623829,1575760,739693,24156015,ransom,
6805682,711662,1792669,739903,39649229,ransom,
2863069,344963,922352,330630,15404902,ransom,
3576095,487544,1189834,530177,17325116,ransom,
4102611,568330,1005386,263815,20256121,ransom,
2520862,262642,1042208,434317,14246725,ransom,
2476320,316504,997422,501821,12004042,ransom,
3371896,479547,1058396,165830,17258514,ransom,
3933574,470441,1043800,400930,20896813,ransom,
1693361,158461,891308,606255,7677454,ransom,
5488175,658673,1764593,832134,26297585,ransom,
7281406,748843,1599897,712524,40130448,ransom,
1842995,188828,920676,326420,12275676,ransom,
3765098,493737,1177920,452877,19543366,ransom,
4419430,584160,1028518,318067,22140500,ransom,
1989144,209657,968260,399226,11377851,ransom,
2853899,373745,909463,453325,13803587,ransom,
3574691,467433,1062787,199721,18443380,ransom,
3408173,408569,1117521,443074,18794432,ransom,
3093106,309806,952794,633983,14311599,ransom,
6203686,699749,1435695,371310,36642683,ransom,
4653507,585979,1154349,467165,21685512,ransom,
1497604,169789,761356,316243,10331105,ransom,
3573653,475249,1094123,458698,19207951,ransom,
4146812,560941,875601,240929,19715422,ransom,
2134123,218264,1015189,399871,13680561,ransom,
2011073,221907,831054,431284,9826924,ransom,
3153021,454133,909412,170325,15390798,ransom,
5440053,639264,1285637,669397,25268734,ransom,
4342713,380486,1286129,463840,29448530,ransom,
513795,67402,227075,106087,2903548,ransom,
1974566,210238,740047,401074,10043753,ransom,
2130864,324594,850966,156371,10081409,ransom,
3925328,527491,817624,241680,18203958,ransom,
2838916,305317,1166770,475326,16533204,ransom,
285569,27100,151356,76408,2477638,ransom,
2638706,271662,1090740,661917,12444426,ransom,
5518258,599511,1246389,367343,32808607,ransom,
4745383,610301,1048447,289167,23094465,ransom,
2772370,289833,1339731,507242,15283621,ransom,
4329663,570707,1427357,395374,21228167,ransom,
5077494,629748,1463021,512472,23333791,ransom,
2298042,237298,987025,303241,12431502,ransom,
1424080,154273,533192,319975,8434137,ransom,
686508,70878,388216,196050,4261947,ransom,
5946211,710693,1665653,667301,27895175,ransom,
6004803,675095,1354099,433977,36613751,ransom,
2619652,307500,868673,326318,14198119,ransom,
3134084,417252,934342,364014,15654082,ransom,
4424962,589778,1008527,299370,20535171,ransom,
2232093,223009,1005692,379098,13749342,ransom,
2814027,356311,1052711,541491,14317036,ransom,
5027701,697283,1148706,208944,23728169,ransom,
3146542,320008,1467159,665431,18843347,ransom,
3728644,346329,695738,426105,21675664,ransom,
5074097,624670,1335253,390067,28410564,ransom,
5481216,672993,1613529,636847,27853874,ransom,
737807,93041,417020,208736,5312141,ransom,
2979684,413016,971223,354173,15110917,ransom,
4636466,644857,1272691,462303,23115207,ransom,
2371154,251114,1032956,379409,13367584,ransom,
2545019,322167,976180,498667,13621664,ransom,
4959834,680833,1539230,379312,25900181,ransom,
6050578,651926,1317657,623612,30569449,ransom,
3408187,308593,882214,416018,21411519,ransom,
689528,82919,327093,183312,3928334,ransom,
1684198,187281,660553,365134,9992019,ransom,
3739967,509291,1124806,178689,18819459,ransom,
3614834,441420,857214,314131,19675950,ransom,
1312321,146783,562463,306583,5946959,ransom,
3634033,486326,1209630,358613,19549138,ransom,
3814057,528427,1214790,497192,19802198,ransom,
6382381,634795,1895449,826367,34074199,ransom,
5352990,622629,1459114,476538,29547607,ransom,
4992442,651534,1463412,526131,23404820,ransom,
2280623,236713,1046160,434922,12729105,ransom,
1203250,133036,574033,354737,5919284,ransom,
560522,61303,230494,131730,3361303,ransom,
2384885,333463,712363,281226,12451375,ransom,
2959886,392476,1319871,386439,13647393,ransom,
4726928,550692,1222569,588148,24070879,ransom,
5499126,542493,1283659,640419,34274137,ransom,
3434495,458283,1352327,339390,15642475,ransom,
3400775,443763,836745,246134,18979721,ransom,
2212198,248900,1109699,479265,11238566,ransom,
601091,70044,250426,133037,3465441,ransom,
682637,65348,321726,230708,3009317,ransom,
677502,74261,275764,153312,2630605,ransom,
2332813,189997,566358,251084,12880383,ransom,
7520894,655328,1020356,564189,34850855,ransom,
8128074,771725,523918,162655,45343947,ransom,
3562495,511446,1009834,295793,17226495,ransom,
4837995,605122,1225812,430157,24962626,ransom,
4045951,484139,1043524,401444,21534725,ransom,
4617532,525926,841672,409722,23795165,ransom,
5220742,713162,1377392,526025,26735114,ransom,
4503761,607158,1406011,434401,23078171,ransom,
6873639,820927,1535999,764661,33509808,ransom,
14533807,1838968,2432975,1096648,83500460,ransom,
23605842,3523877,3202872,1343443,129408595,ransom,
28706413,5016878,3122722,1271441,152281079,ransom,
30371984,4854580,3011247,1051256,166314022,ransom,
26559662,4033942,3309568,1241276,142181652,ransom,
19492703,2959237,2203760,828047,107448335,ransom,
5127355,698690,1271286,530646,32528744,ransom,
14182661,1619160,1477609,817043,89521894,ransom,
22681886,2238857,2439025,1393420,118563989,ransom,
24349017,2416719,2388913,868883,133660146,ransom,
9990728,909577,1505436,638521,53060853,ransom,
2905250,184595,846426,467957,15231068,ransom,
5068183,673199,1720819,507717,25626826,ransom,
4337295,535549,1185685,527242,22653175,ransom,
1384801,149714,561448,305206,5931503,ransom,
4022614,538227,1229335,385176,20135422,ransom,
5576426,658189,1725602,713001,29344615,ransom,
4553908,407788,964208,471029,28274620,ransom,
2405358,307417,822629,442283,13248465,ransom,
4719626,608894,1443833,390476,23184669,ransom,
3931843,499742,1247221,547176,20865414,ransom,
450809,55722,212936,146859,2045195,ransom,
5199438,669446,1678665,527769,25899365,ransom,
4355331,528520,1203954,490498,22509900,ransom,
1522105,156973,665805,359378,7259906,ransom,
4717890,546771,1227871,681540,23415925,ransom,
5357647,550533,1382115,341142,32599159,ransom,
4206792,515913,1213032,453033,21297472,ransom,
1348031,158227,645345,312559,8081895,ransom,
4041639,547026,1344311,421558,19482300,ransom,
4046533,505932,1034234,358846,21863974,ransom,
1053269,122710,510298,314513,5262022,ransom,
4117943,551592,1343369,498926,19582655,ransom,
4733606,597667,1217161,516257,24450510,ransom,
6118307,551066,1660883,739915,34597841,ransom,
3185913,408272,869949,372077,17871257,ransom,
3789642,527706,793568,145806,17955787,ransom,
3181723,337399,1357374,606008,17587650,ransom,
1188507,135846,553856,298463,7418483,ransom,
4030805,548161,1159771,321188,18697517,ransom,
3537678,444766,770881,240804,20030899,ransom,
1276979,151324,643994,294147,7298416,ransom,
4918783,599789,1748207,808359,25037051,ransom,
7032644,765678,1120320,366242,39073018,ransom,
5706390,579224,1631149,571489,28155828,ransom,
3279165,444756,1050486,433938,17547176,ransom,
4111876,564505,810951,178819,19540477,ransom,
3231246,382677,1410279,636020,18293955,ransom,
1264988,145691,595878,294738,6957611,ransom,
4380011,598630,1277817,372318,21316587,ransom,
4172036,508336,1257563,560600,23357568,ransom,
3674749,345377,734770,441016,21295169,ransom,
5089484,629615,1579660,551609,27264873,ransom,
3451258,476122,874475,273477,18458065,ransom,
2938690,310282,1274415,548010,14810338,ransom,
3001434,402974,988344,391113,16873485,ransom,
2226817,323067,1068124,221251,10832489,ransom,
3971037,464047,1226714,462157,18845584,ransom,
2237636,281771,1034290,483525,12724098,ransom,
6570557,787362,1995068,792455,31831673,ransom,
5770203,609239,1253775,456380,35410195,ransom,
474297,49107,313751,185753,2419909,ransom,
4903518,645006,1657432,573931,25502040,ransom,
3541836,464746,923851,265768,17544838,ransom,
2382234,270146,1084870,555739,12786354,ransom,
3472571,447410,1140903,485811,16806205,ransom,
4071654,560976,818531,158254,20519924,ransom,
4190118,443948,1936835,935315,22277870,ransom,
5314427,552817,1135163,513955,33283350,ransom,
4240641,555765,1730237,505923,20876710,ransom,
3835499,454335,1274092,559978,19860405,ransom,
191914,14122,151224,129243,1548527,ransom,
6826575,904038,1807726,569903,32720306,ransom,
4626858,603189,1381552,580091,24711758,ransom,
5541578,735794,1282875,348936,26755267,ransom,
1884778,183217,1082112,431993,11524309,ransom,
3184840,313263,679997,476729,17781125,ransom,
8165730,984571,1744087,516995,43288838,ransom,
4009939,512384,1199258,460454,23438343,ransom,
5177191,680302,1242018,344320,25382798,ransom,
2082325,217257,991908,427596,11285860,ransom,
54739,8606,54209,41938,771030,ransom,
3510243,460542,1286978,426867,16439570,ransom,
3608727,490747,1083282,324185,18720179,ransom,
3627807,383563,1486072,729875,20250121,ransom,
7448002,785385,1767308,724456,41656454,ransom,
4223634,544751,1010260,202512,22250210,ransom,
2104588,230342,899783,455209,10525014,ransom,
2213397,302673,650556,344240,13209765,ransom,
3809568,481660,1183454,301897,19110774,ransom,
4086101,486591,1298522,559804,21826867,ransom,
312053,38971,166819,104670,2624912,ransom,
4780106,630931,1521862,502880,23670957,ransom,
5189802,659508,1374374,616953,25217110,ransom,
3492100,325763,800723,378986,21831792,ransom,
5488647,650429,1779148,688926,28799078,ransom,
4705498,615107,1094135,246461,22436614,ransom,
3105350,309785,1262220,517112,16552781,ransom,
1218850,129723,503188,218151,6282896,ransom,
1030344,98320,300404,169095,4647851,ransom,
1471221,138986,569367,360299,8183881,ransom,
3243925,446310,950361,229728,15822124,ransom,
6802063,769135,1779758,681420,33419386,ransom,
7187051,753491,1765516,692757,43082748,ransom,
4917765,640707,1155256,199660,24273213,ransom,
2712533,298384,1134940,617456,13979164,ransom,
184187,27162,149822,102988,1269861,ransom,
4435851,590668,1433739,521934,22626345,ransom,
4040841,524730,919432,239379,19727144,ransom,
1315364,152325,650613,265935,7442511,ransom,
3618712,472383,1375606,627874,19549888,ransom,
6685238,778902,1434946,578004,33226050,ransom,
3748191,356042,1090734,427760,22893826,ransom,
1482668,166755,626752,346353,9226082,ransom,
28168,4587,21176,11955,115671,ransom,
3444989,447832,1161788,523541,16768541,ransom,
3698028,505928,892324,155220,18580732,ransom,
2482474,274306,928844,341454,13641950,ransom,
2689738,345466,870564,436083,14937471,ransom,
3365521,439177,1232705,272298,17360337,ransom,
6121651,682401,1546366,738885,30626895,ransom,
2941592,261135,809224,352793,20152696,ransom,
4048477,548645,1217621,292844,20180745,ransom,
4136864,514896,1076622,412240,21673922,ransom,
1363028,157153,700375,287129,7741441,ransom,
4191820,563203,1411056,633011,22492532,ransom,
4138608,566844,836988,175262,19755344,ransom,
2112915,227153,1136020,442709,13027633,ransom,
2348511,281396,1051418,547720,12585440,ransom,
6192244,711252,1553776,494335,30169095,ransom,
5931112,630821,1367873,531579,35467921,ransom,
963634,121632,482550,247931,5073847,ransom,
4410968,592407,1392620,354814,23030464,ransom,
4411265,526368,1209931,443609,21645859,ransom,
1035124,132390,513561,242301,5764440,ransom,
3941777,485663,1441334,679791,19557841,ransom,
3378076,453283,982232,194632,17799618,ransom,
3333130,367561,1221761,511150,17505557,ransom,
6808235,727949,1823355,931190,39629316,ransom,
3260840,438351,1214863,207208,18019187,ransom,
4114094,498342,1212240,480907,20212997,ransom,
978093,123645,497122,247737,6794091,ransom,
4077107,558661,1251695,377239,20416031,ransom,
4572843,572797,1203245,448611,22910424,ransom,
1328538,150424,650336,267352,7526136,ransom,
3710891,487871,1209515,519178,18388979,ransom,
5556209,693638,1465526,578144,26572084,ransom,
5179182,429517,1263760,497735,32633917,ransom,
1670989,193622,756085,416929,7762129,ransom,
266966,20416,181074,141770,2143699,ransom,
2972008,357821,1013503,543602,14628350,ransom,
3344010,431013,960647,243019,15921769,ransom,
3109615,390177,886551,317708,17382769,ransom,
2431425,289294,1039622,515831,13579952,ransom,
3117702,437022,1069146,241472,16231459,ransom,
6935539,770156,1404258,680999,35100205,ransom,
3229009,314067,973886,464357,20423016,ransom,
3731974,511415,1084546,302225,18706101,ransom,
4506863,563558,1070649,370471,21443961,ransom,
1435079,166696,710715,323717,10778513,ransom,
2933771,391329,974831,396380,14453504,ransom,
3500936,440487,1062292,250178,16628807,ransom,
3281564,394783,990391,338492,17492629,ransom,
1425680,161855,773140,442566,8605880,ransom,
2150121,274518,522121,386132,9073796,ransom,
5037451,514467,1050908,417074,30897941,ransom,
4551267,608727,1108780,299138,21099344,ransom,
2520227,272999,1121760,423512,16625911,ransom,
2220655,256113,893670,470565,10728535,ransom,
3342845,466934,963997,149079,17110321,ransom,
3696796,452934,823724,297450,20497780,ransom,
1548322,186424,756161,378658,7204170,ransom,
3731421,502023,1134381,342451,18839068,ransom,
5668939,684233,1579644,725363,26826660,ransom,
4567347,396108,1105539,460870,31785498,ransom,
3329106,442899,1037768,442537,16749537,ransom,
3464961,439280,1123142,355344,17634766,ransom,
3354370,424219,1023463,349041,19566483,ransom,
2540228,295348,1053672,532617,12352191,ransom,
3079738,443388,1095509,193182,15816668,ransom,
3373863,429042,846565,252432,16983924,ransom,
2063324,242057,1092156,515372,11977655,ransom,
6025844,701137,1631372,685713,29872112,ransom,
6534537,718091,1368160,466262,36875218,ransom,
1355900,152077,674285,286621,7771442,ransom,
3692547,498263,1168166,422688,19143486,ransom,
5007764,633936,1282366,340770,23911561,ransom,
1374813,156549,648267,315720,8798800,ransom,
2548709,312735,945718,490544,12363611,ransom,
3580307,483396,1164721,262339,17961213,ransom,
5325503,626943,1369758,696240,26907297,ransom,
3469793,279095,665495,292041,22079397,ransom,
804523,97965,369202,196686,5560010,ransom,
1745531,212975,620007,327376,9116773,ransom,
3666081,492352,1055727,180649,17709273,ransom,
3429251,434317,883667,325084,16880745,ransom,
1744198,204514,778876,437307,9686194,ransom,
3742456,513373,1125043,339655,18834759,ransom,
3664069,489896,1080347,387598,19166656,ransom,
5179689,496285,1645478,797490,26533687,ransom,
5117601,565320,1307415,502611,30030663,ransom,
4549375,599296,1270003,486456,20665336,ransom,
2325552,240174,1078820,437742,14790359,ransom,
2230980,284172,790964,408223,12314814,ransom,
3712075,492345,1240348,270828,17449319,ransom,
4125878,505012,1127589,463066,20905527,ransom,
1281673,143799,580628,297311,6674544,ransom,
4315544,556793,1423417,577989,21713544,ransom,
7006175,755462,1217704,457672,38075473,ransom,
2789891,279142,1182265,446864,17750877,ransom,
2932986,412341,920210,395303,14879777,ransom,
4031535,512304,1340081,468075,19597008,ransom,
2986514,349795,981328,353450,16003735,ransom,
1895026,229171,721096,381131,10736120,ransom,
4016880,534820,1274179,321642,19863631,ransom,
3877937,490348,1191364,499700,20385194,ransom,
3937262,424880,1180426,754814,18747644,ransom,
6072511,667130,1456199,374516,35682693,ransom,
3943458,482928,1000168,324989,20761572,ransom,
1705881,200814,796750,395389,8628917,ransom,
2803604,386282,878004,346724,14302402,ransom,
3475199,432962,1297456,410521,17951087,ransom,
3633917,453207,934754,348910,18966575,ransom,
2139909,275726,792198,400449,12146334,ransom,
4193631,540481,1494853,438076,21054933,ransom,
6087688,692726,1506848,771497,29698544,ransom,
3723649,327809,920045,435590,25515239,ransom,
3722006,505269,1184276,357908,18696741,ransom,
4011637,526686,910411,313047,21400043,ransom,
2031578,225482,916159,390934,10306466,ransom,
3053851,413815,908302,337828,15463236,ransom,
4623495,606240,1069672,323959,21316397,ransom,
2177548,223870,1113048,424631,14496403,ransom,
1129378,128331,671556,370313,7461609,ransom,
7224064,864570,1900151,795874,36562300,ransom,
5559048,587279,1266259,400867,32164143,ransom,
1888571,228890,876552,443341,10596463,ransom,
3291181,451924,1038285,378751,17613638,ransom,
3849916,522576,833499,216347,18511709,ransom,
2612442,271383,1195595,474439,14843396,ransom,
2823121,382794,874227,339316,14322203,ransom,
4292908,579109,1158930,345815,21353362,ransom,
3650169,392320,1510872,711148,20770002,ransom,
5277247,538196,942404,513802,31060633,ransom,
5288953,704834,1367207,340883,25915832,ransom,
2792906,292345,1191896,497285,15037351,ransom,
989447,118962,456720,271706,5381172,ransom,
3986178,539365,1283271,380667,19702739,ransom,
3967202,501396,920417,242691,19875520,ransom,
2194262,240928,968417,447765,11742816,ransom,
2378719,247212,970252,547127,11813831,ransom,
4269413,334761,842828,377428,27144309,ransom,
5063267,653699,1494125,342039,24167821,ransom,
4307978,513095,1207894,414156,23264644,ransom,
1453338,150782,400421,200245,6396064,ransom,
1626244,174427,603127,329748,10574788,ransom,
1175390,102978,337694,156835,5417202,ransom,
3998146,505729,1376636,457266,20026016,ransom,
3803192,521783,764680,186962,18956561,ransom,
2537801,268614,1454628,604780,14374582,ransom,
4366532,577316,1067226,654385,22168607,ransom,
4942247,546321,1511101,377803,29244000,ransom,
4325573,538474,1070923,417160,23658676,ransom,
2339635,293456,974335,488978,12660145,ransom,
4254517,553797,1362431,335032,20560995,ransom,
4246888,520322,1198074,474134,22143584,ransom,
612839,67537,304770,165446,2645243,ransom,
3302925,450675,1241606,471633,16244492,ransom,
2676852,356696,1059407,281712,14580631,ransom,
5845725,678154,1750637,858096,29755659,ransom,
5687691,619097,1203603,411841,34566926,ransom,
4254154,575725,984926,269189,21517720,ransom,
2610187,269514,1178868,474932,13994052,ransom,
1962343,255757,656950,350124,12085820,ransom,
4060208,543887,1391569,388734,18573146,ransom,
4067996,493959,1058467,429922,20594820,ransom,
737625,90271,371830,183734,3469307,ransom,
1253629,136377,684284,390509,8397170,ransom,
4481746,448629,946322,541172,23951471,ransom,
5196314,608484,1406147,329355,27339096,ransom,
3585383,446922,918084,349369,20438227,ransom,
619664,74300,333493,178464,3131219,ransom,
4594038,611278,1494065,530922,24184283,ransom,
3745204,490265,835808,227079,18177136,ransom,
2546995,271347,1195473,523215,15010855,ransom,
2947138,378456,970365,439777,15548952,ransom,
3594966,474933,1026995,227741,17442695,ransom,
5151385,576046,1760227,848702,26143993,ransom,
4225401,380809,898887,401144,28024403,ransom,
3788074,525597,1316007,410837,18390107,ransom,
3871548,483855,899712,269894,20162639,ransom,
1073574,136748,576490,291067,5589818,ransom,
4055691,538720,1265809,450192,19719296,ransom,
3997784,518291,877724,235801,20708865,ransom,
2200363,244421,1006117,468837,11029782,ransom,
3131827,393320,1229336,625882,17349506,ransom,
6617351,717719,1492700,499929,34759740,ransom,
4889824,539578,1428570,546703,27464146,ransom,
2078485,275779,694454,362216,10963021,ransom,
4019465,506452,1278004,291433,18933713,ransom,
3774002,464907,984247,383711,19779510,ransom,
305157,33298,204899,116600,2549209,ransom,
4477679,578393,1431620,561409,21559010,ransom,
3780168,496854,1012786,301303,19527336,ransom,
4591238,514192,1376962,760926,22599782,ransom,
3216908,267844,691176,315734,21363972,ransom,
93815,14368,78964,53919,442802,ransom,
1341442,145283,519172,299904,8274114,ransom,
3606740,504898,1023597,223901,17495114,ransom,
4235416,519326,1046244,351687,21436542,ransom,
4187602,557794,1320776,521091,21209016,ransom,
3739458,517465,712553,163200,18252410,ransom,
3176754,307213,1471119,741962,16898124,ransom,
4199241,384698,939323,536925,25399959,ransom,
904623,83280,234962,128194,5396675,ransom,
3282297,426182,992064,433730,15179846,ransom,
4029832,574670,912664,243885,20214503,ransom,
2976333,320534,1204763,510490,15332660,ransom,
1595304,206306,577622,284769,9725087,ransom,
3607037,486481,1169481,218014,16959918,ransom,
3869913,455973,1018465,377506,19445716,ransom,
741852,93694,320161,167329,5443502,ransom,
3083725,335209,1126718,726341,14075131,ransom,
3607314,280396,720622,388623,25864681,ransom,
3364542,470062,1001205,221750,15838472,ransom,
4015131,510664,903499,340621,20498224,ransom,
1725252,194861,823825,355744,9911880,ransom,
4010622,518564,1269786,449343,19099585,ransom,
3613988,491879,665866,194134,17382321,ransom,
2317133,243395,1093656,427118,14182060,ransom,
3469935,463958,1242323,480320,17989205,ransom,
6972743,841912,1344242,592947,36393624,ransom,
4203949,378368,1286387,554451,25832867,ransom,
2064755,287138,626216,314440,10722003,ransom,
3997842,517211,1175630,239815,19069979,ransom,
4340037,506161,1494005,625308,23604827,ransom,
492454,55899,239214,122493,2494078,ransom,
4675465,617896,1633209,562784,22460478,ransom,
3218796,452579,737698,213716,15298036,ransom,
3299719,357943,1494218,724154,18799000,ransom,
6856630,774443,1723347,663760,38010509,ransom,
4453797,551449,929841,204534,23022499,ransom,
2511734,271164,1125234,479920,12976806,ransom,
822097,99836,405128,230373,5664329,ransom,
372315,46963,169636,100337,1499870,ransom,
3362655,443999,993737,411958,16686761,ransom,
3884662,543890,845186,177961,18450488,ransom,
2781046,293065,1151568,443900,14376227,ransom,
1005726,124093,671133,370716,7436928,ransom,
5732639,685185,1482058,573598,26839477,ransom,
6486375,691694,1309442,441097,38063337,ransom,
889848,117109,446454,223251,4819981,ransom,
1413562,160882,559792,310591,6798997,ransom,
380867,39244,185056,124450,2976783,ransom,
2956111,414498,795856,230608,14245402,ransom,
4888031,627530,1233030,437985,22974067,ransom,
1477702,163649,686832,286592,8227716,ransom,
1401481,163646,565134,301134,6960747,ransom,
2698729,324726,932378,567302,15097815,ransom,
6190803,692817,1327047,297187,36224828,ransom,
4610946,545816,1294318,546143,24088378,ransom,
796869,89876,448903,272207,5004934,ransom,
4117594,541756,1293635,408695,20241609,ransom,
4250082,534540,980723,290135,21305197,ransom,
1230596,138156,575086,250552,6990000,ransom,
2002412,230840,841098,473387,10918075,ransom,
182456,16335,333957,183383,2078400,ransom,
6223822,721819,1671697,746815,30685541,ransom,
6674536,770348,1568652,586315,36209899,ransom,
2673013,274430,984554,331706,14773200,ransom,
5669859,712370,1696491,603725,27142939,ransom,
4471425,582651,1040777,268087,22680162,ransom,
3158950,326571,1265491,534855,16861923,ransom,
3493865,430431,1071481,567151,18793691,ransom,
5353028,720667,1226586,254698,25674519,ransom,
5726523,548858,2060689,1078148,30823708,ransom,
1723961,129530,245184,82439,12442342,ransom,
4343933,567829,1534689,545305,21543825,ransom,
4679813,556099,1350035,502821,22806269,ransom,
1164629,146471,567690,300255,7431857,ransom,
3633908,476442,1273147,593572,19306427,ransom,
4032962,560180,913045,213758,20270401,ransom,
2635942,272221,1116049,422160,14318434,ransom,
4150344,476652,1262357,774894,19659828,ransom,
5632299,601001,1523566,258235,35012377,ransom,
4776035,571616,1427004,622343,23662416,ransom,
772533,88999,397492,205924,4456270,ransom,
1051080,120908,446043,236144,7759980,ransom,
2012492,267251,491441,267354,9580174,ransom,
2439420,345563,1253705,271706,12878917,ransom,
4747696,581195,1335240,535007,24323157,ransom,
1104008,128244,786310,407602,8171888,ransom,
5378381,681904,1254838,652747,25684944,ransom,
7445459,827574,1666010,421282,42342781,ransom,
3933518,547619,1268899,363772,19570908,ransom,
5287829,651942,1499727,600879,25435086,ransom,
1145923,137835,538806,248459,6825086,ransom,
4892288,640251,1418580,365906,24374656,ransom,
4100570,507178,1145351,430511,20748609,ransom,
214239,20997,245801,144638,2793040,ransom,
6355677,732446,1774768,852908,32564276,ransom,
6370176,699577,1358274,284501,36261482,ransom,
1489175,175038,634029,355919,8934996,ransom,
2260046,250186,977764,537217,12223188,ransom,
4010151,540400,1124104,183728,19199557,ransom,
5010844,604446,1635632,692388,24651563,ransom,
1048171,104870,430696,171370,5655919,ransom,
4435555,584455,1507058,426649,22325058,ransom,
6604734,759191,2076465,885660,31090111,ransom,
4547211,395126,1061221,391560,29340457,ransom,
1967709,217368,780167,463705,10488306,ransom,
515055,54386,188834,109555,3050447,ransom,
4958357,606998,1422390,285512,24216544,ransom,
4703530,549302,1326082,557547,23584339,ransom,
687291,85003,338568,187122,5925097,ransom,
3618414,486206,1201874,445033,17896057,ransom,
4734133,617521,1343400,507552,22789294,ransom,
4563622,457149,1330653,641258,24306621,ransom,
2915463,269450,782910,385119,17715819,ransom,
176545,20730,89349,52644,1806004,ransom,
3296245,437693,976278,380687,16413319,ransom,
4339693,583263,924418,300584,20254356,ransom,
1611781,160121,749042,271142,9414783,ransom,
2345500,273988,935651,494558,12588222,ransom,
3502504,490465,1084854,177308,17945867,ransom,
4816013,627296,1247885,614124,23004556,ransom,
4943075,475792,1343618,642356,29411358,ransom,
762785,88199,331386,182945,5314233,ransom,
1955791,233310,626028,340944,10421049,ransom,
3344781,466265,1038274,153286,16051392,ransom,
4093508,492137,1050935,405713,21725265,ransom,
872619,103372,429153,225307,5125168,ransom,
3908662,528587,1176680,321330,19524341,ransom,
4408308,533376,1287273,435483,22210099,ransom,
4029323,406273,1140846,679158,21798118,ransom,
5035777,567011,1180495,526008,30368303,ransom,
4546471,588771,1312147,374229,20969577,ransom,
2969195,336140,1087009,419657,17082261,ransom,
2285609,272954,915840,452113,12227366,ransom,
3647505,499456,1012497,166014,17646935,ransom,
4130488,502770,1187090,487849,22443051,ransom,
688928,81799,340986,189038,3059492,ransom,
3617426,498755,1374279,468216,20262100,ransom,
7654385,892962,1628255,755788,37179674,ransom,
2801433,252713,880367,327266,19642197,ransom,
3120363,420035,963034,413872,15340786,ransom,
4346547,571262,1190295,352467,21125483,ransom,
2799018,322931,1024837,377908,16834661,ransom,
2455220,296590,875651,441509,11889352,ransom,
2706573,388926,1049025,195335,14030301,ransom,
3803686,472083,971314,312585,19919651,ransom,
2109104,256295,1122290,593151,11632586,ransom,
6567141,772219,1520343,527588,35241273,ransom,
5026954,608686,1079000,415974,25783685,ransom,
1693378,173811,850291,299076,11065332,ransom,
3244064,428400,1010197,402265,16021989,ransom,
4651052,609111,1200171,350431,22386902,ransom,
2425102,252985,1061875,402690,13734652,ransom,
2354232,264613,904361,502214,12446592,ransom,
3165697,446898,1066454,207440,15471653,ransom,
4998489,592290,1286454,675091,24796493,ransom,
4807972,438021,1292862,546591,30432057,ransom,
4274621,562704,1303930,367522,23036270,ransom,
4676039,570371,1268967,483230,25232134,ransom,
1024772,123753,498727,231057,5257958,ransom,
3008900,406244,901404,374759,16122242,ransom,
5378696,716299,1410840,478783,25186915,ransom,
2035998,206528,937482,368413,11624072,ransom,
2101756,254478,863791,486833,12323581,ransom,
6744164,770136,2002224,856568,32120971,ransom,
5603910,588209,1309284,501968,34336621,ransom,
783260,85682,323847,190876,4880183,ransom,
3578203,488188,1109392,354746,18424293,ransom,
4261415,571693,973193,321997,20706224,ransom,
2635752,278777,1155156,450204,14846233,ransom,
3750038,496881,1220367,458259,18764950,ransom,
6372039,776827,1886796,618575,29895542,ransom,
1817567,209063,854679,424414,12260122,ransom,
3240668,387090,1329079,736739,16831930,ransom,
6334094,683042,1827841,598070,36313025,ransom,
3978479,494893,1008756,285017,21825873,ransom,
1809694,214175,820228,435799,8624267,ransom,
4198431,558916,1311715,376418,22117020,ransom,
4801074,594168,1214987,453059,24127863,ransom,
691866,79306,336656,161928,3960870,ransom,
3624967,495126,1086102,382549,18228831,ransom,
4807573,617596,1450749,584243,24073811,ransom,
4624493,444850,1306908,655230,25148833,ransom,
3650445,390762,872960,404557,22601927,ransom,
5011249,684250,1216858,300883,23250653,ransom,
2505858,272203,994500,425282,13968143,ransom,
844252,97853,370326,195252,3360445,ransom,
653350,77907,278350,144765,3749288,ransom,
5426566,495133,963723,367935,26638080,ransom,
6012503,689276,1553203,290835,28401182,ransom,
4685599,576195,1206804,463504,25122633,ransom,
10742016,1076190,1197292,620930,51521408,ransom,
4533549,500512,805461,322811,24602310,ransom,
5051164,610846,957621,435670,26570054,ransom,
5521396,731107,1407653,403564,29459885,ransom,
6931417,878478,1128085,315449,35727856,ransom,
6079315,690706,1678340,730615,31325994,ransom,
6458001,825209,1482596,417202,32667631,ransom,
6622138,833890,1220385,408629,32753214,ransom,
4002218,399726,1665658,847487,20464497,ransom,
3872821,311126,746780,378498,26632529,ransom,
1389104,161059,628376,365119,6275537,ransom,
3814152,517767,1075186,302493,20783251,ransom,
4367695,555624,1063828,330766,20962072,ransom,
1747134,197749,804069,395569,10160316,ransom,
3260459,447067,997081,383400,16435726,ransom,
3479499,444746,1149090,382303,17747634,ransom,
3144673,369047,1252548,503246,20023916,ransom,
5283411,596502,1196878,728089,26236328,ransom,
5165149,576648,1510060,404608,29670455,ransom,
3988002,478938,1113557,507898,20379218,ransom,
1345393,155594,609314,340184,8666275,ransom,
4548566,598867,1509380,451714,22958904,ransom,
3986745,490958,995222,319516,19931595,ransom,
1699564,203472,736115,362489,9537527,ransom,
2570414,351466,738621,284836,13085275,ransom,
3853539,495032,1536203,577474,19879196,ransom,
5354728,640957,967776,406476,27956321,ransom,
3672952,373952,1318394,580666,23597740,ransom,
3916127,536097,1113489,238311,18237925,ransom,
3973176,491416,949313,331440,21601970,ransom,
1317108,155668,642499,340670,8069930,ransom,
4530981,592770,1388844,426123,22003311,ransom,
4057727,501394,975545,292096,21293585,ransom,
1745651,208239,789964,395220,8629134,ransom,
3019649,421704,1085017,543709,16402720,ransom,
5159065,640119,1489972,531994,25908343,ransom,
4956947,549080,963404,316833,28367844,ransom,
2687826,340407,1028623,540609,16525292,ransom,
4469894,584941,1252800,328549,20823633,ransom,
3580770,438930,1074940,418561,18700195,ransom,
607744,73438,241989,146953,2810328,ransom,
1640723,182562,705620,369827,9744614,ransom,
708318,76668,323151,178823,4078428,ransom,
4736108,651307,1496901,633605,23103134,ransom,
4538232,564128,800543,302789,25276187,ransom,
3782097,402067,1106252,423370,22021377,ransom,
4026582,515312,1255717,399261,20245373,ransom,
3605434,479081,725679,219463,20138156,ransom,
2503638,260379,1151098,448461,13082785,ransom,
3273114,444820,1058838,407776,17587393,ransom,
4471507,601534,1033095,296296,20938273,ransom,
5074071,509030,1553863,529929,26969374,ransom,
3689776,346881,845363,556315,19595406,ransom,
2833183,232835,633541,279991,19094532,ransom,
2504370,340600,682599,244084,12892207,ransom,
3689946,496406,880503,224699,17220581,ransom,
2907976,326684,1013707,406680,15423754,ransom,
856352,102008,404304,240906,6115604,ransom,
812255,90821,329233,173002,3166600,ransom,
2101932,293889,619012,241116,10355408,ransom,
3432177,427919,1420330,477787,16781936,ransom,
7169801,735618,1428600,641774,39234234,ransom,
2516747,271608,963816,481008,15105671,ransom,
4294683,576457,1294001,376530,21055376,ransom,
4044185,480568,1045617,307682,20304549,ransom,
1992133,223990,876028,403223,10555155,ransom,
1624790,175291,644546,288824,7732445,ransom,
1272616,140150,623027,255823,6349943,ransom,
4727606,638263,1557792,360202,22514958,ransom,
5385961,604683,1310827,679790,26511211,ransom,
3438404,307984,739080,342145,23210268,ransom,
2622727,230957,932976,348698,13112343,ransom,
1511531,198430,443949,241815,8700563,ransom,
3987102,498154,1374836,399972,18291848,ransom,
3894087,476083,1010664,382118,20442004,ransom,
3696301,514664,1132241,262093,17462855,ransom,
6216618,755130,1515419,499000,33493148,ransom,
4115254,522065,1057764,465746,22074496,ransom,
5166531,650443,1755869,723614,24901189,ransom,
6587855,687515,1281320,414126,37941923,ransom,
1218713,156528,533240,272078,6625541,ransom,
1876416,206674,814181,430334,9806781,ransom,
1418719,190525,390068,183104,7821913,ransom,
4167862,531917,1421537,376039,19257312,ransom,
3767044,464970,1022536,398433,22820289,ransom,
208651,25971,115158,77039,962024,ransom,
4354226,578353,1593838,625042,24636799,ransom,
6499845,742940,1277657,596531,32732835,ransom,
4328082,386906,1309150,506219,27037142,ransom,
3211170,433602,924716,348355,18932096,ransom,
2760594,388068,994585,237435,13279190,ransom,
4184802,485447,1510438,632474,21729127,ransom,
1491472,184103,541641,272720,9390868,ransom,
4390929,589809,1254674,321320,20498164,ransom,
3824105,474328,1024766,421737,19812200,ransom,
346637,35405,412444,238232,4028061,ransom,
6170960,725142,1770192,828416,30905833,ransom,
4078774,429567,1217549,294487,24341828,ransom,
3227236,399555,1017675,277129,15838474,ransom,
1746170,208767,799608,392642,10126072,ransom,
89266,10566,50622,38284,3067462,ransom,
4179069,535257,1245101,495292,19366129,ransom,
3861437,516881,783958,168824,18688564,ransom,
2086890,222442,992373,411632,12714475,ransom,
3107558,410935,1123350,483869,17346732,ransom,
6627807,777374,1436775,558992,35895867,ransom,
5121835,496029,1498552,602085,30232075,ransom,
1556389,187736,665233,332270,10713739,ransom,
3909871,530035,1144432,225897,18434593,ransom,
4346602,522958,1169479,504459,24723860,ransom,
309045,37246,188637,86116,2539435,ransom,
4158710,535264,1503474,669395,22593101,ransom,
4119344,570840,864845,233254,19824043,ransom,
2696286,275940,1470155,648366,16572107,ransom,
5509133,679486,1358893,746140,29978788,ransom,
4507888,505397,1296377,311565,27215842,ransom,
4508550,545309,1307008,556632,23682933,ransom,
1760543,225274,604565,308428,10394182,ransom,
3842835,519049,1220593,254080,19122049,ransom,
4266668,515656,1153220,485261,21807638,ransom,
178985,21623,141172,73849,915904,ransom,
4906731,632399,1714139,619446,24334301,ransom,
3518184,473024,1032092,380008,18435494,ransom,
4805104,465890,1615622,769773,25058289,ransom,
6054998,686236,1629798,607042,35849188,ransom,
4169382,543761,962522,192205,20527256,ransom,
2431440,269911,1142028,588650,13242532,ransom,
1920140,246700,635799,331464,9952452,ransom,
4300351,576108,1104324,228227,21063043,ransom,
3447432,394730,1192901,479091,17781079,ransom,
208682,25783,124496,79898,2497079,ransom,
5561066,724273,1874819,894900,27700427,ransom,
7126348,792970,1323287,506725,39698691,ransom,
1914937,196123,904875,340421,11039658,ransom,
3547407,469842,1157645,460524,17265648,ransom,
4051031,559956,840053,199032,20273766,ransom,
2958305,313079,1341281,584100,15162629,ransom,
1903812,257771,564954,279936,10532917,ransom,
3251591,434342,1089375,176550,15669835,ransom,
4111450,490870,1200884,468356,21887280,ransom,
2973884,306670,996601,657357,14814140,ransom,
6033957,646757,1744731,668257,36288124,ransom,
3762830,508854,935692,213942,17996498,ransom,
2347740,263931,1115716,311856,14757183,ransom,
3250531,433920,1285052,564699,17608491,ransom,
2364310,333656,1176051,224236,11499668,ransom,
4235123,512442,1196794,398874,22454193,ransom,
3063769,408393,1246933,550511,16391464,ransom,
4494383,618570,1287442,339092,24275806,ransom,
5947479,638044,1768988,905118,30898459,ransom,
2238112,155891,291684,99356,16790911,ransom,
4735475,620697,1652379,544497,22583553,ransom,
4076262,513202,1152922,316793,20222082,ransom,
1229012,151488,590453,302827,7754093,ransom,
3465681,458128,1085883,482999,19282024,ransom,
4070978,567880,894340,186334,19458612,ransom,
2861928,307859,1335195,549881,16000061,ransom,
1241429,144521,776760,377800,7931383,ransom,
6648366,758360,1572668,595249,33459666,ransom,
6193911,667368,1400095,529196,34059279,ransom,
21018360,3029246,3015076,1277421,115134561,ransom,
25939742,4084559,3048354,1319330,140919734,ransom,
28062448,5001392,2791155,1234711,149461665,ransom,
27329869,4405822,2819121,1037598,149832699,ransom,
22899947,3333851,2631405,1166766,122877343,ransom,
6267343,960615,1058125,264734,37766461,ransom,
6798889,995286,1324066,636575,36085943,ransom,
9168060,1007522,1655130,696100,57763369,ransom,
19612771,1754384,2045901,1182950,105094003,ransom,
27297160,2293495,2479100,984708,142138818,ransom,
8743488,672053,1512039,657079,48573801,ransom,
5829929,651213,1681279,570584,30817079,ransom,
5916869,712517,1677530,722244,30293555,ransom,
254010,30896,159818,88640,1353851,ransom,
5661725,683773,1976343,941947,27740925,ransom,
7335114,779144,1422768,402767,41710861,ransom,
1655488,191283,726340,423615,9336291,ransom,
2450897,318014,820608,411052,12122349,ransom,
5001046,693781,1078315,206441,24498065,ransom,
2868115,301322,1312139,576096,14769315,ransom,
97697,14484,70395,53685,555092,ransom,
1131973,128901,485020,282642,6699367,ransom,
1569881,161727,812024,424343,8488608,ransom,
5740435,732189,1325102,437151,27482815,ransom,
5782616,621312,1153142,427491,32327479,ransom,
1554986,234050,581455,370526,8897537,ransom,
3444671,468971,1084393,363294,18553196,ransom,
3913385,531188,881071,298379,18355787,ransom,
2213923,233729,921871,343335,13442401,ransom,
3988619,512060,1321493,537193,19279958,ransom,
4040362,544659,873919,168365,20289155,ransom,
2855389,285439,1227074,626167,15105911,ransom,
4649359,418959,1083607,571863,28143031,ransom,
54904,9073,44730,25935,269433,ransom,
3328677,436809,968327,414787,16319506,ransom,
4090568,545437,908753,237718,19366978,ransom,
1855059,185069,845309,292809,10673631,ransom,
2463282,288715,881794,477979,13096175,ransom,
2771822,398565,1033889,178107,14168828,ransom,
4376007,531355,1137829,395385,21448561,ransom,
4890926,558340,1442183,772075,26072948,ransom,
6759671,734951,1106301,473581,42607584,ransom,
3619299,426558,875970,463490,17852758,ransom,
3179642,431841,1018429,162050,15402195,ransom,
4155928,512220,1115173,469985,20813225,ransom,
633293,75271,354014,191125,4041666,ransom,
4043796,542340,1201409,318338,20241430,ransom,
4485126,542797,1097179,367818,22431799,ransom,
1169102,144946,727413,380862,7447185,ransom,
3904452,420557,1262468,895824,19190181,ransom,
2349829,181658,346268,116100,16347814,ransom,
3997079,563423,1146497,337806,21175631,ransom,
4730702,587315,1198797,408000,22619418,ransom,
1358254,161588,628819,314136,9105738,ransom,
3589417,478065,1132360,458778,18724190,ransom,
3711758,504029,1022643,273815,21885126,ransom,
2929950,335135,1060583,380776,15907390,ransom,
2524023,332836,1065409,560697,14051860,ransom,
5460445,624143,1696419,657537,27409136,ransom,
4815561,585160,1201688,420938,26342589,ransom,
2777388,314563,1578606,521582,14878086,ransom,
1418431,133332,602112,283184,8642009,ransom,
2499497,273557,1062790,538529,11238839,ransom,
2748257,431458,1223649,395119,14890303,ransom,
3437240,490095,1235091,426576,16978446,ransom,
3941603,442187,1465603,559822,20575006,ransom,
6666986,804409,1896746,732446,33602873,ransom,
7042386,728681,1536474,600505,41197883,ransom,
1342564,95415,420187,84826,6528521,ransom,
1221469,142599,538619,323561,7247818,ransom,
538843,55084,223307,120898,9037018,ransom,
3252960,454007,904200,262559,16024792,ransom,
4854871,618718,1214071,467444,23224328,ransom,
1518945,170442,789616,301888,8731332,ransom,
2916227,398604,1070049,461639,16341458,ransom,
6661543,745794,1574911,642311,33282532,ransom,
4177518,432962,1073724,376136,25813315,ransom,
3276944,402562,1192754,691971,16399009,ransom,
4577114,631910,1153698,213591,22942401,ransom,
2954185,315495,1233749,505338,15868697,ransom,
783096,85516,311084,183411,3882359,ransom,
4877105,656096,1488481,360829,24333630,ransom,
4157305,501526,1133376,467716,21752294,ransom,
3177987,297662,999632,633682,15876922,ransom,
5243244,570212,1176301,431878,33705902,ransom,
4640446,626097,1202041,338417,21484596,ransom,
2451084,254878,1106371,415159,16754611,ransom,
2164593,253948,837625,445067,10695871,ransom,
3672353,540614,1087382,192914,18496883,ransom,
3824283,472478,985687,369521,20315122,ransom,
1018761,110992,526503,274636,4620971,ransom,
4160225,579278,1282269,646377,20190675,ransom,
5342637,636335,1648109,585637,28685853,ransom,
4326095,482140,900131,264606,24690863,ransom,
4469207,585874,1322628,425683,23555217,ransom,
4812953,600185,1230240,427922,23299791,ransom,
1125936,131299,481791,258699,7297945,ransom,
2578421,330095,836160,444022,12532616,ransom,
2720368,370946,1089495,182209,13835018,ransom,
3801413,459641,996303,332946,19999511,ransom,
3385275,363320,1225960,784106,16888256,ransom,
4863222,557961,1064767,395206,29795357,ransom,
3637621,451889,1211661,371913,19679789,ransom,
4130885,502156,1171001,445209,20686453,ransom,
3069354,416097,936643,408674,16501759,ransom,
2917733,374894,1286772,376926,13410578,ransom,
3231052,403305,867236,262007,17342294,ransom,
1838830,220744,834625,443347,9717359,ransom,
540539,60392,233493,135032,3209522,ransom,
2156121,297680,523600,197486,10612262,ransom,
4477449,587472,1636711,666856,21627994,ransom,
4941712,549416,717168,246083,28493788,ransom,
2998051,306361,1181018,542833,18610832,ransom,
814845,84088,290053,152636,3145526,ransom,
3198393,439697,929253,257467,15732879,ransom,
5004571,626624,1307497,431022,24224828,ransom,
919432,115484,407064,217954,6561736,ransom,
1824040,234779,633699,342953,9432561,ransom,
3881420,535566,1413610,403500,19398135,ransom,
5179978,601694,1400469,700109,25570067,ransom,
4241452,399379,1024907,496510,27983403,ransom,
3633224,487512,1202866,377409,20479690,ransom,
3608438,499830,937476,289401,17204448,ransom,
3325140,358430,1663736,619613,17661119,ransom,
3413375,463963,1011804,362830,17218184,ransom,
3557096,476348,1287450,395686,17360182,ransom,
2821347,318114,972066,364857,15343942,ransom,
963201,81902,691920,491574,6434102,ransom,
3463485,327374,989080,670199,15709507,ransom,
4782263,507314,952434,294785,30008742,ransom,
4550204,608278,1016880,306589,21045969,ransom,
1945172,197890,898920,317321,12003266,ransom,
1988265,263618,616530,325842,10422259,ransom,
4237586,550439,1475452,417947,19271763,ransom,
3633449,449115,867534,327950,20012129,ransom,
1146501,129304,519055,266753,5154421,ransom,
760843,86569,324646,180559,5219477,ransom,
1901392,204874,809614,485777,9969708,ransom,
7610692,848253,1764261,579184,44950842,ransom,
3623597,439218,825171,304503,18991019,ransom,
1330574,157263,584355,326439,8781943,ransom,
3977425,552056,1255828,371538,19426149,ransom,
3689418,481795,834978,260710,20279733,ransom,
2646830,297790,1210115,559879,14481323,ransom,
2958184,399457,908744,348410,15007087,ransom,
3794576,507195,1097001,276947,20383248,ransom,
3171561,352081,1368182,563642,17841661,ransom,
4098268,452006,1048445,660391,21488485,ransom,
6050946,689984,1518308,348201,34232820,ransom,
3886016,479053,1057808,416933,21602571,ransom,
1035866,121137,477425,263507,5938724,ransom,
3893382,520901,1370931,432969,18939583,ransom,
3419822,483131,790087,261223,17155813,ransom,
3149020,325652,1363795,566701,15813432,ransom,
3690334,507695,1142618,406917,19551248,ransom,
3915101,530586,843646,236257,18408912,ransom,
2435081,249507,1231413,554673,14089485,ransom,
3317532,308772,666889,431092,18267998,ransom,
1764514,149000,419888,207656,10386595,ransom,
2522505,343372,708504,283823,13595615,ransom,
3102429,407987,1152903,324442,15927852,ransom,
3905218,483530,1137490,457554,19423688,ransom,
1212714,135975,576415,300499,8175169,ransom,
4980660,658464,1555930,419648,22767563,ransom,
3504030,418301,862259,303930,18965101,ransom,
2664264,290068,1129321,700304,13693963,ransom,
7063239,785435,1676592,580363,40284967,ransom,
3845955,490000,874095,222632,20458692,ransom,
2414002,274813,1116487,573731,11493062,ransom,
2939621,395650,850830,339131,15855297,ransom,
2238975,303011,1147075,304083,10607215,ransom,
3960809,480384,939063,332896,20104938,ransom,
2092529,252006,989677,481804,11554797,ransom,
4016584,545145,1317628,458281,17967551,ransom,
5374486,636377,1286671,656555,27066881,ransom,
4742952,423208,1530740,486923,31967614,ransom,
4666945,584524,1445970,443422,22605315,ransom,
3971152,475255,1043827,389645,21920509,ransom,
5001360,678312,1579878,490405,23947454,ransom,
4386927,545855,1160468,442664,23313924,ransom,
631580,78739,351018,190067,3834175,ransom,
4461318,579068,1341497,354381,21457118,ransom,
6345027,693060,1477636,733166,32805553,ransom,
3303879,292111,847672,412678,20549581,ransom,
3312867,448299,1003551,357359,16682402,ransom,
3770509,522274,929157,233420,18795424,ransom,
2676398,268960,1147440,451306,14301095,ransom,
834069,99908,398185,220624,5707640,ransom,
807787,88305,316290,176899,3505417,ransom,
2577824,348271,701133,226569,12639660,ransom,
3819745,534865,832269,196812,18057480,ransom,
2982815,311960,1243454,504784,17005135,ransom,
1597942,204320,554305,267640,8914505,ransom,
4356241,590114,1489318,395154,21090117,ransom,
4628663,527256,1317691,603809,24178590,ransom,
4339303,397019,881083,432113,27433006,ransom,
4691117,597010,1584586,536813,24016655,ransom,
3666502,491608,820108,245646,18930022,ransom,
2032829,221866,933547,385214,10630859,ransom,
3007993,406998,916522,361512,15016771,ransom,
3763681,527227,811624,147907,17929517,ransom,
3034632,318812,1301139,528285,15758281,ransom,
1891087,262599,637528,331867,11253692,ransom,
4738398,602882,1708809,599798,22926373,ransom,
6614451,698118,1347642,609259,35065051,ransom,
1535012,142710,408367,175355,10307927,ransom,
1275345,140395,558038,277628,5831688,ransom,
1526184,201627,464596,255923,9500770,ransom,
3769146,490936,1111704,227752,17967086,ransom,
3677493,458595,949689,373405,18466762,ransom,
347902,40446,225258,128877,3332330,ransom,
4292057,574321,1519157,586566,20859823,ransom,
5152883,700059,1574006,665974,26822364,ransom,
6947105,698495,1926667,793421,38895775,ransom,
5438307,661863,1623023,611798,27499894,ransom,
5908654,713899,1525468,360099,30299900,ransom,
3229853,357374,1267524,585397,15495388,ransom,
2883884,335866,1083210,459772,14350727,ransom,
3614453,508367,1694264,630318,18617318,ransom,
3916674,543761,1354825,509946,19277672,ransom,
4809689,504169,2057673,898899,24370125,ransom,
8789823,946626,1996894,595277,51107990,ransom,
3732415,464166,1060187,413390,19508289,ransom,
2033658,175741,724982,250061,10367822,ransom,
4770507,631420,1486786,484954,24278773,ransom,
4050595,517119,960245,278798,20743460,ransom,
1562151,173060,618739,323149,7192115,ransom,
1282618,159170,500362,262952,8999154,ransom,
6259180,804323,1760764,650970,29809727,ransom,
6683829,661760,1620670,712517,40783975,ransom,
234065,39090,93797,62915,1452380,ransom,
4329792,547645,1560794,541221,22500253,ransom,
4205101,530734,1043172,287734,21102756,ransom,
1625317,190436,692220,368172,9080650,ransom,
3418545,448436,1144393,470202,17412891,ransom,
3635939,498455,968635,231329,18515155,ransom,
3529940,395527,1507502,632913,20038983,ransom,
4356661,481733,1112973,682936,23425391,ransom,
6742811,814681,1344402,269105,36906418,ransom,
4732461,574965,1639928,625791,25821221,ransom,
4296720,598929,1030673,238804,20739452,ransom,
2937575,306974,1194129,502345,17111038,ransom,
1758114,231025,435154,224046,9718154,ransom,
5348053,725175,1248117,274512,26695097,ransom,
2631670,281328,1158796,488090,13389380,ransom,
984259,104498,522053,337207,6621843,ransom,
7787096,849585,1877147,711483,44048614,ransom,
4633109,571062,1315311,438165,23133090,ransom,
990967,120472,425762,224076,5256376,ransom,
1523315,176085,686209,376109,9607640,ransom,
252938,30022,144155,75402,1371095,ransom,
4225009,567012,1282258,367381,21045255,ransom,
3861506,482696,914944,278859,19883874,ransom,
904213,111562,390958,205463,5987797,ransom,
4637489,570455,1654253,813817,22934302,ransom,
6337022,716691,1185494,350553,33534714,ransom,
3891594,404414,1264122,498228,21840666,ransom,
2348191,309610,816240,412975,13069537,ransom,
2977072,406753,1180507,216479,15381016,ransom,
4782557,576611,1260034,541140,23681893,ransom,
548109,69096,320619,168034,4140868,ransom,
4355624,583404,1346639,417869,21301858,ransom,
4160008,538167,1040174,345945,21886890,ransom,
1473194,174506,715092,314527,9184931,ransom,
4779233,627031,1720690,846820,22881543,ransom,
6578148,771102,1207109,401409,34895130,ransom,
3462628,329860,1187682,448826,20427153,ransom,
2566791,343985,913789,454242,13876097,ransom,
3658611,495040,993659,172505,18617264,ransom,
4007427,473010,1267106,526110,20458098,ransom,
426417,56294,232412,139002,3190470,ransom,
4046849,547937,1311189,403443,20409910,ransom,
4224359,519712,1036016,283428,20815167,ransom,
1819227,230761,883336,509982,11692770,ransom,
4887535,477511,1175340,693032,26437919,ransom,
899493,70572,225490,120212,7215088,ransom,
3790141,505417,1128167,301544,20114906,ransom,
4096895,506020,979398,253270,19959967,ransom,
1099453,127432,504001,247907,6173378,ransom,
1838830,203514,759418,417092,9687784,ransom,
219050,26174,117785,63665,1970091,ransom,
3714445,499044,1129240,311963,17750981,ransom,
5957650,704014,1564576,746743,30053724,ransom,
4104418,343836,929775,333459,28148958,ransom,
4140782,538791,1397167,638288,20842588,ransom,
3414712,466133,906483,174441,17477724,ransom,
3293778,371732,1246538,461846,17620451,ransom,
3536975,499837,1297493,370539,16740874,ransom,
3028500,438186,724406,173423,14340255,ransom,
4330498,528333,1565366,602899,22842751,ransom,
4262324,595562,1134030,297051,21819487,ransom,
4837315,484924,1695663,819950,26885553,ransom,
4088428,417528,1067728,503093,24523626,ransom,
3635220,522020,1108091,223288,18811738,ransom,
4696300,562355,1547372,683386,22291048,ransom,
909551,115488,467707,238873,5827264,ransom,
3670815,509624,1176162,360234,20295338,ransom,
4793350,594315,1254606,396851,22957694,ransom,
1261487,146467,652363,284681,7169680,ransom,
2055823,222465,1051726,611679,13171734,ransom,
3452543,278045,459583,293685,20760490,ransom,
2970279,397915,992975,350449,18084392,ransom,
3689739,474666,1256025,395607,18167958,ransom,
3012169,362309,960576,340337,16002137,ransom,
4249041,549481,1367059,567334,21226197,ransom,
2097334,277855,1000109,229209,10273143,ransom,
3812666,467172,1047824,396132,22060205,ransom,
2630817,340688,860225,441612,13615894,ransom,
3032963,398590,1335318,550179,16461976,ransom,
7870138,817461,1564818,604277,43645117,ransom,
1958427,212218,834467,400773,11648848,ransom,
4000314,549234,1193827,306657,20646526,ransom,
4815056,596251,1333064,509883,23546038,ransom,
780602,98839,340788,186018,5214627,ransom,
3578616,472452,1183150,501176,17800382,ransom,
4549412,608990,983474,267694,22106508,ransom,
1876328,184670,906839,334097,11082602,ransom,
4023879,449055,1462931,893676,20071585,ransom,
5351542,589841,1318030,328620,33223989,ransom,
4528496,595007,1187377,441391,21291164,ransom,
3091476,348994,1538003,556202,18131494,ransom,
4394695,595598,1498342,396938,21395487,ransom,
5329589,644607,1552342,644431,27578192,ransom,
155044,16021,107957,46723,2238460,ransom,
3684855,477254,1149262,474464,17863213,ransom,
4008190,510422,1612708,607365,21514416,ransom,
6569877,645325,1455922,629085,37151179,ransom,
3713163,446687,1110749,553744,20910953,ransom,
4647896,643949,1048303,173228,22984842,ransom,
4846373,602294,1683869,568141,24768518,ransom,
4909158,631121,1275329,334044,26179248,ransom,
1166213,134698,564303,283522,6626888,ransom,
2593962,329771,807274,411527,13083083,ransom,
4378259,601847,1182160,273445,22224646,ransom,
7828992,833349,2059480,888041,41323466,ransom,
6041025,739883,1338247,386286,33472192,ransom,
1738402,185361,855237,386070,9949803,ransom,
1998792,228905,685215,373064,10349423,ransom,
4491188,638208,1026464,190785,21393149,ransom,
5048103,641523,1492270,522235,26341790,ransom,
5028366,653348,1330583,358483,25449596,ransom,
1420053,148177,676630,282182,8990605,ransom,
2480920,279477,983598,587339,14646480,ransom,
7854702,879202,1593895,467895,42227810,ransom,
3677706,442359,1280247,550512,20639145,ransom,
1028955,107092,389582,209365,4187239,ransom,
4502718,605708,1430051,396584,23513601,ransom,
4728691,576949,1338235,534907,24644330,ransom,
575041,66573,294010,131637,2763161,ransom,
3273239,440826,1041579,394702,17460201,ransom,
3811011,473883,1742472,706517,18798073,ransom,
6061314,610871,1486967,648901,32082818,ransom,
3542117,368004,1083585,511086,23303790,ransom,
3620935,512265,1327990,290899,17059173,ransom,
3911622,492793,1169011,447768,21857078,ransom,
1721349,200209,807217,394454,7532964,ransom,
4232526,586209,1350485,369125,21900732,ransom,
3841197,486465,1042204,325385,18874781,ransom,
1627763,187065,701121,333369,9424526,ransom,
4898715,584718,1599641,765990,23589046,ransom,
7541426,807623,1669177,626007,43821534,ransom,
1417313,159447,667684,308279,8079731,ransom,
2011361,235988,942253,537231,11921870,ransom,
4192711,574563,1336850,334751,20749264,ransom,
4251706,515664,1123721,419491,22607919,ransom,
2046495,228141,876855,477106,10377304,ransom,
4012991,547789,1230175,311178,20027836,ransom,
3894715,479952,974180,324464,21560716,ransom,
1748508,189616,931899,483401,10148625,ransom,
5944018,663616,1343923,702548,32026871,ransom,
6023419,736982,1367986,401013,33123320,ransom,
2713207,276312,1151959,416717,14761113,ransom,
2689442,335990,863188,390549,15961569,ransom,
6204194,804788,1517117,364296,28560861,ransom,
2494987,263701,1277329,484280,15329597,ransom,
2046180,210482,702914,346159,10758537,ransom,
4344921,573659,1325047,402553,21954338,ransom,
5289421,628365,1499457,628651,27697903,ransom,
6167885,546989,1725220,635653,36566263,ransom,
3323090,444864,1097310,414206,17755028,ransom,
4653803,626235,1083808,334360,22803891,ransom,
3939503,500639,1447978,490119,20687650,ransom,
4309842,587844,1000898,249153,20817659,ransom,
2717782,293768,1287437,538196,14769634,ransom,
3507171,477164,1008620,276326,17214355,ransom,
4917174,599330,1544576,602646,25406537,ransom,
4431695,425149,963227,595406,24456573,ransom,
2894733,306940,730815,328316,17912780,ransom,
4339766,568679,1710925,493203,21240307,ransom,
3774882,468075,1108343,428616,19760785,ransom,
924254,106818,413530,262240,5478312,ransom,
4094789,551624,1331778,402155,21270535,ransom,
4023775,514132,1161930,304914,21063249,ransom,
1993289,237841,910482,466817,11765270,ransom,
4544625,592260,1473873,697759,22554654,ransom,
6969790,792439,1588485,530733,38632782,ransom,
2772653,284786,1143324,454875,14954412,ransom,
1901735,257862,574170,288933,10382308,ransom,
3591741,474102,1478613,373822,16590795,ransom,
3897903,470921,1041745,380398,20953314,ransom,
1021893,131278,483278,269592,6141177,ransom,
4860803,637109,1522101,426479,23634884,ransom,
3117711,412718,955593,324915,17474407,ransom,
4975354,490715,1543084,828898,25181581,ransom,
4618356,521968,1069725,424439,28575576,ransom,
4268069,578335,1108113,323754,20004398,ransom,
3204320,339481,1175134,452558,16898095,ransom,
1792095,227528,623338,309808,10405204,ransom,
4457629,577443,1386495,392073,21535457,ransom,
3664284,454306,993354,391298,19191723,ransom,
489112,62523,222423,144138,3482554,ransom,
4229988,562307,1500072,630166,21538357,ransom,
4414739,550739,1145207,482243,21943888,ransom,
5152510,561012,1139802,404819,30628135,ransom,
4072662,543375,1255194,448579,20620765,ransom,
4191520,552893,884069,273324,21655701,ransom,
2573046,273529,1200758,540275,13583367,ransom,
2160303,284447,694477,368919,12271166,ransom,
4716889,609641,1484457,411575,21992283,ransom,
3375039,408530,1006013,383752,18716673,ransom,
817134,99067,448167,304954,4730983,ransom,
4649509,440027,1003889,579560,27202561,ransom,
1662653,197204,411351,213196,9386418,ransom,
4108481,532666,1368496,343107,19965623,ransom,
3722548,467865,916117,333034,19281827,ransom,
853017,95748,396744,225225,5722112,ransom,
4225271,550405,1382374,472277,20205887,ransom,
4004166,518838,907068,260818,21483116,ransom,
2272298,248830,1005735,443587,11570881,ransom,
3280905,451514,1170722,540654,18507057,ransom,
6514425,774204,1244903,454002,34183435,ransom,
4438074,435166,1469095,559038,25756236,ransom,
711644,86156,326338,191410,4102786,ransom,
1031061,112725,414910,252137,6196302,ransom,
2424232,335027,660499,248499,12911775,ransom,
4134123,570428,1012563,264307,19727322,ransom,
3098321,330386,1291109,542617,16970272,ransom,
1489229,205061,408445,208832,7898569,ransom,
5072915,668839,1831455,712440,24063751,ransom,
6501200,665410,1272072,412197,38617610,ransom,
1304872,168382,645459,354061,8596386,ransom,
4088488,521518,1513341,604777,20462957,ransom,
3164450,434696,963924,259795,15371025,ransom,
2540866,290909,1094578,313286,13557441,ransom,
4313888,579674,1445995,555403,21067313,ransom,
4371928,570514,987509,257321,21771464,ransom,
2700525,292242,1234569,588428,13752515,ransom,
2318405,271619,985809,543950,14227460,ransom,
7566994,818792,1633700,451970,41764788,ransom,
4132145,502210,1146644,468171,20937266,ransom,
420292,53297,266693,153597,3594038,ransom,
4409575,577605,1596281,667192,21904288,ransom,
3728572,528087,770749,219827,18989073,ransom,
2276656,237192,1118723,440610,14929027,ransom,
3534662,471175,1214131,511796,17126395,ransom,
4108657,563223,1064298,304535,22190888,ransom,
4654215,500214,1719579,855903,22699151,ransom,
4655726,452752,991228,463559,31181160,ransom,
3553598,501473,1084662,224448,16941090,ransom,
4326612,527318,1169869,470681,24146597,ransom,
789084,107128,443605,207202,4022930,ransom,
4693627,599470,1700528,640829,23735138,ransom,
3705969,495228,839418,265973,19089594,ransom,
1702404,186750,864509,339198,10511864,ransom,
3929824,518164,1472940,683107,22122928,ransom,
6615274,802661,1523519,641349,31098151,ransom,
5196985,508984,1618173,626936,31375856,ransom,
1965970,275912,607004,315726,10316261,ransom,
2486129,357617,1057167,193816,13493198,ransom,
4703681,581251,1249828,475985,23352325,ransom,
977097,121537,519545,275443,6036835,ransom,
4476384,598276,1469148,496743,21622511,ransom,
3625050,479143,796379,181532,18669500,ransom,
2766241,292503,1093145,635113,14261579,ransom,
4465399,403258,1079386,582581,27732845,ransom,
629442,74607,275211,153952,3429730,ransom,
4099799,537089,1292295,398101,19302219,ransom,
3488180,488785,731082,238823,17704094,ransom,
1691872,175919,831462,296141,10519612,ransom,
3889193,502005,1270400,522369,18621804,ransom,
3612011,508258,819424,156280,17195071,ransom,
2738558,286501,1271547,528360,16366425,ransom,
4065943,450303,1258198,743025,21527417,ransom,
5748329,656653,1305715,232174,33661257,ransom,
4651575,562592,1311892,529926,25172710,ransom,
1626663,195056,786029,400685,9657210,ransom,
4007511,541085,1286489,424219,19721695,ransom,
4060445,538492,965593,317805,21503066,ransom,
1721396,187002,1002328,296530,10047432,ransom,
3901522,513406,1388892,558549,19859012,ransom,
3979048,558206,818998,193327,19872233,ransom,
2591994,270436,1158374,483375,15555926,ransom,
2086780,255622,911894,477039,11694722,ransom,
6617951,736703,1552591,531968,34417590,ransom,
5623803,627825,1454951,579562,31048899,ransom,
670146,77745,306440,167455,4620261,ransom,
4491188,607701,1392372,402047,21956553,ransom,
3942022,479542,954482,298149,19427412,ransom,
1313280,164348,668492,364734,8183431,ransom,
4007224,521806,1347823,525290,19367906,ransom,
4355727,556294,1098288,223847,23427491,ransom,
3467776,357506,1244291,732897,16470941,ransom,
3524642,305092,814585,365840,24657373,ransom,
98984,16015,78796,49219,455546,ransom,
3907163,519660,1222178,457481,19444824,ransom,
4739639,606277,1214253,283325,24698290,ransom,
1449100,173824,674438,348458,7562810,ransom,
2490298,323196,856743,435101,13355800,ransom,
3803899,516566,1013434,161798,19332620,ransom,
3990260,474180,1290234,540183,20401943,ransom,
1052769,105694,501811,323278,5358680,ransom,
4695001,427540,920930,477391,30275423,ransom,
1873304,228609,567332,306214,8784359,ransom,
3076285,424571,913469,120493,15837562,ransom,
3375214,411198,813946,300713,15825276,ransom,
1867112,218805,812495,409480,10020257,ransom,
686447,76058,310932,171801,3510721,ransom,
848299,89280,335168,208715,3706316,ransom,
4323848,297686,671807,271718,19028219,ransom,
8963465,662744,869276,446279,43308154,ransom,
3875330,394705,429702,97380,20147632,ransom,
5859920,645378,99123,24176,26065740,ransom,
5517584,560325,609678,268883,26530809,ransom,
6402965,809868,1006870,322683,32927217,ransom,
7241666,936617,1340659,436747,35879609,ransom,
7804505,912736,1752988,669023,39765981,ransom,
5943762,684885,1032062,381578,32329239,ransom,
8498520,1045302,1897430,1015278,41288710,ransom,
8475938,1046147,1901862,457013,43034419,ransom,
9312271,1079998,2238741,929584,48648327,ransom,
4580771,415179,772476,455608,24129790,ransom,
4990969,628305,1335793,363338,27948332,ransom,
5837126,645645,1524098,466379,30020061,ransom,
976889,123862,498889,248060,5301479,ransom,
3514713,468848,1154044,511497,18189680,ransom,
4278934,567926,1209915,348595,19744789,ransom,
2797865,310138,1010857,366602,16708872,ransom,
2020995,250024,688001,360404,9852772,ransom,
4158434,587072,1500464,564953,20950445,ransom,
5261544,652575,997545,432974,27739923,ransom,
3753178,387249,1434884,566782,24492883,ransom,
4078678,560520,1224679,260351,19883295,ransom,
5009485,603058,1383046,565504,26918217,ransom,
392325,51189,216598,101144,2020443,ransom,
4078001,543436,1300940,517107,21056334,ransom,
4657233,606282,1210701,417102,21722659,ransom,
3920508,506752,1357172,427619,20467549,ransom,
4278756,579993,1299981,463198,21594705,ransom,
4184538,422454,1354788,666499,21005285,ransom,
5575962,612720,1185913,368322,33589908,ransom,
4663227,593507,1207495,306729,23699262,ransom,
1082599,133105,498528,251248,6002943,ransom,
2381884,295063,832051,434021,12122335,ransom,
3551125,502709,1033088,175882,17134543,ransom,
4164843,510787,1195700,511683,22511536,ransom,
1066748,117432,469351,248371,4836740,ransom,
5355562,684797,1843960,610919,27857453,ransom,
7749966,789859,1576062,670109,43837883,ransom,
858705,105167,350812,172328,5326120,ransom,
3374002,458226,1038517,446618,16604454,ransom,
3866196,518753,1095674,288651,19270924,ransom,
2892880,319526,1037450,364066,16575031,ransom,
2526859,326966,937135,477278,12306570,ransom,
3314522,458873,1054648,168377,16928279,ransom,
3688070,451498,961216,359071,18404840,ransom,
3752745,383407,1332485,825578,18043448,ransom,
7121685,805229,1729036,431545,41773279,ransom,
4977347,592216,1512501,635328,26737637,ransom,
35082,6226,35973,23234,176442,ransom,
3668523,493525,1215467,468494,19874622,ransom,
4377835,592125,1109566,311026,20566573,ransom,
1920727,199972,927342,377250,12048693,ransom,
4745618,519484,1094404,442083,22690696,ransom,
2880702,430686,1208964,231354,13846714,ransom,
4940767,640047,1488701,585980,26759398,ransom,
5483912,549623,1365006,728128,30175943,ransom,
4779133,631486,1478021,387399,27328251,ransom,
4745723,586731,1316935,541992,24539706,ransom,
711910,87630,383638,174960,3591244,ransom,
2795538,385939,1151465,428187,14017632,ransom,
3472565,448282,1688933,460209,17014183,ransom,
2997298,377141,964999,210370,15516058,ransom,
1802344,220485,725164,407380,10423130,ransom,
2392687,224121,832893,568409,11375467,ransom,
4670437,488529,985657,341689,29848299,ransom,
4828775,639476,1443324,469636,22016629,ransom,
2577528,286222,910958,343298,14663296,ransom,
2142992,259980,722728,373718,10737742,ransom,
3581373,486507,1149599,226319,17915970,ransom,
3870879,471011,998859,416209,20161394,ransom,
1074229,121071,480560,251618,4565353,ransom,
3877933,523159,1394988,548941,21055561,ransom,
5011355,616687,1261725,567626,24631565,ransom,
4888186,519975,1131999,343880,30687075,ransom,
3803330,507828,1242470,435289,19191862,ransom,
5214280,665282,1342535,467814,25531581,ransom,
1611030,175129,783955,320302,9297408,ransom,
2275718,282626,808026,437672,13119930,ransom,
3774272,516476,1162472,256580,18887113,ransom,
3816443,471637,991167,394988,20722489,ransom,
1432548,169427,665489,364953,7358237,ransom,
4764326,599506,1616081,669465,23437725,ransom,
6905413,766377,1418343,558789,37344146,ransom,
2265072,219943,925052,366999,14056995,ransom,
2854944,395013,955859,401169,14851505,ransom,
4951158,644339,1458524,472752,23007871,ransom,
2764370,309062,1035626,377629,15138712,ransom,
2040698,244841,824173,427767,12388015,ransom,
3862421,527690,1154200,222314,18140560,ransom,
4023376,498552,1064603,454271,22627079,ransom,
1400190,153785,652869,369826,7852214,ransom,
6255374,754770,1934173,748013,31018263,ransom,
6891609,736347,1493657,555176,40558582,ransom,
724901,78038,335761,183077,4180128,ransom,
3163188,431547,922332,348915,16106722,ransom,
5263952,689925,1317547,491643,24392593,ransom,
1859913,189239,876442,326688,12190890,ransom,
2257032,287734,697174,360814,11310543,ransom,
3653512,483509,1176208,272281,18336375,ransom,
3975510,493627,1323646,584839,22310786,ransom,
4568404,386749,862680,522631,25265989,ransom,
4304903,572839,1302141,391965,24119225,ransom,
4148422,513654,1011047,293536,20356311,ransom,
1607476,183530,718566,344341,8298006,ransom,
2755387,377388,855539,348980,13999003,ransom,
4819550,630481,1303650,385745,21984904,ransom,
2785311,311057,1183214,439876,17291928,ransom,
1363440,156349,685076,346516,7598896,ransom,
4976142,622748,1498733,643447,23213065,ransom,
6401197,677261,1080782,308457,39137886,ransom,
2508795,265194,1122003,484238,13227901,ransom,
3897971,529197,1251459,368908,20566016,ransom,
4230749,524749,1065140,311137,22284623,ransom,
1538239,183869,694133,353613,7829415,ransom,
3118518,428105,1011814,394263,16817829,ransom,
5211688,687532,1231349,407817,25107122,ransom,
1920719,197610,971058,345612,11352713,ransom,
3193421,368689,1224117,714851,17297278,ransom,
6452558,704612,1472866,331270,36545914,ransom,
2934088,417138,606664,224857,14525673,ransom,
2509880,285839,1078741,497510,12794959,ransom,
1272580,98588,906821,553296,7521248,ransom,
3952913,328509,1559060,1000853,19666040,ransom,
5380010,585602,1123729,592404,27189011,ransom,
3859468,440765,593378,272254,19715987,ransom,
951792,96650,585249,335375,4972409,ransom,
0,0,0,0,0,ransom,
