c4,c5,ff24,aa24,INST_RETIRED,type,
11636576,1002666,2458372,1586430,143972442,ransom,
9989541,933272,2383549,1487796,137830814,ransom,
13530500,1354199,2038789,1106897,166436005,ransom,
14604211,1638110,2314174,1202351,163488526,ransom,
14509874,1572789,2097350,1163806,171539338,ransom,
15400169,1510974,1971930,938146,181822800,ransom,
15217088,1821679,2545519,1388964,169639898,ransom,
13044630,1421135,2397633,1377574,157890076,ransom,
16658258,2186242,2173208,1058646,175477668,ransom,
16548094,1838109,2265676,973333,180112083,ransom,
14283943,1589062,2135369,1323448,169996995,ransom,
16477144,2070700,2115509,1176459,170878175,ransom,
17229393,2647119,2285730,1346255,176838785,ransom,
17596708,2233925,2457271,1362607,167979820,ransom,
19449662,2713290,3308565,1795214,142222605,ransom,
9772780,687347,1904836,1179182,162795946,ransom,
12230356,893358,1184963,733489,185079171,ransom,
13737686,1117906,2166469,1532179,158702684,ransom,
13493217,1212060,2690174,1768906,132950713,ransom,
15299048,1210256,2440129,1239501,171614344,ransom,
19044655,1771336,2221696,1169898,181053963,ransom,
15116817,1062090,1717460,1064045,182833429,ransom,
11362516,910571,2048313,1083665,175851054,ransom,
9930535,793035,2825766,1416877,152380466,ransom,
9417970,739236,2772554,1321016,146397166,ransom,
9923316,561150,1835150,1202054,170868240,ransom,
11182115,770072,2650857,1338325,166659626,ransom,
10503123,733738,2587672,1465802,161587944,ransom,
10469457,613222,2470533,1351777,165409992,ransom,
8709445,457092,2497165,1565254,150674915,ransom,
12198774,1107138,2804995,1687999,158131221,ransom,
10035216,907915,3302132,1890562,134084369,ransom,
9286742,612184,2546682,1375108,156372418,ransom,
11321623,864943,2193664,1150175,171615254,ransom,
12228714,708216,2199937,1005675,186340409,ransom,
8648721,457410,2994333,1872159,146506734,ransom,
9412342,488057,2649286,1660474,162407969,ransom,
8830290,566250,2267793,1291716,150738357,ransom,
10744099,893730,2386488,1305659,159318327,ransom,
10086610,778241,3244162,1583366,160723063,ransom,
11254515,773151,2288910,1098840,180264472,ransom,
8799091,475400,2704746,1353738,148663534,ransom,
9501894,652432,2573343,1587838,158488914,ransom,
11319277,1043236,3091414,1973776,133031794,ransom,
10084884,693279,2840573,1365806,156521023,ransom,
10705665,674694,2676471,1276615,179850199,ransom,
9247522,412097,2083819,1004569,169542491,ransom,
9679358,515922,2168429,1244059,178760182,ransom,
8613109,482947,2821458,1768868,149395781,ransom,
11205953,951690,1873906,898357,179220396,ransom,
11341548,953311,2500532,884812,176923276,ransom,
9426457,695372,2488238,1634409,148420813,ransom,
10320353,700001,3131487,1775750,148642425,ransom,
11113870,691392,2737666,1441936,160524346,ransom,
8806635,444046,2021380,1006503,162522396,ransom,
9768057,843110,2620387,1711852,145608428,ransom,
11195200,946648,2969949,1231358,164885229,ransom,
9329893,618403,2488118,1218959,157259498,ransom,
9432950,624791,2931141,1670492,138241749,ransom,
8685172,420281,2870416,1746024,153211208,ransom,
9896094,875087,2492086,1403496,154002543,ransom,
10185174,994715,2978310,1467272,134159638,ransom,
10896685,872642,3192645,1461392,144722484,ransom,
9436943,601170,3100534,1650015,141754933,ransom,
9737677,585851,2664014,1520601,161751496,ransom,
9103022,604734,2742453,1658047,142888552,ransom,
9434403,851261,2758713,1607660,136352591,ransom,
10929505,817970,2828830,1155934,169648760,ransom,
11252893,779945,2314202,1062041,174284595,ransom,
8885421,480776,2886144,1625095,149294735,ransom,
10489920,700745,2649762,1295006,166345923,ransom,
10088043,913855,3141229,1793643,116499060,ransom,
12551135,1375595,2996989,1412279,140218195,ransom,
12024122,1040068,2942438,899190,157339271,ransom,
9869176,784307,3208448,1610852,133577804,ransom,
8900158,503775,2693681,1302017,146965282,ransom,
9052341,530724,2683014,1284434,146734063,ransom,
14463780,1448427,2151157,1068253,169900457,ransom,
11835517,983253,2156564,1190966,165168943,ransom,
12112213,1098852,2184255,1240613,153660762,ransom,
7027256,269336,2527725,1764727,121074259,ransom,
9386864,328801,1578408,721291,187007752,ransom,
8696266,712147,2542853,1883203,120951152,ransom,
13229330,1215853,2361617,1492901,162435107,ransom,
11256923,987045,2889152,1786051,134012646,ransom,
11563956,1075061,2768634,1748152,144099149,ransom,
15105245,1671410,1785299,866007,181909633,ransom,
15278987,1649010,2196418,1065605,172742029,ransom,
16402801,1801515,2000535,1025676,176672812,ransom,
14948347,1609023,2454228,1463688,163964296,ransom,
15089827,1690460,2231353,1375486,153337630,ransom,
11538772,838319,1211787,655466,191752051,ransom,
12868560,1314811,1462721,882011,186676207,ransom,
18923969,2877860,1644306,838547,189739618,ransom,
17320096,2182468,2204617,1113841,176895245,ransom,
14619132,1670853,1912666,973116,177323024,ransom,
11746693,1107092,2589150,1780148,145688262,ransom,
7988941,448471,2411386,1771085,148218978,ransom,
9347082,618572,2180399,1570647,147987775,ransom,
11704456,728197,2018492,1243912,166804458,ransom,
19426023,1927540,2410755,1188640,181088361,ransom,
17711982,1698713,2385109,1329193,172047732,ransom,
16804742,1361693,2024702,1047054,177543039,ransom,
11724134,753962,2406205,1410324,169936367,ransom,
9392809,389201,1913524,1147802,181253830,ransom,
8351386,382442,2485572,1514386,153139870,ransom,
10265979,831058,2453651,1279800,153983602,ransom,
10476646,732697,2207772,1362886,164744060,ransom,
9300186,657405,3010113,1674811,147698178,ransom,
10144056,656469,2062432,1012589,179268858,ransom,
10313826,614277,2478968,1236729,164732846,ransom,
11275541,728034,2867769,1547399,171786204,ransom,
10412605,621985,2620929,1540876,161865108,ransom,
10067018,768511,2902541,1689236,138447731,ransom,
7907833,466954,2410870,1420803,119508535,ransom,
11038611,971072,2228125,1361126,121269965,ransom,
11311345,967661,3424985,1994409,138492613,ransom,
12460615,1081877,2868662,1164057,163237900,ransom,
12456248,1030994,2429675,881698,178470768,ransom,
11350333,771260,2462981,1218710,169819585,ransom,
9139937,445569,2657132,1562859,164670582,ransom,
10575940,694482,2770949,1492460,166756539,ransom,
8434956,491657,1976571,1144894,146154211,ransom,
7667559,777533,2670267,1399234,87933908,ransom,
10914179,1052206,3009194,1700911,143111303,ransom,
12420182,829442,2609066,1083327,184083920,ransom,
9060376,524078,2689555,1609244,156899943,ransom,
9974761,696350,2584611,1395080,163138157,ransom,
9144424,471926,2290872,1320379,168376014,ransom,
10362340,810164,2516617,1492585,163894042,ransom,
10132709,748518,2811625,1389620,163290254,ransom,
11345570,752576,2098660,983220,183551073,ransom,
7839757,512451,3179969,1936984,123355298,ransom,
10098856,695706,2523042,1406670,163140534,ransom,
12866702,1227521,2695489,1521756,157203391,ransom,
10963428,699787,2679885,1459401,165402526,ransom,
9786518,654153,2429807,1111289,165850384,ransom,
10640259,649421,1791433,991418,173591436,ransom,
3060756,96009,895945,602660,62826051,ransom,
8293564,279556,1747199,1174368,169840049,ransom,
7382522,178265,1566827,1115870,158653949,ransom,
6068893,202131,1750764,1110722,124852833,ransom,
7758016,387902,2555335,1665608,142000358,ransom,
9338947,683643,2613800,1629035,145058696,ransom,
9446816,465677,2137874,1270134,155480067,ransom,
11880141,927650,2595260,1452196,175664929,ransom,
9507380,593135,2757488,1481934,160989859,ransom,
10287068,896073,3150247,1794295,151038803,ransom,
9030941,440921,2471702,1253117,158401100,ransom,
9492482,442045,2324636,1320905,172434813,ransom,
9093023,550368,2752811,1577779,150782503,ransom,
9417538,550802,2166860,1093680,165151075,ransom,
8631144,462338,2775159,1724179,143697514,ransom,
9546958,669875,2532191,1606195,152715626,ransom,
13602970,1218121,2697325,1223832,177069982,ransom,
10696738,716437,2617261,1183339,170877890,ransom,
9384178,618220,2556027,1584071,145980576,ransom,
10592591,618077,2483476,1153481,179817056,ransom,
9366516,594985,2502390,1481232,144011074,ransom,
20739164,2817170,3080241,1499176,125126214,ransom,
23805868,3543667,2873951,1178198,156175462,ransom,
22266029,3535590,2118729,1034902,175752644,ransom,
20497051,3269502,2442245,1279455,161638211,ransom,
10394898,964435,2718814,2025225,132679384,ransom,
11639093,1085193,2660851,1727731,139131861,ransom,
14237690,1385984,1857332,999720,179175892,ransom,
18312481,2220503,2187949,991972,180925967,ransom,
17720738,2436503,2391552,1233382,173242452,ransom,
18248548,2372084,2375840,1151365,178898395,ransom,
13592865,1343862,1792026,944390,181222597,ransom,
10806150,645170,1705929,1216689,180530869,ransom,
14038481,1077448,1801273,1244995,182204218,ransom,
9606050,629770,2048671,1393767,163212094,ransom,
13472664,1020067,2315844,1357714,164600208,ransom,
15954469,1367101,2661718,1313819,174222660,ransom,
16399232,1448895,2429532,1389574,171215289,ransom,
16559859,1595191,2843010,1708390,152706685,ransom,
13834102,1189775,2161220,1381656,139753693,ransom,
10549720,810213,2369632,1647695,128928869,ransom,
11985877,801090,2094488,1004157,170079874,ransom,
11841767,726669,1867617,896775,179534718,ransom,
11141392,740626,2163640,1066447,176094864,ransom,
9386215,632659,2571233,1612414,146810147,ransom,
9750246,478894,2558005,1181678,172695425,ransom,
9979891,495924,2493208,1381084,174880360,ransom,
8793304,639679,3160408,1931749,126610135,ransom,
8705619,639725,3269915,1669496,121124418,ransom,
12030501,972625,2843562,1026822,168084649,ransom,
13964831,985561,2282883,970306,170654740,ransom,
14094858,875756,1918512,837060,176861369,ransom,
15582497,1316133,2963883,1160837,176695998,ransom,
14370445,876141,2373025,853797,182717973,ransom,
14233522,1116074,3003165,1619588,156180052,ransom,
15188329,1241501,2798740,1423820,157667628,ransom,
12259119,1134743,2610559,1514226,146261777,ransom,
14404962,1195156,2967126,1471040,159935748,ransom,
13572511,1148234,3213932,1668254,137410230,ransom,
15929643,1289880,2478568,1332874,155391262,ransom,
17984185,1394820,2784974,1399362,174765500,ransom,
15828009,1101156,2768686,1614359,174147404,ransom,
16550468,1364871,2125399,1047533,181012682,ransom,
15330064,1193272,2866531,1390083,160258406,ransom,
16474098,1263896,2676672,1352825,177297040,ransom,
16799792,1347297,3211373,1797361,141897846,ransom,
15731834,1315600,3343156,1867344,139363195,ransom,
13001199,1129023,2645961,1727244,104520407,ransom,
15856928,1383114,2990492,1914042,124317032,ransom,
18915751,1585380,2741915,1160022,165372785,ransom,
18338611,1579255,1973981,730867,198588621,ransom,
14557593,944436,2608243,1246780,177766774,ransom,
14442288,1032283,2056691,1076077,188317494,ransom,
16171602,1265590,2314959,1141661,189809918,ransom,
12351163,883538,2108918,1193209,159349377,ransom,
14803817,1264877,2468730,1496016,163733494,ransom,
14261023,1132129,3019567,1622764,156348506,ransom,
9815389,784644,3000281,1503453,143295073,ransom,
11667306,828488,2401646,1415795,157980394,ransom,
10880254,659932,2566798,1398382,168394237,ransom,
10193684,564181,2297401,1194408,175946671,ransom,
13576482,998563,1342912,662143,181627330,ransom,
12690163,710319,1991472,1054916,187179520,ransom,
11544945,887112,2088839,1170297,182279034,ransom,
10234764,721658,2822232,1456495,164990450,ransom,
10538545,843256,2543781,1378010,159367688,ransom,
7305673,512096,2701319,1388611,90836515,ransom,
9607167,933082,2551837,1266487,77421318,ransom,
11642894,916284,2215618,1155125,163477093,ransom,
13840273,1552970,2718841,1327169,120852850,ransom,
10685881,972734,2497455,1088145,149571844,ransom,
8893742,646818,3074912,1737430,128651059,ransom,
10119851,651555,2616604,1315203,156171916,ransom,
10923703,805312,2794185,1299060,161167788,ransom,
9279545,738949,2642122,1446795,121988544,ransom,
10092010,675882,2128340,1285021,149280972,ransom,
14981080,1242744,3314120,1721505,151562269,ransom,
18429336,1658606,3674914,2011458,147783196,ransom,
15860238,1277984,2592180,954509,183850905,ransom,
12420707,825247,2929734,1380266,173036044,ransom,
12083544,960188,2807031,1400155,167851871,ransom,
14193579,1121772,2022051,948237,177799570,ransom,
14461098,1058165,2258938,1315359,166732892,ransom,
10878684,553423,1902883,974097,183592432,ransom,
9943500,958159,2889611,1797708,135180090,ransom,
12668988,1049723,2476327,978402,184131669,ransom,
11856396,770108,1676052,805471,187557017,ransom,
9449628,551633,3223440,1642887,154046602,ransom,
11266428,813185,2226176,1167573,179336376,ransom,
10959344,1164005,2991493,1598556,93696721,ransom,
10642713,1127481,2577726,919515,99854711,ransom,
13472360,1140489,2728780,1280933,176447078,ransom,
13371781,1020498,2781113,1199734,165082902,ransom,
12606105,1128254,3039848,1832385,137771683,ransom,
17328450,1816696,2397708,1242501,175948017,ransom,
18990730,2203957,3222171,1665300,154564473,ransom,
15438236,1971747,2330898,1315215,152190916,ransom,
16621516,1931597,1945278,839296,170580526,ransom,
14793314,1656532,2748717,1406969,148761907,ransom,
14460533,1492410,1653858,863974,187054365,ransom,
14401536,1498515,1953560,1128808,176095888,ransom,
12770100,1324050,2053180,1287163,160517309,ransom,
13223964,1707571,2330000,1491885,153477632,ransom,
14925939,1818282,1763400,1134820,179883043,ransom,
15405348,1481392,1788634,976029,191970789,ransom,
16948584,2052046,2514149,1262786,167874437,ransom,
16681513,1955697,1824402,832973,179652503,ransom,
12960154,1599896,2942705,1930689,128991610,ransom,
16820503,2108230,2108595,1293625,174723146,ransom,
9291381,560988,1807353,1121497,175094919,ransom,
11676689,695837,1259649,734645,192247257,ransom,
12209593,707133,1291827,912437,188511354,ransom,
12300429,903510,1963517,1282718,178817155,ransom,
14082881,1271360,3028792,1613742,155265978,ransom,
16783251,1547969,2052826,1022292,182829712,ransom,
15262522,1276953,2808931,1522796,166604314,ransom,
20158093,1912788,1846592,1096297,183351864,ransom,
18743146,1610052,2393735,1539047,166601832,ransom,
11103651,775018,2412157,1470947,143210654,ransom,
11446552,1075901,3226500,1865111,138328261,ransom,
13260086,1013601,2549145,1312538,169356074,ransom,
10144769,529117,2244273,1267098,162377796,ransom,
8987985,423751,2415249,1429448,158515817,ransom,
11621357,705398,1470618,797480,182194616,ransom,
14231730,1268030,2146867,1120790,176611423,ransom,
13039214,1086962,2960705,1259216,171178634,ransom,
14317300,1207632,2152147,1030616,179806993,ransom,
10385042,717878,3523309,2121196,139677083,ransom,
10928745,852190,2982042,1722829,143258526,ransom,
14409778,1243946,2803023,1523769,149009364,ransom,
16031176,1445663,2562976,1481751,159138895,ransom,
11032114,758896,2781852,1589708,150706085,ransom,
11455089,1126742,2415687,1238973,143562959,ransom,
9138814,638079,2686409,1378045,149905461,ransom,
9550984,723748,2380348,1384366,147565171,ransom,
10603204,763129,2971136,1602711,141352345,ransom,
11213313,697124,2679212,1375991,171389275,ransom,
10698879,792580,2962365,1685612,145387548,ransom,
11999787,1042400,2194946,1191375,155553025,ransom,
12082862,898965,1790516,1057473,179713498,ransom,
12299786,953864,1952393,1189268,173464401,ransom,
14637744,1361844,2151725,1201784,177845418,ransom,
13610595,1264417,2067951,1301401,159278116,ransom,
12671629,1205465,2297975,1445310,160308688,ransom,
11237294,845403,2129410,1304447,172877814,ransom,
11722900,916852,2145854,1264388,177440498,ransom,
10864926,800630,2326602,1330932,175862896,ransom,
10166302,713477,2908879,1317272,164865933,ransom,
10370745,729584,2208665,1141849,165224890,ransom,
8023695,332252,2187713,1364338,154590792,ransom,
9565671,606687,2276441,1497109,151692601,ransom,
11657274,667663,2348663,1230529,175913887,ransom,
12440689,878895,1980993,1211192,168887814,ransom,
11217812,783263,2503536,1205285,158976384,ransom,
10285709,706072,2396506,1276253,157573645,ransom,
9820037,826716,3326775,2020373,129866147,ransom,
11528241,845789,3001842,1740862,155789043,ransom,
10609091,602079,2148550,1276561,170634642,ransom,
12719338,1126695,2488015,1257323,168523366,ransom,
12513679,953728,2599519,1241180,173560546,ransom,
12363712,933962,2333762,1045110,174245616,ransom,
11564566,855056,2514634,961921,159141963,ransom,
11374696,883008,3229917,1836765,134577170,ransom,
11294097,904331,3151355,1756526,142608434,ransom,
13193503,1082770,3065324,1632300,160459533,ransom,
14224744,1414428,2779016,1635663,156505987,ransom,
12967014,1180416,3395891,1643700,146451931,ransom,
14384553,1212220,3361008,1630420,154954928,ransom,
10615402,647296,2252643,822160,174400313,ransom,
7678377,362642,2793283,1853279,135971168,ransom,
11234597,783401,2153161,1327523,152435691,ransom,
13633555,992196,2566156,1451670,151385110,ransom,
9936053,542805,2241453,1140442,165276375,ransom,
10089421,715179,2877682,1604564,149581951,ransom,
12450657,890606,2783583,1515247,159889048,ransom,
13574504,1397578,3051203,1658218,147452268,ransom,
13652936,1238781,3264766,1341593,157807521,ransom,
13562871,1346466,2574979,1281528,132925745,ransom,
11048374,878756,2985394,1483940,134478552,ransom,
12533088,989670,2835664,1597844,153053658,ransom,
11208149,954512,3044502,1823069,140881792,ransom,
12284743,1172420,2746104,1686373,142112561,ransom,
12779118,1074397,3094586,1447230,156220108,ransom,
12907292,936431,2590362,864026,182100407,ransom,
9816466,624735,2182166,1143041,160912028,ransom,
8491074,355530,2652832,1561196,149415908,ransom,
8191684,475777,2706932,1667736,131952180,ransom,
8924846,743716,3134925,1973543,85757801,ransom,
7081742,691029,2126269,1217720,56574358,ransom,
7908679,1165081,1708286,456953,41358121,ransom,
5304429,671698,1824111,743030,27163247,ransom,
9082495,1002791,2663086,1340062,70538511,ransom,
13459584,891640,1936523,775643,189741016,ransom,
12494210,1013870,1489484,413433,185036297,ransom,
11920674,828831,1848355,700760,181521678,ransom,
10779151,702179,1795258,523553,186419900,ransom,
9260609,534374,2483801,1262198,150650032,ransom,
6972116,471500,2920454,1965447,97179117,ransom,
5591262,787922,1704403,853757,26612675,ransom,
7366515,929960,2050404,595397,50643679,ransom,
6502625,766132,2134671,974409,33007044,ransom,
8436237,960510,1994508,940748,47643302,ransom,
7306406,1058418,1749959,457215,34868012,ransom,
5659150,704845,1667526,651464,29165710,ransom,
13653891,1574776,2517230,544300,68085937,ransom,
17126984,1412730,1910473,777417,88342808,ransom,
10820623,658147,1182678,797339,71551162,ransom,
15549776,1212244,1942286,912231,178037574,ransom,
16012751,1492977,2519256,1015141,132743415,ransom,
17510882,1672471,2353493,981868,79987678,ransom,
16658800,1615075,2144000,1052770,107916647,ransom,
12381615,1288140,2525024,781182,89354560,ransom,
7556613,669694,2266116,1160765,92832133,ransom,
11109239,706528,1960510,723351,173706282,ransom,
11992485,875375,2611401,1670507,145293562,ransom,
11702006,654763,1771434,854926,172125886,ransom,
9126810,628570,2452117,1521182,135562021,ransom,
8695168,542282,2709136,1919594,135925401,ransom,
9602814,547476,1937488,1070999,161236403,ransom,
10898876,837457,2254007,1388838,159422594,ransom,
11133726,962592,2939680,1455386,153045532,ransom,
12818362,1232140,3235818,1492133,143522279,ransom,
13988009,1009305,2924659,1343870,165379882,ransom,
11514358,799859,2409601,1129962,166521209,ransom,
11399073,778220,2161632,1267618,170712139,ransom,
11101272,914757,2712775,1451770,145545235,ransom,
11209173,958932,2939368,1204999,143903812,ransom,
11003563,885019,2305514,1097416,145024002,ransom,
9907750,682909,2674666,1127862,136200327,ransom,
9058955,568973,2770050,1578967,130658810,ransom,
11006410,842387,2520747,1343135,143113989,ransom,
10196500,620226,2217658,1239043,149273559,ransom,
12032455,1039614,2680141,1372469,145818677,ransom,
7776974,938007,1978013,654496,47395592,ransom,
8761195,779954,3863841,1989842,93978846,ransom,
12548318,954734,2260419,1490995,148189543,ransom,
11558357,657322,1662983,588752,173075892,ransom,
11939649,942932,1881333,622623,191238321,ransom,
9795107,621521,2494636,1325748,165186567,ransom,
10654363,659671,1970607,842397,175338066,ransom,
8681334,440177,1937063,1453094,143295519,ransom,
12094159,840009,2891702,1702865,139653726,ransom,
9619883,709800,2973254,1749023,123577590,ransom,
13130670,1290483,2904249,1472559,146101731,ransom,
13056964,1223946,3451787,1435682,150594190,ransom,
14423774,1253295,2351550,868798,170205045,ransom,
12933611,910282,2187160,885377,177731360,ransom,
11929128,848010,2394157,1190672,173290562,ransom,
13791181,1218932,2074286,734702,176549443,ransom,
10834859,949760,3736921,2021889,127826170,ransom,
9930746,793960,2568195,1843826,105688972,ransom,
11055652,735158,2619619,1318023,145019299,ransom,
7616607,514195,3120025,1941508,110861591,ransom,
9618427,611349,2624583,1504440,145590336,ransom,
10150153,865833,2291345,1234939,155471451,ransom,
10113940,718951,2736665,1235068,162418569,ransom,
10131840,669390,2112247,1190824,163939389,ransom,
9550629,612416,2706804,1506226,155257853,ransom,
10631005,634735,2574443,1296028,170832601,ransom,
14184502,1070903,1833691,1116247,183196466,ransom,
11121597,619564,1824284,820984,177418901,ransom,
10694409,858908,1594388,573250,175224820,ransom,
10785718,864899,2613480,1181970,172029789,ransom,
11744019,930502,2340200,1454607,163030319,ransom,
9053343,439929,3091805,1811968,139103012,ransom,
8725749,488865,2667899,1658420,140838270,ransom,
9860134,733470,3175922,2101907,119043358,ransom,
12439245,891885,2709488,1537924,165220526,ransom,
13064478,1060551,2807732,1682166,161907166,ransom,
15023523,1383172,2879857,1181307,180709382,ransom,
14726125,1298047,2761810,1248238,177502487,ransom,
13023376,907333,2828387,1252166,171077674,ransom,
12057542,895262,3031906,1750106,155012297,ransom,
9651853,817125,2565470,1520996,139450102,ransom,
12136302,1194054,3273949,1592531,159494923,ransom,
11163757,824109,2981434,1668534,148019963,ransom,
10816876,607991,2009490,959570,181360597,ransom,
10899599,775563,1978814,1142703,142388697,ransom,
7506784,545841,1970823,1210276,119861602,ransom,
9267807,799930,3286318,1926743,128513029,ransom,
8299917,507814,2760288,1701880,146482954,ransom,
10986530,794124,2263682,1164410,171897324,ransom,
10910669,648171,1963797,785029,180577388,ransom,
12492286,1081581,2686658,1518865,156022011,ransom,
13630399,1068556,2612106,1491324,160486839,ransom,
15310977,1333796,2322801,1013230,181484103,ransom,
10622558,688539,2625869,1479370,158061437,ransom,
10231616,725094,2468965,1182782,163402160,ransom,
8988127,496225,2359792,1356608,155238814,ransom,
8420611,648441,3090722,1926662,118788478,ransom,
10689794,809481,2483924,1454944,168304042,ransom,
10466262,873292,2915232,1200594,154773460,ransom,
10796945,740818,2124226,1083301,173196597,ransom,
9822973,564826,2643561,1390670,158322976,ransom,
11024716,935139,2761169,1768134,150436724,ransom,
10824915,872192,3282622,1567123,146844285,ransom,
9372231,743367,2878375,1718028,133840751,ransom,
9065293,391952,2455501,1186203,165392996,ransom,
9446246,526177,2515165,1386927,162945834,ransom,
9673420,723739,2536199,1619180,152956144,ransom,
11254750,889457,2488235,932270,178494207,ransom,
10877497,731501,2400475,1295183,173777330,ransom,
8384440,502285,3077234,1585782,130136076,ransom,
10905497,988301,3553951,1698052,134001892,ransom,
15872078,1430131,3297021,1543176,151474013,ransom,
16323578,1329733,2314927,902209,180858618,ransom,
14255842,877595,2399314,1033985,184619090,ransom,
11913521,880979,2515041,1312936,168113649,ransom,
14828513,1299191,2895658,1168642,176708078,ransom,
13322251,1078858,2954692,1527363,140990009,ransom,
14002404,1099572,2322773,1521448,152224974,ransom,
13469040,874454,1801388,691115,187490817,ransom,
12710096,1056568,2208918,1181564,171868505,ransom,
8901733,592441,3418617,2187696,124983242,ransom,
13922801,1608555,3081483,1879040,117067113,ransom,
15626765,1584289,2266854,1089111,168511194,ransom,
7504023,184879,952521,521079,171921676,ransom,
8041173,250526,2081296,1492067,164483663,ransom,
8572426,213066,1345611,902899,183752095,ransom,
10228798,745973,1965722,1280510,144044256,ransom,
15458746,1706133,2011080,1034201,172387892,ransom,
21666827,2622116,2394815,1133104,177947575,ransom,
15136594,1719667,2525219,1454020,126562592,ransom,
20640850,2740128,2481940,1298108,162915975,ransom,
15976874,1801460,2532792,1535983,162062722,ransom,
17827883,2115855,1942578,984555,181692229,ransom,
8918949,220617,1431801,935269,187273701,ransom,
7559672,160858,1121447,822990,163097574,ransom,
9484614,1007025,1400800,846695,128923733,ransom,
22086809,3626253,2917443,1364098,160243233,ransom,
17056487,2021798,2619299,1365662,151473396,ransom,
14600023,1650821,2179906,1162830,159277813,ransom,
8738697,524734,2268096,1603144,151163052,ransom,
9758880,784166,2751798,1741995,137682394,ransom,
9372440,563509,1301159,907336,174166513,ransom,
10906644,829428,2346548,1630876,154794553,ransom,
9195244,414511,1706848,1080693,169157819,ransom,
15832657,1278371,2279799,1486269,162558058,ransom,
17153939,1452202,2010090,1112826,187307066,ransom,
15232777,1164252,1713837,1026046,190409807,ransom,
16720684,1355047,1971893,1017513,190330832,ransom,
18971768,1691093,1980315,925596,196134671,ransom,
12367324,735813,1718077,914473,191839740,ransom,
12649565,895055,2605019,1405866,171334160,ransom,
14380268,1204375,2281540,1198416,184034227,ransom,
11827063,1015524,3357731,1795616,143797355,ransom,
12103345,1101336,3636828,1721337,146341412,ransom,
12383207,911003,2325868,1526110,168641564,ransom,
12110734,915279,2333011,1386831,160672939,ransom,
12100648,1139590,2898018,1574165,121630180,ransom,
13305709,882872,2595246,1123041,182799173,ransom,
9914546,636625,2647296,1458063,146241913,ransom,
9914749,495425,2123942,1056496,181517747,ransom,
9348855,695879,2839867,1947416,129875570,ransom,
10290470,873493,2210138,1114403,153549831,ransom,
8227529,579114,2779102,1556913,134581182,ransom,
12841699,1226960,3112778,1532464,152054537,ransom,
11657988,899323,2575515,1441573,154285621,ransom,
9079822,511049,2966737,1463948,148584274,ransom,
9738049,570042,2660171,1443044,158080377,ransom,
9548432,608130,2604789,1619137,151812929,ransom,
9222974,711920,2364480,1515821,141822129,ransom,
10258996,802232,2978698,1459333,156569728,ransom,
9684056,664781,2738122,1386228,158234160,ransom,
10474989,617859,2173391,994984,169986943,ransom,
10725393,812163,2328382,1342087,162480326,ransom,
11043373,763608,3253006,1973617,139845260,ransom,
10228086,718982,2615127,1450738,156388050,ransom,
9129815,754128,2735905,1672227,147844672,ransom,
11140754,833392,2819972,1236282,170812405,ransom,
11742564,820458,1941577,875892,193964951,ransom,
9358392,415386,2484802,1209513,166538805,ransom,
6751512,502022,3086806,2043673,87512066,ransom,
6011224,880967,1655603,765778,29542091,ransom,
6665839,858115,2274373,896315,34380502,ransom,
10704991,985192,2276700,858849,95766404,ransom,
4745158,485784,2148893,1317781,47750290,ransom,
6873110,862576,2498368,1399974,48922372,ransom,
6340892,888538,1645680,359632,32396696,ransom,
6594379,780834,1991152,790611,44407926,ransom,
6296084,872224,2018560,512069,38674552,ransom,
5269874,647241,1764994,629308,28654780,ransom,
7460310,1058107,2074497,554472,40744348,ransom,
8015889,864043,1637346,676089,41621654,ransom,
7203485,782880,2022913,756232,40695709,ransom,
6531701,885305,973221,419063,34573820,ransom,
5404295,741462,333908,146930,29156493,ransom,
4779853,680311,474468,248480,29845376,ransom,
2084103,327805,772454,310464,36388200,ransom,
5185471,792004,1284665,465585,31674531,ransom,
6184844,858776,1384011,273648,30012020,ransom,
3442992,297894,1318519,580318,35102276,ransom,
7342002,544830,1350608,783344,93596867,ransom,
8503158,208384,571244,241032,177678191,ransom,
11269449,818340,1904587,764395,177402543,ransom,
10785774,700276,2707427,1159771,171756829,ransom,
11003477,600228,1643302,660243,191551895,ransom,
13662747,1302360,3004912,1825453,138130862,ransom,
26194129,3941040,3386135,1302137,143634330,ransom,
29478671,4989197,2889160,1159132,159577613,ransom,
29564282,4822498,3036257,1195238,158806421,ransom,
27062996,4283744,3192260,1251707,146828730,ransom,
15495055,2312533,1913481,1027414,80758892,ransom,
10648332,787941,1512825,794920,119474925,ransom,
22822709,2580639,2114404,796607,118135669,ransom,
22771635,2522898,2404377,1018184,119810084,ransom,
14312794,1214816,2585712,1212722,162737698,ransom,
10207961,850059,2367535,1220104,149603739,ransom,
9402915,477798,2764354,1269426,161742381,ransom,
7998574,718355,1627839,894096,96976254,ransom,
7183466,1010512,1595071,385224,34095634,ransom,
4793566,344544,2263656,1242850,64496941,ransom,
7768030,436219,2468333,1630660,136284499,ransom,
11419003,975664,2407038,1358181,160376307,ransom,
11641634,691289,1781598,736588,178497857,ransom,
10935048,798779,2220432,1080909,172612177,ransom,
9266136,370791,2553046,1383763,169424805,ransom,
9428084,551814,2467935,1402566,158192116,ransom,
8068361,304201,2164998,1524179,160805637,ransom,
9762276,723024,2358492,1383294,158320877,ransom,
9592917,705795,2971727,1502998,147289240,ransom,
11015925,804147,2169508,1077350,175731329,ransom,
7123412,410822,3345794,2223755,112751259,ransom,
9489637,700554,2868843,1842137,117997910,ransom,
9538426,1173166,2452813,843426,63842636,ransom,
4148545,486653,1059790,370308,20225994,ransom,
757339,56912,327570,229246,8237829,ransom,
475435,55112,179173,107571,1917388,ransom,
427192,44695,165003,99891,1690511,ransom,
643598,23283,100418,74852,18438146,ransom,
2380182,143981,598887,401782,51295511,ransom,
7008831,840265,2427156,1503674,68942023,ransom,
7401668,1015224,2097663,675716,38493390,ransom,
10879353,723456,2071043,777758,167689650,ransom,
13585895,987495,1928408,838527,200420037,ransom,
11554806,843124,2546546,813847,183104375,ransom,
10038549,628073,2265479,1236712,156802522,ransom,
8989673,329002,2042332,1044439,173903595,ransom,
6156902,147345,1103954,853534,126556848,ransom,
1584314,36919,562318,484674,25339857,ransom,
3241790,115810,613350,418332,65355014,ransom,
1739888,80000,393070,274118,31630152,ransom,
3408698,340182,1105773,751013,25279437,ransom,
10299557,1224973,1886756,481258,77481338,ransom,
5358324,670711,1444581,482114,27445845,ransom,
5598778,803801,1516639,713020,28802275,ransom,
7044905,743598,2662706,1223673,73414733,ransom,
10955814,695174,2310631,1009466,175084903,ransom,
7406202,500967,2143087,1168326,110027011,ransom,
6808575,1053987,1546792,327777,32659766,ransom,
6549124,900527,1394783,520691,32706235,ransom,
8552136,1028879,2575477,889527,43134785,ransom,
6259952,679943,1629899,509619,35559697,ransom,
504291,58161,226292,127220,2084610,ransom,
175006,15564,61010,36774,1020458,ransom,
848893,90547,323958,192976,3345571,ransom,
6184472,271995,1893236,1304875,124557541,ransom,
10884158,751578,1503885,768210,187395803,ransom,
8479984,851401,2340540,930389,96639188,ransom,
6089047,796526,1649182,634617,32045084,ransom,
9756709,1153295,2398232,819221,66611064,ransom,
7369158,845528,1838844,658541,44805971,ransom,
6205750,868423,1711520,547068,42325162,ransom,
5782955,691973,1287098,384246,63779455,ransom,
1415023,116799,610806,132637,9126623,ransom,
1079303,69259,791025,672543,9529076,ransom,
7001271,270011,2058463,1451860,131385567,ransom,
11156530,766426,2401777,1265443,168023227,ransom,
8114946,556652,2053096,920258,132251405,ransom,
6959314,750990,2127430,1329655,65662681,ransom,
9650982,1097915,2297865,819495,56605658,ransom,
6288531,882942,1355883,264089,30540294,ransom,
2488037,255456,1111268,508856,15632919,ransom,
694074,77241,330236,161341,3697600,ransom,
7191858,1107243,1511274,279404,34245963,ransom,
6671369,568126,2318654,1366496,84861367,ransom,
1518611,137932,677786,419810,14718304,ransom,
1932415,203130,1152585,731800,14054693,ransom,
4928514,442998,911288,517285,27635746,ransom,
8870244,1030103,1713179,482674,90791276,ransom,
11163317,818701,2413363,1046703,163306527,ransom,
9251902,436592,2387566,1240504,164271129,ransom,
10704576,723673,1889200,1010743,175770393,ransom,
10599206,733837,2564772,1113088,174184463,ransom,
9773606,582044,1823170,598319,169719419,ransom,
7436462,549504,2078932,1324656,92456647,ransom,
4305113,337046,605758,292424,26306723,ransom,
620559,57870,196332,116212,7476551,ransom,
2294585,99671,506518,333969,40325247,ransom,
2635149,79607,1060986,855346,59765641,ransom,
9573880,428197,1853886,953981,180153317,ransom,
9327312,520797,2579952,1570009,156381818,ransom,
9170679,802337,2221953,1181013,120207618,ransom,
8971015,908330,2401061,872258,105284032,ransom,
8877862,758567,2474288,1321754,108477898,ransom,
10458468,1202157,2194256,882315,80949561,ransom,
10154499,866912,2288770,967743,132829994,ransom,
1884936,94878,665838,206433,27727474,ransom,
1786556,119559,588771,374218,25507037,ransom,
2831106,60599,340936,245048,62275283,ransom,
625662,23692,180266,133492,12578777,ransom,
1963321,132386,513757,317215,29876305,ransom,
472917,16098,122344,89091,13266313,ransom,
2678150,238609,693236,500312,19007686,ransom,
5268708,270986,1876497,1426371,85627046,ransom,
8631440,452991,2366839,1447719,142714342,ransom,
12413939,1095129,2522235,1133296,181985870,ransom,
11398744,823157,2451697,923241,185335251,ransom,
10056298,484674,1828544,824835,177714831,ransom,
5778650,438449,2270732,1311120,70035848,ransom,
4249421,621329,1218899,571434,23800373,ransom,
7073413,933535,2144871,699121,43171081,ransom,
3618353,399828,1264714,470800,24382422,ransom,
722343,72344,523332,308313,4433226,ransom,
5746779,411018,1040882,620203,47278923,ransom,
8156108,189277,1246037,814467,178186145,ransom,
6823161,302047,2683239,2022783,134104625,ransom,
10853927,727950,2182604,1177813,180963688,ransom,
10427186,643535,1793454,781397,186062094,ransom,
9657191,575109,2595218,1337333,163315980,ransom,
11085970,720428,2067144,874274,178946217,ransom,
6943783,530837,2205419,1201604,95724430,ransom,
8371282,1022375,2073624,718990,82603264,ransom,
7132137,842299,2131081,965251,45554592,ransom,
9605442,852028,2263774,1108685,96568308,ransom,
7684370,1025682,1877859,582326,62450533,ransom,
6413068,572387,1622272,1013863,88408327,ransom,
8457332,255187,1496891,920853,173905782,ransom,
7579106,260405,2110683,1421627,153851354,ransom,
7357122,366103,2928584,1865468,133370354,ransom,
9868947,503204,2398479,1345028,169213620,ransom,
9543678,456845,1838690,909036,177894960,ransom,
10600754,853574,2438397,1356632,157543531,ransom,
10149488,867415,2993270,1557940,135093151,ransom,
12304426,921370,2640606,1117911,162654645,ransom,
7974477,341858,2489595,1411332,149198169,ransom,
9790375,546352,2455405,1182837,163695757,ransom,
8632101,701941,2442081,1528384,130058327,ransom,
8703461,710135,3037472,1469575,120730160,ransom,
7365131,674740,3388100,1934663,95801532,ransom,
10627128,726991,1960619,629586,163206178,ransom,
8806419,408148,1554033,802850,166753310,ransom,
7473198,342348,2458929,1638974,140117159,ransom,
12135390,1081689,2271384,1263132,166036877,ransom,
12010993,768134,2533741,862380,179780972,ransom,
9639992,600326,2767996,1539577,165370972,ransom,
10490179,632680,2360837,1282192,166597736,ransom,
8651807,410977,2760216,1726295,162538327,ransom,
8774907,496158,2469400,1424903,153948158,ransom,
8153216,401687,2545028,1531801,150975750,ransom,
8989985,705654,2973894,1925770,130978555,ransom,
9910841,675048,2208012,964216,169532421,ransom,
10714293,915751,2878722,1457690,156786856,ransom,
10961836,765154,2811555,1480028,154715650,ransom,
9144367,475925,2698487,1667032,151698732,ransom,
10735421,624363,2335859,1081737,183586527,ransom,
11027601,896212,2275540,1109339,167854218,ransom,
10379376,735099,2382750,965126,176327351,ransom,
11214255,786953,1907162,742988,179383689,ransom,
9302883,461845,2771131,1416022,161845518,ransom,
9406990,683922,2573439,1772083,135412591,ransom,
8201168,996727,2383444,1085039,61147356,ransom,
10069572,753711,2762305,1331829,133092087,ransom,
7746522,513924,1729430,912409,103361660,ransom,
7918076,1049716,1913827,668450,52909104,ransom,
6406524,503913,1055985,638712,94212754,ransom,
3515796,219013,936643,596594,51003232,ransom,
5940651,174031,1466147,1059044,127754814,ransom,
8750104,319600,2409081,1389965,171325899,ransom,
8344422,417105,2688578,1707903,148518244,ransom,
7630117,425806,2959338,1940915,127817308,ransom,
10636629,784244,2144503,1154627,163227481,ransom,
9810422,920514,3119674,1686016,134253106,ransom,
11874462,896880,2287670,1098497,157554094,ransom,
9406389,559166,2696165,1132524,150578559,ransom,
11038058,872427,2103848,1077057,177217310,ransom,
10542846,748469,2312718,752339,176415644,ransom,
10601993,714618,2496268,1532774,174675631,ransom,
8312799,234244,1806002,1103146,169876621,ransom,
7207764,254052,2391981,1838328,141060379,ransom,
8800903,417272,2733714,1587269,156438413,ransom,
5346396,341632,2540849,1790763,80397206,ransom,
7741272,889786,2635329,1498066,43686357,ransom,
8389913,969982,2160509,1117359,61975932,ransom,
9963355,865488,2838137,1209463,136835135,ransom,
11107931,695102,1799519,674678,188698410,ransom,
9670324,440242,2397482,1336112,174051196,ransom,
11780994,1010675,2408759,1054320,175374032,ransom,
11098530,814324,2297975,637751,186420177,ransom,
9741913,723926,2733748,1535308,144755047,ransom,
8260530,255792,1833117,930819,168972282,ransom,
6922275,236382,2034799,1587078,139892375,ransom,
10421062,754651,2613520,1619179,149755764,ransom,
10361309,738729,2251378,1474353,163920851,ransom,
9591503,750536,2981990,1395158,137169588,ransom,
8530377,489911,2503416,1446980,151266040,ransom,
10795974,627089,1577776,781506,185615784,ransom,
9124053,393887,2290286,1138765,170651942,ransom,
9239621,521562,2665043,1727858,160112275,ransom,
10075643,632223,2075635,1094888,170041081,ransom,
10994679,862718,3034681,1193794,158328585,ransom,
10285166,858501,2611713,1514828,139588966,ransom,
9037330,544630,3058354,1946468,133999703,ransom,
9706915,585865,2566770,1654238,143889039,ransom,
9366880,556753,2645953,1450619,140699935,ransom,
9633596,543257,2346798,1328756,163550377,ransom,
10388510,861973,2176851,1032156,163963279,ransom,
10552321,734452,2514996,1141103,160469132,ransom,
11677120,962660,2647050,1380703,162595901,ransom,
8690923,405518,2881769,1513513,153821684,ransom,
9228235,484150,2615152,1537429,153842948,ransom,
11697033,983198,1919919,851899,179029904,ransom,
11910277,1035447,2393073,873146,169988245,ransom,
11830195,861856,2689730,1472439,149379667,ransom,
8011964,398375,3332833,1981640,134805672,ransom,
5124455,149240,924582,636501,102433857,ransom,
5292212,227326,1819265,1168996,101607170,ransom,
10199256,565491,2131661,1311691,173935723,ransom,
9186370,498411,2360915,1590621,156519136,ransom,
10765247,784760,2008325,1067624,178995558,ransom,
11444652,807458,2289773,665565,191422732,ransom,
9747568,670677,2264751,1375836,149423785,ransom,
6623387,519573,2938187,1448860,61611645,ransom,
14305660,1237951,1761721,975220,142168955,ransom,
10921916,734445,2227957,1297520,143433154,ransom,
9858491,603036,2480701,1322624,165485804,ransom,
11466824,1037473,2708520,1508537,170504750,ransom,
10892526,869416,3017426,1245043,168317600,ransom,
11558118,867571,2319620,1184852,173448542,ransom,
9649190,528780,2378597,1199362,163263549,ransom,
11793144,905671,2686216,1528855,160806651,ransom,
12353600,987885,2670291,1387095,165372348,ransom,
13309864,1323721,3037258,1603343,148564065,ransom,
13739087,1265837,3031877,1269141,162207937,ransom,
12883952,892070,2408081,1488385,173721256,ransom,
11801380,703174,2216876,1302992,173870001,ransom,
10397445,720189,3170779,2004641,140853350,ransom,
11489057,875361,3099614,1715062,144457453,ransom,
12309610,1097809,3027581,1737421,151228319,ransom,
13293082,1121432,2863536,1078368,172018939,ransom,
11173386,791410,2190903,1016653,167630451,ransom,
7460929,317353,2662152,1520758,133960420,ransom,
10955425,848698,2904711,1613456,143656788,ransom,
13321975,936822,2020699,1090154,180067699,ransom,
18037238,2334456,2663657,1354368,151226646,ransom,
26660938,4193963,3273929,1354265,148581818,ransom,
30866469,5097108,2947132,1102044,167618114,ransom,
21339115,2992589,2744234,1451539,156576205,ransom,
14557174,1599121,1762619,931643,188681198,ransom,
16781601,2151258,2640759,1468728,151295286,ransom,
22905121,3363830,3140834,1477008,142117557,ransom,
14331252,1506407,2030417,1187050,157581661,ransom,
13380096,1032252,1623995,1059013,168102998,ransom,
13740243,1178493,1743838,1062311,146707000,ransom,
16568615,1586216,2805226,1665440,152182400,ransom,
15823939,1348819,2215441,1211836,177990362,ransom,
16864382,1433601,1736548,1112535,187946198,ransom,
14217508,946081,2330712,1108058,185905608,ransom,
8924229,344848,1862955,1137361,173934800,ransom,
10910204,811236,2341977,1337560,173572848,ransom,
8311331,328344,1538427,1020070,143758314,ransom,
4124776,577177,1992705,559503,25203782,ransom,
9390103,798267,1958877,920045,91942120,ransom,
6939812,603547,2421417,1314633,69669812,ransom,
7588611,452405,2791350,1794711,125756161,ransom,
12388673,1144553,1968594,800650,181779967,ransom,
10347701,654929,2141167,917811,182454800,ransom,
9326408,549065,2644806,1612757,164414178,ransom,
10723583,642591,2433597,1241847,174540817,ransom,
9506315,452679,2292722,1323689,170810252,ransom,
7742438,500674,2545790,1510813,120302580,ransom,
9623706,1089326,2295890,1258595,73704605,ransom,
9464979,858177,3559235,1904353,107995412,ransom,
8875970,721300,2796688,1783053,126357924,ransom,
10758814,634849,2461980,1002956,177607521,ransom,
11582239,912474,2297833,911669,185171775,ransom,
10401165,827457,2494688,1043279,158274902,ransom,
10338879,496069,1944413,767966,184058680,ransom,
10385826,520050,1907304,1001306,176992139,ransom,
9467548,524556,2324455,1348326,162080723,ransom,
8543405,341031,2111447,1260100,163276315,ransom,
9084077,583075,2250256,1501803,152298359,ransom,
12015623,934890,2327332,1345022,162738925,ransom,
9375618,860474,3107011,1394834,114615251,ransom,
10315607,741147,2215299,1279665,164238721,ransom,
7648281,363929,2966869,1718487,136760075,ransom,
11720423,861887,2216619,1099094,187604451,ransom,
10063677,846829,3192004,1625271,146869645,ransom,
10810970,839981,2535196,1074193,162373931,ransom,
10207515,505424,2207554,902877,177667063,ransom,
8344847,306518,2389077,1583585,161118596,ransom,
6828361,416088,2733627,2114545,107346802,ransom,
10673611,596190,1912426,918780,168348979,ransom,
9208491,447875,2147473,1033453,157633987,ransom,
8108659,320768,2548046,1652669,148000012,ransom,
10470634,776250,2386088,1256485,159808883,ransom,
10168233,770847,2724266,1142478,154750547,ransom,
7584696,535973,3022164,1946901,115886680,ransom,
9343715,556496,2086220,1045200,158347030,ransom,
7419531,592382,3078288,1659839,86566724,ransom,
7050250,834403,2761067,1626350,64888788,ransom,
8942995,1105822,2149027,873478,44061755,ransom,
7961091,693200,2622145,1034055,54271404,ransom,
6460380,867224,2071593,1075574,49876293,ransom,
7012307,913121,1982634,708109,35936967,ransom,
5777753,769575,1863814,842347,29070701,ransom,
6988480,1004235,1620305,324450,33155234,ransom,
3734209,395212,1570032,693562,20651973,ransom,
1370091,161983,617469,317604,6860078,ransom,
7287467,1091902,1687697,369491,34653480,ransom,
5121096,618859,1700299,703945,27161774,ransom,
4651572,369366,719468,420597,27516322,ransom,
2773171,234263,810201,377423,19916936,ransom,
10368821,680454,1019415,343975,50137506,ransom,
17484265,1630084,2073026,739115,187820955,ransom,
16788281,1309938,2803117,1141092,183606921,ransom,
16614718,1267582,2257847,1043251,181724326,ransom,
17245605,1509470,2642081,1259296,173882300,ransom,
17194450,1534596,2717860,912788,191164385,ransom,
15592372,1241835,2460946,1352345,163218091,ransom,
16424518,1293404,2149900,900290,188055834,ransom,
12657225,1000486,2994522,1829029,129285615,ransom,
8722792,451188,2942361,1993526,129649073,ransom,
9956787,547285,2285587,1248688,170026867,ransom,
11571783,780555,2283566,1557374,155974188,ransom,
13231322,758934,1328575,674481,194299557,ransom,
11483588,820147,2191313,1179668,178571971,ransom,
11683568,879582,2632757,1153188,185674202,ransom,
11149170,916254,2517508,1117237,173906707,ransom,
9612449,652072,3281725,1777190,144917014,ransom,
10328449,735099,2794307,1479524,152190394,ransom,
14475029,1365725,2231012,1226251,173011546,ransom,
14885747,1290086,2923992,976439,185943827,ransom,
12079687,878491,2159054,882751,175705074,ransom,
8901230,540133,2647470,1633978,144273093,ransom,
12610099,896333,2056532,977387,185145404,ransom,
11459279,956845,2395937,1256799,161657629,ransom,
12619687,1001011,2764573,1450575,166584388,ransom,
10016004,994095,2864053,1527895,89147507,ransom,
12842228,1463514,2458149,1006992,75142981,ransom,
13178196,1432606,2653104,1469364,117220219,ransom,
21587341,3215507,3396263,1490843,117669209,ransom,
18669903,2332148,2850503,1461643,126986240,ransom,
13605641,1717581,2797716,1831685,112869134,ransom,
20794149,3050236,2837126,1336436,126959688,ransom,
26579773,4760473,2856681,1326369,143693909,ransom,
29231892,4629782,3138908,1187120,157325151,ransom,
18833417,2341857,1857406,728445,106551807,ransom,
19351563,2103411,2893919,1108906,98274173,ransom,
26848767,2488192,2318949,852119,140448585,ransom,
16349405,1146277,2541662,899616,135397091,ransom,
14388153,992815,1383236,774219,161805357,ransom,
13953165,832694,1726493,930795,181262488,ransom,
12223283,878944,2279738,1054700,173400561,ransom,
13625407,1167576,2199027,1028239,169059024,ransom,
13101930,1110135,2750424,1039470,172879186,ransom,
13745778,1086310,2606010,1161817,172503791,ransom,
12561963,1144573,2712012,1391372,147010834,ransom,
15215185,1778046,2840694,882989,118710841,ransom,
13357478,1489457,2569281,946311,82852672,ransom,
7880365,947875,1978356,809607,73371445,ransom,
8774176,1011488,1789799,684340,50837691,ransom,
6114503,544180,2107623,864185,50611862,ransom,
9603865,908554,1258768,592430,93520414,ransom,
10948163,939484,1955372,1082459,139528748,ransom,
8371521,543050,2678153,1647041,149604663,ransom,
7425938,424873,2681482,1620595,129044706,ransom,
9888606,452502,1222322,524808,193206547,ransom,
9438818,447656,1918592,1041564,172898644,ransom,
10653704,683421,2426805,1180144,172462465,ransom,
13030656,1012680,2822118,1722839,143571294,ransom,
14418353,1521714,2254771,1044880,120639519,ransom,
13244452,1259642,2902968,983151,155971126,ransom,
12560900,1261399,3032835,1439634,98462672,ransom,
10428431,493545,1214646,712360,187717139,ransom,
8710585,541189,2691719,2027548,127073440,ransom,
8835962,554427,2898922,1755434,139889712,ransom,
9335455,647674,1937169,1204483,157006172,ransom,
9976111,776176,3292463,1469141,137620808,ransom,
11334559,879908,2327280,1256791,164432456,ransom,
11746108,707278,2553880,1133347,169609995,ransom,
12989306,874684,2428606,965681,181926896,ransom,
8775935,405668,2004487,1188606,163070623,ransom,
7892283,997613,1915916,757178,83252424,ransom,
7282989,772817,2072515,731751,66020060,ransom,
8790530,463880,2337798,1323253,148868917,ransom,
4202781,439847,2054568,1097366,41404403,ransom,
10215463,732577,2012903,1058223,172185204,ransom,
10096072,838446,2664435,1317369,149367923,ransom,
11288736,994439,2754777,1330580,143197104,ransom,
8646921,471315,1614338,1216213,134567623,ransom,
4568496,189600,1001767,658014,82307408,ransom,
8423022,307785,1659672,1068907,173156519,ransom,
7713336,274784,2145717,1514055,153749384,ransom,
8762670,214639,1206865,783499,186641267,ransom,
7199985,206050,2011158,1466132,154694029,ransom,
8469015,193992,1256964,887723,183504378,ransom,
8615829,221033,1658801,1186209,180739331,ransom,
6270141,154967,1340413,1050428,131680032,ransom,
1300121,68514,249444,143071,19989865,ransom,
625674,24066,279836,216743,14820315,ransom,
8034163,239801,1677895,1144363,167100843,ransom,
6335630,119646,1158303,902305,131339460,ransom,
626333,109674,191244,149308,2458742,ransom,
2067981,193464,907318,270656,11276907,ransom,
7618329,1160492,1851140,587243,38538126,ransom,
8172786,860156,2106791,931557,77610205,ransom,
8795722,654363,2459993,1260390,79783516,ransom,
6674220,476312,2085863,1184767,89981243,ransom,
7542869,883966,2046396,1023581,62595608,ransom,
7526322,833645,2170758,764146,79507323,ransom,
8746281,609694,2214647,1149090,125875797,ransom,
9228403,897245,2129821,947742,100404443,ransom,
7891073,664738,2186335,1074805,106884881,ransom,
8649934,469103,2382324,1346482,142212201,ransom,
7372505,355923,2613366,1685960,132019884,ransom,
9437884,598811,2129991,1351837,160440035,ransom,
11791094,911345,2537600,1409242,158001378,ransom,
9803480,530378,2042592,945145,173090488,ransom,
9887420,655058,2348395,1009525,166071534,ransom,
10689051,696859,2373714,1359188,174312357,ransom,
8678220,391414,2573908,1257251,158664048,ransom,
7160423,495938,3153867,2114328,107732020,ransom,
8298391,401283,1772776,844339,153537550,ransom,
11767244,978263,2389954,1111419,178151288,ransom,
9364192,880884,2280407,1052223,115149642,ransom,
7444065,604256,1984613,921626,55034923,ransom,
7493560,994344,1884277,650333,39344421,ransom,
8315614,832439,2243949,892895,88348631,ransom,
7658857,374723,2229952,1313135,140813308,ransom,
9097595,450581,2206305,1271584,162978557,ransom,
5873814,206369,2430025,1825282,117628153,ransom,
10629526,923093,2242668,1180742,161317142,ransom,
10507640,721820,2069558,673137,177942520,ransom,
10467366,632632,2055025,940973,175497222,ransom,
7760276,453481,2813002,1947508,121870349,ransom,
10310642,606747,2658716,1606113,157509695,ransom,
11484912,873325,2342885,1212957,166411874,ransom,
11193567,917220,2628868,1030720,171631817,ransom,
10856425,827557,2177674,1028921,166684920,ransom,
8385334,498043,3477970,1934883,130951429,ransom,
9143358,799300,2712201,1668442,127750786,ransom,
10810782,858503,2904622,1211786,167170894,ransom,
10207662,596404,1617994,823676,174793129,ransom,
8254495,232708,2150251,1169211,170863731,ransom,
8637548,499436,2541868,1450811,140763888,ransom,
10138192,922029,2557222,1531425,141377507,ransom,
12730588,1294488,2552823,875276,118327024,ransom,
5791897,578492,2062066,847299,50207636,ransom,
8499160,946157,2072468,689430,80774975,ransom,
7388529,738194,2148981,800567,61940298,ransom,
8454081,689094,2211762,1036859,129169998,ransom,
8525018,845650,2631762,1205498,105679907,ransom,
8081919,653711,2688030,1226100,111629213,ransom,
9552683,609906,2053299,900000,154516516,ransom,
8722276,487358,2018899,1158153,157029311,ransom,
10933338,993039,2955416,1627716,126718842,ransom,
11326734,1167292,2663246,895976,104681174,ransom,
6994695,654960,1682096,663611,82134216,ransom,
8878527,1115026,2212152,789430,70018058,ransom,
6403749,756493,1809128,689976,41397452,ransom,
2882908,120609,530527,329124,59542349,ransom,
5898466,873360,1379488,451610,28207050,ransom,
6637519,751170,1650835,456059,50168272,ransom,
1047492,119982,491425,251551,5258373,ransom,
6706276,822923,1462443,823135,33782931,ransom,
10257576,1090633,2210816,643917,97339923,ransom,
3039107,310587,1335646,524043,17363580,ransom,
3257101,191321,853941,431986,59205900,ransom,
7229308,1041040,1720337,441607,34020791,ransom,
5614727,676645,1572224,541987,31365728,ransom,
6772995,253161,1353863,816627,149986010,ransom,
10475193,874852,2459383,1385525,163354586,ransom,
8938263,695420,2945275,1356160,132034060,ransom,
10982815,949030,1886721,1144033,140465114,ransom,
5691521,271048,1025164,580656,79355488,ransom,
3083335,122751,569328,394457,64111158,ransom,
3748458,124737,720933,505584,79114276,ransom,
2734844,68987,524284,384430,58519092,ransom,
3915843,328805,1506323,555257,39339425,ransom,
8618110,1054764,2110005,894019,75058746,ransom,
7476256,736556,1562028,530319,96999672,ransom,
8012995,357690,2042437,1097950,160255861,ransom,
8502741,491751,2359030,1582936,154004245,ransom,
10188949,851695,2289343,1477211,149138780,ransom,
10244713,980444,2808157,1121221,105205866,ransom,
6677900,754556,1854853,712236,57321532,ransom,
13678227,1629614,2630563,1546040,131741857,ransom,
22462008,3276362,2855832,1306460,131255808,ransom,
25396846,3812914,2769908,1170515,163271164,ransom,
30368730,5363868,2775623,1167027,162770103,ransom,
23774245,3906355,2660150,1081096,141532227,ransom,
22995164,3436693,2482669,996957,122875225,ransom,
10675242,1133535,1371878,833385,59016468,ransom,
23666548,2551102,2986342,1191053,154143395,ransom,
22384596,2324026,2407860,1070372,118647747,ransom,
12367282,1411678,1581897,486986,71655088,ransom,
6404791,738981,1771447,636397,45476168,ransom,
3648951,359903,1423926,698739,24628716,ransom,
8311354,1149603,1993707,569807,52418852,ransom,
6642770,665916,1851226,793710,69689853,ransom,
1200046,92998,767099,486171,17240636,ransom,
9081786,1170857,2049565,836550,44755660,ransom,
8005294,869165,1824035,546058,51659805,ransom,
1134694,133195,516268,284115,5750335,ransom,
4029638,596065,963710,452033,19456623,ransom,
6428753,919581,1318140,246772,30696879,ransom,
3013837,269256,1310414,514921,26140186,ransom,
1200875,139648,547955,319512,5853355,ransom,
6704699,920123,1608352,530958,46048004,ransom,
8448079,760541,1679624,633383,108950850,ransom,
9226652,497748,2015646,817618,161910235,ransom,
12590715,1072058,2364774,1246784,168499722,ransom,
11256150,757833,2638640,1198046,176255611,ransom,
10586511,754683,2179196,966201,169943043,ransom,
9610784,453018,2362323,1095257,172761519,ransom,
9373771,421700,2026420,1066803,175859751,ransom,
11522406,811129,2230197,1111510,187278106,ransom,
7166133,604233,2639193,1511256,90230094,ransom,
6391645,751499,1715395,599103,55094310,ransom,
6902600,725816,1879558,826086,80033751,ransom,
11210099,1100363,2788197,1197958,146332651,ransom,
11303780,846816,2970474,1829045,142442994,ransom,
9114723,455092,2559634,1320073,161260956,ransom,
8738534,423303,2595659,1541256,157675312,ransom,
11144181,832884,1770227,836654,182013630,ransom,
10209733,666653,2338291,822363,171925668,ransom,
9859993,686918,2832992,1806034,148538990,ransom,
7841986,369787,3133615,1874459,137480862,ransom,
10514995,796256,2596978,1462856,157301293,ransom,
10464887,781839,2688626,1037097,166193826,ransom,
11429803,943542,2322493,1327067,162353591,ransom,
11289472,622523,2804390,1412169,166566240,ransom,
8933205,465209,2534945,1526690,150367802,ransom,
7505034,704940,1655239,853435,103479869,ransom,
9077576,819013,2516172,1032405,123539765,ransom,
10013960,638419,2215484,1147626,162067132,ransom,
8248533,545788,3276867,2091693,132651558,ransom,
8454133,985962,3105271,1803938,85078545,ransom,
7232771,802931,2540609,1475551,69190524,ransom,
4442545,474951,2249046,1043911,28029721,ransom,
11651484,1289815,2130825,713571,88253601,ransom,
12063879,802513,1929921,636614,192620692,ransom,
9321349,450053,2418076,1254554,161361119,ransom,
9291072,498324,2260205,1164545,160542808,ransom,
9709250,552279,1914624,1135916,169278864,ransom,
10440843,724592,2650897,1132211,172598204,ransom,
9377369,614389,2777900,1439998,155266073,ransom,
10304752,635575,2113761,1088533,168293781,ransom,
7331938,466023,2931830,1726819,108198895,ransom,
9420399,731897,2839373,1724801,139775897,ransom,
13509097,1093403,2209091,816064,179411019,ransom,
10368961,681660,2385063,972115,177170616,ransom,
9847224,597540,2416577,1456225,156357693,ransom,
7807865,217091,1621251,1159374,165250056,ransom,
9291706,405118,2534000,1201005,172326756,ransom,
5402429,428240,2351800,1505820,67908834,ransom,
10474765,806225,1901473,965103,169847789,ransom,
9299342,703780,2981541,1406386,136996313,ransom,
10274887,856475,3146546,1993986,120859451,ransom,
8823782,526113,2934326,1895287,128905291,ransom,
9305443,405678,2063776,1280130,156528291,ransom,
9320806,534832,2438941,1336550,156032338,ransom,
9568550,666927,1972017,1233938,158127084,ransom,
11325797,864933,2237344,616039,182481827,ransom,
10621230,732444,1931793,1068065,174253164,ransom,
7712066,362886,2951372,1735093,130551825,ransom,
4897720,519697,2236676,1328447,32542063,ransom,
2061387,269472,611790,381549,9168827,ransom,
8523786,1121251,2565137,1123011,38608039,ransom,
6283786,623769,2436796,1399267,45656269,ransom,
6351255,507713,1544219,949396,55909368,ransom,
6285160,913583,1521412,491342,30333458,ransom,
6425029,763158,1925215,720777,42830183,ransom,
5233621,364114,2764367,1930473,82563664,ransom,
5868375,822290,1766365,846195,30289634,ransom,
6062361,778626,1590131,504443,28073383,ransom,
4980228,435419,1774337,709548,48329858,ransom,
8460980,277617,1319339,742183,174237075,ransom,
11213365,911456,2349940,1065344,169419446,ransom,
10856756,827850,2807260,1212735,164895385,ransom,
11255266,882617,2342383,1298697,150149611,ransom,
10131077,528950,2770611,1219357,165965589,ransom,
8795422,379365,1912654,1085766,166603727,ransom,
8948135,436562,2328388,1318216,161795144,ransom,
7562452,327050,2453737,1714254,139533766,ransom,
9676371,784749,2921907,1642910,136227454,ransom,
10561436,846346,3265405,1654797,148997693,ransom,
10361451,583950,2403703,1098143,174535252,ransom,
13602461,1336423,2195635,1205333,161249846,ransom,
13761240,1505751,2963187,1655079,142381222,ransom,
19092321,2317319,2913851,1352760,160950462,ransom,
19420341,2379531,2626563,1237501,170131027,ransom,
14031646,1391586,2039238,1183581,170955390,ransom,
16186770,2055331,2130058,1159003,161483458,ransom,
16767634,2077645,1840149,939593,169841563,ransom,
18423514,2442109,2146215,1105106,182575296,ransom,
19262433,3182033,2648625,1483650,168803701,ransom,
21298951,3036450,2447960,974851,178706383,ransom,
20148746,2822796,2607260,1271538,172463808,ransom,
12004302,1093160,2138578,1351561,165311652,ransom,
8203901,539206,2085699,1439558,146479174,ransom,
17912891,1626740,1802717,1185348,184310508,ransom,
22897761,2219172,1649714,796546,202310209,ransom,
12081528,800894,1385496,758819,183390901,ransom,
12031531,1014100,1832974,1205095,152150453,ransom,
21400219,2066304,2250800,1147618,168613365,ransom,
14342670,1201066,2414528,1204017,142284412,ransom,
7321425,982030,1945949,588118,34388225,ransom,
5885681,699848,988143,315926,28298703,ransom,
3791161,361319,1908914,836188,20021483,ransom,
7020948,759466,2720730,1283133,33658672,ransom,
15038027,1871809,2918850,722195,83442148,ransom,
11807988,1075953,3289678,800462,107426453,ransom,
14981106,1015739,1897129,1178658,57482075,ransom,
13504778,1220687,2245355,1264826,113728708,ransom,
11841773,1122751,3146214,1822312,109750156,ransom,
10316416,1026493,3490320,1814052,86704269,ransom,
13988471,1157742,1933653,608952,118746741,ransom,
16979453,1462440,2835930,1307781,169073563,ransom,
17037081,1430271,3847538,1807333,151391513,ransom,
18726950,1542866,2616333,1279276,157829356,ransom,
17462354,1047854,2203132,1117323,184085117,ransom,
17175741,1052335,2185014,1136900,187271790,ransom,
17531095,1579768,3034628,1438306,178487964,ransom,
17592440,1507382,2867004,1050143,179972711,ransom,
17353566,1239110,2579139,1179050,183667140,ransom,
14865127,949050,3269059,2148956,143634779,ransom,
14989598,908517,2182176,1356410,179824998,ransom,
16858196,1590586,2751948,1185333,159758729,ransom,
14030716,1249624,3312742,1568372,148998286,ransom,
15906728,1347714,2640120,1368652,160339590,ransom,
14050153,865293,2840864,1633260,149813130,ransom,
13911306,908734,2296066,1371223,157812906,ransom,
16446166,1483379,2824724,1214781,174844806,ransom,
15625120,1234279,2579520,984807,180447757,ransom,
15277195,1000664,1713906,754188,189018038,ransom,
15385463,882275,2447517,1339008,177389397,ransom,
13769348,958902,3258960,1763796,156553573,ransom,
10694738,879181,2814271,1791628,139836260,ransom,
11267454,804841,2725980,1054472,175173505,ransom,
10336784,708206,1990281,1093748,171093862,ransom,
9649472,638952,2801960,1639003,151537477,ransom,
12328052,821945,2780085,1701499,157407932,ransom,
13526272,913389,2500342,1425274,160108433,ransom,
10650840,656428,2432981,1342367,155192771,ransom,
11900152,1041597,2794519,1510741,156688367,ransom,
13709404,1251461,3389603,1401901,169546451,ransom,
13475245,1102295,1823325,700325,179934840,ransom,
12820012,865813,2642711,1356094,171385574,ransom,
11007827,754665,3113334,1831173,155867631,ransom,
11383905,978850,2511697,1543414,148396799,ransom,
10844338,827867,2832841,1304891,159191081,ransom,
14226047,1285612,2973436,1576904,163555334,ransom,
13374766,1135570,3176609,1481859,123730257,ransom,
10317882,712292,3068304,1805844,151297978,ransom,
10703209,651321,2584160,1445210,170688923,ransom,
11071731,869984,2515209,1284057,169144920,ransom,
10205676,736382,2677023,1126375,169658205,ransom,
12599229,899410,2403463,824103,181211660,ransom,
10897892,619706,2484004,1267296,174777861,ransom,
13259208,903680,1960724,1316161,172137945,ransom,
10860585,714587,3067257,2020418,127583768,ransom,
11376094,1166763,2798820,1804863,140938271,ransom,
12342707,1027543,3460975,1511376,152501829,ransom,
10818422,849565,2650694,1430243,156214677,ransom,
9756561,448502,2494451,1171203,175392961,ransom,
10952086,683055,2219291,1270026,175267521,ransom,
11750423,912436,2004140,1068995,179523047,ransom,
12369541,1173542,3400745,1644895,135538259,ransom,
12739463,1122328,3376241,1828230,141863253,ransom,
12555688,917917,3193267,1750932,153974609,ransom,
11650487,860782,3026913,1751660,148894532,ransom,
10358927,811238,3244593,2087115,128453667,ransom,
14152864,1282516,3408976,1942550,151907181,ransom,
14472084,1128269,3126049,1577882,156491181,ransom,
11421738,709803,3102334,1607838,157484776,ransom,
10971333,770396,2434904,1161676,172195558,ransom,
10662346,658084,2434479,1150022,172854499,ransom,
10695195,659752,2414410,1251056,176162931,ransom,
12497111,1044401,2332724,1335462,165524874,ransom,
14729625,1686235,2406872,1123962,164989041,ransom,
14453144,1631805,1774774,947271,176262977,ransom,
15746356,1856941,1895987,1077422,179243341,ransom,
15490444,1912598,2013844,1204372,169098487,ransom,
12619003,1397447,2798192,1899960,124452370,ransom,
17274420,2198534,2680939,1486002,156072258,ransom,
10860332,424122,1659984,1030997,194264555,ransom,
12495431,1315188,2753288,1755538,145399949,ransom,
14120034,1718582,2312516,1352086,150293427,ransom,
14463330,1690134,2213779,1225965,167126497,ransom,
15764197,1879636,2286674,1284243,172409138,ransom,
17210417,2415773,1857455,1042731,187673869,ransom,
16920959,2367672,1767751,919939,187873347,ransom,
16405046,1970478,2104710,1152763,180497289,ransom,
13836931,1490522,2061779,1327207,173071316,ransom,
8371443,461115,2272254,1601653,155498849,ransom,
14153561,993488,1543175,973188,185937259,ransom,
13917584,1147982,1678352,952087,179776776,ransom,
14454570,1192046,2256655,1488583,153697408,ransom,
16673805,1370217,2072366,1133754,180669123,ransom,
16208763,1276969,2077715,1198872,182436260,ransom,
15697141,1328602,2246958,1338823,173058618,ransom,
16078740,1288115,1800002,1146524,184959347,ransom,
10135717,518578,1203083,615447,176144404,ransom,
11135266,801922,2343444,1595045,150240158,ransom,
12959314,1041391,2711943,1479777,168546645,ransom,
11369314,847181,2310695,1090080,173778307,ransom,
7895314,494843,2706040,1779151,132841945,ransom,
11216350,801408,2246049,1042537,181263908,ransom,
8814245,432835,2700332,1498321,156213683,ransom,
11839167,821548,2230537,1118872,172215740,ransom,
11636498,753954,2456302,1393887,163852381,ransom,
11727968,833445,1931262,1252899,159251003,ransom,
10529885,643374,2646338,1707710,140386614,ransom,
10698501,682943,2939706,1954376,151251410,ransom,
12569601,793649,2028936,1226212,177241238,ransom,
11048756,605591,2208806,1235399,176436535,ransom,
10367629,446641,2111471,1260482,184759421,ransom,
13238318,842086,2790584,1449859,157321883,ransom,
15114582,1075724,2582067,1533713,162330618,ransom,
15399031,1137502,3037541,2076188,140771899,ransom,
14345147,1409587,3115071,1734702,158190789,ransom,
13031425,1131715,3493071,1628792,159238113,ransom,
14269109,1167165,1899251,886422,184011367,ransom,
10779819,747455,3075326,1693826,141084542,ransom,
12312559,908379,2288120,1460229,164807065,ransom,
10812057,625180,2630011,1587156,165094487,ransom,
16498274,1295816,2398629,1234797,194544230,ransom,
15720993,1277771,2608983,1420669,165292254,ransom,
10427379,860314,3218968,2012073,116640521,ransom,
12941373,940064,1891883,1189113,174609952,ransom,
12749889,918970,2992355,1722079,150305202,ransom,
9659533,612064,2845201,1935033,133287110,ransom,
13075435,1073710,2575693,1605198,166010029,ransom,
14264697,1186393,2502704,904462,188405758,ransom,
14596454,1233496,1943728,657921,201416674,ransom,
12155447,938598,3817555,2038466,144574231,ransom,
13251151,1018122,2879328,1477680,172222729,ransom,
8828462,596288,2712871,1766928,119698271,ransom,
12597733,1198706,3343782,1744684,142011121,ransom,
14796669,1495178,3522129,1769792,153747013,ransom,
16597888,1347813,3164107,1207415,177110230,ransom,
13655144,1231259,3038745,1679102,157498613,ransom,
15422773,1751962,3009144,1522020,163209618,ransom,
14213666,1520388,3107706,1722319,155985073,ransom,
14671234,1856268,3286317,1725844,147209958,ransom,
17748113,1963808,2597432,1171041,183828278,ransom,
13297207,1430954,3290067,2112818,135103922,ransom,
13240124,968782,2680409,1619785,138737016,ransom,
21159123,2076361,1894459,913604,178126484,ransom,
16361014,1544681,3031304,1779934,150231844,ransom,
13166216,1141617,2779855,1501248,164431394,ransom,
10838497,792934,2620717,1171223,173034000,ransom,
11122998,797142,2020152,998816,179414258,ransom,
8436654,276983,2649271,1552596,156571247,ransom,
11484198,706585,2286192,1196628,180160626,ransom,
11263100,788264,2883494,1714383,153801066,ransom,
13343962,1105069,2862031,1274798,167182851,ransom,
11272098,825635,2775794,1630277,153944740,ransom,
12062280,1216764,2942875,1602564,121007641,ransom,
10924833,926066,2913464,1833607,119219188,ransom,
14983687,1472028,3780008,1624465,138566322,ransom,
13821175,1171339,2848816,1237920,157852712,ransom,
13175549,1000877,3195486,1483289,158127902,ransom,
14250192,1081284,2009536,1043684,184099086,ransom,
10563955,788771,2032071,1155018,151616543,ransom,
11690245,966196,2219774,1160726,169103326,ransom,
10522270,774605,1547898,1005216,180980808,ransom,
10844901,854553,1897190,1251546,175122750,ransom,
11307615,864985,1213491,627689,191183107,ransom,
9366183,587180,1528673,954470,177909554,ransom,
9978415,578741,1821611,1155452,175403476,ransom,
8281816,410615,2379046,1589259,157489464,ransom,
13551089,1014434,2592883,1138758,177609296,ransom,
7605363,469162,3231387,2260374,113795575,ransom,
8013998,384017,2732627,1786165,122346734,ransom,
11552302,763027,2726394,1623423,136495142,ransom,
13396277,1130602,2372735,1294014,167652134,ransom,
15175355,1448488,2768850,1001899,184728970,ransom,
13746079,1142657,2536107,1167056,171283245,ransom,
13703991,1030694,2354260,1057644,174891752,ransom,
10697202,699348,2870067,1638716,162201337,ransom,
10970084,668210,2462183,1293590,174061981,ransom,
10261243,1033051,2861605,1871411,105525611,ransom,
16063170,2018641,2332409,1169409,149021719,ransom,
19389996,2965356,2231431,1355066,156823480,ransom,
17261884,2262810,2700963,1519221,154478469,ransom,
16278397,2180921,2676282,1498422,124056079,ransom,
19700148,2604765,2200511,1019982,178666364,ransom,
18686019,2419194,2443174,1206340,166921994,ransom,
16644028,1980686,2194369,1039001,170217295,ransom,
17017396,2039879,1806459,850822,182061635,ransom,
17398650,2214010,1960033,1052805,183734076,ransom,
15982259,1832010,2051046,1207912,169200464,ransom,
9589735,548312,1660723,1066157,174495636,ransom,
12760475,772747,1528596,1055269,190415320,ransom,
10733659,825510,2301410,1673341,149915567,ransom,
15750714,1288514,1878111,959097,178120418,ransom,
12875347,999083,2803314,1922784,140174184,ransom,
16510107,1375312,2134642,1240808,172313090,ransom,
16191024,1295170,2264957,1267302,178766130,ransom,
14807023,1098190,2304945,1420769,167682271,ransom,
9639112,419780,2291499,1353335,173650706,ransom,
8363482,284426,1518813,842080,169224393,ransom,
9440111,693847,2978625,1850207,125724082,ransom,
8854013,479086,2296191,1590082,144216486,ransom,
12927708,1024108,3041784,1352143,178985297,ransom,
11299188,685178,2538012,1258496,172791669,ransom,
9678674,514282,2528413,1330089,172582130,ransom,
9536089,544166,2861615,1688998,154144626,ransom,
9747577,886310,2323371,1154547,145146401,ransom,
11375864,888390,2946261,1277217,180081664,ransom,
9955790,670948,2805834,1456475,148471726,ransom,
9404427,475848,2473215,1399429,165889798,ransom,
8429408,517862,2692378,1602555,124984133,ransom,
8349914,681894,2168038,1090768,125053201,ransom,
10999879,930247,2811942,1435887,123656400,ransom,
8362624,666393,1819208,745393,88626405,ransom,
6577844,192670,1772141,1335232,146374404,ransom,
7790294,253780,2084757,1498573,152449612,ransom,
9425367,425640,2091809,1162058,179352902,ransom,
8640986,697788,2669917,1866085,133083235,ransom,
9942052,796554,2860036,1413196,143569465,ransom,
12913930,1152673,2222740,755430,191146487,ransom,
10755341,670287,2483754,1204999,172724918,ransom,
6327394,297322,2691293,1900328,97564995,ransom,
9475312,492769,2284062,1243476,167926827,ransom,
10701155,937904,2347254,1522726,152918390,ransom,
10342299,824410,3014568,1632712,132898486,ransom,
9597327,647380,2548646,1423733,155109758,ransom,
10604490,584978,1537529,679644,193618849,ransom,
9315040,440165,2435161,1297892,170389220,ransom,
10195840,687830,2291372,1474996,164480511,ransom,
10090030,737490,2840035,1352172,156855983,ransom,
9480956,684090,2726569,1429397,153658648,ransom,
10328513,466606,1001872,423016,198116425,ransom,
8869281,425493,2543251,1423414,158393489,ransom,
8508109,566652,2509225,1736220,141265652,ransom,
10765576,891303,2589791,1541436,159139855,ransom,
10791921,706177,2755161,1449169,154950169,ransom,
8652580,496645,1934924,971508,152074393,ransom,
9426787,487262,2316352,1113074,160089403,ransom,
9224906,536063,2531578,1403803,147300962,ransom,
10465615,858392,2628757,1495622,144959373,ransom,
11885515,1033349,2909725,925043,166117596,ransom,
9646032,730725,2166222,1203329,139121318,ransom,
7552517,419688,2511507,1424910,129558416,ransom,
8684196,408535,2289502,1447101,155927667,ransom,
7787789,294572,1666046,953925,154706628,ransom,
8543656,600186,2492860,1693936,132914490,ransom,
10287785,764331,2397302,1410357,144471013,ransom,
8581210,578246,3018804,2123479,133368630,ransom,
11490939,953901,2655817,1009951,173160808,ransom,
10836018,647063,2238507,1038308,180781517,ransom,
11301990,912677,2236257,1147931,175059915,ransom,
11181100,801870,2411352,916219,187055015,ransom,
11062753,777919,2056442,881521,174995527,ransom,
8113837,434142,3142360,1798357,132454074,ransom,
10444095,807070,2681102,1723886,158252925,ransom,
7983856,551556,2783005,1615792,132562357,ransom,
9173000,741829,3120487,1853652,113804772,ransom,
11733516,779777,2731170,1414428,146773348,ransom,
8676375,471733,2625878,1597440,141298655,ransom,
9922674,644025,2892732,1450328,157555874,ransom,
11186963,958128,2600086,1368381,160399828,ransom,
9797021,645639,2597873,1158714,164146938,ransom,
10704109,671453,2405667,1173599,173858491,ransom,
8908702,431752,2363154,1464013,159274338,ransom,
10798006,917351,2865535,1581763,157413601,ransom,
10441448,776549,2687957,1112736,168199298,ransom,
9575825,572654,2745338,1557144,148190384,ransom,
10048692,748666,3136560,2022009,115073972,ransom,
10545849,620064,2461552,1320395,158942991,ransom,
11054647,1061158,3054639,1514064,153782498,ransom,
9060069,566444,2704682,1510326,158787470,ransom,
10068409,650370,1989799,1225158,164811388,ransom,
10240480,554220,2620049,1216054,168240527,ransom,
9164867,433385,2581810,1579779,165707765,ransom,
10190788,928150,2939346,1636551,146048201,ransom,
10613625,836705,3159867,1414440,159268317,ransom,
9865466,691240,2487870,1035404,152568424,ransom,
9713351,616074,2893023,1786866,144833683,ransom,
12366469,989362,2565857,1360952,167102770,ransom,
12370507,995441,2825757,883585,176796951,ransom,
10196976,620005,2407856,1275068,163827261,ransom,
8545296,435633,2539744,1575506,144910628,ransom,
8079771,562004,2282895,1551481,129746056,ransom,
9948954,688938,2436289,1132469,167001438,ransom,
8969548,586688,2800703,1512929,144727228,ransom,
10102330,643187,2277194,1290379,163832889,ransom,
9477630,465212,2533899,1261262,166357188,ransom,
9415625,485476,2502660,1432601,167813328,ransom,
8461455,460800,2306453,1544311,148726489,ransom,
10334993,894672,2931541,1882098,115684406,ransom,
10559249,862808,3122835,1430274,138395751,ransom,
10205441,697454,2046964,835079,165984703,ransom,
8626885,436224,2575422,1570178,155641724,ransom,
11128315,998778,2595685,1246071,172273426,ransom,
10731385,844134,2819015,1263572,169250527,ransom,
10351803,544617,1919184,814696,180192192,ransom,
9098618,389065,2010360,1250118,173952858,ransom,
8213702,475644,3009779,2003209,138386702,ransom,
11086538,893215,2523580,1384962,171824252,ransom,
10401257,831714,2902153,1285769,157479921,ransom,
10995055,761542,2201310,903343,173736893,ransom,
9810453,712081,2618140,1528910,152159139,ransom,
13795898,1233929,2611538,1079223,180422243,ransom,
9735507,620056,2861344,1596631,155240616,ransom,
9203398,602325,2464121,1284653,137063988,ransom,
7855939,458514,2573666,1557599,123559410,ransom,
10220519,886347,2623703,1327611,143221487,ransom,
8041412,900862,2219279,1042532,90112844,ransom,
11509361,779446,1879473,772845,191796978,ransom,
7273232,874679,2352547,1059040,50717545,ransom,
9500939,820061,2794076,1069582,140365795,ransom,
9017149,752121,2792029,1419629,111508525,ransom,
7882542,623833,3245220,2147544,88560761,ransom,
13696833,1228551,2831248,1045574,169120792,ransom,
9998082,839922,3093665,1488180,141256810,ransom,
10207234,589355,1979465,810492,176013134,ransom,
9777331,490580,2470034,1437338,171344263,ransom,
7727605,386479,2787858,1859235,130520676,ransom,
10586928,905360,3295024,1844207,134390623,ransom,
8302507,395861,2837150,1775270,134478666,ransom,
10122646,759019,2863001,1549380,150276025,ransom,
9029087,521636,2958060,1610579,142691482,ransom,
9249029,421927,1664522,1010884,174342267,ransom,
11908154,899679,2693379,1691432,149525670,ransom,
10511692,617443,2154170,895522,174521437,ransom,
9187232,516745,2398031,1272582,163963585,ransom,
10807931,678405,2103238,1205271,173802899,ransom,
8574471,352356,2407360,1278765,164538633,ransom,
8270968,314162,2358991,1548005,162862243,ransom,
8902812,435652,2403536,1454094,157169735,ransom,
8657012,474392,2912816,1781953,144363788,ransom,
10500095,843533,2232927,1241053,160912923,ransom,
9707578,782532,3206018,1625394,135022282,ransom,
12307637,859930,2535739,1286417,162441677,ransom,
10936679,752193,2741540,1526453,163973730,ransom,
11803306,1006303,2729566,1137640,178802170,ransom,
9516283,602506,2389962,1016245,155017039,ransom,
10806730,593782,2008971,758723,184680700,ransom,
8930693,504567,2872175,1739926,151064315,ransom,
8409434,580809,2586670,1663119,126126283,ransom,
10938072,825289,2509672,907007,169927578,ransom,
7680450,477638,2664487,1638072,129258678,ransom,
9335144,625291,3207163,1825811,136852117,ransom,
10110802,670237,2686040,1690735,150446484,ransom,
13061816,1084834,2526173,1070106,173269637,ransom,
10512286,838412,3033949,1393169,160591286,ransom,
9865140,553782,1775464,949624,172517289,ransom,
8449551,481559,2712871,1417083,134753589,ransom,
8973532,472676,2438929,1373709,159680773,ransom,
8539821,429737,2169487,1276456,152399738,ransom,
11114158,989668,2464551,1164750,157226363,ransom,
10442916,662072,2702201,1262086,178017657,ransom,
8891998,638664,2924636,1787569,127661426,ransom,
10120664,678814,2733627,1626800,145973632,ransom,
10884349,802163,2980595,1590207,147595321,ransom,
11280862,816598,2854737,1196043,172145324,ransom,
9743219,592264,2222808,1203107,161141983,ransom,
9461878,473746,2250615,1135331,167794855,ransom,
8884174,495298,2950375,1854295,152337642,ransom,
9774346,830014,2493154,1453914,142558355,ransom,
10403549,822069,2842143,1294494,154795354,ransom,
10354800,656247,2489216,1250828,164268157,ransom,
9622485,504760,2476052,1377479,168712414,ransom,
8917587,346194,1733013,1024012,178493347,ransom,
11765761,1069725,2877445,1564297,161170017,ransom,
12185892,1034005,2943746,1311906,154038674,ransom,
11451600,668281,2250599,884893,176737185,ransom,
8905603,438906,2628395,1657205,154427414,ransom,
8375848,302039,2455397,1653694,147342852,ransom,
7567440,973290,2039864,775376,66236977,ransom,
6501911,823550,1606160,423733,33543982,ransom,
20701692,2917460,3253054,1415501,113179675,ransom,
27503710,4153882,2969679,1196712,150057176,ransom,
22073073,3671911,2088417,1125726,166424163,ransom,
7602106,329924,2129338,1541294,147405397,ransom,
5617905,242607,2649416,2117901,107569846,ransom,
16989148,2285730,2403570,1350526,163445742,ransom,
21513352,2898608,2629996,1194044,170881751,ransom,
18111474,2106084,2289602,950045,181350423,ransom,
19668362,2679277,2332253,998801,185206157,ransom,
17297264,2277834,2106522,1061994,179030891,ransom,
12811590,1044907,1280089,772356,189804342,ransom,
8929192,404750,1378372,829508,177276691,ransom,
9450609,350094,1168545,742801,184953998,ransom,
17069372,1339567,1485594,984434,197453225,ransom,
8568945,487938,2295190,1744394,158788818,ransom,
11730150,810046,2171114,1549942,150805644,ransom,
11753052,928219,2746298,1951378,125716299,ransom,
14461511,1202220,2207123,1514862,155246157,ransom,
17036984,1439490,2225112,1201684,168688003,ransom,
16455668,1265014,1881701,1222258,176392295,ransom,
10666718,554623,2072232,1171320,172480045,ransom,
10585665,667077,2481224,1409885,161190539,ransom,
9024202,472159,1826352,969231,163020467,ransom,
11525139,1205013,2816934,1833633,137061493,ransom,
12852531,935081,2681116,1286989,172023548,ransom,
10108020,529835,2167500,1094290,166215360,ransom,
10375525,706504,2086683,901405,165147138,ransom,
5553837,545164,2246307,1198624,52336846,ransom,
6748352,871202,1771930,715180,48616292,ransom,
7507457,835856,1700283,521739,66593516,ransom,
5944134,504119,2335967,1094708,61145249,ransom,
7157540,603752,2042482,1345871,95275235,ransom,
8188532,611165,3112030,1638512,125626891,ransom,
11374469,969012,2632320,1547146,154156747,ransom,
10757815,570369,2252458,1005331,168438288,ransom,
10468098,546639,2214212,1316786,168381196,ransom,
11251365,869726,2088075,1036872,180095511,ransom,
10026321,685363,2300368,918098,163926576,ransom,
9532704,690947,2797601,1625304,141757250,ransom,
10324254,648860,2191464,969354,173025918,ransom,
8774983,406645,2166759,1261531,163394126,ransom,
9682743,629726,2910134,1779887,151321141,ransom,
10951237,965156,2604729,1310893,158359369,ransom,
8932269,516210,2680873,1474237,156412670,ransom,
9608136,874622,2849039,1658760,126119092,ransom,
10295352,666773,2625825,1360737,141521473,ransom,
9887521,725612,2561574,1510066,156985160,ransom,
11098317,844718,2527459,1142327,178576380,ransom,
9225589,655975,2799346,1463778,146477788,ransom,
10005498,664410,2791297,1471870,153575508,ransom,
9448703,426725,2176958,1175915,172481478,ransom,
9973312,714196,2772302,1587630,146327189,ransom,
10844822,867271,2551244,976608,161725462,ransom,
9014498,534740,2152011,1082896,148230865,ransom,
7180771,491442,2828460,1946157,109274454,ransom,
10458908,775649,2314929,1197701,164974314,ransom,
13169149,955081,1859161,859185,192716342,ransom,
9024409,650517,2922047,1583174,143131561,ransom,
10179109,761659,2192814,1020872,157863816,ransom,
8673818,476766,2917283,1493482,145697428,ransom,
8258766,387062,2714356,1755903,147127653,ransom,
9802010,626769,2857315,1541770,154872194,ransom,
10481860,833562,2724223,1506364,150099569,ransom,
10485321,669879,2294565,900173,180758734,ransom,
10477721,724590,2481691,1343131,159291947,ransom,
8994499,426985,2453656,1174127,164324654,ransom,
10893744,1053893,2681875,1694618,146101156,ransom,
12155841,895133,3351981,1556958,160166152,ransom,
9886085,712750,2886911,1662695,141436445,ransom,
6995969,344900,3357636,2077595,108594599,ransom,
7483232,330307,2910967,2002438,126699305,ransom,
10779790,771456,1772558,851564,176911952,ransom,
10947901,830002,2593771,1024323,171772509,ransom,
11475288,820862,2438930,1204969,180934261,ransom,
8456736,392025,2628878,1337059,151188782,ransom,
8855796,454158,2434141,1478239,157927321,ransom,
9720949,735342,2710045,1616047,150484463,ransom,
8806134,617328,3165573,1882558,139074849,ransom,
9977625,748996,2861792,1234385,150367800,ransom,
8973309,546086,2387742,1304895,145477373,ransom,
8695258,572786,2550182,1652082,139558247,ransom,
10093798,679246,2686508,1499602,151239400,ransom,
12436041,1053025,2755690,1159563,166034221,ransom,
11671960,1038981,2904929,1150123,157029207,ransom,
10856976,716571,2376255,1038198,168709638,ransom,
8336025,304078,1866603,1223670,167688618,ransom,
10207746,727874,2415012,1393177,165447334,ransom,
9830604,722668,2507546,1060469,164050756,ransom,
9659624,505915,2095266,989596,176139545,ransom,
10470374,548836,2244654,1126349,180552418,ransom,
7936936,285603,2132360,1458166,156286648,ransom,
7904566,226426,1796195,1220767,172970222,ransom,
6150976,212613,2225583,1699165,120953722,ransom,
7942629,349638,1867916,1338323,151244086,ransom,
9117643,391509,1301290,817320,165982483,ransom,
7935099,266922,2165497,1461553,143699095,ransom,
7967641,236416,1473043,857208,164958941,ransom,
7158781,252513,2153669,1435798,141603615,ransom,
8170449,243358,1281125,662862,172134902,ransom,
8291499,241410,1578781,972804,166598179,ransom,
7138144,304390,2248030,1560234,123575094,ransom,
7547916,775764,2960861,1629519,68015587,ransom,
9206973,764598,4238862,2143902,101220798,ransom,
9628406,634412,2584278,1183807,136836885,ransom,
10634258,543682,1548919,634617,192779340,ransom,
8493401,423856,2796141,1679652,145518399,ransom,
10170325,678480,2239008,1333517,166254298,ransom,
9022586,445318,2600795,1635571,154470825,ransom,
8140688,370666,2220666,1315665,148613123,ransom,
10515941,852618,2493135,1609065,146546813,ransom,
12458126,1283474,3114569,2117623,110070056,ransom,
17320576,2046883,2918783,1489680,151067967,ransom,
22055973,3119723,2848636,1409982,150360951,ransom,
20377002,2693431,2068644,969499,180825950,ransom,
21041717,3411292,1381102,616511,194863516,ransom,
20671316,2590158,1578818,541326,195325627,ransom,
20391791,2691237,1765795,765323,186759198,ransom,
18132816,2368752,2205614,1177805,168400914,ransom,
12117148,1025493,2002742,1419203,168244519,ransom,
8215300,418304,2415769,1803385,144746428,ransom,
8142140,281976,2295453,1683761,157985186,ransom,
5892026,409745,2879927,2198694,91352162,ransom,
12339912,884432,1502033,854575,177430545,ransom,
21492945,2146721,2475915,1082436,183937612,ransom,
22085595,2231341,2170168,995060,190290306,ransom,
19052689,1598883,2310869,1024441,189330773,ransom,
9369211,432048,2558776,1609690,168216745,ransom,
9825654,510260,1647563,941150,165768218,ransom,
10988399,887444,2204375,714355,172407361,ransom,
10101078,741171,2589622,1374585,159615144,ransom,
7928639,800374,1942543,793645,47286600,ransom,
4258588,446640,1856582,947198,31932063,ransom,
5624946,495118,2414529,1563257,67386662,ransom,
8990917,814030,2760800,1648347,126582104,ransom,
10844507,830086,2886224,1268108,167590981,ransom,
10765669,756435,2010482,1094123,175472239,ransom,
8777324,438474,2809175,1491168,154346082,ransom,
8826512,495174,2405994,1403228,147277200,ransom,
10628355,819528,1656454,907904,178650070,ransom,
9266698,897349,3542274,1657007,120508922,ransom,
10611193,786576,2259285,1222036,166992165,ransom,
10409651,614796,2406221,1328757,170317201,ransom,
10056304,562527,2737891,1597095,157510284,ransom,
9340993,513698,2552667,1388305,164229501,ransom,
11450761,951155,2237149,1099694,177499319,ransom,
10364180,727841,2667791,1186101,173562933,ransom,
9789004,580602,1844474,1185576,171722602,ransom,
9126740,567249,3332285,1836870,143896401,ransom,
9553922,760973,2482845,1484223,148232409,ransom,
10634226,842332,2759217,1097830,167797117,ransom,
9709324,718503,2052614,999781,150911036,ransom,
8220929,414609,2939046,1588946,145332923,ransom,
10703008,753139,2721951,1600089,151368914,ransom,
11879428,949093,2227061,1108389,167509349,ransom,
10818773,705749,2278372,933584,179424585,ransom,
10925362,789747,2466366,1154657,175337409,ransom,
9206498,497971,3046879,1738447,156349296,ransom,
9323304,775575,2702190,1673430,130646589,ransom,
10526341,854048,3226613,1429281,161421517,ransom,
10602191,740544,2003189,1000173,172142642,ransom,
7504002,452763,3236347,1926906,111082961,ransom,
9274220,515491,2450549,1225130,165870093,ransom,
10303880,827431,1873239,918426,160473928,ransom,
9715809,577024,2623360,1265716,165673815,ransom,
11806931,1042669,2428657,1313103,172787402,ransom,
9171989,535939,3575779,2154888,120852265,ransom,
11909296,1028886,2309919,1169453,171669850,ransom,
9838515,696953,2999273,1415917,154055806,ransom,
10588544,817930,2267596,1083850,162109124,ransom,
8769984,446363,2754064,1276157,155415165,ransom,
9624504,542748,2778653,1619965,157294079,ransom,
9999925,563587,2162797,1161684,175522270,ransom,
10300253,874839,2548590,1253218,161623658,ransom,
9358517,662973,3060633,1708301,144554006,ransom,
10033661,593375,1780625,1059913,176515322,ransom,
8079028,437189,2965004,1699904,140827611,ransom,
10530473,1023534,3207723,1967692,134354617,ransom,
12132039,1015366,3120394,1368021,171153166,ransom,
10478659,727038,2268863,954829,166372076,ransom,
9328956,472743,2473811,1287558,167149154,ransom,
10194030,510464,2020089,1060353,186340452,ransom,
10045407,637187,1956851,1055094,168437268,ransom,
9077791,670406,3138160,1693055,141496055,ransom,
8872215,608962,2902394,1759540,142006629,ransom,
8554879,509743,2239119,1654949,146862475,ransom,
8635297,349872,2254048,1144638,159784549,ransom,
9053151,471739,2121937,1294090,158769539,ransom,
13201520,1200880,1956729,1207240,164470624,ransom,
14467799,1492066,2209543,1226436,168751809,ransom,
13348559,1372353,2248976,1373612,165095811,ransom,
19739203,2670740,2854639,1534762,153816320,ransom,
19579302,2506028,2313645,996660,170335819,ransom,
11620828,994838,2210486,1438242,164932295,ransom,
14447791,1494199,2015165,1109273,174110672,ransom,
17020129,2073269,2228141,998928,182804362,ransom,
20159185,3083005,1681503,798477,193901097,ransom,
19013864,2784016,1950167,945206,188734148,ransom,
15806728,1985323,2332587,1461338,151134359,ransom,
17869721,2438032,1924684,1009765,180578703,ransom,
14467727,1140506,1761222,960019,184406848,ransom,
8309733,527660,2212183,1612522,147235175,ransom,
15705567,1520822,1611571,996260,158103207,ransom,
22065203,2389284,2159103,870549,119453742,ransom,
24456745,2234171,2820462,1434691,132499986,ransom,
10153360,1003339,1526493,505169,63540557,ransom,
6809180,687173,2284480,1313098,74106246,ransom,
9533117,566198,2986332,1488020,152510985,ransom,
9043448,392114,2039972,1160739,171968465,ransom,
7027476,396371,2543063,1769405,125108683,ransom,
9059714,670237,2709353,1787517,130979177,ransom,
12633102,1044825,2366482,867507,177894164,ransom,
10730485,770156,2500408,1030482,172709736,ransom,
9638081,533420,2175352,1064121,162401747,ransom,
9260399,546283,2594076,1536204,155135720,ransom,
8778962,537997,2254153,1442900,148264002,ransom,
10748888,776099,1860004,705773,180168040,ransom,
9566853,643370,2610202,1362358,163398446,ransom,
8383022,503043,2756952,1892400,141566391,ransom,
9140346,435884,2111694,1174610,160847703,ransom,
9094218,417745,2308391,1362335,163042476,ransom,
10259941,604745,2493958,1602831,161345617,ransom,
10569357,537259,2043673,1056976,173876742,ransom,
7976945,379430,2225101,1329465,143545373,ransom,
9682349,933668,2384593,1248297,136355084,ransom,
8840093,735341,3331860,1917649,128195034,ransom,
10982155,737577,2706378,1290257,174452469,ransom,
10034376,603125,2418660,1207568,166685127,ransom,
11158484,832464,2102342,958111,179299557,ransom,
9138501,631042,2632410,1334497,148823232,ransom,
8676715,477667,1975809,1274240,153902769,ransom,
9927379,652911,2793659,1503349,154325045,ransom,
9473343,505814,2719633,1767217,148944114,ransom,
9838197,478497,2484932,1449645,171477610,ransom,
9043453,483202,2419496,1340651,160133859,ransom,
10954070,814164,1949915,956986,180320266,ransom,
11106469,795545,2884321,1199853,178715257,ransom,
10265319,649174,2161020,1283111,167091621,ransom,
6393447,482994,2187393,1012674,83236018,ransom,
9493386,976784,2320130,901283,126803313,ransom,
7916869,615368,2479644,1277408,129566260,ransom,
8431786,612600,2897000,1697687,127616818,ransom,
10686970,842061,2683204,1558231,157309328,ransom,
10708878,538879,2378956,1431371,165317863,ransom,
9590847,733471,2629164,1550075,148266982,ransom,
9975555,771658,3239873,1554648,150604039,ransom,
11533724,793944,2083971,892833,184360344,ransom,
9300743,478181,2619885,1356374,160354558,ransom,
10281027,562770,2566838,1202800,165890015,ransom,
10478799,782325,2160291,974916,159348416,ransom,
11309697,806691,3117584,1092262,167704291,ransom,
9799479,727926,2857109,866594,137253300,ransom,
10916528,877173,3097955,1271283,141654270,ransom,
10423988,791262,3699699,1856936,118810963,ransom,
13185216,1223803,3032014,1092215,171720230,ransom,
12275117,1114625,3465644,1128976,153248612,ransom,
11179556,862507,3263122,1194807,124265657,ransom,
10022181,543262,2690515,1955919,122962749,ransom,
11383959,952802,2339545,1318098,163736544,ransom,
14669587,957163,2873269,1293714,167464668,ransom,
14031538,890056,2103845,747650,195347403,ransom,
12155822,925806,2333228,1303150,171974165,ransom,
9975586,745314,2830443,1590941,134958009,ransom,
12429127,1046274,2576242,1711134,141526412,ransom,
13592629,1046885,2549645,966864,162644284,ransom,
14489420,1048176,2121468,606575,193594509,ransom,
13345345,832051,1801830,796623,184990198,ransom,
13555494,784339,2564815,1502274,175616398,ransom,
12610726,895627,3197856,1942433,151734491,ransom,
15175413,1240043,2489380,1346134,155554645,ransom,
14566682,1350326,1915018,1101822,170533873,ransom,
21932749,2730774,2734889,1373896,159874407,ransom,
18159685,2236236,2542138,1432805,145839404,ransom,
19870653,2544977,2639208,1436133,147202287,ransom,
23762724,3942270,2794454,1721090,150332655,ransom,
27350271,3594827,3066542,1340476,161677846,ransom,
23232514,3254098,3025175,1357981,158027900,ransom,
26098025,3862066,2981886,1343462,162334200,ransom,
15551389,1450133,1973764,1057176,147859469,ransom,
27789993,2727190,1632968,945341,208188246,ransom,
18085131,1452738,1234837,665724,200237324,ransom,
13437411,1089124,1805801,1208492,176993659,ransom,
21140884,1896666,1844040,931356,188624476,ransom,
20959555,1958434,2366840,1277873,187471524,ransom,
17705378,1485016,1902370,1112266,184829362,ransom,
21062939,1720957,2483141,1208755,189748236,ransom,
15265923,1077622,2131004,1245802,186023995,ransom,
16221190,1390183,2072479,1004210,177906502,ransom,
12927149,839714,2141937,1412917,154574516,ransom,
14109244,1062858,2152815,1630861,139866876,ransom,
17031370,1343861,3104059,1684038,161433232,ransom,
13882198,1085057,2698160,1359632,169101648,ransom,
12757139,898421,2738421,1486126,160043531,ransom,
12087057,778088,2439856,1518797,163505323,ransom,
13464433,950676,2612934,1530971,166749979,ransom,
13757373,956231,2062067,1126688,174062683,ransom,
13138271,893139,1844884,793499,181543968,ransom,
12898696,876033,2508784,1552579,164162522,ransom,
14464695,1284242,2740145,1532632,164369748,ransom,
12210442,963440,2815531,1641729,141822529,ransom,
15006156,1411347,3037177,1778338,148970013,ransom,
13918316,1012397,3469312,2117952,133403741,ransom,
16017294,1212705,2706266,1413213,169334417,ransom,
15547847,1329713,2542302,1644643,157683813,ransom,
14291437,1315270,3459811,1749785,133420490,ransom,
15681946,1357829,2090875,799861,192553466,ransom,
13309312,858397,2468300,1042606,178216746,ransom,
12312014,782838,2609313,1388373,179705335,ransom,
15211868,1450505,2925120,1240423,180745012,ransom,
11033050,891990,2728252,1401764,148017970,ransom,
13225930,973357,2337888,1040828,167791488,ransom,
11035101,765683,3126671,2070528,130838465,ransom,
12972835,1025520,2961310,1890832,131684955,ransom,
14284286,909100,2439509,1355923,161668059,ransom,
9718321,732028,2313315,1460313,146940811,ransom,
14160328,1097315,2569198,1151575,180528380,ransom,
16507268,1431547,2680993,966692,189356982,ransom,
15219576,1186429,2598329,1205291,177429023,ransom,
15061022,1030458,2001687,1007677,193224347,ransom,
15002356,1068504,2559498,1406437,179943298,ransom,
14738251,932453,2794441,2063112,125250246,ransom,
13295846,1247268,2811634,1509357,118701636,ransom,
15429212,1273334,2557612,1135369,176392776,ransom,
16505188,1268936,2467646,1149830,178429456,ransom,
15961311,1207890,2852286,1783740,144395138,ransom,
13838708,998584,2418841,1400454,157665431,ransom,
16391451,1341808,2896642,1466130,157142738,ransom,
14460185,1269493,3136292,1606774,158618937,ransom,
14185599,1107900,2358636,1155622,155380152,ransom,
14636789,1019082,2790816,1489349,171108419,ransom,
12252075,863287,2913240,1892103,147245595,ransom,
15074245,1340988,2916840,1555757,154628825,ransom,
15496203,1325023,2734376,1240265,158975297,ransom,
15862055,1322936,1930312,737468,178994174,ransom,
15621127,1248478,2381488,1297250,171106292,ransom,
16244617,1350920,2866300,1651653,162774624,ransom,
16975677,1334430,2957463,1727200,159352124,ransom,
15299368,1357093,2971027,1678242,153698378,ransom,
14750431,1189147,2328957,1044031,170887863,ransom,
11882297,736636,1660339,731512,190661214,ransom,
15557660,1164365,2392250,1115640,180277602,ransom,
13579864,873790,2421702,1359237,183133992,ransom,
15451561,1178929,2221063,1021945,182511946,ransom,
16229813,1460930,2366778,1178317,176218469,ransom,
13631954,1160912,3030310,1508587,147274742,ransom,
11765196,960083,3306342,2476151,92897970,ransom,
14076033,1173341,3130359,1803433,116054570,ransom,
16438656,1213610,2669149,1321003,176359409,ransom,
13899113,929465,1993333,1096457,178120482,ransom,
13087268,1164259,2593708,1465088,142686634,ransom,
15597593,1283336,3301885,1586265,154541253,ransom,
15634334,1324740,2325140,1145700,143916172,ransom,
22876229,2541203,3056039,1499089,151318718,ransom,
21259589,2436697,2767749,1364494,162892667,ransom,
24792998,3094100,2561513,1087060,162481385,ransom,
28956198,3881591,2939499,1240963,165944009,ransom,
26322850,4068836,2473703,1210434,161968395,ransom,
25249141,3438250,2672562,1605048,144639292,ransom,
19032052,1699724,2202671,1179630,176612911,ransom,
15002521,1199205,1883212,1217960,168765520,ransom,
22543818,2583139,2060510,1074384,193968505,ransom,
21851903,2610328,2537948,1560556,174161469,ransom,
14719557,1174400,1736724,1027934,185153952,ransom,
17897836,1664925,1964677,1218227,141422425,ransom,
27048386,2964705,2565902,887674,143741868,ransom,
27917962,2944137,1920810,814507,147030037,ransom,
14981062,1127901,2190764,1156475,168221889,ransom,
13646197,966631,2181691,1219813,170191762,ransom,
12945438,1011215,2919081,1761778,142318247,ransom,
14523345,1123083,2206542,1165629,167402682,ransom,
12529861,852294,2041309,1259680,147550027,ransom,
16535848,1546152,2437990,1282201,165686026,ransom,
13658958,1090958,3062715,1728456,147888810,ransom,
15206354,1316898,2805969,1158443,158467670,ransom,
14170101,1148587,2317577,1203776,160622884,ransom,
14719362,1095209,2480571,1100101,169170453,ransom,
16924380,1441353,2489047,1125714,163799918,ransom,
12600681,903211,2795687,1734793,135098175,ransom,
13780024,1170823,3004104,1300522,140298265,ransom,
12502974,1039067,2561888,1611939,122781290,ransom,
12991679,873188,2514362,1301059,165731011,ransom,
14614343,1087867,2197763,1208020,183585381,ransom,
16472854,1466591,2107504,931984,190358257,ransom,
15391980,1228423,2182039,1012669,185378890,ransom,
17698651,1568106,3014627,1269813,179582283,ransom,
13612166,1030018,2639201,1506657,159156899,ransom,
12816110,877015,2588785,1590627,167930725,ransom,
12249922,902182,2570071,1556996,150489233,ransom,
12208324,828983,2771921,1807221,146163932,ransom,
14029991,1034102,2863872,1743862,153291640,ransom,
15290029,1365753,2568464,1319602,173487458,ransom,
15848822,1308057,2678929,998639,185388542,ransom,
16318598,1301580,2401225,1133583,183043174,ransom,
13904530,843653,2616998,1408150,165501632,ransom,
13442658,897860,2687026,1533548,145257309,ransom,
14185141,1035480,2482438,1634509,148119091,ransom,
16836330,1504894,2280565,1170644,169704783,ransom,
13680047,1061504,2951508,1591955,162249376,ransom,
14870978,1181412,2849618,1436175,181125794,ransom,
14645764,1090221,2328569,1198323,180494128,ransom,
13954471,1067245,2600810,1395704,165229762,ransom,
14269058,1047204,2433104,1370077,176251651,ransom,
20411019,2219170,2573802,1346030,155405459,ransom,
20571529,2335832,3059807,1571314,150879931,ransom,
15898567,1412254,2260322,859444,181073971,ransom,
16234775,1462150,2648119,1373058,159066940,ransom,
15157876,1323537,3059563,1914312,143729579,ransom,
15147487,1396258,3326487,1716172,130395298,ransom,
13639208,1070415,2483722,1469027,145506533,ransom,
16208116,1562674,2558297,824795,165910127,ransom,
14943132,1129838,3013726,1355056,154877042,ransom,
14009051,1040680,2178570,1068982,167053461,ransom,
13826168,1262847,2629550,1264520,119529128,ransom,
14774619,1234849,1674195,869140,65178418,ransom,
13328171,1354540,2634472,1336748,94563513,ransom,
11983879,933386,3841981,1361408,152131090,ransom,
11874848,692826,2335039,916236,159957111,ransom,
14287333,1133155,2233124,1296320,157273092,ransom,
20343263,1563879,1953443,1111761,192976496,ransom,
19355027,1373007,2055427,1117896,181350553,ransom,
13486782,1547040,1974430,871048,66146307,ransom,
10852973,1315188,2570724,916766,87541464,ransom,
11947289,1430688,2454136,935711,68504450,ransom,
11000461,1382427,2043209,841193,74238940,ransom,
11165155,1196896,3661157,1784660,98271027,ransom,
10675938,1217747,2356056,1024760,63766411,ransom,
5429708,481009,1629665,981848,69271170,ransom,
6106911,882332,1617018,558149,29924336,ransom,
9582550,1027982,2182296,867205,59346059,ransom,
7742744,1066501,1883313,573987,39735690,ransom,
5475822,679411,1479589,419328,27447800,ransom,
952614,113297,395174,217926,4630049,ransom,
406733,25792,262040,219432,1829123,ransom,
1931657,175720,490169,133656,10065029,ransom,
12248892,822055,576293,191446,49306935,ransom,
11964229,785240,556241,275779,49453388,ransom,
9996769,844881,612753,217700,44537399,ransom,
10372845,1027897,725261,332023,48293750,ransom,
8364094,864257,1068210,559019,43156088,ransom,
6554542,709373,833549,337915,37049172,ransom,
4717076,553963,672173,294649,23691730,ransom,
4236703,488782,526277,206846,21450849,ransom,
4382943,487533,563238,265235,22348285,ransom,
5494389,630087,582369,206235,27958272,ransom,
9168478,809336,1575553,768886,108883455,ransom,
11573322,1003658,2132178,866216,166516851,ransom,
11146436,865007,2231355,732604,176561409,ransom,
10025198,541478,2271485,936529,169149169,ransom,
9933840,526823,2168870,1112472,174244815,ransom,
11683671,976586,2071602,968933,182320000,ransom,
9599999,612798,2624493,1175663,168964404,ransom,
9532359,703565,2659192,1759278,138543780,ransom,
9687548,684034,2973085,1709798,133259478,ransom,
9594534,631328,2650027,1604890,137033079,ransom,
10761163,800349,2506730,1230750,167912536,ransom,
9896994,544354,2300010,1170874,175885951,ransom,
11393720,781784,1864574,694864,177335390,ransom,
9582431,540829,2855508,1497485,145245906,ransom,
12725019,1292385,832276,404485,58497527,ransom,
8107162,1059800,1676534,558667,54851125,ransom,
6114895,751883,1671533,525278,37653514,ransom,
9054681,951557,2162481,1189717,64203625,ransom,
13242480,1731305,2033781,666607,66639193,ransom,
14991128,1809636,2670352,889829,75431328,ransom,
12611311,1250195,1896313,774335,88157446,ransom,
10234250,723943,1948253,1030860,145218759,ransom,
9365300,1072012,2174231,850545,78883808,ransom,
8114864,692766,1953591,913060,101783523,ransom,
7935889,439633,2305457,1397121,136912663,ransom,
10409038,737392,2213203,1082975,153434426,ransom,
9176188,800669,2324897,1425162,145079526,ransom,
7782130,502959,2866544,1938003,127222748,ransom,
8605365,435882,2399426,1354131,149916055,ransom,
9694262,587133,2397485,1044220,168145470,ransom,
10037040,631675,2792302,1497561,152908524,ransom,
12111381,800525,1821601,804114,187497519,ransom,
11122608,786496,1757807,750633,187356925,ransom,
11901345,933344,3189618,1358496,152323576,ransom,
11072908,744230,2469219,1419659,147465070,ransom,
10030791,529758,2679745,1569427,159669019,ransom,
11949141,746348,2077278,1005670,166534813,ransom,
8115496,488185,2227665,1746132,118572743,ransom,
8635230,471068,2080326,1367649,133168002,ransom,
10557797,462927,1927351,1055452,170431518,ransom,
9603120,499108,2040201,1018884,171298329,ransom,
9842606,468923,1933675,1008343,177097098,ransom,
11318976,679853,1971736,1093622,179205093,ransom,
11895425,1091068,2907419,1574957,154201509,ransom,
11748519,1039158,3071380,1593464,156960961,ransom,
13755429,1099555,2677380,1353792,174317686,ransom,
12041219,862041,3337438,1842275,148015492,ransom,
12246970,944622,2688776,1626000,159899110,ransom,
13632055,1210907,2335827,1287571,161350906,ransom,
12735332,1164140,2868306,1795282,144141109,ransom,
16726378,1780621,2215804,1156294,182773529,ransom,
14961593,1505900,2052083,1060529,176787706,ransom,
14153034,1563198,2115044,1197892,174193401,ransom,
16299902,2061690,2702042,1489753,149115942,ransom,
12661544,1047634,2343972,1229538,167209178,ransom,
17511293,2441720,2709639,1506660,146456215,ransom,
19179993,2518434,2435570,1428803,157931273,ransom,
19620001,2325261,1836994,738041,194983625,ransom,
19120032,2828677,2134401,938482,185788870,ransom,
20243684,2591429,2064558,829343,184132323,ransom,
22357894,3109864,2808557,1338959,172630469,ransom,
12601979,1542255,1668477,955719,96417229,ransom,
8837167,928255,2031732,1602000,100826935,ransom,
16843656,1425705,1552975,771667,169672425,ransom,
21672844,2006706,2018247,1187361,185155483,ransom,
19720858,1719975,2253583,1205639,181757241,ransom,
13379668,999137,2609626,1433952,157698748,ransom,
12847882,886910,1668027,917261,162943992,ransom,
11723051,880285,2112953,1378861,124244403,ransom,
12352444,897001,2353468,1146320,178054265,ransom,
9152243,723006,2264702,969984,134927631,ransom,
8594128,597563,2551553,1688911,126949945,ransom,
7775366,238148,2068170,1343416,166677549,ransom,
8620918,310438,2142412,1265861,166910988,ransom,
10339412,403980,1535532,656873,194503002,ransom,
7803630,298779,2706405,1956533,143014991,ransom,
7632516,321996,2647648,1848869,135248429,ransom,
12933451,1002662,2754607,1303260,159003649,ransom,
12532904,919097,2524647,1259242,168929708,ransom,
12650514,1034238,2504481,1488609,161749665,ransom,
14328768,1324164,2879575,1732391,162013994,ransom,
10891590,1074526,3251838,1724843,111251879,ransom,
12190848,1277000,2732660,1343562,110641102,ransom,
11719316,753702,2352824,1110449,171501338,ransom,
14409484,1054262,2079412,972626,178514744,ransom,
13823086,882743,1062233,527541,177363356,ransom,
9681775,622713,1963960,961281,157846204,ransom,
10340602,523595,2031524,953086,184350325,ransom,
11210962,897268,2383647,1260527,171344195,ransom,
7761648,970805,1924718,906846,36362358,ransom,
8026030,790542,2158824,936442,45761655,ransom,
13497762,1555173,2173941,746904,66449942,ransom,
13185074,1357640,2413905,964613,144979635,ransom,
12639865,1444282,2205275,764779,90966479,ransom,
12215546,1007387,2898455,1494667,132948118,ransom,
13911922,1352104,2914945,1361318,154723294,ransom,
11385093,934921,2718545,1279118,157616962,ransom,
11148463,803989,2478730,1434457,169572318,ransom,
9313887,494582,2481911,1186639,158645137,ransom,
11277641,748261,1735149,982533,174176991,ransom,
15287604,1194735,2186574,1324001,154376917,ransom,
9424491,1146207,1977943,1025752,61519741,ransom,
10871837,939331,3187426,1865501,138168353,ransom,
13418762,1220265,2948130,1330140,163990991,ransom,
12696689,1034222,2667119,1172065,157962339,ransom,
14457465,1225636,2741741,1430795,179012886,ransom,
14062517,1313313,2719437,1130833,165100670,ransom,
13026321,1059892,2399561,1092850,174350575,ransom,
11814852,870908,2574078,1401916,162844380,ransom,
9840584,580113,2507807,1397780,160258241,ransom,
10257289,758385,2651628,1507441,154508359,ransom,
12243457,1077307,2324263,1073989,150761365,ransom,
6761669,665366,2343764,1154500,94638038,ransom,
8654648,585133,2894201,1714379,133196457,ransom,
9327020,498733,2597293,1432507,159179216,ransom,
9997488,563221,2250554,1069779,169664148,ransom,
11389280,866812,2390312,1184170,168703929,ransom,
10709848,828911,2920364,1207886,161747997,ransom,
10592898,613960,1491306,762919,185398967,ransom,
8803780,513428,2813978,1286141,129401112,ransom,
12530965,1094869,1643973,934013,123444708,ransom,
10469490,1227037,2021126,970342,74680101,ransom,
9542696,986168,2427455,741515,87704060,ransom,
6925156,657411,1814145,734141,72317247,ransom,
10652419,982339,2498382,1334364,95198983,ransom,
15279593,1764803,2789645,862648,117188540,ransom,
12511760,1491593,1965346,649289,91816481,ransom,
10794638,872522,2518830,1132364,125838327,ransom,
14105113,1377028,2881390,1365820,172983818,ransom,
11576259,954584,3086205,1445762,157662755,ransom,
12770433,947475,2542940,1244057,167929109,ransom,
9885213,753197,2832000,1738660,142975723,ransom,
10092696,552737,2040591,1133328,157616927,ransom,
10868539,779197,2303267,1201877,175532386,ransom,
8208165,653749,2476402,1235967,123347006,ransom,
7718996,392210,2521525,1882274,137210436,ransom,
10269486,603909,2474891,1084543,172057941,ransom,
12006035,869489,1934212,807825,187992778,ransom,
10735642,716814,2516607,1008315,174672015,ransom,
10110012,692854,2430955,1310581,162114630,ransom,
5144560,484081,2297071,1224641,30006245,ransom,
10775106,1083663,1263536,763878,73505457,ransom,
6916692,619952,3098296,2247528,78430479,ransom,
11031512,1419811,2282930,741406,58695510,ransom,
8160945,693750,1599004,460645,103700963,ransom,
11200685,704335,2388165,1338470,169312042,ransom,
14090453,1217841,2891313,1524114,162318245,ransom,
15165490,1406125,2700954,967318,185971271,ransom,
12716234,1116142,3012598,1429450,149656694,ransom,
13430072,1022950,2310603,836951,182586079,ransom,
12943148,905285,2277203,1226358,171118663,ransom,
16654641,1444745,3098939,1228536,168463949,ransom,
17554368,2022514,3711201,920731,86723888,ransom,
13955156,1518217,2222469,559157,64003527,ransom,
11825300,1207630,1636693,461838,53926456,ransom,
15471180,1488363,2751963,1270658,117599613,ransom,
15601600,1131131,2792612,1358265,172726406,ransom,
14628800,1176184,2523312,1305121,163464011,ransom,
14057762,924926,2429742,1129405,177068872,ransom,
11998657,745972,2810888,1880598,155482131,ransom,
13932968,819151,1867520,1073838,167868538,ransom,
12202832,922644,2350696,1527924,152041815,ransom,
13626623,983304,2774132,1271040,173353704,ransom,
17652168,1440209,2649211,1180245,188555965,ransom,
9721888,523209,3102864,1630901,156243933,ransom,
13937281,974868,1957852,1104778,189489028,ransom,
12490552,854175,2327107,1198321,175521305,ransom,
10435204,939525,2756989,1440289,155494496,ransom,
10946203,716466,2499948,1048031,191312851,ransom,
11183693,741048,2074247,1016372,180317079,ransom,
10895326,525357,2213658,978514,188799506,ransom,
9733684,607752,2835183,1973466,140004072,ransom,
7589578,554040,2906697,1805828,102601260,ransom,
12958799,1062823,2356746,1312319,181046316,ransom,
12831097,1019945,2450922,1132144,169489191,ransom,
10385681,862587,3574765,1981411,134667261,ransom,
14308620,1303773,2861489,1737043,161227972,ransom,
14418362,1116560,3389159,1734967,153324846,ransom,
13601537,1007472,2625548,1277981,183105077,ransom,
14158667,1296091,2311958,1042505,184419963,ransom,
9095858,456479,2327258,1151874,160987802,ransom,
10295609,689176,2018498,940454,166818455,ransom,
10116971,551403,2752367,1316910,168201992,ransom,
7646576,718268,2189255,1258867,100217186,ransom,
6106810,826430,1872104,402061,31316574,ransom,
5911459,694504,1813179,778901,32229909,ransom,
13372883,1278138,1244070,759449,114405261,ransom,
13709573,1079805,2283101,1074103,159861431,ransom,
7494240,825983,2075314,618738,75169948,ransom,
4779528,596890,1480797,454274,24954068,ransom,
11573442,904975,2043317,1139673,137996407,ransom,
11100162,1424372,1521329,595842,56894712,ransom,
14338830,1821992,2273942,603655,71262648,ransom,
10105012,1140203,1685004,532643,53080791,ransom,
3420399,407945,501646,212835,17616604,ransom,
1954070,179887,540720,282347,8171586,ransom,
232134,24198,119711,78066,1320560,ransom,
1960531,250069,727026,472322,8715929,ransom,
3165179,237438,383648,170150,21005948,ransom,
4969,734,5320,3243,24451,ransom,
5567198,252064,1662617,1139478,102445923,ransom,
9817978,753438,1726969,822380,155716011,ransom,
9594603,697914,2612992,1169044,139677382,ransom,
6995971,547780,1757012,766637,91330212,ransom,
9522865,986334,2708125,1383538,102942636,ransom,
11314396,820634,2586134,875649,170367720,ransom,
8173653,590444,3075429,1892786,116595139,ransom,
10633297,760271,2343991,1442284,155077785,ransom,
16055501,1153409,1985921,975642,188327098,ransom,
11274284,624987,1878218,985712,184567842,ransom,
10739189,825797,2293539,1260408,164109887,ransom,
10537760,755043,2648440,1072820,172400355,ransom,
9534712,602212,2761909,1635939,155557861,ransom,
9028097,518181,2750016,1754281,145849822,ransom,
10413092,668969,2446015,1281171,164428406,ransom,
12273409,825416,2502990,1383682,180079389,ransom,
11156588,678259,1950421,1110307,172168191,ransom,
10075319,605320,2265084,1421022,159879877,ransom,
14171132,1067539,2450431,1429258,156915738,ransom,
16724868,1342190,2149503,732871,196393636,ransom,
14682915,1255867,2404325,1243819,182331157,ransom,
12670335,1000179,3273892,1801229,157382376,ransom,
11643146,1218371,2080282,774461,113466775,ransom,
8249999,422258,2721600,1496978,141474698,ransom,
11902835,901503,2746061,1430454,160500962,ransom,
12190216,1045053,1725365,943861,166465506,ransom,
13257904,1326109,2172907,1213919,159992374,ransom,
11859137,1059969,1846088,1149762,155492119,ransom,
25775723,3876649,3035502,1390154,143813699,ransom,
24260246,3169232,2931027,1313038,167695763,ransom,
19707593,2921005,1816436,891676,188314331,ransom,
19412779,3001160,2530702,1343535,173217518,ransom,
18769076,2555603,2421628,1161713,169956228,ransom,
18023137,2654757,2842394,1619972,144574993,ransom,
13033273,1281442,2220298,1561014,153625896,ransom,
8709718,424458,1864324,1271799,169451853,ransom,
8549876,253304,1505256,1009121,180187580,ransom,
11631050,773910,2258936,1424240,160978736,ransom,
11982199,842212,1622556,858099,181868103,ransom,
15210312,1292680,2015990,843874,188834488,ransom,
16032836,1280647,2083429,949416,191175388,ransom,
18923532,1702854,2431202,1293421,185879799,ransom,
21847271,2024221,1971430,1279019,188579312,ransom,
14664544,1088054,2014171,1092012,165639000,ransom,
9463430,714118,2122627,1133898,142027855,ransom,
8815831,591917,2571977,1887659,119507943,ransom,
8642861,736616,3251284,1993887,81228443,ransom,
7908062,896628,1920050,797810,70121458,ransom,
9687789,501013,2805637,1313411,160823566,ransom,
10313244,693688,2712314,1427835,150950600,ransom,
17617315,1496622,1354890,568286,190794452,ransom,
14640993,1012633,2537926,1225870,184610016,ransom,
13932636,1117019,2611966,1356614,182652132,ransom,
12482298,905716,2532408,1206941,176382180,ransom,
13348163,1258841,2695530,1314144,138699625,ransom,
12909062,1416342,2928220,1311637,113156375,ransom,
14991125,1504126,3150331,1829407,147393532,ransom,
14405141,960276,2776515,997942,188701276,ransom,
11263901,734456,2389762,1379618,170820734,ransom,
12756759,1188744,2921443,1690156,147608765,ransom,
8645658,607330,2704097,1692645,130450832,ransom,
11135119,717807,2063222,984611,181657967,ransom,
13689705,1098118,2614774,1072112,187551926,ransom,
11537336,793412,2151115,1369987,173569100,ransom,
9759170,517255,2595774,1553718,161165347,ransom,
11008387,699910,2347135,1213936,160680089,ransom,
12852703,969335,2972926,1713032,157109874,ransom,
11160943,761325,2672599,1686931,161079437,ransom,
11912399,1007603,2760815,1403851,154518457,ransom,
9779466,675446,2873003,1371694,154899563,ransom,
10948393,649335,2035830,889144,183948503,ransom,
8416876,370145,2440239,1509959,157301132,ransom,
13102762,835704,1863352,921172,189700605,ransom,
12025896,707024,1925605,805384,179455206,ransom,
12010742,763146,2602531,1186180,150280078,ransom,
12471473,841049,2644001,1224170,159346293,ransom,
10375109,694685,2860868,1609844,133906966,ransom,
10081723,798320,3170988,2124517,106235512,ransom,
16127409,1577784,2391355,1237906,144008705,ransom,
14728545,1298649,3155809,1236826,154492437,ransom,
14597604,1226680,3134488,1754368,156910735,ransom,
13530710,951243,2467508,1136309,173598336,ransom,
12070382,774294,2600071,1218133,171751048,ransom,
10710844,765711,2490274,1563884,151210095,ransom,
12647813,1104221,3180694,1399897,157594439,ransom,
15033309,1268036,2297796,886931,185854871,ransom,
13650371,949413,3042635,1343318,166318155,ransom,
12775288,1035066,3408609,1965148,138885779,ransom,
13129430,1273353,2033208,1380541,128820165,ransom,
15119911,1041722,2096966,995052,176386364,ransom,
10111243,777597,1831812,1074801,160485924,ransom,
8674925,786000,2832050,1376375,120070236,ransom,
9994178,802640,2214633,935071,134474203,ransom,
10800650,821323,2393093,1225539,141432213,ransom,
8411787,567173,2882973,1988481,128997064,ransom,
11875996,967616,3113993,1911203,135892221,ransom,
13715974,1026657,2476947,1081326,179495181,ransom,
15334354,1460489,2698494,1001015,189821417,ransom,
14195266,1285910,2750618,1214875,149451337,ransom,
14537705,1120889,2824442,1176338,164011581,ransom,
13192197,924477,2636846,1367343,178337196,ransom,
14694274,1360887,2390523,1000176,190398742,ransom,
9128487,701505,3052611,1739004,130721787,ransom,
7796762,412429,2988686,1978918,134403493,ransom,
9898083,642483,2088974,1239122,161387341,ransom,
9278895,374526,2225224,947982,173509247,ransom,
9930919,462917,2478856,1312396,173519194,ransom,
9568512,543927,2375300,1166613,158891490,ransom,
12170066,943619,2721593,1669655,154009645,ransom,
12175347,779019,2788307,1336517,173466698,ransom,
10200980,765899,2520168,1304201,149303110,ransom,
9305395,493965,2500815,1133055,152632972,ransom,
11231057,697805,1483309,949073,177493787,ransom,
8840227,511287,2174551,1438465,137585150,ransom,
11929778,562298,1284699,674381,186154228,ransom,
11444386,721119,1916730,1072782,185246690,ransom,
7725237,924450,2129823,864416,64352980,ransom,
8708121,603070,2116279,998311,122321410,ransom,
7440569,629829,2688644,1711987,80949196,ransom,
14119891,1325645,1945009,740366,145648807,ransom,
10506220,1068301,3106950,1522791,107679076,ransom,
11964653,1122794,3449417,1792781,127592522,ransom,
9556717,644248,2805134,1644365,140563339,ransom,
12892695,1096612,3343740,1715345,149970416,ransom,
11272339,812219,2430288,1333985,161191963,ransom,
11750422,1040582,2324106,1249990,164741379,ransom,
11431195,793420,2247403,982719,181868454,ransom,
12488435,904059,2129480,815483,188861699,ransom,
12142577,827538,2424224,1085897,169715825,ransom,
12250461,976381,2905618,1817280,140635909,ransom,
14689984,1101525,2825944,1564164,171106788,ransom,
13029168,972109,3057216,1751796,133150146,ransom,
17205121,1546781,2660474,1604287,111068483,ransom,
14006779,1405243,2598386,991809,70318629,ransom,
7446781,809945,2320967,1112130,51412500,ransom,
14855407,1930103,2107441,450558,74616514,ransom,
12257964,1458265,2329879,871063,62887952,ransom,
13992400,1337421,2610894,1098222,152058516,ransom,
13996717,1267656,2940118,988549,174590900,ransom,
14656351,1467746,2640545,1277825,136491859,ransom,
11316607,675552,2669575,1129673,156689611,ransom,
4803686,649482,1225525,563192,29783005,ransom,
8790193,894077,1809253,420292,103203706,ransom,
10416249,544297,1762271,631538,181706755,ransom,
8473975,298447,1797009,1096698,166817615,ransom,
8067036,929337,2047542,930389,75318307,ransom,
6378156,807005,1735947,497130,32024813,ransom,
741696,78867,388626,218431,3221884,ransom,
2199782,187641,502656,264575,10086598,ransom,
4895462,366040,1493688,772875,56862893,ransom,
11518380,1245801,2517572,1065396,106346818,ransom,
9445801,723334,2783701,1725467,131289147,ransom,
10405850,654563,2822367,1293904,158277799,ransom,
13906695,1009036,1494812,748756,188734584,ransom,
11838138,682406,1598363,673101,184901198,ransom,
9592004,498714,2336522,1537367,157450316,ransom,
12174620,1298340,2649092,1323762,98228068,ransom,
12371851,1595313,2223802,578473,61476783,ransom,
9615536,772711,2869700,1803351,130323984,ransom,
12533259,1224502,2909844,1600923,138487509,ransom,
12609969,1062948,2776765,1166085,155953999,ransom,
14666454,1298547,2605562,1161755,171855286,ransom,
14441360,1130377,2434430,930206,168259992,ransom,
8735411,510842,2697812,1559611,141980898,ransom,
10942150,876655,2029585,1030297,171887080,ransom,
8375589,764697,2464465,1096079,107501857,ransom,
9753226,995644,2184182,1076768,84806249,ransom,
17580695,2151601,2522312,1211317,145938580,ransom,
16150621,1827146,2559480,1397598,165447631,ransom,
13831848,1558614,2163209,1196002,153507648,ransom,
16096598,1949816,2482293,1371651,160334704,ransom,
15347028,1688654,2290656,1311450,162775538,ransom,
17911966,2127964,2246105,1182383,170535843,ransom,
16829606,1799574,2068705,962654,182135241,ransom,
17890504,2280034,1593688,870300,186476922,ransom,
17077207,2674949,2276080,1548996,167670606,ransom,
23305054,3637651,2484064,1289611,175036603,ransom,
14238372,1447351,1579666,879993,158076215,ransom,
13272617,999739,1789058,1132791,167828831,ransom,
22600468,2533983,2684956,1055739,126299829,ransom,
21072331,2180349,2199894,1087514,149717494,ransom,
14443334,1122964,2719767,1511224,165612405,ransom,
10498362,531043,1532547,802283,179044480,ransom,
10664297,660171,1740226,1116680,164611620,ransom,
9036945,536933,2275179,1594447,135590151,ransom,
11634589,761978,1886561,1097889,169294747,ransom,
10510925,464387,2094799,1243355,178547907,ransom,
10451444,533894,2358674,1356631,172666820,ransom,
9413452,537260,2612364,1593881,160759278,ransom,
11484109,797446,2622026,1565009,158750647,ransom,
12608098,1103211,2657782,1570983,162380937,ransom,
14197475,1172078,2761088,1221357,173600550,ransom,
13199824,1007718,2550188,1164188,181681849,ransom,
12030024,891560,2477133,1464071,171593680,ransom,
11964475,760815,2631673,1288341,171539208,ransom,
11690758,793085,2570603,1444312,167704758,ransom,
13266853,982278,2629604,1454718,168477102,ransom,
10783641,744974,2166160,1456724,146198159,ransom,
11122132,766249,2377818,1807516,149022736,ransom,
12454847,1091680,2635382,1507230,159295135,ransom,
10551997,855834,3021623,1724696,143736247,ransom,
10349354,706490,2506357,1123141,178055280,ransom,
11122112,708475,1631746,828953,185768999,ransom,
9834872,440567,2324964,989254,179703748,ransom,
9039620,466023,2616914,1647106,159152755,ransom,
10700494,852427,2288987,1271966,154642630,ransom,
14456327,1322992,2936938,1231064,178857732,ransom,
13450817,1141439,2958994,1531307,158376319,ransom,
14220306,1276646,3049128,1600659,157000852,ransom,
12656047,1161933,2671716,1216238,110577247,ransom,
12981505,1618637,2392885,827046,66890760,ransom,
8903094,1112097,2008068,563242,61989702,ransom,
7903798,833173,1996564,793101,57051604,ransom,
9680986,1043017,729781,326650,51165096,ransom,
9360757,772506,2046171,974007,102132648,ransom,
12135511,1260248,2913330,1610531,130343870,ransom,
11937024,971073,2752832,1296109,168743305,ransom,
13309993,1061470,2630295,1364733,160156577,ransom,
11282908,798917,2762595,1365474,157937895,ransom,
12294116,813920,1975125,1207478,174985399,ransom,
12608594,956229,2030668,1131735,178499555,ransom,
12805096,1021144,3117047,1379423,163156246,ransom,
13103166,1108888,2577703,1253564,168543398,ransom,
10640324,698540,2747920,1328007,153935072,ransom,
8214788,587464,2796030,1875359,111655209,ransom,
9959608,584398,2331738,1140333,165765213,ransom,
8780110,493233,2159953,1190284,146835861,ransom,
10112744,836776,2367747,1214089,147058690,ransom,
7887971,496932,2449927,1437778,121601242,ransom,
9328922,632610,2112045,1096162,155358840,ransom,
9837208,761113,2240200,1154932,146187783,ransom,
12090165,770644,2262516,813128,166098995,ransom,
9776574,556329,2348429,1090328,155427917,ransom,
9124219,650556,2073687,1230627,142448360,ransom,
8414153,651001,2747477,1364017,126305069,ransom,
9683698,754213,2387901,1061899,146009115,ransom,
9171337,452068,2246208,983586,151556887,ransom,
8364190,451118,2722785,1821509,134471935,ransom,
10601864,555028,1620904,880432,176160895,ransom,
9871460,545589,2201543,1031526,152915946,ransom,
8784708,1110012,2162866,781727,53931304,ransom,
10966354,797446,2685260,1296120,124371762,ransom,
13169479,900610,2042971,829362,189198174,ransom,
8785020,541278,2676564,1565937,136209370,ransom,
11443603,1223144,2120248,904683,113511243,ransom,
12857750,1573314,2080504,540841,68844527,ransom,
5353486,439824,2357455,1248717,68039781,ransom,
9132971,706048,2484968,1617052,149983217,ransom,
10439091,629299,1908291,660370,179344009,ransom,
8320062,353520,1619645,779802,165306272,ransom,
9927956,676306,2648007,1581920,150792627,ransom,
10075557,717266,2774218,1564319,140696130,ransom,
4379070,354882,1017799,535296,41824074,ransom,
10133858,684833,2204161,1261526,158889945,ransom,
9539261,763684,2934436,1323446,152268110,ransom,
10035170,777637,2747642,1474924,149309030,ransom,
8395668,408563,2991205,1674944,144765013,ransom,
6929626,397296,2984989,2075318,117346571,ransom,
9760298,687762,2323079,1320528,144739362,ransom,
9835328,550261,1734932,617792,180157863,ransom,
9571600,679547,2671655,1245084,150606431,ransom,
10236626,742018,2650567,1297147,143744772,ransom,
10044822,665274,2405047,1410892,150043529,ransom,
10518261,744165,2697229,1539959,146589031,ransom,
9905924,683335,2348512,934606,168355987,ransom,
10048168,618247,2572715,1066785,166340507,ransom,
9777749,572605,2067724,1172618,164198839,ransom,
9438304,380565,2165178,1069436,179393760,ransom,
8521744,416857,2646845,1673119,141456625,ransom,
10096541,760556,2314296,1411662,155660452,ransom,
10417698,730672,2734356,1056184,158924588,ransom,
8386030,606414,2540773,1654824,120108387,ransom,
7670437,423055,2591569,1572102,137396929,ransom,
6560187,500499,3079077,2235505,87107760,ransom,
10659828,594141,2381364,1227705,151827392,ransom,
11455672,904870,2467546,976975,170065710,ransom,
9443998,612498,2759976,1419073,150146111,ransom,
9882954,569841,1739136,787099,175992005,ransom,
9791744,497777,2731230,1397487,167221642,ransom,
7778269,399265,2724263,1793285,131719611,ransom,
9876697,480771,2463749,1334946,171096621,ransom,
10452176,695922,2188797,1191809,161352385,ransom,
6268048,325503,2970284,1972813,102913224,ransom,
11995019,1060717,2785967,1352830,156875475,ransom,
12947310,726326,1762170,460556,198871182,ransom,
8716631,387507,2311803,1472106,155859983,ransom,
9280085,531895,2885786,1709142,151811428,ransom,
10387876,844129,2528471,1395035,157358231,ransom,
9110529,560228,2607960,1426238,155977883,ransom,
10030265,685115,2770932,1307432,151064926,ransom,
10239736,521512,2118961,949116,181176973,ransom,
8405520,487302,2907697,1849214,137017149,ransom,
8133176,469811,2452674,1661698,140035698,ransom,
10310819,934315,2538763,1525839,140590053,ransom,
11375262,898592,2575801,979380,163853616,ransom,
9965221,582631,2451341,1289756,154578164,ransom,
11470356,766508,3180507,1291257,162647052,ransom,
14008984,825589,2680472,1177007,176334824,ransom,
14205945,810228,1829940,975188,185619389,ransom,
16049165,1461525,2290673,1019517,187386957,ransom,
15204131,1237928,2191943,665751,183965150,ransom,
15319638,1095698,3123184,2035279,134705083,ransom,
12975903,905716,2838562,1636169,142497988,ransom,
10688224,622040,2637443,1679744,138451793,ransom,
17539137,1739210,2904185,1444369,165711447,ransom,
19282402,1770371,2979304,1053646,180595945,ransom,
15323059,1195015,2423775,1260743,171148246,ransom,
13832965,991851,2710074,1499053,165570846,ransom,
15011565,1105951,2544021,1516074,167769795,ransom,
12402753,1100688,2326077,884502,143042549,ransom,
7627665,854957,1751201,560290,62857370,ransom,
11918309,1046773,1549979,790463,113964056,ransom,
9666023,758626,1197017,606375,102220982,ransom,
9646627,1017930,2318968,960306,122628180,ransom,
9445733,808061,2521176,1380399,134894348,ransom,
8096409,411371,2974670,1782857,138789820,ransom,
10041078,658787,2450937,1373866,162470188,ransom,
11447254,1077133,2808536,2076640,137007160,ransom,
14291952,1484828,3549121,1576002,99165948,ransom,
13716818,1310228,2719430,1204993,141748094,ransom,
13332763,946339,2560300,1041794,175517200,ransom,
14160783,1082993,2715484,1283558,183338515,ransom,
12865757,867428,2235461,1034433,180446913,ransom,
12804116,1021921,2051065,1042040,179652795,ransom,
10474957,775031,2739289,1209732,155418675,ransom,
9289781,666244,2148863,1115108,137172297,ransom,
6967695,731657,2318393,1250760,67248312,ransom,
11840198,1183395,2543541,844353,112950359,ransom,
7986988,735794,2448404,1105119,95271508,ransom,
8564767,602416,2664455,1637362,137364662,ransom,
12810557,1034620,2444170,791157,192896223,ransom,
9357992,571723,2720348,1451206,160793620,ransom,
9405717,563783,1590436,866626,157256868,ransom,
9543267,734298,2541728,1240156,107268640,ransom,
12046377,874230,1322905,766838,159473134,ransom,
8926414,517648,2343273,1443341,123495379,ransom,
9908515,818218,2676555,1846437,132734892,ransom,
10373387,791218,2721854,1822554,131058144,ransom,
13559455,989663,2443675,1038230,172432147,ransom,
13170413,1104721,2461857,954017,169323832,ransom,
11936074,750435,2567585,1286245,163535114,ransom,
12877639,1026875,3133878,1742933,155596306,ransom,
13429997,1230970,2621243,1258554,176613295,ransom,
12511671,1227227,3562604,1678262,142029939,ransom,
11655688,896946,2366760,1384845,153632985,ransom,
10626899,679322,3165009,1702685,158949556,ransom,
8272036,317673,1745761,1056136,164834208,ransom,
9947399,575827,1683113,918818,177458061,ransom,
13923635,1204686,2303822,865715,198928737,ransom,
11380710,846681,3251689,1716693,163844777,ransom,
11390044,679428,2415020,1025135,178770725,ransom,
6882413,383685,2320025,1506476,98648000,ransom,
11537470,1233718,867834,373918,52165229,ransom,
6096592,746126,1936127,895630,29199792,ransom,
12188991,1537930,2477072,939604,77060311,ransom,
13903687,1193960,2789804,1053225,184051591,ransom,
17117152,1555935,2949894,1272973,151186378,ransom,
19660027,2535323,3634881,1859410,122317806,ransom,
15371248,2004398,2834983,1921202,128437028,ransom,
19736500,3069440,2718979,1611659,165995712,ransom,
12508706,1211801,1503803,761424,174070728,ransom,
17570523,2038605,2220488,1039496,171039546,ransom,
15485816,1730860,2648927,1449021,146192356,ransom,
17290806,1972750,2021246,1002466,178549811,ransom,
17109278,2037593,2088132,1053322,182927771,ransom,
18195117,2223483,2252586,1058920,178693203,ransom,
17374326,2279285,2196762,1199959,178457474,ransom,
15152486,1582695,2026553,1064993,180408409,ransom,
16197315,2054464,1820147,880018,180500659,ransom,
14076723,1461184,1986007,1247617,165836025,ransom,
12659004,924187,1687667,985271,183069600,ransom,
10844474,486035,2147151,1286813,181107007,ransom,
18376881,1501119,1470489,960204,199380255,ransom,
13559186,1275235,2663401,1630059,108219334,ransom,
23137419,2202486,2383325,1079221,151057019,ransom,
27313286,2291760,1877485,898959,144446857,ransom,
9228689,869861,1740217,679158,82126611,ransom,
7977282,289063,1831238,1068933,159346546,ransom,
8827833,565331,3018350,1917089,135383210,ransom,
7824194,435218,2579923,1800357,129681291,ransom,
10953059,784817,2263051,1403526,160498522,ransom,
13515346,942873,1812461,911993,193061111,ransom,
10148154,402055,1135138,712232,191705878,ransom,
12661415,1013378,3018872,1733929,145278091,ransom,
12587916,1309885,3213618,1350394,126396712,ransom,
14060911,1106997,2577076,1181915,169444059,ransom,
11580024,921874,3439103,1976537,139841172,ransom,
10840734,951955,2127433,927038,156486397,ransom,
9439107,826508,3234219,1485510,127092588,ransom,
7544954,504949,2182908,1271990,111843415,ransom,
7624815,440488,2488111,1349475,128394873,ransom,
9976853,611264,2306072,1352282,141480433,ransom,
10828589,550959,2349030,1272487,181060619,ransom,
11507039,909493,2303524,1207408,173037647,ransom,
10326342,864080,3284776,1449630,116621261,ransom,
7880771,542157,1733701,748394,115535477,ransom,
4294544,503022,1929700,996562,20806611,ransom,
7879203,824756,1827760,851884,101104370,ransom,
7174460,495336,2722243,1784521,122503096,ransom,
9385104,665890,2820816,1489721,151673110,ransom,
9735096,513814,1934331,934364,175529334,ransom,
9498574,625278,2012150,1318241,152741882,ransom,
10970448,525577,1887437,925175,185389857,ransom,
9538608,623137,2396092,1632873,156487666,ransom,
9594332,629398,2846101,1569778,153427581,ransom,
11243909,796490,2610294,925760,186418731,ransom,
7441110,550392,1798615,870487,98696575,ransom,
6230863,466091,2690321,1700137,82452120,ransom,
10365239,654721,1338927,710445,181713234,ransom,
8447564,659791,2651133,1146708,108745755,ransom,
6833349,737223,2165222,1005711,62117369,ransom,
8775637,828917,2662792,1909198,118170702,ransom,
12265345,912253,3254361,1580713,162575325,ransom,
10850351,768750,2787897,1236563,168473247,ransom,
10874718,612682,2097566,868645,179276445,ransom,
9595399,419087,2093550,1187347,168664024,ransom,
8452787,315616,2389160,1578946,159334424,ransom,
10196060,665143,2101245,1049799,168935948,ransom,
10643109,716470,2983468,1599900,167952266,ransom,
8836546,597817,3051765,1760798,144137008,ransom,
8097871,527176,2718464,1991635,130609272,ransom,
8678198,461400,2826433,1465692,145841938,ransom,
8466472,447961,2397285,1367804,144615424,ransom,
10763802,828804,2521160,1378164,157811046,ransom,
11429964,874806,2620525,1387591,156496398,ransom,
11180027,789550,2467264,843165,165762985,ransom,
9571392,541317,2637661,1346952,151663357,ransom,
11513145,782793,2277663,1196984,178463591,ransom,
10612906,752213,2634715,1046000,173241411,ransom,
7693692,646430,2085765,950567,91855541,ransom,
2480459,307317,1092095,550874,12041229,ransom,
4242496,636517,885580,354736,20103857,ransom,
6169006,733132,2106102,883561,49875087,ransom,
9064777,655642,3110021,1650387,138384579,ransom,
10672058,716357,1905442,1021155,175171003,ransom,
12904520,1136499,2668557,1138416,169304966,ransom,
11171444,877836,2878813,1208050,172804524,ransom,
11600777,726157,2342461,1526067,169316344,ransom,
10502999,590737,2847895,1480512,148936181,ransom,
5109835,543144,2037321,1192678,45016428,ransom,
7310251,1070816,1781648,451813,34951066,ransom,
5093795,622737,1480465,486162,26449739,ransom,
421106,45566,158256,89515,1649575,ransom,
6530131,943075,1634962,497665,31501701,ransom,
7800581,959965,2317118,1163532,61346964,ransom,
5617891,454146,1693155,814019,33664937,ransom,
3636278,186269,1753414,1355888,72880884,ransom,
9033935,900666,3077699,1633919,115864993,ransom,
10730763,816733,2809702,1105274,162452205,ransom,
10089191,523112,1608934,574320,177294953,ransom,
9594132,408446,1925613,1044555,179151537,ransom,
9368442,487178,2382760,1365477,160427033,ransom,
10677238,938129,2397219,1129628,161743252,ransom,
9894073,767217,2991304,1407967,150719957,ransom,
11172671,841044,2805936,1468411,156222946,ransom,
11215223,929780,2515981,1549912,128923545,ransom,
8769565,658247,2822305,1456061,130571472,ransom,
11297654,848356,2074264,970387,168767849,ransom,
5600352,378223,2200384,1033727,73261598,ransom,
3273316,349572,1066677,538736,33653566,ransom,
10294433,814255,2455110,1251099,149837110,ransom,
9518720,783030,2990177,1522717,151219641,ransom,
8504822,514573,2589881,1779648,141736490,ransom,
8459977,501758,2830942,1518828,137933048,ransom,
12100404,1174736,2837466,1324864,162419331,ransom,
11051050,937701,2992204,1349101,147749775,ransom,
11527975,709006,2464947,1028789,175162349,ransom,
9380073,436883,2630588,1543135,171676721,ransom,
9741444,560767,2664355,1456868,162316424,ransom,
11351741,956185,2518283,1090870,170163505,ransom,
10917895,751393,2411786,905644,185681674,ransom,
7555563,581682,2009226,1056001,96620157,ransom,
7189951,1032759,1695963,489213,38825183,ransom,
7382920,732872,2056547,748157,70903041,ransom,
7464047,488974,2585068,1486934,114449233,ransom,
12152591,1218137,2817816,1443310,147609088,ransom,
10666776,671406,2800698,1574884,159888102,ransom,
9706440,732961,2509415,1290133,146296147,ransom,
8638784,379733,2870587,1570034,158548751,ransom,
9048186,434728,2476086,1507826,164062581,ransom,
8068397,474961,2744581,1670217,123809589,ransom,
7339869,903471,2536904,1370293,68795114,ransom,
10273941,811547,2959374,1276890,155862076,ransom,
10683493,624921,2309846,1020892,174187565,ransom,
10084417,609255,2472910,1333023,168366875,ransom,
11929726,1064976,2603778,1425834,156052562,ransom,
13458049,988498,2631860,900348,187388309,ransom,
9308878,630219,1851379,652953,147943938,ransom,
5913514,350486,1802332,1047961,94708886,ransom,
946780,114008,409418,204389,4846769,ransom,
9257955,1245430,2172030,498433,45225042,ransom,
15623979,1210192,2106795,757377,66890789,ransom,
8550100,646346,432210,142169,35325354,ransom,
13275204,931416,945438,454418,56950829,ransom,
8876901,718526,1191683,537826,40452343,ransom,
14951281,1449270,1182314,543501,71864066,ransom,
9822776,1026050,863825,269645,50701469,ransom,
7952868,909050,629114,134380,41184619,ransom,
6984888,792650,688391,205327,35603861,ransom,
5259829,625977,625360,242178,26544247,ransom,
5539763,626455,565863,185274,28155410,ransom,
1910911,168084,528519,389262,8501055,ransom,
267966,1957,232061,217572,821143,ransom,
784395,64299,556896,361665,3701071,ransom,
7248467,504632,1336599,992682,118671067,ransom,
7949517,958316,1894049,910525,67331634,ransom,
6765771,526230,2424313,1283419,81163038,ransom,
5832334,459475,1592532,762044,59909994,ransom,
5548081,815737,1273659,480951,27240837,ransom,
6640280,890756,1741369,622143,31909437,ransom,
6130681,543393,1622783,650755,36585645,ransom,
1396107,140713,499281,259389,7411543,ransom,
98509,11436,52334,36529,337378,ransom,
4011883,199090,1540127,1127607,70093994,ransom,
10179489,682210,1734105,996974,171710601,ransom,
11936061,1048941,3075193,1179774,150090034,ransom,
9850875,893174,1992656,827054,100703978,ransom,
13854344,1065222,1947279,1202813,156395085,ransom,
9670500,542643,2471881,1253371,160840779,ransom,
11886840,925548,2581782,1518917,152251150,ransom,
15521050,1623932,3021479,1530330,142992920,ransom,
15626635,1461820,2711164,928225,166494631,ransom,
10571374,776863,2753452,1634140,136295772,ransom,
11450781,787796,2784359,1612851,152455120,ransom,
12099870,816266,2479355,1465662,168060320,ransom,
13457879,967305,2282255,1086940,178187389,ransom,
9027413,283444,1596002,920430,185274213,ransom,
9664264,712103,2096666,1378039,153255166,ransom,
10666526,691599,2328970,863272,183452455,ransom,
5846367,425806,2900741,2087321,91547362,ransom,
9510094,770249,2344358,1622951,139022856,ransom,
11673018,719206,2954684,1422393,171996388,ransom,
10263931,629031,1799520,1195840,178859111,ransom,
10792719,841268,2907805,1155620,168837815,ransom,
10966038,805034,1923328,703651,178876424,ransom,
10862694,571110,2474936,1043785,178561284,ransom,
9501982,443416,2447986,1509803,171464962,ransom,
11162413,864211,2500584,1353005,171478295,ransom,
8883352,836268,2510705,1276485,101262357,ransom,
8841527,534223,2443851,1203575,141886235,ransom,
8585658,521793,2516299,1666488,133676216,ransom,
9690147,658169,2658015,1773016,132479633,ransom,
10212705,724671,3229031,1875851,133596450,ransom,
11084207,798935,2711205,1480594,144187748,ransom,
11999854,1028991,2005938,927367,171421062,ransom,
14240037,1309052,2813671,796257,178504581,ransom,
14453441,1275143,2506202,1002508,174991923,ransom,
8565074,433045,2434505,1054279,151711799,ransom,
13034232,997049,2798200,1271381,169047302,ransom,
8564652,847102,1806805,884162,101230614,ransom,
8286425,923443,1891843,557773,77844926,ransom,
8525093,896777,2703619,1100663,72633150,ransom,
6995560,852976,2192936,688478,44679485,ransom,
8980238,859309,2091559,894440,73261261,ransom,
4437107,286528,1249130,706986,68242474,ransom,
7237989,1071283,1655095,364089,34380654,ransom,
5320559,591875,1777840,811850,26322378,ransom,
1939718,93237,387246,257168,39190819,ransom,
6189149,778020,1627430,620052,44112438,ransom,
6132756,836011,1509717,367717,29389391,ransom,
1715516,173415,837043,306593,9974414,ransom,
4226971,619317,938573,402431,20405662,ransom,
5094817,631413,2079213,568941,43166832,ransom,
17106251,1444298,2789504,1242408,119219951,ransom,
10766430,1022050,1717270,552927,66950996,ransom,
10039212,1108424,827956,338138,46169034,ransom,
6747157,995013,1765931,423958,32243403,ransom,
7826753,927780,1495654,495907,39936742,ransom,
8466371,942303,1126606,469228,50188129,ransom,
10029081,924161,1569957,847234,106853752,ransom,
11665881,1418925,1749751,583295,82153272,ransom,
12721261,1322245,2629802,840492,125343551,ransom,
9684609,863193,1902581,779960,115981264,ransom,
4773817,359167,1698209,947112,69531884,ransom,
5623872,459496,1360570,931164,75529050,ransom,
11624243,1079353,2679529,999529,135286768,ransom,
7095781,844362,1832120,658653,58712704,ransom,
3282108,307169,1586246,602873,25330743,ransom,
6012938,868484,1540527,490441,29013930,ransom,
7114476,798223,1831366,503793,57777305,ransom,
2997663,203665,826972,462120,49219059,ransom,
4837727,603228,1169727,576392,42281658,ransom,
7653780,800546,2382697,682035,98719593,ransom,
6650767,718234,1895644,736070,59146039,ransom,
5286259,517680,1501857,853201,29836514,ransom,
9854053,1168115,2052107,590055,72266017,ransom,
7894470,822876,1998233,791379,69078382,ransom,
3011312,192281,580603,344669,45124115,ransom,
5809222,849596,1456763,501841,28066924,ransom,
6618840,782537,1599788,467902,50126979,ransom,
4919337,299614,1529481,725447,77966335,ransom,
4457726,600854,991727,462481,27942317,ransom,
6871286,948996,1546670,300678,32532130,ransom,
3896534,306838,1440370,584983,43565831,ransom,
3916524,325840,1205793,796553,46627056,ransom,
11675973,1154470,2384185,875102,109169949,ransom,
8333522,766027,1843054,855030,111722615,ransom,
6731351,414151,2349338,1036699,102155903,ransom,
7492182,807834,1726862,719911,82600085,ransom,
6523492,643341,2153008,793051,77616011,ransom,
8010722,615218,2084951,907686,104566713,ransom,
6554940,632152,1481896,837457,85164710,ransom,
5426707,593110,1896175,526472,48029573,ransom,
5587477,709206,1641196,551557,28626733,ransom,
4835355,196361,1208070,720096,96248897,ransom,
11410132,1180614,2670865,1333061,129129448,ransom,
10762871,1069378,2222076,750152,90207644,ransom,
4509323,309795,1618475,640078,72767343,ransom,
9888967,805195,2133170,1217570,151449278,ransom,
6828826,913069,1811090,498286,38247021,ransom,
6969696,802117,1921020,735398,53386894,ransom,
7085702,975219,1633830,393648,33633935,ransom,
2619935,276053,1294305,466551,14205598,ransom,
7332880,860183,1533592,520803,73541625,ransom,
6380066,789377,1786445,588505,39070857,ransom,
6577863,729337,1397272,607811,40794738,ransom,
8170962,1069945,1761305,1013755,74678931,ransom,
9345267,1075472,2335809,791067,69665340,ransom,
8051773,901377,2051559,803774,65047847,ransom,
21024195,2996381,3301336,1415488,116337012,ransom,
21941062,3385578,2850656,1363399,151351197,ransom,
22456158,3803799,2319355,1092951,155545075,ransom,
26271802,3997432,2936275,1183974,150843820,ransom,
30579172,4891932,3105640,1151960,165800060,ransom,
16072375,2323386,2162082,926670,110354062,ransom,
7158983,1012556,1559317,599880,50118859,ransom,
7332394,977386,1441693,523604,40229042,ransom,
15658483,1630471,1826241,817274,111684277,ransom,
12874120,1226237,2168719,1300135,85314587,ransom,
21382704,1857729,2351046,1348606,122919348,ransom,
21008245,2151572,1919437,740660,122322618,ransom,
4476379,453943,1372649,590994,44136087,ransom,
5535103,644724,1644072,675270,35373627,ransom,
6350934,912092,1603596,520283,30643757,ransom,
6776722,780075,1763220,534908,54168207,ransom,
5183549,327869,1439337,758429,79228626,ransom,
8886393,316165,1160399,625575,184151172,ransom,
9995530,773673,2313061,1321692,161002152,ransom,
10890217,792152,2169345,899996,161557131,ransom,
11386427,846179,2853818,1573947,143873899,ransom,
8307191,396984,2373980,1137902,147825437,ransom,
8402870,442421,2442440,1472715,144823735,ransom,
8889748,417129,2277332,1352886,166143631,ransom,
10981617,848008,2060650,1059602,177790252,ransom,
9321193,686218,2909653,1427497,144273634,ransom,
11520677,789367,1924557,838638,186094446,ransom,
9509413,427911,2645206,1268278,168824017,ransom,
9679579,432245,1917138,1036940,179617266,ransom,
8287485,555228,2491378,1801228,130829358,ransom,
6685878,793943,2418706,988588,44085988,ransom,
9147455,895467,1883577,587113,78463412,ransom,
6999717,831827,2182099,1004317,56677456,ransom,
9839414,831509,2808191,1092362,144275157,ransom,
10483256,691690,2174868,958617,175791969,ransom,
7172702,294776,2694868,1785440,131178253,ransom,
8276891,477628,2779728,1788426,138759067,ransom,
10132919,674594,2270631,1211683,167227329,ransom,
8724282,697116,2883858,1781758,133955250,ransom,
9802772,708566,2691478,1248747,163143197,ransom,
9334996,640577,2432604,1423620,142288537,ransom,
9947696,709598,3142298,1671925,141510777,ransom,
12023110,926170,2312946,1107149,154562741,ransom,
11569384,984596,2635115,948966,172052982,ransom,
10769500,793869,2111631,883891,173100072,ransom,
8044477,348661,2792417,1620509,144606344,ransom,
10483303,707289,1890845,1079189,173583085,ransom,
10630280,802129,2519854,1074004,168120015,ransom,
10835356,1003789,2499635,1051815,124684067,ransom,
10915912,687357,2911280,1302418,152324180,ransom,
13482849,1064662,2566445,1318380,153609243,ransom,
13591854,1371289,2527567,1386410,126623948,ransom,
13730630,1338845,2701979,1270673,134460668,ransom,
14296320,1306316,2223294,757189,165126944,ransom,
15463354,1199622,2355880,953278,176877266,ransom,
13187731,1021953,1905879,1006815,166253732,ransom,
11258631,757957,2694356,1370044,159008809,ransom,
10819169,676350,2143525,1126210,158719343,ransom,
11016377,749975,2258381,1197020,155382807,ransom,
12407958,981778,2453119,1465080,165942218,ransom,
13389044,1198548,2560440,675235,165541114,ransom,
13459632,1057346,2702396,1148003,160909992,ransom,
11701709,873146,2902959,1536795,131956238,ransom,
10965868,782498,1423970,531934,98551469,ransom,
16159141,1575941,2586311,927552,81819727,ransom,
11365735,1060607,2112723,528097,77004901,ransom,
11664257,1047978,2378854,881452,115814078,ransom,
8738261,566102,2331587,1380589,131737612,ransom,
8965962,654931,2615522,1785554,139050670,ransom,
9897984,746554,2604525,1320489,143205178,ransom,
10641860,791866,2522949,987239,162069624,ransom,
12013562,900343,2514425,925415,159716608,ransom,
10009885,614975,2580519,1300099,145654896,ransom,
12092409,788389,2686123,1359104,159090581,ransom,
10201637,608782,2172387,1170427,151934391,ransom,
11556588,1076564,2124603,1307651,166929179,ransom,
12584996,940628,2948516,1168808,166765894,ransom,
13249289,1065898,2844820,1210485,171260823,ransom,
11622404,740820,2734003,1263224,158237118,ransom,
10379643,686604,2514918,1207468,151682150,ransom,
11301888,891079,2859392,1491374,141399657,ransom,
9682859,839356,3081463,1575542,129473224,ransom,
9057733,715917,2593681,1266011,136824145,ransom,
8705466,553793,2812704,1425601,137256837,ransom,
8233871,396736,2068034,1187356,147100734,ransom,
9782956,482372,1727914,770057,176532280,ransom,
8348664,340500,2459117,1690012,152941868,ransom,
12420270,1141984,2127195,1008544,156286533,ransom,
11382248,769488,2984996,1144495,167262282,ransom,
10038441,760390,2763934,1606414,151496744,ransom,
8160210,425304,3074476,1661498,136334937,ransom,
10504737,810350,2958672,1768223,153510790,ransom,
10817378,730249,2388609,873377,177794025,ransom,
10835956,742904,1997044,710714,168270644,ransom,
7845406,318663,2786087,1754153,145586840,ransom,
8545856,451483,2747850,1673373,146876424,ransom,
8652982,484236,2314897,1216584,145043568,ransom,
11248361,957727,1756058,965010,169225551,ransom,
10913857,732708,2847509,1497335,155185930,ransom,
11493798,843703,2471091,1162411,174312327,ransom,
9105142,420123,2611149,1361245,158562038,ransom,
8986067,464849,2882538,1811012,149733998,ransom,
7515000,334492,2265848,1449747,139743582,ransom,
10682557,940860,2049553,779460,163437259,ransom,
10272691,851831,2950654,1243546,146925622,ransom,
7104547,795780,2222121,842436,45031557,ransom,
11060375,1125011,2590948,1131649,115551438,ransom,
9464490,949123,2069405,784040,105531218,ransom,
8114562,533194,2926946,1459682,114370612,ransom,
10818806,1045170,2522642,1491452,126599119,ransom,
10722781,797576,2687256,1028771,151602111,ransom,
8031094,649232,2715537,1496310,119950209,ransom,
9944641,571681,2440259,1147842,161073598,ransom,
9746214,392737,2177350,1214828,184081528,ransom,
7313353,786955,2230294,1237196,71206792,ransom,
4723020,670150,1872171,446564,22507254,ransom,
5662568,514573,2060895,961480,64230702,ransom,
9265751,463109,1903932,1053995,166384822,ransom,
8410895,596451,2420249,1659500,143090216,ransom,
9441293,638583,2491069,1279435,158068309,ransom,
9848946,764874,2738778,1355771,152135667,ransom,
7783565,551433,2773858,2014500,99309230,ransom,
11901993,686148,1777312,647008,183917450,ransom,
8644553,442418,2893358,1775244,153074309,ransom,
10904836,678851,1987275,948507,186336688,ransom,
11090715,883380,2394307,1060655,178795146,ransom,
9295341,623217,2975979,1696861,150315725,ransom,
9666214,597366,2274472,1346224,157761030,ransom,
8783479,423830,2495375,1371642,159488148,ransom,
9154561,418122,2181488,1227820,165624309,ransom,
8762391,760403,2205878,1104163,124165368,ransom,
10957709,993527,3064317,1487884,157417278,ransom,
11011868,839319,2950949,1720894,144310150,ransom,
9423418,494697,2783858,1584641,150512177,ransom,
8866068,519770,2524293,1560423,151929995,ransom,
9571973,851615,2724072,1400819,138551262,ransom,
10067888,695943,2402897,1051713,165334037,ransom,
9508486,606039,2822052,1572387,142026263,ransom,
10665535,710289,2285895,1246330,176205585,ransom,
11474777,864656,2585314,1004787,185915376,ransom,
10407189,854820,1997004,849844,155464450,ransom,
7816449,392124,2432942,1186546,131295931,ransom,
6347782,374423,3021936,2063205,106430050,ransom,
11680758,1186755,3053789,1722900,149306563,ransom,
12532889,976088,2846956,1039273,171804158,ransom,
10238552,616744,2461291,1140303,166566873,ransom,
9921403,495484,2250163,1185046,176273163,ransom,
9305502,502485,2441120,1386750,157414003,ransom,
11384422,996888,2146525,946119,168331975,ransom,
11572548,893424,3578881,1312454,154557601,ransom,
14825056,951388,2955765,1119295,161606337,ransom,
10532659,907156,2872931,1943482,122549837,ransom,
16289741,1425255,2562652,1005629,165216180,ransom,
17291036,1689301,2449757,1174657,80874829,ransom,
13738903,1173527,2830356,1521335,110626005,ransom,
16877600,1535070,2705786,1170112,176395183,ransom,
16892997,1300747,2456094,976639,190572932,ransom,
16446881,1396154,2712096,1186228,172082726,ransom,
16579454,1317013,2719915,1344691,159228064,ransom,
16054898,1373033,3115948,1760012,144788402,ransom,
18828594,1805915,2962856,1257889,172645113,ransom,
18497610,1728408,2877681,1022069,165268189,ransom,
17086431,1331686,2854377,1141046,155772618,ransom,
15269273,1389717,3046955,1247157,136245393,ransom,
12551969,1480303,2151325,717823,63273900,ransom,
12434172,1137953,1922138,568333,70037026,ransom,
13173254,1148509,1641522,686783,103096516,ransom,
8162697,1129047,1532685,629918,39369476,ransom,
13968068,1593497,2810081,940937,92344000,ransom,
13824440,1354571,2309974,838317,124001302,ransom,
8928171,932392,1957916,1185034,69909228,ransom,
13862642,1310024,2356512,915446,167611068,ransom,
11238383,861635,2490802,1373136,154085232,ransom,
10357291,955364,3358264,1934824,130731375,ransom,
12141612,912949,2700506,1277908,157311568,ransom,
7001182,336315,2560304,1731644,123566220,ransom,
8992868,493365,2443859,1470594,154413628,ransom,
9678318,601707,2174630,1320739,160146864,ransom,
10339567,725402,2745031,1251815,158051494,ransom,
9552927,643862,2600390,1271373,156253098,ransom,
10511079,558753,1953207,795768,183518194,ransom,
9892744,511812,2134622,1104231,175006171,ransom,
9275552,380589,1883295,1142105,167076780,ransom,
12221617,952428,2417687,1238663,171130482,ransom,
8745494,895496,2738533,1253807,65064600,ransom,
10304187,1222094,2094318,842229,64334965,ransom,
14490509,1699988,2851189,1751102,129864573,ransom,
15235966,1806891,2840920,1793953,133590088,ransom,
16561336,1983879,2012452,998835,161450889,ransom,
19198923,2373987,2014128,914868,182529149,ransom,
22360394,3720999,1592184,747651,189493547,ransom,
20344935,2613016,2475930,1127127,171991765,ransom,
14988118,1844104,2670012,1526399,144504483,ransom,
18413170,2499362,2601333,1438431,143939823,ransom,
21104245,2702462,2465968,1270425,156710145,ransom,
13855096,1315106,2204858,1314854,162483627,ransom,
10506311,540441,1705414,1010916,186223713,ransom,
13222828,885255,1946318,1073312,186023176,ransom,
14697362,1199764,2024989,1039006,195548159,ransom,
14376411,1360367,1888185,1032355,182911094,ransom,
13304937,1216108,2381761,1283330,178266727,ransom,
13241299,1083991,2233054,1064194,189553112,ransom,
12200653,916748,2161744,1265431,174975451,ransom,
14118309,1238847,2543919,1728397,143317138,ransom,
14085600,1277531,2514749,1577164,151018525,ransom,
10040645,754119,2411982,1565504,140147402,ransom,
14917677,1314281,2542753,1245459,168409371,ransom,
13276023,933340,2028255,782845,182191189,ransom,
15468399,1219703,1608530,797889,193379034,ransom,
15652676,1261280,1644093,1094826,185855617,ransom,
23856782,2225642,2009612,1148343,163819792,ransom,
10663500,1016757,2154183,1160640,57624651,ransom,
13106809,1563990,2329709,1084552,74680810,ransom,
12182216,1093580,2241130,1073822,139217877,ransom,
11437412,947728,3083059,1794445,136396589,ransom,
10269245,765895,2567116,1631435,146507479,ransom,
11710474,735637,2080482,1021014,182119413,ransom,
12089411,852290,2144003,1055218,179098699,ransom,
11571868,798483,2275849,1526668,168729388,ransom,
12218512,810967,2498067,1075303,181383334,ransom,
12237691,839962,2145767,1006003,181173089,ransom,
10367995,685763,1995193,1188366,170089509,ransom,
10774410,637865,2593313,1412957,180421795,ransom,
8382362,440552,2867317,1659054,131890911,ransom,
15846544,1511785,3056005,1601157,143095525,ransom,
14137296,1256049,3054289,1437068,102399172,ransom,
13047815,920520,3040107,1908358,140008463,ransom,
10997879,590727,2475798,1155679,173378656,ransom,
9189539,1008450,2749248,1427244,90664894,ransom,
7365225,830620,2481042,1322887,65992568,ransom,
8277694,588334,2039318,651903,110414742,ransom,
13432693,893185,1087290,590520,193974805,ransom,
11820197,651372,2072313,1145120,175134388,ransom,
11501179,842554,2230588,1073725,163676415,ransom,
13660089,1270495,2667386,1035861,180218453,ransom,
14081060,1389374,3076527,1447207,152384735,ransom,
13929916,1053312,2989171,1061404,159394544,ransom,
12668049,1173930,3069334,1606162,137465694,ransom,
12873180,1337256,3258372,1481268,131483544,ransom,
14304548,1391934,2915533,1070169,160760452,ransom,
12984277,1056539,3073777,1142815,146609587,ransom,
10887192,765133,3054952,1833461,155291060,ransom,
8674469,599469,2234165,1587412,147188640,ransom,
8812259,634719,3663876,1928324,119231968,ransom,
10340206,663411,2312537,926243,180538168,ransom,
10584876,646861,1599052,804881,180884041,ransom,
9176708,499194,2726450,1526533,148640026,ransom,
7567747,410021,2736504,2034271,119837680,ransom,
12057474,790199,3368043,1669035,154713818,ransom,
9210917,489997,2280934,1299414,149317454,ransom,
12319948,1086034,2684751,1208343,158317411,ransom,
11477297,854907,3015713,1350134,156444127,ransom,
13452942,1018775,2493428,1013473,173639820,ransom,
12399938,749448,2529625,815642,172621535,ransom,
16099434,1306097,1520975,648239,188211036,ransom,
11635582,732351,2194523,1042155,171300970,ransom,
8480855,469365,2599089,1634400,143214659,ransom,
12007301,928585,2375717,1323439,164760817,ransom,
16314624,1624789,2682285,1240268,181167060,ransom,
14991125,1250426,3364966,1453115,167233539,ransom,
11515321,909116,2945361,1526954,143709772,ransom,
11175330,728227,2438116,1295267,167185479,ransom,
9977980,732255,2932293,1948619,141929722,ransom,
12510311,1265147,3582438,1822381,137413326,ransom,
14263741,1196063,2713629,1142122,176030241,ransom,
12760730,1045026,3359701,1757156,146833072,ransom,
9365420,461156,2113344,1154714,166946333,ransom,
9504979,534626,2486365,1362796,163222551,ransom,
12615915,1189831,2559472,1212900,165873186,ransom,
11825726,900291,2680344,1011229,171227211,ransom,
11591335,639950,1807071,667623,184453940,ransom,
9105003,731600,2363493,1550618,125080500,ransom,
9709812,652375,2952111,1618640,157110186,ransom,
8745380,692138,2453647,1368285,130179539,ransom,
8933008,511029,2807975,1506721,144862325,ransom,
10593965,684477,1939114,1017555,175724193,ransom,
7912735,470948,2342196,1426265,135293029,ransom,
10795821,765596,2786816,1024194,168721146,ransom,
6870566,558358,2083471,1164865,87262843,ransom,
8869946,829831,3094553,1955663,91094920,ransom,
11036447,804275,2995417,1704905,145572230,ransom,
13385572,1147843,2339960,1282565,161479578,ransom,
13443212,1481464,2164066,1235066,153727328,ransom,
11518176,1153090,2030179,1154210,145158257,ransom,
15058731,1488608,1768626,887946,179846658,ransom,
9293863,463917,1961431,1288515,170029775,ransom,
12493689,1109282,1617923,912564,184825545,ransom,
14774107,1534145,1817967,979654,179597150,ransom,
14268362,1517052,1823816,949959,174567761,ransom,
16856183,2054918,2359678,1359472,161154211,ransom,
18672720,2501715,2999421,1707278,139977026,ransom,
20229921,2827755,2288710,1118298,176856203,ransom,
24901165,4221761,2747004,1230196,173494589,ransom,
23315135,3132799,2607430,1057898,185415236,ransom,
14691958,1351085,1603254,952656,158369703,ransom,
13270356,1163860,1769531,1174086,167031884,ransom,
16021323,1397498,2342148,1514471,154152807,ransom,
16162622,1495946,1656473,829748,186056147,ransom,
13860036,952990,2014075,1402894,170465369,ransom,
15741435,1200494,2424878,1396218,174862049,ransom,
13005266,856782,2006735,1024423,183165166,ransom,
10279347,708371,1880799,1103231,174444421,ransom,
5873745,436075,1812663,893353,73452486,ransom,
7418350,934714,1462983,548357,37931955,ransom,
10068442,940020,2126358,745183,73464493,ransom,
7306826,358513,2384199,1607856,146690247,ransom,
8366315,440927,2829698,1796262,148300973,ransom,
10478175,713750,2650122,1288460,160374486,ransom,
11651995,935276,1742949,733734,193124566,ransom,
9836024,679897,2845193,1477720,166067937,ransom,
10933899,695011,2230461,1146496,172708988,ransom,
9325524,453946,2443815,1333118,168356013,ransom,
9694740,842124,2500025,1555573,146518600,ransom,
10413269,755607,2665537,1111486,165978822,ransom,
7409120,487308,2343302,1690555,114815785,ransom,
10989867,604672,2345878,1110693,162712588,ransom,
10162150,590177,2315368,1207872,169560233,ransom,
9305666,447713,2355866,1273648,170277536,ransom,
8096677,411245,2515867,1628758,143689745,ransom,
10401300,672724,2482672,1280142,167901799,ransom,
10370551,940429,2580745,1200192,154457266,ransom,
11384313,813441,2405804,1128485,185589592,ransom,
7606611,515302,2349663,1121280,98895319,ransom,
7417919,1049165,1548363,371800,45745771,ransom,
6018615,705813,1842060,721634,35993140,ransom,
807543,85326,516419,273578,4560562,ransom,
10862381,1336680,2118065,663095,58741965,ransom,
8987670,761308,2292504,1007525,99469651,ransom,
5015601,160343,1315898,960577,108827735,ransom,
9609837,707806,1798991,1053067,159426474,ransom,
9792353,804385,2945519,1358849,145261548,ransom,
9322197,663482,2449911,1237286,159279015,ransom,
9649458,585929,2889208,1537048,154732233,ransom,
9917964,717439,1937285,1181420,169422551,ransom,
9982937,623790,2145507,915034,176227637,ransom,
10560196,789800,2798010,1245067,165675488,ransom,
9527604,802463,2582070,1517661,131936069,ransom,
9025690,455374,2537540,1471109,147521362,ransom,
8676493,411403,2677238,1719764,157346969,ransom,
7472309,417088,2779111,1755248,125570119,ransom,
9378484,935569,2839691,1529062,116152571,ransom,
10753938,753966,2404279,902672,181553330,ransom,
11142333,742707,1972830,1027587,181008601,ransom,
8805559,387791,2655790,1278579,157457936,ransom,
9851560,548544,2516140,1300543,173200842,ransom,
8233372,271573,1199726,591443,168076242,ransom,
10067295,882659,2686207,1691147,147542953,ransom,
12945696,1032931,2763938,1153717,174940166,ransom,
9064178,710095,2047702,1049282,133678805,ransom,
5743551,740108,1671052,609276,32669336,ransom,
7897334,1017623,1950555,630883,46236725,ransom,
6436644,419071,2174434,982691,94908651,ransom,
7184255,331423,2272697,1592821,138320003,ransom,
10141099,842737,2224263,1164354,154377689,ransom,
11464428,851119,2457843,713755,188438690,ransom,
8765166,581284,2156578,1089597,124602799,ransom,
8157529,1029400,2244297,1136794,53144427,ransom,
12709847,1032092,3189544,1294043,167483490,ransom,
9813476,593808,2294376,1102221,161104111,ransom,
8291393,394431,2690222,1591112,149516305,ransom,
9777969,555528,2772974,1572789,163296205,ransom,
9324759,862341,2726726,1460257,126541368,ransom,
10865268,913227,3067799,1215989,169115971,ransom,
10714318,667594,2103332,1003858,178531666,ransom,
9009902,338977,1998438,1165702,173025456,ransom,
5428986,361711,2356118,1560504,77280033,ransom,
11542069,1095990,2394534,1216987,160295843,ransom,
11240891,973632,2649943,1060034,129427529,ransom,
5547020,675724,1663792,602558,28880559,ransom,
6578159,957342,1701261,570385,31885967,ransom,
6444208,812629,1733469,524373,31738950,ransom,
952388,102353,408968,221595,4514952,ransom,
10122528,764365,1174161,245971,44632308,ransom,
11666055,782538,653149,375639,49394430,ransom,
11763078,759418,767535,319827,48418587,ransom,
9767283,793988,832839,377917,42350108,ransom,
15243679,1140029,1225541,691732,67637209,ransom,
13784863,961146,630373,241797,64085990,ransom,
12902151,928887,714596,324344,54495676,ransom,
7285511,746125,620805,208791,34138086,ransom,
11604815,874874,1527852,954663,145538672,ransom,
12778771,1008516,2167632,1054736,150929794,ransom,
13560634,1275249,2608770,1312058,172185702,ransom,
9931132,664787,2697468,1524930,156419760,ransom,
10189461,719744,2589192,1482978,155651705,ransom,
10715749,764974,2304834,1461991,164994133,ransom,
11035743,703981,3026488,1569034,157932822,ransom,
11499361,743506,2362236,1314015,170527580,ransom,
12911480,938154,2505464,1210295,185331024,ransom,
11381118,949376,2496791,1374346,156083237,ransom,
13703865,1240216,2465347,755191,182908733,ransom,
13341892,1244538,3039938,1258323,157382748,ransom,
11064723,896318,2957458,1468596,133832104,ransom,
9621811,437148,2478025,1394031,145149725,ransom,
9463510,718219,2765975,1528487,140345763,ransom,
9722805,723420,2792256,1330667,149926903,ransom,
8655739,653979,2825354,1373901,131965897,ransom,
10162784,659662,2036692,1159135,167867693,ransom,
8986583,302039,2065345,1021915,177759906,ransom,
10084547,560448,2740418,1457147,154702903,ransom,
9469412,499867,2522852,1306030,165547924,ransom,
11064803,665454,2533380,1413074,160960267,ransom,
13692045,1117274,1703847,988937,177680989,ransom,
11689746,641774,2283294,1259538,156926903,ransom,
11216937,807413,2336189,1393942,167755965,ransom,
11359359,803988,2486978,889089,184085311,ransom,
9481183,681107,2834722,1711899,144059702,ransom,
9864076,519902,2694119,1249572,164831049,ransom,
11328903,838834,2116112,1333224,170709944,ransom,
11885262,962236,3291330,1623674,156210938,ransom,
11191479,804255,2776853,1343129,159055248,ransom,
12889686,894814,1981776,830630,182874563,ransom,
8018455,532512,3128125,2112914,113664743,ransom,
11727689,872469,2787548,1804485,154050028,ransom,
12605249,914030,2980212,1571864,158776157,ransom,
11550135,1043388,2691446,1475921,137657250,ransom,
13181218,1115862,3142259,1384615,172419911,ransom,
13839829,1129694,2476701,1121326,175798712,ransom,
11792689,726351,2493484,1064781,171899776,ransom,
12848607,981525,2374311,1361178,165652898,ransom,
14606986,1630879,3240684,1885926,134035441,ransom,
21037577,3020388,3084002,1375341,136334847,ransom,
20633586,3011391,2849903,1286465,136274336,ransom,
20747387,2744297,2121332,1123670,166978051,ransom,
20558084,2748372,2645840,1177807,169479021,ransom,
16897409,1836336,2518120,1256697,170307663,ransom,
14376385,1599045,2540956,1449879,163838384,ransom,
14122529,2042257,2456933,1620375,149766826,ransom,
16239572,2264716,2623892,1575386,165093833,ransom,
20793671,2912348,2592896,1394165,170290942,ransom,
9225255,405248,1271136,767766,177997692,ransom,
8618314,432859,1199030,774094,167746756,ransom,
14082043,931537,1096511,696907,198483259,ransom,
8469515,392470,1772287,1331460,167855573,ransom,
18233852,1812255,2226804,1165044,152818364,ransom,
19325894,1764159,2342189,1216193,168130764,ransom,
22085579,2074979,2485519,1303594,179699588,ransom,
13987484,1001858,1881324,1235778,165898046,ransom,
11071831,701971,2493097,1349394,153450139,ransom,
9910266,889511,3009046,1899231,134058009,ransom,
10619180,702297,1769599,1045734,165736105,ransom,
13347208,1071768,3262884,1206517,178366590,ransom,
9810795,560824,1677503,987164,172494439,ransom,
10838044,556080,1807820,648437,188719390,ransom,
11564178,661833,1886440,803092,190796329,ransom,
7913551,264121,2746868,2053461,146233243,ransom,
6783408,499012,2377271,1375663,92851715,ransom,
15056034,1832152,1843648,758635,73015105,ransom,
11811991,1386593,2717361,1044644,80564155,ransom,
13208219,1139343,2889099,1556596,158296921,ransom,
14044285,1134100,2766717,1346036,164091117,ransom,
13185101,917509,2489656,1224219,166811696,ransom,
12130196,1220977,3647272,2168014,108156859,ransom,
11491602,1382756,2676126,1239693,66911916,ransom,
14304093,1540669,2700180,853439,119970116,ransom,
10876240,671899,2214166,959006,176768845,ransom,
9868015,714745,2327586,1346465,162818671,ransom,
11090445,847640,2497286,989602,182490177,ransom,
10539985,858322,2430577,1208956,157048942,ransom,
9729140,500682,2726611,1230615,168051330,ransom,
8717131,806870,2165100,1220244,110477957,ransom,
9105741,1153291,2129239,867469,68219152,ransom,
8184372,751525,2177199,887160,72616720,ransom,
8560501,965990,2053570,756030,95432682,ransom,
6074269,770147,1754386,574781,30463657,ransom,
7827158,976578,2048957,757795,77172612,ransom,
8517754,899796,2085018,789016,84073056,ransom,
7842716,518232,2687107,1356541,125453970,ransom,
8248692,336433,2192148,1399868,160576371,ransom,
7366949,580295,2394250,1719346,117769399,ransom,
9164190,628023,2673608,1329035,153357981,ransom,
11771458,1068465,2748413,1258068,165732764,ransom,
12524363,824548,2470474,1176390,178591154,ransom,
9426531,492148,2755557,1688231,155086959,ransom,
11330066,921564,2689245,1308872,162214965,ransom,
10788909,829229,2593768,956868,172239713,ransom,
9600968,622457,2567005,1463608,150777148,ransom,
6307235,356103,3080770,2055563,106204496,ransom,
8667195,453723,2464520,1509470,158520445,ransom,
9670318,654245,2188188,1252873,155189488,ransom,
9390178,700894,2601877,1083346,151859938,ransom,
11987174,951143,2502224,1298084,164144572,ransom,
11871647,695585,2357670,1023585,179336542,ransom,
10495188,679352,2074548,1196002,169460715,ransom,
10004419,658563,2949844,1433782,158358810,ransom,
9511049,521458,1885896,790133,176231059,ransom,
10019959,575233,2261856,1328659,164758050,ransom,
8154833,346325,2815529,1732596,151669978,ransom,
8370668,431878,2692841,1699529,144587366,ransom,
9157159,690079,2491128,1588912,136223096,ransom,
8803081,607376,2627970,1260411,145185571,ransom,
10693808,802851,2318979,1070023,168321218,ransom,
10845523,780203,2399952,1259422,159838932,ransom,
11104917,642104,2569900,1392951,166172340,ransom,
11604058,961245,2423444,1153503,173760377,ransom,
9583706,602920,2345079,1058270,168266756,ransom,
8859684,593424,2649950,1922629,138756382,ransom,
10160157,472073,2433281,1079985,179240430,ransom,
6449746,390155,2626063,1735922,101446827,ransom,
11855220,1056898,2957128,1280528,160274308,ransom,
11033753,758096,2094897,762556,184735923,ransom,
6840252,588610,1983643,928575,59370463,ransom,
6543557,525345,2734122,1935451,86465273,ransom,
10956328,768996,2877032,1446404,150329050,ransom,
9327852,430322,2067268,1139258,166354505,ransom,
10172781,869019,2639636,1467948,149638020,ransom,
10891548,787137,2594133,986624,182366642,ransom,
10021108,627117,2319159,1395666,160529662,ransom,
8835076,391298,2413440,1349281,162121843,ransom,
9343040,550694,2900003,1657136,154764066,ransom,
10521680,967121,2792774,1438787,152455370,ransom,
7968394,435596,2541930,1619978,143261605,ransom,
10036639,741759,2260738,1309445,151579913,ransom,
8024885,452965,3015373,1793196,127508897,ransom,
10432044,700910,2475486,1408046,162720125,ransom,
12656445,1083093,2861582,1565238,162148436,ransom,
9321662,657953,2871964,1348870,148481604,ransom,
10018426,578856,2842148,1241210,168260501,ransom,
9288474,425039,2181761,1253815,170461327,ransom,
9411770,532415,2480180,1410222,161528172,ransom,
10580659,775851,2144734,1039223,171840217,ransom,
8366093,564961,3100142,1728329,133400380,ransom,
10196706,742359,2480460,1360109,157177686,ransom,
9962544,427806,2204916,929034,178791888,ransom,
8312337,436384,2626461,1635755,144511598,ransom,
11269311,855855,2500848,1397266,162445311,ransom,
11948124,876498,2187397,1090688,174848048,ransom,
10509621,733630,2760196,1138297,171922029,ransom,
5595052,360216,3055557,2137268,85096278,ransom,
9412298,601727,2798366,1396741,141834261,ransom,
9869491,529596,2184634,1133148,173964000,ransom,
11530182,911348,2279841,1102698,175660184,ransom,
10944250,768870,2517961,873171,181621286,ransom,
7628893,762155,2309126,985519,61674958,ransom,
2452755,289241,1208215,670664,12895541,ransom,
4799543,361416,740188,326526,30948832,ransom,
7945671,1157301,1830713,435980,37479679,ransom,
5963016,645967,1639041,447210,31891615,ransom,
12241406,782413,931159,223385,48914393,ransom,
12942988,927681,663426,327534,56177630,ransom,
12558171,901600,450302,180524,54100233,ransom,
1441428,141553,377271,202161,6091656,ransom,
4056553,136107,1914307,1497318,80677084,ransom,
6787118,277458,2345311,1748217,126854145,ransom,
8986529,442499,1767939,1100588,162061074,ransom,
12467426,1014393,1700109,777248,188523809,ransom,
14258611,964689,2187921,1047220,185304831,ransom,
11805120,720727,2203404,1067825,176101039,ransom,
13711661,975785,2305898,909142,175456637,ransom,
13545536,1045756,3207196,1600304,133487758,ransom,
13258397,880644,2102871,993727,161124383,ransom,
15176523,1126918,2673025,1335945,154966551,ransom,
15874195,1293635,2411638,1225502,165395265,ransom,
14505399,1233358,2835899,979770,108416562,ransom,
17259526,1583595,2990603,1469085,157937904,ransom,
16773967,1327235,3580137,1639468,157645094,ransom,
14136755,1270419,2890783,1406718,165039893,ransom,
14105458,1370455,2592414,1439348,157659637,ransom,
10485514,928769,3157832,1501398,141196219,ransom,
10234861,699726,2693877,1307648,165821337,ransom,
10683029,618558,2455823,1076335,176897477,ransom,
11161575,632205,2168944,1259385,170332771,ransom,
14115837,943024,2193013,1404386,183908523,ransom,
11418197,725029,2161512,1177323,153622495,ransom,
9385769,515363,2624971,1523100,157688136,ransom,
8911893,712814,2599329,1844370,144254285,ransom,
10915477,750355,2513466,869219,186290492,ransom,
9474667,753710,2823016,1750912,129824594,ransom,
11320660,707927,2377514,1202343,169157303,ransom,
9871032,416974,2227258,1307241,173402509,ransom,
10289310,690286,3030144,1794927,149396153,ransom,
10925855,668784,2167860,1205808,164885222,ransom,
12463445,841315,2223896,1146840,170223561,ransom,
12470343,888428,2303672,1148575,163968394,ransom,
12599341,796425,2350628,1389729,175626972,ransom,
13549067,1294821,3232840,2056237,146236749,ransom,
12549922,1388946,2835000,919735,104251898,ransom,
11766801,1106769,3086418,1536054,130337462,ransom,
10628032,827348,2931787,1686432,144883719,ransom,
12657542,789845,2807235,1296440,180684274,ransom,
14649814,1233885,2018878,1168051,160048082,ransom,
12654122,1155447,2199012,1014113,133709609,ransom,
10335598,974841,2698974,1389756,140404578,ransom,
9603608,640933,2133775,904862,154360622,ransom,
5374756,613943,1725442,711272,30153077,ransom,
10411157,1038092,3149948,2050715,121852703,ransom,
8418612,627553,2630938,1635076,123339044,ransom,
12805145,1055409,2767031,1063450,174279339,ransom,
16045771,1429879,2555076,1051765,180663013,ransom,
13180832,958406,3038981,1651966,159007801,ransom,
10780141,866985,3279433,2043435,128527629,ransom,
13719488,1264144,2442805,1172396,169192362,ransom,
13599210,1194206,3127685,1151536,174765674,ransom,
13795889,1142626,2239575,1170494,167826091,ransom,
8305302,440069,3069649,1758433,145667514,ransom,
9323024,443208,2047257,1154071,172019438,ransom,
11149562,1018392,2561457,1071108,162663065,ransom,
10803998,814069,3168576,1307399,160812172,ransom,
10756357,691314,1919080,1236723,172778596,ransom,
10642631,650179,2987327,1576961,161822148,ransom,
12230581,779054,2074811,1005094,179071565,ransom,
12978601,906737,1634922,998133,169114808,ransom,
9169746,718059,2622432,1513933,125785585,ransom,
9043464,821906,3392809,1841570,133405677,ransom,
10528217,902005,2325943,1069250,152661726,ransom,
10081773,540444,2457174,960409,168566341,ransom,
9890755,560444,2305677,1126836,165215459,ransom,
12208031,975234,2453347,1349375,154106326,ransom,
14359667,1316586,3178466,1525566,160611157,ransom,
12997157,1289333,2867381,1297504,142139026,ransom,
15720961,1323908,2617405,1169077,168224447,ransom,
12421276,1152992,2839347,1363810,103291805,ransom,
14413540,1536889,2596760,1423086,127527350,ransom,
12169522,1326332,2059979,1223679,136296581,ransom,
17094219,1967442,3022419,1658093,143997976,ransom,
19331629,2541501,2069898,885457,182065152,ransom,
16900125,2031249,1786973,953309,185203546,ransom,
19449026,2557935,2432984,1218164,171226198,ransom,
18059710,2245308,2968938,1522190,153031332,ransom,
17780356,2247820,2007253,896729,166195626,ransom,
12480695,1588938,2816294,1874664,122363253,ransom,
17899458,2617840,2875326,1692370,149657980,ransom,
20644335,3059239,2127153,875660,185767530,ransom,
19506566,2578191,1819705,759820,197877988,ransom,
8835100,413715,1750851,1184841,176655633,ransom,
12818617,994119,2316283,1693840,154199846,ransom,
13051095,1108351,2380942,1726759,146266445,ransom,
10485798,769274,1695213,1036192,173211718,ransom,
14261149,1176692,2190785,1246234,168357491,ransom,
13952511,1045590,1979522,845769,178798174,ransom,
15492505,1245515,2049155,1226496,171262049,ransom,
16369361,1375786,1540506,663734,175115634,ransom,
16269963,1400205,2162709,1320946,162505438,ransom,
15706444,1090505,1726462,850528,186034697,ransom,
12867875,697069,1235251,809236,200783402,ransom,
9628973,678717,2792909,1885099,141281362,ransom,
8687431,595332,2924369,1746740,125046651,ransom,
9719146,482736,1603430,795122,175879327,ransom,
10396220,714533,2805571,1354794,163736545,ransom,
9902824,503308,2043467,931324,172430168,ransom,
8962504,441644,2571080,1524759,155744753,ransom,
9655118,732765,2563969,1616534,112387019,ransom,
11090487,912997,3008131,1838193,129547569,ransom,
12845549,1166951,3500146,2235450,125774873,ransom,
14483725,1398774,3124417,1805375,142688811,ransom,
15460474,1368796,2785856,762512,193534608,ransom,
12943513,1034091,2772341,1303480,169412197,ransom,
8684801,535391,3386800,1858585,134056569,ransom,
11926285,919368,2191447,1141700,185668619,ransom,
11190433,801194,2434621,809032,177558867,ransom,
10160970,709883,2089295,1074974,160426525,ransom,
9078195,434365,2602643,1276895,159143537,ransom,
8580084,496068,2978468,1850348,145206390,ransom,
10114283,643642,2166730,1142452,171313699,ransom,
9694005,645366,2409127,1622138,145952357,ransom,
10532870,873971,3468306,1741233,117192337,ransom,
6608584,801671,1960924,783234,36357975,ransom,
7853102,1010236,1974232,654077,59811814,ransom,
10814032,706280,2024073,737738,169856400,ransom,
7243988,448789,3386080,2181150,110732283,ransom,
9308876,392019,1920206,1029566,178950509,ransom,
11382392,881446,2100019,896047,166519351,ransom,
11217991,781864,2609397,1289825,173566203,ransom,
9740018,527994,2380806,1087673,162543607,ransom,
10487400,708105,2128952,1225102,170329983,ransom,
9255166,1051999,2434272,903744,49109134,ransom,
6687094,585628,1667379,607827,69212990,ransom,
10082712,869708,2623914,1399291,128507653,ransom,
7793396,696027,2415200,1080956,103878483,ransom,
9465350,565066,2424587,1540812,157949022,ransom,
9234590,399625,2418889,1236693,172118362,ransom,
9443208,482151,2000853,1208603,176948199,ransom,
9951246,704951,2697085,1484904,152627363,ransom,
9659971,741603,2491371,968281,154520341,ransom,
9833118,607029,2333934,1293067,155011433,ransom,
9806853,546266,1734510,1067277,175439855,ransom,
11229104,625174,2662183,1559903,168911761,ransom,
10351086,754514,2897604,1742462,147769362,ransom,
8902560,587752,2282464,1135009,158175925,ransom,
8684151,528717,2491877,1688197,146898150,ransom,
10227805,510923,1935652,895554,184319896,ransom,
9119965,463072,2434418,1431090,164423765,ransom,
11438210,822970,2126870,1058129,184608638,ransom,
9584659,775813,2920833,1342159,153222349,ransom,
10055768,577553,1905252,1047125,176558999,ransom,
8745848,531402,3003172,1713620,132456876,ransom,
9454737,575632,2451367,1631845,152158833,ransom,
11360418,825745,3104595,1779463,129545159,ransom,
9206963,497527,2321545,1205668,160893486,ransom,
10454914,699791,2108145,1130423,167252664,ransom,
9509067,665943,2788390,1228959,150303075,ransom,
10601179,856977,2746364,1478270,160873616,ransom,
8966095,579276,3301131,1739080,131733357,ransom,
9969067,563357,1585228,879304,182046937,ransom,
9861095,724278,2324768,1092054,163050445,ransom,
8747291,471170,2219850,1126206,155702527,ransom,
8348431,516227,2441141,1481093,134226074,ransom,
7794874,849475,2061855,965973,50867285,ransom,
12147232,967201,2387029,1151281,178524656,ransom,
6822354,785274,2156135,734581,64691259,ransom,
8470991,613273,2812407,1530548,124379889,ransom,
8342895,376792,2431544,1560722,156520872,ransom,
8337094,372703,2149802,1291208,158001350,ransom,
9674949,584357,1804168,795855,168790587,ransom,
9517637,605345,1914633,845903,165742865,ransom,
10007733,643544,2152713,587204,167109570,ransom,
8826016,588432,2572202,1289292,144042866,ransom,
6646174,478192,2900151,1969191,93431804,ransom,
8803838,663309,3201307,1901033,107936101,ransom,
12671618,1040151,2391022,1264985,164322267,ransom,
8714729,713479,3456212,1919411,116781719,ransom,
11538394,890118,2835492,1261915,159944579,ransom,
8746045,352829,2352089,1092153,165068221,ransom,
9181510,446147,2395635,1387389,160693393,ransom,
8750923,373329,1632305,803150,165593212,ransom,
9046529,438737,1912678,915844,163013552,ransom,
9354725,558184,1787843,1046702,160294270,ransom,
10241453,739587,2533395,1287154,165541257,ransom,
8947240,754129,3040069,1510203,116805325,ransom,
6973274,560640,1697999,698813,90041757,ransom,
7033104,685977,2649397,1804027,82742646,ransom,
11030500,975101,2842728,1365986,150553449,ransom,
14009886,1059952,2046782,697681,195910709,ransom,
8625192,474200,2911697,1428729,141856613,ransom,
9406178,497523,2385901,1279461,164139086,ransom,
9679645,642300,2162024,1359628,158534190,ransom,
8862114,694236,3207062,1825604,130436897,ransom,
10743393,699789,1972705,845551,187060133,ransom,
8681940,465723,2557586,1486129,152279839,ransom,
8679550,477637,2995713,1795831,148542607,ransom,
9209562,764554,2481874,1557630,143894257,ransom,
10025249,665549,2416463,1104760,162381942,ransom,
10679773,852056,2471660,1207631,161589247,ransom,
10449878,621412,2358886,1031289,169380947,ransom,
9984065,867534,2879110,1874548,123073969,ransom,
10460352,810205,3296020,1681091,154022776,ransom,
11898568,970347,2674982,1253685,169539715,ransom,
9783221,454810,2260335,950754,177483842,ransom,
9987675,568862,2552452,1373165,169980764,ransom,
9466239,543687,2650138,1394145,156126973,ransom,
10191213,795191,1899115,1014549,166942605,ransom,
10780750,885842,3097694,1339645,160901124,ransom,
9870294,618481,2550378,1309020,156554122,ransom,
8262330,421362,2184975,1296992,141091965,ransom,
6600529,962173,1805604,654860,32364969,ransom,
9602529,1008531,2089283,854908,66508255,ransom,
3972532,386073,1514754,651791,21701249,ransom,
4832038,602226,1081278,495161,38226323,ransom,
7163070,734258,2135126,807815,86914652,ransom,
10267797,720465,2134520,1134551,165818070,ransom,
7444169,322210,2832573,1652336,135598417,ransom,
9792427,583116,2683081,1483632,159450397,ransom,
11159688,864158,2054537,915486,178189796,ransom,
10038481,684837,2909160,1308872,156679433,ransom,
7810817,508248,2227779,1316415,122238041,ransom,
8917366,438124,2349550,1275072,158420042,ransom,
10554089,1156555,2777922,1727578,116099510,ransom,
12318586,965435,3134334,1233494,168683329,ransom,
9848178,560278,1843981,938737,166666059,ransom,
9004867,426199,2459347,1321156,167370430,ransom,
8782661,421792,2662321,1669905,158333975,ransom,
10655104,778471,1988570,1044734,172405481,ransom,
9233085,797635,2834904,1154154,131410725,ransom,
5281387,672358,1622839,508440,37368288,ransom,
7961092,1093004,2232111,873300,43926262,ransom,
5958402,753890,1773527,619154,33426997,ransom,
7346525,869574,2526904,1437650,73956193,ransom,
7000314,686061,3236895,2109626,98786653,ransom,
11242567,1023058,2465202,1312542,149066748,ransom,
10849414,551210,2491192,1169498,168088714,ransom,
9323685,483409,2270068,1245654,162391902,ransom,
11843973,923384,2217231,861509,182831490,ransom,
9964150,557505,1939927,836644,179003480,ransom,
8927554,410166,1818738,958882,168992867,ransom,
7864071,597992,2353097,1196865,102348560,ransom,
7409072,982950,2095092,838400,55165206,ransom,
10736642,820148,2273154,938103,159768134,ransom,
8373108,391579,2713665,1419862,150979602,ransom,
9931809,805467,2636364,1645284,151059457,ransom,
10505005,772673,2794600,1083678,167962848,ransom,
11461984,950833,2464692,1359476,163465252,ransom,
10691032,664433,2860207,1349204,152244061,ransom,
8124432,420453,2567871,1626433,136461842,ransom,
7945008,467663,2887201,1692593,129017030,ransom,
8989469,482458,2610195,1575858,154184613,ransom,
10541055,820842,2077360,870984,166333828,ransom,
9778904,593072,2538889,1274530,175077786,ransom,
11510005,842202,2317754,1180289,173497095,ransom,
9662736,432317,2399660,1091093,176104529,ransom,
10852140,839803,2088011,1160647,172706441,ransom,
9756697,682817,3238674,1841588,148242884,ransom,
7517759,509288,2390816,1315652,120064588,ransom,
10064224,764328,2351841,1144047,141566865,ransom,
7655349,634188,2345638,1262082,69050924,ransom,
7520051,404575,2573601,1785957,138102641,ransom,
9531344,692369,2415586,1407276,158350975,ransom,
10557544,714544,2571194,1078400,178870720,ransom,
11271781,852298,2531804,1275185,169530699,ransom,
9722824,404405,2140358,971812,180721505,ransom,
9600325,484614,2290730,1266503,170721334,ransom,
6809318,384923,2923770,2076046,110535781,ransom,
11483025,1004108,2219196,872801,172943983,ransom,
10523424,707984,2384883,912304,170360884,ransom,
9040505,659434,2877808,1656371,129972461,ransom,
10713550,741461,2650119,1584549,158788582,ransom,
11677939,923032,2643466,1357592,162664886,ransom,
10883340,840214,2826526,1029958,171852953,ransom,
8116869,634615,2650101,1436761,107943071,ransom,
8357345,548051,3159119,1993566,126739236,ransom,
9905100,775052,2062133,1189941,162711574,ransom,
9167687,649875,2766357,1342610,150917436,ransom,
10220846,695334,2658905,1345803,167867978,ransom,
10211918,514284,1699204,844238,185949578,ransom,
11712016,872462,2528056,1269099,169294916,ransom,
11687961,1090730,2244776,1288171,153638402,ransom,
15094970,1754123,2605310,1543384,147314506,ransom,
17092855,2111048,2222891,1115758,151072691,ransom,
18705383,2449254,2526133,1198642,166056985,ransom,
17699100,2118361,2446472,1075542,171594337,ransom,
17398266,1996573,2186488,968720,181686656,ransom,
14672142,1641214,2377583,1331743,173774723,ransom,
17360223,2083382,2481811,1273072,172993939,ransom,
9275025,650522,2232002,1620178,145363535,ransom,
17643991,2182099,2013686,982836,182872492,ransom,
18429813,3064255,2466037,1449832,163704232,ransom,
19190781,2787054,2383077,1233622,172862951,ransom,
12057821,1058223,1829279,1185708,174678546,ransom,
9560427,633819,2396773,1662792,133476782,ransom,
10040177,750528,1894442,1251475,161844918,ransom,
14405165,1028660,1872666,994458,182729312,ransom,
13159564,899742,1146893,573009,187138731,ransom,
13453547,853662,1605682,923555,192794353,ransom,
15141316,1135244,2697113,1883314,161986369,ransom,
17294110,1413844,1990326,1200973,179856172,ransom,
15011538,1287660,2727419,1526031,147415335,ransom,
10386039,881049,2710126,1399932,152004560,ransom,
6782132,359373,2424317,1671655,120039730,ransom,
10318777,624056,2589536,1319431,166960801,ransom,
11455971,730554,1943538,752432,187585532,ransom,
8373239,361983,2446658,1523403,151488796,ransom,
9469608,439725,2501570,1470340,164614482,ransom,
9673002,636460,2551991,1675628,158128505,ransom,
8925795,861464,2509605,1286793,80784703,ransom,
8508355,925916,2004705,948661,92254815,ransom,
6642853,715093,2132775,793200,66624612,ransom,
9967052,638533,2631076,1335600,158890037,ransom,
8434971,395961,2356835,1511146,158671055,ransom,
9584192,575470,2896282,1708370,156034704,ransom,
8153876,967113,2507178,1335962,69483012,ransom,
6594853,807431,1886788,594414,40932829,ransom,
7021272,971812,1989369,747557,34074421,ransom,
6517652,832444,1723783,510964,38015266,ransom,
9723890,1081773,2489924,1167150,56074963,ransom,
6979864,918302,1883140,523287,41887635,ransom,
3309657,359966,1335063,511619,18192940,ransom,
2830850,327391,1033220,602415,20072153,ransom,
5486736,812265,1651702,365066,26310989,ransom,
5012105,607620,1514105,434311,27552798,ransom,
8008827,1029496,2588571,1212531,54094810,ransom,
6780357,836671,1857555,352143,33621238,ransom,
3130790,332486,1347399,592284,18246248,ransom,
7823926,1115514,2142402,642379,38293319,ransom,
9560534,1055357,2478620,1074939,57271399,ransom,
1549881,125678,376448,198360,11927243,ransom,
5682152,818410,1490158,549763,30823924,ransom,
8400197,951049,2242379,583179,59272249,ransom,
10553676,664173,2023216,852234,175308959,ransom,
11240264,830935,2600189,853135,175058592,ransom,
11473777,855160,2390325,1057082,170884673,ransom,
9786104,445004,2485483,1110666,177799228,ransom,
9324111,342085,1638441,947658,183523157,ransom,
7908244,725989,2038534,974073,98353261,ransom,
5490474,728969,1896951,666521,26302497,ransom,
8216783,885913,1912558,725423,47315824,ransom,
6173075,925684,1637552,346149,29619125,ransom,
4650621,571869,1518060,482574,23145789,ransom,
458327,52286,220191,96064,2252612,ransom,
485225,47399,173415,124923,2821848,ransom,
4378843,403709,1912801,286936,22308375,ransom,
10031029,731301,1163359,75955,43578374,ransom,
13056351,815820,540450,270105,49780457,ransom,
12327220,1054915,628048,306593,54001239,ransom,
10191181,703109,603165,359523,43538469,ransom,
11094903,996321,885284,463472,52545027,ransom,
12179224,894231,539976,232869,55649278,ransom,
13025847,921082,617235,275334,55402434,ransom,
16746028,1420190,2001400,1063186,164872311,ransom,
17808413,1611758,2224267,628796,89247464,ransom,
17419424,1482944,2095854,852411,77576856,ransom,
17423921,1624419,1886210,711133,77559031,ransom,
19193385,1715217,2298178,735203,103258670,ransom,
13848550,1111165,1313756,630747,61127351,ransom,
14684600,1216281,1571556,891758,105069630,ransom,
18917450,1866521,3133011,1401820,121114590,ransom,
17154467,1364917,2571169,1260631,175936959,ransom,
16895401,1169194,2029358,1021725,180533765,ransom,
14677713,993401,2489736,1465925,165495561,ransom,
13674493,999700,2856665,1873841,152833297,ransom,
15105158,1254672,2711076,1790278,154899546,ransom,
14485241,1076169,2608831,1238807,171902213,ransom,
16699829,1457157,2604367,915718,189136541,ransom,
14073377,960579,2004803,1225659,176828230,ransom,
11012826,652483,2368300,1127649,168140521,ransom,
10734914,638670,2472039,1616693,154138176,ransom,
13749428,1128440,2625244,1631272,157197249,ransom,
16415667,1362092,2275192,1295087,186069356,ransom,
13993445,1062238,1986272,776707,181851498,ransom,
13855221,1036916,2633844,1271036,174455394,ransom,
12791093,922036,2600312,1470663,171301536,ransom,
11534016,837807,2399032,1491635,159575842,ransom,
12164223,790015,2644473,1413161,165148001,ransom,
14302807,1117937,2256278,1272936,178455387,ransom,
14488340,1185334,2693816,1371850,175866647,ransom,
14372828,1196875,2447052,990515,173730278,ransom,
13413028,1077813,2303969,1196455,165371883,ransom,
14443668,1128373,2546665,1363990,170784830,ransom,
14224083,959501,2656562,1482478,177481180,ransom,
13607893,957697,2900379,1674242,162140098,ransom,
14107372,1092006,2327448,1160864,135081302,ransom,
13094525,1061773,2547290,1477426,166202484,ransom,
13187459,1064935,2971852,1381907,165812711,ransom,
16810708,1411806,2362006,1198460,166997541,ransom,
17854428,1688834,2440688,1089054,90724241,ransom,
15103353,1265577,3012723,1231977,166528939,ransom,
15464600,1279268,2558843,1255761,157686109,ransom,
12682970,952443,2585897,1576033,141114658,ransom,
12752143,850093,2701235,1498099,176562757,ransom,
13795490,1206510,2545690,1640318,133734311,ransom,
18381003,1917255,2871953,1581605,138091859,ransom,
22188237,2445616,2622664,1269459,179844662,ransom,
20192001,2322490,2696795,1526485,156855540,ransom,
22352495,2761386,2395770,1200004,182310419,ransom,
21758024,2619115,2130505,1066871,180307589,ransom,
21500882,2681474,2381660,931296,184848964,ransom,
20776664,2694132,2667855,1104764,170244325,ransom,
18960134,2801568,1867132,1071973,179056466,ransom,
20589998,3005141,1845560,884663,185520458,ransom,
19066035,2608384,2354544,1213439,171016814,ransom,
13657800,1588866,2222101,1387398,150446610,ransom,
10097862,698988,1998815,1346656,163821010,ransom,
16055668,1313810,1739532,1221544,180244077,ransom,
13222301,996081,1733448,1013755,177224295,ransom,
14674772,1056815,1935165,1180166,180278602,ransom,
18696184,1753655,2342617,1034973,188301021,ransom,
19657463,1906825,2134875,1023037,191189109,ransom,
16691222,1452219,3001050,1737040,157257468,ransom,
11156436,660094,2043227,1208302,170897369,ransom,
10310482,609903,2120180,1449787,156644999,ransom,
11216812,617361,1499155,783562,179775795,ransom,
11637049,560288,1835307,1034659,186614642,ransom,
7503887,575892,1810178,1220560,100740358,ransom,
10085663,922777,2616695,1351584,146080214,ransom,
12828081,953768,2745183,1115677,181796346,ransom,
5870732,641265,1769057,720562,33646837,ransom,
8135360,694831,2224158,1195075,92315127,ransom,
13533840,1402056,2876093,1294647,108381572,ransom,
10226300,719572,2873087,1705965,148164454,ransom,
10929184,991946,2963346,1921828,141312150,ransom,
11613874,858026,2948833,1372183,165457527,ransom,
15261982,1352802,2283933,870050,193743780,ransom,
14226085,1097439,3090544,1288348,172841989,ransom,
18263779,1541582,1653190,743696,203363210,ransom,
13773415,1026375,2114996,1127841,147897106,ransom,
6894796,775939,1781909,906353,71534318,ransom,
9671564,793149,2614547,1134120,147283873,ransom,
9630517,781224,2236020,1062159,131370829,ransom,
8649808,537768,2541451,1555960,149763229,ransom,
9900665,615684,2600152,1751544,151805153,ransom,
11531992,736647,2624451,1674882,161122556,ransom,
10541693,587108,2238348,1289194,167031016,ransom,
12602623,986189,3116039,1819691,146084575,ransom,
13157773,1631739,2555731,1209429,83288187,ransom,
11999867,1216188,2836354,1384110,122321227,ransom,
14217040,1155305,2963141,1353706,170872005,ransom,
11609288,917566,2778894,1486531,148978692,ransom,
12865596,1103002,2431031,942059,179212967,ransom,
10789695,768248,2479805,845304,175844452,ransom,
10179488,536992,2259885,1078335,174107706,ransom,
8541154,406788,2368605,1413387,152595744,ransom,
13000484,1004249,1944357,1147510,175735416,ransom,
15115988,952211,1982760,1146076,180057654,ransom,
10136524,556075,2397706,1418375,149606604,ransom,
9325798,442783,2161971,1179786,171575813,ransom,
9360753,751077,2722136,1737175,137483547,ransom,
10752896,758569,2460605,1088103,176951407,ransom,
10219542,758766,2405878,1263951,150283649,ransom,
9899539,716832,2628389,1365304,126400855,ransom,
11701651,1198231,2509838,1125197,96504854,ransom,
14510737,1529747,3145800,1505587,156440230,ransom,
12097671,1140499,3238872,1483824,149505459,ransom,
12510132,994360,2726168,1404303,162913308,ransom,
10075446,818080,2943277,1684467,123079446,ransom,
13334734,1128984,2401962,1161606,168894525,ransom,
10381698,953788,3077173,1585739,130955161,ransom,
14885021,1341886,2528517,1096129,179102465,ransom,
11488684,684631,2625335,1049352,177706689,ransom,
10345820,484872,1841432,919399,183057972,ransom,
10028412,756962,2466081,1538240,155517685,ransom,
6433015,890232,1506711,483789,30572392,ransom,
9460780,994451,1129545,330095,44965182,ransom,
13850737,1563533,1631172,770724,70955234,ransom,
13597643,1676731,2619227,1451342,122819599,ransom,
11337794,1156763,2653530,1749637,128536939,ransom,
13261286,1393632,2164255,1070119,159235453,ransom,
18471450,2138521,2358025,1140731,178191868,ransom,
18834828,2470693,2227387,1166050,175987196,ransom,
20643874,3618977,2475335,1621568,164597918,ransom,
25858100,3611626,3481501,1023370,167129314,ransom,
23917560,3313510,3227816,1596018,151474035,ransom,
27449841,3484367,2949804,1352560,160834669,ransom,
16420062,1289858,1409920,712513,188716953,ransom,
22562415,1900027,1340683,678011,207775302,ransom,
14571218,1273377,2095132,1216719,163980652,ransom,
19292555,1812340,2336706,1086952,166380624,ransom,
16915607,1687487,2814596,1687948,128814619,ransom,
19324829,1815925,2365047,1065654,167361735,ransom,
20034644,1665631,2466164,1230879,170459906,ransom,
21617090,1843560,2602469,1534941,167115410,ransom,
11751417,858517,2541347,1227812,135216954,ransom,
11944826,821071,2413423,1296662,165079287,ransom,
13336719,1115639,2032468,1208993,179306778,ransom,
12384058,985069,2662887,1423533,160349681,ransom,
12103076,917508,3340201,1600650,153995998,ransom,
14066718,1207659,2544171,1050915,187457224,ransom,
12036513,742138,1929999,700623,185741066,ransom,
12168781,816086,2658856,1459389,151002938,ransom,
13346789,989123,1257425,763587,195930806,ransom,
12593468,622263,1124616,520660,201245230,ransom,
10555337,579428,1995135,1394394,150753614,ransom,
8234975,548325,2448696,1590080,119019991,ransom,
7137180,1037189,1715481,473804,33884888,ransom,
8230551,728144,2562063,1578335,103987417,ransom,
9740437,534568,2492829,1335728,167354298,ransom,
10785676,749215,2933546,1746247,155903006,ransom,
11263555,817266,2836600,1481318,156944098,ransom,
13198222,1188250,2501576,1069350,167522799,ransom,
12322678,999951,2850731,1223057,169078467,ransom,
12964728,1135787,3290051,1977451,131569143,ransom,
15728735,1642019,3157479,1598048,114200117,ransom,
11779366,1314997,3280573,1626392,95920670,ransom,
13863433,1311476,2337590,761806,142832589,ransom,
11929152,791506,2173247,1055365,173077378,ransom,
14530265,1000300,1514010,831811,196852827,ransom,
10198488,598769,2404004,1050819,165064968,ransom,
11072023,660093,2044858,1225577,186014773,ransom,
12012942,917794,2001572,1184051,177056471,ransom,
11902321,865055,2522394,1044015,185440379,ransom,
11794277,800189,2141877,954076,179310624,ransom,
12843156,1217126,3175302,2052831,131529687,ransom,
12398940,1008820,3545002,2025927,121843888,ransom,
13274670,1003440,2556985,1344897,165901697,ransom,
13223708,1255080,2689731,1259412,161577904,ransom,
12561751,939015,2505820,982392,172815368,ransom,
12648115,875148,2117877,880086,188315704,ransom,
9353551,409283,2368525,1260656,167530247,ransom,
8270787,425096,2897824,1910000,145719106,ransom,
9053784,783389,2614712,1634096,132968111,ransom,
11066798,852579,2870860,1058904,176866717,ransom,
11271991,668278,2190151,811605,187851110,ransom,
9968562,588418,2522092,1307632,152842300,ransom,
11882472,779705,2502934,1526795,154040907,ransom,
16066814,1505487,2636886,1324154,107801815,ransom,
13678410,1365917,2708723,1531108,124639498,ransom,
14414673,1352704,2816167,1251083,148110009,ransom,
12752975,1142119,2845938,1219062,155848683,ransom,
11880636,1158899,2411928,1055836,109837132,ransom,
9782405,709726,2914837,1696334,140741163,ransom,
10693407,881274,2594763,1729524,143068024,ransom,
11688739,996715,3013149,1605527,156196287,ransom,
14494042,1297788,3031243,1143952,180916912,ransom,
11920090,816879,2196247,988236,181128881,ransom,
9207769,442895,1987148,1039748,171416317,ransom,
9968745,748218,2429768,1539047,157886365,ransom,
11873685,1063547,2941380,1397777,172156187,ransom,
12507805,892302,2424524,964906,178224283,ransom,
8416023,403328,2393215,1175308,146616289,ransom,
7440963,406834,3210602,2193352,113096095,ransom,
9922100,735324,2404471,1386158,156748932,ransom,
10520080,735505,2049104,690469,180891086,ransom,
11212570,823300,2805288,1169542,171287487,ransom,
11003114,609460,2197369,1017642,179944040,ransom,
8301078,722729,1665515,1044783,69001580,ransom,
10721213,1075694,880381,326892,48516493,ransom,
6794405,777417,1329183,456914,31734035,ransom,
8912203,774548,2361120,1519130,116865984,ransom,
14160623,1142183,2122901,1101957,187135072,ransom,
14620538,1332271,3295678,1365116,169176340,ransom,
12900887,1577226,1980313,555362,66468147,ransom,
11592681,1145043,2170267,1040146,92289825,ransom,
13681720,1715940,2202381,774537,79955599,ransom,
9849831,791257,2618638,1316380,138974636,ransom,
10232567,634321,2058755,1001561,167314480,ransom,
6889671,379118,3026622,2074142,117184725,ransom,
8598939,437644,2478476,1595486,154828772,ransom,
10474242,778491,2361429,1382402,170208684,ransom,
10375878,862204,2757744,957306,166010489,ransom,
11469301,935304,2049927,930788,169632754,ransom,
10829813,598504,2564293,1259532,168573774,ransom,
11159837,964077,2625061,1359647,164033878,ransom,
9700545,727160,3240089,1677675,150796942,ransom,
8429935,793843,2951506,1505996,75921857,ransom,
10290524,1113434,905489,403844,47387075,ransom,
7294532,700335,1551668,792671,39008612,ransom,
13667192,1810243,2393107,860646,67566642,ransom,
12212462,1494580,2468367,732042,61486040,ransom,
12492977,1499415,2381074,697287,64474749,ransom,
7889402,663355,2695561,1852013,88526040,ransom,
11444976,1345803,2381916,1240055,60683840,ransom,
10604169,1202990,2280913,631161,56087836,ransom,
4752878,553862,1625194,637776,26802499,ransom,
864675,114291,376597,167955,4488225,ransom,
6333535,935865,1774169,582652,32306928,ransom,
6278822,796830,1771341,586094,30919826,ransom,
1468857,166795,663275,397541,6831358,ransom,
6584303,990522,1436553,502149,31711921,ransom,
5100680,656244,1304387,478139,25512571,ransom,
591142,58639,223032,136593,2651638,ransom,
1112242,122560,661737,370726,6621478,ransom,
9001834,810383,2293368,1260350,41176410,ransom,
15999295,780195,1931781,1071232,73290445,ransom,
11489589,851844,841807,459307,50229177,ransom,
11202150,781029,702713,288810,47937186,ransom,
7086426,770154,795265,345246,33075437,ransom,
9538399,1031618,591148,214033,44634057,ransom,
7334561,833130,683053,193846,37464795,ransom,
6389993,745347,603733,182957,32745389,ransom,
6147014,695536,618953,205840,31340235,ransom,
0,0,0,0,0,ransom,
