c4,c5,ff24,aa24,INST_RETIRED,type,
2346781,96645,1375097,188767,14262868,ransom,
3981429,17438,234412,18179,39737842,ransom,
37489,529,378,0,215056,ransom,
1309565,18947,487293,188374,9760160,ransom,
7078694,25779,334252,30821,70748095,ransom,
855579,48647,318864,15486,5554536,ransom,
3483941,91774,461670,94420,30162887,ransom,
4965060,133376,609488,119404,43436393,ransom,
32247998,63548,1171514,160566,324607550,ransom,
37129817,41570,1096809,147697,375574534,ransom,
32475348,100806,1563972,196873,313800533,ransom,
18060588,78805,946825,94715,172554874,ransom,
24492917,56858,990711,156914,241990410,ransom,
26482394,18191,797728,101292,267987176,ransom,
21056751,20259,595336,79516,213210113,ransom,
21490180,43654,843494,92375,215884168,ransom,
21846314,41128,747875,86819,219807034,ransom,
24298376,39700,852660,101491,246016108,ransom,
13303683,22047,529573,57532,133590852,ransom,
1185347,15119,95936,4002,11057712,ransom,
3990585,23663,194685,12872,39046991,ransom,
1469860,34489,204945,4511,12720304,ransom,
3231641,38559,251427,10464,30564494,ransom,
2728805,47786,323071,8561,24719734,ransom,
4094491,57912,426798,13090,38066793,ransom,
1336221,60567,419313,3459,9554536,ransom,
3137553,61263,529488,15760,28016231,ransom,
1067201,4805,88998,7226,10239175,ransom,
108052,1170,13181,778,882278,ransom,
50743,1475,18826,1024,278940,ransom,
36226,1341,22998,1325,193946,ransom,
7677139,4169,196228,26693,78001505,ransom,
9970455,20463,289608,34059,100279579,ransom,
3559510,47417,326812,12367,33194235,ransom,
2509490,52514,345146,8308,22210343,ransom,
3861477,36915,392280,22670,37911699,ransom,
279884,2302,40323,6335,2508890,ransom,
175009,1376,20556,1535,1541080,ransom,
222765,1275,21013,1429,2036071,ransom,
9440990,6946,274159,33858,95513675,ransom,
8744806,4730,239401,30388,88456468,ransom,
375170,1336,25612,2239,3577177,ransom,
4297220,2687,118399,14685,43388144,ransom,
108779,1504,24368,1495,800072,ransom,
1907968,2092,68917,7021,19109131,ransom,
3777093,3032,111287,12990,38120124,ransom,
4254662,15052,147744,13830,42381837,ransom,
6836219,29176,274993,22469,67893386,ransom,
3919725,21379,270220,18783,38235061,ransom,
4606447,2996,139058,16038,46451389,ransom,
72769,1036,15576,1202,361594,ransom,
977028,1301,38017,3661,9689655,ransom,
41979,748,5615,439,237372,ransom,
1195696,4497,47112,4575,12960420,ransom,
1135389,1871,52053,5218,11256624,ransom,
1061755,2147,37508,3454,10622565,ransom,
2324838,12739,109792,7947,22821185,ransom,
4915611,25730,215404,16564,48434710,ransom,
1689951,32214,191137,5112,15140984,ransom,
5714759,44671,348277,18844,55504740,ransom,
2520163,53064,388607,7897,21728862,ransom,
5599715,32496,407541,27652,54701119,ransom,
341552,1270,16607,1598,3247997,ransom,
52613,1128,12869,807,292986,ransom,
61136,1995,32597,1854,331273,ransom,
976594,1417,36846,3840,9695191,ransom,
8581143,5333,252448,32270,86792657,ransom,
4815927,6884,143656,16583,48627571,ransom,
6727955,4171,199472,23502,67947979,ransom,
53047,1369,18928,1109,293160,ransom,
686819,1127,26062,2615,6772621,ransom,
356538,3361,12738,948,4494807,ransom,
3018738,2428,96948,11105,30405813,ransom,
6572738,4599,200580,23701,66391082,ransom,
2248172,10001,94212,7245,22227990,ransom,
2687733,16576,139445,9236,26193578,ransom,
1349622,26349,159960,4754,11991099,ransom,
3930652,27631,274736,17217,38255901,ransom,
3884383,3738,131508,15137,39101417,ransom,
1272608,2207,63377,5985,12507543,ransom,
1649719,2221,66819,6541,16177740,ransom,
756285,1735,41228,3630,7384567,ransom,
1108923,2075,43242,4226,11031118,ransom,
921763,3361,55786,4036,8988303,ransom,
3745001,4830,110973,12212,37782004,ransom,
693790,13329,78344,1653,6168305,ransom,
2228275,21621,136439,6165,21309131,ransom,
483052,27598,139144,1610,3119182,ransom,
2590692,30971,188301,8430,24434463,ransom,
3244975,40425,248340,9377,31756375,ransom,
6314494,52084,422234,21490,61224454,ransom,
3483648,61230,476858,12523,31575827,ransom,
1523823,11069,187841,12342,14381629,ransom,
22709,462,4046,293,127081,ransom,
33521,1162,17780,1254,181263,ransom,
48792,1260,14821,948,271273,ransom,
183220,1586,26398,1712,1594214,ransom,
1209996,1522,43307,4685,12053572,ransom,
3837946,2766,112045,13265,38717395,ransom,
3734100,6463,129498,12315,37454398,ransom,
4039963,14624,147293,13551,40154558,ransom,
1195781,27076,159387,4190,10371022,ransom,
1697160,28480,173476,5421,15454002,ransom,
3278392,37542,253136,10051,31012455,ransom,
5514298,49411,381672,18634,53234631,ransom,
2944855,64390,486562,9423,25801614,ransom,
539214,47318,441054,10974,2081497,ransom,
158146,2301,21835,1304,1072925,ransom,
261954,3088,19410,1226,3765713,ransom,
48697,1171,14321,743,269012,ransom,
7594349,5530,238201,26877,76576078,ransom,
7785179,5143,218138,27662,78784893,ransom,
2220697,15373,126055,7631,21530049,ransom,
1490368,16284,111067,5763,14145292,ransom,
1131342,22831,147822,4053,10028007,ransom,
5834152,31353,285522,19287,57568496,ransom,
7664209,53578,469881,25708,74768992,ransom,
1599631,23328,296863,16300,14319459,ransom,
42765,892,7731,537,239851,ransom,
58895,1502,20468,1075,323668,ransom,
376174,2350,43125,2907,2979796,ransom,
2963652,3635,116734,11850,29763519,ransom,
6136812,4856,199268,22487,61821435,ransom,
7419647,4559,217277,26638,75141709,ransom,
2134348,2165,75575,7559,21241356,ransom,
50584,1364,18359,1115,278533,ransom,
1774588,4289,64469,6320,18816649,ransom,
1785969,2061,67627,6661,17871912,ransom,
3497392,8367,119748,11869,35016656,ransom,
6651323,21940,215632,21617,66512457,ransom,
5632181,34091,258001,18510,55310230,ransom,
6410279,52945,388506,21069,61985708,ransom,
4871762,41973,447257,26084,46645611,ransom,
43501,983,9092,740,244374,ransom,
40813,805,6892,506,229212,ransom,
61318,1857,30864,1947,333846,ransom,
4115385,3052,109181,15942,41671364,ransom,
6606914,4167,187340,24859,66778456,ransom,
8250997,11610,225001,27607,83268547,ransom,
1910566,21653,126786,7310,18139976,ransom,
4880193,36307,309606,18820,47311875,ransom,
6327744,7858,252635,25982,63534502,ransom,
780929,4704,91996,6078,5396021,ransom,
3797560,5458,331735,17985,32829723,ransom,
1979327,12269,301260,10979,13539221,ransom,
9320568,63128,1248636,139664,50874930,ransom,
493809,1827,42276,2678,4806074,ransom,
2863382,8246,113632,9030,28521082,ransom,
1915525,20512,134904,5816,18163746,ransom,
3960357,36834,256758,14692,38025280,ransom,
882185,47332,264004,2471,5893383,ransom,
6657547,52653,502115,29176,64313704,ransom,
1396319,3401,82079,7648,13819170,ransom,
41156,821,7343,516,232455,ransom,
62362,1955,33853,1792,336262,ransom,
43670,873,10200,474,245820,ransom,
7316511,3797,186654,25889,74082860,ransom,
4112185,2289,105112,14590,41682971,ransom,
5206118,8434,164956,18548,52279306,ransom,
5527178,13850,166785,18676,55534534,ransom,
1423323,25903,165317,5068,12447656,ransom,
2301030,26821,170858,7121,21726807,ransom,
7834429,43862,350233,25838,78405904,ransom,
8574597,58376,564155,34185,83581576,ransom,
1216200,4077,90565,7667,11898360,ransom,
55804,1650,23307,1432,304279,ransom,
47527,1027,13307,774,264413,ransom,
824523,1500,30208,3192,8237138,ransom,
8913825,8496,247816,31788,90061795,ransom,
8870004,22401,265813,28430,89126683,ransom,
2805885,42635,269459,9525,25821952,ransom,
4837740,48719,333247,16116,46308898,ransom,
4999001,39694,446404,27198,48043120,ransom,
41572,880,6608,541,234827,ransom,
41880,912,7633,569,235058,ransom,
60344,1920,30946,1890,327217,ransom,
1182887,2178,57777,4792,11739792,ransom,
11018686,7866,291901,39436,111506744,ransom,
1323406,8384,73581,5476,12905756,ransom,
8092860,25147,261667,25794,80928724,ransom,
4133099,24425,278579,18896,40893331,ransom,
3987210,3149,121410,14420,40150592,ransom,
851311,1282,30038,3598,8446101,ransom,
3705047,2560,107976,13230,37344786,ransom,
416511,885,14082,1823,4076248,ransom,
561624,1628,35725,3331,5412646,ransom,
3438108,2623,102299,12210,34676745,ransom,
4762473,2763,121246,16662,48275300,ransom,
4501910,8503,120001,14497,45241190,ransom,
4735492,13288,142923,16523,47527274,ransom,
4755604,29175,238458,15836,46618767,ransom,
7617941,45256,384025,25826,74867949,ransom,
5609278,40780,469021,28682,54247648,ransom,
45775,1116,11330,860,254404,ransom,
46277,1156,13152,925,256886,ransom,
51170,1428,20115,1254,282662,ransom,
3292094,3098,108065,12522,33178425,ransom,
7129538,6941,208626,26234,72001270,ransom,
6976184,22761,228349,23758,70950507,ransom,
5011639,24774,317025,22418,49154593,ransom,
2020497,1774,63033,7023,20249780,ransom,
4265253,2858,127143,15705,43111835,ransom,
612429,1183,28279,2621,5918639,ransom,
57452,1367,19509,1089,315914,ransom,
58435,1744,29251,1609,319557,ransom,
8867005,4546,233076,31972,89888159,ransom,
8633828,8181,225859,28962,87261708,ransom,
3414320,17815,144204,11412,33715345,ransom,
4604619,32370,236603,15395,44845308,ransom,
5750134,38838,292251,19390,56235040,ransom,
7871059,57746,487672,27744,76671196,ransom,
1095596,12282,200014,12978,9896594,ransom,
47650,1133,12835,795,263951,ransom,
40816,736,4452,236,231859,ransom,
1418750,1552,43965,5258,14253944,ransom,
7814504,5213,208276,27265,79177462,ransom,
4159791,16306,133361,12887,42531074,ransom,
8812522,32521,369243,33520,87603243,ransom,
7805407,5142,210413,26569,78956273,ransom,
141243,1705,26695,1832,1122336,ransom,
3358513,2445,104448,12169,33836458,ransom,
2238931,1919,67234,8898,22541586,ransom,
3240843,3296,105852,12893,32656017,ransom,
8799530,17840,245110,28411,88584188,ransom,
1621827,30052,177254,5206,14555187,ransom,
8008450,32724,374059,31261,79388436,ransom,
4836165,3924,184576,19840,48641435,ransom,
52425,1418,19223,1172,288029,ransom,
50771,1285,18134,1102,279769,ransom,
244522,1465,27535,1657,2216129,ransom,
6511486,10133,194398,21262,65626507,ransom,
6202738,29644,252777,20712,61343281,ransom,
1738567,42325,259383,5316,15029630,ransom,
8882986,55219,448886,28604,87196721,ransom,
5072845,19079,297670,26209,49658022,ransom,
168778,2300,19787,1249,2999917,ransom,
53939,1492,19995,1147,297152,ransom,
2686039,3629,81818,9090,26929249,ransom,
7258199,3982,200023,23781,73397493,ransom,
5392229,8091,162390,17414,54279152,ransom,
5586824,17248,202263,19109,55030386,ransom,
3510455,31536,209276,11086,33705953,ransom,
2748775,33337,220709,8509,25909696,ransom,
5892618,47028,370214,20467,57143452,ransom,
6097813,24201,350689,27900,60235718,ransom,
4327648,1576,65884,12241,43916906,ransom,
45774,1064,11473,833,257012,ransom,
57423,1751,26968,1707,312503,ransom,
971452,1081,27132,3659,9684044,ransom,
2616643,1849,66680,9050,26412763,ransom,
3108205,2534,94341,11266,31327237,ransom,
3793308,8212,115940,12691,38175179,ransom,
2609080,21238,144211,7653,25209044,ransom,
2888060,27942,159505,8803,28899831,ransom,
3046026,35568,231248,9618,28757227,ransom,
3660933,43919,296659,12039,34554477,ransom,
4491099,55975,415892,15144,42273128,ransom,
2523360,30465,347098,18586,23367432,ransom,
69105,1166,14322,1081,482770,ransom,
42114,918,8475,608,235424,ransom,
39999,689,3747,285,226844,ransom,
769428,1458,30050,3690,7685664,ransom,
2869812,2714,92727,11320,28809295,ransom,
8015915,9730,220086,28851,80996805,ransom,
9069639,35369,350851,31543,90281988,ransom,
8827083,52984,532105,36731,86453400,ransom,
104912,4529,85294,5159,529588,ransom,
50640,1312,16318,890,280785,ransom,
129487,1444,22119,1325,1066705,ransom,
6085776,3332,155203,19595,61647454,ransom,
11016660,16033,264320,35160,111308473,ransom,
1569527,30934,193564,6904,15142294,ransom,
6460155,6404,234321,25890,64998644,ransom,
51122,1230,16031,983,282986,ransom,
5970727,3422,167564,20604,60385978,ransom,
177887,1199,17713,1338,1598595,ransom,
2311850,2905,84732,9107,23243237,ransom,
9287617,12629,216339,28763,93941062,ransom,
2593809,15058,189108,12446,25198194,ransom,
6344339,3918,189123,22926,64085339,ransom,
1650224,1549,53587,6156,16569512,ransom,
3696587,2657,119125,13188,37222672,ransom,
48030,1185,13929,1024,265037,ransom,
1042093,1807,47742,4760,10298686,ransom,
5432597,3022,142644,19508,55022389,ransom,
2977413,2293,91839,11416,29995689,ransom,
9021074,14300,241090,29230,90973594,ransom,
1430511,20505,127856,4688,13255949,ransom,
4503500,34087,283839,15987,43682160,ransom,
9494918,9380,273030,34215,97013317,ransom,
586450,1609,34901,3472,5659590,ransom,
2106010,1841,60567,7059,21204134,ransom,
1317763,1892,55727,5157,13089339,ransom,
47271,1019,11500,677,265868,ransom,
2730250,6171,106008,9524,27121868,ransom,
7731146,24388,291321,26415,76062022,ransom,
6952610,44195,496516,29209,63542261,ransom,
6079198,64944,730887,29096,51933453,ransom,
4529389,42954,707008,34987,32198829,ransom,
2466539,16443,245270,25121,11429164,ransom,
217486,4328,54837,2136,1027353,ransom,
5576244,7661,200532,20684,55263751,ransom,
6526206,5284,197428,23171,65600595,ransom,
3570126,15033,156521,15525,35236312,ransom,
5247331,18346,184351,16528,52409984,ransom,
2182209,31752,219843,7870,20139823,ransom,
5473706,36894,306410,18398,53611577,ransom,
7755651,61283,518168,28449,76368112,ransom,
342844,10193,161840,9135,2386831,ransom,
52451,1410,19663,1282,289662,ransom,
198971,1564,24027,1635,1759570,ransom,
5006697,3389,152458,18410,50591878,ransom,
7753207,8295,226186,27500,78282320,ransom,
2834878,22229,159246,9761,27445902,ransom,
3693423,28718,206512,12093,35790475,ransom,
3566112,41733,297158,13513,33258861,ransom,
6964062,54213,453932,24715,67578800,ransom,
934260,16796,239123,12660,7949958,ransom,
51206,1361,17905,1027,281854,ransom,
277969,1607,26237,1910,2543387,ransom,
3870536,3287,127976,14266,38703531,ransom,
6078753,5545,171581,20256,61400055,ransom,
6687654,25433,238185,22243,66567170,ransom,
324369,32832,149210,955,1125739,ransom,
4515810,33755,318828,20401,43674331,ransom,
6280109,6068,170220,21716,64612959,ransom,
873435,1771,43971,4225,8560116,ransom,
722033,1709,38186,3336,7074398,ransom,
109278,1199,18238,1149,858769,ransom,
3974935,4398,134636,14075,39988790,ransom,
5973550,19522,212637,18601,59662097,ransom,
2549534,40336,270941,9737,23283296,ransom,
3333962,8380,203537,15339,33033540,ransom,
435417,1308,26674,2289,4130248,ransom,
1768707,2054,70248,6812,17676026,ransom,
38804,597,2280,114,219500,ransom,
492922,1438,31002,2253,4765852,ransom,
2112379,3267,94973,9924,21184223,ransom,
8788870,14263,227942,29899,88688087,ransom,
11212817,44325,426065,39967,111750464,ransom,
3102758,32154,370990,21210,29033493,ransom,
48844,1203,13765,953,270686,ransom,
118676,1557,23743,1564,937517,ransom,
1144796,3877,38414,3728,12490666,ransom,
10489481,4101,211000,33502,106541967,ransom,
6347509,14637,169183,18285,63758515,ransom,
7283700,27237,243597,23367,72672466,ransom,
4249642,44613,320008,13786,40427577,ransom,
5581555,49393,386435,16969,53787218,ransom,
6816859,49051,532950,33241,65940131,ransom,
52767,1464,18477,1213,290086,ransom,
53120,1433,17924,1163,292707,ransom,
49772,1213,16181,1038,275447,ransom,
2997309,1946,82333,10453,30232794,ransom,
3280282,2110,89709,10661,33161477,ransom,
3393744,2391,96497,11844,34155257,ransom,
4843737,4224,140467,16916,48905542,ransom,
647383,11850,91629,3273,5721582,ransom,
979638,10002,74946,3472,9333394,ransom,
1474234,15346,102860,4658,14027257,ransom,
2950312,17699,146331,9551,28403308,ransom,
2048718,29917,157251,5117,19183911,ransom,
4236363,31494,214773,12698,42184651,ransom,
1338800,41807,250716,4014,10888371,ransom,
6289345,50811,396706,21924,60978572,ransom,
1072676,52409,439644,9085,7307086,ransom,
3577702,3649,127395,14460,35948881,ransom,
55807,1629,23265,1554,306056,ransom,
206955,1394,22585,1469,1869794,ransom,
1361772,1640,48033,4946,13643594,ransom,
10604868,9139,277370,35727,107364852,ransom,
6109418,31497,269640,20040,60291608,ransom,
2745994,39262,250543,9501,25469416,ransom,
6221653,52088,424431,21842,60261166,ransom,
2273986,15264,245695,17520,21681673,ransom,
54222,1590,20244,1328,299872,ransom,
52834,1484,19844,1219,287235,ransom,
2863798,2017,78719,9598,28909879,ransom,
6594696,3521,174942,23233,66697731,ransom,
5020468,8340,138282,16538,50561734,ransom,
7940174,26397,261764,25386,80539466,ransom,
1085900,37974,217957,3923,8571467,ransom,
3126923,38248,255949,10213,29473223,ransom,
8193404,52501,514476,33836,80017752,ransom,
140497,5522,98171,5953,795340,ransom,
44896,1019,10018,796,250529,ransom,
41941,873,8253,552,236774,ransom,
3250715,35576,415289,22491,22652526,ransom,
6311550,23408,326237,25094,59839351,ransom,
5944724,30738,370172,26762,53840345,ransom,
9307171,43085,412377,33692,91012713,ransom,
5380079,49011,436808,21965,51437789,ransom,
5037574,12336,257244,21165,49078865,ransom,
2826670,2994,100584,8365,27401719,ransom,
223341,2930,53488,1732,989042,ransom,
1944042,2976,96056,7114,18653808,ransom,
8108663,5311,247602,28450,81761715,ransom,
7636359,22018,304019,29725,74862931,ransom,
688595,21376,132447,4423,6028400,ransom,
3955717,27606,258579,13900,36879461,ransom,
3827236,55575,522527,21707,29781988,ransom,
6854149,24588,410230,34345,67394203,ransom,
2316467,11372,211323,25700,21724460,ransom,
62132,1677,22450,1279,339580,ransom,
217581,1431,23320,1567,1962701,ransom,
3157622,2379,91763,11005,31965684,ransom,
9417821,19484,274365,31885,94707824,ransom,
4999159,59386,353889,22036,47466508,ransom,
4866770,52325,440394,21779,46116127,ransom,
1451005,7234,140329,11958,14038865,ransom,
49993,1249,15678,1010,276521,ransom,
129786,1566,23715,1502,1053883,ransom,
6008330,3520,168825,19978,60760652,ransom,
8714939,9399,210330,26979,88211951,ransom,
4468975,28316,200330,13534,43712357,ransom,
642704,31628,160250,2812,4467497,ransom,
4639121,28994,302535,20794,46411695,ransom,
9828833,6918,262837,32601,99435145,ransom,
304407,1353,22045,1912,2825560,ransom,
61127,1513,22661,1479,335341,ransom,
367007,2266,41669,2476,2830024,ransom,
2469067,3304,78114,8747,24791330,ransom,
7134158,21302,236478,22297,71406550,ransom,
4410395,40400,292258,13350,42294020,ransom,
3135846,48625,339183,10409,28890360,ransom,
6297800,32443,421917,28903,61791997,ransom,
149662,1694,24321,1686,1242842,ransom,
434283,1346,22140,2216,4188597,ransom,
71918,1107,13212,864,540860,ransom,
3042352,1717,74247,10521,30716516,ransom,
6165684,3684,163066,21706,62462458,ransom,
1419843,11190,89001,5405,13678693,ransom,
5453898,23549,210551,17835,54123278,ransom,
589424,28042,205218,5804,4025359,ransom,
5960858,5814,160568,20740,61343022,ransom,
1431292,1403,42624,5043,14354161,ransom,
5219595,2761,138528,17758,52778602,ransom,
125832,1503,25019,1408,1019726,ransom,
2074213,1877,69566,7151,20820823,ransom,
696182,1436,29200,2977,6937596,ransom,
5632608,13844,182836,19000,56474714,ransom,
8035727,32306,314469,27068,79939600,ransom,
5754976,53698,425745,21477,55340364,ransom,
2253359,15457,246849,17142,21393773,ransom,
55012,1494,21133,1317,303213,ransom,
112046,1269,19308,1107,899445,ransom,
2703065,2256,87983,9922,27229418,ransom,
8944696,6648,207693,29968,90701511,ransom,
4634306,24865,206189,14252,45604483,ransom,
8861552,40964,382226,32909,85911393,ransom,
4126029,52133,549994,17901,34580014,ransom,
6270867,44793,664797,36177,55364573,ransom,
3937665,45603,571002,33581,20979699,ransom,
134117,5140,47909,3646,758317,ransom,
47430,1099,11846,737,262706,ransom,
1684444,5808,45233,5645,16933068,ransom,
2803274,8451,76216,10418,28042478,ransom,
2702910,23605,88978,11254,26407681,ransom,
2695463,1998,81060,9630,27129956,ransom,
793791,3440,34936,2938,7852223,ransom,
3340743,7169,92908,10636,33612258,ransom,
2147186,16244,108691,6704,20843264,ransom,
3845419,19442,147866,12642,38002098,ransom,
2310236,29766,172754,7466,21615162,ransom,
4574950,36806,264621,15037,44346058,ransom,
3589646,46712,328538,11025,33671441,ransom,
4985357,56189,434068,16885,47305183,ransom,
3656802,21724,316278,21433,35496331,ransom,
42140,932,7693,692,236415,ransom,
39909,817,6698,544,226511,ransom,
373963,4415,35725,2406,4582261,ransom,
482994,1559,29309,2437,4686260,ransom,
11154477,2855,185371,34015,113546397,ransom,
12881711,4953,197057,38340,131145696,ransom,
11394623,17793,231035,32644,115195234,ransom,
3565618,22036,142490,10919,35059897,ransom,
10615456,24382,316838,36283,106596687,ransom,
13431369,4856,223390,38831,136636467,ransom,
5008230,2427,101508,15547,50635704,ransom,
11484581,2317,179295,33544,116964273,ransom,
6330379,3145,134770,20507,63271061,ransom,
53417,1734,19831,1237,301961,ransom,
2228529,2495,84171,8053,22330299,ransom,
3866939,2895,129439,14437,38975212,ransom,
3857838,3163,137559,13395,38567810,ransom,
5417055,3790,183727,20303,54531535,ransom,
118334,1291,19762,1254,957356,ransom,
4355156,3418,160627,16436,43808633,ransom,
361029,3531,19383,1207,4516309,ransom,
2614367,2400,100745,10176,26209248,ransom,
2160739,2120,84095,7940,21679583,ransom,
2743210,2422,101652,10476,27500751,ransom,
7044422,9179,188621,22943,71188178,ransom,
1755732,23480,145838,6168,16316911,ransom,
5852479,30762,248720,19501,57747306,ransom,
5743024,15151,296072,25944,57212961,ransom,
2877496,2558,99244,10901,28811705,ransom,
53002,1439,20058,1154,291198,ransom,
1369900,7396,112445,9492,12576789,ransom,
44307,920,8405,493,246707,ransom,
7195406,7044,244339,29675,71857652,ransom,
6428129,3781,188053,22997,64880686,ransom,
3990205,7338,184325,20801,39146884,ransom,
3871586,5422,175474,19639,37916319,ransom,
283729,1499,30922,1973,2379803,ransom,
3318866,4942,161387,17307,32406806,ransom,
122785,1748,15713,995,838313,ransom,
3687814,5743,146324,17201,37521731,ransom,
8339292,8173,269930,32337,83416986,ransom,
3938021,12107,122230,12284,39410246,ransom,
6981111,31498,314768,28214,68279190,ransom,
1300966,36780,221715,4049,10917033,ransom,
10144053,55578,541593,42704,99092805,ransom,
2203723,28891,370730,23512,19394928,ransom,
55813,1570,22401,1561,306211,ransom,
239832,3991,71789,6489,1169720,ransom,
2740015,2661,97792,10573,27549095,ransom,
6700293,7968,240530,27810,66669293,ransom,
5669061,22282,262177,23692,55505579,ransom,
4472792,27119,216351,15091,43912108,ransom,
4288952,45276,355826,19762,39947719,ransom,
10885669,52861,566902,46141,107423519,ransom,
273401,6487,120855,9983,1327395,ransom,
393667,4135,83482,7683,2719432,ransom,
71838,1872,29183,1761,392962,ransom,
2310621,9059,121439,12909,23315442,ransom,
12323568,15853,339635,43320,124484574,ransom,
9051665,32113,373458,36833,89609766,ransom,
2164878,49507,363246,13227,17937378,ransom,
6958536,55128,495404,26746,67453244,ransom,
732677,14456,214045,15244,5413181,ransom,
137031,2621,25391,2993,1115727,ransom,
287914,4745,80160,6835,1651161,ransom,
2152112,5047,133458,13164,20547078,ransom,
4126601,3018,123746,14551,41583059,ransom,
4374175,6325,192735,21202,43073761,ransom,
3921356,2386,111227,13852,39589359,ransom,
2950796,7736,182042,17065,28382840,ransom,
1566180,5015,105410,11355,14723436,ransom,
1803812,1694,54376,6366,18043101,ransom,
1068518,7376,99710,9553,9367234,ransom,
2101637,4400,91748,11175,20851879,ransom,
5712305,7086,227234,25011,56606695,ransom,
5650076,9265,229422,25110,57073026,ransom,
4356429,2958,143535,15947,43840895,ransom,
2109787,4623,122125,12862,20253692,ransom,
1400138,2054,66168,5614,13798661,ransom,
1782609,4935,124960,11904,16805696,ransom,
2390575,8753,144220,14600,22980294,ransom,
5463677,6412,144661,17138,55190888,ransom,
4370307,27852,246486,24392,42143015,ransom,
4593269,35050,266034,15102,44563078,ransom,
6398557,52357,414137,27122,61418497,ransom,
5600392,62211,593288,31409,52213209,ransom,
877098,5241,101365,7601,8386643,ransom,
243814,7522,85169,7345,1190287,ransom,
49305,1174,14526,843,273168,ransom,
7203415,7466,249345,29162,71898193,ransom,
8256187,16757,271235,31707,82275975,ransom,
2776507,25076,163079,8994,26772303,ransom,
6314941,49689,496598,39412,59903936,ransom,
4805097,7744,184768,17975,49383223,ransom,
241793,5441,81405,7249,1180161,ransom,
1029936,4541,101186,9671,9141949,ransom,
1029814,2023,47902,4725,10148421,ransom,
5518092,8173,224376,24953,54693325,ransom,
9459753,23865,287886,32591,94966487,ransom,
943249,38977,251496,8084,6194675,ransom,
6666058,41840,416802,31998,64547969,ransom,
5065600,4762,195389,20159,50947503,ransom,
325781,8500,92732,9374,2003957,ransom,
53981,1503,20167,1182,299039,ransom,
615444,4470,77116,7530,5073924,ransom,
9147341,9709,310036,36843,91505433,ransom,
8765117,24480,282572,28337,87837191,ransom,
695227,38598,264933,8848,3701123,ransom,
4174960,8825,214154,19500,41575754,ransom,
803562,4605,88753,8551,6952695,ransom,
5855200,7080,246547,26124,57991933,ransom,
428122,3822,22691,1429,5179151,ransom,
5224453,6531,189554,26590,51736979,ransom,
3462049,2614,89284,12328,35055260,ransom,
5027504,18190,221057,21844,49167827,ransom,
7116787,33555,328625,29081,69887179,ransom,
6597979,19846,350163,28434,65439175,ransom,
2199802,6215,140964,13993,20956240,ransom,
812663,1782,40308,3863,8013495,ransom,
937421,4158,83395,7310,8326177,ransom,
2937006,4765,131268,14164,28716760,ransom,
5573813,12284,170300,17770,55972414,ransom,
7401747,39007,380252,32329,72128905,ransom,
5859857,15084,306540,25967,58311597,ransom,
844921,4678,91659,7958,7333392,ransom,
1961285,4305,116956,10659,18693648,ransom,
197955,1396,22413,1623,1767596,ransom,
3752666,5028,163573,16878,36897849,ransom,
6810999,4436,207924,24182,68874361,ransom,
3639075,6798,143952,15064,36773109,ransom,
4206228,7184,195655,18778,41317689,ransom,
1264841,1581,49233,5253,12558786,ransom,
1266768,5576,103153,12727,10987649,ransom,
1240058,1758,50770,4635,12303326,ransom,
3126018,2284,94880,10469,31525308,ransom,
6660905,6649,257497,24455,63625982,ransom,
7637300,16522,402094,26081,71656644,ransom,
7745269,27671,442356,29436,70591217,ransom,
4685792,44083,437052,31576,35008672,ransom,
3978326,44235,339327,13999,37741182,ransom,
3194262,38846,391843,17884,29787834,ransom,
2445278,2163,76208,8850,24558497,ransom,
1341026,1748,51567,5542,13372738,ransom,
49722,1259,15872,1107,274057,ransom,
995358,1616,44592,4515,9857610,ransom,
1541842,1549,44060,5620,15485435,ransom,
6159992,3911,182255,22320,62187624,ransom,
3605559,5032,80014,11248,37686973,ransom,
4006754,19951,161931,12970,39494939,ransom,
2772655,23590,146540,9688,26772074,ransom,
7104624,31668,331708,26974,70295080,ransom,
6729951,4758,205392,25411,67973634,ransom,
1128090,1435,41170,4486,11180131,ransom,
1377198,1332,41845,4833,13783246,ransom,
45070,976,9421,676,251292,ransom,
367873,1177,21692,1853,3498297,ransom,
333737,1946,29677,1887,3074442,ransom,
1906893,1699,58377,7328,19147181,ransom,
2147749,1828,61661,7826,21631747,ransom,
4840041,9228,119204,14648,44963910,ransom,
1641486,8757,65704,5891,16206211,ransom,
3574773,20548,163549,11753,35103041,ransom,
2242602,17097,192136,11566,21538198,ransom,
3156125,2171,89444,10867,31806368,ransom,
6019303,2647,143618,19764,61012046,ransom,
1334042,3030,55360,5307,12788955,ransom,
2959148,3728,84994,9593,31276128,ransom,
424218,3617,35365,2410,4052621,ransom,
2818950,8573,102735,9109,28183720,ransom,
3202638,21808,166093,10850,31238851,ransom,
3915112,40653,303914,13173,37229599,ransom,
5008431,55056,465359,20757,47524767,ransom,
553549,7529,137401,8367,4351096,ransom,
528015,1136,20555,2071,5158432,ransom,
52851,1478,20693,1193,291216,ransom,
47307,1084,12299,667,262012,ransom,
60699,1540,22656,1199,332383,ransom,
5418903,2603,127955,18182,54876983,ransom,
8241401,5454,223149,28925,83433588,ransom,
1848060,11786,104478,7133,17995032,ransom,
6112958,25522,236555,19019,60695865,ransom,
908866,34322,186021,2809,7035989,ransom,
4222034,40342,306170,14105,40501663,ransom,
3202328,42867,392738,17710,29631476,ransom,
4006222,5173,129491,14211,41435648,ransom,
831855,1148,28251,3312,8248523,ransom,
54518,1491,21913,1279,300312,ransom,
46732,1034,11822,658,258931,ransom,
170282,1310,23729,1391,1494963,ransom,
3922098,3482,134644,14341,39449828,ransom,
6552784,6453,228317,24579,65962559,ransom,
1591025,1817,54284,6245,15909261,ransom,
5199858,4386,180804,19278,51807638,ransom,
51679,1242,17302,1067,284563,ransom,
4871035,4398,115201,15979,49294637,ransom,
1032789,9735,64769,3726,9892301,ransom,
4045963,19344,163865,13945,39986873,ransom,
6440391,35138,305907,21415,63401600,ransom,
3902860,53507,402844,13212,36402477,ransom,
4369552,64960,488267,14055,40431678,ransom,
782685,63929,519176,5692,3727298,ransom,
135890,5363,89605,4763,692100,ransom,
358692,3503,15947,1157,4503415,ransom,
30998,1069,16689,1109,167518,ransom,
35156,1285,22067,1372,187542,ransom,
2702547,2253,74866,9420,27306839,ransom,
4114728,4594,125718,14424,41560585,ransom,
5411666,11025,153949,17040,54355369,ransom,
8942363,25744,271600,29641,89598985,ransom,
1792096,40586,229193,5545,15638282,ransom,
4825276,48574,351049,15613,46107583,ransom,
2755507,37683,387858,18162,25336504,ransom,
1722797,1661,60073,6690,17252950,ransom,
47443,1157,12178,829,262616,ransom,
49915,1207,15918,1112,276107,ransom,
53405,1427,19607,1211,293529,ransom,
1494459,1856,51156,5553,14958329,ransom,
6223836,5240,158427,20675,63024364,ransom,
5088867,24555,210476,16376,50249752,ransom,
6753370,42750,340422,23418,66186429,ransom,
4726636,54039,363264,14159,46063538,ransom,
2619293,57065,381553,7813,23038158,ransom,
3622562,29869,346434,20354,34635899,ransom,
3798157,1427,56631,10605,38659804,ransom,
1551879,907,25050,4334,15626208,ransom,
52117,1367,18002,1048,286064,ransom,
1534019,1603,44533,5647,15473162,ransom,
727289,1713,41545,3228,7017616,ransom,
6558677,3235,149161,21312,66477000,ransom,
6819317,10437,163232,22127,68964019,ransom,
6627856,30448,256401,21612,65617839,ransom,
5186124,38395,274511,17387,50501476,ransom,
3345539,49648,323603,9953,30934868,ransom,
7397033,57615,453229,24101,71870798,ransom,
2369423,66049,457103,6083,19908375,ransom,
512644,22890,262975,10523,3358984,ransom,
2159372,1823,46976,6984,21727896,ransom,
46849,1105,11288,801,260873,ransom,
365030,3876,22171,1467,4537938,ransom,
1643179,2025,62069,5860,16411232,ransom,
5092772,3628,159892,18360,51436321,ransom,
2628078,4007,96810,9311,26269379,ransom,
6770156,12658,189141,22127,68235978,ransom,
734503,25291,140153,3183,5823920,ransom,
4332191,30825,217600,13960,42253211,ransom,
1978689,42000,251707,5507,17428176,ransom,
5242442,54999,417777,18158,49987232,ransom,
2621139,64215,464464,7526,22608182,ransom,
516695,44463,426091,10552,2010628,ransom,
41518,819,3675,140,234400,ransom,
86226,3222,37760,1603,428823,ransom,
61859,1681,24833,1427,339542,ransom,
168555,2472,37893,2200,823322,ransom,
510937,1079,19569,2076,4992126,ransom,
2198525,2110,60849,7990,22116690,ransom,
4930193,3005,136762,17502,49809356,ransom,
2001933,4891,56613,6018,21162988,ransom,
5103461,18575,190559,15858,50834278,ransom,
679322,25341,125304,2342,5262487,ransom,
4665858,31723,218912,14854,45575591,ransom,
643763,36802,202179,1666,4191543,ransom,
5771868,46627,372609,19435,55947781,ransom,
2214605,55636,399010,6329,19013678,ransom,
2945405,38602,424637,19576,27187778,ransom,
135025,685,6910,453,1183887,ransom,
48570,1133,13238,849,269762,ransom,
54762,1567,21853,1263,299986,ransom,
50257,1251,16535,902,278396,ransom,
581863,1191,24365,2476,5768580,ransom,
6090643,4021,178747,21769,61452254,ransom,
7078600,14956,218239,23091,71105735,ransom,
3283803,23926,170155,11858,31975134,ransom,
2703850,37992,252422,9193,25084536,ransom,
3396548,44004,319782,11813,31833366,ransom,
4838239,58347,429336,15379,46846100,ransom,
2124433,65084,461635,6102,17433400,ransom,
505532,43319,411609,10569,1972281,ransom,
39163,599,958,46,221578,ransom,
51405,1351,16320,1093,284616,ransom,
48745,1205,14579,900,270185,ransom,
92667,1554,21981,1347,685097,ransom,
3002334,2093,80159,10870,30386855,ransom,
5282944,3186,127614,16237,53428830,ransom,
6689558,21130,210501,21207,66822743,ransom,
4491545,31442,225679,14859,43896210,ransom,
3125849,46375,297249,9973,28815530,ransom,
5667254,56645,419479,18060,54234829,ransom,
6068824,43435,458008,27437,58821954,ransom,
367847,3953,54200,3988,1657319,ransom,
906871,3999,224801,6130,4032628,ransom,
3187049,7718,257459,12960,25630721,ransom,
3256281,13549,302387,27597,19614060,ransom,
6257047,5549,162493,20479,62693647,ransom,
7098381,16229,192178,21690,73028467,ransom,
5438362,27921,222728,18087,53747630,ransom,
4252272,46486,322341,13869,40360119,ransom,
3770056,52715,387054,12041,35084767,ransom,
3787714,61927,473398,14080,34687602,ransom,
333594,12235,176299,9031,2172652,ransom,
41989,806,5010,325,238041,ransom,
50416,1379,16961,1050,277028,ransom,
49819,1269,16072,969,275413,ransom,
54144,1489,22109,1328,297899,ransom,
1672316,1815,56098,5891,16743868,ransom,
2565822,1875,69054,8832,25867435,ransom,
3773810,6776,113316,12805,37939960,ransom,
2241231,13390,101675,7048,22018643,ransom,
3056300,28837,187078,9748,29266659,ransom,
1108386,30515,157556,3414,9363521,ransom,
4010748,37889,271023,12704,38464097,ransom,
3616972,46292,325785,11659,33887580,ransom,
2804218,53261,357818,7914,26373161,ransom,
4594138,59024,462695,15407,42567514,ransom,
1607360,26874,311747,14993,14290861,ransom,
1983927,1155,30998,5398,20039014,ransom,
51328,1417,15639,946,283131,ransom,
60248,1530,21451,1179,330833,ransom,
52867,1459,19457,1079,290763,ransom,
3560583,2347,94705,12228,35963969,ransom,
6571729,3784,184771,23509,66583290,ransom,
2509493,7852,101797,8897,24844918,ransom,
7370431,18319,226832,24200,74108775,ransom,
2143031,34889,223238,6682,19501364,ransom,
2783273,36962,247730,8626,26062444,ransom,
2748014,19713,256684,15589,26395482,ransom,
3273754,2105,94135,11395,32954972,ransom,
587018,1381,27993,2723,5734857,ransom,
1238156,1652,42881,4754,12356460,ransom,
405235,1169,21180,1951,3911173,ransom,
2138468,4584,73042,7254,22498667,ransom,
8559217,3906,205851,28102,86775341,ransom,
3714452,3951,87219,11830,37650252,ransom,
3787117,21611,179389,13216,36806428,ransom,
3610793,26328,187076,12022,35163914,ransom,
3772742,42558,305788,12791,35721282,ransom,
7012210,56880,478693,23912,67952342,ransom,
649512,67835,471156,692,2206400,ransom,
748808,58845,530798,8193,3638582,ransom,
88324,1567,24872,1675,488480,ransom,
43363,926,7733,463,244332,ransom,
53618,1443,20011,1117,293707,ransom,
48405,1170,14125,775,269556,ransom,
79958,1174,16999,954,601509,ransom,
4465468,3046,127289,15339,45104750,ransom,
8097952,13976,223005,25990,81552477,ransom,
1292355,26340,143324,4266,11477383,ransom,
5433693,45191,329615,18427,52516360,ransom,
3205633,54483,358548,11586,29945735,ransom,
1545225,58877,381672,4311,11941050,ransom,
2205867,62584,449971,6524,18479022,ransom,
810924,66566,462719,965,3965214,ransom,
550920,47346,447413,10528,2136099,ransom,
45157,954,9680,553,252719,ransom,
43081,836,7550,393,242089,ransom,
48153,1247,13421,743,267163,ransom,
1313489,1326,29375,4045,13206693,ransom,
6465763,2251,112273,18328,65676123,ransom,
8691535,3811,202796,28808,88111280,ransom,
1785414,1657,51864,6613,17925502,ransom,
8318173,8420,204343,28364,84188712,ransom,
495706,13700,79164,1986,4214450,ransom,
6516392,26119,247672,20666,64738503,ransom,
3681741,34310,235926,11836,35371335,ransom,
4597824,47931,326329,14927,43833770,ransom,
3585160,48701,391013,16380,33407019,ransom,
3073327,7859,144126,14039,31640793,ransom,
263153,950,13147,1288,2476800,ransom,
54679,1483,21192,1390,299475,ransom,
47571,1112,12983,811,262941,ransom,
51800,1344,18112,1110,285512,ransom,
2558446,4774,121640,10171,25425154,ransom,
7329849,7787,210913,25611,73969804,ransom,
2607673,18224,139831,8891,25025367,ransom,
6633570,31576,272378,21570,65654100,ransom,
1654902,41105,252323,5620,14271219,ransom,
2069025,49869,347198,6147,17790543,ransom,
3851260,44047,455619,22129,36051166,ransom,
1315420,966,27321,3950,13201231,ransom,
52429,1391,18042,1123,288780,ransom,
51486,1380,17595,1035,283468,ransom,
121453,1503,23316,1328,979072,ransom,
3924311,2340,99329,12662,39657409,ransom,
6453049,7021,163523,20777,65275935,ransom,
4562786,28496,202714,13534,45876403,ransom,
5928049,34676,263956,19587,58326550,ransom,
4268211,46823,310750,13311,40544205,ransom,
4121325,52289,426159,18105,38601857,ransom,
4245687,5214,152416,17007,42629728,ransom,
1972751,1623,44405,6390,19845757,ransom,
44238,878,8537,545,248735,ransom,
49438,1216,15151,996,272625,ransom,
2041776,1938,60890,7365,20603638,ransom,
6608086,4563,196949,23694,66721185,ransom,
4252321,3215,137720,15511,42727980,ransom,
2440984,2019,72628,8292,24653021,ransom,
3093091,2981,110441,11466,30971712,ransom,
273065,1223,20095,1673,2534535,ransom,
1737522,2229,67001,7284,17334456,ransom,
3583554,4263,90145,10818,36205930,ransom,
3392749,14873,130288,11545,33646177,ransom,
6935892,35835,303602,23025,68443265,ransom,
9154707,56142,456515,30183,91164743,ransom,
2187392,65513,450571,6070,18078330,ransom,
1195103,51167,464974,11828,8591042,ransom,
54041,908,21449,1557,291525,ransom,
48933,1294,13231,751,270503,ransom,
54210,1565,20510,1132,297136,ransom,
51687,1351,17855,976,285760,ransom,
725019,1247,30012,3046,7139651,ransom,
6524195,3829,167451,22453,66026391,ransom,
6460990,19342,211199,21037,64581330,ransom,
7891820,34641,300303,26409,78358867,ransom,
1034430,47703,281398,2511,7425213,ransom,
3300114,55432,398027,11427,29779895,ransom,
2299741,61718,408900,6777,19463827,ransom,
1434334,24134,290492,13633,12604274,ransom,
59536,1100,11101,575,333418,ransom,
51536,1418,17728,1004,282332,ransom,
181060,1347,18964,1137,1605802,ransom,
361629,3709,18178,1131,4520451,ransom,
829340,1321,31724,3026,8209840,ransom,
4441109,3070,136183,16179,44872328,ransom,
1805273,1720,59388,6433,17999895,ransom,
5355236,9625,163034,18857,53890649,ransom,
838010,21065,113619,3141,7163762,ransom,
3445567,24931,176553,11600,33570713,ransom,
973126,33547,177085,3037,7721508,ransom,
4069742,39365,280388,13419,39103296,ransom,
2665678,50920,348136,7546,23813423,ransom,
2381387,33450,360975,16383,21778448,ransom,
2709262,3928,94036,9997,27107830,ransom,
48712,1183,12993,934,271504,ransom,
166142,2247,35036,2300,812345,ransom,
78119,1458,20013,1286,543077,ransom,
183787,1508,19238,1153,1613589,ransom,
5641154,4322,155680,19208,57016515,ransom,
8611630,24391,260917,27131,86239574,ransom,
3661233,37461,254019,13303,34948586,ransom,
4536955,53428,367942,14075,44102356,ransom,
2443418,57096,385211,7681,21243497,ransom,
1552476,62645,419897,3958,11789539,ransom,
1241972,41211,394904,15461,9591788,ransom,
867044,4900,173397,4658,3849217,ransom,
1186897,7778,268393,8308,5205792,ransom,
2761272,14207,347592,26979,12611158,ransom,
53536,1401,20547,1271,296232,ransom,
3148761,2668,97639,11473,31730989,ransom,
7527391,6701,203167,27032,76083835,ransom,
3445765,16867,145929,11745,34061489,ransom,
7493568,30840,280634,25490,74470936,ransom,
840153,42379,244394,2781,5810315,ransom,
4854241,47534,351247,15660,46482207,ransom,
3691000,57599,427895,12438,33999228,ransom,
1623531,59188,514000,11093,12598209,ransom,
100173,2244,39713,2812,542045,ransom,
43904,912,8310,514,246186,ransom,
374302,4200,23945,1545,4587955,ransom,
54788,1602,21107,1307,299978,ransom,
46758,1088,11831,674,259885,ransom,
7284809,5912,187077,26179,73777895,ransom,
6592279,10339,225246,24530,66313954,ransom,
3278547,10698,120096,10714,32779058,ransom,
3388493,25760,191624,10912,32847518,ransom,
3819878,31303,219435,13957,36974531,ransom,
5290070,12801,249468,22953,52766411,ransom,
1898144,1895,64597,7753,19012584,ransom,
45261,924,9200,568,253321,ransom,
1219277,1833,49829,5638,12121063,ransom,
3525838,2720,107696,12796,35601505,ransom,
1977843,1936,64700,7387,19820242,ransom,
7523066,10242,171132,23346,76039520,ransom,
5555255,19590,198928,17764,55396285,ransom,
3736354,36390,258017,12219,35788729,ransom,
6161731,46254,356990,19334,59919362,ransom,
6583011,61722,445573,20442,64511757,ransom,
1772236,65778,459934,4362,13830212,ransom,
552960,47740,447427,10528,2137226,ransom,
37277,527,743,0,211410,ransom,
45816,1079,10691,597,256599,ransom,
53853,1600,21151,1155,295171,ransom,
49779,1235,15177,841,275511,ransom,
305956,1137,15216,1412,2927197,ransom,
5514909,3708,162047,20005,55703254,ransom,
7666105,17466,231649,25729,76996642,ransom,
2856587,30046,190200,9523,27193886,ransom,
5607561,44530,318150,17626,54376644,ransom,
5037478,54646,389616,16386,47923069,ransom,
3176297,58318,469447,15165,28574926,ransom,
326952,5368,96289,6489,2581367,ransom,
57511,1521,21370,1281,339448,ransom,
525418,3634,51836,3155,4860865,ransom,
6167857,3680,172660,21361,62384732,ransom,
8920431,7200,213806,29158,91253981,ransom,
2910465,22584,177462,12970,27664653,ransom,
5402385,59743,320036,24901,48103039,ransom,
1429198,32191,205860,4975,12467059,ransom,
9228687,46808,435892,31159,91277319,ransom,
3075580,35297,399891,20181,28601801,ransom,
54823,1613,21035,1365,300625,ransom,
234496,1447,23358,1678,2138233,ransom,
2057426,1865,59348,7366,20693099,ransom,
7374078,4367,213656,27670,74587803,ransom,
6450415,7402,191236,22917,65035592,ransom,
1879940,11626,95096,6826,18431927,ransom,
4399115,26273,205761,15036,43130839,ransom,
3190177,32808,219899,10552,30449896,ransom,
10215246,17395,400162,42028,102532248,ransom,
658726,1632,33590,3557,6429670,ransom,
52272,1354,18781,1217,287158,ransom,
52974,1319,18421,1284,292809,ransom,
4902968,5750,148475,16852,50489849,ransom,
6443383,3579,181048,23410,65193108,ransom,
3557838,2524,111873,13322,35823683,ransom,
4074800,2497,115100,14284,41219204,ransom,
2058169,2107,74643,7755,20529630,ransom,
502854,965,17690,2043,4911174,ransom,
2293106,5430,81764,7659,22920992,ransom,
5618748,12844,169269,19690,56491004,ransom,
3348536,28447,214130,11767,32334945,ransom,
10117682,47395,444095,33006,100387133,ransom,
3059787,30856,360300,21107,28692127,ransom,
53200,1446,20065,1308,292792,ransom,
173939,1710,29353,1709,1485834,ransom,
1178675,1428,40409,4709,11813550,ransom,
8315875,6775,245050,28726,83997057,ransom,
7196279,21157,225576,23022,72056686,ransom,
3923971,30547,224918,13843,38054336,ransom,
2443781,42763,275669,8605,22102844,ransom,
7351213,62725,488952,23804,72238064,ransom,
345139,24349,287374,11473,1470688,ransom,
32871,1113,17329,1013,177049,ransom,
2785561,2435,92410,10302,28002838,ransom,
3280896,2201,93925,11990,33131792,ransom,
5984224,8831,145676,18727,60463939,ransom,
8167203,27703,275694,26475,81501375,ransom,
2925563,41497,255120,9051,27192950,ransom,
8970593,54382,494560,33392,88000069,ransom,
878380,10294,172869,11110,7829745,ransom,
54007,1535,19137,1181,296603,ransom,
49541,1206,15355,829,273137,ransom,
5049424,3941,155528,18295,50978474,ransom,
8382777,18205,255251,28602,84284647,ransom,
3186617,36936,254845,10436,30078034,ransom,
2810592,43803,316246,11071,25790959,ransom,
4828963,8952,239704,21906,48191631,ransom,
726581,1824,40578,3534,7059171,ransom,
363816,3768,20473,1262,4532288,ransom,
51085,1179,16054,986,282745,ransom,
5175226,3511,159099,18478,52242569,ransom,
8386152,9112,216048,26744,84782573,ransom,
3472226,31832,236184,12249,33232378,ransom,
3274179,33325,236886,11259,31264420,ransom,
7624776,49538,455034,28570,74087381,ransom,
2400811,10512,201816,16328,23298864,ransom,
60216,1751,20662,1419,340322,ransom,
54300,1435,20105,1356,298552,ransom,
2712330,1349,49635,8061,27446509,ransom,
8430862,2651,154617,25567,85681289,ransom,
11495414,4336,182962,33886,116937123,ransom,
5831540,10696,121339,16692,58912599,ransom,
8946715,20301,203162,25297,90012868,ransom,
5491862,65640,146749,5595,51825353,ransom,
22396505,49874,472469,66401,223992262,ransom,
9977539,6167,220036,32664,101166092,ransom,
11284019,4224,185247,34197,114316938,ransom,
161580,2246,20719,1423,2942375,ransom,
3422975,1979,76790,10684,34622984,ransom,
49960,1240,15996,1117,277190,ransom,
4742926,4953,131161,15836,47899169,ransom,
9164787,22428,271218,29852,92126552,ransom,
2708593,39731,248577,9014,25028529,ransom,
7563131,54298,443381,26467,73710039,ransom,
1874623,14730,232155,16558,17702451,ransom,
187086,1783,36302,2296,1268775,ransom,
52634,1407,17794,1084,288238,ransom,
1877408,1676,59630,7050,18851985,ransom,
8291138,5968,230739,27599,83881370,ransom,
5189168,23276,203870,16939,51328976,ransom,
5496945,30021,234010,19545,54193634,ransom,
3113636,22105,280155,16973,29926332,ransom,
2916354,2797,103571,11136,29278017,ransom,
1804697,2078,69892,7451,18058131,ransom,
1023667,1562,37816,4065,10148633,ransom,
1932312,4080,61926,6367,20498352,ransom,
2898258,6456,98732,10163,29002712,ransom,
7835302,26385,257273,26151,78257354,ransom,
7663183,40789,333715,25613,75641465,ransom,
6410981,49847,508842,28484,61946755,ransom,
2598997,2430,71387,9578,26176750,ransom,
53774,1396,19396,1268,296811,ransom,
99638,1413,19777,1213,763484,ransom,
6710365,3899,188513,22703,67907735,ransom,
8190288,18417,255180,28305,82283926,ransom,
3888386,37049,252896,11995,37246842,ransom,
3603737,45416,299206,12454,33849866,ransom,
6364116,44595,565383,35521,58511960,ransom,
1356549,6889,277022,8347,7551966,ransom,
1452109,7657,235046,8820,8094067,ransom,
2806190,11964,237532,24217,17009764,ransom,
7209360,5216,197850,24801,72917802,ransom,
8703535,18638,234673,26826,87541728,ransom,
1885543,33934,182686,5015,18319057,ransom,
5951785,45782,342298,21070,57785812,ransom,
6003108,45131,488820,30477,57992391,ransom,
2956486,1665,53190,9052,29921392,ransom,
52994,1365,18991,1300,292000,ransom,
275660,1583,31138,1994,2513808,ransom,
3859146,3721,149346,14066,38722415,ransom,
7471466,8344,185706,23067,75688405,ransom,
2538794,25304,154625,8351,24092151,ransom,
2579537,32203,215600,9906,24157810,ransom,
3678496,39877,270450,11778,34930459,ransom,
7372658,59445,504248,26867,70839402,ransom,
4035405,67062,479302,11106,36914449,ransom,
1169889,16790,120602,3533,10858279,ransom,
402579,21666,115487,10318,1997113,ransom,
738913,5017,207549,31787,3692976,ransom,
873434,7756,232711,37835,4251027,ransom,
684237,28281,139965,14414,3283590,ransom,
0,0,0,0,0,ransom,
2590692,30971,188301,8430,24434463,ransom,
3244975,40425,248340,9377,31756375,ransom,
6314494,52084,422234,21490,61224454,ransom,
3483648,61230,476858,12523,31575827,ransom,
1523823,11069,187841,12342,14381629,ransom,
22709,462,4046,293,127081,ransom,
33521,1162,17780,1254,181263,ransom,
48792,1260,14821,948,271273,ransom,
183220,1586,26398,1712,1594214,ransom,
1209996,1522,43307,4685,12053572,ransom,
3837946,2766,112045,13265,38717395,ransom,
3734100,6463,129498,12315,37454398,ransom,
4039963,14624,147293,13551,40154558,ransom,
1195781,27076,159387,4190,10371022,ransom,
1697160,28480,173476,5421,15454002,ransom,
3278392,37542,253136,10051,31012455,ransom,
5514298,49411,381672,18634,53234631,ransom,
2944855,64390,486562,9423,25801614,ransom,
539214,47318,441054,10974,2081497,ransom,
158146,2301,21835,1304,1072925,ransom,
261954,3088,19410,1226,3765713,ransom,
48697,1171,14321,743,269012,ransom,
7594349,5530,238201,26877,76576078,ransom,
7785179,5143,218138,27662,78784893,ransom,
2220697,15373,126055,7631,21530049,ransom,
1490368,16284,111067,5763,14145292,ransom,
1131342,22831,147822,4053,10028007,ransom,
5834152,31353,285522,19287,57568496,ransom,
7664209,53578,469881,25708,74768992,ransom,
1599631,23328,296863,16300,14319459,ransom,
42765,892,7731,537,239851,ransom,
58895,1502,20468,1075,323668,ransom,
376174,2350,43125,2907,2979796,ransom,
2963652,3635,116734,11850,29763519,ransom,
6136812,4856,199268,22487,61821435,ransom,
7419647,4559,217277,26638,75141709,ransom,
2134348,2165,75575,7559,21241356,ransom,
50584,1364,18359,1115,278533,ransom,
1774588,4289,64469,6320,18816649,ransom,
1785969,2061,67627,6661,17871912,ransom,
3497392,8367,119748,11869,35016656,ransom,
6651323,21940,215632,21617,66512457,ransom,
5632181,34091,258001,18510,55310230,ransom,
6410279,52945,388506,21069,61985708,ransom,
4871762,41973,447257,26084,46645611,ransom,
43501,983,9092,740,244374,ransom,
40813,805,6892,506,229212,ransom,
61318,1857,30864,1947,333846,ransom,
4115385,3052,109181,15942,41671364,ransom,
6606914,4167,187340,24859,66778456,ransom,
8250997,11610,225001,27607,83268547,ransom,
1910566,21653,126786,7310,18139976,ransom,
4880193,36307,309606,18820,47311875,ransom,
6327744,7858,252635,25982,63534502,ransom,
780929,4704,91996,6078,5396021,ransom,
3797560,5458,331735,17985,32829723,ransom,
1979327,12269,301260,10979,13539221,ransom,
9320568,63128,1248636,139664,50874930,ransom,
493809,1827,42276,2678,4806074,ransom,
2863382,8246,113632,9030,28521082,ransom,
1915525,20512,134904,5816,18163746,ransom,
3960357,36834,256758,14692,38025280,ransom,
882185,47332,264004,2471,5893383,ransom,
6657547,52653,502115,29176,64313704,ransom,
1396319,3401,82079,7648,13819170,ransom,
41156,821,7343,516,232455,ransom,
62362,1955,33853,1792,336262,ransom,
43670,873,10200,474,245820,ransom,
7316511,3797,186654,25889,74082860,ransom,
4112185,2289,105112,14590,41682971,ransom,
5206118,8434,164956,18548,52279306,ransom,
5527178,13850,166785,18676,55534534,ransom,
1423323,25903,165317,5068,12447656,ransom,
2301030,26821,170858,7121,21726807,ransom,
7834429,43862,350233,25838,78405904,ransom,
8574597,58376,564155,34185,83581576,ransom,
1216200,4077,90565,7667,11898360,ransom,
55804,1650,23307,1432,304279,ransom,
47527,1027,13307,774,264413,ransom,
824523,1500,30208,3192,8237138,ransom,
8913825,8496,247816,31788,90061795,ransom,
8870004,22401,265813,28430,89126683,ransom,
2805885,42635,269459,9525,25821952,ransom,
4837740,48719,333247,16116,46308898,ransom,
4999001,39694,446404,27198,48043120,ransom,
41572,880,6608,541,234827,ransom,
41880,912,7633,569,235058,ransom,
60344,1920,30946,1890,327217,ransom,
1182887,2178,57777,4792,11739792,ransom,
11018686,7866,291901,39436,111506744,ransom,
1323406,8384,73581,5476,12905756,ransom,
8092860,25147,261667,25794,80928724,ransom,
4133099,24425,278579,18896,40893331,ransom,
3987210,3149,121410,14420,40150592,ransom,
851311,1282,30038,3598,8446101,ransom,
3705047,2560,107976,13230,37344786,ransom,
416511,885,14082,1823,4076248,ransom,
561624,1628,35725,3331,5412646,ransom,
3438108,2623,102299,12210,34676745,ransom,
4762473,2763,121246,16662,48275300,ransom,
4501910,8503,120001,14497,45241190,ransom,
4735492,13288,142923,16523,47527274,ransom,
4755604,29175,238458,15836,46618767,ransom,
7617941,45256,384025,25826,74867949,ransom,
5609278,40780,469021,28682,54247648,ransom,
45775,1116,11330,860,254404,ransom,
46277,1156,13152,925,256886,ransom,
51170,1428,20115,1254,282662,ransom,
3292094,3098,108065,12522,33178425,ransom,
7129538,6941,208626,26234,72001270,ransom,
6976184,22761,228349,23758,70950507,ransom,
5011639,24774,317025,22418,49154593,ransom,
2020497,1774,63033,7023,20249780,ransom,
4265253,2858,127143,15705,43111835,ransom,
612429,1183,28279,2621,5918639,ransom,
57452,1367,19509,1089,315914,ransom,
58435,1744,29251,1609,319557,ransom,
8867005,4546,233076,31972,89888159,ransom,
8633828,8181,225859,28962,87261708,ransom,
3414320,17815,144204,11412,33715345,ransom,
4604619,32370,236603,15395,44845308,ransom,
5750134,38838,292251,19390,56235040,ransom,
7871059,57746,487672,27744,76671196,ransom,
1095596,12282,200014,12978,9896594,ransom,
47650,1133,12835,795,263951,ransom,
40816,736,4452,236,231859,ransom,
1418750,1552,43965,5258,14253944,ransom,
7814504,5213,208276,27265,79177462,ransom,
4159791,16306,133361,12887,42531074,ransom,
8812522,32521,369243,33520,87603243,ransom,
7805407,5142,210413,26569,78956273,ransom,
141243,1705,26695,1832,1122336,ransom,
3358513,2445,104448,12169,33836458,ransom,
2238931,1919,67234,8898,22541586,ransom,
3240843,3296,105852,12893,32656017,ransom,
8799530,17840,245110,28411,88584188,ransom,
1621827,30052,177254,5206,14555187,ransom,
8008450,32724,374059,31261,79388436,ransom,
4836165,3924,184576,19840,48641435,ransom,
52425,1418,19223,1172,288029,ransom,
50771,1285,18134,1102,279769,ransom,
244522,1465,27535,1657,2216129,ransom,
6511486,10133,194398,21262,65626507,ransom,
6202738,29644,252777,20712,61343281,ransom,
1738567,42325,259383,5316,15029630,ransom,
8882986,55219,448886,28604,87196721,ransom,
5072845,19079,297670,26209,49658022,ransom,
168778,2300,19787,1249,2999917,ransom,
53939,1492,19995,1147,297152,ransom,
2686039,3629,81818,9090,26929249,ransom,
7258199,3982,200023,23781,73397493,ransom,
5392229,8091,162390,17414,54279152,ransom,
5586824,17248,202263,19109,55030386,ransom,
3510455,31536,209276,11086,33705953,ransom,
2748775,33337,220709,8509,25909696,ransom,
5892618,47028,370214,20467,57143452,ransom,
6097813,24201,350689,27900,60235718,ransom,
4327648,1576,65884,12241,43916906,ransom,
45774,1064,11473,833,257012,ransom,
57423,1751,26968,1707,312503,ransom,
971452,1081,27132,3659,9684044,ransom,
2616643,1849,66680,9050,26412763,ransom,
3108205,2534,94341,11266,31327237,ransom,
3793308,8212,115940,12691,38175179,ransom,
2609080,21238,144211,7653,25209044,ransom,
2888060,27942,159505,8803,28899831,ransom,
3046026,35568,231248,9618,28757227,ransom,
3660933,43919,296659,12039,34554477,ransom,
4491099,55975,415892,15144,42273128,ransom,
2523360,30465,347098,18586,23367432,ransom,
69105,1166,14322,1081,482770,ransom,
42114,918,8475,608,235424,ransom,
39999,689,3747,285,226844,ransom,
769428,1458,30050,3690,7685664,ransom,
2869812,2714,92727,11320,28809295,ransom,
8015915,9730,220086,28851,80996805,ransom,
9069639,35369,350851,31543,90281988,ransom,
8827083,52984,532105,36731,86453400,ransom,
104912,4529,85294,5159,529588,ransom,
50640,1312,16318,890,280785,ransom,
129487,1444,22119,1325,1066705,ransom,
6085776,3332,155203,19595,61647454,ransom,
11016660,16033,264320,35160,111308473,ransom,
1569527,30934,193564,6904,15142294,ransom,
6460155,6404,234321,25890,64998644,ransom,
51122,1230,16031,983,282986,ransom,
5970727,3422,167564,20604,60385978,ransom,
177887,1199,17713,1338,1598595,ransom,
2311850,2905,84732,9107,23243237,ransom,
9287617,12629,216339,28763,93941062,ransom,
2593809,15058,189108,12446,25198194,ransom,
6344339,3918,189123,22926,64085339,ransom,
1650224,1549,53587,6156,16569512,ransom,
3696587,2657,119125,13188,37222672,ransom,
48030,1185,13929,1024,265037,ransom,
1042093,1807,47742,4760,10298686,ransom,
5432597,3022,142644,19508,55022389,ransom,
2977413,2293,91839,11416,29995689,ransom,
9021074,14300,241090,29230,90973594,ransom,
1430511,20505,127856,4688,13255949,ransom,
4503500,34087,283839,15987,43682160,ransom,
9494918,9380,273030,34215,97013317,ransom,
586450,1609,34901,3472,5659590,ransom,
2106010,1841,60567,7059,21204134,ransom,
1317763,1892,55727,5157,13089339,ransom,
47271,1019,11500,677,265868,ransom,
2730250,6171,106008,9524,27121868,ransom,
7731146,24388,291321,26415,76062022,ransom,
6952610,44195,496516,29209,63542261,ransom,
6079198,64944,730887,29096,51933453,ransom,
4529389,42954,707008,34987,32198829,ransom,
2466539,16443,245270,25121,11429164,ransom,
217486,4328,54837,2136,1027353,ransom,
5576244,7661,200532,20684,55263751,ransom,
6526206,5284,197428,23171,65600595,ransom,
3570126,15033,156521,15525,35236312,ransom,
5247331,18346,184351,16528,52409984,ransom,
2182209,31752,219843,7870,20139823,ransom,
5473706,36894,306410,18398,53611577,ransom,
7755651,61283,518168,28449,76368112,ransom,
342844,10193,161840,9135,2386831,ransom,
52451,1410,19663,1282,289662,ransom,
198971,1564,24027,1635,1759570,ransom,
5006697,3389,152458,18410,50591878,ransom,
7753207,8295,226186,27500,78282320,ransom,
2834878,22229,159246,9761,27445902,ransom,
3693423,28718,206512,12093,35790475,ransom,
3566112,41733,297158,13513,33258861,ransom,
6964062,54213,453932,24715,67578800,ransom,
934260,16796,239123,12660,7949958,ransom,
51206,1361,17905,1027,281854,ransom,
277969,1607,26237,1910,2543387,ransom,
3870536,3287,127976,14266,38703531,ransom,
6078753,5545,171581,20256,61400055,ransom,
6687654,25433,238185,22243,66567170,ransom,
324369,32832,149210,955,1125739,ransom,
4515810,33755,318828,20401,43674331,ransom,
6280109,6068,170220,21716,64612959,ransom,
873435,1771,43971,4225,8560116,ransom,
722033,1709,38186,3336,7074398,ransom,
109278,1199,18238,1149,858769,ransom,
3974935,4398,134636,14075,39988790,ransom,
5973550,19522,212637,18601,59662097,ransom,
2549534,40336,270941,9737,23283296,ransom,
3333962,8380,203537,15339,33033540,ransom,
435417,1308,26674,2289,4130248,ransom,
1768707,2054,70248,6812,17676026,ransom,
38804,597,2280,114,219500,ransom,
492922,1438,31002,2253,4765852,ransom,
2112379,3267,94973,9924,21184223,ransom,
8788870,14263,227942,29899,88688087,ransom,
11212817,44325,426065,39967,111750464,ransom,
3102758,32154,370990,21210,29033493,ransom,
48844,1203,13765,953,270686,ransom,
118676,1557,23743,1564,937517,ransom,
1144796,3877,38414,3728,12490666,ransom,
10489481,4101,211000,33502,106541967,ransom,
6347509,14637,169183,18285,63758515,ransom,
7283700,27237,243597,23367,72672466,ransom,
4249642,44613,320008,13786,40427577,ransom,
5581555,49393,386435,16969,53787218,ransom,
6816859,49051,532950,33241,65940131,ransom,
52767,1464,18477,1213,290086,ransom,
53120,1433,17924,1163,292707,ransom,
49772,1213,16181,1038,275447,ransom,
2997309,1946,82333,10453,30232794,ransom,
3280282,2110,89709,10661,33161477,ransom,
3393744,2391,96497,11844,34155257,ransom,
4843737,4224,140467,16916,48905542,ransom,
647383,11850,91629,3273,5721582,ransom,
979638,10002,74946,3472,9333394,ransom,
1474234,15346,102860,4658,14027257,ransom,
2950312,17699,146331,9551,28403308,ransom,
2048718,29917,157251,5117,19183911,ransom,
4236363,31494,214773,12698,42184651,ransom,
1338800,41807,250716,4014,10888371,ransom,
6289345,50811,396706,21924,60978572,ransom,
1072676,52409,439644,9085,7307086,ransom,
3577702,3649,127395,14460,35948881,ransom,
55807,1629,23265,1554,306056,ransom,
206955,1394,22585,1469,1869794,ransom,
1361772,1640,48033,4946,13643594,ransom,
10604868,9139,277370,35727,107364852,ransom,
6109418,31497,269640,20040,60291608,ransom,
2745994,39262,250543,9501,25469416,ransom,
6221653,52088,424431,21842,60261166,ransom,
2273986,15264,245695,17520,21681673,ransom,
54222,1590,20244,1328,299872,ransom,
52834,1484,19844,1219,287235,ransom,
2863798,2017,78719,9598,28909879,ransom,
6594696,3521,174942,23233,66697731,ransom,
5020468,8340,138282,16538,50561734,ransom,
7940174,26397,261764,25386,80539466,ransom,
1085900,37974,217957,3923,8571467,ransom,
3126923,38248,255949,10213,29473223,ransom,
8193404,52501,514476,33836,80017752,ransom,
140497,5522,98171,5953,795340,ransom,
44896,1019,10018,796,250529,ransom,
41941,873,8253,552,236774,ransom,
3250715,35576,415289,22491,22652526,ransom,
6311550,23408,326237,25094,59839351,ransom,
5944724,30738,370172,26762,53840345,ransom,
9307171,43085,412377,33692,91012713,ransom,
5380079,49011,436808,21965,51437789,ransom,
5037574,12336,257244,21165,49078865,ransom,
2826670,2994,100584,8365,27401719,ransom,
223341,2930,53488,1732,989042,ransom,
1944042,2976,96056,7114,18653808,ransom,
8108663,5311,247602,28450,81761715,ransom,
7636359,22018,304019,29725,74862931,ransom,
688595,21376,132447,4423,6028400,ransom,
3955717,27606,258579,13900,36879461,ransom,
3827236,55575,522527,21707,29781988,ransom,
6854149,24588,410230,34345,67394203,ransom,
2316467,11372,211323,25700,21724460,ransom,
62132,1677,22450,1279,339580,ransom,
217581,1431,23320,1567,1962701,ransom,
3157622,2379,91763,11005,31965684,ransom,
9417821,19484,274365,31885,94707824,ransom,
4999159,59386,353889,22036,47466508,ransom,
4866770,52325,440394,21779,46116127,ransom,
1451005,7234,140329,11958,14038865,ransom,
49993,1249,15678,1010,276521,ransom,
129786,1566,23715,1502,1053883,ransom,
6008330,3520,168825,19978,60760652,ransom,
8714939,9399,210330,26979,88211951,ransom,
4468975,28316,200330,13534,43712357,ransom,
642704,31628,160250,2812,4467497,ransom,
4639121,28994,302535,20794,46411695,ransom,
9828833,6918,262837,32601,99435145,ransom,
304407,1353,22045,1912,2825560,ransom,
61127,1513,22661,1479,335341,ransom,
367007,2266,41669,2476,2830024,ransom,
2469067,3304,78114,8747,24791330,ransom,
7134158,21302,236478,22297,71406550,ransom,
4410395,40400,292258,13350,42294020,ransom,
3135846,48625,339183,10409,28890360,ransom,
6297800,32443,421917,28903,61791997,ransom,
149662,1694,24321,1686,1242842,ransom,
434283,1346,22140,2216,4188597,ransom,
71918,1107,13212,864,540860,ransom,
3042352,1717,74247,10521,30716516,ransom,
6165684,3684,163066,21706,62462458,ransom,
1419843,11190,89001,5405,13678693,ransom,
5453898,23549,210551,17835,54123278,ransom,
589424,28042,205218,5804,4025359,ransom,
5960858,5814,160568,20740,61343022,ransom,
1431292,1403,42624,5043,14354161,ransom,
5219595,2761,138528,17758,52778602,ransom,
125832,1503,25019,1408,1019726,ransom,
2074213,1877,69566,7151,20820823,ransom,
696182,1436,29200,2977,6937596,ransom,
5632608,13844,182836,19000,56474714,ransom,
8035727,32306,314469,27068,79939600,ransom,
5754976,53698,425745,21477,55340364,ransom,
2253359,15457,246849,17142,21393773,ransom,
55012,1494,21133,1317,303213,ransom,
112046,1269,19308,1107,899445,ransom,
2703065,2256,87983,9922,27229418,ransom,
8944696,6648,207693,29968,90701511,ransom,
4634306,24865,206189,14252,45604483,ransom,
8861552,40964,382226,32909,85911393,ransom,
4126029,52133,549994,17901,34580014,ransom,
6270867,44793,664797,36177,55364573,ransom,
3937665,45603,571002,33581,20979699,ransom,
134117,5140,47909,3646,758317,ransom,
47430,1099,11846,737,262706,ransom,
1684444,5808,45233,5645,16933068,ransom,
2803274,8451,76216,10418,28042478,ransom,
2702910,23605,88978,11254,26407681,ransom,
2695463,1998,81060,9630,27129956,ransom,
793791,3440,34936,2938,7852223,ransom,
3340743,7169,92908,10636,33612258,ransom,
2147186,16244,108691,6704,20843264,ransom,
3845419,19442,147866,12642,38002098,ransom,
2310236,29766,172754,7466,21615162,ransom,
4574950,36806,264621,15037,44346058,ransom,
3589646,46712,328538,11025,33671441,ransom,
4985357,56189,434068,16885,47305183,ransom,
3656802,21724,316278,21433,35496331,ransom,
42140,932,7693,692,236415,ransom,
39909,817,6698,544,226511,ransom,
373963,4415,35725,2406,4582261,ransom,
482994,1559,29309,2437,4686260,ransom,
11154477,2855,185371,34015,113546397,ransom,
12881711,4953,197057,38340,131145696,ransom,
11394623,17793,231035,32644,115195234,ransom,
3565618,22036,142490,10919,35059897,ransom,
10615456,24382,316838,36283,106596687,ransom,
13431369,4856,223390,38831,136636467,ransom,
5008230,2427,101508,15547,50635704,ransom,
11484581,2317,179295,33544,116964273,ransom,
6330379,3145,134770,20507,63271061,ransom,
53417,1734,19831,1237,301961,ransom,
2228529,2495,84171,8053,22330299,ransom,
3866939,2895,129439,14437,38975212,ransom,
3857838,3163,137559,13395,38567810,ransom,
5417055,3790,183727,20303,54531535,ransom,
118334,1291,19762,1254,957356,ransom,
4355156,3418,160627,16436,43808633,ransom,
361029,3531,19383,1207,4516309,ransom,
2614367,2400,100745,10176,26209248,ransom,
2160739,2120,84095,7940,21679583,ransom,
2743210,2422,101652,10476,27500751,ransom,
7044422,9179,188621,22943,71188178,ransom,
1755732,23480,145838,6168,16316911,ransom,
5852479,30762,248720,19501,57747306,ransom,
5743024,15151,296072,25944,57212961,ransom,
2877496,2558,99244,10901,28811705,ransom,
53002,1439,20058,1154,291198,ransom,
1369900,7396,112445,9492,12576789,ransom,
44307,920,8405,493,246707,ransom,
7195406,7044,244339,29675,71857652,ransom,
6428129,3781,188053,22997,64880686,ransom,
3990205,7338,184325,20801,39146884,ransom,
3871586,5422,175474,19639,37916319,ransom,
283729,1499,30922,1973,2379803,ransom,
3318866,4942,161387,17307,32406806,ransom,
122785,1748,15713,995,838313,ransom,
3687814,5743,146324,17201,37521731,ransom,
8339292,8173,269930,32337,83416986,ransom,
3938021,12107,122230,12284,39410246,ransom,
6981111,31498,314768,28214,68279190,ransom,
1300966,36780,221715,4049,10917033,ransom,
10144053,55578,541593,42704,99092805,ransom,
2203723,28891,370730,23512,19394928,ransom,
55813,1570,22401,1561,306211,ransom,
239832,3991,71789,6489,1169720,ransom,
2740015,2661,97792,10573,27549095,ransom,
6700293,7968,240530,27810,66669293,ransom,
5669061,22282,262177,23692,55505579,ransom,
4472792,27119,216351,15091,43912108,ransom,
4288952,45276,355826,19762,39947719,ransom,
10885669,52861,566902,46141,107423519,ransom,
273401,6487,120855,9983,1327395,ransom,
393667,4135,83482,7683,2719432,ransom,
71838,1872,29183,1761,392962,ransom,
2310621,9059,121439,12909,23315442,ransom,
12323568,15853,339635,43320,124484574,ransom,
9051665,32113,373458,36833,89609766,ransom,
2164878,49507,363246,13227,17937378,ransom,
6958536,55128,495404,26746,67453244,ransom,
732677,14456,214045,15244,5413181,ransom,
137031,2621,25391,2993,1115727,ransom,
287914,4745,80160,6835,1651161,ransom,
2152112,5047,133458,13164,20547078,ransom,
4126601,3018,123746,14551,41583059,ransom,
4374175,6325,192735,21202,43073761,ransom,
3921356,2386,111227,13852,39589359,ransom,
2950796,7736,182042,17065,28382840,ransom,
1566180,5015,105410,11355,14723436,ransom,
1803812,1694,54376,6366,18043101,ransom,
1068518,7376,99710,9553,9367234,ransom,
2101637,4400,91748,11175,20851879,ransom,
5712305,7086,227234,25011,56606695,ransom,
5650076,9265,229422,25110,57073026,ransom,
4356429,2958,143535,15947,43840895,ransom,
2109787,4623,122125,12862,20253692,ransom,
1400138,2054,66168,5614,13798661,ransom,
1782609,4935,124960,11904,16805696,ransom,
2390575,8753,144220,14600,22980294,ransom,
5463677,6412,144661,17138,55190888,ransom,
4370307,27852,246486,24392,42143015,ransom,
4593269,35050,266034,15102,44563078,ransom,
6398557,52357,414137,27122,61418497,ransom,
5600392,62211,593288,31409,52213209,ransom,
877098,5241,101365,7601,8386643,ransom,
243814,7522,85169,7345,1190287,ransom,
49305,1174,14526,843,273168,ransom,
7203415,7466,249345,29162,71898193,ransom,
8256187,16757,271235,31707,82275975,ransom,
2776507,25076,163079,8994,26772303,ransom,
6314941,49689,496598,39412,59903936,ransom,
4805097,7744,184768,17975,49383223,ransom,
241793,5441,81405,7249,1180161,ransom,
1029936,4541,101186,9671,9141949,ransom,
1029814,2023,47902,4725,10148421,ransom,
5518092,8173,224376,24953,54693325,ransom,
9459753,23865,287886,32591,94966487,ransom,
943249,38977,251496,8084,6194675,ransom,
6666058,41840,416802,31998,64547969,ransom,
5065600,4762,195389,20159,50947503,ransom,
325781,8500,92732,9374,2003957,ransom,
53981,1503,20167,1182,299039,ransom,
615444,4470,77116,7530,5073924,ransom,
9147341,9709,310036,36843,91505433,ransom,
8765117,24480,282572,28337,87837191,ransom,
695227,38598,264933,8848,3701123,ransom,
4174960,8825,214154,19500,41575754,ransom,
803562,4605,88753,8551,6952695,ransom,
5855200,7080,246547,26124,57991933,ransom,
428122,3822,22691,1429,5179151,ransom,
5224453,6531,189554,26590,51736979,ransom,
3462049,2614,89284,12328,35055260,ransom,
5027504,18190,221057,21844,49167827,ransom,
7116787,33555,328625,29081,69887179,ransom,
6597979,19846,350163,28434,65439175,ransom,
2199802,6215,140964,13993,20956240,ransom,
812663,1782,40308,3863,8013495,ransom,
937421,4158,83395,7310,8326177,ransom,
2937006,4765,131268,14164,28716760,ransom,
5573813,12284,170300,17770,55972414,ransom,
7401747,39007,380252,32329,72128905,ransom,
5859857,15084,306540,25967,58311597,ransom,
844921,4678,91659,7958,7333392,ransom,
1961285,4305,116956,10659,18693648,ransom,
197955,1396,22413,1623,1767596,ransom,
3752666,5028,163573,16878,36897849,ransom,
6810999,4436,207924,24182,68874361,ransom,
3639075,6798,143952,15064,36773109,ransom,
4206228,7184,195655,18778,41317689,ransom,
1264841,1581,49233,5253,12558786,ransom,
1266768,5576,103153,12727,10987649,ransom,
1240058,1758,50770,4635,12303326,ransom,
3126018,2284,94880,10469,31525308,ransom,
6660905,6649,257497,24455,63625982,ransom,
7637300,16522,402094,26081,71656644,ransom,
7745269,27671,442356,29436,70591217,ransom,
4685792,44083,437052,31576,35008672,ransom,
3978326,44235,339327,13999,37741182,ransom,
3194262,38846,391843,17884,29787834,ransom,
2445278,2163,76208,8850,24558497,ransom,
1341026,1748,51567,5542,13372738,ransom,
49722,1259,15872,1107,274057,ransom,
995358,1616,44592,4515,9857610,ransom,
1541842,1549,44060,5620,15485435,ransom,
6159992,3911,182255,22320,62187624,ransom,
3605559,5032,80014,11248,37686973,ransom,
4006754,19951,161931,12970,39494939,ransom,
2772655,23590,146540,9688,26772074,ransom,
7104624,31668,331708,26974,70295080,ransom,
6729951,4758,205392,25411,67973634,ransom,
1128090,1435,41170,4486,11180131,ransom,
1377198,1332,41845,4833,13783246,ransom,
45070,976,9421,676,251292,ransom,
367873,1177,21692,1853,3498297,ransom,
333737,1946,29677,1887,3074442,ransom,
1906893,1699,58377,7328,19147181,ransom,
2147749,1828,61661,7826,21631747,ransom,
4840041,9228,119204,14648,44963910,ransom,
1641486,8757,65704,5891,16206211,ransom,
3574773,20548,163549,11753,35103041,ransom,
2242602,17097,192136,11566,21538198,ransom,
3156125,2171,89444,10867,31806368,ransom,
6019303,2647,143618,19764,61012046,ransom,
1334042,3030,55360,5307,12788955,ransom,
2959148,3728,84994,9593,31276128,ransom,
424218,3617,35365,2410,4052621,ransom,
2818950,8573,102735,9109,28183720,ransom,
3202638,21808,166093,10850,31238851,ransom,
3915112,40653,303914,13173,37229599,ransom,
5008431,55056,465359,20757,47524767,ransom,
553549,7529,137401,8367,4351096,ransom,
528015,1136,20555,2071,5158432,ransom,
52851,1478,20693,1193,291216,ransom,
47307,1084,12299,667,262012,ransom,
60699,1540,22656,1199,332383,ransom,
5418903,2603,127955,18182,54876983,ransom,
8241401,5454,223149,28925,83433588,ransom,
1848060,11786,104478,7133,17995032,ransom,
6112958,25522,236555,19019,60695865,ransom,
908866,34322,186021,2809,7035989,ransom,
4222034,40342,306170,14105,40501663,ransom,
3202328,42867,392738,17710,29631476,ransom,
4006222,5173,129491,14211,41435648,ransom,
831855,1148,28251,3312,8248523,ransom,
54518,1491,21913,1279,300312,ransom,
46732,1034,11822,658,258931,ransom,
170282,1310,23729,1391,1494963,ransom,
3922098,3482,134644,14341,39449828,ransom,
6552784,6453,228317,24579,65962559,ransom,
1591025,1817,54284,6245,15909261,ransom,
5199858,4386,180804,19278,51807638,ransom,
51679,1242,17302,1067,284563,ransom,
4871035,4398,115201,15979,49294637,ransom,
1032789,9735,64769,3726,9892301,ransom,
4045963,19344,163865,13945,39986873,ransom,
6440391,35138,305907,21415,63401600,ransom,
3902860,53507,402844,13212,36402477,ransom,
4369552,64960,488267,14055,40431678,ransom,
782685,63929,519176,5692,3727298,ransom,
135890,5363,89605,4763,692100,ransom,
358692,3503,15947,1157,4503415,ransom,
30998,1069,16689,1109,167518,ransom,
35156,1285,22067,1372,187542,ransom,
2702547,2253,74866,9420,27306839,ransom,
4114728,4594,125718,14424,41560585,ransom,
5411666,11025,153949,17040,54355369,ransom,
8942363,25744,271600,29641,89598985,ransom,
1792096,40586,229193,5545,15638282,ransom,
4825276,48574,351049,15613,46107583,ransom,
2755507,37683,387858,18162,25336504,ransom,
1722797,1661,60073,6690,17252950,ransom,
47443,1157,12178,829,262616,ransom,
49915,1207,15918,1112,276107,ransom,
53405,1427,19607,1211,293529,ransom,
1494459,1856,51156,5553,14958329,ransom,
6223836,5240,158427,20675,63024364,ransom,
5088867,24555,210476,16376,50249752,ransom,
6753370,42750,340422,23418,66186429,ransom,
4726636,54039,363264,14159,46063538,ransom,
2619293,57065,381553,7813,23038158,ransom,
3622562,29869,346434,20354,34635899,ransom,
3798157,1427,56631,10605,38659804,ransom,
1551879,907,25050,4334,15626208,ransom,
52117,1367,18002,1048,286064,ransom,
1534019,1603,44533,5647,15473162,ransom,
727289,1713,41545,3228,7017616,ransom,
6558677,3235,149161,21312,66477000,ransom,
6819317,10437,163232,22127,68964019,ransom,
6627856,30448,256401,21612,65617839,ransom,
5186124,38395,274511,17387,50501476,ransom,
3345539,49648,323603,9953,30934868,ransom,
7397033,57615,453229,24101,71870798,ransom,
2369423,66049,457103,6083,19908375,ransom,
512644,22890,262975,10523,3358984,ransom,
2159372,1823,46976,6984,21727896,ransom,
46849,1105,11288,801,260873,ransom,
365030,3876,22171,1467,4537938,ransom,
1643179,2025,62069,5860,16411232,ransom,
5092772,3628,159892,18360,51436321,ransom,
2628078,4007,96810,9311,26269379,ransom,
6770156,12658,189141,22127,68235978,ransom,
734503,25291,140153,3183,5823920,ransom,
4332191,30825,217600,13960,42253211,ransom,
1978689,42000,251707,5507,17428176,ransom,
5242442,54999,417777,18158,49987232,ransom,
2621139,64215,464464,7526,22608182,ransom,
516695,44463,426091,10552,2010628,ransom,
41518,819,3675,140,234400,ransom,
86226,3222,37760,1603,428823,ransom,
61859,1681,24833,1427,339542,ransom,
168555,2472,37893,2200,823322,ransom,
510937,1079,19569,2076,4992126,ransom,
2198525,2110,60849,7990,22116690,ransom,
4930193,3005,136762,17502,49809356,ransom,
2001933,4891,56613,6018,21162988,ransom,
5103461,18575,190559,15858,50834278,ransom,
679322,25341,125304,2342,5262487,ransom,
4665858,31723,218912,14854,45575591,ransom,
643763,36802,202179,1666,4191543,ransom,
5771868,46627,372609,19435,55947781,ransom,
2214605,55636,399010,6329,19013678,ransom,
2945405,38602,424637,19576,27187778,ransom,
135025,685,6910,453,1183887,ransom,
48570,1133,13238,849,269762,ransom,
54762,1567,21853,1263,299986,ransom,
50257,1251,16535,902,278396,ransom,
581863,1191,24365,2476,5768580,ransom,
6090643,4021,178747,21769,61452254,ransom,
7078600,14956,218239,23091,71105735,ransom,
3283803,23926,170155,11858,31975134,ransom,
2703850,37992,252422,9193,25084536,ransom,
3396548,44004,319782,11813,31833366,ransom,
4838239,58347,429336,15379,46846100,ransom,
2124433,65084,461635,6102,17433400,ransom,
505532,43319,411609,10569,1972281,ransom,
39163,599,958,46,221578,ransom,
51405,1351,16320,1093,284616,ransom,
48745,1205,14579,900,270185,ransom,
92667,1554,21981,1347,685097,ransom,
3002334,2093,80159,10870,30386855,ransom,
5282944,3186,127614,16237,53428830,ransom,
6689558,21130,210501,21207,66822743,ransom,
4491545,31442,225679,14859,43896210,ransom,
3125849,46375,297249,9973,28815530,ransom,
5667254,56645,419479,18060,54234829,ransom,
6068824,43435,458008,27437,58821954,ransom,
367847,3953,54200,3988,1657319,ransom,
906871,3999,224801,6130,4032628,ransom,
3187049,7718,257459,12960,25630721,ransom,
3256281,13549,302387,27597,19614060,ransom,
6257047,5549,162493,20479,62693647,ransom,
7098381,16229,192178,21690,73028467,ransom,
5438362,27921,222728,18087,53747630,ransom,
4252272,46486,322341,13869,40360119,ransom,
3770056,52715,387054,12041,35084767,ransom,
3787714,61927,473398,14080,34687602,ransom,
333594,12235,176299,9031,2172652,ransom,
41989,806,5010,325,238041,ransom,
50416,1379,16961,1050,277028,ransom,
49819,1269,16072,969,275413,ransom,
54144,1489,22109,1328,297899,ransom,
1672316,1815,56098,5891,16743868,ransom,
2565822,1875,69054,8832,25867435,ransom,
3773810,6776,113316,12805,37939960,ransom,
2241231,13390,101675,7048,22018643,ransom,
3056300,28837,187078,9748,29266659,ransom,
1108386,30515,157556,3414,9363521,ransom,
4010748,37889,271023,12704,38464097,ransom,
3616972,46292,325785,11659,33887580,ransom,
2804218,53261,357818,7914,26373161,ransom,
4594138,59024,462695,15407,42567514,ransom,
1607360,26874,311747,14993,14290861,ransom,
1983927,1155,30998,5398,20039014,ransom,
51328,1417,15639,946,283131,ransom,
60248,1530,21451,1179,330833,ransom,
52867,1459,19457,1079,290763,ransom,
3560583,2347,94705,12228,35963969,ransom,
6571729,3784,184771,23509,66583290,ransom,
2509493,7852,101797,8897,24844918,ransom,
7370431,18319,226832,24200,74108775,ransom,
2143031,34889,223238,6682,19501364,ransom,
2783273,36962,247730,8626,26062444,ransom,
2748014,19713,256684,15589,26395482,ransom,
3273754,2105,94135,11395,32954972,ransom,
587018,1381,27993,2723,5734857,ransom,
1238156,1652,42881,4754,12356460,ransom,
405235,1169,21180,1951,3911173,ransom,
2138468,4584,73042,7254,22498667,ransom,
8559217,3906,205851,28102,86775341,ransom,
3714452,3951,87219,11830,37650252,ransom,
3787117,21611,179389,13216,36806428,ransom,
3610793,26328,187076,12022,35163914,ransom,
3772742,42558,305788,12791,35721282,ransom,
7012210,56880,478693,23912,67952342,ransom,
649512,67835,471156,692,2206400,ransom,
748808,58845,530798,8193,3638582,ransom,
88324,1567,24872,1675,488480,ransom,
43363,926,7733,463,244332,ransom,
53618,1443,20011,1117,293707,ransom,
48405,1170,14125,775,269556,ransom,
79958,1174,16999,954,601509,ransom,
4465468,3046,127289,15339,45104750,ransom,
8097952,13976,223005,25990,81552477,ransom,
1292355,26340,143324,4266,11477383,ransom,
5433693,45191,329615,18427,52516360,ransom,
3205633,54483,358548,11586,29945735,ransom,
1545225,58877,381672,4311,11941050,ransom,
2205867,62584,449971,6524,18479022,ransom,
810924,66566,462719,965,3965214,ransom,
550920,47346,447413,10528,2136099,ransom,
45157,954,9680,553,252719,ransom,
43081,836,7550,393,242089,ransom,
48153,1247,13421,743,267163,ransom,
1313489,1326,29375,4045,13206693,ransom,
6465763,2251,112273,18328,65676123,ransom,
8691535,3811,202796,28808,88111280,ransom,
1785414,1657,51864,6613,17925502,ransom,
8318173,8420,204343,28364,84188712,ransom,
495706,13700,79164,1986,4214450,ransom,
6516392,26119,247672,20666,64738503,ransom,
3681741,34310,235926,11836,35371335,ransom,
4597824,47931,326329,14927,43833770,ransom,
3585160,48701,391013,16380,33407019,ransom,
3073327,7859,144126,14039,31640793,ransom,
263153,950,13147,1288,2476800,ransom,
54679,1483,21192,1390,299475,ransom,
47571,1112,12983,811,262941,ransom,
51800,1344,18112,1110,285512,ransom,
2558446,4774,121640,10171,25425154,ransom,
7329849,7787,210913,25611,73969804,ransom,
2607673,18224,139831,8891,25025367,ransom,
6633570,31576,272378,21570,65654100,ransom,
1654902,41105,252323,5620,14271219,ransom,
2069025,49869,347198,6147,17790543,ransom,
3851260,44047,455619,22129,36051166,ransom,
1315420,966,27321,3950,13201231,ransom,
52429,1391,18042,1123,288780,ransom,
51486,1380,17595,1035,283468,ransom,
121453,1503,23316,1328,979072,ransom,
3924311,2340,99329,12662,39657409,ransom,
6453049,7021,163523,20777,65275935,ransom,
4562786,28496,202714,13534,45876403,ransom,
5928049,34676,263956,19587,58326550,ransom,
4268211,46823,310750,13311,40544205,ransom,
4121325,52289,426159,18105,38601857,ransom,
4245687,5214,152416,17007,42629728,ransom,
1972751,1623,44405,6390,19845757,ransom,
44238,878,8537,545,248735,ransom,
49438,1216,15151,996,272625,ransom,
2041776,1938,60890,7365,20603638,ransom,
6608086,4563,196949,23694,66721185,ransom,
4252321,3215,137720,15511,42727980,ransom,
2440984,2019,72628,8292,24653021,ransom,
3093091,2981,110441,11466,30971712,ransom,
273065,1223,20095,1673,2534535,ransom,
1737522,2229,67001,7284,17334456,ransom,
3583554,4263,90145,10818,36205930,ransom,
3392749,14873,130288,11545,33646177,ransom,
6935892,35835,303602,23025,68443265,ransom,
9154707,56142,456515,30183,91164743,ransom,
2187392,65513,450571,6070,18078330,ransom,
1195103,51167,464974,11828,8591042,ransom,
54041,908,21449,1557,291525,ransom,
48933,1294,13231,751,270503,ransom,
54210,1565,20510,1132,297136,ransom,
51687,1351,17855,976,285760,ransom,
725019,1247,30012,3046,7139651,ransom,
6524195,3829,167451,22453,66026391,ransom,
6460990,19342,211199,21037,64581330,ransom,
7891820,34641,300303,26409,78358867,ransom,
1034430,47703,281398,2511,7425213,ransom,
3300114,55432,398027,11427,29779895,ransom,
2299741,61718,408900,6777,19463827,ransom,
1434334,24134,290492,13633,12604274,ransom,
59536,1100,11101,575,333418,ransom,
51536,1418,17728,1004,282332,ransom,
181060,1347,18964,1137,1605802,ransom,
361629,3709,18178,1131,4520451,ransom,
829340,1321,31724,3026,8209840,ransom,
4441109,3070,136183,16179,44872328,ransom,
1805273,1720,59388,6433,17999895,ransom,
5355236,9625,163034,18857,53890649,ransom,
838010,21065,113619,3141,7163762,ransom,
3445567,24931,176553,11600,33570713,ransom,
973126,33547,177085,3037,7721508,ransom,
4069742,39365,280388,13419,39103296,ransom,
2665678,50920,348136,7546,23813423,ransom,
2381387,33450,360975,16383,21778448,ransom,
2709262,3928,94036,9997,27107830,ransom,
48712,1183,12993,934,271504,ransom,
166142,2247,35036,2300,812345,ransom,
78119,1458,20013,1286,543077,ransom,
183787,1508,19238,1153,1613589,ransom,
5641154,4322,155680,19208,57016515,ransom,
8611630,24391,260917,27131,86239574,ransom,
3661233,37461,254019,13303,34948586,ransom,
4536955,53428,367942,14075,44102356,ransom,
2443418,57096,385211,7681,21243497,ransom,
1552476,62645,419897,3958,11789539,ransom,
1241972,41211,394904,15461,9591788,ransom,
867044,4900,173397,4658,3849217,ransom,
1186897,7778,268393,8308,5205792,ransom,
2761272,14207,347592,26979,12611158,ransom,
53536,1401,20547,1271,296232,ransom,
3148761,2668,97639,11473,31730989,ransom,
7527391,6701,203167,27032,76083835,ransom,
3445765,16867,145929,11745,34061489,ransom,
7493568,30840,280634,25490,74470936,ransom,
840153,42379,244394,2781,5810315,ransom,
4854241,47534,351247,15660,46482207,ransom,
3691000,57599,427895,12438,33999228,ransom,
1623531,59188,514000,11093,12598209,ransom,
100173,2244,39713,2812,542045,ransom,
43904,912,8310,514,246186,ransom,
374302,4200,23945,1545,4587955,ransom,
54788,1602,21107,1307,299978,ransom,
46758,1088,11831,674,259885,ransom,
7284809,5912,187077,26179,73777895,ransom,
6592279,10339,225246,24530,66313954,ransom,
3278547,10698,120096,10714,32779058,ransom,
3388493,25760,191624,10912,32847518,ransom,
3819878,31303,219435,13957,36974531,ransom,
5290070,12801,249468,22953,52766411,ransom,
1898144,1895,64597,7753,19012584,ransom,
45261,924,9200,568,253321,ransom,
1219277,1833,49829,5638,12121063,ransom,
3525838,2720,107696,12796,35601505,ransom,
1977843,1936,64700,7387,19820242,ransom,
7523066,10242,171132,23346,76039520,ransom,
5555255,19590,198928,17764,55396285,ransom,
3736354,36390,258017,12219,35788729,ransom,
6161731,46254,356990,19334,59919362,ransom,
6583011,61722,445573,20442,64511757,ransom,
1772236,65778,459934,4362,13830212,ransom,
552960,47740,447427,10528,2137226,ransom,
37277,527,743,0,211410,ransom,
45816,1079,10691,597,256599,ransom,
53853,1600,21151,1155,295171,ransom,
49779,1235,15177,841,275511,ransom,
305956,1137,15216,1412,2927197,ransom,
5514909,3708,162047,20005,55703254,ransom,
7666105,17466,231649,25729,76996642,ransom,
2856587,30046,190200,9523,27193886,ransom,
5607561,44530,318150,17626,54376644,ransom,
5037478,54646,389616,16386,47923069,ransom,
3176297,58318,469447,15165,28574926,ransom,
326952,5368,96289,6489,2581367,ransom,
57511,1521,21370,1281,339448,ransom,
525418,3634,51836,3155,4860865,ransom,
6167857,3680,172660,21361,62384732,ransom,
8920431,7200,213806,29158,91253981,ransom,
2910465,22584,177462,12970,27664653,ransom,
5402385,59743,320036,24901,48103039,ransom,
1429198,32191,205860,4975,12467059,ransom,
9228687,46808,435892,31159,91277319,ransom,
3075580,35297,399891,20181,28601801,ransom,
54823,1613,21035,1365,300625,ransom,
234496,1447,23358,1678,2138233,ransom,
2057426,1865,59348,7366,20693099,ransom,
7374078,4367,213656,27670,74587803,ransom,
6450415,7402,191236,22917,65035592,ransom,
1879940,11626,95096,6826,18431927,ransom,
4399115,26273,205761,15036,43130839,ransom,
3190177,32808,219899,10552,30449896,ransom,
10215246,17395,400162,42028,102532248,ransom,
658726,1632,33590,3557,6429670,ransom,
52272,1354,18781,1217,287158,ransom,
52974,1319,18421,1284,292809,ransom,
4902968,5750,148475,16852,50489849,ransom,
6443383,3579,181048,23410,65193108,ransom,
3557838,2524,111873,13322,35823683,ransom,
4074800,2497,115100,14284,41219204,ransom,
2058169,2107,74643,7755,20529630,ransom,
502854,965,17690,2043,4911174,ransom,
2293106,5430,81764,7659,22920992,ransom,
5618748,12844,169269,19690,56491004,ransom,
3348536,28447,214130,11767,32334945,ransom,
10117682,47395,444095,33006,100387133,ransom,
3059787,30856,360300,21107,28692127,ransom,
53200,1446,20065,1308,292792,ransom,
173939,1710,29353,1709,1485834,ransom,
1178675,1428,40409,4709,11813550,ransom,
8315875,6775,245050,28726,83997057,ransom,
7196279,21157,225576,23022,72056686,ransom,
3923971,30547,224918,13843,38054336,ransom,
2443781,42763,275669,8605,22102844,ransom,
7351213,62725,488952,23804,72238064,ransom,
345139,24349,287374,11473,1470688,ransom,
32871,1113,17329,1013,177049,ransom,
2785561,2435,92410,10302,28002838,ransom,
3280896,2201,93925,11990,33131792,ransom,
5984224,8831,145676,18727,60463939,ransom,
8167203,27703,275694,26475,81501375,ransom,
2925563,41497,255120,9051,27192950,ransom,
8970593,54382,494560,33392,88000069,ransom,
878380,10294,172869,11110,7829745,ransom,
54007,1535,19137,1181,296603,ransom,
49541,1206,15355,829,273137,ransom,
5049424,3941,155528,18295,50978474,ransom,
8382777,18205,255251,28602,84284647,ransom,
3186617,36936,254845,10436,30078034,ransom,
2810592,43803,316246,11071,25790959,ransom,
4828963,8952,239704,21906,48191631,ransom,
726581,1824,40578,3534,7059171,ransom,
363816,3768,20473,1262,4532288,ransom,
51085,1179,16054,986,282745,ransom,
5175226,3511,159099,18478,52242569,ransom,
8386152,9112,216048,26744,84782573,ransom,
3472226,31832,236184,12249,33232378,ransom,
3274179,33325,236886,11259,31264420,ransom,
7624776,49538,455034,28570,74087381,ransom,
2400811,10512,201816,16328,23298864,ransom,
60216,1751,20662,1419,340322,ransom,
54300,1435,20105,1356,298552,ransom,
2712330,1349,49635,8061,27446509,ransom,
8430862,2651,154617,25567,85681289,ransom,
11495414,4336,182962,33886,116937123,ransom,
5831540,10696,121339,16692,58912599,ransom,
8946715,20301,203162,25297,90012868,ransom,
5491862,65640,146749,5595,51825353,ransom,
22396505,49874,472469,66401,223992262,ransom,
9977539,6167,220036,32664,101166092,ransom,
11284019,4224,185247,34197,114316938,ransom,
161580,2246,20719,1423,2942375,ransom,
3422975,1979,76790,10684,34622984,ransom,
49960,1240,15996,1117,277190,ransom,
4742926,4953,131161,15836,47899169,ransom,
9164787,22428,271218,29852,92126552,ransom,
2708593,39731,248577,9014,25028529,ransom,
7563131,54298,443381,26467,73710039,ransom,
1874623,14730,232155,16558,17702451,ransom,
187086,1783,36302,2296,1268775,ransom,
52634,1407,17794,1084,288238,ransom,
1877408,1676,59630,7050,18851985,ransom,
8291138,5968,230739,27599,83881370,ransom,
5189168,23276,203870,16939,51328976,ransom,
5496945,30021,234010,19545,54193634,ransom,
3113636,22105,280155,16973,29926332,ransom,
2916354,2797,103571,11136,29278017,ransom,
1804697,2078,69892,7451,18058131,ransom,
1023667,1562,37816,4065,10148633,ransom,
1932312,4080,61926,6367,20498352,ransom,
2898258,6456,98732,10163,29002712,ransom,
7835302,26385,257273,26151,78257354,ransom,
7663183,40789,333715,25613,75641465,ransom,
6410981,49847,508842,28484,61946755,ransom,
2598997,2430,71387,9578,26176750,ransom,
53774,1396,19396,1268,296811,ransom,
99638,1413,19777,1213,763484,ransom,
6710365,3899,188513,22703,67907735,ransom,
8190288,18417,255180,28305,82283926,ransom,
3888386,37049,252896,11995,37246842,ransom,
3603737,45416,299206,12454,33849866,ransom,
6364116,44595,565383,35521,58511960,ransom,
1356549,6889,277022,8347,7551966,ransom,
1452109,7657,235046,8820,8094067,ransom,
2806190,11964,237532,24217,17009764,ransom,
7209360,5216,197850,24801,72917802,ransom,
8703535,18638,234673,26826,87541728,ransom,
1885543,33934,182686,5015,18319057,ransom,
5951785,45782,342298,21070,57785812,ransom,
6003108,45131,488820,30477,57992391,ransom,
2956486,1665,53190,9052,29921392,ransom,
52994,1365,18991,1300,292000,ransom,
275660,1583,31138,1994,2513808,ransom,
3859146,3721,149346,14066,38722415,ransom,
7471466,8344,185706,23067,75688405,ransom,
2538794,25304,154625,8351,24092151,ransom,
2579537,32203,215600,9906,24157810,ransom,
3678496,39877,270450,11778,34930459,ransom,
7372658,59445,504248,26867,70839402,ransom,
4035405,67062,479302,11106,36914449,ransom,
1169889,16790,120602,3533,10858279,ransom,
402579,21666,115487,10318,1997113,ransom,
738913,5017,207549,31787,3692976,ransom,
873434,7756,232711,37835,4251027,ransom,
684237,28281,139965,14414,3283590,ransom,
0,0,0,0,0,ransom,
2590692,30971,188301,8430,24434463,ransom,
3244975,40425,248340,9377,31756375,ransom,
6314494,52084,422234,21490,61224454,ransom,
3483648,61230,476858,12523,31575827,ransom,
1523823,11069,187841,12342,14381629,ransom,
22709,462,4046,293,127081,ransom,
33521,1162,17780,1254,181263,ransom,
48792,1260,14821,948,271273,ransom,
183220,1586,26398,1712,1594214,ransom,
1209996,1522,43307,4685,12053572,ransom,
3837946,2766,112045,13265,38717395,ransom,
3734100,6463,129498,12315,37454398,ransom,
4039963,14624,147293,13551,40154558,ransom,
1195781,27076,159387,4190,10371022,ransom,
1697160,28480,173476,5421,15454002,ransom,
3278392,37542,253136,10051,31012455,ransom,
5514298,49411,381672,18634,53234631,ransom,
2944855,64390,486562,9423,25801614,ransom,
539214,47318,441054,10974,2081497,ransom,
158146,2301,21835,1304,1072925,ransom,
261954,3088,19410,1226,3765713,ransom,
48697,1171,14321,743,269012,ransom,
7594349,5530,238201,26877,76576078,ransom,
7785179,5143,218138,27662,78784893,ransom,
2220697,15373,126055,7631,21530049,ransom,
1490368,16284,111067,5763,14145292,ransom,
1131342,22831,147822,4053,10028007,ransom,
5834152,31353,285522,19287,57568496,ransom,
7664209,53578,469881,25708,74768992,ransom,
1599631,23328,296863,16300,14319459,ransom,
42765,892,7731,537,239851,ransom,
58895,1502,20468,1075,323668,ransom,
376174,2350,43125,2907,2979796,ransom,
2963652,3635,116734,11850,29763519,ransom,
6136812,4856,199268,22487,61821435,ransom,
7419647,4559,217277,26638,75141709,ransom,
2134348,2165,75575,7559,21241356,ransom,
50584,1364,18359,1115,278533,ransom,
1774588,4289,64469,6320,18816649,ransom,
1785969,2061,67627,6661,17871912,ransom,
3497392,8367,119748,11869,35016656,ransom,
6651323,21940,215632,21617,66512457,ransom,
5632181,34091,258001,18510,55310230,ransom,
6410279,52945,388506,21069,61985708,ransom,
4871762,41973,447257,26084,46645611,ransom,
43501,983,9092,740,244374,ransom,
40813,805,6892,506,229212,ransom,
61318,1857,30864,1947,333846,ransom,
4115385,3052,109181,15942,41671364,ransom,
6606914,4167,187340,24859,66778456,ransom,
8250997,11610,225001,27607,83268547,ransom,
1910566,21653,126786,7310,18139976,ransom,
4880193,36307,309606,18820,47311875,ransom,
6327744,7858,252635,25982,63534502,ransom,
780929,4704,91996,6078,5396021,ransom,
3797560,5458,331735,17985,32829723,ransom,
1979327,12269,301260,10979,13539221,ransom,
9320568,63128,1248636,139664,50874930,ransom,
493809,1827,42276,2678,4806074,ransom,
2863382,8246,113632,9030,28521082,ransom,
1915525,20512,134904,5816,18163746,ransom,
3960357,36834,256758,14692,38025280,ransom,
882185,47332,264004,2471,5893383,ransom,
6657547,52653,502115,29176,64313704,ransom,
1396319,3401,82079,7648,13819170,ransom,
41156,821,7343,516,232455,ransom,
62362,1955,33853,1792,336262,ransom,
43670,873,10200,474,245820,ransom,
7316511,3797,186654,25889,74082860,ransom,
4112185,2289,105112,14590,41682971,ransom,
5206118,8434,164956,18548,52279306,ransom,
5527178,13850,166785,18676,55534534,ransom,
1423323,25903,165317,5068,12447656,ransom,
2301030,26821,170858,7121,21726807,ransom,
7834429,43862,350233,25838,78405904,ransom,
8574597,58376,564155,34185,83581576,ransom,
1216200,4077,90565,7667,11898360,ransom,
55804,1650,23307,1432,304279,ransom,
47527,1027,13307,774,264413,ransom,
824523,1500,30208,3192,8237138,ransom,
8913825,8496,247816,31788,90061795,ransom,
8870004,22401,265813,28430,89126683,ransom,
2805885,42635,269459,9525,25821952,ransom,
4837740,48719,333247,16116,46308898,ransom,
4999001,39694,446404,27198,48043120,ransom,
41572,880,6608,541,234827,ransom,
41880,912,7633,569,235058,ransom,
60344,1920,30946,1890,327217,ransom,
1182887,2178,57777,4792,11739792,ransom,
11018686,7866,291901,39436,111506744,ransom,
1323406,8384,73581,5476,12905756,ransom,
8092860,25147,261667,25794,80928724,ransom,
4133099,24425,278579,18896,40893331,ransom,
3987210,3149,121410,14420,40150592,ransom,
851311,1282,30038,3598,8446101,ransom,
3705047,2560,107976,13230,37344786,ransom,
416511,885,14082,1823,4076248,ransom,
561624,1628,35725,3331,5412646,ransom,
3438108,2623,102299,12210,34676745,ransom,
4762473,2763,121246,16662,48275300,ransom,
4501910,8503,120001,14497,45241190,ransom,
4735492,13288,142923,16523,47527274,ransom,
4755604,29175,238458,15836,46618767,ransom,
7617941,45256,384025,25826,74867949,ransom,
5609278,40780,469021,28682,54247648,ransom,
45775,1116,11330,860,254404,ransom,
46277,1156,13152,925,256886,ransom,
51170,1428,20115,1254,282662,ransom,
3292094,3098,108065,12522,33178425,ransom,
7129538,6941,208626,26234,72001270,ransom,
6976184,22761,228349,23758,70950507,ransom,
5011639,24774,317025,22418,49154593,ransom,
2020497,1774,63033,7023,20249780,ransom,
4265253,2858,127143,15705,43111835,ransom,
612429,1183,28279,2621,5918639,ransom,
57452,1367,19509,1089,315914,ransom,
58435,1744,29251,1609,319557,ransom,
8867005,4546,233076,31972,89888159,ransom,
8633828,8181,225859,28962,87261708,ransom,
3414320,17815,144204,11412,33715345,ransom,
4604619,32370,236603,15395,44845308,ransom,
5750134,38838,292251,19390,56235040,ransom,
7871059,57746,487672,27744,76671196,ransom,
1095596,12282,200014,12978,9896594,ransom,
47650,1133,12835,795,263951,ransom,
40816,736,4452,236,231859,ransom,
1418750,1552,43965,5258,14253944,ransom,
7814504,5213,208276,27265,79177462,ransom,
4159791,16306,133361,12887,42531074,ransom,
8812522,32521,369243,33520,87603243,ransom,
7805407,5142,210413,26569,78956273,ransom,
141243,1705,26695,1832,1122336,ransom,
3358513,2445,104448,12169,33836458,ransom,
2238931,1919,67234,8898,22541586,ransom,
3240843,3296,105852,12893,32656017,ransom,
8799530,17840,245110,28411,88584188,ransom,
1621827,30052,177254,5206,14555187,ransom,
8008450,32724,374059,31261,79388436,ransom,
4836165,3924,184576,19840,48641435,ransom,
52425,1418,19223,1172,288029,ransom,
50771,1285,18134,1102,279769,ransom,
244522,1465,27535,1657,2216129,ransom,
6511486,10133,194398,21262,65626507,ransom,
6202738,29644,252777,20712,61343281,ransom,
1738567,42325,259383,5316,15029630,ransom,
8882986,55219,448886,28604,87196721,ransom,
5072845,19079,297670,26209,49658022,ransom,
168778,2300,19787,1249,2999917,ransom,
53939,1492,19995,1147,297152,ransom,
2686039,3629,81818,9090,26929249,ransom,
7258199,3982,200023,23781,73397493,ransom,
5392229,8091,162390,17414,54279152,ransom,
5586824,17248,202263,19109,55030386,ransom,
3510455,31536,209276,11086,33705953,ransom,
2748775,33337,220709,8509,25909696,ransom,
5892618,47028,370214,20467,57143452,ransom,
6097813,24201,350689,27900,60235718,ransom,
4327648,1576,65884,12241,43916906,ransom,
45774,1064,11473,833,257012,ransom,
57423,1751,26968,1707,312503,ransom,
971452,1081,27132,3659,9684044,ransom,
2616643,1849,66680,9050,26412763,ransom,
3108205,2534,94341,11266,31327237,ransom,
3793308,8212,115940,12691,38175179,ransom,
2609080,21238,144211,7653,25209044,ransom,
2888060,27942,159505,8803,28899831,ransom,
3046026,35568,231248,9618,28757227,ransom,
3660933,43919,296659,12039,34554477,ransom,
4491099,55975,415892,15144,42273128,ransom,
2523360,30465,347098,18586,23367432,ransom,
69105,1166,14322,1081,482770,ransom,
42114,918,8475,608,235424,ransom,
39999,689,3747,285,226844,ransom,
769428,1458,30050,3690,7685664,ransom,
2869812,2714,92727,11320,28809295,ransom,
8015915,9730,220086,28851,80996805,ransom,
9069639,35369,350851,31543,90281988,ransom,
8827083,52984,532105,36731,86453400,ransom,
104912,4529,85294,5159,529588,ransom,
50640,1312,16318,890,280785,ransom,
129487,1444,22119,1325,1066705,ransom,
6085776,3332,155203,19595,61647454,ransom,
11016660,16033,264320,35160,111308473,ransom,
1569527,30934,193564,6904,15142294,ransom,
6460155,6404,234321,25890,64998644,ransom,
51122,1230,16031,983,282986,ransom,
5970727,3422,167564,20604,60385978,ransom,
177887,1199,17713,1338,1598595,ransom,
2311850,2905,84732,9107,23243237,ransom,
9287617,12629,216339,28763,93941062,ransom,
2593809,15058,189108,12446,25198194,ransom,
6344339,3918,189123,22926,64085339,ransom,
1650224,1549,53587,6156,16569512,ransom,
3696587,2657,119125,13188,37222672,ransom,
48030,1185,13929,1024,265037,ransom,
1042093,1807,47742,4760,10298686,ransom,
5432597,3022,142644,19508,55022389,ransom,
2977413,2293,91839,11416,29995689,ransom,
9021074,14300,241090,29230,90973594,ransom,
1430511,20505,127856,4688,13255949,ransom,
4503500,34087,283839,15987,43682160,ransom,
9494918,9380,273030,34215,97013317,ransom,
586450,1609,34901,3472,5659590,ransom,
2106010,1841,60567,7059,21204134,ransom,
1317763,1892,55727,5157,13089339,ransom,
47271,1019,11500,677,265868,ransom,
2730250,6171,106008,9524,27121868,ransom,
7731146,24388,291321,26415,76062022,ransom,
6952610,44195,496516,29209,63542261,ransom,
6079198,64944,730887,29096,51933453,ransom,
4529389,42954,707008,34987,32198829,ransom,
2466539,16443,245270,25121,11429164,ransom,
217486,4328,54837,2136,1027353,ransom,
5576244,7661,200532,20684,55263751,ransom,
6526206,5284,197428,23171,65600595,ransom,
3570126,15033,156521,15525,35236312,ransom,
5247331,18346,184351,16528,52409984,ransom,
2182209,31752,219843,7870,20139823,ransom,
5473706,36894,306410,18398,53611577,ransom,
7755651,61283,518168,28449,76368112,ransom,
342844,10193,161840,9135,2386831,ransom,
52451,1410,19663,1282,289662,ransom,
198971,1564,24027,1635,1759570,ransom,
5006697,3389,152458,18410,50591878,ransom,
7753207,8295,226186,27500,78282320,ransom,
2834878,22229,159246,9761,27445902,ransom,
3693423,28718,206512,12093,35790475,ransom,
3566112,41733,297158,13513,33258861,ransom,
6964062,54213,453932,24715,67578800,ransom,
934260,16796,239123,12660,7949958,ransom,
51206,1361,17905,1027,281854,ransom,
277969,1607,26237,1910,2543387,ransom,
3870536,3287,127976,14266,38703531,ransom,
6078753,5545,171581,20256,61400055,ransom,
6687654,25433,238185,22243,66567170,ransom,
324369,32832,149210,955,1125739,ransom,
4515810,33755,318828,20401,43674331,ransom,
6280109,6068,170220,21716,64612959,ransom,
873435,1771,43971,4225,8560116,ransom,
722033,1709,38186,3336,7074398,ransom,
109278,1199,18238,1149,858769,ransom,
3974935,4398,134636,14075,39988790,ransom,
5973550,19522,212637,18601,59662097,ransom,
2549534,40336,270941,9737,23283296,ransom,
3333962,8380,203537,15339,33033540,ransom,
435417,1308,26674,2289,4130248,ransom,
1768707,2054,70248,6812,17676026,ransom,
38804,597,2280,114,219500,ransom,
492922,1438,31002,2253,4765852,ransom,
2112379,3267,94973,9924,21184223,ransom,
8788870,14263,227942,29899,88688087,ransom,
11212817,44325,426065,39967,111750464,ransom,
3102758,32154,370990,21210,29033493,ransom,
48844,1203,13765,953,270686,ransom,
118676,1557,23743,1564,937517,ransom,
1144796,3877,38414,3728,12490666,ransom,
10489481,4101,211000,33502,106541967,ransom,
6347509,14637,169183,18285,63758515,ransom,
7283700,27237,243597,23367,72672466,ransom,
4249642,44613,320008,13786,40427577,ransom,
5581555,49393,386435,16969,53787218,ransom,
6816859,49051,532950,33241,65940131,ransom,
52767,1464,18477,1213,290086,ransom,
53120,1433,17924,1163,292707,ransom,
49772,1213,16181,1038,275447,ransom,
2997309,1946,82333,10453,30232794,ransom,
3280282,2110,89709,10661,33161477,ransom,
3393744,2391,96497,11844,34155257,ransom,
4843737,4224,140467,16916,48905542,ransom,
647383,11850,91629,3273,5721582,ransom,
979638,10002,74946,3472,9333394,ransom,
1474234,15346,102860,4658,14027257,ransom,
2950312,17699,146331,9551,28403308,ransom,
2048718,29917,157251,5117,19183911,ransom,
4236363,31494,214773,12698,42184651,ransom,
1338800,41807,250716,4014,10888371,ransom,
6289345,50811,396706,21924,60978572,ransom,
1072676,52409,439644,9085,7307086,ransom,
3577702,3649,127395,14460,35948881,ransom,
55807,1629,23265,1554,306056,ransom,
206955,1394,22585,1469,1869794,ransom,
1361772,1640,48033,4946,13643594,ransom,
10604868,9139,277370,35727,107364852,ransom,
6109418,31497,269640,20040,60291608,ransom,
2745994,39262,250543,9501,25469416,ransom,
6221653,52088,424431,21842,60261166,ransom,
2273986,15264,245695,17520,21681673,ransom,
54222,1590,20244,1328,299872,ransom,
52834,1484,19844,1219,287235,ransom,
2863798,2017,78719,9598,28909879,ransom,
6594696,3521,174942,23233,66697731,ransom,
5020468,8340,138282,16538,50561734,ransom,
7940174,26397,261764,25386,80539466,ransom,
1085900,37974,217957,3923,8571467,ransom,
3126923,38248,255949,10213,29473223,ransom,
8193404,52501,514476,33836,80017752,ransom,
140497,5522,98171,5953,795340,ransom,
44896,1019,10018,796,250529,ransom,
41941,873,8253,552,236774,ransom,
3250715,35576,415289,22491,22652526,ransom,
6311550,23408,326237,25094,59839351,ransom,
5944724,30738,370172,26762,53840345,ransom,
9307171,43085,412377,33692,91012713,ransom,
5380079,49011,436808,21965,51437789,ransom,
5037574,12336,257244,21165,49078865,ransom,
2826670,2994,100584,8365,27401719,ransom,
223341,2930,53488,1732,989042,ransom,
1944042,2976,96056,7114,18653808,ransom,
8108663,5311,247602,28450,81761715,ransom,
7636359,22018,304019,29725,74862931,ransom,
688595,21376,132447,4423,6028400,ransom,
3955717,27606,258579,13900,36879461,ransom,
3827236,55575,522527,21707,29781988,ransom,
6854149,24588,410230,34345,67394203,ransom,
2316467,11372,211323,25700,21724460,ransom,
62132,1677,22450,1279,339580,ransom,
217581,1431,23320,1567,1962701,ransom,
3157622,2379,91763,11005,31965684,ransom,
9417821,19484,274365,31885,94707824,ransom,
4999159,59386,353889,22036,47466508,ransom,
4866770,52325,440394,21779,46116127,ransom,
1451005,7234,140329,11958,14038865,ransom,
49993,1249,15678,1010,276521,ransom,
129786,1566,23715,1502,1053883,ransom,
6008330,3520,168825,19978,60760652,ransom,
8714939,9399,210330,26979,88211951,ransom,
4468975,28316,200330,13534,43712357,ransom,
642704,31628,160250,2812,4467497,ransom,
4639121,28994,302535,20794,46411695,ransom,
9828833,6918,262837,32601,99435145,ransom,
304407,1353,22045,1912,2825560,ransom,
61127,1513,22661,1479,335341,ransom,
367007,2266,41669,2476,2830024,ransom,
2469067,3304,78114,8747,24791330,ransom,
7134158,21302,236478,22297,71406550,ransom,
4410395,40400,292258,13350,42294020,ransom,
3135846,48625,339183,10409,28890360,ransom,
6297800,32443,421917,28903,61791997,ransom,
149662,1694,24321,1686,1242842,ransom,
434283,1346,22140,2216,4188597,ransom,
71918,1107,13212,864,540860,ransom,
3042352,1717,74247,10521,30716516,ransom,
6165684,3684,163066,21706,62462458,ransom,
1419843,11190,89001,5405,13678693,ransom,
5453898,23549,210551,17835,54123278,ransom,
589424,28042,205218,5804,4025359,ransom,
5960858,5814,160568,20740,61343022,ransom,
1431292,1403,42624,5043,14354161,ransom,
5219595,2761,138528,17758,52778602,ransom,
125832,1503,25019,1408,1019726,ransom,
2074213,1877,69566,7151,20820823,ransom,
696182,1436,29200,2977,6937596,ransom,
5632608,13844,182836,19000,56474714,ransom,
8035727,32306,314469,27068,79939600,ransom,
5754976,53698,425745,21477,55340364,ransom,
2253359,15457,246849,17142,21393773,ransom,
55012,1494,21133,1317,303213,ransom,
112046,1269,19308,1107,899445,ransom,
2703065,2256,87983,9922,27229418,ransom,
8944696,6648,207693,29968,90701511,ransom,
4634306,24865,206189,14252,45604483,ransom,
8861552,40964,382226,32909,85911393,ransom,
4126029,52133,549994,17901,34580014,ransom,
6270867,44793,664797,36177,55364573,ransom,
3937665,45603,571002,33581,20979699,ransom,
134117,5140,47909,3646,758317,ransom,
47430,1099,11846,737,262706,ransom,
1684444,5808,45233,5645,16933068,ransom,
2803274,8451,76216,10418,28042478,ransom,
2702910,23605,88978,11254,26407681,ransom,
2695463,1998,81060,9630,27129956,ransom,
793791,3440,34936,2938,7852223,ransom,
3340743,7169,92908,10636,33612258,ransom,
2147186,16244,108691,6704,20843264,ransom,
3845419,19442,147866,12642,38002098,ransom,
2310236,29766,172754,7466,21615162,ransom,
4574950,36806,264621,15037,44346058,ransom,
3589646,46712,328538,11025,33671441,ransom,
4985357,56189,434068,16885,47305183,ransom,
3656802,21724,316278,21433,35496331,ransom,
42140,932,7693,692,236415,ransom,
39909,817,6698,544,226511,ransom,
373963,4415,35725,2406,4582261,ransom,
482994,1559,29309,2437,4686260,ransom,
11154477,2855,185371,34015,113546397,ransom,
12881711,4953,197057,38340,131145696,ransom,
11394623,17793,231035,32644,115195234,ransom,
3565618,22036,142490,10919,35059897,ransom,
10615456,24382,316838,36283,106596687,ransom,
13431369,4856,223390,38831,136636467,ransom,
5008230,2427,101508,15547,50635704,ransom,
11484581,2317,179295,33544,116964273,ransom,
6330379,3145,134770,20507,63271061,ransom,
53417,1734,19831,1237,301961,ransom,
2228529,2495,84171,8053,22330299,ransom,
3866939,2895,129439,14437,38975212,ransom,
3857838,3163,137559,13395,38567810,ransom,
5417055,3790,183727,20303,54531535,ransom,
118334,1291,19762,1254,957356,ransom,
4355156,3418,160627,16436,43808633,ransom,
361029,3531,19383,1207,4516309,ransom,
2614367,2400,100745,10176,26209248,ransom,
2160739,2120,84095,7940,21679583,ransom,
2743210,2422,101652,10476,27500751,ransom,
7044422,9179,188621,22943,71188178,ransom,
1755732,23480,145838,6168,16316911,ransom,
5852479,30762,248720,19501,57747306,ransom,
5743024,15151,296072,25944,57212961,ransom,
2877496,2558,99244,10901,28811705,ransom,
53002,1439,20058,1154,291198,ransom,
1369900,7396,112445,9492,12576789,ransom,
44307,920,8405,493,246707,ransom,
7195406,7044,244339,29675,71857652,ransom,
6428129,3781,188053,22997,64880686,ransom,
3990205,7338,184325,20801,39146884,ransom,
3871586,5422,175474,19639,37916319,ransom,
283729,1499,30922,1973,2379803,ransom,
3318866,4942,161387,17307,32406806,ransom,
122785,1748,15713,995,838313,ransom,
3687814,5743,146324,17201,37521731,ransom,
8339292,8173,269930,32337,83416986,ransom,
3938021,12107,122230,12284,39410246,ransom,
6981111,31498,314768,28214,68279190,ransom,
1300966,36780,221715,4049,10917033,ransom,
10144053,55578,541593,42704,99092805,ransom,
2203723,28891,370730,23512,19394928,ransom,
55813,1570,22401,1561,306211,ransom,
239832,3991,71789,6489,1169720,ransom,
2740015,2661,97792,10573,27549095,ransom,
6700293,7968,240530,27810,66669293,ransom,
5669061,22282,262177,23692,55505579,ransom,
4472792,27119,216351,15091,43912108,ransom,
4288952,45276,355826,19762,39947719,ransom,
10885669,52861,566902,46141,107423519,ransom,
273401,6487,120855,9983,1327395,ransom,
393667,4135,83482,7683,2719432,ransom,
71838,1872,29183,1761,392962,ransom,
2310621,9059,121439,12909,23315442,ransom,
12323568,15853,339635,43320,124484574,ransom,
9051665,32113,373458,36833,89609766,ransom,
2164878,49507,363246,13227,17937378,ransom,
6958536,55128,495404,26746,67453244,ransom,
732677,14456,214045,15244,5413181,ransom,
137031,2621,25391,2993,1115727,ransom,
287914,4745,80160,6835,1651161,ransom,
2152112,5047,133458,13164,20547078,ransom,
4126601,3018,123746,14551,41583059,ransom,
4374175,6325,192735,21202,43073761,ransom,
3921356,2386,111227,13852,39589359,ransom,
2950796,7736,182042,17065,28382840,ransom,
1566180,5015,105410,11355,14723436,ransom,
1803812,1694,54376,6366,18043101,ransom,
1068518,7376,99710,9553,9367234,ransom,
2101637,4400,91748,11175,20851879,ransom,
5712305,7086,227234,25011,56606695,ransom,
5650076,9265,229422,25110,57073026,ransom,
4356429,2958,143535,15947,43840895,ransom,
2109787,4623,122125,12862,20253692,ransom,
1400138,2054,66168,5614,13798661,ransom,
1782609,4935,124960,11904,16805696,ransom,
2390575,8753,144220,14600,22980294,ransom,
5463677,6412,144661,17138,55190888,ransom,
4370307,27852,246486,24392,42143015,ransom,
4593269,35050,266034,15102,44563078,ransom,
6398557,52357,414137,27122,61418497,ransom,
5600392,62211,593288,31409,52213209,ransom,
877098,5241,101365,7601,8386643,ransom,
243814,7522,85169,7345,1190287,ransom,
49305,1174,14526,843,273168,ransom,
7203415,7466,249345,29162,71898193,ransom,
8256187,16757,271235,31707,82275975,ransom,
2776507,25076,163079,8994,26772303,ransom,
6314941,49689,496598,39412,59903936,ransom,
4805097,7744,184768,17975,49383223,ransom,
241793,5441,81405,7249,1180161,ransom,
1029936,4541,101186,9671,9141949,ransom,
1029814,2023,47902,4725,10148421,ransom,
5518092,8173,224376,24953,54693325,ransom,
9459753,23865,287886,32591,94966487,ransom,
943249,38977,251496,8084,6194675,ransom,
6666058,41840,416802,31998,64547969,ransom,
5065600,4762,195389,20159,50947503,ransom,
325781,8500,92732,9374,2003957,ransom,
53981,1503,20167,1182,299039,ransom,
615444,4470,77116,7530,5073924,ransom,
9147341,9709,310036,36843,91505433,ransom,
8765117,24480,282572,28337,87837191,ransom,
695227,38598,264933,8848,3701123,ransom,
4174960,8825,214154,19500,41575754,ransom,
803562,4605,88753,8551,6952695,ransom,
5855200,7080,246547,26124,57991933,ransom,
428122,3822,22691,1429,5179151,ransom,
5224453,6531,189554,26590,51736979,ransom,
3462049,2614,89284,12328,35055260,ransom,
5027504,18190,221057,21844,49167827,ransom,
7116787,33555,328625,29081,69887179,ransom,
6597979,19846,350163,28434,65439175,ransom,
2199802,6215,140964,13993,20956240,ransom,
812663,1782,40308,3863,8013495,ransom,
937421,4158,83395,7310,8326177,ransom,
2937006,4765,131268,14164,28716760,ransom,
5573813,12284,170300,17770,55972414,ransom,
7401747,39007,380252,32329,72128905,ransom,
5859857,15084,306540,25967,58311597,ransom,
844921,4678,91659,7958,7333392,ransom,
1961285,4305,116956,10659,18693648,ransom,
197955,1396,22413,1623,1767596,ransom,
3752666,5028,163573,16878,36897849,ransom,
6810999,4436,207924,24182,68874361,ransom,
3639075,6798,143952,15064,36773109,ransom,
4206228,7184,195655,18778,41317689,ransom,
1264841,1581,49233,5253,12558786,ransom,
1266768,5576,103153,12727,10987649,ransom,
1240058,1758,50770,4635,12303326,ransom,
3126018,2284,94880,10469,31525308,ransom,
6660905,6649,257497,24455,63625982,ransom,
7637300,16522,402094,26081,71656644,ransom,
7745269,27671,442356,29436,70591217,ransom,
4685792,44083,437052,31576,35008672,ransom,
3978326,44235,339327,13999,37741182,ransom,
3194262,38846,391843,17884,29787834,ransom,
2445278,2163,76208,8850,24558497,ransom,
1341026,1748,51567,5542,13372738,ransom,
49722,1259,15872,1107,274057,ransom,
995358,1616,44592,4515,9857610,ransom,
1541842,1549,44060,5620,15485435,ransom,
6159992,3911,182255,22320,62187624,ransom,
3605559,5032,80014,11248,37686973,ransom,
4006754,19951,161931,12970,39494939,ransom,
2772655,23590,146540,9688,26772074,ransom,
7104624,31668,331708,26974,70295080,ransom,
6729951,4758,205392,25411,67973634,ransom,
1128090,1435,41170,4486,11180131,ransom,
1377198,1332,41845,4833,13783246,ransom,
45070,976,9421,676,251292,ransom,
367873,1177,21692,1853,3498297,ransom,
333737,1946,29677,1887,3074442,ransom,
1906893,1699,58377,7328,19147181,ransom,
2147749,1828,61661,7826,21631747,ransom,
4840041,9228,119204,14648,44963910,ransom,
1641486,8757,65704,5891,16206211,ransom,
3574773,20548,163549,11753,35103041,ransom,
2242602,17097,192136,11566,21538198,ransom,
3156125,2171,89444,10867,31806368,ransom,
6019303,2647,143618,19764,61012046,ransom,
1334042,3030,55360,5307,12788955,ransom,
2959148,3728,84994,9593,31276128,ransom,
424218,3617,35365,2410,4052621,ransom,
2818950,8573,102735,9109,28183720,ransom,
3202638,21808,166093,10850,31238851,ransom,
3915112,40653,303914,13173,37229599,ransom,
5008431,55056,465359,20757,47524767,ransom,
553549,7529,137401,8367,4351096,ransom,
528015,1136,20555,2071,5158432,ransom,
52851,1478,20693,1193,291216,ransom,
47307,1084,12299,667,262012,ransom,
60699,1540,22656,1199,332383,ransom,
5418903,2603,127955,18182,54876983,ransom,
8241401,5454,223149,28925,83433588,ransom,
1848060,11786,104478,7133,17995032,ransom,
6112958,25522,236555,19019,60695865,ransom,
908866,34322,186021,2809,7035989,ransom,
4222034,40342,306170,14105,40501663,ransom,
3202328,42867,392738,17710,29631476,ransom,
4006222,5173,129491,14211,41435648,ransom,
831855,1148,28251,3312,8248523,ransom,
54518,1491,21913,1279,300312,ransom,
46732,1034,11822,658,258931,ransom,
170282,1310,23729,1391,1494963,ransom,
3922098,3482,134644,14341,39449828,ransom,
6552784,6453,228317,24579,65962559,ransom,
1591025,1817,54284,6245,15909261,ransom,
5199858,4386,180804,19278,51807638,ransom,
51679,1242,17302,1067,284563,ransom,
4871035,4398,115201,15979,49294637,ransom,
1032789,9735,64769,3726,9892301,ransom,
4045963,19344,163865,13945,39986873,ransom,
6440391,35138,305907,21415,63401600,ransom,
3902860,53507,402844,13212,36402477,ransom,
4369552,64960,488267,14055,40431678,ransom,
782685,63929,519176,5692,3727298,ransom,
135890,5363,89605,4763,692100,ransom,
358692,3503,15947,1157,4503415,ransom,
30998,1069,16689,1109,167518,ransom,
35156,1285,22067,1372,187542,ransom,
2702547,2253,74866,9420,27306839,ransom,
4114728,4594,125718,14424,41560585,ransom,
5411666,11025,153949,17040,54355369,ransom,
8942363,25744,271600,29641,89598985,ransom,
1792096,40586,229193,5545,15638282,ransom,
4825276,48574,351049,15613,46107583,ransom,
2755507,37683,387858,18162,25336504,ransom,
1722797,1661,60073,6690,17252950,ransom,
47443,1157,12178,829,262616,ransom,
49915,1207,15918,1112,276107,ransom,
53405,1427,19607,1211,293529,ransom,
1494459,1856,51156,5553,14958329,ransom,
6223836,5240,158427,20675,63024364,ransom,
5088867,24555,210476,16376,50249752,ransom,
6753370,42750,340422,23418,66186429,ransom,
4726636,54039,363264,14159,46063538,ransom,
2619293,57065,381553,7813,23038158,ransom,
3622562,29869,346434,20354,34635899,ransom,
3798157,1427,56631,10605,38659804,ransom,
1551879,907,25050,4334,15626208,ransom,
52117,1367,18002,1048,286064,ransom,
1534019,1603,44533,5647,15473162,ransom,
727289,1713,41545,3228,7017616,ransom,
6558677,3235,149161,21312,66477000,ransom,
6819317,10437,163232,22127,68964019,ransom,
6627856,30448,256401,21612,65617839,ransom,
5186124,38395,274511,17387,50501476,ransom,
3345539,49648,323603,9953,30934868,ransom,
7397033,57615,453229,24101,71870798,ransom,
2369423,66049,457103,6083,19908375,ransom,
512644,22890,262975,10523,3358984,ransom,
2159372,1823,46976,6984,21727896,ransom,
46849,1105,11288,801,260873,ransom,
365030,3876,22171,1467,4537938,ransom,
1643179,2025,62069,5860,16411232,ransom,
5092772,3628,159892,18360,51436321,ransom,
2628078,4007,96810,9311,26269379,ransom,
6770156,12658,189141,22127,68235978,ransom,
734503,25291,140153,3183,5823920,ransom,
4332191,30825,217600,13960,42253211,ransom,
1978689,42000,251707,5507,17428176,ransom,
5242442,54999,417777,18158,49987232,ransom,
2621139,64215,464464,7526,22608182,ransom,
516695,44463,426091,10552,2010628,ransom,
41518,819,3675,140,234400,ransom,
86226,3222,37760,1603,428823,ransom,
61859,1681,24833,1427,339542,ransom,
168555,2472,37893,2200,823322,ransom,
510937,1079,19569,2076,4992126,ransom,
2198525,2110,60849,7990,22116690,ransom,
4930193,3005,136762,17502,49809356,ransom,
2001933,4891,56613,6018,21162988,ransom,
5103461,18575,190559,15858,50834278,ransom,
679322,25341,125304,2342,5262487,ransom,
4665858,31723,218912,14854,45575591,ransom,
643763,36802,202179,1666,4191543,ransom,
5771868,46627,372609,19435,55947781,ransom,
2214605,55636,399010,6329,19013678,ransom,
2945405,38602,424637,19576,27187778,ransom,
135025,685,6910,453,1183887,ransom,
48570,1133,13238,849,269762,ransom,
54762,1567,21853,1263,299986,ransom,
50257,1251,16535,902,278396,ransom,
581863,1191,24365,2476,5768580,ransom,
6090643,4021,178747,21769,61452254,ransom,
7078600,14956,218239,23091,71105735,ransom,
3283803,23926,170155,11858,31975134,ransom,
2703850,37992,252422,9193,25084536,ransom,
3396548,44004,319782,11813,31833366,ransom,
4838239,58347,429336,15379,46846100,ransom,
2124433,65084,461635,6102,17433400,ransom,
505532,43319,411609,10569,1972281,ransom,
39163,599,958,46,221578,ransom,
51405,1351,16320,1093,284616,ransom,
48745,1205,14579,900,270185,ransom,
92667,1554,21981,1347,685097,ransom,
3002334,2093,80159,10870,30386855,ransom,
5282944,3186,127614,16237,53428830,ransom,
6689558,21130,210501,21207,66822743,ransom,
4491545,31442,225679,14859,43896210,ransom,
3125849,46375,297249,9973,28815530,ransom,
5667254,56645,419479,18060,54234829,ransom,
6068824,43435,458008,27437,58821954,ransom,
367847,3953,54200,3988,1657319,ransom,
906871,3999,224801,6130,4032628,ransom,
3187049,7718,257459,12960,25630721,ransom,
3256281,13549,302387,27597,19614060,ransom,
6257047,5549,162493,20479,62693647,ransom,
7098381,16229,192178,21690,73028467,ransom,
5438362,27921,222728,18087,53747630,ransom,
4252272,46486,322341,13869,40360119,ransom,
3770056,52715,387054,12041,35084767,ransom,
3787714,61927,473398,14080,34687602,ransom,
333594,12235,176299,9031,2172652,ransom,
41989,806,5010,325,238041,ransom,
50416,1379,16961,1050,277028,ransom,
49819,1269,16072,969,275413,ransom,
54144,1489,22109,1328,297899,ransom,
1672316,1815,56098,5891,16743868,ransom,
2565822,1875,69054,8832,25867435,ransom,
3773810,6776,113316,12805,37939960,ransom,
2241231,13390,101675,7048,22018643,ransom,
3056300,28837,187078,9748,29266659,ransom,
1108386,30515,157556,3414,9363521,ransom,
4010748,37889,271023,12704,38464097,ransom,
3616972,46292,325785,11659,33887580,ransom,
2804218,53261,357818,7914,26373161,ransom,
4594138,59024,462695,15407,42567514,ransom,
1607360,26874,311747,14993,14290861,ransom,
1983927,1155,30998,5398,20039014,ransom,
51328,1417,15639,946,283131,ransom,
60248,1530,21451,1179,330833,ransom,
52867,1459,19457,1079,290763,ransom,
3560583,2347,94705,12228,35963969,ransom,
6571729,3784,184771,23509,66583290,ransom,
2509493,7852,101797,8897,24844918,ransom,
7370431,18319,226832,24200,74108775,ransom,
2143031,34889,223238,6682,19501364,ransom,
2783273,36962,247730,8626,26062444,ransom,
2748014,19713,256684,15589,26395482,ransom,
3273754,2105,94135,11395,32954972,ransom,
587018,1381,27993,2723,5734857,ransom,
1238156,1652,42881,4754,12356460,ransom,
405235,1169,21180,1951,3911173,ransom,
2138468,4584,73042,7254,22498667,ransom,
8559217,3906,205851,28102,86775341,ransom,
3714452,3951,87219,11830,37650252,ransom,
3787117,21611,179389,13216,36806428,ransom,
3610793,26328,187076,12022,35163914,ransom,
3772742,42558,305788,12791,35721282,ransom,
7012210,56880,478693,23912,67952342,ransom,
649512,67835,471156,692,2206400,ransom,
748808,58845,530798,8193,3638582,ransom,
88324,1567,24872,1675,488480,ransom,
43363,926,7733,463,244332,ransom,
53618,1443,20011,1117,293707,ransom,
48405,1170,14125,775,269556,ransom,
79958,1174,16999,954,601509,ransom,
4465468,3046,127289,15339,45104750,ransom,
8097952,13976,223005,25990,81552477,ransom,
1292355,26340,143324,4266,11477383,ransom,
5433693,45191,329615,18427,52516360,ransom,
3205633,54483,358548,11586,29945735,ransom,
1545225,58877,381672,4311,11941050,ransom,
2205867,62584,449971,6524,18479022,ransom,
810924,66566,462719,965,3965214,ransom,
550920,47346,447413,10528,2136099,ransom,
45157,954,9680,553,252719,ransom,
43081,836,7550,393,242089,ransom,
48153,1247,13421,743,267163,ransom,
1313489,1326,29375,4045,13206693,ransom,
6465763,2251,112273,18328,65676123,ransom,
8691535,3811,202796,28808,88111280,ransom,
1785414,1657,51864,6613,17925502,ransom,
8318173,8420,204343,28364,84188712,ransom,
495706,13700,79164,1986,4214450,ransom,
6516392,26119,247672,20666,64738503,ransom,
3681741,34310,235926,11836,35371335,ransom,
4597824,47931,326329,14927,43833770,ransom,
3585160,48701,391013,16380,33407019,ransom,
3073327,7859,144126,14039,31640793,ransom,
263153,950,13147,1288,2476800,ransom,
54679,1483,21192,1390,299475,ransom,
47571,1112,12983,811,262941,ransom,
51800,1344,18112,1110,285512,ransom,
2558446,4774,121640,10171,25425154,ransom,
7329849,7787,210913,25611,73969804,ransom,
2607673,18224,139831,8891,25025367,ransom,
6633570,31576,272378,21570,65654100,ransom,
1654902,41105,252323,5620,14271219,ransom,
2069025,49869,347198,6147,17790543,ransom,
3851260,44047,455619,22129,36051166,ransom,
1315420,966,27321,3950,13201231,ransom,
52429,1391,18042,1123,288780,ransom,
51486,1380,17595,1035,283468,ransom,
121453,1503,23316,1328,979072,ransom,
3924311,2340,99329,12662,39657409,ransom,
6453049,7021,163523,20777,65275935,ransom,
4562786,28496,202714,13534,45876403,ransom,
5928049,34676,263956,19587,58326550,ransom,
4268211,46823,310750,13311,40544205,ransom,
4121325,52289,426159,18105,38601857,ransom,
4245687,5214,152416,17007,42629728,ransom,
1972751,1623,44405,6390,19845757,ransom,
44238,878,8537,545,248735,ransom,
49438,1216,15151,996,272625,ransom,
2041776,1938,60890,7365,20603638,ransom,
6608086,4563,196949,23694,66721185,ransom,
4252321,3215,137720,15511,42727980,ransom,
2440984,2019,72628,8292,24653021,ransom,
3093091,2981,110441,11466,30971712,ransom,
273065,1223,20095,1673,2534535,ransom,
1737522,2229,67001,7284,17334456,ransom,
3583554,4263,90145,10818,36205930,ransom,
3392749,14873,130288,11545,33646177,ransom,
6935892,35835,303602,23025,68443265,ransom,
9154707,56142,456515,30183,91164743,ransom,
2187392,65513,450571,6070,18078330,ransom,
1195103,51167,464974,11828,8591042,ransom,
54041,908,21449,1557,291525,ransom,
48933,1294,13231,751,270503,ransom,
54210,1565,20510,1132,297136,ransom,
51687,1351,17855,976,285760,ransom,
725019,1247,30012,3046,7139651,ransom,
6524195,3829,167451,22453,66026391,ransom,
6460990,19342,211199,21037,64581330,ransom,
7891820,34641,300303,26409,78358867,ransom,
1034430,47703,281398,2511,7425213,ransom,
3300114,55432,398027,11427,29779895,ransom,
2299741,61718,408900,6777,19463827,ransom,
1434334,24134,290492,13633,12604274,ransom,
59536,1100,11101,575,333418,ransom,
51536,1418,17728,1004,282332,ransom,
181060,1347,18964,1137,1605802,ransom,
361629,3709,18178,1131,4520451,ransom,
829340,1321,31724,3026,8209840,ransom,
4441109,3070,136183,16179,44872328,ransom,
1805273,1720,59388,6433,17999895,ransom,
5355236,9625,163034,18857,53890649,ransom,
838010,21065,113619,3141,7163762,ransom,
3445567,24931,176553,11600,33570713,ransom,
973126,33547,177085,3037,7721508,ransom,
4069742,39365,280388,13419,39103296,ransom,
2665678,50920,348136,7546,23813423,ransom,
2381387,33450,360975,16383,21778448,ransom,
2709262,3928,94036,9997,27107830,ransom,
48712,1183,12993,934,271504,ransom,
166142,2247,35036,2300,812345,ransom,
78119,1458,20013,1286,543077,ransom,
183787,1508,19238,1153,1613589,ransom,
5641154,4322,155680,19208,57016515,ransom,
8611630,24391,260917,27131,86239574,ransom,
3661233,37461,254019,13303,34948586,ransom,
4536955,53428,367942,14075,44102356,ransom,
2443418,57096,385211,7681,21243497,ransom,
1552476,62645,419897,3958,11789539,ransom,
1241972,41211,394904,15461,9591788,ransom,
867044,4900,173397,4658,3849217,ransom,
1186897,7778,268393,8308,5205792,ransom,
2761272,14207,347592,26979,12611158,ransom,
53536,1401,20547,1271,296232,ransom,
3148761,2668,97639,11473,31730989,ransom,
7527391,6701,203167,27032,76083835,ransom,
3445765,16867,145929,11745,34061489,ransom,
7493568,30840,280634,25490,74470936,ransom,
840153,42379,244394,2781,5810315,ransom,
4854241,47534,351247,15660,46482207,ransom,
3691000,57599,427895,12438,33999228,ransom,
1623531,59188,514000,11093,12598209,ransom,
100173,2244,39713,2812,542045,ransom,
43904,912,8310,514,246186,ransom,
374302,4200,23945,1545,4587955,ransom,
54788,1602,21107,1307,299978,ransom,
46758,1088,11831,674,259885,ransom,
7284809,5912,187077,26179,73777895,ransom,
6592279,10339,225246,24530,66313954,ransom,
3278547,10698,120096,10714,32779058,ransom,
3388493,25760,191624,10912,32847518,ransom,
3819878,31303,219435,13957,36974531,ransom,
5290070,12801,249468,22953,52766411,ransom,
1898144,1895,64597,7753,19012584,ransom,
45261,924,9200,568,253321,ransom,
1219277,1833,49829,5638,12121063,ransom,
3525838,2720,107696,12796,35601505,ransom,
1977843,1936,64700,7387,19820242,ransom,
7523066,10242,171132,23346,76039520,ransom,
5555255,19590,198928,17764,55396285,ransom,
3736354,36390,258017,12219,35788729,ransom,
6161731,46254,356990,19334,59919362,ransom,
6583011,61722,445573,20442,64511757,ransom,
1772236,65778,459934,4362,13830212,ransom,
552960,47740,447427,10528,2137226,ransom,
37277,527,743,0,211410,ransom,
45816,1079,10691,597,256599,ransom,
53853,1600,21151,1155,295171,ransom,
49779,1235,15177,841,275511,ransom,
305956,1137,15216,1412,2927197,ransom,
5514909,3708,162047,20005,55703254,ransom,
7666105,17466,231649,25729,76996642,ransom,
2856587,30046,190200,9523,27193886,ransom,
5607561,44530,318150,17626,54376644,ransom,
5037478,54646,389616,16386,47923069,ransom,
3176297,58318,469447,15165,28574926,ransom,
326952,5368,96289,6489,2581367,ransom,
57511,1521,21370,1281,339448,ransom,
525418,3634,51836,3155,4860865,ransom,
6167857,3680,172660,21361,62384732,ransom,
8920431,7200,213806,29158,91253981,ransom,
2910465,22584,177462,12970,27664653,ransom,
5402385,59743,320036,24901,48103039,ransom,
1429198,32191,205860,4975,12467059,ransom,
9228687,46808,435892,31159,91277319,ransom,
3075580,35297,399891,20181,28601801,ransom,
54823,1613,21035,1365,300625,ransom,
234496,1447,23358,1678,2138233,ransom,
2057426,1865,59348,7366,20693099,ransom,
7374078,4367,213656,27670,74587803,ransom,
6450415,7402,191236,22917,65035592,ransom,
1879940,11626,95096,6826,18431927,ransom,
4399115,26273,205761,15036,43130839,ransom,
3190177,32808,219899,10552,30449896,ransom,
10215246,17395,400162,42028,102532248,ransom,
658726,1632,33590,3557,6429670,ransom,
52272,1354,18781,1217,287158,ransom,
52974,1319,18421,1284,292809,ransom,
4902968,5750,148475,16852,50489849,ransom,
6443383,3579,181048,23410,65193108,ransom,
3557838,2524,111873,13322,35823683,ransom,
4074800,2497,115100,14284,41219204,ransom,
2058169,2107,74643,7755,20529630,ransom,
502854,965,17690,2043,4911174,ransom,
2293106,5430,81764,7659,22920992,ransom,
5618748,12844,169269,19690,56491004,ransom,
3348536,28447,214130,11767,32334945,ransom,
10117682,47395,444095,33006,100387133,ransom,
3059787,30856,360300,21107,28692127,ransom,
53200,1446,20065,1308,292792,ransom,
173939,1710,29353,1709,1485834,ransom,
1178675,1428,40409,4709,11813550,ransom,
8315875,6775,245050,28726,83997057,ransom,
7196279,21157,225576,23022,72056686,ransom,
3923971,30547,224918,13843,38054336,ransom,
2443781,42763,275669,8605,22102844,ransom,
7351213,62725,488952,23804,72238064,ransom,
345139,24349,287374,11473,1470688,ransom,
32871,1113,17329,1013,177049,ransom,
2785561,2435,92410,10302,28002838,ransom,
3280896,2201,93925,11990,33131792,ransom,
5984224,8831,145676,18727,60463939,ransom,
8167203,27703,275694,26475,81501375,ransom,
2925563,41497,255120,9051,27192950,ransom,
8970593,54382,494560,33392,88000069,ransom,
878380,10294,172869,11110,7829745,ransom,
54007,1535,19137,1181,296603,ransom,
49541,1206,15355,829,273137,ransom,
5049424,3941,155528,18295,50978474,ransom,
8382777,18205,255251,28602,84284647,ransom,
3186617,36936,254845,10436,30078034,ransom,
2810592,43803,316246,11071,25790959,ransom,
4828963,8952,239704,21906,48191631,ransom,
726581,1824,40578,3534,7059171,ransom,
363816,3768,20473,1262,4532288,ransom,
51085,1179,16054,986,282745,ransom,
5175226,3511,159099,18478,52242569,ransom,
8386152,9112,216048,26744,84782573,ransom,
3472226,31832,236184,12249,33232378,ransom,
3274179,33325,236886,11259,31264420,ransom,
7624776,49538,455034,28570,74087381,ransom,
2400811,10512,201816,16328,23298864,ransom,
60216,1751,20662,1419,340322,ransom,
54300,1435,20105,1356,298552,ransom,
2712330,1349,49635,8061,27446509,ransom,
8430862,2651,154617,25567,85681289,ransom,
11495414,4336,182962,33886,116937123,ransom,
5831540,10696,121339,16692,58912599,ransom,
8946715,20301,203162,25297,90012868,ransom,
5491862,65640,146749,5595,51825353,ransom,
22396505,49874,472469,66401,223992262,ransom,
9977539,6167,220036,32664,101166092,ransom,
11284019,4224,185247,34197,114316938,ransom,
161580,2246,20719,1423,2942375,ransom,
3422975,1979,76790,10684,34622984,ransom,
49960,1240,15996,1117,277190,ransom,
4742926,4953,131161,15836,47899169,ransom,
9164787,22428,271218,29852,92126552,ransom,
2708593,39731,248577,9014,25028529,ransom,
7563131,54298,443381,26467,73710039,ransom,
1874623,14730,232155,16558,17702451,ransom,
187086,1783,36302,2296,1268775,ransom,
52634,1407,17794,1084,288238,ransom,
1877408,1676,59630,7050,18851985,ransom,
8291138,5968,230739,27599,83881370,ransom,
5189168,23276,203870,16939,51328976,ransom,
5496945,30021,234010,19545,54193634,ransom,
3113636,22105,280155,16973,29926332,ransom,
2916354,2797,103571,11136,29278017,ransom,
1804697,2078,69892,7451,18058131,ransom,
1023667,1562,37816,4065,10148633,ransom,
1932312,4080,61926,6367,20498352,ransom,
2898258,6456,98732,10163,29002712,ransom,
7835302,26385,257273,26151,78257354,ransom,
7663183,40789,333715,25613,75641465,ransom,
6410981,49847,508842,28484,61946755,ransom,
2598997,2430,71387,9578,26176750,ransom,
53774,1396,19396,1268,296811,ransom,
99638,1413,19777,1213,763484,ransom,
6710365,3899,188513,22703,67907735,ransom,
8190288,18417,255180,28305,82283926,ransom,
3888386,37049,252896,11995,37246842,ransom,
3603737,45416,299206,12454,33849866,ransom,
6364116,44595,565383,35521,58511960,ransom,
1356549,6889,277022,8347,7551966,ransom,
1452109,7657,235046,8820,8094067,ransom,
2806190,11964,237532,24217,17009764,ransom,
7209360,5216,197850,24801,72917802,ransom,
8703535,18638,234673,26826,87541728,ransom,
1885543,33934,182686,5015,18319057,ransom,
5951785,45782,342298,21070,57785812,ransom,
6003108,45131,488820,30477,57992391,ransom,
2956486,1665,53190,9052,29921392,ransom,
52994,1365,18991,1300,292000,ransom,
275660,1583,31138,1994,2513808,ransom,
3859146,3721,149346,14066,38722415,ransom,
7471466,8344,185706,23067,75688405,ransom,
2538794,25304,154625,8351,24092151,ransom,
2579537,32203,215600,9906,24157810,ransom,
3678496,39877,270450,11778,34930459,ransom,
7372658,59445,504248,26867,70839402,ransom,
4035405,67062,479302,11106,36914449,ransom,
1169889,16790,120602,3533,10858279,ransom,
402579,21666,115487,10318,1997113,ransom,
738913,5017,207549,31787,3692976,ransom,
873434,7756,232711,37835,4251027,ransom,
684237,28281,139965,14414,3283590,ransom,
0,0,0,0,0,ransom,
2590692,30971,188301,8430,24434463,ransom,
3244975,40425,248340,9377,31756375,ransom,
6314494,52084,422234,21490,61224454,ransom,
3483648,61230,476858,12523,31575827,ransom,
1523823,11069,187841,12342,14381629,ransom,
22709,462,4046,293,127081,ransom,
33521,1162,17780,1254,181263,ransom,
48792,1260,14821,948,271273,ransom,
183220,1586,26398,1712,1594214,ransom,
1209996,1522,43307,4685,12053572,ransom,
3837946,2766,112045,13265,38717395,ransom,
3734100,6463,129498,12315,37454398,ransom,
4039963,14624,147293,13551,40154558,ransom,
1195781,27076,159387,4190,10371022,ransom,
1697160,28480,173476,5421,15454002,ransom,
3278392,37542,253136,10051,31012455,ransom,
5514298,49411,381672,18634,53234631,ransom,
2944855,64390,486562,9423,25801614,ransom,
539214,47318,441054,10974,2081497,ransom,
158146,2301,21835,1304,1072925,ransom,
261954,3088,19410,1226,3765713,ransom,
48697,1171,14321,743,269012,ransom,
7594349,5530,238201,26877,76576078,ransom,
7785179,5143,218138,27662,78784893,ransom,
2220697,15373,126055,7631,21530049,ransom,
1490368,16284,111067,5763,14145292,ransom,
1131342,22831,147822,4053,10028007,ransom,
5834152,31353,285522,19287,57568496,ransom,
7664209,53578,469881,25708,74768992,ransom,
1599631,23328,296863,16300,14319459,ransom,
42765,892,7731,537,239851,ransom,
58895,1502,20468,1075,323668,ransom,
376174,2350,43125,2907,2979796,ransom,
2963652,3635,116734,11850,29763519,ransom,
6136812,4856,199268,22487,61821435,ransom,
7419647,4559,217277,26638,75141709,ransom,
2134348,2165,75575,7559,21241356,ransom,
50584,1364,18359,1115,278533,ransom,
1774588,4289,64469,6320,18816649,ransom,
1785969,2061,67627,6661,17871912,ransom,
3497392,8367,119748,11869,35016656,ransom,
6651323,21940,215632,21617,66512457,ransom,
5632181,34091,258001,18510,55310230,ransom,
6410279,52945,388506,21069,61985708,ransom,
4871762,41973,447257,26084,46645611,ransom,
43501,983,9092,740,244374,ransom,
40813,805,6892,506,229212,ransom,
61318,1857,30864,1947,333846,ransom,
4115385,3052,109181,15942,41671364,ransom,
6606914,4167,187340,24859,66778456,ransom,
8250997,11610,225001,27607,83268547,ransom,
1910566,21653,126786,7310,18139976,ransom,
4880193,36307,309606,18820,47311875,ransom,
6327744,7858,252635,25982,63534502,ransom,
780929,4704,91996,6078,5396021,ransom,
3797560,5458,331735,17985,32829723,ransom,
1979327,12269,301260,10979,13539221,ransom,
9320568,63128,1248636,139664,50874930,ransom,
493809,1827,42276,2678,4806074,ransom,
2863382,8246,113632,9030,28521082,ransom,
1915525,20512,134904,5816,18163746,ransom,
3960357,36834,256758,14692,38025280,ransom,
882185,47332,264004,2471,5893383,ransom,
6657547,52653,502115,29176,64313704,ransom,
1396319,3401,82079,7648,13819170,ransom,
41156,821,7343,516,232455,ransom,
62362,1955,33853,1792,336262,ransom,
43670,873,10200,474,245820,ransom,
7316511,3797,186654,25889,74082860,ransom,
4112185,2289,105112,14590,41682971,ransom,
5206118,8434,164956,18548,52279306,ransom,
5527178,13850,166785,18676,55534534,ransom,
1423323,25903,165317,5068,12447656,ransom,
2301030,26821,170858,7121,21726807,ransom,
7834429,43862,350233,25838,78405904,ransom,
8574597,58376,564155,34185,83581576,ransom,
1216200,4077,90565,7667,11898360,ransom,
55804,1650,23307,1432,304279,ransom,
47527,1027,13307,774,264413,ransom,
824523,1500,30208,3192,8237138,ransom,
8913825,8496,247816,31788,90061795,ransom,
8870004,22401,265813,28430,89126683,ransom,
2805885,42635,269459,9525,25821952,ransom,
4837740,48719,333247,16116,46308898,ransom,
4999001,39694,446404,27198,48043120,ransom,
41572,880,6608,541,234827,ransom,
41880,912,7633,569,235058,ransom,
60344,1920,30946,1890,327217,ransom,
1182887,2178,57777,4792,11739792,ransom,
11018686,7866,291901,39436,111506744,ransom,
1323406,8384,73581,5476,12905756,ransom,
8092860,25147,261667,25794,80928724,ransom,
4133099,24425,278579,18896,40893331,ransom,
3987210,3149,121410,14420,40150592,ransom,
851311,1282,30038,3598,8446101,ransom,
3705047,2560,107976,13230,37344786,ransom,
416511,885,14082,1823,4076248,ransom,
561624,1628,35725,3331,5412646,ransom,
3438108,2623,102299,12210,34676745,ransom,
4762473,2763,121246,16662,48275300,ransom,
4501910,8503,120001,14497,45241190,ransom,
4735492,13288,142923,16523,47527274,ransom,
4755604,29175,238458,15836,46618767,ransom,
7617941,45256,384025,25826,74867949,ransom,
5609278,40780,469021,28682,54247648,ransom,
45775,1116,11330,860,254404,ransom,
46277,1156,13152,925,256886,ransom,
51170,1428,20115,1254,282662,ransom,
3292094,3098,108065,12522,33178425,ransom,
7129538,6941,208626,26234,72001270,ransom,
6976184,22761,228349,23758,70950507,ransom,
5011639,24774,317025,22418,49154593,ransom,
2020497,1774,63033,7023,20249780,ransom,
4265253,2858,127143,15705,43111835,ransom,
612429,1183,28279,2621,5918639,ransom,
57452,1367,19509,1089,315914,ransom,
58435,1744,29251,1609,319557,ransom,
8867005,4546,233076,31972,89888159,ransom,
8633828,8181,225859,28962,87261708,ransom,
3414320,17815,144204,11412,33715345,ransom,
4604619,32370,236603,15395,44845308,ransom,
5750134,38838,292251,19390,56235040,ransom,
7871059,57746,487672,27744,76671196,ransom,
1095596,12282,200014,12978,9896594,ransom,
47650,1133,12835,795,263951,ransom,
40816,736,4452,236,231859,ransom,
1418750,1552,43965,5258,14253944,ransom,
7814504,5213,208276,27265,79177462,ransom,
4159791,16306,133361,12887,42531074,ransom,
8812522,32521,369243,33520,87603243,ransom,
7805407,5142,210413,26569,78956273,ransom,
141243,1705,26695,1832,1122336,ransom,
3358513,2445,104448,12169,33836458,ransom,
2238931,1919,67234,8898,22541586,ransom,
3240843,3296,105852,12893,32656017,ransom,
8799530,17840,245110,28411,88584188,ransom,
1621827,30052,177254,5206,14555187,ransom,
8008450,32724,374059,31261,79388436,ransom,
4836165,3924,184576,19840,48641435,ransom,
52425,1418,19223,1172,288029,ransom,
50771,1285,18134,1102,279769,ransom,
244522,1465,27535,1657,2216129,ransom,
6511486,10133,194398,21262,65626507,ransom,
6202738,29644,252777,20712,61343281,ransom,
1738567,42325,259383,5316,15029630,ransom,
8882986,55219,448886,28604,87196721,ransom,
5072845,19079,297670,26209,49658022,ransom,
168778,2300,19787,1249,2999917,ransom,
53939,1492,19995,1147,297152,ransom,
2686039,3629,81818,9090,26929249,ransom,
7258199,3982,200023,23781,73397493,ransom,
5392229,8091,162390,17414,54279152,ransom,
5586824,17248,202263,19109,55030386,ransom,
3510455,31536,209276,11086,33705953,ransom,
2748775,33337,220709,8509,25909696,ransom,
5892618,47028,370214,20467,57143452,ransom,
6097813,24201,350689,27900,60235718,ransom,
4327648,1576,65884,12241,43916906,ransom,
45774,1064,11473,833,257012,ransom,
57423,1751,26968,1707,312503,ransom,
971452,1081,27132,3659,9684044,ransom,
2616643,1849,66680,9050,26412763,ransom,
3108205,2534,94341,11266,31327237,ransom,
3793308,8212,115940,12691,38175179,ransom,
2609080,21238,144211,7653,25209044,ransom,
2888060,27942,159505,8803,28899831,ransom,
3046026,35568,231248,9618,28757227,ransom,
3660933,43919,296659,12039,34554477,ransom,
4491099,55975,415892,15144,42273128,ransom,
2523360,30465,347098,18586,23367432,ransom,
69105,1166,14322,1081,482770,ransom,
42114,918,8475,608,235424,ransom,
39999,689,3747,285,226844,ransom,
769428,1458,30050,3690,7685664,ransom,
2869812,2714,92727,11320,28809295,ransom,
8015915,9730,220086,28851,80996805,ransom,
9069639,35369,350851,31543,90281988,ransom,
8827083,52984,532105,36731,86453400,ransom,
104912,4529,85294,5159,529588,ransom,
50640,1312,16318,890,280785,ransom,
129487,1444,22119,1325,1066705,ransom,
6085776,3332,155203,19595,61647454,ransom,
11016660,16033,264320,35160,111308473,ransom,
1569527,30934,193564,6904,15142294,ransom,
6460155,6404,234321,25890,64998644,ransom,
51122,1230,16031,983,282986,ransom,
5970727,3422,167564,20604,60385978,ransom,
177887,1199,17713,1338,1598595,ransom,
2311850,2905,84732,9107,23243237,ransom,
9287617,12629,216339,28763,93941062,ransom,
2593809,15058,189108,12446,25198194,ransom,
6344339,3918,189123,22926,64085339,ransom,
1650224,1549,53587,6156,16569512,ransom,
3696587,2657,119125,13188,37222672,ransom,
48030,1185,13929,1024,265037,ransom,
1042093,1807,47742,4760,10298686,ransom,
5432597,3022,142644,19508,55022389,ransom,
2977413,2293,91839,11416,29995689,ransom,
9021074,14300,241090,29230,90973594,ransom,
1430511,20505,127856,4688,13255949,ransom,
4503500,34087,283839,15987,43682160,ransom,
9494918,9380,273030,34215,97013317,ransom,
586450,1609,34901,3472,5659590,ransom,
2106010,1841,60567,7059,21204134,ransom,
1317763,1892,55727,5157,13089339,ransom,
47271,1019,11500,677,265868,ransom,
2730250,6171,106008,9524,27121868,ransom,
7731146,24388,291321,26415,76062022,ransom,
6952610,44195,496516,29209,63542261,ransom,
6079198,64944,730887,29096,51933453,ransom,
4529389,42954,707008,34987,32198829,ransom,
2466539,16443,245270,25121,11429164,ransom,
217486,4328,54837,2136,1027353,ransom,
5576244,7661,200532,20684,55263751,ransom,
6526206,5284,197428,23171,65600595,ransom,
3570126,15033,156521,15525,35236312,ransom,
5247331,18346,184351,16528,52409984,ransom,
2182209,31752,219843,7870,20139823,ransom,
5473706,36894,306410,18398,53611577,ransom,
7755651,61283,518168,28449,76368112,ransom,
342844,10193,161840,9135,2386831,ransom,
52451,1410,19663,1282,289662,ransom,
198971,1564,24027,1635,1759570,ransom,
5006697,3389,152458,18410,50591878,ransom,
7753207,8295,226186,27500,78282320,ransom,
2834878,22229,159246,9761,27445902,ransom,
3693423,28718,206512,12093,35790475,ransom,
3566112,41733,297158,13513,33258861,ransom,
6964062,54213,453932,24715,67578800,ransom,
934260,16796,239123,12660,7949958,ransom,
51206,1361,17905,1027,281854,ransom,
277969,1607,26237,1910,2543387,ransom,
3870536,3287,127976,14266,38703531,ransom,
6078753,5545,171581,20256,61400055,ransom,
6687654,25433,238185,22243,66567170,ransom,
324369,32832,149210,955,1125739,ransom,
4515810,33755,318828,20401,43674331,ransom,
6280109,6068,170220,21716,64612959,ransom,
873435,1771,43971,4225,8560116,ransom,
722033,1709,38186,3336,7074398,ransom,
109278,1199,18238,1149,858769,ransom,
3974935,4398,134636,14075,39988790,ransom,
5973550,19522,212637,18601,59662097,ransom,
2549534,40336,270941,9737,23283296,ransom,
3333962,8380,203537,15339,33033540,ransom,
435417,1308,26674,2289,4130248,ransom,
1768707,2054,70248,6812,17676026,ransom,
38804,597,2280,114,219500,ransom,
492922,1438,31002,2253,4765852,ransom,
2112379,3267,94973,9924,21184223,ransom,
8788870,14263,227942,29899,88688087,ransom,
11212817,44325,426065,39967,111750464,ransom,
3102758,32154,370990,21210,29033493,ransom,
48844,1203,13765,953,270686,ransom,
118676,1557,23743,1564,937517,ransom,
1144796,3877,38414,3728,12490666,ransom,
10489481,4101,211000,33502,106541967,ransom,
6347509,14637,169183,18285,63758515,ransom,
7283700,27237,243597,23367,72672466,ransom,
4249642,44613,320008,13786,40427577,ransom,
5581555,49393,386435,16969,53787218,ransom,
6816859,49051,532950,33241,65940131,ransom,
52767,1464,18477,1213,290086,ransom,
53120,1433,17924,1163,292707,ransom,
49772,1213,16181,1038,275447,ransom,
2997309,1946,82333,10453,30232794,ransom,
3280282,2110,89709,10661,33161477,ransom,
3393744,2391,96497,11844,34155257,ransom,
4843737,4224,140467,16916,48905542,ransom,
647383,11850,91629,3273,5721582,ransom,
979638,10002,74946,3472,9333394,ransom,
1474234,15346,102860,4658,14027257,ransom,
2950312,17699,146331,9551,28403308,ransom,
2048718,29917,157251,5117,19183911,ransom,
4236363,31494,214773,12698,42184651,ransom,
1338800,41807,250716,4014,10888371,ransom,
6289345,50811,396706,21924,60978572,ransom,
1072676,52409,439644,9085,7307086,ransom,
3577702,3649,127395,14460,35948881,ransom,
55807,1629,23265,1554,306056,ransom,
206955,1394,22585,1469,1869794,ransom,
1361772,1640,48033,4946,13643594,ransom,
10604868,9139,277370,35727,107364852,ransom,
6109418,31497,269640,20040,60291608,ransom,
2745994,39262,250543,9501,25469416,ransom,
6221653,52088,424431,21842,60261166,ransom,
2273986,15264,245695,17520,21681673,ransom,
54222,1590,20244,1328,299872,ransom,
52834,1484,19844,1219,287235,ransom,
2863798,2017,78719,9598,28909879,ransom,
6594696,3521,174942,23233,66697731,ransom,
5020468,8340,138282,16538,50561734,ransom,
7940174,26397,261764,25386,80539466,ransom,
1085900,37974,217957,3923,8571467,ransom,
3126923,38248,255949,10213,29473223,ransom,
8193404,52501,514476,33836,80017752,ransom,
140497,5522,98171,5953,795340,ransom,
44896,1019,10018,796,250529,ransom,
41941,873,8253,552,236774,ransom,
3250715,35576,415289,22491,22652526,ransom,
6311550,23408,326237,25094,59839351,ransom,
5944724,30738,370172,26762,53840345,ransom,
9307171,43085,412377,33692,91012713,ransom,
5380079,49011,436808,21965,51437789,ransom,
5037574,12336,257244,21165,49078865,ransom,
2826670,2994,100584,8365,27401719,ransom,
223341,2930,53488,1732,989042,ransom,
1944042,2976,96056,7114,18653808,ransom,
8108663,5311,247602,28450,81761715,ransom,
7636359,22018,304019,29725,74862931,ransom,
688595,21376,132447,4423,6028400,ransom,
3955717,27606,258579,13900,36879461,ransom,
3827236,55575,522527,21707,29781988,ransom,
6854149,24588,410230,34345,67394203,ransom,
2316467,11372,211323,25700,21724460,ransom,
62132,1677,22450,1279,339580,ransom,
217581,1431,23320,1567,1962701,ransom,
3157622,2379,91763,11005,31965684,ransom,
9417821,19484,274365,31885,94707824,ransom,
4999159,59386,353889,22036,47466508,ransom,
4866770,52325,440394,21779,46116127,ransom,
1451005,7234,140329,11958,14038865,ransom,
49993,1249,15678,1010,276521,ransom,
129786,1566,23715,1502,1053883,ransom,
6008330,3520,168825,19978,60760652,ransom,
8714939,9399,210330,26979,88211951,ransom,
4468975,28316,200330,13534,43712357,ransom,
642704,31628,160250,2812,4467497,ransom,
4639121,28994,302535,20794,46411695,ransom,
9828833,6918,262837,32601,99435145,ransom,
304407,1353,22045,1912,2825560,ransom,
61127,1513,22661,1479,335341,ransom,
367007,2266,41669,2476,2830024,ransom,
2469067,3304,78114,8747,24791330,ransom,
7134158,21302,236478,22297,71406550,ransom,
4410395,40400,292258,13350,42294020,ransom,
3135846,48625,339183,10409,28890360,ransom,
6297800,32443,421917,28903,61791997,ransom,
149662,1694,24321,1686,1242842,ransom,
434283,1346,22140,2216,4188597,ransom,
71918,1107,13212,864,540860,ransom,
3042352,1717,74247,10521,30716516,ransom,
6165684,3684,163066,21706,62462458,ransom,
1419843,11190,89001,5405,13678693,ransom,
5453898,23549,210551,17835,54123278,ransom,
589424,28042,205218,5804,4025359,ransom,
5960858,5814,160568,20740,61343022,ransom,
1431292,1403,42624,5043,14354161,ransom,
5219595,2761,138528,17758,52778602,ransom,
125832,1503,25019,1408,1019726,ransom,
2074213,1877,69566,7151,20820823,ransom,
696182,1436,29200,2977,6937596,ransom,
5632608,13844,182836,19000,56474714,ransom,
8035727,32306,314469,27068,79939600,ransom,
5754976,53698,425745,21477,55340364,ransom,
2253359,15457,246849,17142,21393773,ransom,
55012,1494,21133,1317,303213,ransom,
112046,1269,19308,1107,899445,ransom,
2703065,2256,87983,9922,27229418,ransom,
8944696,6648,207693,29968,90701511,ransom,
4634306,24865,206189,14252,45604483,ransom,
8861552,40964,382226,32909,85911393,ransom,
4126029,52133,549994,17901,34580014,ransom,
6270867,44793,664797,36177,55364573,ransom,
3937665,45603,571002,33581,20979699,ransom,
134117,5140,47909,3646,758317,ransom,
47430,1099,11846,737,262706,ransom,
1684444,5808,45233,5645,16933068,ransom,
2803274,8451,76216,10418,28042478,ransom,
2702910,23605,88978,11254,26407681,ransom,
2695463,1998,81060,9630,27129956,ransom,
793791,3440,34936,2938,7852223,ransom,
3340743,7169,92908,10636,33612258,ransom,
2147186,16244,108691,6704,20843264,ransom,
3845419,19442,147866,12642,38002098,ransom,
2310236,29766,172754,7466,21615162,ransom,
4574950,36806,264621,15037,44346058,ransom,
3589646,46712,328538,11025,33671441,ransom,
4985357,56189,434068,16885,47305183,ransom,
3656802,21724,316278,21433,35496331,ransom,
42140,932,7693,692,236415,ransom,
39909,817,6698,544,226511,ransom,
373963,4415,35725,2406,4582261,ransom,
482994,1559,29309,2437,4686260,ransom,
11154477,2855,185371,34015,113546397,ransom,
12881711,4953,197057,38340,131145696,ransom,
11394623,17793,231035,32644,115195234,ransom,
3565618,22036,142490,10919,35059897,ransom,
10615456,24382,316838,36283,106596687,ransom,
13431369,4856,223390,38831,136636467,ransom,
5008230,2427,101508,15547,50635704,ransom,
11484581,2317,179295,33544,116964273,ransom,
6330379,3145,134770,20507,63271061,ransom,
53417,1734,19831,1237,301961,ransom,
2228529,2495,84171,8053,22330299,ransom,
3866939,2895,129439,14437,38975212,ransom,
3857838,3163,137559,13395,38567810,ransom,
5417055,3790,183727,20303,54531535,ransom,
118334,1291,19762,1254,957356,ransom,
4355156,3418,160627,16436,43808633,ransom,
361029,3531,19383,1207,4516309,ransom,
2614367,2400,100745,10176,26209248,ransom,
2160739,2120,84095,7940,21679583,ransom,
2743210,2422,101652,10476,27500751,ransom,
7044422,9179,188621,22943,71188178,ransom,
1755732,23480,145838,6168,16316911,ransom,
5852479,30762,248720,19501,57747306,ransom,
5743024,15151,296072,25944,57212961,ransom,
2877496,2558,99244,10901,28811705,ransom,
53002,1439,20058,1154,291198,ransom,
1369900,7396,112445,9492,12576789,ransom,
44307,920,8405,493,246707,ransom,
7195406,7044,244339,29675,71857652,ransom,
6428129,3781,188053,22997,64880686,ransom,
3990205,7338,184325,20801,39146884,ransom,
3871586,5422,175474,19639,37916319,ransom,
283729,1499,30922,1973,2379803,ransom,
3318866,4942,161387,17307,32406806,ransom,
122785,1748,15713,995,838313,ransom,
3687814,5743,146324,17201,37521731,ransom,
8339292,8173,269930,32337,83416986,ransom,
3938021,12107,122230,12284,39410246,ransom,
6981111,31498,314768,28214,68279190,ransom,
1300966,36780,221715,4049,10917033,ransom,
10144053,55578,541593,42704,99092805,ransom,
2203723,28891,370730,23512,19394928,ransom,
55813,1570,22401,1561,306211,ransom,
239832,3991,71789,6489,1169720,ransom,
2740015,2661,97792,10573,27549095,ransom,
6700293,7968,240530,27810,66669293,ransom,
5669061,22282,262177,23692,55505579,ransom,
4472792,27119,216351,15091,43912108,ransom,
4288952,45276,355826,19762,39947719,ransom,
10885669,52861,566902,46141,107423519,ransom,
273401,6487,120855,9983,1327395,ransom,
393667,4135,83482,7683,2719432,ransom,
71838,1872,29183,1761,392962,ransom,
2310621,9059,121439,12909,23315442,ransom,
12323568,15853,339635,43320,124484574,ransom,
9051665,32113,373458,36833,89609766,ransom,
2164878,49507,363246,13227,17937378,ransom,
6958536,55128,495404,26746,67453244,ransom,
732677,14456,214045,15244,5413181,ransom,
137031,2621,25391,2993,1115727,ransom,
287914,4745,80160,6835,1651161,ransom,
2152112,5047,133458,13164,20547078,ransom,
4126601,3018,123746,14551,41583059,ransom,
4374175,6325,192735,21202,43073761,ransom,
3921356,2386,111227,13852,39589359,ransom,
2950796,7736,182042,17065,28382840,ransom,
1566180,5015,105410,11355,14723436,ransom,
1803812,1694,54376,6366,18043101,ransom,
1068518,7376,99710,9553,9367234,ransom,
2101637,4400,91748,11175,20851879,ransom,
5712305,7086,227234,25011,56606695,ransom,
5650076,9265,229422,25110,57073026,ransom,
4356429,2958,143535,15947,43840895,ransom,
2109787,4623,122125,12862,20253692,ransom,
1400138,2054,66168,5614,13798661,ransom,
1782609,4935,124960,11904,16805696,ransom,
2390575,8753,144220,14600,22980294,ransom,
5463677,6412,144661,17138,55190888,ransom,
4370307,27852,246486,24392,42143015,ransom,
4593269,35050,266034,15102,44563078,ransom,
6398557,52357,414137,27122,61418497,ransom,
5600392,62211,593288,31409,52213209,ransom,
877098,5241,101365,7601,8386643,ransom,
243814,7522,85169,7345,1190287,ransom,
49305,1174,14526,843,273168,ransom,
7203415,7466,249345,29162,71898193,ransom,
8256187,16757,271235,31707,82275975,ransom,
2776507,25076,163079,8994,26772303,ransom,
6314941,49689,496598,39412,59903936,ransom,
4805097,7744,184768,17975,49383223,ransom,
241793,5441,81405,7249,1180161,ransom,
1029936,4541,101186,9671,9141949,ransom,
1029814,2023,47902,4725,10148421,ransom,
5518092,8173,224376,24953,54693325,ransom,
9459753,23865,287886,32591,94966487,ransom,
943249,38977,251496,8084,6194675,ransom,
6666058,41840,416802,31998,64547969,ransom,
5065600,4762,195389,20159,50947503,ransom,
325781,8500,92732,9374,2003957,ransom,
53981,1503,20167,1182,299039,ransom,
615444,4470,77116,7530,5073924,ransom,
9147341,9709,310036,36843,91505433,ransom,
8765117,24480,282572,28337,87837191,ransom,
695227,38598,264933,8848,3701123,ransom,
4174960,8825,214154,19500,41575754,ransom,
803562,4605,88753,8551,6952695,ransom,
5855200,7080,246547,26124,57991933,ransom,
428122,3822,22691,1429,5179151,ransom,
5224453,6531,189554,26590,51736979,ransom,
3462049,2614,89284,12328,35055260,ransom,
5027504,18190,221057,21844,49167827,ransom,
7116787,33555,328625,29081,69887179,ransom,
6597979,19846,350163,28434,65439175,ransom,
2199802,6215,140964,13993,20956240,ransom,
812663,1782,40308,3863,8013495,ransom,
937421,4158,83395,7310,8326177,ransom,
2937006,4765,131268,14164,28716760,ransom,
5573813,12284,170300,17770,55972414,ransom,
7401747,39007,380252,32329,72128905,ransom,
5859857,15084,306540,25967,58311597,ransom,
844921,4678,91659,7958,7333392,ransom,
1961285,4305,116956,10659,18693648,ransom,
197955,1396,22413,1623,1767596,ransom,
3752666,5028,163573,16878,36897849,ransom,
6810999,4436,207924,24182,68874361,ransom,
3639075,6798,143952,15064,36773109,ransom,
4206228,7184,195655,18778,41317689,ransom,
1264841,1581,49233,5253,12558786,ransom,
1266768,5576,103153,12727,10987649,ransom,
1240058,1758,50770,4635,12303326,ransom,
3126018,2284,94880,10469,31525308,ransom,
6660905,6649,257497,24455,63625982,ransom,
7637300,16522,402094,26081,71656644,ransom,
7745269,27671,442356,29436,70591217,ransom,
4685792,44083,437052,31576,35008672,ransom,
3978326,44235,339327,13999,37741182,ransom,
3194262,38846,391843,17884,29787834,ransom,
2445278,2163,76208,8850,24558497,ransom,
1341026,1748,51567,5542,13372738,ransom,
49722,1259,15872,1107,274057,ransom,
995358,1616,44592,4515,9857610,ransom,
1541842,1549,44060,5620,15485435,ransom,
6159992,3911,182255,22320,62187624,ransom,
3605559,5032,80014,11248,37686973,ransom,
4006754,19951,161931,12970,39494939,ransom,
2772655,23590,146540,9688,26772074,ransom,
7104624,31668,331708,26974,70295080,ransom,
6729951,4758,205392,25411,67973634,ransom,
1128090,1435,41170,4486,11180131,ransom,
1377198,1332,41845,4833,13783246,ransom,
45070,976,9421,676,251292,ransom,
367873,1177,21692,1853,3498297,ransom,
333737,1946,29677,1887,3074442,ransom,
1906893,1699,58377,7328,19147181,ransom,
2147749,1828,61661,7826,21631747,ransom,
4840041,9228,119204,14648,44963910,ransom,
1641486,8757,65704,5891,16206211,ransom,
3574773,20548,163549,11753,35103041,ransom,
2242602,17097,192136,11566,21538198,ransom,
3156125,2171,89444,10867,31806368,ransom,
6019303,2647,143618,19764,61012046,ransom,
1334042,3030,55360,5307,12788955,ransom,
2959148,3728,84994,9593,31276128,ransom,
424218,3617,35365,2410,4052621,ransom,
2818950,8573,102735,9109,28183720,ransom,
3202638,21808,166093,10850,31238851,ransom,
3915112,40653,303914,13173,37229599,ransom,
5008431,55056,465359,20757,47524767,ransom,
553549,7529,137401,8367,4351096,ransom,
528015,1136,20555,2071,5158432,ransom,
52851,1478,20693,1193,291216,ransom,
47307,1084,12299,667,262012,ransom,
60699,1540,22656,1199,332383,ransom,
5418903,2603,127955,18182,54876983,ransom,
8241401,5454,223149,28925,83433588,ransom,
1848060,11786,104478,7133,17995032,ransom,
6112958,25522,236555,19019,60695865,ransom,
908866,34322,186021,2809,7035989,ransom,
4222034,40342,306170,14105,40501663,ransom,
3202328,42867,392738,17710,29631476,ransom,
4006222,5173,129491,14211,41435648,ransom,
831855,1148,28251,3312,8248523,ransom,
54518,1491,21913,1279,300312,ransom,
46732,1034,11822,658,258931,ransom,
170282,1310,23729,1391,1494963,ransom,
3922098,3482,134644,14341,39449828,ransom,
6552784,6453,228317,24579,65962559,ransom,
1591025,1817,54284,6245,15909261,ransom,
5199858,4386,180804,19278,51807638,ransom,
51679,1242,17302,1067,284563,ransom,
4871035,4398,115201,15979,49294637,ransom,
1032789,9735,64769,3726,9892301,ransom,
4045963,19344,163865,13945,39986873,ransom,
6440391,35138,305907,21415,63401600,ransom,
3902860,53507,402844,13212,36402477,ransom,
4369552,64960,488267,14055,40431678,ransom,
782685,63929,519176,5692,3727298,ransom,
135890,5363,89605,4763,692100,ransom,
358692,3503,15947,1157,4503415,ransom,
30998,1069,16689,1109,167518,ransom,
35156,1285,22067,1372,187542,ransom,
2702547,2253,74866,9420,27306839,ransom,
4114728,4594,125718,14424,41560585,ransom,
5411666,11025,153949,17040,54355369,ransom,
8942363,25744,271600,29641,89598985,ransom,
1792096,40586,229193,5545,15638282,ransom,
4825276,48574,351049,15613,46107583,ransom,
2755507,37683,387858,18162,25336504,ransom,
1722797,1661,60073,6690,17252950,ransom,
47443,1157,12178,829,262616,ransom,
49915,1207,15918,1112,276107,ransom,
53405,1427,19607,1211,293529,ransom,
1494459,1856,51156,5553,14958329,ransom,
6223836,5240,158427,20675,63024364,ransom,
5088867,24555,210476,16376,50249752,ransom,
6753370,42750,340422,23418,66186429,ransom,
4726636,54039,363264,14159,46063538,ransom,
2619293,57065,381553,7813,23038158,ransom,
3622562,29869,346434,20354,34635899,ransom,
3798157,1427,56631,10605,38659804,ransom,
1551879,907,25050,4334,15626208,ransom,
52117,1367,18002,1048,286064,ransom,
1534019,1603,44533,5647,15473162,ransom,
727289,1713,41545,3228,7017616,ransom,
6558677,3235,149161,21312,66477000,ransom,
6819317,10437,163232,22127,68964019,ransom,
6627856,30448,256401,21612,65617839,ransom,
5186124,38395,274511,17387,50501476,ransom,
3345539,49648,323603,9953,30934868,ransom,
7397033,57615,453229,24101,71870798,ransom,
2369423,66049,457103,6083,19908375,ransom,
512644,22890,262975,10523,3358984,ransom,
2159372,1823,46976,6984,21727896,ransom,
46849,1105,11288,801,260873,ransom,
365030,3876,22171,1467,4537938,ransom,
1643179,2025,62069,5860,16411232,ransom,
5092772,3628,159892,18360,51436321,ransom,
2628078,4007,96810,9311,26269379,ransom,
6770156,12658,189141,22127,68235978,ransom,
734503,25291,140153,3183,5823920,ransom,
4332191,30825,217600,13960,42253211,ransom,
1978689,42000,251707,5507,17428176,ransom,
5242442,54999,417777,18158,49987232,ransom,
2621139,64215,464464,7526,22608182,ransom,
516695,44463,426091,10552,2010628,ransom,
41518,819,3675,140,234400,ransom,
86226,3222,37760,1603,428823,ransom,
61859,1681,24833,1427,339542,ransom,
168555,2472,37893,2200,823322,ransom,
510937,1079,19569,2076,4992126,ransom,
2198525,2110,60849,7990,22116690,ransom,
4930193,3005,136762,17502,49809356,ransom,
2001933,4891,56613,6018,21162988,ransom,
5103461,18575,190559,15858,50834278,ransom,
679322,25341,125304,2342,5262487,ransom,
4665858,31723,218912,14854,45575591,ransom,
643763,36802,202179,1666,4191543,ransom,
5771868,46627,372609,19435,55947781,ransom,
2214605,55636,399010,6329,19013678,ransom,
2945405,38602,424637,19576,27187778,ransom,
135025,685,6910,453,1183887,ransom,
48570,1133,13238,849,269762,ransom,
54762,1567,21853,1263,299986,ransom,
50257,1251,16535,902,278396,ransom,
581863,1191,24365,2476,5768580,ransom,
6090643,4021,178747,21769,61452254,ransom,
7078600,14956,218239,23091,71105735,ransom,
3283803,23926,170155,11858,31975134,ransom,
2703850,37992,252422,9193,25084536,ransom,
3396548,44004,319782,11813,31833366,ransom,
4838239,58347,429336,15379,46846100,ransom,
2124433,65084,461635,6102,17433400,ransom,
505532,43319,411609,10569,1972281,ransom,
39163,599,958,46,221578,ransom,
51405,1351,16320,1093,284616,ransom,
48745,1205,14579,900,270185,ransom,
92667,1554,21981,1347,685097,ransom,
3002334,2093,80159,10870,30386855,ransom,
5282944,3186,127614,16237,53428830,ransom,
6689558,21130,210501,21207,66822743,ransom,
4491545,31442,225679,14859,43896210,ransom,
3125849,46375,297249,9973,28815530,ransom,
5667254,56645,419479,18060,54234829,ransom,
6068824,43435,458008,27437,58821954,ransom,
367847,3953,54200,3988,1657319,ransom,
906871,3999,224801,6130,4032628,ransom,
3187049,7718,257459,12960,25630721,ransom,
3256281,13549,302387,27597,19614060,ransom,
6257047,5549,162493,20479,62693647,ransom,
7098381,16229,192178,21690,73028467,ransom,
5438362,27921,222728,18087,53747630,ransom,
4252272,46486,322341,13869,40360119,ransom,
3770056,52715,387054,12041,35084767,ransom,
3787714,61927,473398,14080,34687602,ransom,
333594,12235,176299,9031,2172652,ransom,
41989,806,5010,325,238041,ransom,
50416,1379,16961,1050,277028,ransom,
49819,1269,16072,969,275413,ransom,
54144,1489,22109,1328,297899,ransom,
1672316,1815,56098,5891,16743868,ransom,
2565822,1875,69054,8832,25867435,ransom,
3773810,6776,113316,12805,37939960,ransom,
2241231,13390,101675,7048,22018643,ransom,
3056300,28837,187078,9748,29266659,ransom,
1108386,30515,157556,3414,9363521,ransom,
4010748,37889,271023,12704,38464097,ransom,
3616972,46292,325785,11659,33887580,ransom,
2804218,53261,357818,7914,26373161,ransom,
4594138,59024,462695,15407,42567514,ransom,
1607360,26874,311747,14993,14290861,ransom,
1983927,1155,30998,5398,20039014,ransom,
51328,1417,15639,946,283131,ransom,
60248,1530,21451,1179,330833,ransom,
52867,1459,19457,1079,290763,ransom,
3560583,2347,94705,12228,35963969,ransom,
6571729,3784,184771,23509,66583290,ransom,
2509493,7852,101797,8897,24844918,ransom,
7370431,18319,226832,24200,74108775,ransom,
2143031,34889,223238,6682,19501364,ransom,
2783273,36962,247730,8626,26062444,ransom,
2748014,19713,256684,15589,26395482,ransom,
3273754,2105,94135,11395,32954972,ransom,
587018,1381,27993,2723,5734857,ransom,
1238156,1652,42881,4754,12356460,ransom,
405235,1169,21180,1951,3911173,ransom,
2138468,4584,73042,7254,22498667,ransom,
8559217,3906,205851,28102,86775341,ransom,
3714452,3951,87219,11830,37650252,ransom,
3787117,21611,179389,13216,36806428,ransom,
3610793,26328,187076,12022,35163914,ransom,
3772742,42558,305788,12791,35721282,ransom,
7012210,56880,478693,23912,67952342,ransom,
649512,67835,471156,692,2206400,ransom,
748808,58845,530798,8193,3638582,ransom,
88324,1567,24872,1675,488480,ransom,
43363,926,7733,463,244332,ransom,
53618,1443,20011,1117,293707,ransom,
48405,1170,14125,775,269556,ransom,
79958,1174,16999,954,601509,ransom,
4465468,3046,127289,15339,45104750,ransom,
8097952,13976,223005,25990,81552477,ransom,
1292355,26340,143324,4266,11477383,ransom,
5433693,45191,329615,18427,52516360,ransom,
3205633,54483,358548,11586,29945735,ransom,
1545225,58877,381672,4311,11941050,ransom,
2205867,62584,449971,6524,18479022,ransom,
810924,66566,462719,965,3965214,ransom,
550920,47346,447413,10528,2136099,ransom,
45157,954,9680,553,252719,ransom,
43081,836,7550,393,242089,ransom,
48153,1247,13421,743,267163,ransom,
1313489,1326,29375,4045,13206693,ransom,
6465763,2251,112273,18328,65676123,ransom,
8691535,3811,202796,28808,88111280,ransom,
1785414,1657,51864,6613,17925502,ransom,
8318173,8420,204343,28364,84188712,ransom,
495706,13700,79164,1986,4214450,ransom,
6516392,26119,247672,20666,64738503,ransom,
3681741,34310,235926,11836,35371335,ransom,
4597824,47931,326329,14927,43833770,ransom,
3585160,48701,391013,16380,33407019,ransom,
3073327,7859,144126,14039,31640793,ransom,
263153,950,13147,1288,2476800,ransom,
54679,1483,21192,1390,299475,ransom,
47571,1112,12983,811,262941,ransom,
51800,1344,18112,1110,285512,ransom,
2558446,4774,121640,10171,25425154,ransom,
7329849,7787,210913,25611,73969804,ransom,
2607673,18224,139831,8891,25025367,ransom,
6633570,31576,272378,21570,65654100,ransom,
1654902,41105,252323,5620,14271219,ransom,
2069025,49869,347198,6147,17790543,ransom,
3851260,44047,455619,22129,36051166,ransom,
1315420,966,27321,3950,13201231,ransom,
52429,1391,18042,1123,288780,ransom,
51486,1380,17595,1035,283468,ransom,
121453,1503,23316,1328,979072,ransom,
3924311,2340,99329,12662,39657409,ransom,
6453049,7021,163523,20777,65275935,ransom,
4562786,28496,202714,13534,45876403,ransom,
5928049,34676,263956,19587,58326550,ransom,
4268211,46823,310750,13311,40544205,ransom,
4121325,52289,426159,18105,38601857,ransom,
4245687,5214,152416,17007,42629728,ransom,
1972751,1623,44405,6390,19845757,ransom,
44238,878,8537,545,248735,ransom,
49438,1216,15151,996,272625,ransom,
2041776,1938,60890,7365,20603638,ransom,
6608086,4563,196949,23694,66721185,ransom,
4252321,3215,137720,15511,42727980,ransom,
2440984,2019,72628,8292,24653021,ransom,
3093091,2981,110441,11466,30971712,ransom,
273065,1223,20095,1673,2534535,ransom,
1737522,2229,67001,7284,17334456,ransom,
3583554,4263,90145,10818,36205930,ransom,
3392749,14873,130288,11545,33646177,ransom,
6935892,35835,303602,23025,68443265,ransom,
9154707,56142,456515,30183,91164743,ransom,
2187392,65513,450571,6070,18078330,ransom,
1195103,51167,464974,11828,8591042,ransom,
54041,908,21449,1557,291525,ransom,
48933,1294,13231,751,270503,ransom,
54210,1565,20510,1132,297136,ransom,
51687,1351,17855,976,285760,ransom,
725019,1247,30012,3046,7139651,ransom,
6524195,3829,167451,22453,66026391,ransom,
6460990,19342,211199,21037,64581330,ransom,
7891820,34641,300303,26409,78358867,ransom,
1034430,47703,281398,2511,7425213,ransom,
3300114,55432,398027,11427,29779895,ransom,
2299741,61718,408900,6777,19463827,ransom,
1434334,24134,290492,13633,12604274,ransom,
59536,1100,11101,575,333418,ransom,
51536,1418,17728,1004,282332,ransom,
181060,1347,18964,1137,1605802,ransom,
361629,3709,18178,1131,4520451,ransom,
829340,1321,31724,3026,8209840,ransom,
4441109,3070,136183,16179,44872328,ransom,
1805273,1720,59388,6433,17999895,ransom,
5355236,9625,163034,18857,53890649,ransom,
838010,21065,113619,3141,7163762,ransom,
3445567,24931,176553,11600,33570713,ransom,
973126,33547,177085,3037,7721508,ransom,
4069742,39365,280388,13419,39103296,ransom,
2665678,50920,348136,7546,23813423,ransom,
2381387,33450,360975,16383,21778448,ransom,
2709262,3928,94036,9997,27107830,ransom,
48712,1183,12993,934,271504,ransom,
166142,2247,35036,2300,812345,ransom,
78119,1458,20013,1286,543077,ransom,
183787,1508,19238,1153,1613589,ransom,
5641154,4322,155680,19208,57016515,ransom,
8611630,24391,260917,27131,86239574,ransom,
3661233,37461,254019,13303,34948586,ransom,
4536955,53428,367942,14075,44102356,ransom,
2443418,57096,385211,7681,21243497,ransom,
1552476,62645,419897,3958,11789539,ransom,
1241972,41211,394904,15461,9591788,ransom,
867044,4900,173397,4658,3849217,ransom,
1186897,7778,268393,8308,5205792,ransom,
2761272,14207,347592,26979,12611158,ransom,
53536,1401,20547,1271,296232,ransom,
3148761,2668,97639,11473,31730989,ransom,
7527391,6701,203167,27032,76083835,ransom,
3445765,16867,145929,11745,34061489,ransom,
7493568,30840,280634,25490,74470936,ransom,
840153,42379,244394,2781,5810315,ransom,
4854241,47534,351247,15660,46482207,ransom,
3691000,57599,427895,12438,33999228,ransom,
1623531,59188,514000,11093,12598209,ransom,
100173,2244,39713,2812,542045,ransom,
43904,912,8310,514,246186,ransom,
374302,4200,23945,1545,4587955,ransom,
54788,1602,21107,1307,299978,ransom,
46758,1088,11831,674,259885,ransom,
7284809,5912,187077,26179,73777895,ransom,
6592279,10339,225246,24530,66313954,ransom,
3278547,10698,120096,10714,32779058,ransom,
3388493,25760,191624,10912,32847518,ransom,
3819878,31303,219435,13957,36974531,ransom,
5290070,12801,249468,22953,52766411,ransom,
1898144,1895,64597,7753,19012584,ransom,
45261,924,9200,568,253321,ransom,
1219277,1833,49829,5638,12121063,ransom,
3525838,2720,107696,12796,35601505,ransom,
1977843,1936,64700,7387,19820242,ransom,
7523066,10242,171132,23346,76039520,ransom,
5555255,19590,198928,17764,55396285,ransom,
3736354,36390,258017,12219,35788729,ransom,
6161731,46254,356990,19334,59919362,ransom,
6583011,61722,445573,20442,64511757,ransom,
1772236,65778,459934,4362,13830212,ransom,
552960,47740,447427,10528,2137226,ransom,
37277,527,743,0,211410,ransom,
45816,1079,10691,597,256599,ransom,
53853,1600,21151,1155,295171,ransom,
49779,1235,15177,841,275511,ransom,
305956,1137,15216,1412,2927197,ransom,
5514909,3708,162047,20005,55703254,ransom,
7666105,17466,231649,25729,76996642,ransom,
2856587,30046,190200,9523,27193886,ransom,
5607561,44530,318150,17626,54376644,ransom,
5037478,54646,389616,16386,47923069,ransom,
3176297,58318,469447,15165,28574926,ransom,
326952,5368,96289,6489,2581367,ransom,
57511,1521,21370,1281,339448,ransom,
525418,3634,51836,3155,4860865,ransom,
6167857,3680,172660,21361,62384732,ransom,
8920431,7200,213806,29158,91253981,ransom,
2910465,22584,177462,12970,27664653,ransom,
5402385,59743,320036,24901,48103039,ransom,
1429198,32191,205860,4975,12467059,ransom,
9228687,46808,435892,31159,91277319,ransom,
3075580,35297,399891,20181,28601801,ransom,
54823,1613,21035,1365,300625,ransom,
234496,1447,23358,1678,2138233,ransom,
2057426,1865,59348,7366,20693099,ransom,
7374078,4367,213656,27670,74587803,ransom,
6450415,7402,191236,22917,65035592,ransom,
1879940,11626,95096,6826,18431927,ransom,
4399115,26273,205761,15036,43130839,ransom,
3190177,32808,219899,10552,30449896,ransom,
10215246,17395,400162,42028,102532248,ransom,
658726,1632,33590,3557,6429670,ransom,
52272,1354,18781,1217,287158,ransom,
52974,1319,18421,1284,292809,ransom,
4902968,5750,148475,16852,50489849,ransom,
6443383,3579,181048,23410,65193108,ransom,
3557838,2524,111873,13322,35823683,ransom,
4074800,2497,115100,14284,41219204,ransom,
2058169,2107,74643,7755,20529630,ransom,
502854,965,17690,2043,4911174,ransom,
2293106,5430,81764,7659,22920992,ransom,
5618748,12844,169269,19690,56491004,ransom,
3348536,28447,214130,11767,32334945,ransom,
10117682,47395,444095,33006,100387133,ransom,
3059787,30856,360300,21107,28692127,ransom,
53200,1446,20065,1308,292792,ransom,
173939,1710,29353,1709,1485834,ransom,
1178675,1428,40409,4709,11813550,ransom,
8315875,6775,245050,28726,83997057,ransom,
7196279,21157,225576,23022,72056686,ransom,
3923971,30547,224918,13843,38054336,ransom,
2443781,42763,275669,8605,22102844,ransom,
7351213,62725,488952,23804,72238064,ransom,
345139,24349,287374,11473,1470688,ransom,
32871,1113,17329,1013,177049,ransom,
2785561,2435,92410,10302,28002838,ransom,
3280896,2201,93925,11990,33131792,ransom,
5984224,8831,145676,18727,60463939,ransom,
8167203,27703,275694,26475,81501375,ransom,
2925563,41497,255120,9051,27192950,ransom,
8970593,54382,494560,33392,88000069,ransom,
878380,10294,172869,11110,7829745,ransom,
54007,1535,19137,1181,296603,ransom,
49541,1206,15355,829,273137,ransom,
5049424,3941,155528,18295,50978474,ransom,
8382777,18205,255251,28602,84284647,ransom,
3186617,36936,254845,10436,30078034,ransom,
2810592,43803,316246,11071,25790959,ransom,
4828963,8952,239704,21906,48191631,ransom,
726581,1824,40578,3534,7059171,ransom,
363816,3768,20473,1262,4532288,ransom,
51085,1179,16054,986,282745,ransom,
5175226,3511,159099,18478,52242569,ransom,
8386152,9112,216048,26744,84782573,ransom,
3472226,31832,236184,12249,33232378,ransom,
3274179,33325,236886,11259,31264420,ransom,
7624776,49538,455034,28570,74087381,ransom,
2400811,10512,201816,16328,23298864,ransom,
60216,1751,20662,1419,340322,ransom,
54300,1435,20105,1356,298552,ransom,
2712330,1349,49635,8061,27446509,ransom,
8430862,2651,154617,25567,85681289,ransom,
11495414,4336,182962,33886,116937123,ransom,
5831540,10696,121339,16692,58912599,ransom,
8946715,20301,203162,25297,90012868,ransom,
5491862,65640,146749,5595,51825353,ransom,
22396505,49874,472469,66401,223992262,ransom,
9977539,6167,220036,32664,101166092,ransom,
11284019,4224,185247,34197,114316938,ransom,
161580,2246,20719,1423,2942375,ransom,
3422975,1979,76790,10684,34622984,ransom,
49960,1240,15996,1117,277190,ransom,
4742926,4953,131161,15836,47899169,ransom,
9164787,22428,271218,29852,92126552,ransom,
2708593,39731,248577,9014,25028529,ransom,
7563131,54298,443381,26467,73710039,ransom,
1874623,14730,232155,16558,17702451,ransom,
187086,1783,36302,2296,1268775,ransom,
52634,1407,17794,1084,288238,ransom,
1877408,1676,59630,7050,18851985,ransom,
8291138,5968,230739,27599,83881370,ransom,
5189168,23276,203870,16939,51328976,ransom,
5496945,30021,234010,19545,54193634,ransom,
3113636,22105,280155,16973,29926332,ransom,
2916354,2797,103571,11136,29278017,ransom,
1804697,2078,69892,7451,18058131,ransom,
1023667,1562,37816,4065,10148633,ransom,
1932312,4080,61926,6367,20498352,ransom,
2898258,6456,98732,10163,29002712,ransom,
7835302,26385,257273,26151,78257354,ransom,
7663183,40789,333715,25613,75641465,ransom,
6410981,49847,508842,28484,61946755,ransom,
2598997,2430,71387,9578,26176750,ransom,
53774,1396,19396,1268,296811,ransom,
99638,1413,19777,1213,763484,ransom,
6710365,3899,188513,22703,67907735,ransom,
8190288,18417,255180,28305,82283926,ransom,
3888386,37049,252896,11995,37246842,ransom,
3603737,45416,299206,12454,33849866,ransom,
6364116,44595,565383,35521,58511960,ransom,
1356549,6889,277022,8347,7551966,ransom,
1452109,7657,235046,8820,8094067,ransom,
2806190,11964,237532,24217,17009764,ransom,
7209360,5216,197850,24801,72917802,ransom,
8703535,18638,234673,26826,87541728,ransom,
1885543,33934,182686,5015,18319057,ransom,
5951785,45782,342298,21070,57785812,ransom,
6003108,45131,488820,30477,57992391,ransom,
2956486,1665,53190,9052,29921392,ransom,
52994,1365,18991,1300,292000,ransom,
275660,1583,31138,1994,2513808,ransom,
3859146,3721,149346,14066,38722415,ransom,
7471466,8344,185706,23067,75688405,ransom,
2538794,25304,154625,8351,24092151,ransom,
2579537,32203,215600,9906,24157810,ransom,
3678496,39877,270450,11778,34930459,ransom,
7372658,59445,504248,26867,70839402,ransom,
4035405,67062,479302,11106,36914449,ransom,
1169889,16790,120602,3533,10858279,ransom,
402579,21666,115487,10318,1997113,ransom,
738913,5017,207549,31787,3692976,ransom,
873434,7756,232711,37835,4251027,ransom,
684237,28281,139965,14414,3283590,ransom,
0,0,0,0,0,ransom,
2590692,30971,188301,8430,24434463,ransom,
3244975,40425,248340,9377,31756375,ransom,
6314494,52084,422234,21490,61224454,ransom,
3483648,61230,476858,12523,31575827,ransom,
1523823,11069,187841,12342,14381629,ransom,
22709,462,4046,293,127081,ransom,
33521,1162,17780,1254,181263,ransom,
48792,1260,14821,948,271273,ransom,
183220,1586,26398,1712,1594214,ransom,
1209996,1522,43307,4685,12053572,ransom,
3837946,2766,112045,13265,38717395,ransom,
3734100,6463,129498,12315,37454398,ransom,
4039963,14624,147293,13551,40154558,ransom,
1195781,27076,159387,4190,10371022,ransom,
1697160,28480,173476,5421,15454002,ransom,
3278392,37542,253136,10051,31012455,ransom,
5514298,49411,381672,18634,53234631,ransom,
2944855,64390,486562,9423,25801614,ransom,
539214,47318,441054,10974,2081497,ransom,
158146,2301,21835,1304,1072925,ransom,
261954,3088,19410,1226,3765713,ransom,
48697,1171,14321,743,269012,ransom,
7594349,5530,238201,26877,76576078,ransom,
7785179,5143,218138,27662,78784893,ransom,
2220697,15373,126055,7631,21530049,ransom,
1490368,16284,111067,5763,14145292,ransom,
1131342,22831,147822,4053,10028007,ransom,
5834152,31353,285522,19287,57568496,ransom,
7664209,53578,469881,25708,74768992,ransom,
1599631,23328,296863,16300,14319459,ransom,
42765,892,7731,537,239851,ransom,
58895,1502,20468,1075,323668,ransom,
376174,2350,43125,2907,2979796,ransom,
2963652,3635,116734,11850,29763519,ransom,
6136812,4856,199268,22487,61821435,ransom,
7419647,4559,217277,26638,75141709,ransom,
2134348,2165,75575,7559,21241356,ransom,
50584,1364,18359,1115,278533,ransom,
1774588,4289,64469,6320,18816649,ransom,
1785969,2061,67627,6661,17871912,ransom,
3497392,8367,119748,11869,35016656,ransom,
6651323,21940,215632,21617,66512457,ransom,
5632181,34091,258001,18510,55310230,ransom,
6410279,52945,388506,21069,61985708,ransom,
4871762,41973,447257,26084,46645611,ransom,
43501,983,9092,740,244374,ransom,
40813,805,6892,506,229212,ransom,
61318,1857,30864,1947,333846,ransom,
4115385,3052,109181,15942,41671364,ransom,
6606914,4167,187340,24859,66778456,ransom,
8250997,11610,225001,27607,83268547,ransom,
1910566,21653,126786,7310,18139976,ransom,
4880193,36307,309606,18820,47311875,ransom,
6327744,7858,252635,25982,63534502,ransom,
780929,4704,91996,6078,5396021,ransom,
3797560,5458,331735,17985,32829723,ransom,
1979327,12269,301260,10979,13539221,ransom,
9320568,63128,1248636,139664,50874930,ransom,
493809,1827,42276,2678,4806074,ransom,
2863382,8246,113632,9030,28521082,ransom,
1915525,20512,134904,5816,18163746,ransom,
3960357,36834,256758,14692,38025280,ransom,
882185,47332,264004,2471,5893383,ransom,
6657547,52653,502115,29176,64313704,ransom,
1396319,3401,82079,7648,13819170,ransom,
41156,821,7343,516,232455,ransom,
62362,1955,33853,1792,336262,ransom,
43670,873,10200,474,245820,ransom,
7316511,3797,186654,25889,74082860,ransom,
4112185,2289,105112,14590,41682971,ransom,
5206118,8434,164956,18548,52279306,ransom,
5527178,13850,166785,18676,55534534,ransom,
1423323,25903,165317,5068,12447656,ransom,
2301030,26821,170858,7121,21726807,ransom,
7834429,43862,350233,25838,78405904,ransom,
8574597,58376,564155,34185,83581576,ransom,
1216200,4077,90565,7667,11898360,ransom,
55804,1650,23307,1432,304279,ransom,
47527,1027,13307,774,264413,ransom,
824523,1500,30208,3192,8237138,ransom,
8913825,8496,247816,31788,90061795,ransom,
8870004,22401,265813,28430,89126683,ransom,
2805885,42635,269459,9525,25821952,ransom,
4837740,48719,333247,16116,46308898,ransom,
4999001,39694,446404,27198,48043120,ransom,
41572,880,6608,541,234827,ransom,
41880,912,7633,569,235058,ransom,
60344,1920,30946,1890,327217,ransom,
1182887,2178,57777,4792,11739792,ransom,
11018686,7866,291901,39436,111506744,ransom,
1323406,8384,73581,5476,12905756,ransom,
8092860,25147,261667,25794,80928724,ransom,
4133099,24425,278579,18896,40893331,ransom,
3987210,3149,121410,14420,40150592,ransom,
851311,1282,30038,3598,8446101,ransom,
3705047,2560,107976,13230,37344786,ransom,
416511,885,14082,1823,4076248,ransom,
561624,1628,35725,3331,5412646,ransom,
3438108,2623,102299,12210,34676745,ransom,
4762473,2763,121246,16662,48275300,ransom,
4501910,8503,120001,14497,45241190,ransom,
4735492,13288,142923,16523,47527274,ransom,
4755604,29175,238458,15836,46618767,ransom,
7617941,45256,384025,25826,74867949,ransom,
5609278,40780,469021,28682,54247648,ransom,
45775,1116,11330,860,254404,ransom,
46277,1156,13152,925,256886,ransom,
51170,1428,20115,1254,282662,ransom,
3292094,3098,108065,12522,33178425,ransom,
7129538,6941,208626,26234,72001270,ransom,
6976184,22761,228349,23758,70950507,ransom,
5011639,24774,317025,22418,49154593,ransom,
2020497,1774,63033,7023,20249780,ransom,
4265253,2858,127143,15705,43111835,ransom,
612429,1183,28279,2621,5918639,ransom,
57452,1367,19509,1089,315914,ransom,
58435,1744,29251,1609,319557,ransom,
8867005,4546,233076,31972,89888159,ransom,
8633828,8181,225859,28962,87261708,ransom,
3414320,17815,144204,11412,33715345,ransom,
4604619,32370,236603,15395,44845308,ransom,
5750134,38838,292251,19390,56235040,ransom,
7871059,57746,487672,27744,76671196,ransom,
1095596,12282,200014,12978,9896594,ransom,
47650,1133,12835,795,263951,ransom,
40816,736,4452,236,231859,ransom,
1418750,1552,43965,5258,14253944,ransom,
7814504,5213,208276,27265,79177462,ransom,
4159791,16306,133361,12887,42531074,ransom,
8812522,32521,369243,33520,87603243,ransom,
7805407,5142,210413,26569,78956273,ransom,
141243,1705,26695,1832,1122336,ransom,
3358513,2445,104448,12169,33836458,ransom,
2238931,1919,67234,8898,22541586,ransom,
3240843,3296,105852,12893,32656017,ransom,
8799530,17840,245110,28411,88584188,ransom,
1621827,30052,177254,5206,14555187,ransom,
8008450,32724,374059,31261,79388436,ransom,
4836165,3924,184576,19840,48641435,ransom,
52425,1418,19223,1172,288029,ransom,
50771,1285,18134,1102,279769,ransom,
244522,1465,27535,1657,2216129,ransom,
6511486,10133,194398,21262,65626507,ransom,
6202738,29644,252777,20712,61343281,ransom,
1738567,42325,259383,5316,15029630,ransom,
8882986,55219,448886,28604,87196721,ransom,
5072845,19079,297670,26209,49658022,ransom,
168778,2300,19787,1249,2999917,ransom,
53939,1492,19995,1147,297152,ransom,
2686039,3629,81818,9090,26929249,ransom,
7258199,3982,200023,23781,73397493,ransom,
5392229,8091,162390,17414,54279152,ransom,
5586824,17248,202263,19109,55030386,ransom,
3510455,31536,209276,11086,33705953,ransom,
2748775,33337,220709,8509,25909696,ransom,
5892618,47028,370214,20467,57143452,ransom,
6097813,24201,350689,27900,60235718,ransom,
4327648,1576,65884,12241,43916906,ransom,
45774,1064,11473,833,257012,ransom,
57423,1751,26968,1707,312503,ransom,
971452,1081,27132,3659,9684044,ransom,
2616643,1849,66680,9050,26412763,ransom,
3108205,2534,94341,11266,31327237,ransom,
3793308,8212,115940,12691,38175179,ransom,
2609080,21238,144211,7653,25209044,ransom,
2888060,27942,159505,8803,28899831,ransom,
3046026,35568,231248,9618,28757227,ransom,
3660933,43919,296659,12039,34554477,ransom,
4491099,55975,415892,15144,42273128,ransom,
2523360,30465,347098,18586,23367432,ransom,
69105,1166,14322,1081,482770,ransom,
42114,918,8475,608,235424,ransom,
39999,689,3747,285,226844,ransom,
769428,1458,30050,3690,7685664,ransom,
2869812,2714,92727,11320,28809295,ransom,
8015915,9730,220086,28851,80996805,ransom,
9069639,35369,350851,31543,90281988,ransom,
8827083,52984,532105,36731,86453400,ransom,
104912,4529,85294,5159,529588,ransom,
50640,1312,16318,890,280785,ransom,
129487,1444,22119,1325,1066705,ransom,
6085776,3332,155203,19595,61647454,ransom,
11016660,16033,264320,35160,111308473,ransom,
1569527,30934,193564,6904,15142294,ransom,
6460155,6404,234321,25890,64998644,ransom,
51122,1230,16031,983,282986,ransom,
5970727,3422,167564,20604,60385978,ransom,
177887,1199,17713,1338,1598595,ransom,
2311850,2905,84732,9107,23243237,ransom,
9287617,12629,216339,28763,93941062,ransom,
2593809,15058,189108,12446,25198194,ransom,
6344339,3918,189123,22926,64085339,ransom,
1650224,1549,53587,6156,16569512,ransom,
3696587,2657,119125,13188,37222672,ransom,
48030,1185,13929,1024,265037,ransom,
1042093,1807,47742,4760,10298686,ransom,
5432597,3022,142644,19508,55022389,ransom,
2977413,2293,91839,11416,29995689,ransom,
9021074,14300,241090,29230,90973594,ransom,
1430511,20505,127856,4688,13255949,ransom,
4503500,34087,283839,15987,43682160,ransom,
9494918,9380,273030,34215,97013317,ransom,
586450,1609,34901,3472,5659590,ransom,
2106010,1841,60567,7059,21204134,ransom,
1317763,1892,55727,5157,13089339,ransom,
47271,1019,11500,677,265868,ransom,
2730250,6171,106008,9524,27121868,ransom,
7731146,24388,291321,26415,76062022,ransom,
6952610,44195,496516,29209,63542261,ransom,
6079198,64944,730887,29096,51933453,ransom,
4529389,42954,707008,34987,32198829,ransom,
2466539,16443,245270,25121,11429164,ransom,
217486,4328,54837,2136,1027353,ransom,
5576244,7661,200532,20684,55263751,ransom,
6526206,5284,197428,23171,65600595,ransom,
3570126,15033,156521,15525,35236312,ransom,
5247331,18346,184351,16528,52409984,ransom,
2182209,31752,219843,7870,20139823,ransom,
5473706,36894,306410,18398,53611577,ransom,
7755651,61283,518168,28449,76368112,ransom,
342844,10193,161840,9135,2386831,ransom,
52451,1410,19663,1282,289662,ransom,
198971,1564,24027,1635,1759570,ransom,
5006697,3389,152458,18410,50591878,ransom,
7753207,8295,226186,27500,78282320,ransom,
2834878,22229,159246,9761,27445902,ransom,
3693423,28718,206512,12093,35790475,ransom,
3566112,41733,297158,13513,33258861,ransom,
6964062,54213,453932,24715,67578800,ransom,
934260,16796,239123,12660,7949958,ransom,
51206,1361,17905,1027,281854,ransom,
277969,1607,26237,1910,2543387,ransom,
3870536,3287,127976,14266,38703531,ransom,
6078753,5545,171581,20256,61400055,ransom,
6687654,25433,238185,22243,66567170,ransom,
324369,32832,149210,955,1125739,ransom,
4515810,33755,318828,20401,43674331,ransom,
6280109,6068,170220,21716,64612959,ransom,
873435,1771,43971,4225,8560116,ransom,
722033,1709,38186,3336,7074398,ransom,
109278,1199,18238,1149,858769,ransom,
3974935,4398,134636,14075,39988790,ransom,
5973550,19522,212637,18601,59662097,ransom,
2549534,40336,270941,9737,23283296,ransom,
3333962,8380,203537,15339,33033540,ransom,
435417,1308,26674,2289,4130248,ransom,
1768707,2054,70248,6812,17676026,ransom,
38804,597,2280,114,219500,ransom,
492922,1438,31002,2253,4765852,ransom,
2112379,3267,94973,9924,21184223,ransom,
8788870,14263,227942,29899,88688087,ransom,
11212817,44325,426065,39967,111750464,ransom,
3102758,32154,370990,21210,29033493,ransom,
48844,1203,13765,953,270686,ransom,
118676,1557,23743,1564,937517,ransom,
1144796,3877,38414,3728,12490666,ransom,
10489481,4101,211000,33502,106541967,ransom,
6347509,14637,169183,18285,63758515,ransom,
7283700,27237,243597,23367,72672466,ransom,
4249642,44613,320008,13786,40427577,ransom,
5581555,49393,386435,16969,53787218,ransom,
6816859,49051,532950,33241,65940131,ransom,
52767,1464,18477,1213,290086,ransom,
53120,1433,17924,1163,292707,ransom,
49772,1213,16181,1038,275447,ransom,
2997309,1946,82333,10453,30232794,ransom,
3280282,2110,89709,10661,33161477,ransom,
3393744,2391,96497,11844,34155257,ransom,
4843737,4224,140467,16916,48905542,ransom,
647383,11850,91629,3273,5721582,ransom,
979638,10002,74946,3472,9333394,ransom,
1474234,15346,102860,4658,14027257,ransom,
2950312,17699,146331,9551,28403308,ransom,
2048718,29917,157251,5117,19183911,ransom,
4236363,31494,214773,12698,42184651,ransom,
1338800,41807,250716,4014,10888371,ransom,
6289345,50811,396706,21924,60978572,ransom,
1072676,52409,439644,9085,7307086,ransom,
3577702,3649,127395,14460,35948881,ransom,
55807,1629,23265,1554,306056,ransom,
206955,1394,22585,1469,1869794,ransom,
1361772,1640,48033,4946,13643594,ransom,
10604868,9139,277370,35727,107364852,ransom,
6109418,31497,269640,20040,60291608,ransom,
2745994,39262,250543,9501,25469416,ransom,
6221653,52088,424431,21842,60261166,ransom,
2273986,15264,245695,17520,21681673,ransom,
54222,1590,20244,1328,299872,ransom,
52834,1484,19844,1219,287235,ransom,
2863798,2017,78719,9598,28909879,ransom,
6594696,3521,174942,23233,66697731,ransom,
5020468,8340,138282,16538,50561734,ransom,
7940174,26397,261764,25386,80539466,ransom,
1085900,37974,217957,3923,8571467,ransom,
3126923,38248,255949,10213,29473223,ransom,
8193404,52501,514476,33836,80017752,ransom,
140497,5522,98171,5953,795340,ransom,
44896,1019,10018,796,250529,ransom,
41941,873,8253,552,236774,ransom,
3250715,35576,415289,22491,22652526,ransom,
6311550,23408,326237,25094,59839351,ransom,
5944724,30738,370172,26762,53840345,ransom,
9307171,43085,412377,33692,91012713,ransom,
5380079,49011,436808,21965,51437789,ransom,
5037574,12336,257244,21165,49078865,ransom,
2826670,2994,100584,8365,27401719,ransom,
223341,2930,53488,1732,989042,ransom,
1944042,2976,96056,7114,18653808,ransom,
8108663,5311,247602,28450,81761715,ransom,
7636359,22018,304019,29725,74862931,ransom,
688595,21376,132447,4423,6028400,ransom,
3955717,27606,258579,13900,36879461,ransom,
3827236,55575,522527,21707,29781988,ransom,
6854149,24588,410230,34345,67394203,ransom,
2316467,11372,211323,25700,21724460,ransom,
62132,1677,22450,1279,339580,ransom,
217581,1431,23320,1567,1962701,ransom,
3157622,2379,91763,11005,31965684,ransom,
9417821,19484,274365,31885,94707824,ransom,
4999159,59386,353889,22036,47466508,ransom,
4866770,52325,440394,21779,46116127,ransom,
1451005,7234,140329,11958,14038865,ransom,
49993,1249,15678,1010,276521,ransom,
129786,1566,23715,1502,1053883,ransom,
6008330,3520,168825,19978,60760652,ransom,
8714939,9399,210330,26979,88211951,ransom,
4468975,28316,200330,13534,43712357,ransom,
642704,31628,160250,2812,4467497,ransom,
4639121,28994,302535,20794,46411695,ransom,
9828833,6918,262837,32601,99435145,ransom,
304407,1353,22045,1912,2825560,ransom,
61127,1513,22661,1479,335341,ransom,
367007,2266,41669,2476,2830024,ransom,
2469067,3304,78114,8747,24791330,ransom,
7134158,21302,236478,22297,71406550,ransom,
4410395,40400,292258,13350,42294020,ransom,
3135846,48625,339183,10409,28890360,ransom,
6297800,32443,421917,28903,61791997,ransom,
149662,1694,24321,1686,1242842,ransom,
434283,1346,22140,2216,4188597,ransom,
71918,1107,13212,864,540860,ransom,
3042352,1717,74247,10521,30716516,ransom,
6165684,3684,163066,21706,62462458,ransom,
1419843,11190,89001,5405,13678693,ransom,
5453898,23549,210551,17835,54123278,ransom,
589424,28042,205218,5804,4025359,ransom,
5960858,5814,160568,20740,61343022,ransom,
1431292,1403,42624,5043,14354161,ransom,
5219595,2761,138528,17758,52778602,ransom,
125832,1503,25019,1408,1019726,ransom,
2074213,1877,69566,7151,20820823,ransom,
696182,1436,29200,2977,6937596,ransom,
5632608,13844,182836,19000,56474714,ransom,
8035727,32306,314469,27068,79939600,ransom,
5754976,53698,425745,21477,55340364,ransom,
2253359,15457,246849,17142,21393773,ransom,
55012,1494,21133,1317,303213,ransom,
112046,1269,19308,1107,899445,ransom,
2703065,2256,87983,9922,27229418,ransom,
8944696,6648,207693,29968,90701511,ransom,
4634306,24865,206189,14252,45604483,ransom,
8861552,40964,382226,32909,85911393,ransom,
4126029,52133,549994,17901,34580014,ransom,
6270867,44793,664797,36177,55364573,ransom,
3937665,45603,571002,33581,20979699,ransom,
134117,5140,47909,3646,758317,ransom,
47430,1099,11846,737,262706,ransom,
1684444,5808,45233,5645,16933068,ransom,
2803274,8451,76216,10418,28042478,ransom,
2702910,23605,88978,11254,26407681,ransom,
2695463,1998,81060,9630,27129956,ransom,
793791,3440,34936,2938,7852223,ransom,
3340743,7169,92908,10636,33612258,ransom,
2147186,16244,108691,6704,20843264,ransom,
3845419,19442,147866,12642,38002098,ransom,
2310236,29766,172754,7466,21615162,ransom,
4574950,36806,264621,15037,44346058,ransom,
3589646,46712,328538,11025,33671441,ransom,
4985357,56189,434068,16885,47305183,ransom,
3656802,21724,316278,21433,35496331,ransom,
42140,932,7693,692,236415,ransom,
39909,817,6698,544,226511,ransom,
373963,4415,35725,2406,4582261,ransom,
482994,1559,29309,2437,4686260,ransom,
11154477,2855,185371,34015,113546397,ransom,
12881711,4953,197057,38340,131145696,ransom,
11394623,17793,231035,32644,115195234,ransom,
3565618,22036,142490,10919,35059897,ransom,
10615456,24382,316838,36283,106596687,ransom,
13431369,4856,223390,38831,136636467,ransom,
5008230,2427,101508,15547,50635704,ransom,
11484581,2317,179295,33544,116964273,ransom,
6330379,3145,134770,20507,63271061,ransom,
53417,1734,19831,1237,301961,ransom,
2228529,2495,84171,8053,22330299,ransom,
3866939,2895,129439,14437,38975212,ransom,
3857838,3163,137559,13395,38567810,ransom,
5417055,3790,183727,20303,54531535,ransom,
118334,1291,19762,1254,957356,ransom,
4355156,3418,160627,16436,43808633,ransom,
361029,3531,19383,1207,4516309,ransom,
2614367,2400,100745,10176,26209248,ransom,
2160739,2120,84095,7940,21679583,ransom,
2743210,2422,101652,10476,27500751,ransom,
7044422,9179,188621,22943,71188178,ransom,
1755732,23480,145838,6168,16316911,ransom,
5852479,30762,248720,19501,57747306,ransom,
5743024,15151,296072,25944,57212961,ransom,
2877496,2558,99244,10901,28811705,ransom,
53002,1439,20058,1154,291198,ransom,
1369900,7396,112445,9492,12576789,ransom,
44307,920,8405,493,246707,ransom,
7195406,7044,244339,29675,71857652,ransom,
6428129,3781,188053,22997,64880686,ransom,
3990205,7338,184325,20801,39146884,ransom,
3871586,5422,175474,19639,37916319,ransom,
283729,1499,30922,1973,2379803,ransom,
3318866,4942,161387,17307,32406806,ransom,
122785,1748,15713,995,838313,ransom,
3687814,5743,146324,17201,37521731,ransom,
8339292,8173,269930,32337,83416986,ransom,
3938021,12107,122230,12284,39410246,ransom,
6981111,31498,314768,28214,68279190,ransom,
1300966,36780,221715,4049,10917033,ransom,
10144053,55578,541593,42704,99092805,ransom,
2203723,28891,370730,23512,19394928,ransom,
55813,1570,22401,1561,306211,ransom,
239832,3991,71789,6489,1169720,ransom,
2740015,2661,97792,10573,27549095,ransom,
6700293,7968,240530,27810,66669293,ransom,
5669061,22282,262177,23692,55505579,ransom,
4472792,27119,216351,15091,43912108,ransom,
4288952,45276,355826,19762,39947719,ransom,
10885669,52861,566902,46141,107423519,ransom,
273401,6487,120855,9983,1327395,ransom,
393667,4135,83482,7683,2719432,ransom,
71838,1872,29183,1761,392962,ransom,
2310621,9059,121439,12909,23315442,ransom,
12323568,15853,339635,43320,124484574,ransom,
9051665,32113,373458,36833,89609766,ransom,
2164878,49507,363246,13227,17937378,ransom,
6958536,55128,495404,26746,67453244,ransom,
732677,14456,214045,15244,5413181,ransom,
137031,2621,25391,2993,1115727,ransom,
287914,4745,80160,6835,1651161,ransom,
2152112,5047,133458,13164,20547078,ransom,
4126601,3018,123746,14551,41583059,ransom,
4374175,6325,192735,21202,43073761,ransom,
3921356,2386,111227,13852,39589359,ransom,
2950796,7736,182042,17065,28382840,ransom,
1566180,5015,105410,11355,14723436,ransom,
1803812,1694,54376,6366,18043101,ransom,
1068518,7376,99710,9553,9367234,ransom,
2101637,4400,91748,11175,20851879,ransom,
5712305,7086,227234,25011,56606695,ransom,
5650076,9265,229422,25110,57073026,ransom,
4356429,2958,143535,15947,43840895,ransom,
2109787,4623,122125,12862,20253692,ransom,
1400138,2054,66168,5614,13798661,ransom,
1782609,4935,124960,11904,16805696,ransom,
2390575,8753,144220,14600,22980294,ransom,
5463677,6412,144661,17138,55190888,ransom,
4370307,27852,246486,24392,42143015,ransom,
4593269,35050,266034,15102,44563078,ransom,
6398557,52357,414137,27122,61418497,ransom,
5600392,62211,593288,31409,52213209,ransom,
877098,5241,101365,7601,8386643,ransom,
243814,7522,85169,7345,1190287,ransom,
49305,1174,14526,843,273168,ransom,
7203415,7466,249345,29162,71898193,ransom,
8256187,16757,271235,31707,82275975,ransom,
2776507,25076,163079,8994,26772303,ransom,
6314941,49689,496598,39412,59903936,ransom,
4805097,7744,184768,17975,49383223,ransom,
241793,5441,81405,7249,1180161,ransom,
1029936,4541,101186,9671,9141949,ransom,
1029814,2023,47902,4725,10148421,ransom,
5518092,8173,224376,24953,54693325,ransom,
9459753,23865,287886,32591,94966487,ransom,
943249,38977,251496,8084,6194675,ransom,
6666058,41840,416802,31998,64547969,ransom,
5065600,4762,195389,20159,50947503,ransom,
325781,8500,92732,9374,2003957,ransom,
53981,1503,20167,1182,299039,ransom,
615444,4470,77116,7530,5073924,ransom,
9147341,9709,310036,36843,91505433,ransom,
8765117,24480,282572,28337,87837191,ransom,
695227,38598,264933,8848,3701123,ransom,
4174960,8825,214154,19500,41575754,ransom,
803562,4605,88753,8551,6952695,ransom,
5855200,7080,246547,26124,57991933,ransom,
428122,3822,22691,1429,5179151,ransom,
5224453,6531,189554,26590,51736979,ransom,
3462049,2614,89284,12328,35055260,ransom,
5027504,18190,221057,21844,49167827,ransom,
7116787,33555,328625,29081,69887179,ransom,
6597979,19846,350163,28434,65439175,ransom,
2199802,6215,140964,13993,20956240,ransom,
812663,1782,40308,3863,8013495,ransom,
937421,4158,83395,7310,8326177,ransom,
2937006,4765,131268,14164,28716760,ransom,
5573813,12284,170300,17770,55972414,ransom,
7401747,39007,380252,32329,72128905,ransom,
5859857,15084,306540,25967,58311597,ransom,
844921,4678,91659,7958,7333392,ransom,
1961285,4305,116956,10659,18693648,ransom,
197955,1396,22413,1623,1767596,ransom,
3752666,5028,163573,16878,36897849,ransom,
6810999,4436,207924,24182,68874361,ransom,
3639075,6798,143952,15064,36773109,ransom,
4206228,7184,195655,18778,41317689,ransom,
1264841,1581,49233,5253,12558786,ransom,
1266768,5576,103153,12727,10987649,ransom,
1240058,1758,50770,4635,12303326,ransom,
3126018,2284,94880,10469,31525308,ransom,
6660905,6649,257497,24455,63625982,ransom,
7637300,16522,402094,26081,71656644,ransom,
7745269,27671,442356,29436,70591217,ransom,
4685792,44083,437052,31576,35008672,ransom,
3978326,44235,339327,13999,37741182,ransom,
3194262,38846,391843,17884,29787834,ransom,
2445278,2163,76208,8850,24558497,ransom,
1341026,1748,51567,5542,13372738,ransom,
49722,1259,15872,1107,274057,ransom,
995358,1616,44592,4515,9857610,ransom,
1541842,1549,44060,5620,15485435,ransom,
6159992,3911,182255,22320,62187624,ransom,
3605559,5032,80014,11248,37686973,ransom,
4006754,19951,161931,12970,39494939,ransom,
2772655,23590,146540,9688,26772074,ransom,
7104624,31668,331708,26974,70295080,ransom,
6729951,4758,205392,25411,67973634,ransom,
1128090,1435,41170,4486,11180131,ransom,
1377198,1332,41845,4833,13783246,ransom,
45070,976,9421,676,251292,ransom,
367873,1177,21692,1853,3498297,ransom,
333737,1946,29677,1887,3074442,ransom,
1906893,1699,58377,7328,19147181,ransom,
2147749,1828,61661,7826,21631747,ransom,
4840041,9228,119204,14648,44963910,ransom,
1641486,8757,65704,5891,16206211,ransom,
3574773,20548,163549,11753,35103041,ransom,
2242602,17097,192136,11566,21538198,ransom,
3156125,2171,89444,10867,31806368,ransom,
6019303,2647,143618,19764,61012046,ransom,
1334042,3030,55360,5307,12788955,ransom,
2959148,3728,84994,9593,31276128,ransom,
424218,3617,35365,2410,4052621,ransom,
2818950,8573,102735,9109,28183720,ransom,
3202638,21808,166093,10850,31238851,ransom,
3915112,40653,303914,13173,37229599,ransom,
5008431,55056,465359,20757,47524767,ransom,
553549,7529,137401,8367,4351096,ransom,
528015,1136,20555,2071,5158432,ransom,
52851,1478,20693,1193,291216,ransom,
47307,1084,12299,667,262012,ransom,
60699,1540,22656,1199,332383,ransom,
5418903,2603,127955,18182,54876983,ransom,
8241401,5454,223149,28925,83433588,ransom,
1848060,11786,104478,7133,17995032,ransom,
6112958,25522,236555,19019,60695865,ransom,
908866,34322,186021,2809,7035989,ransom,
4222034,40342,306170,14105,40501663,ransom,
3202328,42867,392738,17710,29631476,ransom,
4006222,5173,129491,14211,41435648,ransom,
831855,1148,28251,3312,8248523,ransom,
54518,1491,21913,1279,300312,ransom,
46732,1034,11822,658,258931,ransom,
170282,1310,23729,1391,1494963,ransom,
3922098,3482,134644,14341,39449828,ransom,
6552784,6453,228317,24579,65962559,ransom,
1591025,1817,54284,6245,15909261,ransom,
5199858,4386,180804,19278,51807638,ransom,
51679,1242,17302,1067,284563,ransom,
4871035,4398,115201,15979,49294637,ransom,
1032789,9735,64769,3726,9892301,ransom,
4045963,19344,163865,13945,39986873,ransom,
6440391,35138,305907,21415,63401600,ransom,
3902860,53507,402844,13212,36402477,ransom,
4369552,64960,488267,14055,40431678,ransom,
782685,63929,519176,5692,3727298,ransom,
135890,5363,89605,4763,692100,ransom,
358692,3503,15947,1157,4503415,ransom,
30998,1069,16689,1109,167518,ransom,
35156,1285,22067,1372,187542,ransom,
2702547,2253,74866,9420,27306839,ransom,
4114728,4594,125718,14424,41560585,ransom,
5411666,11025,153949,17040,54355369,ransom,
8942363,25744,271600,29641,89598985,ransom,
1792096,40586,229193,5545,15638282,ransom,
4825276,48574,351049,15613,46107583,ransom,
2755507,37683,387858,18162,25336504,ransom,
1722797,1661,60073,6690,17252950,ransom,
47443,1157,12178,829,262616,ransom,
49915,1207,15918,1112,276107,ransom,
53405,1427,19607,1211,293529,ransom,
1494459,1856,51156,5553,14958329,ransom,
6223836,5240,158427,20675,63024364,ransom,
5088867,24555,210476,16376,50249752,ransom,
6753370,42750,340422,23418,66186429,ransom,
4726636,54039,363264,14159,46063538,ransom,
2619293,57065,381553,7813,23038158,ransom,
3622562,29869,346434,20354,34635899,ransom,
3798157,1427,56631,10605,38659804,ransom,
1551879,907,25050,4334,15626208,ransom,
52117,1367,18002,1048,286064,ransom,
1534019,1603,44533,5647,15473162,ransom,
727289,1713,41545,3228,7017616,ransom,
6558677,3235,149161,21312,66477000,ransom,
6819317,10437,163232,22127,68964019,ransom,
6627856,30448,256401,21612,65617839,ransom,
5186124,38395,274511,17387,50501476,ransom,
3345539,49648,323603,9953,30934868,ransom,
7397033,57615,453229,24101,71870798,ransom,
2369423,66049,457103,6083,19908375,ransom,
512644,22890,262975,10523,3358984,ransom,
2159372,1823,46976,6984,21727896,ransom,
46849,1105,11288,801,260873,ransom,
365030,3876,22171,1467,4537938,ransom,
1643179,2025,62069,5860,16411232,ransom,
5092772,3628,159892,18360,51436321,ransom,
2628078,4007,96810,9311,26269379,ransom,
6770156,12658,189141,22127,68235978,ransom,
734503,25291,140153,3183,5823920,ransom,
4332191,30825,217600,13960,42253211,ransom,
1978689,42000,251707,5507,17428176,ransom,
5242442,54999,417777,18158,49987232,ransom,
2621139,64215,464464,7526,22608182,ransom,
516695,44463,426091,10552,2010628,ransom,
41518,819,3675,140,234400,ransom,
86226,3222,37760,1603,428823,ransom,
61859,1681,24833,1427,339542,ransom,
168555,2472,37893,2200,823322,ransom,
510937,1079,19569,2076,4992126,ransom,
2198525,2110,60849,7990,22116690,ransom,
4930193,3005,136762,17502,49809356,ransom,
2001933,4891,56613,6018,21162988,ransom,
5103461,18575,190559,15858,50834278,ransom,
679322,25341,125304,2342,5262487,ransom,
4665858,31723,218912,14854,45575591,ransom,
643763,36802,202179,1666,4191543,ransom,
5771868,46627,372609,19435,55947781,ransom,
2214605,55636,399010,6329,19013678,ransom,
2945405,38602,424637,19576,27187778,ransom,
135025,685,6910,453,1183887,ransom,
48570,1133,13238,849,269762,ransom,
54762,1567,21853,1263,299986,ransom,
50257,1251,16535,902,278396,ransom,
581863,1191,24365,2476,5768580,ransom,
6090643,4021,178747,21769,61452254,ransom,
7078600,14956,218239,23091,71105735,ransom,
3283803,23926,170155,11858,31975134,ransom,
2703850,37992,252422,9193,25084536,ransom,
3396548,44004,319782,11813,31833366,ransom,
4838239,58347,429336,15379,46846100,ransom,
2124433,65084,461635,6102,17433400,ransom,
505532,43319,411609,10569,1972281,ransom,
39163,599,958,46,221578,ransom,
51405,1351,16320,1093,284616,ransom,
48745,1205,14579,900,270185,ransom,
92667,1554,21981,1347,685097,ransom,
3002334,2093,80159,10870,30386855,ransom,
5282944,3186,127614,16237,53428830,ransom,
6689558,21130,210501,21207,66822743,ransom,
4491545,31442,225679,14859,43896210,ransom,
3125849,46375,297249,9973,28815530,ransom,
5667254,56645,419479,18060,54234829,ransom,
6068824,43435,458008,27437,58821954,ransom,
367847,3953,54200,3988,1657319,ransom,
906871,3999,224801,6130,4032628,ransom,
3187049,7718,257459,12960,25630721,ransom,
3256281,13549,302387,27597,19614060,ransom,
6257047,5549,162493,20479,62693647,ransom,
7098381,16229,192178,21690,73028467,ransom,
5438362,27921,222728,18087,53747630,ransom,
4252272,46486,322341,13869,40360119,ransom,
3770056,52715,387054,12041,35084767,ransom,
3787714,61927,473398,14080,34687602,ransom,
333594,12235,176299,9031,2172652,ransom,
41989,806,5010,325,238041,ransom,
50416,1379,16961,1050,277028,ransom,
49819,1269,16072,969,275413,ransom,
54144,1489,22109,1328,297899,ransom,
1672316,1815,56098,5891,16743868,ransom,
2565822,1875,69054,8832,25867435,ransom,
3773810,6776,113316,12805,37939960,ransom,
2241231,13390,101675,7048,22018643,ransom,
3056300,28837,187078,9748,29266659,ransom,
1108386,30515,157556,3414,9363521,ransom,
4010748,37889,271023,12704,38464097,ransom,
3616972,46292,325785,11659,33887580,ransom,
2804218,53261,357818,7914,26373161,ransom,
4594138,59024,462695,15407,42567514,ransom,
1607360,26874,311747,14993,14290861,ransom,
1983927,1155,30998,5398,20039014,ransom,
51328,1417,15639,946,283131,ransom,
60248,1530,21451,1179,330833,ransom,
52867,1459,19457,1079,290763,ransom,
3560583,2347,94705,12228,35963969,ransom,
6571729,3784,184771,23509,66583290,ransom,
2509493,7852,101797,8897,24844918,ransom,
7370431,18319,226832,24200,74108775,ransom,
2143031,34889,223238,6682,19501364,ransom,
2783273,36962,247730,8626,26062444,ransom,
2748014,19713,256684,15589,26395482,ransom,
3273754,2105,94135,11395,32954972,ransom,
587018,1381,27993,2723,5734857,ransom,
1238156,1652,42881,4754,12356460,ransom,
405235,1169,21180,1951,3911173,ransom,
2138468,4584,73042,7254,22498667,ransom,
8559217,3906,205851,28102,86775341,ransom,
3714452,3951,87219,11830,37650252,ransom,
3787117,21611,179389,13216,36806428,ransom,
3610793,26328,187076,12022,35163914,ransom,
3772742,42558,305788,12791,35721282,ransom,
7012210,56880,478693,23912,67952342,ransom,
649512,67835,471156,692,2206400,ransom,
748808,58845,530798,8193,3638582,ransom,
88324,1567,24872,1675,488480,ransom,
43363,926,7733,463,244332,ransom,
53618,1443,20011,1117,293707,ransom,
48405,1170,14125,775,269556,ransom,
79958,1174,16999,954,601509,ransom,
4465468,3046,127289,15339,45104750,ransom,
8097952,13976,223005,25990,81552477,ransom,
1292355,26340,143324,4266,11477383,ransom,
5433693,45191,329615,18427,52516360,ransom,
3205633,54483,358548,11586,29945735,ransom,
1545225,58877,381672,4311,11941050,ransom,
2205867,62584,449971,6524,18479022,ransom,
810924,66566,462719,965,3965214,ransom,
550920,47346,447413,10528,2136099,ransom,
45157,954,9680,553,252719,ransom,
43081,836,7550,393,242089,ransom,
48153,1247,13421,743,267163,ransom,
1313489,1326,29375,4045,13206693,ransom,
6465763,2251,112273,18328,65676123,ransom,
8691535,3811,202796,28808,88111280,ransom,
1785414,1657,51864,6613,17925502,ransom,
8318173,8420,204343,28364,84188712,ransom,
495706,13700,79164,1986,4214450,ransom,
6516392,26119,247672,20666,64738503,ransom,
3681741,34310,235926,11836,35371335,ransom,
4597824,47931,326329,14927,43833770,ransom,
3585160,48701,391013,16380,33407019,ransom,
3073327,7859,144126,14039,31640793,ransom,
263153,950,13147,1288,2476800,ransom,
54679,1483,21192,1390,299475,ransom,
47571,1112,12983,811,262941,ransom,
51800,1344,18112,1110,285512,ransom,
2558446,4774,121640,10171,25425154,ransom,
7329849,7787,210913,25611,73969804,ransom,
2607673,18224,139831,8891,25025367,ransom,
6633570,31576,272378,21570,65654100,ransom,
1654902,41105,252323,5620,14271219,ransom,
2069025,49869,347198,6147,17790543,ransom,
3851260,44047,455619,22129,36051166,ransom,
1315420,966,27321,3950,13201231,ransom,
52429,1391,18042,1123,288780,ransom,
51486,1380,17595,1035,283468,ransom,
121453,1503,23316,1328,979072,ransom,
3924311,2340,99329,12662,39657409,ransom,
6453049,7021,163523,20777,65275935,ransom,
4562786,28496,202714,13534,45876403,ransom,
5928049,34676,263956,19587,58326550,ransom,
4268211,46823,310750,13311,40544205,ransom,
4121325,52289,426159,18105,38601857,ransom,
4245687,5214,152416,17007,42629728,ransom,
1972751,1623,44405,6390,19845757,ransom,
44238,878,8537,545,248735,ransom,
49438,1216,15151,996,272625,ransom,
2041776,1938,60890,7365,20603638,ransom,
6608086,4563,196949,23694,66721185,ransom,
4252321,3215,137720,15511,42727980,ransom,
2440984,2019,72628,8292,24653021,ransom,
3093091,2981,110441,11466,30971712,ransom,
273065,1223,20095,1673,2534535,ransom,
1737522,2229,67001,7284,17334456,ransom,
3583554,4263,90145,10818,36205930,ransom,
3392749,14873,130288,11545,33646177,ransom,
6935892,35835,303602,23025,68443265,ransom,
9154707,56142,456515,30183,91164743,ransom,
2187392,65513,450571,6070,18078330,ransom,
1195103,51167,464974,11828,8591042,ransom,
54041,908,21449,1557,291525,ransom,
48933,1294,13231,751,270503,ransom,
54210,1565,20510,1132,297136,ransom,
51687,1351,17855,976,285760,ransom,
725019,1247,30012,3046,7139651,ransom,
6524195,3829,167451,22453,66026391,ransom,
6460990,19342,211199,21037,64581330,ransom,
7891820,34641,300303,26409,78358867,ransom,
1034430,47703,281398,2511,7425213,ransom,
3300114,55432,398027,11427,29779895,ransom,
2299741,61718,408900,6777,19463827,ransom,
1434334,24134,290492,13633,12604274,ransom,
59536,1100,11101,575,333418,ransom,
51536,1418,17728,1004,282332,ransom,
181060,1347,18964,1137,1605802,ransom,
361629,3709,18178,1131,4520451,ransom,
829340,1321,31724,3026,8209840,ransom,
4441109,3070,136183,16179,44872328,ransom,
1805273,1720,59388,6433,17999895,ransom,
5355236,9625,163034,18857,53890649,ransom,
838010,21065,113619,3141,7163762,ransom,
3445567,24931,176553,11600,33570713,ransom,
973126,33547,177085,3037,7721508,ransom,
4069742,39365,280388,13419,39103296,ransom,
2665678,50920,348136,7546,23813423,ransom,
2381387,33450,360975,16383,21778448,ransom,
2709262,3928,94036,9997,27107830,ransom,
48712,1183,12993,934,271504,ransom,
166142,2247,35036,2300,812345,ransom,
78119,1458,20013,1286,543077,ransom,
183787,1508,19238,1153,1613589,ransom,
5641154,4322,155680,19208,57016515,ransom,
8611630,24391,260917,27131,86239574,ransom,
3661233,37461,254019,13303,34948586,ransom,
4536955,53428,367942,14075,44102356,ransom,
2443418,57096,385211,7681,21243497,ransom,
1552476,62645,419897,3958,11789539,ransom,
1241972,41211,394904,15461,9591788,ransom,
867044,4900,173397,4658,3849217,ransom,
1186897,7778,268393,8308,5205792,ransom,
2761272,14207,347592,26979,12611158,ransom,
53536,1401,20547,1271,296232,ransom,
3148761,2668,97639,11473,31730989,ransom,
7527391,6701,203167,27032,76083835,ransom,
3445765,16867,145929,11745,34061489,ransom,
7493568,30840,280634,25490,74470936,ransom,
840153,42379,244394,2781,5810315,ransom,
4854241,47534,351247,15660,46482207,ransom,
3691000,57599,427895,12438,33999228,ransom,
1623531,59188,514000,11093,12598209,ransom,
100173,2244,39713,2812,542045,ransom,
43904,912,8310,514,246186,ransom,
374302,4200,23945,1545,4587955,ransom,
54788,1602,21107,1307,299978,ransom,
46758,1088,11831,674,259885,ransom,
7284809,5912,187077,26179,73777895,ransom,
6592279,10339,225246,24530,66313954,ransom,
3278547,10698,120096,10714,32779058,ransom,
3388493,25760,191624,10912,32847518,ransom,
3819878,31303,219435,13957,36974531,ransom,
5290070,12801,249468,22953,52766411,ransom,
1898144,1895,64597,7753,19012584,ransom,
45261,924,9200,568,253321,ransom,
1219277,1833,49829,5638,12121063,ransom,
3525838,2720,107696,12796,35601505,ransom,
1977843,1936,64700,7387,19820242,ransom,
7523066,10242,171132,23346,76039520,ransom,
5555255,19590,198928,17764,55396285,ransom,
3736354,36390,258017,12219,35788729,ransom,
6161731,46254,356990,19334,59919362,ransom,
6583011,61722,445573,20442,64511757,ransom,
1772236,65778,459934,4362,13830212,ransom,
552960,47740,447427,10528,2137226,ransom,
37277,527,743,0,211410,ransom,
45816,1079,10691,597,256599,ransom,
53853,1600,21151,1155,295171,ransom,
49779,1235,15177,841,275511,ransom,
305956,1137,15216,1412,2927197,ransom,
5514909,3708,162047,20005,55703254,ransom,
7666105,17466,231649,25729,76996642,ransom,
2856587,30046,190200,9523,27193886,ransom,
5607561,44530,318150,17626,54376644,ransom,
5037478,54646,389616,16386,47923069,ransom,
3176297,58318,469447,15165,28574926,ransom,
326952,5368,96289,6489,2581367,ransom,
57511,1521,21370,1281,339448,ransom,
525418,3634,51836,3155,4860865,ransom,
6167857,3680,172660,21361,62384732,ransom,
8920431,7200,213806,29158,91253981,ransom,
2910465,22584,177462,12970,27664653,ransom,
5402385,59743,320036,24901,48103039,ransom,
1429198,32191,205860,4975,12467059,ransom,
9228687,46808,435892,31159,91277319,ransom,
3075580,35297,399891,20181,28601801,ransom,
54823,1613,21035,1365,300625,ransom,
234496,1447,23358,1678,2138233,ransom,
2057426,1865,59348,7366,20693099,ransom,
7374078,4367,213656,27670,74587803,ransom,
6450415,7402,191236,22917,65035592,ransom,
1879940,11626,95096,6826,18431927,ransom,
4399115,26273,205761,15036,43130839,ransom,
3190177,32808,219899,10552,30449896,ransom,
10215246,17395,400162,42028,102532248,ransom,
658726,1632,33590,3557,6429670,ransom,
52272,1354,18781,1217,287158,ransom,
52974,1319,18421,1284,292809,ransom,
4902968,5750,148475,16852,50489849,ransom,
6443383,3579,181048,23410,65193108,ransom,
3557838,2524,111873,13322,35823683,ransom,
4074800,2497,115100,14284,41219204,ransom,
2058169,2107,74643,7755,20529630,ransom,
502854,965,17690,2043,4911174,ransom,
2293106,5430,81764,7659,22920992,ransom,
5618748,12844,169269,19690,56491004,ransom,
3348536,28447,214130,11767,32334945,ransom,
10117682,47395,444095,33006,100387133,ransom,
3059787,30856,360300,21107,28692127,ransom,
53200,1446,20065,1308,292792,ransom,
173939,1710,29353,1709,1485834,ransom,
1178675,1428,40409,4709,11813550,ransom,
8315875,6775,245050,28726,83997057,ransom,
7196279,21157,225576,23022,72056686,ransom,
3923971,30547,224918,13843,38054336,ransom,
2443781,42763,275669,8605,22102844,ransom,
7351213,62725,488952,23804,72238064,ransom,
345139,24349,287374,11473,1470688,ransom,
32871,1113,17329,1013,177049,ransom,
2785561,2435,92410,10302,28002838,ransom,
3280896,2201,93925,11990,33131792,ransom,
5984224,8831,145676,18727,60463939,ransom,
8167203,27703,275694,26475,81501375,ransom,
2925563,41497,255120,9051,27192950,ransom,
8970593,54382,494560,33392,88000069,ransom,
878380,10294,172869,11110,7829745,ransom,
54007,1535,19137,1181,296603,ransom,
49541,1206,15355,829,273137,ransom,
5049424,3941,155528,18295,50978474,ransom,
8382777,18205,255251,28602,84284647,ransom,
3186617,36936,254845,10436,30078034,ransom,
2810592,43803,316246,11071,25790959,ransom,
4828963,8952,239704,21906,48191631,ransom,
726581,1824,40578,3534,7059171,ransom,
363816,3768,20473,1262,4532288,ransom,
51085,1179,16054,986,282745,ransom,
5175226,3511,159099,18478,52242569,ransom,
8386152,9112,216048,26744,84782573,ransom,
3472226,31832,236184,12249,33232378,ransom,
3274179,33325,236886,11259,31264420,ransom,
7624776,49538,455034,28570,74087381,ransom,
2400811,10512,201816,16328,23298864,ransom,
60216,1751,20662,1419,340322,ransom,
54300,1435,20105,1356,298552,ransom,
2712330,1349,49635,8061,27446509,ransom,
8430862,2651,154617,25567,85681289,ransom,
11495414,4336,182962,33886,116937123,ransom,
5831540,10696,121339,16692,58912599,ransom,
8946715,20301,203162,25297,90012868,ransom,
5491862,65640,146749,5595,51825353,ransom,
22396505,49874,472469,66401,223992262,ransom,
9977539,6167,220036,32664,101166092,ransom,
11284019,4224,185247,34197,114316938,ransom,
161580,2246,20719,1423,2942375,ransom,
3422975,1979,76790,10684,34622984,ransom,
49960,1240,15996,1117,277190,ransom,
4742926,4953,131161,15836,47899169,ransom,
9164787,22428,271218,29852,92126552,ransom,
2708593,39731,248577,9014,25028529,ransom,
7563131,54298,443381,26467,73710039,ransom,
1874623,14730,232155,16558,17702451,ransom,
187086,1783,36302,2296,1268775,ransom,
52634,1407,17794,1084,288238,ransom,
1877408,1676,59630,7050,18851985,ransom,
8291138,5968,230739,27599,83881370,ransom,
5189168,23276,203870,16939,51328976,ransom,
5496945,30021,234010,19545,54193634,ransom,
3113636,22105,280155,16973,29926332,ransom,
2916354,2797,103571,11136,29278017,ransom,
1804697,2078,69892,7451,18058131,ransom,
1023667,1562,37816,4065,10148633,ransom,
1932312,4080,61926,6367,20498352,ransom,
2898258,6456,98732,10163,29002712,ransom,
7835302,26385,257273,26151,78257354,ransom,
7663183,40789,333715,25613,75641465,ransom,
6410981,49847,508842,28484,61946755,ransom,
2598997,2430,71387,9578,26176750,ransom,
53774,1396,19396,1268,296811,ransom,
99638,1413,19777,1213,763484,ransom,
6710365,3899,188513,22703,67907735,ransom,
8190288,18417,255180,28305,82283926,ransom,
3888386,37049,252896,11995,37246842,ransom,
3603737,45416,299206,12454,33849866,ransom,
6364116,44595,565383,35521,58511960,ransom,
1356549,6889,277022,8347,7551966,ransom,
1452109,7657,235046,8820,8094067,ransom,
2806190,11964,237532,24217,17009764,ransom,
7209360,5216,197850,24801,72917802,ransom,
8703535,18638,234673,26826,87541728,ransom,
1885543,33934,182686,5015,18319057,ransom,
5951785,45782,342298,21070,57785812,ransom,
6003108,45131,488820,30477,57992391,ransom,
2956486,1665,53190,9052,29921392,ransom,
52994,1365,18991,1300,292000,ransom,
275660,1583,31138,1994,2513808,ransom,
3859146,3721,149346,14066,38722415,ransom,
7471466,8344,185706,23067,75688405,ransom,
2538794,25304,154625,8351,24092151,ransom,
2579537,32203,215600,9906,24157810,ransom,
3678496,39877,270450,11778,34930459,ransom,
7372658,59445,504248,26867,70839402,ransom,
4035405,67062,479302,11106,36914449,ransom,
1169889,16790,120602,3533,10858279,ransom,
402579,21666,115487,10318,1997113,ransom,
738913,5017,207549,31787,3692976,ransom,
873434,7756,232711,37835,4251027,ransom,
684237,28281,139965,14414,3283590,ransom,
0,0,0,0,0,ransom,
2590692,30971,188301,8430,24434463,ransom,
3244975,40425,248340,9377,31756375,ransom,
6314494,52084,422234,21490,61224454,ransom,
3483648,61230,476858,12523,31575827,ransom,
1523823,11069,187841,12342,14381629,ransom,
22709,462,4046,293,127081,ransom,
33521,1162,17780,1254,181263,ransom,
48792,1260,14821,948,271273,ransom,
183220,1586,26398,1712,1594214,ransom,
1209996,1522,43307,4685,12053572,ransom,
3837946,2766,112045,13265,38717395,ransom,
3734100,6463,129498,12315,37454398,ransom,
4039963,14624,147293,13551,40154558,ransom,
1195781,27076,159387,4190,10371022,ransom,
1697160,28480,173476,5421,15454002,ransom,
3278392,37542,253136,10051,31012455,ransom,
5514298,49411,381672,18634,53234631,ransom,
2944855,64390,486562,9423,25801614,ransom,
539214,47318,441054,10974,2081497,ransom,
158146,2301,21835,1304,1072925,ransom,
261954,3088,19410,1226,3765713,ransom,
48697,1171,14321,743,269012,ransom,
7594349,5530,238201,26877,76576078,ransom,
7785179,5143,218138,27662,78784893,ransom,
2220697,15373,126055,7631,21530049,ransom,
1490368,16284,111067,5763,14145292,ransom,
1131342,22831,147822,4053,10028007,ransom,
5834152,31353,285522,19287,57568496,ransom,
7664209,53578,469881,25708,74768992,ransom,
1599631,23328,296863,16300,14319459,ransom,
42765,892,7731,537,239851,ransom,
58895,1502,20468,1075,323668,ransom,
376174,2350,43125,2907,2979796,ransom,
2963652,3635,116734,11850,29763519,ransom,
6136812,4856,199268,22487,61821435,ransom,
7419647,4559,217277,26638,75141709,ransom,
2134348,2165,75575,7559,21241356,ransom,
50584,1364,18359,1115,278533,ransom,
1774588,4289,64469,6320,18816649,ransom,
1785969,2061,67627,6661,17871912,ransom,
3497392,8367,119748,11869,35016656,ransom,
6651323,21940,215632,21617,66512457,ransom,
5632181,34091,258001,18510,55310230,ransom,
6410279,52945,388506,21069,61985708,ransom,
4871762,41973,447257,26084,46645611,ransom,
43501,983,9092,740,244374,ransom,
40813,805,6892,506,229212,ransom,
61318,1857,30864,1947,333846,ransom,
4115385,3052,109181,15942,41671364,ransom,
6606914,4167,187340,24859,66778456,ransom,
8250997,11610,225001,27607,83268547,ransom,
1910566,21653,126786,7310,18139976,ransom,
4880193,36307,309606,18820,47311875,ransom,
6327744,7858,252635,25982,63534502,ransom,
780929,4704,91996,6078,5396021,ransom,
3797560,5458,331735,17985,32829723,ransom,
1979327,12269,301260,10979,13539221,ransom,
9320568,63128,1248636,139664,50874930,ransom,
493809,1827,42276,2678,4806074,ransom,
2863382,8246,113632,9030,28521082,ransom,
1915525,20512,134904,5816,18163746,ransom,
3960357,36834,256758,14692,38025280,ransom,
882185,47332,264004,2471,5893383,ransom,
6657547,52653,502115,29176,64313704,ransom,
1396319,3401,82079,7648,13819170,ransom,
41156,821,7343,516,232455,ransom,
62362,1955,33853,1792,336262,ransom,
43670,873,10200,474,245820,ransom,
7316511,3797,186654,25889,74082860,ransom,
4112185,2289,105112,14590,41682971,ransom,
5206118,8434,164956,18548,52279306,ransom,
5527178,13850,166785,18676,55534534,ransom,
1423323,25903,165317,5068,12447656,ransom,
2301030,26821,170858,7121,21726807,ransom,
7834429,43862,350233,25838,78405904,ransom,
8574597,58376,564155,34185,83581576,ransom,
1216200,4077,90565,7667,11898360,ransom,
55804,1650,23307,1432,304279,ransom,
47527,1027,13307,774,264413,ransom,
824523,1500,30208,3192,8237138,ransom,
8913825,8496,247816,31788,90061795,ransom,
8870004,22401,265813,28430,89126683,ransom,
2805885,42635,269459,9525,25821952,ransom,
4837740,48719,333247,16116,46308898,ransom,
4999001,39694,446404,27198,48043120,ransom,
41572,880,6608,541,234827,ransom,
41880,912,7633,569,235058,ransom,
60344,1920,30946,1890,327217,ransom,
1182887,2178,57777,4792,11739792,ransom,
11018686,7866,291901,39436,111506744,ransom,
1323406,8384,73581,5476,12905756,ransom,
8092860,25147,261667,25794,80928724,ransom,
4133099,24425,278579,18896,40893331,ransom,
3987210,3149,121410,14420,40150592,ransom,
851311,1282,30038,3598,8446101,ransom,
3705047,2560,107976,13230,37344786,ransom,
416511,885,14082,1823,4076248,ransom,
561624,1628,35725,3331,5412646,ransom,
3438108,2623,102299,12210,34676745,ransom,
4762473,2763,121246,16662,48275300,ransom,
4501910,8503,120001,14497,45241190,ransom,
4735492,13288,142923,16523,47527274,ransom,
4755604,29175,238458,15836,46618767,ransom,
7617941,45256,384025,25826,74867949,ransom,
5609278,40780,469021,28682,54247648,ransom,
45775,1116,11330,860,254404,ransom,
46277,1156,13152,925,256886,ransom,
51170,1428,20115,1254,282662,ransom,
3292094,3098,108065,12522,33178425,ransom,
7129538,6941,208626,26234,72001270,ransom,
6976184,22761,228349,23758,70950507,ransom,
5011639,24774,317025,22418,49154593,ransom,
2020497,1774,63033,7023,20249780,ransom,
4265253,2858,127143,15705,43111835,ransom,
612429,1183,28279,2621,5918639,ransom,
57452,1367,19509,1089,315914,ransom,
58435,1744,29251,1609,319557,ransom,
8867005,4546,233076,31972,89888159,ransom,
8633828,8181,225859,28962,87261708,ransom,
3414320,17815,144204,11412,33715345,ransom,
4604619,32370,236603,15395,44845308,ransom,
5750134,38838,292251,19390,56235040,ransom,
7871059,57746,487672,27744,76671196,ransom,
1095596,12282,200014,12978,9896594,ransom,
47650,1133,12835,795,263951,ransom,
40816,736,4452,236,231859,ransom,
1418750,1552,43965,5258,14253944,ransom,
7814504,5213,208276,27265,79177462,ransom,
4159791,16306,133361,12887,42531074,ransom,
8812522,32521,369243,33520,87603243,ransom,
7805407,5142,210413,26569,78956273,ransom,
141243,1705,26695,1832,1122336,ransom,
3358513,2445,104448,12169,33836458,ransom,
2238931,1919,67234,8898,22541586,ransom,
3240843,3296,105852,12893,32656017,ransom,
8799530,17840,245110,28411,88584188,ransom,
1621827,30052,177254,5206,14555187,ransom,
8008450,32724,374059,31261,79388436,ransom,
4836165,3924,184576,19840,48641435,ransom,
52425,1418,19223,1172,288029,ransom,
50771,1285,18134,1102,279769,ransom,
244522,1465,27535,1657,2216129,ransom,
6511486,10133,194398,21262,65626507,ransom,
6202738,29644,252777,20712,61343281,ransom,
1738567,42325,259383,5316,15029630,ransom,
8882986,55219,448886,28604,87196721,ransom,
5072845,19079,297670,26209,49658022,ransom,
168778,2300,19787,1249,2999917,ransom,
53939,1492,19995,1147,297152,ransom,
2686039,3629,81818,9090,26929249,ransom,
7258199,3982,200023,23781,73397493,ransom,
5392229,8091,162390,17414,54279152,ransom,
5586824,17248,202263,19109,55030386,ransom,
3510455,31536,209276,11086,33705953,ransom,
2748775,33337,220709,8509,25909696,ransom,
5892618,47028,370214,20467,57143452,ransom,
6097813,24201,350689,27900,60235718,ransom,
4327648,1576,65884,12241,43916906,ransom,
45774,1064,11473,833,257012,ransom,
57423,1751,26968,1707,312503,ransom,
971452,1081,27132,3659,9684044,ransom,
2616643,1849,66680,9050,26412763,ransom,
3108205,2534,94341,11266,31327237,ransom,
3793308,8212,115940,12691,38175179,ransom,
2609080,21238,144211,7653,25209044,ransom,
2888060,27942,159505,8803,28899831,ransom,
3046026,35568,231248,9618,28757227,ransom,
3660933,43919,296659,12039,34554477,ransom,
4491099,55975,415892,15144,42273128,ransom,
2523360,30465,347098,18586,23367432,ransom,
69105,1166,14322,1081,482770,ransom,
42114,918,8475,608,235424,ransom,
39999,689,3747,285,226844,ransom,
769428,1458,30050,3690,7685664,ransom,
2869812,2714,92727,11320,28809295,ransom,
8015915,9730,220086,28851,80996805,ransom,
9069639,35369,350851,31543,90281988,ransom,
8827083,52984,532105,36731,86453400,ransom,
104912,4529,85294,5159,529588,ransom,
50640,1312,16318,890,280785,ransom,
129487,1444,22119,1325,1066705,ransom,
6085776,3332,155203,19595,61647454,ransom,
11016660,16033,264320,35160,111308473,ransom,
1569527,30934,193564,6904,15142294,ransom,
6460155,6404,234321,25890,64998644,ransom,
51122,1230,16031,983,282986,ransom,
5970727,3422,167564,20604,60385978,ransom,
177887,1199,17713,1338,1598595,ransom,
2311850,2905,84732,9107,23243237,ransom,
9287617,12629,216339,28763,93941062,ransom,
2593809,15058,189108,12446,25198194,ransom,
6344339,3918,189123,22926,64085339,ransom,
1650224,1549,53587,6156,16569512,ransom,
3696587,2657,119125,13188,37222672,ransom,
48030,1185,13929,1024,265037,ransom,
1042093,1807,47742,4760,10298686,ransom,
5432597,3022,142644,19508,55022389,ransom,
2977413,2293,91839,11416,29995689,ransom,
9021074,14300,241090,29230,90973594,ransom,
1430511,20505,127856,4688,13255949,ransom,
4503500,34087,283839,15987,43682160,ransom,
9494918,9380,273030,34215,97013317,ransom,
586450,1609,34901,3472,5659590,ransom,
2106010,1841,60567,7059,21204134,ransom,
1317763,1892,55727,5157,13089339,ransom,
47271,1019,11500,677,265868,ransom,
2730250,6171,106008,9524,27121868,ransom,
7731146,24388,291321,26415,76062022,ransom,
6952610,44195,496516,29209,63542261,ransom,
6079198,64944,730887,29096,51933453,ransom,
4529389,42954,707008,34987,32198829,ransom,
2466539,16443,245270,25121,11429164,ransom,
217486,4328,54837,2136,1027353,ransom,
5576244,7661,200532,20684,55263751,ransom,
6526206,5284,197428,23171,65600595,ransom,
3570126,15033,156521,15525,35236312,ransom,
5247331,18346,184351,16528,52409984,ransom,
2182209,31752,219843,7870,20139823,ransom,
5473706,36894,306410,18398,53611577,ransom,
7755651,61283,518168,28449,76368112,ransom,
342844,10193,161840,9135,2386831,ransom,
52451,1410,19663,1282,289662,ransom,
198971,1564,24027,1635,1759570,ransom,
5006697,3389,152458,18410,50591878,ransom,
7753207,8295,226186,27500,78282320,ransom,
2834878,22229,159246,9761,27445902,ransom,
3693423,28718,206512,12093,35790475,ransom,
3566112,41733,297158,13513,33258861,ransom,
6964062,54213,453932,24715,67578800,ransom,
934260,16796,239123,12660,7949958,ransom,
51206,1361,17905,1027,281854,ransom,
277969,1607,26237,1910,2543387,ransom,
3870536,3287,127976,14266,38703531,ransom,
6078753,5545,171581,20256,61400055,ransom,
6687654,25433,238185,22243,66567170,ransom,
324369,32832,149210,955,1125739,ransom,
4515810,33755,318828,20401,43674331,ransom,
6280109,6068,170220,21716,64612959,ransom,
873435,1771,43971,4225,8560116,ransom,
722033,1709,38186,3336,7074398,ransom,
109278,1199,18238,1149,858769,ransom,
3974935,4398,134636,14075,39988790,ransom,
5973550,19522,212637,18601,59662097,ransom,
2549534,40336,270941,9737,23283296,ransom,
3333962,8380,203537,15339,33033540,ransom,
435417,1308,26674,2289,4130248,ransom,
1768707,2054,70248,6812,17676026,ransom,
38804,597,2280,114,219500,ransom,
492922,1438,31002,2253,4765852,ransom,
2112379,3267,94973,9924,21184223,ransom,
8788870,14263,227942,29899,88688087,ransom,
11212817,44325,426065,39967,111750464,ransom,
3102758,32154,370990,21210,29033493,ransom,
48844,1203,13765,953,270686,ransom,
118676,1557,23743,1564,937517,ransom,
1144796,3877,38414,3728,12490666,ransom,
10489481,4101,211000,33502,106541967,ransom,
6347509,14637,169183,18285,63758515,ransom,
7283700,27237,243597,23367,72672466,ransom,
4249642,44613,320008,13786,40427577,ransom,
5581555,49393,386435,16969,53787218,ransom,
6816859,49051,532950,33241,65940131,ransom,
52767,1464,18477,1213,290086,ransom,
53120,1433,17924,1163,292707,ransom,
49772,1213,16181,1038,275447,ransom,
2997309,1946,82333,10453,30232794,ransom,
3280282,2110,89709,10661,33161477,ransom,
3393744,2391,96497,11844,34155257,ransom,
4843737,4224,140467,16916,48905542,ransom,
647383,11850,91629,3273,5721582,ransom,
979638,10002,74946,3472,9333394,ransom,
1474234,15346,102860,4658,14027257,ransom,
2950312,17699,146331,9551,28403308,ransom,
2048718,29917,157251,5117,19183911,ransom,
4236363,31494,214773,12698,42184651,ransom,
1338800,41807,250716,4014,10888371,ransom,
6289345,50811,396706,21924,60978572,ransom,
1072676,52409,439644,9085,7307086,ransom,
3577702,3649,127395,14460,35948881,ransom,
55807,1629,23265,1554,306056,ransom,
206955,1394,22585,1469,1869794,ransom,
1361772,1640,48033,4946,13643594,ransom,
10604868,9139,277370,35727,107364852,ransom,
6109418,31497,269640,20040,60291608,ransom,
2745994,39262,250543,9501,25469416,ransom,
6221653,52088,424431,21842,60261166,ransom,
2273986,15264,245695,17520,21681673,ransom,
54222,1590,20244,1328,299872,ransom,
52834,1484,19844,1219,287235,ransom,
2863798,2017,78719,9598,28909879,ransom,
6594696,3521,174942,23233,66697731,ransom,
5020468,8340,138282,16538,50561734,ransom,
7940174,26397,261764,25386,80539466,ransom,
1085900,37974,217957,3923,8571467,ransom,
3126923,38248,255949,10213,29473223,ransom,
8193404,52501,514476,33836,80017752,ransom,
140497,5522,98171,5953,795340,ransom,
44896,1019,10018,796,250529,ransom,
41941,873,8253,552,236774,ransom,
3250715,35576,415289,22491,22652526,ransom,
6311550,23408,326237,25094,59839351,ransom,
5944724,30738,370172,26762,53840345,ransom,
9307171,43085,412377,33692,91012713,ransom,
5380079,49011,436808,21965,51437789,ransom,
5037574,12336,257244,21165,49078865,ransom,
2826670,2994,100584,8365,27401719,ransom,
223341,2930,53488,1732,989042,ransom,
1944042,2976,96056,7114,18653808,ransom,
8108663,5311,247602,28450,81761715,ransom,
7636359,22018,304019,29725,74862931,ransom,
688595,21376,132447,4423,6028400,ransom,
3955717,27606,258579,13900,36879461,ransom,
3827236,55575,522527,21707,29781988,ransom,
6854149,24588,410230,34345,67394203,ransom,
2316467,11372,211323,25700,21724460,ransom,
62132,1677,22450,1279,339580,ransom,
217581,1431,23320,1567,1962701,ransom,
3157622,2379,91763,11005,31965684,ransom,
9417821,19484,274365,31885,94707824,ransom,
4999159,59386,353889,22036,47466508,ransom,
4866770,52325,440394,21779,46116127,ransom,
1451005,7234,140329,11958,14038865,ransom,
49993,1249,15678,1010,276521,ransom,
129786,1566,23715,1502,1053883,ransom,
6008330,3520,168825,19978,60760652,ransom,
8714939,9399,210330,26979,88211951,ransom,
4468975,28316,200330,13534,43712357,ransom,
642704,31628,160250,2812,4467497,ransom,
4639121,28994,302535,20794,46411695,ransom,
9828833,6918,262837,32601,99435145,ransom,
304407,1353,22045,1912,2825560,ransom,
61127,1513,22661,1479,335341,ransom,
367007,2266,41669,2476,2830024,ransom,
2469067,3304,78114,8747,24791330,ransom,
7134158,21302,236478,22297,71406550,ransom,
4410395,40400,292258,13350,42294020,ransom,
3135846,48625,339183,10409,28890360,ransom,
6297800,32443,421917,28903,61791997,ransom,
149662,1694,24321,1686,1242842,ransom,
434283,1346,22140,2216,4188597,ransom,
71918,1107,13212,864,540860,ransom,
3042352,1717,74247,10521,30716516,ransom,
6165684,3684,163066,21706,62462458,ransom,
1419843,11190,89001,5405,13678693,ransom,
5453898,23549,210551,17835,54123278,ransom,
589424,28042,205218,5804,4025359,ransom,
5960858,5814,160568,20740,61343022,ransom,
1431292,1403,42624,5043,14354161,ransom,
5219595,2761,138528,17758,52778602,ransom,
125832,1503,25019,1408,1019726,ransom,
2074213,1877,69566,7151,20820823,ransom,
696182,1436,29200,2977,6937596,ransom,
5632608,13844,182836,19000,56474714,ransom,
8035727,32306,314469,27068,79939600,ransom,
5754976,53698,425745,21477,55340364,ransom,
2253359,15457,246849,17142,21393773,ransom,
55012,1494,21133,1317,303213,ransom,
112046,1269,19308,1107,899445,ransom,
2703065,2256,87983,9922,27229418,ransom,
8944696,6648,207693,29968,90701511,ransom,
4634306,24865,206189,14252,45604483,ransom,
8861552,40964,382226,32909,85911393,ransom,
4126029,52133,549994,17901,34580014,ransom,
6270867,44793,664797,36177,55364573,ransom,
3937665,45603,571002,33581,20979699,ransom,
134117,5140,47909,3646,758317,ransom,
47430,1099,11846,737,262706,ransom,
1684444,5808,45233,5645,16933068,ransom,
2803274,8451,76216,10418,28042478,ransom,
2702910,23605,88978,11254,26407681,ransom,
2695463,1998,81060,9630,27129956,ransom,
793791,3440,34936,2938,7852223,ransom,
3340743,7169,92908,10636,33612258,ransom,
2147186,16244,108691,6704,20843264,ransom,
3845419,19442,147866,12642,38002098,ransom,
2310236,29766,172754,7466,21615162,ransom,
4574950,36806,264621,15037,44346058,ransom,
3589646,46712,328538,11025,33671441,ransom,
4985357,56189,434068,16885,47305183,ransom,
3656802,21724,316278,21433,35496331,ransom,
42140,932,7693,692,236415,ransom,
39909,817,6698,544,226511,ransom,
373963,4415,35725,2406,4582261,ransom,
482994,1559,29309,2437,4686260,ransom,
11154477,2855,185371,34015,113546397,ransom,
12881711,4953,197057,38340,131145696,ransom,
11394623,17793,231035,32644,115195234,ransom,
3565618,22036,142490,10919,35059897,ransom,
10615456,24382,316838,36283,106596687,ransom,
13431369,4856,223390,38831,136636467,ransom,
5008230,2427,101508,15547,50635704,ransom,
11484581,2317,179295,33544,116964273,ransom,
6330379,3145,134770,20507,63271061,ransom,
53417,1734,19831,1237,301961,ransom,
2228529,2495,84171,8053,22330299,ransom,
3866939,2895,129439,14437,38975212,ransom,
3857838,3163,137559,13395,38567810,ransom,
5417055,3790,183727,20303,54531535,ransom,
118334,1291,19762,1254,957356,ransom,
4355156,3418,160627,16436,43808633,ransom,
361029,3531,19383,1207,4516309,ransom,
2614367,2400,100745,10176,26209248,ransom,
2160739,2120,84095,7940,21679583,ransom,
2743210,2422,101652,10476,27500751,ransom,
7044422,9179,188621,22943,71188178,ransom,
1755732,23480,145838,6168,16316911,ransom,
5852479,30762,248720,19501,57747306,ransom,
5743024,15151,296072,25944,57212961,ransom,
2877496,2558,99244,10901,28811705,ransom,
53002,1439,20058,1154,291198,ransom,
1369900,7396,112445,9492,12576789,ransom,
44307,920,8405,493,246707,ransom,
7195406,7044,244339,29675,71857652,ransom,
6428129,3781,188053,22997,64880686,ransom,
3990205,7338,184325,20801,39146884,ransom,
3871586,5422,175474,19639,37916319,ransom,
283729,1499,30922,1973,2379803,ransom,
3318866,4942,161387,17307,32406806,ransom,
122785,1748,15713,995,838313,ransom,
3687814,5743,146324,17201,37521731,ransom,
8339292,8173,269930,32337,83416986,ransom,
3938021,12107,122230,12284,39410246,ransom,
6981111,31498,314768,28214,68279190,ransom,
1300966,36780,221715,4049,10917033,ransom,
10144053,55578,541593,42704,99092805,ransom,
2203723,28891,370730,23512,19394928,ransom,
55813,1570,22401,1561,306211,ransom,
239832,3991,71789,6489,1169720,ransom,
2740015,2661,97792,10573,27549095,ransom,
6700293,7968,240530,27810,66669293,ransom,
5669061,22282,262177,23692,55505579,ransom,
4472792,27119,216351,15091,43912108,ransom,
4288952,45276,355826,19762,39947719,ransom,
10885669,52861,566902,46141,107423519,ransom,
273401,6487,120855,9983,1327395,ransom,
393667,4135,83482,7683,2719432,ransom,
71838,1872,29183,1761,392962,ransom,
2310621,9059,121439,12909,23315442,ransom,
12323568,15853,339635,43320,124484574,ransom,
9051665,32113,373458,36833,89609766,ransom,
2164878,49507,363246,13227,17937378,ransom,
6958536,55128,495404,26746,67453244,ransom,
732677,14456,214045,15244,5413181,ransom,
137031,2621,25391,2993,1115727,ransom,
287914,4745,80160,6835,1651161,ransom,
2152112,5047,133458,13164,20547078,ransom,
4126601,3018,123746,14551,41583059,ransom,
4374175,6325,192735,21202,43073761,ransom,
3921356,2386,111227,13852,39589359,ransom,
2950796,7736,182042,17065,28382840,ransom,
1566180,5015,105410,11355,14723436,ransom,
1803812,1694,54376,6366,18043101,ransom,
1068518,7376,99710,9553,9367234,ransom,
2101637,4400,91748,11175,20851879,ransom,
5712305,7086,227234,25011,56606695,ransom,
5650076,9265,229422,25110,57073026,ransom,
4356429,2958,143535,15947,43840895,ransom,
2109787,4623,122125,12862,20253692,ransom,
1400138,2054,66168,5614,13798661,ransom,
1782609,4935,124960,11904,16805696,ransom,
2390575,8753,144220,14600,22980294,ransom,
5463677,6412,144661,17138,55190888,ransom,
4370307,27852,246486,24392,42143015,ransom,
4593269,35050,266034,15102,44563078,ransom,
6398557,52357,414137,27122,61418497,ransom,
5600392,62211,593288,31409,52213209,ransom,
877098,5241,101365,7601,8386643,ransom,
243814,7522,85169,7345,1190287,ransom,
49305,1174,14526,843,273168,ransom,
7203415,7466,249345,29162,71898193,ransom,
8256187,16757,271235,31707,82275975,ransom,
2776507,25076,163079,8994,26772303,ransom,
6314941,49689,496598,39412,59903936,ransom,
4805097,7744,184768,17975,49383223,ransom,
241793,5441,81405,7249,1180161,ransom,
1029936,4541,101186,9671,9141949,ransom,
1029814,2023,47902,4725,10148421,ransom,
5518092,8173,224376,24953,54693325,ransom,
9459753,23865,287886,32591,94966487,ransom,
943249,38977,251496,8084,6194675,ransom,
6666058,41840,416802,31998,64547969,ransom,
5065600,4762,195389,20159,50947503,ransom,
325781,8500,92732,9374,2003957,ransom,
53981,1503,20167,1182,299039,ransom,
615444,4470,77116,7530,5073924,ransom,
9147341,9709,310036,36843,91505433,ransom,
8765117,24480,282572,28337,87837191,ransom,
695227,38598,264933,8848,3701123,ransom,
4174960,8825,214154,19500,41575754,ransom,
803562,4605,88753,8551,6952695,ransom,
5855200,7080,246547,26124,57991933,ransom,
428122,3822,22691,1429,5179151,ransom,
5224453,6531,189554,26590,51736979,ransom,
3462049,2614,89284,12328,35055260,ransom,
5027504,18190,221057,21844,49167827,ransom,
7116787,33555,328625,29081,69887179,ransom,
6597979,19846,350163,28434,65439175,ransom,
2199802,6215,140964,13993,20956240,ransom,
812663,1782,40308,3863,8013495,ransom,
937421,4158,83395,7310,8326177,ransom,
2937006,4765,131268,14164,28716760,ransom,
5573813,12284,170300,17770,55972414,ransom,
7401747,39007,380252,32329,72128905,ransom,
5859857,15084,306540,25967,58311597,ransom,
844921,4678,91659,7958,7333392,ransom,
1961285,4305,116956,10659,18693648,ransom,
197955,1396,22413,1623,1767596,ransom,
3752666,5028,163573,16878,36897849,ransom,
6810999,4436,207924,24182,68874361,ransom,
3639075,6798,143952,15064,36773109,ransom,
4206228,7184,195655,18778,41317689,ransom,
1264841,1581,49233,5253,12558786,ransom,
1266768,5576,103153,12727,10987649,ransom,
1240058,1758,50770,4635,12303326,ransom,
3126018,2284,94880,10469,31525308,ransom,
6660905,6649,257497,24455,63625982,ransom,
7637300,16522,402094,26081,71656644,ransom,
7745269,27671,442356,29436,70591217,ransom,
4685792,44083,437052,31576,35008672,ransom,
3978326,44235,339327,13999,37741182,ransom,
3194262,38846,391843,17884,29787834,ransom,
2445278,2163,76208,8850,24558497,ransom,
1341026,1748,51567,5542,13372738,ransom,
49722,1259,15872,1107,274057,ransom,
995358,1616,44592,4515,9857610,ransom,
1541842,1549,44060,5620,15485435,ransom,
6159992,3911,182255,22320,62187624,ransom,
3605559,5032,80014,11248,37686973,ransom,
4006754,19951,161931,12970,39494939,ransom,
2772655,23590,146540,9688,26772074,ransom,
7104624,31668,331708,26974,70295080,ransom,
6729951,4758,205392,25411,67973634,ransom,
1128090,1435,41170,4486,11180131,ransom,
1377198,1332,41845,4833,13783246,ransom,
45070,976,9421,676,251292,ransom,
367873,1177,21692,1853,3498297,ransom,
333737,1946,29677,1887,3074442,ransom,
1906893,1699,58377,7328,19147181,ransom,
2147749,1828,61661,7826,21631747,ransom,
4840041,9228,119204,14648,44963910,ransom,
1641486,8757,65704,5891,16206211,ransom,
3574773,20548,163549,11753,35103041,ransom,
2242602,17097,192136,11566,21538198,ransom,
3156125,2171,89444,10867,31806368,ransom,
6019303,2647,143618,19764,61012046,ransom,
1334042,3030,55360,5307,12788955,ransom,
2959148,3728,84994,9593,31276128,ransom,
424218,3617,35365,2410,4052621,ransom,
2818950,8573,102735,9109,28183720,ransom,
3202638,21808,166093,10850,31238851,ransom,
3915112,40653,303914,13173,37229599,ransom,
5008431,55056,465359,20757,47524767,ransom,
553549,7529,137401,8367,4351096,ransom,
528015,1136,20555,2071,5158432,ransom,
52851,1478,20693,1193,291216,ransom,
47307,1084,12299,667,262012,ransom,
60699,1540,22656,1199,332383,ransom,
5418903,2603,127955,18182,54876983,ransom,
8241401,5454,223149,28925,83433588,ransom,
1848060,11786,104478,7133,17995032,ransom,
6112958,25522,236555,19019,60695865,ransom,
908866,34322,186021,2809,7035989,ransom,
4222034,40342,306170,14105,40501663,ransom,
3202328,42867,392738,17710,29631476,ransom,
4006222,5173,129491,14211,41435648,ransom,
831855,1148,28251,3312,8248523,ransom,
54518,1491,21913,1279,300312,ransom,
46732,1034,11822,658,258931,ransom,
170282,1310,23729,1391,1494963,ransom,
3922098,3482,134644,14341,39449828,ransom,
6552784,6453,228317,24579,65962559,ransom,
1591025,1817,54284,6245,15909261,ransom,
5199858,4386,180804,19278,51807638,ransom,
51679,1242,17302,1067,284563,ransom,
4871035,4398,115201,15979,49294637,ransom,
1032789,9735,64769,3726,9892301,ransom,
4045963,19344,163865,13945,39986873,ransom,
6440391,35138,305907,21415,63401600,ransom,
3902860,53507,402844,13212,36402477,ransom,
4369552,64960,488267,14055,40431678,ransom,
782685,63929,519176,5692,3727298,ransom,
135890,5363,89605,4763,692100,ransom,
358692,3503,15947,1157,4503415,ransom,
30998,1069,16689,1109,167518,ransom,
35156,1285,22067,1372,187542,ransom,
2702547,2253,74866,9420,27306839,ransom,
4114728,4594,125718,14424,41560585,ransom,
5411666,11025,153949,17040,54355369,ransom,
8942363,25744,271600,29641,89598985,ransom,
1792096,40586,229193,5545,15638282,ransom,
4825276,48574,351049,15613,46107583,ransom,
2755507,37683,387858,18162,25336504,ransom,
1722797,1661,60073,6690,17252950,ransom,
47443,1157,12178,829,262616,ransom,
49915,1207,15918,1112,276107,ransom,
53405,1427,19607,1211,293529,ransom,
1494459,1856,51156,5553,14958329,ransom,
6223836,5240,158427,20675,63024364,ransom,
5088867,24555,210476,16376,50249752,ransom,
6753370,42750,340422,23418,66186429,ransom,
4726636,54039,363264,14159,46063538,ransom,
2619293,57065,381553,7813,23038158,ransom,
3622562,29869,346434,20354,34635899,ransom,
3798157,1427,56631,10605,38659804,ransom,
1551879,907,25050,4334,15626208,ransom,
52117,1367,18002,1048,286064,ransom,
1534019,1603,44533,5647,15473162,ransom,
727289,1713,41545,3228,7017616,ransom,
6558677,3235,149161,21312,66477000,ransom,
6819317,10437,163232,22127,68964019,ransom,
6627856,30448,256401,21612,65617839,ransom,
5186124,38395,274511,17387,50501476,ransom,
3345539,49648,323603,9953,30934868,ransom,
7397033,57615,453229,24101,71870798,ransom,
2369423,66049,457103,6083,19908375,ransom,
512644,22890,262975,10523,3358984,ransom,
2159372,1823,46976,6984,21727896,ransom,
46849,1105,11288,801,260873,ransom,
365030,3876,22171,1467,4537938,ransom,
1643179,2025,62069,5860,16411232,ransom,
5092772,3628,159892,18360,51436321,ransom,
2628078,4007,96810,9311,26269379,ransom,
6770156,12658,189141,22127,68235978,ransom,
734503,25291,140153,3183,5823920,ransom,
4332191,30825,217600,13960,42253211,ransom,
1978689,42000,251707,5507,17428176,ransom,
5242442,54999,417777,18158,49987232,ransom,
2621139,64215,464464,7526,22608182,ransom,
516695,44463,426091,10552,2010628,ransom,
41518,819,3675,140,234400,ransom,
86226,3222,37760,1603,428823,ransom,
61859,1681,24833,1427,339542,ransom,
168555,2472,37893,2200,823322,ransom,
510937,1079,19569,2076,4992126,ransom,
2198525,2110,60849,7990,22116690,ransom,
4930193,3005,136762,17502,49809356,ransom,
2001933,4891,56613,6018,21162988,ransom,
5103461,18575,190559,15858,50834278,ransom,
679322,25341,125304,2342,5262487,ransom,
4665858,31723,218912,14854,45575591,ransom,
643763,36802,202179,1666,4191543,ransom,
5771868,46627,372609,19435,55947781,ransom,
2214605,55636,399010,6329,19013678,ransom,
2945405,38602,424637,19576,27187778,ransom,
135025,685,6910,453,1183887,ransom,
48570,1133,13238,849,269762,ransom,
54762,1567,21853,1263,299986,ransom,
50257,1251,16535,902,278396,ransom,
581863,1191,24365,2476,5768580,ransom,
6090643,4021,178747,21769,61452254,ransom,
7078600,14956,218239,23091,71105735,ransom,
3283803,23926,170155,11858,31975134,ransom,
2703850,37992,252422,9193,25084536,ransom,
3396548,44004,319782,11813,31833366,ransom,
4838239,58347,429336,15379,46846100,ransom,
2124433,65084,461635,6102,17433400,ransom,
505532,43319,411609,10569,1972281,ransom,
39163,599,958,46,221578,ransom,
51405,1351,16320,1093,284616,ransom,
48745,1205,14579,900,270185,ransom,
92667,1554,21981,1347,685097,ransom,
3002334,2093,80159,10870,30386855,ransom,
5282944,3186,127614,16237,53428830,ransom,
6689558,21130,210501,21207,66822743,ransom,
4491545,31442,225679,14859,43896210,ransom,
3125849,46375,297249,9973,28815530,ransom,
5667254,56645,419479,18060,54234829,ransom,
6068824,43435,458008,27437,58821954,ransom,
367847,3953,54200,3988,1657319,ransom,
906871,3999,224801,6130,4032628,ransom,
3187049,7718,257459,12960,25630721,ransom,
3256281,13549,302387,27597,19614060,ransom,
6257047,5549,162493,20479,62693647,ransom,
7098381,16229,192178,21690,73028467,ransom,
5438362,27921,222728,18087,53747630,ransom,
4252272,46486,322341,13869,40360119,ransom,
3770056,52715,387054,12041,35084767,ransom,
3787714,61927,473398,14080,34687602,ransom,
333594,12235,176299,9031,2172652,ransom,
41989,806,5010,325,238041,ransom,
50416,1379,16961,1050,277028,ransom,
49819,1269,16072,969,275413,ransom,
54144,1489,22109,1328,297899,ransom,
1672316,1815,56098,5891,16743868,ransom,
2565822,1875,69054,8832,25867435,ransom,
3773810,6776,113316,12805,37939960,ransom,
2241231,13390,101675,7048,22018643,ransom,
3056300,28837,187078,9748,29266659,ransom,
1108386,30515,157556,3414,9363521,ransom,
4010748,37889,271023,12704,38464097,ransom,
3616972,46292,325785,11659,33887580,ransom,
2804218,53261,357818,7914,26373161,ransom,
4594138,59024,462695,15407,42567514,ransom,
1607360,26874,311747,14993,14290861,ransom,
1983927,1155,30998,5398,20039014,ransom,
51328,1417,15639,946,283131,ransom,
60248,1530,21451,1179,330833,ransom,
52867,1459,19457,1079,290763,ransom,
3560583,2347,94705,12228,35963969,ransom,
6571729,3784,184771,23509,66583290,ransom,
2509493,7852,101797,8897,24844918,ransom,
7370431,18319,226832,24200,74108775,ransom,
2143031,34889,223238,6682,19501364,ransom,
2783273,36962,247730,8626,26062444,ransom,
2748014,19713,256684,15589,26395482,ransom,
3273754,2105,94135,11395,32954972,ransom,
587018,1381,27993,2723,5734857,ransom,
1238156,1652,42881,4754,12356460,ransom,
405235,1169,21180,1951,3911173,ransom,
2138468,4584,73042,7254,22498667,ransom,
8559217,3906,205851,28102,86775341,ransom,
3714452,3951,87219,11830,37650252,ransom,
3787117,21611,179389,13216,36806428,ransom,
3610793,26328,187076,12022,35163914,ransom,
3772742,42558,305788,12791,35721282,ransom,
7012210,56880,478693,23912,67952342,ransom,
649512,67835,471156,692,2206400,ransom,
748808,58845,530798,8193,3638582,ransom,
88324,1567,24872,1675,488480,ransom,
43363,926,7733,463,244332,ransom,
53618,1443,20011,1117,293707,ransom,
48405,1170,14125,775,269556,ransom,
79958,1174,16999,954,601509,ransom,
4465468,3046,127289,15339,45104750,ransom,
8097952,13976,223005,25990,81552477,ransom,
1292355,26340,143324,4266,11477383,ransom,
5433693,45191,329615,18427,52516360,ransom,
3205633,54483,358548,11586,29945735,ransom,
1545225,58877,381672,4311,11941050,ransom,
2205867,62584,449971,6524,18479022,ransom,
810924,66566,462719,965,3965214,ransom,
550920,47346,447413,10528,2136099,ransom,
45157,954,9680,553,252719,ransom,
43081,836,7550,393,242089,ransom,
48153,1247,13421,743,267163,ransom,
1313489,1326,29375,4045,13206693,ransom,
6465763,2251,112273,18328,65676123,ransom,
8691535,3811,202796,28808,88111280,ransom,
1785414,1657,51864,6613,17925502,ransom,
8318173,8420,204343,28364,84188712,ransom,
495706,13700,79164,1986,4214450,ransom,
6516392,26119,247672,20666,64738503,ransom,
3681741,34310,235926,11836,35371335,ransom,
4597824,47931,326329,14927,43833770,ransom,
3585160,48701,391013,16380,33407019,ransom,
3073327,7859,144126,14039,31640793,ransom,
263153,950,13147,1288,2476800,ransom,
54679,1483,21192,1390,299475,ransom,
47571,1112,12983,811,262941,ransom,
51800,1344,18112,1110,285512,ransom,
2558446,4774,121640,10171,25425154,ransom,
7329849,7787,210913,25611,73969804,ransom,
2607673,18224,139831,8891,25025367,ransom,
6633570,31576,272378,21570,65654100,ransom,
1654902,41105,252323,5620,14271219,ransom,
2069025,49869,347198,6147,17790543,ransom,
3851260,44047,455619,22129,36051166,ransom,
1315420,966,27321,3950,13201231,ransom,
52429,1391,18042,1123,288780,ransom,
51486,1380,17595,1035,283468,ransom,
121453,1503,23316,1328,979072,ransom,
3924311,2340,99329,12662,39657409,ransom,
6453049,7021,163523,20777,65275935,ransom,
4562786,28496,202714,13534,45876403,ransom,
5928049,34676,263956,19587,58326550,ransom,
4268211,46823,310750,13311,40544205,ransom,
4121325,52289,426159,18105,38601857,ransom,
4245687,5214,152416,17007,42629728,ransom,
1972751,1623,44405,6390,19845757,ransom,
44238,878,8537,545,248735,ransom,
49438,1216,15151,996,272625,ransom,
2041776,1938,60890,7365,20603638,ransom,
6608086,4563,196949,23694,66721185,ransom,
4252321,3215,137720,15511,42727980,ransom,
2440984,2019,72628,8292,24653021,ransom,
3093091,2981,110441,11466,30971712,ransom,
273065,1223,20095,1673,2534535,ransom,
1737522,2229,67001,7284,17334456,ransom,
3583554,4263,90145,10818,36205930,ransom,
3392749,14873,130288,11545,33646177,ransom,
6935892,35835,303602,23025,68443265,ransom,
9154707,56142,456515,30183,91164743,ransom,
2187392,65513,450571,6070,18078330,ransom,
1195103,51167,464974,11828,8591042,ransom,
54041,908,21449,1557,291525,ransom,
48933,1294,13231,751,270503,ransom,
54210,1565,20510,1132,297136,ransom,
51687,1351,17855,976,285760,ransom,
725019,1247,30012,3046,7139651,ransom,
6524195,3829,167451,22453,66026391,ransom,
6460990,19342,211199,21037,64581330,ransom,
7891820,34641,300303,26409,78358867,ransom,
1034430,47703,281398,2511,7425213,ransom,
3300114,55432,398027,11427,29779895,ransom,
2299741,61718,408900,6777,19463827,ransom,
1434334,24134,290492,13633,12604274,ransom,
59536,1100,11101,575,333418,ransom,
51536,1418,17728,1004,282332,ransom,
181060,1347,18964,1137,1605802,ransom,
361629,3709,18178,1131,4520451,ransom,
829340,1321,31724,3026,8209840,ransom,
4441109,3070,136183,16179,44872328,ransom,
1805273,1720,59388,6433,17999895,ransom,
5355236,9625,163034,18857,53890649,ransom,
838010,21065,113619,3141,7163762,ransom,
3445567,24931,176553,11600,33570713,ransom,
973126,33547,177085,3037,7721508,ransom,
4069742,39365,280388,13419,39103296,ransom,
2665678,50920,348136,7546,23813423,ransom,
2381387,33450,360975,16383,21778448,ransom,
2709262,3928,94036,9997,27107830,ransom,
48712,1183,12993,934,271504,ransom,
166142,2247,35036,2300,812345,ransom,
78119,1458,20013,1286,543077,ransom,
183787,1508,19238,1153,1613589,ransom,
5641154,4322,155680,19208,57016515,ransom,
8611630,24391,260917,27131,86239574,ransom,
3661233,37461,254019,13303,34948586,ransom,
4536955,53428,367942,14075,44102356,ransom,
2443418,57096,385211,7681,21243497,ransom,
1552476,62645,419897,3958,11789539,ransom,
1241972,41211,394904,15461,9591788,ransom,
867044,4900,173397,4658,3849217,ransom,
1186897,7778,268393,8308,5205792,ransom,
2761272,14207,347592,26979,12611158,ransom,
53536,1401,20547,1271,296232,ransom,
3148761,2668,97639,11473,31730989,ransom,
7527391,6701,203167,27032,76083835,ransom,
3445765,16867,145929,11745,34061489,ransom,
7493568,30840,280634,25490,74470936,ransom,
840153,42379,244394,2781,5810315,ransom,
4854241,47534,351247,15660,46482207,ransom,
3691000,57599,427895,12438,33999228,ransom,
1623531,59188,514000,11093,12598209,ransom,
100173,2244,39713,2812,542045,ransom,
43904,912,8310,514,246186,ransom,
374302,4200,23945,1545,4587955,ransom,
54788,1602,21107,1307,299978,ransom,
46758,1088,11831,674,259885,ransom,
7284809,5912,187077,26179,73777895,ransom,
6592279,10339,225246,24530,66313954,ransom,
3278547,10698,120096,10714,32779058,ransom,
3388493,25760,191624,10912,32847518,ransom,
3819878,31303,219435,13957,36974531,ransom,
5290070,12801,249468,22953,52766411,ransom,
1898144,1895,64597,7753,19012584,ransom,
45261,924,9200,568,253321,ransom,
1219277,1833,49829,5638,12121063,ransom,
3525838,2720,107696,12796,35601505,ransom,
1977843,1936,64700,7387,19820242,ransom,
7523066,10242,171132,23346,76039520,ransom,
5555255,19590,198928,17764,55396285,ransom,
3736354,36390,258017,12219,35788729,ransom,
6161731,46254,356990,19334,59919362,ransom,
6583011,61722,445573,20442,64511757,ransom,
1772236,65778,459934,4362,13830212,ransom,
552960,47740,447427,10528,2137226,ransom,
37277,527,743,0,211410,ransom,
45816,1079,10691,597,256599,ransom,
53853,1600,21151,1155,295171,ransom,
49779,1235,15177,841,275511,ransom,
305956,1137,15216,1412,2927197,ransom,
5514909,3708,162047,20005,55703254,ransom,
7666105,17466,231649,25729,76996642,ransom,
2856587,30046,190200,9523,27193886,ransom,
5607561,44530,318150,17626,54376644,ransom,
5037478,54646,389616,16386,47923069,ransom,
3176297,58318,469447,15165,28574926,ransom,
326952,5368,96289,6489,2581367,ransom,
57511,1521,21370,1281,339448,ransom,
525418,3634,51836,3155,4860865,ransom,
6167857,3680,172660,21361,62384732,ransom,
8920431,7200,213806,29158,91253981,ransom,
2910465,22584,177462,12970,27664653,ransom,
5402385,59743,320036,24901,48103039,ransom,
1429198,32191,205860,4975,12467059,ransom,
9228687,46808,435892,31159,91277319,ransom,
3075580,35297,399891,20181,28601801,ransom,
54823,1613,21035,1365,300625,ransom,
234496,1447,23358,1678,2138233,ransom,
2057426,1865,59348,7366,20693099,ransom,
7374078,4367,213656,27670,74587803,ransom,
6450415,7402,191236,22917,65035592,ransom,
1879940,11626,95096,6826,18431927,ransom,
4399115,26273,205761,15036,43130839,ransom,
3190177,32808,219899,10552,30449896,ransom,
10215246,17395,400162,42028,102532248,ransom,
658726,1632,33590,3557,6429670,ransom,
52272,1354,18781,1217,287158,ransom,
52974,1319,18421,1284,292809,ransom,
4902968,5750,148475,16852,50489849,ransom,
6443383,3579,181048,23410,65193108,ransom,
3557838,2524,111873,13322,35823683,ransom,
4074800,2497,115100,14284,41219204,ransom,
2058169,2107,74643,7755,20529630,ransom,
502854,965,17690,2043,4911174,ransom,
2293106,5430,81764,7659,22920992,ransom,
5618748,12844,169269,19690,56491004,ransom,
3348536,28447,214130,11767,32334945,ransom,
10117682,47395,444095,33006,100387133,ransom,
3059787,30856,360300,21107,28692127,ransom,
53200,1446,20065,1308,292792,ransom,
173939,1710,29353,1709,1485834,ransom,
1178675,1428,40409,4709,11813550,ransom,
8315875,6775,245050,28726,83997057,ransom,
7196279,21157,225576,23022,72056686,ransom,
3923971,30547,224918,13843,38054336,ransom,
2443781,42763,275669,8605,22102844,ransom,
7351213,62725,488952,23804,72238064,ransom,
345139,24349,287374,11473,1470688,ransom,
32871,1113,17329,1013,177049,ransom,
2785561,2435,92410,10302,28002838,ransom,
3280896,2201,93925,11990,33131792,ransom,
5984224,8831,145676,18727,60463939,ransom,
8167203,27703,275694,26475,81501375,ransom,
2925563,41497,255120,9051,27192950,ransom,
8970593,54382,494560,33392,88000069,ransom,
878380,10294,172869,11110,7829745,ransom,
54007,1535,19137,1181,296603,ransom,
49541,1206,15355,829,273137,ransom,
5049424,3941,155528,18295,50978474,ransom,
8382777,18205,255251,28602,84284647,ransom,
3186617,36936,254845,10436,30078034,ransom,
2810592,43803,316246,11071,25790959,ransom,
4828963,8952,239704,21906,48191631,ransom,
726581,1824,40578,3534,7059171,ransom,
363816,3768,20473,1262,4532288,ransom,
51085,1179,16054,986,282745,ransom,
5175226,3511,159099,18478,52242569,ransom,
8386152,9112,216048,26744,84782573,ransom,
3472226,31832,236184,12249,33232378,ransom,
3274179,33325,236886,11259,31264420,ransom,
7624776,49538,455034,28570,74087381,ransom,
2400811,10512,201816,16328,23298864,ransom,
60216,1751,20662,1419,340322,ransom,
54300,1435,20105,1356,298552,ransom,
2712330,1349,49635,8061,27446509,ransom,
8430862,2651,154617,25567,85681289,ransom,
11495414,4336,182962,33886,116937123,ransom,
5831540,10696,121339,16692,58912599,ransom,
8946715,20301,203162,25297,90012868,ransom,
5491862,65640,146749,5595,51825353,ransom,
22396505,49874,472469,66401,223992262,ransom,
9977539,6167,220036,32664,101166092,ransom,
11284019,4224,185247,34197,114316938,ransom,
161580,2246,20719,1423,2942375,ransom,
3422975,1979,76790,10684,34622984,ransom,
49960,1240,15996,1117,277190,ransom,
4742926,4953,131161,15836,47899169,ransom,
9164787,22428,271218,29852,92126552,ransom,
2708593,39731,248577,9014,25028529,ransom,
7563131,54298,443381,26467,73710039,ransom,
1874623,14730,232155,16558,17702451,ransom,
187086,1783,36302,2296,1268775,ransom,
52634,1407,17794,1084,288238,ransom,
1877408,1676,59630,7050,18851985,ransom,
8291138,5968,230739,27599,83881370,ransom,
5189168,23276,203870,16939,51328976,ransom,
5496945,30021,234010,19545,54193634,ransom,
3113636,22105,280155,16973,29926332,ransom,
2916354,2797,103571,11136,29278017,ransom,
1804697,2078,69892,7451,18058131,ransom,
1023667,1562,37816,4065,10148633,ransom,
1932312,4080,61926,6367,20498352,ransom,
2898258,6456,98732,10163,29002712,ransom,
7835302,26385,257273,26151,78257354,ransom,
7663183,40789,333715,25613,75641465,ransom,
6410981,49847,508842,28484,61946755,ransom,
2598997,2430,71387,9578,26176750,ransom,
53774,1396,19396,1268,296811,ransom,
99638,1413,19777,1213,763484,ransom,
6710365,3899,188513,22703,67907735,ransom,
8190288,18417,255180,28305,82283926,ransom,
3888386,37049,252896,11995,37246842,ransom,
3603737,45416,299206,12454,33849866,ransom,
6364116,44595,565383,35521,58511960,ransom,
1356549,6889,277022,8347,7551966,ransom,
1452109,7657,235046,8820,8094067,ransom,
2806190,11964,237532,24217,17009764,ransom,
7209360,5216,197850,24801,72917802,ransom,
8703535,18638,234673,26826,87541728,ransom,
1885543,33934,182686,5015,18319057,ransom,
5951785,45782,342298,21070,57785812,ransom,
6003108,45131,488820,30477,57992391,ransom,
2956486,1665,53190,9052,29921392,ransom,
52994,1365,18991,1300,292000,ransom,
275660,1583,31138,1994,2513808,ransom,
3859146,3721,149346,14066,38722415,ransom,
7471466,8344,185706,23067,75688405,ransom,
2538794,25304,154625,8351,24092151,ransom,
2579537,32203,215600,9906,24157810,ransom,
3678496,39877,270450,11778,34930459,ransom,
7372658,59445,504248,26867,70839402,ransom,
4035405,67062,479302,11106,36914449,ransom,
1169889,16790,120602,3533,10858279,ransom,
402579,21666,115487,10318,1997113,ransom,
738913,5017,207549,31787,3692976,ransom,
873434,7756,232711,37835,4251027,ransom,
684237,28281,139965,14414,3283590,ransom,
0,0,0,0,0,ransom,
2590692,30971,188301,8430,24434463,ransom,
3244975,40425,248340,9377,31756375,ransom,
6314494,52084,422234,21490,61224454,ransom,
3483648,61230,476858,12523,31575827,ransom,
1523823,11069,187841,12342,14381629,ransom,
22709,462,4046,293,127081,ransom,
33521,1162,17780,1254,181263,ransom,
48792,1260,14821,948,271273,ransom,
183220,1586,26398,1712,1594214,ransom,
1209996,1522,43307,4685,12053572,ransom,
3837946,2766,112045,13265,38717395,ransom,
3734100,6463,129498,12315,37454398,ransom,
4039963,14624,147293,13551,40154558,ransom,
1195781,27076,159387,4190,10371022,ransom,
1697160,28480,173476,5421,15454002,ransom,
3278392,37542,253136,10051,31012455,ransom,
5514298,49411,381672,18634,53234631,ransom,
2944855,64390,486562,9423,25801614,ransom,
539214,47318,441054,10974,2081497,ransom,
158146,2301,21835,1304,1072925,ransom,
261954,3088,19410,1226,3765713,ransom,
48697,1171,14321,743,269012,ransom,
7594349,5530,238201,26877,76576078,ransom,
7785179,5143,218138,27662,78784893,ransom,
2220697,15373,126055,7631,21530049,ransom,
1490368,16284,111067,5763,14145292,ransom,
1131342,22831,147822,4053,10028007,ransom,
5834152,31353,285522,19287,57568496,ransom,
7664209,53578,469881,25708,74768992,ransom,
1599631,23328,296863,16300,14319459,ransom,
42765,892,7731,537,239851,ransom,
58895,1502,20468,1075,323668,ransom,
376174,2350,43125,2907,2979796,ransom,
2963652,3635,116734,11850,29763519,ransom,
6136812,4856,199268,22487,61821435,ransom,
7419647,4559,217277,26638,75141709,ransom,
2134348,2165,75575,7559,21241356,ransom,
50584,1364,18359,1115,278533,ransom,
1774588,4289,64469,6320,18816649,ransom,
1785969,2061,67627,6661,17871912,ransom,
3497392,8367,119748,11869,35016656,ransom,
6651323,21940,215632,21617,66512457,ransom,
5632181,34091,258001,18510,55310230,ransom,
6410279,52945,388506,21069,61985708,ransom,
4871762,41973,447257,26084,46645611,ransom,
43501,983,9092,740,244374,ransom,
40813,805,6892,506,229212,ransom,
61318,1857,30864,1947,333846,ransom,
4115385,3052,109181,15942,41671364,ransom,
6606914,4167,187340,24859,66778456,ransom,
8250997,11610,225001,27607,83268547,ransom,
1910566,21653,126786,7310,18139976,ransom,
4880193,36307,309606,18820,47311875,ransom,
6327744,7858,252635,25982,63534502,ransom,
780929,4704,91996,6078,5396021,ransom,
3797560,5458,331735,17985,32829723,ransom,
1979327,12269,301260,10979,13539221,ransom,
9320568,63128,1248636,139664,50874930,ransom,
493809,1827,42276,2678,4806074,ransom,
2863382,8246,113632,9030,28521082,ransom,
1915525,20512,134904,5816,18163746,ransom,
3960357,36834,256758,14692,38025280,ransom,
882185,47332,264004,2471,5893383,ransom,
6657547,52653,502115,29176,64313704,ransom,
1396319,3401,82079,7648,13819170,ransom,
41156,821,7343,516,232455,ransom,
62362,1955,33853,1792,336262,ransom,
43670,873,10200,474,245820,ransom,
7316511,3797,186654,25889,74082860,ransom,
4112185,2289,105112,14590,41682971,ransom,
5206118,8434,164956,18548,52279306,ransom,
5527178,13850,166785,18676,55534534,ransom,
1423323,25903,165317,5068,12447656,ransom,
2301030,26821,170858,7121,21726807,ransom,
7834429,43862,350233,25838,78405904,ransom,
8574597,58376,564155,34185,83581576,ransom,
1216200,4077,90565,7667,11898360,ransom,
55804,1650,23307,1432,304279,ransom,
47527,1027,13307,774,264413,ransom,
824523,1500,30208,3192,8237138,ransom,
8913825,8496,247816,31788,90061795,ransom,
8870004,22401,265813,28430,89126683,ransom,
2805885,42635,269459,9525,25821952,ransom,
4837740,48719,333247,16116,46308898,ransom,
4999001,39694,446404,27198,48043120,ransom,
41572,880,6608,541,234827,ransom,
41880,912,7633,569,235058,ransom,
60344,1920,30946,1890,327217,ransom,
1182887,2178,57777,4792,11739792,ransom,
11018686,7866,291901,39436,111506744,ransom,
1323406,8384,73581,5476,12905756,ransom,
8092860,25147,261667,25794,80928724,ransom,
4133099,24425,278579,18896,40893331,ransom,
3987210,3149,121410,14420,40150592,ransom,
851311,1282,30038,3598,8446101,ransom,
3705047,2560,107976,13230,37344786,ransom,
416511,885,14082,1823,4076248,ransom,
561624,1628,35725,3331,5412646,ransom,
3438108,2623,102299,12210,34676745,ransom,
4762473,2763,121246,16662,48275300,ransom,
4501910,8503,120001,14497,45241190,ransom,
4735492,13288,142923,16523,47527274,ransom,
4755604,29175,238458,15836,46618767,ransom,
7617941,45256,384025,25826,74867949,ransom,
5609278,40780,469021,28682,54247648,ransom,
45775,1116,11330,860,254404,ransom,
46277,1156,13152,925,256886,ransom,
51170,1428,20115,1254,282662,ransom,
3292094,3098,108065,12522,33178425,ransom,
7129538,6941,208626,26234,72001270,ransom,
6976184,22761,228349,23758,70950507,ransom,
5011639,24774,317025,22418,49154593,ransom,
2020497,1774,63033,7023,20249780,ransom,
4265253,2858,127143,15705,43111835,ransom,
612429,1183,28279,2621,5918639,ransom,
57452,1367,19509,1089,315914,ransom,
58435,1744,29251,1609,319557,ransom,
8867005,4546,233076,31972,89888159,ransom,
8633828,8181,225859,28962,87261708,ransom,
3414320,17815,144204,11412,33715345,ransom,
4604619,32370,236603,15395,44845308,ransom,
5750134,38838,292251,19390,56235040,ransom,
7871059,57746,487672,27744,76671196,ransom,
1095596,12282,200014,12978,9896594,ransom,
47650,1133,12835,795,263951,ransom,
40816,736,4452,236,231859,ransom,
1418750,1552,43965,5258,14253944,ransom,
7814504,5213,208276,27265,79177462,ransom,
4159791,16306,133361,12887,42531074,ransom,
8812522,32521,369243,33520,87603243,ransom,
7805407,5142,210413,26569,78956273,ransom,
141243,1705,26695,1832,1122336,ransom,
3358513,2445,104448,12169,33836458,ransom,
2238931,1919,67234,8898,22541586,ransom,
3240843,3296,105852,12893,32656017,ransom,
8799530,17840,245110,28411,88584188,ransom,
1621827,30052,177254,5206,14555187,ransom,
8008450,32724,374059,31261,79388436,ransom,
4836165,3924,184576,19840,48641435,ransom,
52425,1418,19223,1172,288029,ransom,
50771,1285,18134,1102,279769,ransom,
244522,1465,27535,1657,2216129,ransom,
6511486,10133,194398,21262,65626507,ransom,
6202738,29644,252777,20712,61343281,ransom,
1738567,42325,259383,5316,15029630,ransom,
8882986,55219,448886,28604,87196721,ransom,
5072845,19079,297670,26209,49658022,ransom,
168778,2300,19787,1249,2999917,ransom,
53939,1492,19995,1147,297152,ransom,
2686039,3629,81818,9090,26929249,ransom,
7258199,3982,200023,23781,73397493,ransom,
5392229,8091,162390,17414,54279152,ransom,
5586824,17248,202263,19109,55030386,ransom,
3510455,31536,209276,11086,33705953,ransom,
2748775,33337,220709,8509,25909696,ransom,
5892618,47028,370214,20467,57143452,ransom,
6097813,24201,350689,27900,60235718,ransom,
4327648,1576,65884,12241,43916906,ransom,
45774,1064,11473,833,257012,ransom,
57423,1751,26968,1707,312503,ransom,
971452,1081,27132,3659,9684044,ransom,
2616643,1849,66680,9050,26412763,ransom,
3108205,2534,94341,11266,31327237,ransom,
3793308,8212,115940,12691,38175179,ransom,
2609080,21238,144211,7653,25209044,ransom,
2888060,27942,159505,8803,28899831,ransom,
3046026,35568,231248,9618,28757227,ransom,
3660933,43919,296659,12039,34554477,ransom,
4491099,55975,415892,15144,42273128,ransom,
2523360,30465,347098,18586,23367432,ransom,
69105,1166,14322,1081,482770,ransom,
42114,918,8475,608,235424,ransom,
39999,689,3747,285,226844,ransom,
769428,1458,30050,3690,7685664,ransom,
2869812,2714,92727,11320,28809295,ransom,
8015915,9730,220086,28851,80996805,ransom,
9069639,35369,350851,31543,90281988,ransom,
8827083,52984,532105,36731,86453400,ransom,
104912,4529,85294,5159,529588,ransom,
50640,1312,16318,890,280785,ransom,
129487,1444,22119,1325,1066705,ransom,
6085776,3332,155203,19595,61647454,ransom,
11016660,16033,264320,35160,111308473,ransom,
1569527,30934,193564,6904,15142294,ransom,
6460155,6404,234321,25890,64998644,ransom,
51122,1230,16031,983,282986,ransom,
5970727,3422,167564,20604,60385978,ransom,
177887,1199,17713,1338,1598595,ransom,
2311850,2905,84732,9107,23243237,ransom,
9287617,12629,216339,28763,93941062,ransom,
2593809,15058,189108,12446,25198194,ransom,
6344339,3918,189123,22926,64085339,ransom,
1650224,1549,53587,6156,16569512,ransom,
3696587,2657,119125,13188,37222672,ransom,
48030,1185,13929,1024,265037,ransom,
1042093,1807,47742,4760,10298686,ransom,
5432597,3022,142644,19508,55022389,ransom,
2977413,2293,91839,11416,29995689,ransom,
9021074,14300,241090,29230,90973594,ransom,
1430511,20505,127856,4688,13255949,ransom,
4503500,34087,283839,15987,43682160,ransom,
9494918,9380,273030,34215,97013317,ransom,
586450,1609,34901,3472,5659590,ransom,
2106010,1841,60567,7059,21204134,ransom,
1317763,1892,55727,5157,13089339,ransom,
47271,1019,11500,677,265868,ransom,
2730250,6171,106008,9524,27121868,ransom,
7731146,24388,291321,26415,76062022,ransom,
6952610,44195,496516,29209,63542261,ransom,
6079198,64944,730887,29096,51933453,ransom,
4529389,42954,707008,34987,32198829,ransom,
2466539,16443,245270,25121,11429164,ransom,
217486,4328,54837,2136,1027353,ransom,
5576244,7661,200532,20684,55263751,ransom,
6526206,5284,197428,23171,65600595,ransom,
3570126,15033,156521,15525,35236312,ransom,
5247331,18346,184351,16528,52409984,ransom,
2182209,31752,219843,7870,20139823,ransom,
5473706,36894,306410,18398,53611577,ransom,
7755651,61283,518168,28449,76368112,ransom,
342844,10193,161840,9135,2386831,ransom,
52451,1410,19663,1282,289662,ransom,
198971,1564,24027,1635,1759570,ransom,
5006697,3389,152458,18410,50591878,ransom,
7753207,8295,226186,27500,78282320,ransom,
2834878,22229,159246,9761,27445902,ransom,
3693423,28718,206512,12093,35790475,ransom,
3566112,41733,297158,13513,33258861,ransom,
6964062,54213,453932,24715,67578800,ransom,
934260,16796,239123,12660,7949958,ransom,
51206,1361,17905,1027,281854,ransom,
277969,1607,26237,1910,2543387,ransom,
3870536,3287,127976,14266,38703531,ransom,
6078753,5545,171581,20256,61400055,ransom,
6687654,25433,238185,22243,66567170,ransom,
324369,32832,149210,955,1125739,ransom,
4515810,33755,318828,20401,43674331,ransom,
6280109,6068,170220,21716,64612959,ransom,
873435,1771,43971,4225,8560116,ransom,
722033,1709,38186,3336,7074398,ransom,
109278,1199,18238,1149,858769,ransom,
3974935,4398,134636,14075,39988790,ransom,
5973550,19522,212637,18601,59662097,ransom,
2549534,40336,270941,9737,23283296,ransom,
3333962,8380,203537,15339,33033540,ransom,
435417,1308,26674,2289,4130248,ransom,
1768707,2054,70248,6812,17676026,ransom,
38804,597,2280,114,219500,ransom,
492922,1438,31002,2253,4765852,ransom,
2112379,3267,94973,9924,21184223,ransom,
8788870,14263,227942,29899,88688087,ransom,
11212817,44325,426065,39967,111750464,ransom,
3102758,32154,370990,21210,29033493,ransom,
48844,1203,13765,953,270686,ransom,
118676,1557,23743,1564,937517,ransom,
1144796,3877,38414,3728,12490666,ransom,
10489481,4101,211000,33502,106541967,ransom,
6347509,14637,169183,18285,63758515,ransom,
7283700,27237,243597,23367,72672466,ransom,
4249642,44613,320008,13786,40427577,ransom,
5581555,49393,386435,16969,53787218,ransom,
6816859,49051,532950,33241,65940131,ransom,
52767,1464,18477,1213,290086,ransom,
53120,1433,17924,1163,292707,ransom,
49772,1213,16181,1038,275447,ransom,
2997309,1946,82333,10453,30232794,ransom,
3280282,2110,89709,10661,33161477,ransom,
3393744,2391,96497,11844,34155257,ransom,
4843737,4224,140467,16916,48905542,ransom,
647383,11850,91629,3273,5721582,ransom,
979638,10002,74946,3472,9333394,ransom,
1474234,15346,102860,4658,14027257,ransom,
2950312,17699,146331,9551,28403308,ransom,
2048718,29917,157251,5117,19183911,ransom,
4236363,31494,214773,12698,42184651,ransom,
1338800,41807,250716,4014,10888371,ransom,
6289345,50811,396706,21924,60978572,ransom,
1072676,52409,439644,9085,7307086,ransom,
3577702,3649,127395,14460,35948881,ransom,
55807,1629,23265,1554,306056,ransom,
206955,1394,22585,1469,1869794,ransom,
1361772,1640,48033,4946,13643594,ransom,
10604868,9139,277370,35727,107364852,ransom,
6109418,31497,269640,20040,60291608,ransom,
2745994,39262,250543,9501,25469416,ransom,
6221653,52088,424431,21842,60261166,ransom,
2273986,15264,245695,17520,21681673,ransom,
54222,1590,20244,1328,299872,ransom,
52834,1484,19844,1219,287235,ransom,
2863798,2017,78719,9598,28909879,ransom,
6594696,3521,174942,23233,66697731,ransom,
5020468,8340,138282,16538,50561734,ransom,
7940174,26397,261764,25386,80539466,ransom,
1085900,37974,217957,3923,8571467,ransom,
3126923,38248,255949,10213,29473223,ransom,
8193404,52501,514476,33836,80017752,ransom,
140497,5522,98171,5953,795340,ransom,
44896,1019,10018,796,250529,ransom,
41941,873,8253,552,236774,ransom,
3250715,35576,415289,22491,22652526,ransom,
6311550,23408,326237,25094,59839351,ransom,
5944724,30738,370172,26762,53840345,ransom,
9307171,43085,412377,33692,91012713,ransom,
5380079,49011,436808,21965,51437789,ransom,
5037574,12336,257244,21165,49078865,ransom,
2826670,2994,100584,8365,27401719,ransom,
223341,2930,53488,1732,989042,ransom,
1944042,2976,96056,7114,18653808,ransom,
8108663,5311,247602,28450,81761715,ransom,
7636359,22018,304019,29725,74862931,ransom,
688595,21376,132447,4423,6028400,ransom,
3955717,27606,258579,13900,36879461,ransom,
3827236,55575,522527,21707,29781988,ransom,
6854149,24588,410230,34345,67394203,ransom,
2316467,11372,211323,25700,21724460,ransom,
62132,1677,22450,1279,339580,ransom,
217581,1431,23320,1567,1962701,ransom,
3157622,2379,91763,11005,31965684,ransom,
9417821,19484,274365,31885,94707824,ransom,
4999159,59386,353889,22036,47466508,ransom,
4866770,52325,440394,21779,46116127,ransom,
1451005,7234,140329,11958,14038865,ransom,
49993,1249,15678,1010,276521,ransom,
129786,1566,23715,1502,1053883,ransom,
6008330,3520,168825,19978,60760652,ransom,
8714939,9399,210330,26979,88211951,ransom,
4468975,28316,200330,13534,43712357,ransom,
642704,31628,160250,2812,4467497,ransom,
4639121,28994,302535,20794,46411695,ransom,
9828833,6918,262837,32601,99435145,ransom,
304407,1353,22045,1912,2825560,ransom,
61127,1513,22661,1479,335341,ransom,
367007,2266,41669,2476,2830024,ransom,
2469067,3304,78114,8747,24791330,ransom,
7134158,21302,236478,22297,71406550,ransom,
4410395,40400,292258,13350,42294020,ransom,
3135846,48625,339183,10409,28890360,ransom,
6297800,32443,421917,28903,61791997,ransom,
149662,1694,24321,1686,1242842,ransom,
434283,1346,22140,2216,4188597,ransom,
71918,1107,13212,864,540860,ransom,
3042352,1717,74247,10521,30716516,ransom,
6165684,3684,163066,21706,62462458,ransom,
1419843,11190,89001,5405,13678693,ransom,
5453898,23549,210551,17835,54123278,ransom,
589424,28042,205218,5804,4025359,ransom,
5960858,5814,160568,20740,61343022,ransom,
1431292,1403,42624,5043,14354161,ransom,
5219595,2761,138528,17758,52778602,ransom,
125832,1503,25019,1408,1019726,ransom,
2074213,1877,69566,7151,20820823,ransom,
696182,1436,29200,2977,6937596,ransom,
5632608,13844,182836,19000,56474714,ransom,
8035727,32306,314469,27068,79939600,ransom,
5754976,53698,425745,21477,55340364,ransom,
2253359,15457,246849,17142,21393773,ransom,
55012,1494,21133,1317,303213,ransom,
112046,1269,19308,1107,899445,ransom,
2703065,2256,87983,9922,27229418,ransom,
8944696,6648,207693,29968,90701511,ransom,
4634306,24865,206189,14252,45604483,ransom,
8861552,40964,382226,32909,85911393,ransom,
4126029,52133,549994,17901,34580014,ransom,
6270867,44793,664797,36177,55364573,ransom,
3937665,45603,571002,33581,20979699,ransom,
134117,5140,47909,3646,758317,ransom,
47430,1099,11846,737,262706,ransom,
1684444,5808,45233,5645,16933068,ransom,
2803274,8451,76216,10418,28042478,ransom,
2702910,23605,88978,11254,26407681,ransom,
2695463,1998,81060,9630,27129956,ransom,
793791,3440,34936,2938,7852223,ransom,
3340743,7169,92908,10636,33612258,ransom,
2147186,16244,108691,6704,20843264,ransom,
3845419,19442,147866,12642,38002098,ransom,
2310236,29766,172754,7466,21615162,ransom,
4574950,36806,264621,15037,44346058,ransom,
3589646,46712,328538,11025,33671441,ransom,
4985357,56189,434068,16885,47305183,ransom,
3656802,21724,316278,21433,35496331,ransom,
42140,932,7693,692,236415,ransom,
39909,817,6698,544,226511,ransom,
373963,4415,35725,2406,4582261,ransom,
482994,1559,29309,2437,4686260,ransom,
11154477,2855,185371,34015,113546397,ransom,
12881711,4953,197057,38340,131145696,ransom,
11394623,17793,231035,32644,115195234,ransom,
3565618,22036,142490,10919,35059897,ransom,
10615456,24382,316838,36283,106596687,ransom,
13431369,4856,223390,38831,136636467,ransom,
5008230,2427,101508,15547,50635704,ransom,
11484581,2317,179295,33544,116964273,ransom,
6330379,3145,134770,20507,63271061,ransom,
53417,1734,19831,1237,301961,ransom,
2228529,2495,84171,8053,22330299,ransom,
3866939,2895,129439,14437,38975212,ransom,
3857838,3163,137559,13395,38567810,ransom,
5417055,3790,183727,20303,54531535,ransom,
118334,1291,19762,1254,957356,ransom,
4355156,3418,160627,16436,43808633,ransom,
361029,3531,19383,1207,4516309,ransom,
2614367,2400,100745,10176,26209248,ransom,
2160739,2120,84095,7940,21679583,ransom,
2743210,2422,101652,10476,27500751,ransom,
7044422,9179,188621,22943,71188178,ransom,
1755732,23480,145838,6168,16316911,ransom,
5852479,30762,248720,19501,57747306,ransom,
5743024,15151,296072,25944,57212961,ransom,
2877496,2558,99244,10901,28811705,ransom,
53002,1439,20058,1154,291198,ransom,
1369900,7396,112445,9492,12576789,ransom,
44307,920,8405,493,246707,ransom,
7195406,7044,244339,29675,71857652,ransom,
6428129,3781,188053,22997,64880686,ransom,
3990205,7338,184325,20801,39146884,ransom,
3871586,5422,175474,19639,37916319,ransom,
283729,1499,30922,1973,2379803,ransom,
3318866,4942,161387,17307,32406806,ransom,
122785,1748,15713,995,838313,ransom,
3687814,5743,146324,17201,37521731,ransom,
8339292,8173,269930,32337,83416986,ransom,
3938021,12107,122230,12284,39410246,ransom,
6981111,31498,314768,28214,68279190,ransom,
1300966,36780,221715,4049,10917033,ransom,
10144053,55578,541593,42704,99092805,ransom,
2203723,28891,370730,23512,19394928,ransom,
55813,1570,22401,1561,306211,ransom,
239832,3991,71789,6489,1169720,ransom,
2740015,2661,97792,10573,27549095,ransom,
6700293,7968,240530,27810,66669293,ransom,
5669061,22282,262177,23692,55505579,ransom,
4472792,27119,216351,15091,43912108,ransom,
4288952,45276,355826,19762,39947719,ransom,
10885669,52861,566902,46141,107423519,ransom,
273401,6487,120855,9983,1327395,ransom,
393667,4135,83482,7683,2719432,ransom,
71838,1872,29183,1761,392962,ransom,
2310621,9059,121439,12909,23315442,ransom,
12323568,15853,339635,43320,124484574,ransom,
9051665,32113,373458,36833,89609766,ransom,
2164878,49507,363246,13227,17937378,ransom,
6958536,55128,495404,26746,67453244,ransom,
732677,14456,214045,15244,5413181,ransom,
137031,2621,25391,2993,1115727,ransom,
287914,4745,80160,6835,1651161,ransom,
2152112,5047,133458,13164,20547078,ransom,
4126601,3018,123746,14551,41583059,ransom,
4374175,6325,192735,21202,43073761,ransom,
3921356,2386,111227,13852,39589359,ransom,
2950796,7736,182042,17065,28382840,ransom,
1566180,5015,105410,11355,14723436,ransom,
1803812,1694,54376,6366,18043101,ransom,
1068518,7376,99710,9553,9367234,ransom,
2101637,4400,91748,11175,20851879,ransom,
5712305,7086,227234,25011,56606695,ransom,
5650076,9265,229422,25110,57073026,ransom,
4356429,2958,143535,15947,43840895,ransom,
2109787,4623,122125,12862,20253692,ransom,
1400138,2054,66168,5614,13798661,ransom,
1782609,4935,124960,11904,16805696,ransom,
2390575,8753,144220,14600,22980294,ransom,
5463677,6412,144661,17138,55190888,ransom,
4370307,27852,246486,24392,42143015,ransom,
4593269,35050,266034,15102,44563078,ransom,
6398557,52357,414137,27122,61418497,ransom,
5600392,62211,593288,31409,52213209,ransom,
877098,5241,101365,7601,8386643,ransom,
243814,7522,85169,7345,1190287,ransom,
49305,1174,14526,843,273168,ransom,
7203415,7466,249345,29162,71898193,ransom,
8256187,16757,271235,31707,82275975,ransom,
2776507,25076,163079,8994,26772303,ransom,
6314941,49689,496598,39412,59903936,ransom,
4805097,7744,184768,17975,49383223,ransom,
241793,5441,81405,7249,1180161,ransom,
1029936,4541,101186,9671,9141949,ransom,
1029814,2023,47902,4725,10148421,ransom,
5518092,8173,224376,24953,54693325,ransom,
9459753,23865,287886,32591,94966487,ransom,
943249,38977,251496,8084,6194675,ransom,
6666058,41840,416802,31998,64547969,ransom,
5065600,4762,195389,20159,50947503,ransom,
325781,8500,92732,9374,2003957,ransom,
53981,1503,20167,1182,299039,ransom,
615444,4470,77116,7530,5073924,ransom,
9147341,9709,310036,36843,91505433,ransom,
8765117,24480,282572,28337,87837191,ransom,
695227,38598,264933,8848,3701123,ransom,
4174960,8825,214154,19500,41575754,ransom,
803562,4605,88753,8551,6952695,ransom,
5855200,7080,246547,26124,57991933,ransom,
428122,3822,22691,1429,5179151,ransom,
5224453,6531,189554,26590,51736979,ransom,
3462049,2614,89284,12328,35055260,ransom,
5027504,18190,221057,21844,49167827,ransom,
7116787,33555,328625,29081,69887179,ransom,
6597979,19846,350163,28434,65439175,ransom,
2199802,6215,140964,13993,20956240,ransom,
812663,1782,40308,3863,8013495,ransom,
937421,4158,83395,7310,8326177,ransom,
2937006,4765,131268,14164,28716760,ransom,
5573813,12284,170300,17770,55972414,ransom,
7401747,39007,380252,32329,72128905,ransom,
5859857,15084,306540,25967,58311597,ransom,
844921,4678,91659,7958,7333392,ransom,
1961285,4305,116956,10659,18693648,ransom,
197955,1396,22413,1623,1767596,ransom,
3752666,5028,163573,16878,36897849,ransom,
6810999,4436,207924,24182,68874361,ransom,
3639075,6798,143952,15064,36773109,ransom,
4206228,7184,195655,18778,41317689,ransom,
1264841,1581,49233,5253,12558786,ransom,
1266768,5576,103153,12727,10987649,ransom,
1240058,1758,50770,4635,12303326,ransom,
3126018,2284,94880,10469,31525308,ransom,
6660905,6649,257497,24455,63625982,ransom,
7637300,16522,402094,26081,71656644,ransom,
7745269,27671,442356,29436,70591217,ransom,
4685792,44083,437052,31576,35008672,ransom,
3978326,44235,339327,13999,37741182,ransom,
3194262,38846,391843,17884,29787834,ransom,
2445278,2163,76208,8850,24558497,ransom,
1341026,1748,51567,5542,13372738,ransom,
49722,1259,15872,1107,274057,ransom,
995358,1616,44592,4515,9857610,ransom,
1541842,1549,44060,5620,15485435,ransom,
6159992,3911,182255,22320,62187624,ransom,
3605559,5032,80014,11248,37686973,ransom,
4006754,19951,161931,12970,39494939,ransom,
2772655,23590,146540,9688,26772074,ransom,
7104624,31668,331708,26974,70295080,ransom,
6729951,4758,205392,25411,67973634,ransom,
1128090,1435,41170,4486,11180131,ransom,
1377198,1332,41845,4833,13783246,ransom,
45070,976,9421,676,251292,ransom,
367873,1177,21692,1853,3498297,ransom,
333737,1946,29677,1887,3074442,ransom,
1906893,1699,58377,7328,19147181,ransom,
2147749,1828,61661,7826,21631747,ransom,
4840041,9228,119204,14648,44963910,ransom,
1641486,8757,65704,5891,16206211,ransom,
3574773,20548,163549,11753,35103041,ransom,
2242602,17097,192136,11566,21538198,ransom,
3156125,2171,89444,10867,31806368,ransom,
6019303,2647,143618,19764,61012046,ransom,
1334042,3030,55360,5307,12788955,ransom,
2959148,3728,84994,9593,31276128,ransom,
424218,3617,35365,2410,4052621,ransom,
2818950,8573,102735,9109,28183720,ransom,
3202638,21808,166093,10850,31238851,ransom,
3915112,40653,303914,13173,37229599,ransom,
5008431,55056,465359,20757,47524767,ransom,
553549,7529,137401,8367,4351096,ransom,
528015,1136,20555,2071,5158432,ransom,
52851,1478,20693,1193,291216,ransom,
47307,1084,12299,667,262012,ransom,
60699,1540,22656,1199,332383,ransom,
5418903,2603,127955,18182,54876983,ransom,
8241401,5454,223149,28925,83433588,ransom,
1848060,11786,104478,7133,17995032,ransom,
6112958,25522,236555,19019,60695865,ransom,
908866,34322,186021,2809,7035989,ransom,
4222034,40342,306170,14105,40501663,ransom,
3202328,42867,392738,17710,29631476,ransom,
4006222,5173,129491,14211,41435648,ransom,
831855,1148,28251,3312,8248523,ransom,
54518,1491,21913,1279,300312,ransom,
46732,1034,11822,658,258931,ransom,
170282,1310,23729,1391,1494963,ransom,
3922098,3482,134644,14341,39449828,ransom,
6552784,6453,228317,24579,65962559,ransom,
1591025,1817,54284,6245,15909261,ransom,
5199858,4386,180804,19278,51807638,ransom,
51679,1242,17302,1067,284563,ransom,
4871035,4398,115201,15979,49294637,ransom,
1032789,9735,64769,3726,9892301,ransom,
4045963,19344,163865,13945,39986873,ransom,
6440391,35138,305907,21415,63401600,ransom,
3902860,53507,402844,13212,36402477,ransom,
4369552,64960,488267,14055,40431678,ransom,
782685,63929,519176,5692,3727298,ransom,
135890,5363,89605,4763,692100,ransom,
358692,3503,15947,1157,4503415,ransom,
30998,1069,16689,1109,167518,ransom,
35156,1285,22067,1372,187542,ransom,
2702547,2253,74866,9420,27306839,ransom,
4114728,4594,125718,14424,41560585,ransom,
5411666,11025,153949,17040,54355369,ransom,
8942363,25744,271600,29641,89598985,ransom,
1792096,40586,229193,5545,15638282,ransom,
4825276,48574,351049,15613,46107583,ransom,
2755507,37683,387858,18162,25336504,ransom,
1722797,1661,60073,6690,17252950,ransom,
47443,1157,12178,829,262616,ransom,
49915,1207,15918,1112,276107,ransom,
53405,1427,19607,1211,293529,ransom,
1494459,1856,51156,5553,14958329,ransom,
6223836,5240,158427,20675,63024364,ransom,
5088867,24555,210476,16376,50249752,ransom,
6753370,42750,340422,23418,66186429,ransom,
4726636,54039,363264,14159,46063538,ransom,
2619293,57065,381553,7813,23038158,ransom,
3622562,29869,346434,20354,34635899,ransom,
3798157,1427,56631,10605,38659804,ransom,
1551879,907,25050,4334,15626208,ransom,
52117,1367,18002,1048,286064,ransom,
1534019,1603,44533,5647,15473162,ransom,
727289,1713,41545,3228,7017616,ransom,
6558677,3235,149161,21312,66477000,ransom,
6819317,10437,163232,22127,68964019,ransom,
6627856,30448,256401,21612,65617839,ransom,
5186124,38395,274511,17387,50501476,ransom,
3345539,49648,323603,9953,30934868,ransom,
7397033,57615,453229,24101,71870798,ransom,
2369423,66049,457103,6083,19908375,ransom,
512644,22890,262975,10523,3358984,ransom,
2159372,1823,46976,6984,21727896,ransom,
46849,1105,11288,801,260873,ransom,
365030,3876,22171,1467,4537938,ransom,
1643179,2025,62069,5860,16411232,ransom,
5092772,3628,159892,18360,51436321,ransom,
2628078,4007,96810,9311,26269379,ransom,
6770156,12658,189141,22127,68235978,ransom,
734503,25291,140153,3183,5823920,ransom,
4332191,30825,217600,13960,42253211,ransom,
1978689,42000,251707,5507,17428176,ransom,
5242442,54999,417777,18158,49987232,ransom,
2621139,64215,464464,7526,22608182,ransom,
516695,44463,426091,10552,2010628,ransom,
41518,819,3675,140,234400,ransom,
86226,3222,37760,1603,428823,ransom,
61859,1681,24833,1427,339542,ransom,
168555,2472,37893,2200,823322,ransom,
510937,1079,19569,2076,4992126,ransom,
2198525,2110,60849,7990,22116690,ransom,
4930193,3005,136762,17502,49809356,ransom,
2001933,4891,56613,6018,21162988,ransom,
5103461,18575,190559,15858,50834278,ransom,
679322,25341,125304,2342,5262487,ransom,
4665858,31723,218912,14854,45575591,ransom,
643763,36802,202179,1666,4191543,ransom,
5771868,46627,372609,19435,55947781,ransom,
2214605,55636,399010,6329,19013678,ransom,
2945405,38602,424637,19576,27187778,ransom,
135025,685,6910,453,1183887,ransom,
48570,1133,13238,849,269762,ransom,
54762,1567,21853,1263,299986,ransom,
50257,1251,16535,902,278396,ransom,
581863,1191,24365,2476,5768580,ransom,
6090643,4021,178747,21769,61452254,ransom,
7078600,14956,218239,23091,71105735,ransom,
3283803,23926,170155,11858,31975134,ransom,
2703850,37992,252422,9193,25084536,ransom,
3396548,44004,319782,11813,31833366,ransom,
4838239,58347,429336,15379,46846100,ransom,
2124433,65084,461635,6102,17433400,ransom,
505532,43319,411609,10569,1972281,ransom,
39163,599,958,46,221578,ransom,
51405,1351,16320,1093,284616,ransom,
48745,1205,14579,900,270185,ransom,
92667,1554,21981,1347,685097,ransom,
3002334,2093,80159,10870,30386855,ransom,
5282944,3186,127614,16237,53428830,ransom,
6689558,21130,210501,21207,66822743,ransom,
4491545,31442,225679,14859,43896210,ransom,
3125849,46375,297249,9973,28815530,ransom,
5667254,56645,419479,18060,54234829,ransom,
6068824,43435,458008,27437,58821954,ransom,
367847,3953,54200,3988,1657319,ransom,
906871,3999,224801,6130,4032628,ransom,
3187049,7718,257459,12960,25630721,ransom,
3256281,13549,302387,27597,19614060,ransom,
6257047,5549,162493,20479,62693647,ransom,
7098381,16229,192178,21690,73028467,ransom,
5438362,27921,222728,18087,53747630,ransom,
4252272,46486,322341,13869,40360119,ransom,
3770056,52715,387054,12041,35084767,ransom,
3787714,61927,473398,14080,34687602,ransom,
333594,12235,176299,9031,2172652,ransom,
41989,806,5010,325,238041,ransom,
50416,1379,16961,1050,277028,ransom,
49819,1269,16072,969,275413,ransom,
54144,1489,22109,1328,297899,ransom,
1672316,1815,56098,5891,16743868,ransom,
2565822,1875,69054,8832,25867435,ransom,
3773810,6776,113316,12805,37939960,ransom,
2241231,13390,101675,7048,22018643,ransom,
3056300,28837,187078,9748,29266659,ransom,
1108386,30515,157556,3414,9363521,ransom,
4010748,37889,271023,12704,38464097,ransom,
3616972,46292,325785,11659,33887580,ransom,
2804218,53261,357818,7914,26373161,ransom,
4594138,59024,462695,15407,42567514,ransom,
1607360,26874,311747,14993,14290861,ransom,
1983927,1155,30998,5398,20039014,ransom,
51328,1417,15639,946,283131,ransom,
60248,1530,21451,1179,330833,ransom,
52867,1459,19457,1079,290763,ransom,
3560583,2347,94705,12228,35963969,ransom,
6571729,3784,184771,23509,66583290,ransom,
2509493,7852,101797,8897,24844918,ransom,
7370431,18319,226832,24200,74108775,ransom,
2143031,34889,223238,6682,19501364,ransom,
2783273,36962,247730,8626,26062444,ransom,
2748014,19713,256684,15589,26395482,ransom,
3273754,2105,94135,11395,32954972,ransom,
587018,1381,27993,2723,5734857,ransom,
1238156,1652,42881,4754,12356460,ransom,
405235,1169,21180,1951,3911173,ransom,
2138468,4584,73042,7254,22498667,ransom,
8559217,3906,205851,28102,86775341,ransom,
3714452,3951,87219,11830,37650252,ransom,
3787117,21611,179389,13216,36806428,ransom,
3610793,26328,187076,12022,35163914,ransom,
3772742,42558,305788,12791,35721282,ransom,
7012210,56880,478693,23912,67952342,ransom,
649512,67835,471156,692,2206400,ransom,
748808,58845,530798,8193,3638582,ransom,
88324,1567,24872,1675,488480,ransom,
43363,926,7733,463,244332,ransom,
53618,1443,20011,1117,293707,ransom,
48405,1170,14125,775,269556,ransom,
79958,1174,16999,954,601509,ransom,
4465468,3046,127289,15339,45104750,ransom,
8097952,13976,223005,25990,81552477,ransom,
1292355,26340,143324,4266,11477383,ransom,
5433693,45191,329615,18427,52516360,ransom,
3205633,54483,358548,11586,29945735,ransom,
1545225,58877,381672,4311,11941050,ransom,
2205867,62584,449971,6524,18479022,ransom,
810924,66566,462719,965,3965214,ransom,
550920,47346,447413,10528,2136099,ransom,
45157,954,9680,553,252719,ransom,
43081,836,7550,393,242089,ransom,
48153,1247,13421,743,267163,ransom,
1313489,1326,29375,4045,13206693,ransom,
6465763,2251,112273,18328,65676123,ransom,
8691535,3811,202796,28808,88111280,ransom,
1785414,1657,51864,6613,17925502,ransom,
8318173,8420,204343,28364,84188712,ransom,
495706,13700,79164,1986,4214450,ransom,
6516392,26119,247672,20666,64738503,ransom,
3681741,34310,235926,11836,35371335,ransom,
4597824,47931,326329,14927,43833770,ransom,
3585160,48701,391013,16380,33407019,ransom,
3073327,7859,144126,14039,31640793,ransom,
263153,950,13147,1288,2476800,ransom,
54679,1483,21192,1390,299475,ransom,
47571,1112,12983,811,262941,ransom,
51800,1344,18112,1110,285512,ransom,
2558446,4774,121640,10171,25425154,ransom,
7329849,7787,210913,25611,73969804,ransom,
2607673,18224,139831,8891,25025367,ransom,
6633570,31576,272378,21570,65654100,ransom,
1654902,41105,252323,5620,14271219,ransom,
2069025,49869,347198,6147,17790543,ransom,
3851260,44047,455619,22129,36051166,ransom,
1315420,966,27321,3950,13201231,ransom,
52429,1391,18042,1123,288780,ransom,
51486,1380,17595,1035,283468,ransom,
121453,1503,23316,1328,979072,ransom,
3924311,2340,99329,12662,39657409,ransom,
6453049,7021,163523,20777,65275935,ransom,
4562786,28496,202714,13534,45876403,ransom,
5928049,34676,263956,19587,58326550,ransom,
4268211,46823,310750,13311,40544205,ransom,
4121325,52289,426159,18105,38601857,ransom,
4245687,5214,152416,17007,42629728,ransom,
1972751,1623,44405,6390,19845757,ransom,
44238,878,8537,545,248735,ransom,
49438,1216,15151,996,272625,ransom,
2041776,1938,60890,7365,20603638,ransom,
6608086,4563,196949,23694,66721185,ransom,
4252321,3215,137720,15511,42727980,ransom,
2440984,2019,72628,8292,24653021,ransom,
3093091,2981,110441,11466,30971712,ransom,
273065,1223,20095,1673,2534535,ransom,
1737522,2229,67001,7284,17334456,ransom,
3583554,4263,90145,10818,36205930,ransom,
3392749,14873,130288,11545,33646177,ransom,
6935892,35835,303602,23025,68443265,ransom,
9154707,56142,456515,30183,91164743,ransom,
2187392,65513,450571,6070,18078330,ransom,
1195103,51167,464974,11828,8591042,ransom,
54041,908,21449,1557,291525,ransom,
48933,1294,13231,751,270503,ransom,
54210,1565,20510,1132,297136,ransom,
51687,1351,17855,976,285760,ransom,
725019,1247,30012,3046,7139651,ransom,
6524195,3829,167451,22453,66026391,ransom,
6460990,19342,211199,21037,64581330,ransom,
7891820,34641,300303,26409,78358867,ransom,
1034430,47703,281398,2511,7425213,ransom,
3300114,55432,398027,11427,29779895,ransom,
2299741,61718,408900,6777,19463827,ransom,
1434334,24134,290492,13633,12604274,ransom,
59536,1100,11101,575,333418,ransom,
51536,1418,17728,1004,282332,ransom,
181060,1347,18964,1137,1605802,ransom,
361629,3709,18178,1131,4520451,ransom,
829340,1321,31724,3026,8209840,ransom,
4441109,3070,136183,16179,44872328,ransom,
1805273,1720,59388,6433,17999895,ransom,
5355236,9625,163034,18857,53890649,ransom,
838010,21065,113619,3141,7163762,ransom,
3445567,24931,176553,11600,33570713,ransom,
973126,33547,177085,3037,7721508,ransom,
4069742,39365,280388,13419,39103296,ransom,
2665678,50920,348136,7546,23813423,ransom,
2381387,33450,360975,16383,21778448,ransom,
2709262,3928,94036,9997,27107830,ransom,
48712,1183,12993,934,271504,ransom,
166142,2247,35036,2300,812345,ransom,
78119,1458,20013,1286,543077,ransom,
183787,1508,19238,1153,1613589,ransom,
5641154,4322,155680,19208,57016515,ransom,
8611630,24391,260917,27131,86239574,ransom,
3661233,37461,254019,13303,34948586,ransom,
4536955,53428,367942,14075,44102356,ransom,
2443418,57096,385211,7681,21243497,ransom,
1552476,62645,419897,3958,11789539,ransom,
1241972,41211,394904,15461,9591788,ransom,
867044,4900,173397,4658,3849217,ransom,
1186897,7778,268393,8308,5205792,ransom,
2761272,14207,347592,26979,12611158,ransom,
53536,1401,20547,1271,296232,ransom,
3148761,2668,97639,11473,31730989,ransom,
7527391,6701,203167,27032,76083835,ransom,
3445765,16867,145929,11745,34061489,ransom,
7493568,30840,280634,25490,74470936,ransom,
840153,42379,244394,2781,5810315,ransom,
4854241,47534,351247,15660,46482207,ransom,
3691000,57599,427895,12438,33999228,ransom,
1623531,59188,514000,11093,12598209,ransom,
100173,2244,39713,2812,542045,ransom,
43904,912,8310,514,246186,ransom,
374302,4200,23945,1545,4587955,ransom,
54788,1602,21107,1307,299978,ransom,
46758,1088,11831,674,259885,ransom,
7284809,5912,187077,26179,73777895,ransom,
6592279,10339,225246,24530,66313954,ransom,
3278547,10698,120096,10714,32779058,ransom,
3388493,25760,191624,10912,32847518,ransom,
3819878,31303,219435,13957,36974531,ransom,
5290070,12801,249468,22953,52766411,ransom,
1898144,1895,64597,7753,19012584,ransom,
45261,924,9200,568,253321,ransom,
1219277,1833,49829,5638,12121063,ransom,
3525838,2720,107696,12796,35601505,ransom,
1977843,1936,64700,7387,19820242,ransom,
7523066,10242,171132,23346,76039520,ransom,
5555255,19590,198928,17764,55396285,ransom,
3736354,36390,258017,12219,35788729,ransom,
6161731,46254,356990,19334,59919362,ransom,
6583011,61722,445573,20442,64511757,ransom,
1772236,65778,459934,4362,13830212,ransom,
552960,47740,447427,10528,2137226,ransom,
37277,527,743,0,211410,ransom,
45816,1079,10691,597,256599,ransom,
53853,1600,21151,1155,295171,ransom,
49779,1235,15177,841,275511,ransom,
305956,1137,15216,1412,2927197,ransom,
5514909,3708,162047,20005,55703254,ransom,
7666105,17466,231649,25729,76996642,ransom,
2856587,30046,190200,9523,27193886,ransom,
5607561,44530,318150,17626,54376644,ransom,
5037478,54646,389616,16386,47923069,ransom,
3176297,58318,469447,15165,28574926,ransom,
326952,5368,96289,6489,2581367,ransom,
57511,1521,21370,1281,339448,ransom,
525418,3634,51836,3155,4860865,ransom,
6167857,3680,172660,21361,62384732,ransom,
8920431,7200,213806,29158,91253981,ransom,
2910465,22584,177462,12970,27664653,ransom,
5402385,59743,320036,24901,48103039,ransom,
1429198,32191,205860,4975,12467059,ransom,
9228687,46808,435892,31159,91277319,ransom,
3075580,35297,399891,20181,28601801,ransom,
54823,1613,21035,1365,300625,ransom,
234496,1447,23358,1678,2138233,ransom,
2057426,1865,59348,7366,20693099,ransom,
7374078,4367,213656,27670,74587803,ransom,
6450415,7402,191236,22917,65035592,ransom,
1879940,11626,95096,6826,18431927,ransom,
4399115,26273,205761,15036,43130839,ransom,
3190177,32808,219899,10552,30449896,ransom,
10215246,17395,400162,42028,102532248,ransom,
658726,1632,33590,3557,6429670,ransom,
52272,1354,18781,1217,287158,ransom,
52974,1319,18421,1284,292809,ransom,
4902968,5750,148475,16852,50489849,ransom,
6443383,3579,181048,23410,65193108,ransom,
3557838,2524,111873,13322,35823683,ransom,
4074800,2497,115100,14284,41219204,ransom,
2058169,2107,74643,7755,20529630,ransom,
502854,965,17690,2043,4911174,ransom,
2293106,5430,81764,7659,22920992,ransom,
5618748,12844,169269,19690,56491004,ransom,
3348536,28447,214130,11767,32334945,ransom,
10117682,47395,444095,33006,100387133,ransom,
3059787,30856,360300,21107,28692127,ransom,
53200,1446,20065,1308,292792,ransom,
173939,1710,29353,1709,1485834,ransom,
1178675,1428,40409,4709,11813550,ransom,
8315875,6775,245050,28726,83997057,ransom,
7196279,21157,225576,23022,72056686,ransom,
3923971,30547,224918,13843,38054336,ransom,
2443781,42763,275669,8605,22102844,ransom,
7351213,62725,488952,23804,72238064,ransom,
345139,24349,287374,11473,1470688,ransom,
32871,1113,17329,1013,177049,ransom,
2785561,2435,92410,10302,28002838,ransom,
3280896,2201,93925,11990,33131792,ransom,
5984224,8831,145676,18727,60463939,ransom,
8167203,27703,275694,26475,81501375,ransom,
2925563,41497,255120,9051,27192950,ransom,
8970593,54382,494560,33392,88000069,ransom,
878380,10294,172869,11110,7829745,ransom,
54007,1535,19137,1181,296603,ransom,
49541,1206,15355,829,273137,ransom,
5049424,3941,155528,18295,50978474,ransom,
8382777,18205,255251,28602,84284647,ransom,
3186617,36936,254845,10436,30078034,ransom,
2810592,43803,316246,11071,25790959,ransom,
4828963,8952,239704,21906,48191631,ransom,
726581,1824,40578,3534,7059171,ransom,
363816,3768,20473,1262,4532288,ransom,
51085,1179,16054,986,282745,ransom,
5175226,3511,159099,18478,52242569,ransom,
8386152,9112,216048,26744,84782573,ransom,
3472226,31832,236184,12249,33232378,ransom,
3274179,33325,236886,11259,31264420,ransom,
7624776,49538,455034,28570,74087381,ransom,
2400811,10512,201816,16328,23298864,ransom,
60216,1751,20662,1419,340322,ransom,
54300,1435,20105,1356,298552,ransom,
2712330,1349,49635,8061,27446509,ransom,
8430862,2651,154617,25567,85681289,ransom,
11495414,4336,182962,33886,116937123,ransom,
5831540,10696,121339,16692,58912599,ransom,
8946715,20301,203162,25297,90012868,ransom,
5491862,65640,146749,5595,51825353,ransom,
22396505,49874,472469,66401,223992262,ransom,
9977539,6167,220036,32664,101166092,ransom,
11284019,4224,185247,34197,114316938,ransom,
161580,2246,20719,1423,2942375,ransom,
3422975,1979,76790,10684,34622984,ransom,
49960,1240,15996,1117,277190,ransom,
4742926,4953,131161,15836,47899169,ransom,
9164787,22428,271218,29852,92126552,ransom,
2708593,39731,248577,9014,25028529,ransom,
7563131,54298,443381,26467,73710039,ransom,
1874623,14730,232155,16558,17702451,ransom,
187086,1783,36302,2296,1268775,ransom,
52634,1407,17794,1084,288238,ransom,
1877408,1676,59630,7050,18851985,ransom,
8291138,5968,230739,27599,83881370,ransom,
5189168,23276,203870,16939,51328976,ransom,
5496945,30021,234010,19545,54193634,ransom,
3113636,22105,280155,16973,29926332,ransom,
2916354,2797,103571,11136,29278017,ransom,
1804697,2078,69892,7451,18058131,ransom,
1023667,1562,37816,4065,10148633,ransom,
1932312,4080,61926,6367,20498352,ransom,
2898258,6456,98732,10163,29002712,ransom,
7835302,26385,257273,26151,78257354,ransom,
7663183,40789,333715,25613,75641465,ransom,
6410981,49847,508842,28484,61946755,ransom,
2598997,2430,71387,9578,26176750,ransom,
53774,1396,19396,1268,296811,ransom,
99638,1413,19777,1213,763484,ransom,
6710365,3899,188513,22703,67907735,ransom,
8190288,18417,255180,28305,82283926,ransom,
3888386,37049,252896,11995,37246842,ransom,
3603737,45416,299206,12454,33849866,ransom,
6364116,44595,565383,35521,58511960,ransom,
1356549,6889,277022,8347,7551966,ransom,
1452109,7657,235046,8820,8094067,ransom,
2806190,11964,237532,24217,17009764,ransom,
7209360,5216,197850,24801,72917802,ransom,
8703535,18638,234673,26826,87541728,ransom,
1885543,33934,182686,5015,18319057,ransom,
5951785,45782,342298,21070,57785812,ransom,
6003108,45131,488820,30477,57992391,ransom,
2956486,1665,53190,9052,29921392,ransom,
52994,1365,18991,1300,292000,ransom,
275660,1583,31138,1994,2513808,ransom,
3859146,3721,149346,14066,38722415,ransom,
7471466,8344,185706,23067,75688405,ransom,
2538794,25304,154625,8351,24092151,ransom,
2579537,32203,215600,9906,24157810,ransom,
3678496,39877,270450,11778,34930459,ransom,
7372658,59445,504248,26867,70839402,ransom,
4035405,67062,479302,11106,36914449,ransom,
1169889,16790,120602,3533,10858279,ransom,
402579,21666,115487,10318,1997113,ransom,
738913,5017,207549,31787,3692976,ransom,
873434,7756,232711,37835,4251027,ransom,
684237,28281,139965,14414,3283590,ransom,
0,0,0,0,0,ransom,
2590692,30971,188301,8430,24434463,ransom,
3244975,40425,248340,9377,31756375,ransom,
6314494,52084,422234,21490,61224454,ransom,
3483648,61230,476858,12523,31575827,ransom,
1523823,11069,187841,12342,14381629,ransom,
22709,462,4046,293,127081,ransom,
33521,1162,17780,1254,181263,ransom,
48792,1260,14821,948,271273,ransom,
183220,1586,26398,1712,1594214,ransom,
1209996,1522,43307,4685,12053572,ransom,
3837946,2766,112045,13265,38717395,ransom,
3734100,6463,129498,12315,37454398,ransom,
4039963,14624,147293,13551,40154558,ransom,
1195781,27076,159387,4190,10371022,ransom,
1697160,28480,173476,5421,15454002,ransom,
3278392,37542,253136,10051,31012455,ransom,
5514298,49411,381672,18634,53234631,ransom,
2944855,64390,486562,9423,25801614,ransom,
539214,47318,441054,10974,2081497,ransom,
158146,2301,21835,1304,1072925,ransom,
261954,3088,19410,1226,3765713,ransom,
48697,1171,14321,743,269012,ransom,
7594349,5530,238201,26877,76576078,ransom,
7785179,5143,218138,27662,78784893,ransom,
2220697,15373,126055,7631,21530049,ransom,
1490368,16284,111067,5763,14145292,ransom,
1131342,22831,147822,4053,10028007,ransom,
5834152,31353,285522,19287,57568496,ransom,
7664209,53578,469881,25708,74768992,ransom,
1599631,23328,296863,16300,14319459,ransom,
42765,892,7731,537,239851,ransom,
58895,1502,20468,1075,323668,ransom,
376174,2350,43125,2907,2979796,ransom,
2963652,3635,116734,11850,29763519,ransom,
6136812,4856,199268,22487,61821435,ransom,
7419647,4559,217277,26638,75141709,ransom,
2134348,2165,75575,7559,21241356,ransom,
50584,1364,18359,1115,278533,ransom,
1774588,4289,64469,6320,18816649,ransom,
1785969,2061,67627,6661,17871912,ransom,
3497392,8367,119748,11869,35016656,ransom,
6651323,21940,215632,21617,66512457,ransom,
5632181,34091,258001,18510,55310230,ransom,
6410279,52945,388506,21069,61985708,ransom,
4871762,41973,447257,26084,46645611,ransom,
43501,983,9092,740,244374,ransom,
40813,805,6892,506,229212,ransom,
61318,1857,30864,1947,333846,ransom,
4115385,3052,109181,15942,41671364,ransom,
6606914,4167,187340,24859,66778456,ransom,
8250997,11610,225001,27607,83268547,ransom,
1910566,21653,126786,7310,18139976,ransom,
4880193,36307,309606,18820,47311875,ransom,
6327744,7858,252635,25982,63534502,ransom,
780929,4704,91996,6078,5396021,ransom,
3797560,5458,331735,17985,32829723,ransom,
1979327,12269,301260,10979,13539221,ransom,
9320568,63128,1248636,139664,50874930,ransom,
493809,1827,42276,2678,4806074,ransom,
2863382,8246,113632,9030,28521082,ransom,
1915525,20512,134904,5816,18163746,ransom,
3960357,36834,256758,14692,38025280,ransom,
882185,47332,264004,2471,5893383,ransom,
6657547,52653,502115,29176,64313704,ransom,
1396319,3401,82079,7648,13819170,ransom,
41156,821,7343,516,232455,ransom,
62362,1955,33853,1792,336262,ransom,
43670,873,10200,474,245820,ransom,
7316511,3797,186654,25889,74082860,ransom,
4112185,2289,105112,14590,41682971,ransom,
5206118,8434,164956,18548,52279306,ransom,
5527178,13850,166785,18676,55534534,ransom,
1423323,25903,165317,5068,12447656,ransom,
2301030,26821,170858,7121,21726807,ransom,
7834429,43862,350233,25838,78405904,ransom,
8574597,58376,564155,34185,83581576,ransom,
1216200,4077,90565,7667,11898360,ransom,
55804,1650,23307,1432,304279,ransom,
47527,1027,13307,774,264413,ransom,
824523,1500,30208,3192,8237138,ransom,
8913825,8496,247816,31788,90061795,ransom,
8870004,22401,265813,28430,89126683,ransom,
2805885,42635,269459,9525,25821952,ransom,
4837740,48719,333247,16116,46308898,ransom,
4999001,39694,446404,27198,48043120,ransom,
41572,880,6608,541,234827,ransom,
41880,912,7633,569,235058,ransom,
60344,1920,30946,1890,327217,ransom,
1182887,2178,57777,4792,11739792,ransom,
11018686,7866,291901,39436,111506744,ransom,
1323406,8384,73581,5476,12905756,ransom,
8092860,25147,261667,25794,80928724,ransom,
4133099,24425,278579,18896,40893331,ransom,
3987210,3149,121410,14420,40150592,ransom,
851311,1282,30038,3598,8446101,ransom,
3705047,2560,107976,13230,37344786,ransom,
416511,885,14082,1823,4076248,ransom,
561624,1628,35725,3331,5412646,ransom,
3438108,2623,102299,12210,34676745,ransom,
4762473,2763,121246,16662,48275300,ransom,
4501910,8503,120001,14497,45241190,ransom,
4735492,13288,142923,16523,47527274,ransom,
4755604,29175,238458,15836,46618767,ransom,
7617941,45256,384025,25826,74867949,ransom,
5609278,40780,469021,28682,54247648,ransom,
45775,1116,11330,860,254404,ransom,
46277,1156,13152,925,256886,ransom,
51170,1428,20115,1254,282662,ransom,
3292094,3098,108065,12522,33178425,ransom,
7129538,6941,208626,26234,72001270,ransom,
6976184,22761,228349,23758,70950507,ransom,
5011639,24774,317025,22418,49154593,ransom,
2020497,1774,63033,7023,20249780,ransom,
4265253,2858,127143,15705,43111835,ransom,
612429,1183,28279,2621,5918639,ransom,
57452,1367,19509,1089,315914,ransom,
58435,1744,29251,1609,319557,ransom,
8867005,4546,233076,31972,89888159,ransom,
8633828,8181,225859,28962,87261708,ransom,
3414320,17815,144204,11412,33715345,ransom,
4604619,32370,236603,15395,44845308,ransom,
5750134,38838,292251,19390,56235040,ransom,
7871059,57746,487672,27744,76671196,ransom,
1095596,12282,200014,12978,9896594,ransom,
47650,1133,12835,795,263951,ransom,
40816,736,4452,236,231859,ransom,
1418750,1552,43965,5258,14253944,ransom,
7814504,5213,208276,27265,79177462,ransom,
4159791,16306,133361,12887,42531074,ransom,
8812522,32521,369243,33520,87603243,ransom,
7805407,5142,210413,26569,78956273,ransom,
141243,1705,26695,1832,1122336,ransom,
3358513,2445,104448,12169,33836458,ransom,
2238931,1919,67234,8898,22541586,ransom,
3240843,3296,105852,12893,32656017,ransom,
8799530,17840,245110,28411,88584188,ransom,
1621827,30052,177254,5206,14555187,ransom,
8008450,32724,374059,31261,79388436,ransom,
4836165,3924,184576,19840,48641435,ransom,
52425,1418,19223,1172,288029,ransom,
50771,1285,18134,1102,279769,ransom,
244522,1465,27535,1657,2216129,ransom,
6511486,10133,194398,21262,65626507,ransom,
6202738,29644,252777,20712,61343281,ransom,
1738567,42325,259383,5316,15029630,ransom,
8882986,55219,448886,28604,87196721,ransom,
5072845,19079,297670,26209,49658022,ransom,
168778,2300,19787,1249,2999917,ransom,
53939,1492,19995,1147,297152,ransom,
2686039,3629,81818,9090,26929249,ransom,
7258199,3982,200023,23781,73397493,ransom,
5392229,8091,162390,17414,54279152,ransom,
5586824,17248,202263,19109,55030386,ransom,
3510455,31536,209276,11086,33705953,ransom,
2748775,33337,220709,8509,25909696,ransom,
5892618,47028,370214,20467,57143452,ransom,
6097813,24201,350689,27900,60235718,ransom,
4327648,1576,65884,12241,43916906,ransom,
45774,1064,11473,833,257012,ransom,
57423,1751,26968,1707,312503,ransom,
971452,1081,27132,3659,9684044,ransom,
2616643,1849,66680,9050,26412763,ransom,
3108205,2534,94341,11266,31327237,ransom,
3793308,8212,115940,12691,38175179,ransom,
2609080,21238,144211,7653,25209044,ransom,
2888060,27942,159505,8803,28899831,ransom,
3046026,35568,231248,9618,28757227,ransom,
3660933,43919,296659,12039,34554477,ransom,
4491099,55975,415892,15144,42273128,ransom,
2523360,30465,347098,18586,23367432,ransom,
69105,1166,14322,1081,482770,ransom,
42114,918,8475,608,235424,ransom,
39999,689,3747,285,226844,ransom,
769428,1458,30050,3690,7685664,ransom,
2869812,2714,92727,11320,28809295,ransom,
8015915,9730,220086,28851,80996805,ransom,
9069639,35369,350851,31543,90281988,ransom,
8827083,52984,532105,36731,86453400,ransom,
104912,4529,85294,5159,529588,ransom,
50640,1312,16318,890,280785,ransom,
129487,1444,22119,1325,1066705,ransom,
6085776,3332,155203,19595,61647454,ransom,
11016660,16033,264320,35160,111308473,ransom,
1569527,30934,193564,6904,15142294,ransom,
6460155,6404,234321,25890,64998644,ransom,
51122,1230,16031,983,282986,ransom,
5970727,3422,167564,20604,60385978,ransom,
177887,1199,17713,1338,1598595,ransom,
2311850,2905,84732,9107,23243237,ransom,
9287617,12629,216339,28763,93941062,ransom,
2593809,15058,189108,12446,25198194,ransom,
6344339,3918,189123,22926,64085339,ransom,
1650224,1549,53587,6156,16569512,ransom,
3696587,2657,119125,13188,37222672,ransom,
48030,1185,13929,1024,265037,ransom,
1042093,1807,47742,4760,10298686,ransom,
5432597,3022,142644,19508,55022389,ransom,
2977413,2293,91839,11416,29995689,ransom,
9021074,14300,241090,29230,90973594,ransom,
1430511,20505,127856,4688,13255949,ransom,
4503500,34087,283839,15987,43682160,ransom,
9494918,9380,273030,34215,97013317,ransom,
586450,1609,34901,3472,5659590,ransom,
2106010,1841,60567,7059,21204134,ransom,
1317763,1892,55727,5157,13089339,ransom,
47271,1019,11500,677,265868,ransom,
2730250,6171,106008,9524,27121868,ransom,
7731146,24388,291321,26415,76062022,ransom,
6952610,44195,496516,29209,63542261,ransom,
6079198,64944,730887,29096,51933453,ransom,
4529389,42954,707008,34987,32198829,ransom,
2466539,16443,245270,25121,11429164,ransom,
217486,4328,54837,2136,1027353,ransom,
5576244,7661,200532,20684,55263751,ransom,
6526206,5284,197428,23171,65600595,ransom,
3570126,15033,156521,15525,35236312,ransom,
5247331,18346,184351,16528,52409984,ransom,
2182209,31752,219843,7870,20139823,ransom,
5473706,36894,306410,18398,53611577,ransom,
7755651,61283,518168,28449,76368112,ransom,
342844,10193,161840,9135,2386831,ransom,
52451,1410,19663,1282,289662,ransom,
198971,1564,24027,1635,1759570,ransom,
5006697,3389,152458,18410,50591878,ransom,
7753207,8295,226186,27500,78282320,ransom,
2834878,22229,159246,9761,27445902,ransom,
3693423,28718,206512,12093,35790475,ransom,
3566112,41733,297158,13513,33258861,ransom,
6964062,54213,453932,24715,67578800,ransom,
934260,16796,239123,12660,7949958,ransom,
51206,1361,17905,1027,281854,ransom,
277969,1607,26237,1910,2543387,ransom,
3870536,3287,127976,14266,38703531,ransom,
6078753,5545,171581,20256,61400055,ransom,
6687654,25433,238185,22243,66567170,ransom,
324369,32832,149210,955,1125739,ransom,
4515810,33755,318828,20401,43674331,ransom,
6280109,6068,170220,21716,64612959,ransom,
873435,1771,43971,4225,8560116,ransom,
722033,1709,38186,3336,7074398,ransom,
109278,1199,18238,1149,858769,ransom,
3974935,4398,134636,14075,39988790,ransom,
5973550,19522,212637,18601,59662097,ransom,
2549534,40336,270941,9737,23283296,ransom,
3333962,8380,203537,15339,33033540,ransom,
435417,1308,26674,2289,4130248,ransom,
1768707,2054,70248,6812,17676026,ransom,
38804,597,2280,114,219500,ransom,
492922,1438,31002,2253,4765852,ransom,
2112379,3267,94973,9924,21184223,ransom,
8788870,14263,227942,29899,88688087,ransom,
11212817,44325,426065,39967,111750464,ransom,
3102758,32154,370990,21210,29033493,ransom,
48844,1203,13765,953,270686,ransom,
118676,1557,23743,1564,937517,ransom,
1144796,3877,38414,3728,12490666,ransom,
10489481,4101,211000,33502,106541967,ransom,
6347509,14637,169183,18285,63758515,ransom,
7283700,27237,243597,23367,72672466,ransom,
4249642,44613,320008,13786,40427577,ransom,
5581555,49393,386435,16969,53787218,ransom,
6816859,49051,532950,33241,65940131,ransom,
52767,1464,18477,1213,290086,ransom,
53120,1433,17924,1163,292707,ransom,
49772,1213,16181,1038,275447,ransom,
2997309,1946,82333,10453,30232794,ransom,
3280282,2110,89709,10661,33161477,ransom,
3393744,2391,96497,11844,34155257,ransom,
4843737,4224,140467,16916,48905542,ransom,
647383,11850,91629,3273,5721582,ransom,
979638,10002,74946,3472,9333394,ransom,
1474234,15346,102860,4658,14027257,ransom,
2950312,17699,146331,9551,28403308,ransom,
2048718,29917,157251,5117,19183911,ransom,
4236363,31494,214773,12698,42184651,ransom,
1338800,41807,250716,4014,10888371,ransom,
6289345,50811,396706,21924,60978572,ransom,
1072676,52409,439644,9085,7307086,ransom,
3577702,3649,127395,14460,35948881,ransom,
55807,1629,23265,1554,306056,ransom,
206955,1394,22585,1469,1869794,ransom,
1361772,1640,48033,4946,13643594,ransom,
10604868,9139,277370,35727,107364852,ransom,
6109418,31497,269640,20040,60291608,ransom,
2745994,39262,250543,9501,25469416,ransom,
6221653,52088,424431,21842,60261166,ransom,
2273986,15264,245695,17520,21681673,ransom,
54222,1590,20244,1328,299872,ransom,
52834,1484,19844,1219,287235,ransom,
2863798,2017,78719,9598,28909879,ransom,
6594696,3521,174942,23233,66697731,ransom,
5020468,8340,138282,16538,50561734,ransom,
7940174,26397,261764,25386,80539466,ransom,
1085900,37974,217957,3923,8571467,ransom,
3126923,38248,255949,10213,29473223,ransom,
8193404,52501,514476,33836,80017752,ransom,
140497,5522,98171,5953,795340,ransom,
44896,1019,10018,796,250529,ransom,
41941,873,8253,552,236774,ransom,
3250715,35576,415289,22491,22652526,ransom,
6311550,23408,326237,25094,59839351,ransom,
5944724,30738,370172,26762,53840345,ransom,
9307171,43085,412377,33692,91012713,ransom,
5380079,49011,436808,21965,51437789,ransom,
5037574,12336,257244,21165,49078865,ransom,
2826670,2994,100584,8365,27401719,ransom,
223341,2930,53488,1732,989042,ransom,
1944042,2976,96056,7114,18653808,ransom,
8108663,5311,247602,28450,81761715,ransom,
7636359,22018,304019,29725,74862931,ransom,
688595,21376,132447,4423,6028400,ransom,
3955717,27606,258579,13900,36879461,ransom,
3827236,55575,522527,21707,29781988,ransom,
6854149,24588,410230,34345,67394203,ransom,
2316467,11372,211323,25700,21724460,ransom,
62132,1677,22450,1279,339580,ransom,
217581,1431,23320,1567,1962701,ransom,
3157622,2379,91763,11005,31965684,ransom,
9417821,19484,274365,31885,94707824,ransom,
4999159,59386,353889,22036,47466508,ransom,
4866770,52325,440394,21779,46116127,ransom,
1451005,7234,140329,11958,14038865,ransom,
49993,1249,15678,1010,276521,ransom,
129786,1566,23715,1502,1053883,ransom,
6008330,3520,168825,19978,60760652,ransom,
8714939,9399,210330,26979,88211951,ransom,
4468975,28316,200330,13534,43712357,ransom,
642704,31628,160250,2812,4467497,ransom,
4639121,28994,302535,20794,46411695,ransom,
9828833,6918,262837,32601,99435145,ransom,
304407,1353,22045,1912,2825560,ransom,
61127,1513,22661,1479,335341,ransom,
367007,2266,41669,2476,2830024,ransom,
2469067,3304,78114,8747,24791330,ransom,
7134158,21302,236478,22297,71406550,ransom,
4410395,40400,292258,13350,42294020,ransom,
3135846,48625,339183,10409,28890360,ransom,
6297800,32443,421917,28903,61791997,ransom,
149662,1694,24321,1686,1242842,ransom,
434283,1346,22140,2216,4188597,ransom,
71918,1107,13212,864,540860,ransom,
3042352,1717,74247,10521,30716516,ransom,
6165684,3684,163066,21706,62462458,ransom,
1419843,11190,89001,5405,13678693,ransom,
5453898,23549,210551,17835,54123278,ransom,
589424,28042,205218,5804,4025359,ransom,
5960858,5814,160568,20740,61343022,ransom,
1431292,1403,42624,5043,14354161,ransom,
5219595,2761,138528,17758,52778602,ransom,
125832,1503,25019,1408,1019726,ransom,
2074213,1877,69566,7151,20820823,ransom,
696182,1436,29200,2977,6937596,ransom,
5632608,13844,182836,19000,56474714,ransom,
8035727,32306,314469,27068,79939600,ransom,
5754976,53698,425745,21477,55340364,ransom,
2253359,15457,246849,17142,21393773,ransom,
55012,1494,21133,1317,303213,ransom,
112046,1269,19308,1107,899445,ransom,
2703065,2256,87983,9922,27229418,ransom,
8944696,6648,207693,29968,90701511,ransom,
4634306,24865,206189,14252,45604483,ransom,
8861552,40964,382226,32909,85911393,ransom,
4126029,52133,549994,17901,34580014,ransom,
6270867,44793,664797,36177,55364573,ransom,
3937665,45603,571002,33581,20979699,ransom,
134117,5140,47909,3646,758317,ransom,
47430,1099,11846,737,262706,ransom,
1684444,5808,45233,5645,16933068,ransom,
2803274,8451,76216,10418,28042478,ransom,
2702910,23605,88978,11254,26407681,ransom,
2695463,1998,81060,9630,27129956,ransom,
793791,3440,34936,2938,7852223,ransom,
3340743,7169,92908,10636,33612258,ransom,
2147186,16244,108691,6704,20843264,ransom,
3845419,19442,147866,12642,38002098,ransom,
2310236,29766,172754,7466,21615162,ransom,
4574950,36806,264621,15037,44346058,ransom,
3589646,46712,328538,11025,33671441,ransom,
4985357,56189,434068,16885,47305183,ransom,
3656802,21724,316278,21433,35496331,ransom,
42140,932,7693,692,236415,ransom,
39909,817,6698,544,226511,ransom,
373963,4415,35725,2406,4582261,ransom,
482994,1559,29309,2437,4686260,ransom,
11154477,2855,185371,34015,113546397,ransom,
12881711,4953,197057,38340,131145696,ransom,
11394623,17793,231035,32644,115195234,ransom,
3565618,22036,142490,10919,35059897,ransom,
10615456,24382,316838,36283,106596687,ransom,
13431369,4856,223390,38831,136636467,ransom,
5008230,2427,101508,15547,50635704,ransom,
11484581,2317,179295,33544,116964273,ransom,
6330379,3145,134770,20507,63271061,ransom,
53417,1734,19831,1237,301961,ransom,
2228529,2495,84171,8053,22330299,ransom,
3866939,2895,129439,14437,38975212,ransom,
3857838,3163,137559,13395,38567810,ransom,
5417055,3790,183727,20303,54531535,ransom,
118334,1291,19762,1254,957356,ransom,
4355156,3418,160627,16436,43808633,ransom,
361029,3531,19383,1207,4516309,ransom,
2614367,2400,100745,10176,26209248,ransom,
2160739,2120,84095,7940,21679583,ransom,
2743210,2422,101652,10476,27500751,ransom,
7044422,9179,188621,22943,71188178,ransom,
1755732,23480,145838,6168,16316911,ransom,
5852479,30762,248720,19501,57747306,ransom,
5743024,15151,296072,25944,57212961,ransom,
2877496,2558,99244,10901,28811705,ransom,
53002,1439,20058,1154,291198,ransom,
1369900,7396,112445,9492,12576789,ransom,
44307,920,8405,493,246707,ransom,
7195406,7044,244339,29675,71857652,ransom,
6428129,3781,188053,22997,64880686,ransom,
3990205,7338,184325,20801,39146884,ransom,
3871586,5422,175474,19639,37916319,ransom,
283729,1499,30922,1973,2379803,ransom,
3318866,4942,161387,17307,32406806,ransom,
122785,1748,15713,995,838313,ransom,
3687814,5743,146324,17201,37521731,ransom,
8339292,8173,269930,32337,83416986,ransom,
3938021,12107,122230,12284,39410246,ransom,
6981111,31498,314768,28214,68279190,ransom,
1300966,36780,221715,4049,10917033,ransom,
10144053,55578,541593,42704,99092805,ransom,
2203723,28891,370730,23512,19394928,ransom,
55813,1570,22401,1561,306211,ransom,
239832,3991,71789,6489,1169720,ransom,
2740015,2661,97792,10573,27549095,ransom,
6700293,7968,240530,27810,66669293,ransom,
5669061,22282,262177,23692,55505579,ransom,
4472792,27119,216351,15091,43912108,ransom,
4288952,45276,355826,19762,39947719,ransom,
10885669,52861,566902,46141,107423519,ransom,
273401,6487,120855,9983,1327395,ransom,
393667,4135,83482,7683,2719432,ransom,
71838,1872,29183,1761,392962,ransom,
2310621,9059,121439,12909,23315442,ransom,
12323568,15853,339635,43320,124484574,ransom,
9051665,32113,373458,36833,89609766,ransom,
2164878,49507,363246,13227,17937378,ransom,
6958536,55128,495404,26746,67453244,ransom,
732677,14456,214045,15244,5413181,ransom,
137031,2621,25391,2993,1115727,ransom,
287914,4745,80160,6835,1651161,ransom,
2152112,5047,133458,13164,20547078,ransom,
4126601,3018,123746,14551,41583059,ransom,
4374175,6325,192735,21202,43073761,ransom,
3921356,2386,111227,13852,39589359,ransom,
2950796,7736,182042,17065,28382840,ransom,
1566180,5015,105410,11355,14723436,ransom,
1803812,1694,54376,6366,18043101,ransom,
1068518,7376,99710,9553,9367234,ransom,
2101637,4400,91748,11175,20851879,ransom,
5712305,7086,227234,25011,56606695,ransom,
5650076,9265,229422,25110,57073026,ransom,
4356429,2958,143535,15947,43840895,ransom,
2109787,4623,122125,12862,20253692,ransom,
1400138,2054,66168,5614,13798661,ransom,
1782609,4935,124960,11904,16805696,ransom,
2390575,8753,144220,14600,22980294,ransom,
5463677,6412,144661,17138,55190888,ransom,
4370307,27852,246486,24392,42143015,ransom,
4593269,35050,266034,15102,44563078,ransom,
6398557,52357,414137,27122,61418497,ransom,
5600392,62211,593288,31409,52213209,ransom,
877098,5241,101365,7601,8386643,ransom,
243814,7522,85169,7345,1190287,ransom,
49305,1174,14526,843,273168,ransom,
7203415,7466,249345,29162,71898193,ransom,
8256187,16757,271235,31707,82275975,ransom,
2776507,25076,163079,8994,26772303,ransom,
6314941,49689,496598,39412,59903936,ransom,
4805097,7744,184768,17975,49383223,ransom,
241793,5441,81405,7249,1180161,ransom,
1029936,4541,101186,9671,9141949,ransom,
1029814,2023,47902,4725,10148421,ransom,
5518092,8173,224376,24953,54693325,ransom,
9459753,23865,287886,32591,94966487,ransom,
943249,38977,251496,8084,6194675,ransom,
6666058,41840,416802,31998,64547969,ransom,
5065600,4762,195389,20159,50947503,ransom,
325781,8500,92732,9374,2003957,ransom,
53981,1503,20167,1182,299039,ransom,
615444,4470,77116,7530,5073924,ransom,
9147341,9709,310036,36843,91505433,ransom,
8765117,24480,282572,28337,87837191,ransom,
695227,38598,264933,8848,3701123,ransom,
4174960,8825,214154,19500,41575754,ransom,
803562,4605,88753,8551,6952695,ransom,
5855200,7080,246547,26124,57991933,ransom,
428122,3822,22691,1429,5179151,ransom,
5224453,6531,189554,26590,51736979,ransom,
3462049,2614,89284,12328,35055260,ransom,
5027504,18190,221057,21844,49167827,ransom,
7116787,33555,328625,29081,69887179,ransom,
6597979,19846,350163,28434,65439175,ransom,
2199802,6215,140964,13993,20956240,ransom,
812663,1782,40308,3863,8013495,ransom,
937421,4158,83395,7310,8326177,ransom,
2937006,4765,131268,14164,28716760,ransom,
5573813,12284,170300,17770,55972414,ransom,
7401747,39007,380252,32329,72128905,ransom,
5859857,15084,306540,25967,58311597,ransom,
844921,4678,91659,7958,7333392,ransom,
1961285,4305,116956,10659,18693648,ransom,
197955,1396,22413,1623,1767596,ransom,
3752666,5028,163573,16878,36897849,ransom,
6810999,4436,207924,24182,68874361,ransom,
3639075,6798,143952,15064,36773109,ransom,
4206228,7184,195655,18778,41317689,ransom,
1264841,1581,49233,5253,12558786,ransom,
1266768,5576,103153,12727,10987649,ransom,
1240058,1758,50770,4635,12303326,ransom,
3126018,2284,94880,10469,31525308,ransom,
6660905,6649,257497,24455,63625982,ransom,
7637300,16522,402094,26081,71656644,ransom,
7745269,27671,442356,29436,70591217,ransom,
4685792,44083,437052,31576,35008672,ransom,
3978326,44235,339327,13999,37741182,ransom,
3194262,38846,391843,17884,29787834,ransom,
2445278,2163,76208,8850,24558497,ransom,
1341026,1748,51567,5542,13372738,ransom,
49722,1259,15872,1107,274057,ransom,
995358,1616,44592,4515,9857610,ransom,
1541842,1549,44060,5620,15485435,ransom,
6159992,3911,182255,22320,62187624,ransom,
3605559,5032,80014,11248,37686973,ransom,
4006754,19951,161931,12970,39494939,ransom,
2772655,23590,146540,9688,26772074,ransom,
7104624,31668,331708,26974,70295080,ransom,
6729951,4758,205392,25411,67973634,ransom,
1128090,1435,41170,4486,11180131,ransom,
1377198,1332,41845,4833,13783246,ransom,
45070,976,9421,676,251292,ransom,
367873,1177,21692,1853,3498297,ransom,
333737,1946,29677,1887,3074442,ransom,
1906893,1699,58377,7328,19147181,ransom,
2147749,1828,61661,7826,21631747,ransom,
4840041,9228,119204,14648,44963910,ransom,
1641486,8757,65704,5891,16206211,ransom,
3574773,20548,163549,11753,35103041,ransom,
2242602,17097,192136,11566,21538198,ransom,
3156125,2171,89444,10867,31806368,ransom,
6019303,2647,143618,19764,61012046,ransom,
1334042,3030,55360,5307,12788955,ransom,
2959148,3728,84994,9593,31276128,ransom,
424218,3617,35365,2410,4052621,ransom,
2818950,8573,102735,9109,28183720,ransom,
3202638,21808,166093,10850,31238851,ransom,
3915112,40653,303914,13173,37229599,ransom,
5008431,55056,465359,20757,47524767,ransom,
553549,7529,137401,8367,4351096,ransom,
528015,1136,20555,2071,5158432,ransom,
52851,1478,20693,1193,291216,ransom,
47307,1084,12299,667,262012,ransom,
60699,1540,22656,1199,332383,ransom,
5418903,2603,127955,18182,54876983,ransom,
8241401,5454,223149,28925,83433588,ransom,
1848060,11786,104478,7133,17995032,ransom,
6112958,25522,236555,19019,60695865,ransom,
908866,34322,186021,2809,7035989,ransom,
4222034,40342,306170,14105,40501663,ransom,
3202328,42867,392738,17710,29631476,ransom,
4006222,5173,129491,14211,41435648,ransom,
831855,1148,28251,3312,8248523,ransom,
54518,1491,21913,1279,300312,ransom,
46732,1034,11822,658,258931,ransom,
170282,1310,23729,1391,1494963,ransom,
3922098,3482,134644,14341,39449828,ransom,
6552784,6453,228317,24579,65962559,ransom,
1591025,1817,54284,6245,15909261,ransom,
5199858,4386,180804,19278,51807638,ransom,
51679,1242,17302,1067,284563,ransom,
4871035,4398,115201,15979,49294637,ransom,
1032789,9735,64769,3726,9892301,ransom,
4045963,19344,163865,13945,39986873,ransom,
6440391,35138,305907,21415,63401600,ransom,
3902860,53507,402844,13212,36402477,ransom,
4369552,64960,488267,14055,40431678,ransom,
782685,63929,519176,5692,3727298,ransom,
135890,5363,89605,4763,692100,ransom,
358692,3503,15947,1157,4503415,ransom,
30998,1069,16689,1109,167518,ransom,
35156,1285,22067,1372,187542,ransom,
2702547,2253,74866,9420,27306839,ransom,
4114728,4594,125718,14424,41560585,ransom,
5411666,11025,153949,17040,54355369,ransom,
8942363,25744,271600,29641,89598985,ransom,
1792096,40586,229193,5545,15638282,ransom,
4825276,48574,351049,15613,46107583,ransom,
2755507,37683,387858,18162,25336504,ransom,
1722797,1661,60073,6690,17252950,ransom,
47443,1157,12178,829,262616,ransom,
49915,1207,15918,1112,276107,ransom,
53405,1427,19607,1211,293529,ransom,
1494459,1856,51156,5553,14958329,ransom,
6223836,5240,158427,20675,63024364,ransom,
5088867,24555,210476,16376,50249752,ransom,
6753370,42750,340422,23418,66186429,ransom,
4726636,54039,363264,14159,46063538,ransom,
2619293,57065,381553,7813,23038158,ransom,
3622562,29869,346434,20354,34635899,ransom,
3798157,1427,56631,10605,38659804,ransom,
1551879,907,25050,4334,15626208,ransom,
52117,1367,18002,1048,286064,ransom,
1534019,1603,44533,5647,15473162,ransom,
727289,1713,41545,3228,7017616,ransom,
6558677,3235,149161,21312,66477000,ransom,
6819317,10437,163232,22127,68964019,ransom,
6627856,30448,256401,21612,65617839,ransom,
5186124,38395,274511,17387,50501476,ransom,
3345539,49648,323603,9953,30934868,ransom,
7397033,57615,453229,24101,71870798,ransom,
2369423,66049,457103,6083,19908375,ransom,
512644,22890,262975,10523,3358984,ransom,
2159372,1823,46976,6984,21727896,ransom,
46849,1105,11288,801,260873,ransom,
365030,3876,22171,1467,4537938,ransom,
1643179,2025,62069,5860,16411232,ransom,
5092772,3628,159892,18360,51436321,ransom,
2628078,4007,96810,9311,26269379,ransom,
6770156,12658,189141,22127,68235978,ransom,
734503,25291,140153,3183,5823920,ransom,
4332191,30825,217600,13960,42253211,ransom,
1978689,42000,251707,5507,17428176,ransom,
5242442,54999,417777,18158,49987232,ransom,
2621139,64215,464464,7526,22608182,ransom,
516695,44463,426091,10552,2010628,ransom,
41518,819,3675,140,234400,ransom,
86226,3222,37760,1603,428823,ransom,
61859,1681,24833,1427,339542,ransom,
168555,2472,37893,2200,823322,ransom,
510937,1079,19569,2076,4992126,ransom,
2198525,2110,60849,7990,22116690,ransom,
4930193,3005,136762,17502,49809356,ransom,
2001933,4891,56613,6018,21162988,ransom,
5103461,18575,190559,15858,50834278,ransom,
679322,25341,125304,2342,5262487,ransom,
4665858,31723,218912,14854,45575591,ransom,
643763,36802,202179,1666,4191543,ransom,
5771868,46627,372609,19435,55947781,ransom,
2214605,55636,399010,6329,19013678,ransom,
2945405,38602,424637,19576,27187778,ransom,
135025,685,6910,453,1183887,ransom,
48570,1133,13238,849,269762,ransom,
54762,1567,21853,1263,299986,ransom,
50257,1251,16535,902,278396,ransom,
581863,1191,24365,2476,5768580,ransom,
6090643,4021,178747,21769,61452254,ransom,
7078600,14956,218239,23091,71105735,ransom,
3283803,23926,170155,11858,31975134,ransom,
2703850,37992,252422,9193,25084536,ransom,
3396548,44004,319782,11813,31833366,ransom,
4838239,58347,429336,15379,46846100,ransom,
2124433,65084,461635,6102,17433400,ransom,
505532,43319,411609,10569,1972281,ransom,
39163,599,958,46,221578,ransom,
51405,1351,16320,1093,284616,ransom,
48745,1205,14579,900,270185,ransom,
92667,1554,21981,1347,685097,ransom,
3002334,2093,80159,10870,30386855,ransom,
5282944,3186,127614,16237,53428830,ransom,
6689558,21130,210501,21207,66822743,ransom,
4491545,31442,225679,14859,43896210,ransom,
3125849,46375,297249,9973,28815530,ransom,
5667254,56645,419479,18060,54234829,ransom,
6068824,43435,458008,27437,58821954,ransom,
367847,3953,54200,3988,1657319,ransom,
906871,3999,224801,6130,4032628,ransom,
3187049,7718,257459,12960,25630721,ransom,
3256281,13549,302387,27597,19614060,ransom,
6257047,5549,162493,20479,62693647,ransom,
7098381,16229,192178,21690,73028467,ransom,
5438362,27921,222728,18087,53747630,ransom,
4252272,46486,322341,13869,40360119,ransom,
3770056,52715,387054,12041,35084767,ransom,
3787714,61927,473398,14080,34687602,ransom,
333594,12235,176299,9031,2172652,ransom,
41989,806,5010,325,238041,ransom,
50416,1379,16961,1050,277028,ransom,
49819,1269,16072,969,275413,ransom,
54144,1489,22109,1328,297899,ransom,
1672316,1815,56098,5891,16743868,ransom,
2565822,1875,69054,8832,25867435,ransom,
3773810,6776,113316,12805,37939960,ransom,
2241231,13390,101675,7048,22018643,ransom,
3056300,28837,187078,9748,29266659,ransom,
1108386,30515,157556,3414,9363521,ransom,
4010748,37889,271023,12704,38464097,ransom,
3616972,46292,325785,11659,33887580,ransom,
2804218,53261,357818,7914,26373161,ransom,
4594138,59024,462695,15407,42567514,ransom,
1607360,26874,311747,14993,14290861,ransom,
1983927,1155,30998,5398,20039014,ransom,
51328,1417,15639,946,283131,ransom,
60248,1530,21451,1179,330833,ransom,
52867,1459,19457,1079,290763,ransom,
3560583,2347,94705,12228,35963969,ransom,
6571729,3784,184771,23509,66583290,ransom,
2509493,7852,101797,8897,24844918,ransom,
7370431,18319,226832,24200,74108775,ransom,
2143031,34889,223238,6682,19501364,ransom,
2783273,36962,247730,8626,26062444,ransom,
2748014,19713,256684,15589,26395482,ransom,
3273754,2105,94135,11395,32954972,ransom,
587018,1381,27993,2723,5734857,ransom,
1238156,1652,42881,4754,12356460,ransom,
405235,1169,21180,1951,3911173,ransom,
2138468,4584,73042,7254,22498667,ransom,
8559217,3906,205851,28102,86775341,ransom,
3714452,3951,87219,11830,37650252,ransom,
3787117,21611,179389,13216,36806428,ransom,
3610793,26328,187076,12022,35163914,ransom,
3772742,42558,305788,12791,35721282,ransom,
7012210,56880,478693,23912,67952342,ransom,
649512,67835,471156,692,2206400,ransom,
748808,58845,530798,8193,3638582,ransom,
88324,1567,24872,1675,488480,ransom,
43363,926,7733,463,244332,ransom,
53618,1443,20011,1117,293707,ransom,
48405,1170,14125,775,269556,ransom,
79958,1174,16999,954,601509,ransom,
4465468,3046,127289,15339,45104750,ransom,
8097952,13976,223005,25990,81552477,ransom,
1292355,26340,143324,4266,11477383,ransom,
5433693,45191,329615,18427,52516360,ransom,
3205633,54483,358548,11586,29945735,ransom,
1545225,58877,381672,4311,11941050,ransom,
2205867,62584,449971,6524,18479022,ransom,
810924,66566,462719,965,3965214,ransom,
550920,47346,447413,10528,2136099,ransom,
45157,954,9680,553,252719,ransom,
43081,836,7550,393,242089,ransom,
48153,1247,13421,743,267163,ransom,
1313489,1326,29375,4045,13206693,ransom,
6465763,2251,112273,18328,65676123,ransom,
8691535,3811,202796,28808,88111280,ransom,
1785414,1657,51864,6613,17925502,ransom,
8318173,8420,204343,28364,84188712,ransom,
495706,13700,79164,1986,4214450,ransom,
6516392,26119,247672,20666,64738503,ransom,
3681741,34310,235926,11836,35371335,ransom,
4597824,47931,326329,14927,43833770,ransom,
3585160,48701,391013,16380,33407019,ransom,
3073327,7859,144126,14039,31640793,ransom,
263153,950,13147,1288,2476800,ransom,
54679,1483,21192,1390,299475,ransom,
47571,1112,12983,811,262941,ransom,
51800,1344,18112,1110,285512,ransom,
2558446,4774,121640,10171,25425154,ransom,
7329849,7787,210913,25611,73969804,ransom,
2607673,18224,139831,8891,25025367,ransom,
6633570,31576,272378,21570,65654100,ransom,
1654902,41105,252323,5620,14271219,ransom,
2069025,49869,347198,6147,17790543,ransom,
3851260,44047,455619,22129,36051166,ransom,
1315420,966,27321,3950,13201231,ransom,
52429,1391,18042,1123,288780,ransom,
51486,1380,17595,1035,283468,ransom,
121453,1503,23316,1328,979072,ransom,
3924311,2340,99329,12662,39657409,ransom,
6453049,7021,163523,20777,65275935,ransom,
4562786,28496,202714,13534,45876403,ransom,
5928049,34676,263956,19587,58326550,ransom,
4268211,46823,310750,13311,40544205,ransom,
4121325,52289,426159,18105,38601857,ransom,
4245687,5214,152416,17007,42629728,ransom,
1972751,1623,44405,6390,19845757,ransom,
44238,878,8537,545,248735,ransom,
49438,1216,15151,996,272625,ransom,
2041776,1938,60890,7365,20603638,ransom,
6608086,4563,196949,23694,66721185,ransom,
4252321,3215,137720,15511,42727980,ransom,
2440984,2019,72628,8292,24653021,ransom,
3093091,2981,110441,11466,30971712,ransom,
273065,1223,20095,1673,2534535,ransom,
1737522,2229,67001,7284,17334456,ransom,
3583554,4263,90145,10818,36205930,ransom,
3392749,14873,130288,11545,33646177,ransom,
6935892,35835,303602,23025,68443265,ransom,
9154707,56142,456515,30183,91164743,ransom,
2187392,65513,450571,6070,18078330,ransom,
1195103,51167,464974,11828,8591042,ransom,
54041,908,21449,1557,291525,ransom,
48933,1294,13231,751,270503,ransom,
54210,1565,20510,1132,297136,ransom,
51687,1351,17855,976,285760,ransom,
725019,1247,30012,3046,7139651,ransom,
6524195,3829,167451,22453,66026391,ransom,
6460990,19342,211199,21037,64581330,ransom,
7891820,34641,300303,26409,78358867,ransom,
1034430,47703,281398,2511,7425213,ransom,
3300114,55432,398027,11427,29779895,ransom,
2299741,61718,408900,6777,19463827,ransom,
1434334,24134,290492,13633,12604274,ransom,
59536,1100,11101,575,333418,ransom,
51536,1418,17728,1004,282332,ransom,
181060,1347,18964,1137,1605802,ransom,
361629,3709,18178,1131,4520451,ransom,
829340,1321,31724,3026,8209840,ransom,
4441109,3070,136183,16179,44872328,ransom,
1805273,1720,59388,6433,17999895,ransom,
5355236,9625,163034,18857,53890649,ransom,
838010,21065,113619,3141,7163762,ransom,
3445567,24931,176553,11600,33570713,ransom,
973126,33547,177085,3037,7721508,ransom,
4069742,39365,280388,13419,39103296,ransom,
2665678,50920,348136,7546,23813423,ransom,
2381387,33450,360975,16383,21778448,ransom,
2709262,3928,94036,9997,27107830,ransom,
48712,1183,12993,934,271504,ransom,
166142,2247,35036,2300,812345,ransom,
78119,1458,20013,1286,543077,ransom,
183787,1508,19238,1153,1613589,ransom,
5641154,4322,155680,19208,57016515,ransom,
8611630,24391,260917,27131,86239574,ransom,
3661233,37461,254019,13303,34948586,ransom,
4536955,53428,367942,14075,44102356,ransom,
2443418,57096,385211,7681,21243497,ransom,
1552476,62645,419897,3958,11789539,ransom,
1241972,41211,394904,15461,9591788,ransom,
867044,4900,173397,4658,3849217,ransom,
1186897,7778,268393,8308,5205792,ransom,
2761272,14207,347592,26979,12611158,ransom,
53536,1401,20547,1271,296232,ransom,
3148761,2668,97639,11473,31730989,ransom,
7527391,6701,203167,27032,76083835,ransom,
3445765,16867,145929,11745,34061489,ransom,
7493568,30840,280634,25490,74470936,ransom,
840153,42379,244394,2781,5810315,ransom,
4854241,47534,351247,15660,46482207,ransom,
3691000,57599,427895,12438,33999228,ransom,
1623531,59188,514000,11093,12598209,ransom,
100173,2244,39713,2812,542045,ransom,
43904,912,8310,514,246186,ransom,
374302,4200,23945,1545,4587955,ransom,
54788,1602,21107,1307,299978,ransom,
46758,1088,11831,674,259885,ransom,
7284809,5912,187077,26179,73777895,ransom,
6592279,10339,225246,24530,66313954,ransom,
3278547,10698,120096,10714,32779058,ransom,
3388493,25760,191624,10912,32847518,ransom,
3819878,31303,219435,13957,36974531,ransom,
5290070,12801,249468,22953,52766411,ransom,
1898144,1895,64597,7753,19012584,ransom,
45261,924,9200,568,253321,ransom,
1219277,1833,49829,5638,12121063,ransom,
3525838,2720,107696,12796,35601505,ransom,
1977843,1936,64700,7387,19820242,ransom,
7523066,10242,171132,23346,76039520,ransom,
5555255,19590,198928,17764,55396285,ransom,
3736354,36390,258017,12219,35788729,ransom,
6161731,46254,356990,19334,59919362,ransom,
6583011,61722,445573,20442,64511757,ransom,
1772236,65778,459934,4362,13830212,ransom,
552960,47740,447427,10528,2137226,ransom,
37277,527,743,0,211410,ransom,
45816,1079,10691,597,256599,ransom,
53853,1600,21151,1155,295171,ransom,
49779,1235,15177,841,275511,ransom,
305956,1137,15216,1412,2927197,ransom,
5514909,3708,162047,20005,55703254,ransom,
7666105,17466,231649,25729,76996642,ransom,
2856587,30046,190200,9523,27193886,ransom,
5607561,44530,318150,17626,54376644,ransom,
5037478,54646,389616,16386,47923069,ransom,
3176297,58318,469447,15165,28574926,ransom,
326952,5368,96289,6489,2581367,ransom,
57511,1521,21370,1281,339448,ransom,
525418,3634,51836,3155,4860865,ransom,
6167857,3680,172660,21361,62384732,ransom,
8920431,7200,213806,29158,91253981,ransom,
2910465,22584,177462,12970,27664653,ransom,
5402385,59743,320036,24901,48103039,ransom,
1429198,32191,205860,4975,12467059,ransom,
9228687,46808,435892,31159,91277319,ransom,
3075580,35297,399891,20181,28601801,ransom,
54823,1613,21035,1365,300625,ransom,
234496,1447,23358,1678,2138233,ransom,
2057426,1865,59348,7366,20693099,ransom,
7374078,4367,213656,27670,74587803,ransom,
6450415,7402,191236,22917,65035592,ransom,
1879940,11626,95096,6826,18431927,ransom,
4399115,26273,205761,15036,43130839,ransom,
3190177,32808,219899,10552,30449896,ransom,
10215246,17395,400162,42028,102532248,ransom,
658726,1632,33590,3557,6429670,ransom,
52272,1354,18781,1217,287158,ransom,
52974,1319,18421,1284,292809,ransom,
4902968,5750,148475,16852,50489849,ransom,
6443383,3579,181048,23410,65193108,ransom,
3557838,2524,111873,13322,35823683,ransom,
4074800,2497,115100,14284,41219204,ransom,
2058169,2107,74643,7755,20529630,ransom,
502854,965,17690,2043,4911174,ransom,
2293106,5430,81764,7659,22920992,ransom,
5618748,12844,169269,19690,56491004,ransom,
3348536,28447,214130,11767,32334945,ransom,
10117682,47395,444095,33006,100387133,ransom,
3059787,30856,360300,21107,28692127,ransom,
53200,1446,20065,1308,292792,ransom,
173939,1710,29353,1709,1485834,ransom,
1178675,1428,40409,4709,11813550,ransom,
8315875,6775,245050,28726,83997057,ransom,
7196279,21157,225576,23022,72056686,ransom,
3923971,30547,224918,13843,38054336,ransom,
2443781,42763,275669,8605,22102844,ransom,
7351213,62725,488952,23804,72238064,ransom,
345139,24349,287374,11473,1470688,ransom,
32871,1113,17329,1013,177049,ransom,
2785561,2435,92410,10302,28002838,ransom,
3280896,2201,93925,11990,33131792,ransom,
5984224,8831,145676,18727,60463939,ransom,
8167203,27703,275694,26475,81501375,ransom,
2925563,41497,255120,9051,27192950,ransom,
8970593,54382,494560,33392,88000069,ransom,
878380,10294,172869,11110,7829745,ransom,
54007,1535,19137,1181,296603,ransom,
49541,1206,15355,829,273137,ransom,
5049424,3941,155528,18295,50978474,ransom,
8382777,18205,255251,28602,84284647,ransom,
3186617,36936,254845,10436,30078034,ransom,
2810592,43803,316246,11071,25790959,ransom,
4828963,8952,239704,21906,48191631,ransom,
726581,1824,40578,3534,7059171,ransom,
363816,3768,20473,1262,4532288,ransom,
51085,1179,16054,986,282745,ransom,
5175226,3511,159099,18478,52242569,ransom,
8386152,9112,216048,26744,84782573,ransom,
3472226,31832,236184,12249,33232378,ransom,
3274179,33325,236886,11259,31264420,ransom,
7624776,49538,455034,28570,74087381,ransom,
2400811,10512,201816,16328,23298864,ransom,
60216,1751,20662,1419,340322,ransom,
54300,1435,20105,1356,298552,ransom,
2712330,1349,49635,8061,27446509,ransom,
8430862,2651,154617,25567,85681289,ransom,
11495414,4336,182962,33886,116937123,ransom,
5831540,10696,121339,16692,58912599,ransom,
8946715,20301,203162,25297,90012868,ransom,
5491862,65640,146749,5595,51825353,ransom,
22396505,49874,472469,66401,223992262,ransom,
9977539,6167,220036,32664,101166092,ransom,
11284019,4224,185247,34197,114316938,ransom,
161580,2246,20719,1423,2942375,ransom,
3422975,1979,76790,10684,34622984,ransom,
49960,1240,15996,1117,277190,ransom,
4742926,4953,131161,15836,47899169,ransom,
9164787,22428,271218,29852,92126552,ransom,
2708593,39731,248577,9014,25028529,ransom,
7563131,54298,443381,26467,73710039,ransom,
1874623,14730,232155,16558,17702451,ransom,
187086,1783,36302,2296,1268775,ransom,
52634,1407,17794,1084,288238,ransom,
1877408,1676,59630,7050,18851985,ransom,
8291138,5968,230739,27599,83881370,ransom,
5189168,23276,203870,16939,51328976,ransom,
5496945,30021,234010,19545,54193634,ransom,
3113636,22105,280155,16973,29926332,ransom,
2916354,2797,103571,11136,29278017,ransom,
1804697,2078,69892,7451,18058131,ransom,
1023667,1562,37816,4065,10148633,ransom,
1932312,4080,61926,6367,20498352,ransom,
2898258,6456,98732,10163,29002712,ransom,
7835302,26385,257273,26151,78257354,ransom,
7663183,40789,333715,25613,75641465,ransom,
6410981,49847,508842,28484,61946755,ransom,
2598997,2430,71387,9578,26176750,ransom,
53774,1396,19396,1268,296811,ransom,
99638,1413,19777,1213,763484,ransom,
6710365,3899,188513,22703,67907735,ransom,
8190288,18417,255180,28305,82283926,ransom,
3888386,37049,252896,11995,37246842,ransom,
3603737,45416,299206,12454,33849866,ransom,
6364116,44595,565383,35521,58511960,ransom,
1356549,6889,277022,8347,7551966,ransom,
1452109,7657,235046,8820,8094067,ransom,
2806190,11964,237532,24217,17009764,ransom,
7209360,5216,197850,24801,72917802,ransom,
8703535,18638,234673,26826,87541728,ransom,
1885543,33934,182686,5015,18319057,ransom,
5951785,45782,342298,21070,57785812,ransom,
6003108,45131,488820,30477,57992391,ransom,
2956486,1665,53190,9052,29921392,ransom,
52994,1365,18991,1300,292000,ransom,
275660,1583,31138,1994,2513808,ransom,
3859146,3721,149346,14066,38722415,ransom,
7471466,8344,185706,23067,75688405,ransom,
2538794,25304,154625,8351,24092151,ransom,
2579537,32203,215600,9906,24157810,ransom,
3678496,39877,270450,11778,34930459,ransom,
7372658,59445,504248,26867,70839402,ransom,
4035405,67062,479302,11106,36914449,ransom,
1169889,16790,120602,3533,10858279,ransom,
402579,21666,115487,10318,1997113,ransom,
738913,5017,207549,31787,3692976,ransom,
873434,7756,232711,37835,4251027,ransom,
684237,28281,139965,14414,3283590,ransom,
0,0,0,0,0,ransom,
