c4,c5,ff24,aa24,INST_RETIRED,type,
3119888,49696,406294,78326,39417509,ransom,
1497357,34853,479464,171338,21694727,ransom,
964936,6041,258047,39289,4714406,ransom,
830933,9267,210407,35707,3984174,ransom,
3853729,81517,727915,228184,28724676,ransom,
28720014,46180,209774,13285,690930566,ransom,
2352222,5082,25716,814,57425870,ransom,
4197100,7638,109341,42863,96920003,ransom,
6470323,32575,1284269,807678,125428157,ransom,
25902084,43609,1440669,1094700,633834715,ransom,
23982422,128335,3272859,2372912,509682393,ransom,
50915211,92940,4150879,3415476,1179950305,ransom,
56358658,90855,4919266,4252674,1370754760,ransom,
52399927,72551,5175623,4657199,1305070784,ransom,
61856092,72881,5565493,5024330,1540937020,ransom,
71386585,114287,7173067,6130038,1667470316,ransom,
64660710,74150,5235549,4734237,1599373767,ransom,
72341594,82511,6856726,6262405,1787343184,ransom,
79119993,87634,6781625,6201430,1915359860,ransom,
80807977,108224,7758612,6829241,1880468078,ransom,
79717423,89361,7224353,6587214,1973329610,ransom,
72916951,80270,6745466,6127513,1819305052,ransom,
77868500,84369,6593181,5958603,1903895311,ransom,
81659876,127611,7379815,6445346,1891414040,ransom,
42833551,137442,3655772,3215542,1017577219,ransom,
63446892,73388,5912649,5390401,1572233499,ransom,
66737362,75144,5806067,5282779,1660933488,ransom,
70869532,85480,6192652,5671414,1693750539,ransom,
45949642,70815,4860533,4165478,1037569370,ransom,
13881036,15244,901458,829370,340620266,ransom,
8272408,9560,760093,695978,204603217,ransom,
19922773,21813,1650051,1504009,467407547,ransom,
15082934,39762,1833000,1333161,320234930,ransom,
8894862,10232,842258,774528,220232122,ransom,
16346637,17914,1223185,1111474,404455716,ransom,
16493045,39601,1821860,1465470,353550384,ransom,
8053329,14109,840817,655583,197524123,ransom,
10233345,10888,1130317,1038151,257905083,ransom,
1748370,1425,775581,735793,52573424,ransom,
14690791,34916,796398,371305,320089630,ransom,
10681126,12553,1617863,1520455,265810037,ransom,
188197,394,5217,381,4441045,ransom,
17060607,37289,1442579,1042637,371313949,ransom,
12560285,15353,1107189,973773,310647802,ransom,
13392658,55375,1148643,1000595,299422264,ransom,
13731104,22426,1139008,1022845,334820502,ransom,
17069843,44323,1962424,1415131,379767106,ransom,
11808688,55291,1148676,925208,265747838,ransom,
11953016,14961,965538,864710,296731569,ransom,
16662827,27166,1712786,1385880,369201256,ransom,
11649067,22083,1368233,1109931,282252620,ransom,
7397049,7575,970256,881963,190492481,ransom,
932610,1223,468217,428774,27843316,ransom,
8719549,26149,1023409,597356,174306693,ransom,
31673048,35763,2123063,1947085,780164331,ransom,
5355487,54940,422441,309137,94991195,ransom,
21055283,44399,2186261,1704465,476189478,ransom,
18846144,26200,1884986,1656493,462764440,ransom,
4603220,6317,390810,346802,113689321,ransom,
13794684,17856,1350753,1203792,345651000,ransom,
22484952,63701,2280915,1731637,492289173,ransom,
7746488,10112,732016,670502,189888310,ransom,
14012376,15844,1436264,1305791,351150370,ransom,
17245088,19088,1422051,1307943,414535113,ransom,
8864235,39467,1359054,888491,170888872,ransom,
5620728,20817,501803,448182,130664410,ransom,
17664232,90114,1328857,1169960,398753848,ransom,
15364223,30979,1687697,1320762,341145018,ransom,
3573849,11951,505807,369835,84540687,ransom,
8698414,9958,727122,663822,215204360,ransom,
15915800,17489,1490948,1349679,398808453,ransom,
16487800,36757,1757381,1307755,364787200,ransom,
6805408,7714,820029,759977,169782513,ransom,
9041872,13094,916502,752311,213436431,ransom,
16923616,30199,1744318,1223651,352942413,ransom,
14729243,39721,1746623,1094670,324187394,ransom,
4869457,19862,608689,382968,72801990,ransom,
8737060,9687,727553,663097,215947392,ransom,
19194173,39527,2090928,1630405,438101658,ransom,
13911437,30185,1291297,1156929,344658330,ransom,
8040737,9627,761569,696125,198461914,ransom,
20246482,26220,1718100,1504510,463716591,ransom,
13638995,30838,1689539,1314265,321184650,ransom,
10174861,10034,713891,616143,259956854,ransom,
12652961,53591,1372704,1214671,295332262,ransom,
4958157,45082,1336604,899326,72030031,ransom,
18620163,20910,290962,222593,453741503,ransom,
13027439,15913,1723232,1605233,318969462,ransom,
7246056,17334,822439,601702,140934453,ransom,
14944198,27758,1598037,1277339,364427148,ransom,
17792840,19442,1610585,1454818,443488740,ransom,
11722728,13280,1029605,930633,290540238,ransom,
15208300,35942,1840424,1378439,330058049,ransom,
14499497,16414,1401987,1279647,359587620,ransom,
10089206,11627,871277,792516,246967678,ransom,
18183741,95651,1427602,1178276,373735161,ransom,
15612461,36365,1954792,1554860,367711635,ransom,
11072129,13246,960164,862650,274667804,ransom,
10712090,11973,1004341,915332,266912313,ransom,
17801480,46943,2024600,1514638,387441736,ransom,
14682880,16550,1295892,1170050,363386464,ransom,
11440941,12513,1018978,922244,285822983,ransom,
12054377,13537,1103483,1016809,292116387,ransom,
12156955,36883,1570658,1146125,253723680,ransom,
8253,242,5257,178,52633,ransom,
10184352,11723,764924,678109,252034931,ransom,
2547455,25261,831413,455087,21472125,ransom,
6494619,7735,599436,539145,161041975,ransom,
7683002,95950,713506,574021,150802735,ransom,
10264735,11553,771017,706548,248806695,ransom,
7618777,31010,1207322,782133,151594033,ransom,
5990007,6972,463538,435727,144672033,ransom,
16374530,70612,834792,738266,324596868,ransom,
3100649,20807,720810,453760,36662853,ransom,
8138046,16279,857507,671673,198148805,ransom,
4940664,6015,597018,527454,127359534,ransom,
14511348,16166,1371979,1241847,363966379,ransom,
18527685,43116,2097816,1621532,408745267,ransom,
6722283,8051,531762,479789,164764653,ransom,
15538965,95034,1236113,1071354,339802515,ransom,
22082956,33830,1967501,1641887,500879882,ransom,
6130573,17874,968378,727298,145170887,ransom,
8440099,10709,903461,819501,209978509,ransom,
14744533,16863,1322116,1206800,363561359,ransom,
14479668,35550,1847946,1401371,314474307,ransom,
10136605,11729,901536,814016,248975109,ransom,
11138984,13300,968501,885272,273008559,ransom,
14318640,15984,1212546,1100110,349935833,ransom,
15243261,40998,1724986,1240914,335631459,ransom,
12902145,14945,1201666,1091374,318973061,ransom,
14820152,66305,1184151,1019879,330707852,ransom,
11919979,31462,1166006,971305,255576815,ransom,
14389427,28452,1785190,1418225,344893603,ransom,
14746086,16826,1379195,1258508,364316189,ransom,
11627423,13322,1049845,960941,285852416,ransom,
15232103,35061,1788850,1335206,324073768,ransom,
15184844,17122,1317786,1197596,377294899,ransom,
11986121,13504,1271186,1158740,297537840,ransom,
14955177,17401,1067057,965413,341969635,ransom,
12206891,33777,1617637,1189968,275384089,ransom,
14229028,60505,1264733,1107127,325694882,ransom,
16654651,38938,1297921,1175823,393949885,ransom,
11363154,33221,1426685,998819,229542060,ransom,
12616235,14492,1061804,958409,311659935,ransom,
14957361,16758,1411317,1285268,370296852,ransom,
12247353,13674,1102738,1007668,279266686,ransom,
14398226,36940,1643241,1180906,328113908,ransom,
13471703,15247,1415045,1303864,332560908,ransom,
9318152,10666,920105,846232,229087871,ransom,
12730209,32937,1494401,1074009,269966288,ransom,
13577526,15551,1264995,1161221,334446622,ransom,
12380035,74611,1124877,968526,266472694,ransom,
11018329,12627,1080120,986724,271504075,ransom,
17930526,47281,2022464,1496163,397487865,ransom,
13734650,13947,1158498,1029957,347480954,ransom,
12819324,13642,1150708,1025528,323245356,ransom,
17000911,34778,1870905,1472764,369536578,ransom,
13689338,21787,1346485,1130452,334180352,ransom,
10930427,116259,1003966,916496,269125891,ransom,
13868076,15270,1282595,1175096,345405896,ransom,
16073212,40363,1785193,1290422,342737611,ransom,
12469269,36425,1189023,1073199,298132015,ransom,
16658745,82110,1301439,1143016,377393420,ransom,
16186660,28593,1550953,1257585,348607535,ransom,
10931917,22734,1369743,1106216,265429343,ransom,
14571495,16785,1128036,1015273,360281697,ransom,
13380701,15389,1252537,1159999,329682886,ransom,
13531656,34287,1710357,1264605,292672275,ransom,
14371476,16114,1226102,1119149,355264462,ransom,
14345878,15853,1296974,1193183,353893040,ransom,
11422532,13032,1078254,988396,273705653,ransom,
12793367,33620,1677618,1216297,274934743,ransom,
15660481,17542,1444670,1327030,387786730,ransom,
13883408,53162,1060902,932417,322083868,ransom,
14781136,67647,1784374,1327519,298755932,ransom,
11976422,13969,1165136,1015761,301552065,ransom,
11432344,12540,1137692,1047549,285219499,ransom,
11636174,12829,811483,743631,285241564,ransom,
18403216,46872,2100600,1590423,408843789,ransom,
13122771,26130,1285808,1174098,329700712,ransom,
11571498,13511,882568,786871,284146272,ransom,
10250408,21979,1332878,1054741,221296397,ransom,
1621628,9118,912418,700283,43875502,ransom,
20705707,22687,413766,343597,507421859,ransom,
18890272,80195,2106292,1895666,428223450,ransom,
9350383,32925,1350766,943929,186711689,ransom,
13050398,15670,1180941,1046361,326409131,ransom,
20601631,22743,1747890,1617704,508511336,ransom,
7612386,10155,707327,639717,162662975,ransom,
11886605,33605,1650336,1179369,271227601,ransom,
17044821,23465,1479641,1330005,424270613,ransom,
9978715,32796,1064815,893623,235390636,ransom,
10009184,30065,1339478,904099,200648881,ransom,
16160898,18122,1389687,1270725,401269207,ransom,
15364726,17330,1278416,1171334,380497438,ransom,
10382582,78508,761011,636645,213613335,ransom,
18295941,55286,2066274,1535431,399668933,ransom,
17453891,19784,1499366,1373133,430649635,ransom,
10989831,13086,1101484,1020567,269226080,ransom,
16143618,293477,1610779,1242652,342525429,ransom,
13250670,21346,1189889,978164,322106067,ransom,
11185320,14076,1344261,1249412,273934828,ransom,
10340677,12442,980318,910466,252466981,ransom,
17133434,45055,1837213,1352843,365286431,ransom,
9128200,11073,870571,803139,222729081,ransom,
14001102,16234,1170087,1068701,343905818,ransom,
20057735,89876,1664986,1446507,425455917,ransom,
4254829,22738,1159821,749780,85578610,ransom,
518629,685,180613,153460,15885660,ransom,
12664211,14454,858803,789237,308601987,ransom,
3026785,20161,1245959,852555,44724484,ransom,
17485174,19948,794625,725956,424367084,ransom,
6985215,8771,812107,756623,170161243,ransom,
9532826,11899,786409,702256,219149591,ransom,
21247641,44223,2272228,1741814,502690042,ransom,
10763453,11836,1039056,945119,269402769,ransom,
8783839,9825,756681,662895,221840940,ransom,
22554622,90037,1851102,1590581,497204949,ransom,
12945553,60024,1581207,1149393,286633569,ransom,
8353411,9583,859423,770340,210210044,ransom,
15602666,17112,1285311,1179950,386696529,ransom,
14829416,27817,1546127,1207381,321680886,ransom,
9733591,19350,1299747,1041026,240601264,ransom,
8573397,8996,1067350,975184,218209021,ransom,
1004731,861,306272,262568,30093723,ransom,
15706756,36287,1279793,766052,345477672,ransom,
26145715,32551,2320392,2074307,627448623,ransom,
1446372,5179,362923,104852,15277603,ransom,
15587798,27737,1583205,1113101,335629521,ransom,
31183925,141517,2856781,2265321,675028772,ransom,
3086623,4341,362689,330072,75080327,ransom,
12454560,13826,1055084,936742,314401100,ransom,
22965500,25151,2066472,1902115,555695474,ransom,
8054758,30483,1183204,732752,149513079,ransom,
2524680,7187,783194,689124,68733511,ransom,
1768526,2907,831260,755542,53317173,ransom,
14167349,27952,548388,328819,319619480,ransom,
29151199,50078,2690878,2279212,695340297,ransom,
1394129,2188,155811,132797,33774536,ransom,
6625580,7045,578896,512356,169170888,ransom,
18590765,87410,1688765,1292194,375293116,ransom,
6032386,29083,822902,556214,137375107,ransom,
8199339,9120,744723,678872,202993263,ransom,
4834489,5533,489584,434945,123262983,ransom,
10646308,31307,1307455,879745,219933206,ransom,
12176830,13238,968999,869007,304851517,ransom,
2106223,2472,289725,268164,53323069,ransom,
11019492,13642,968385,800772,259288381,ransom,
8507534,26488,1131443,800600,183892418,ransom,
9113099,10134,894593,828341,225053627,ransom,
8055114,252199,704012,634774,202280147,ransom,
8486215,171022,1061657,692763,131151917,ransom,
1295729,5375,573637,446953,34242704,ransom,
799887,878,368510,335049,24547801,ransom,
688956,982,297874,267480,19640888,ransom,
4899477,21296,1114793,743071,89309654,ransom,
15137663,17536,122680,61741,367174980,ransom,
21657022,25152,1899209,1788174,527284379,ransom,
5515729,17127,807644,501601,107781143,ransom,
15906838,30479,1529812,1285045,392902574,ransom,
15429728,17845,1437477,1307321,380946551,ransom,
8160488,9590,869250,793660,202327352,ransom,
13990270,86497,1286936,959538,263767777,ransom,
16749391,32856,1684508,1404593,410707705,ransom,
13043398,130296,1073584,970560,321326908,ransom,
8692234,9736,807907,732815,216148249,ransom,
16592006,37251,1884294,1432982,365970423,ransom,
13735966,15131,1221555,1100083,343232893,ransom,
11669478,13161,1040495,938276,289520373,ransom,
8465884,18265,1281069,1079693,176494131,ransom,
2116454,20030,945916,664016,48830300,ransom,
8235374,9424,322681,266001,203624442,ransom,
27424436,30155,2084438,1917798,672102258,ransom,
7673158,87357,876587,532763,100245146,ransom,
12213619,17021,1317811,1091670,306708643,ransom,
19395547,22013,1707136,1551052,476402946,ransom,
8663806,10019,883104,813217,214028772,ransom,
16305126,35262,1880154,1429375,361980262,ransom,
17689416,20522,1478308,1354835,434427218,ransom,
9629368,11561,964816,881206,237323453,ransom,
13656875,16802,1121433,1007379,305693558,ransom,
4555137,21121,1504804,1106344,100994164,ransom,
472410,529,86501,70616,14900044,ransom,
27496345,31067,1465337,1302186,676208851,ransom,
14914458,77015,1577786,1333132,292590389,ransom,
5408094,21965,938153,603443,121873708,ransom,
19364620,21663,1805244,1650157,484381638,ransom,
14014398,15840,1021825,904213,346812246,ransom,
9256161,28948,1622068,1167675,189028478,ransom,
15281458,16310,1148906,1053555,382537326,ransom,
13862047,15967,1302896,1175496,345361876,ransom,
10712377,11782,925828,834847,251175036,ransom,
15988953,36414,1957989,1499105,369619156,ransom,
14699457,16817,1433826,1304272,367155339,ransom,
10651288,13301,765923,687644,258479938,ransom,
16718933,98931,1693391,1220932,327922799,ransom,
15804150,17875,1484633,1305718,396051567,ransom,
6033080,7254,803009,727166,152215519,ransom,
1266417,1265,379395,331912,38943205,ransom,
18948053,42708,1190294,763135,423080403,ransom,
14930418,17640,1709162,1578600,369958902,ransom,
7793439,8912,706474,639239,193952796,ransom,
10786345,17712,1068445,816440,236099969,ransom,
10700693,25621,1421990,1128337,257493322,ransom,
10895900,12693,888577,808618,267592868,ransom,
2400029,3102,272862,235587,61621125,ransom,
14788759,105431,1239392,908284,289670896,ransom,
13352692,28634,1522822,1178640,326421618,ransom,
11644525,12737,981643,898653,290140489,ransom,
8124495,9771,835067,770332,199437755,ransom,
12609279,35543,1431845,966566,260243090,ransom,
9690378,10855,1006199,902787,244378210,ransom,
6610956,7691,612692,563991,162539088,ransom,
14120107,18046,1130559,1001963,344557744,ransom,
14085022,42076,1639931,1130018,299975941,ransom,
13630721,15353,1122346,1005841,339475568,ransom,
13487184,18471,1407904,1258347,332764810,ransom,
12514577,58108,992006,847361,264612010,ransom,
15260716,86346,1738391,1236692,330994334,ransom,
13024023,16059,1154545,1029446,321869249,ransom,
8818174,11894,950403,832644,216953067,ransom,
14060541,16718,1202535,1068512,324569821,ransom,
15570789,39147,1849563,1366524,355293648,ransom,
11563547,13618,1010624,900524,282864407,ransom,
11223204,14854,1027248,894561,274047336,ransom,
21367763,43369,2271368,1689166,474217492,ransom,
10042571,13324,1055864,940381,245731170,ransom,
7294615,9148,556944,483991,177329472,ransom,
8924220,9880,847739,769790,224782988,ransom,
20315233,117612,2290171,1647818,416649248,ransom,
10842751,283337,1151136,902331,256940636,ransom,
13183632,123653,1260048,955633,320800826,ransom,
18040775,19210,1407551,1273918,447814434,ransom,
4773766,25066,1375915,961208,71023691,ransom,
842195,1184,409318,368891,25254823,ransom,
16167342,18420,498530,409462,394698803,ransom,
22439285,33693,2258809,1976466,509960272,ransom,
6352504,23610,1038911,727698,154599413,ransom,
9697189,11862,931362,846984,239742238,ransom,
11403646,13187,1078260,980277,284610579,ransom,
18919665,126042,1975732,1399441,374768804,ransom,
14153613,15938,1227455,1106028,352226730,ransom,
13410333,15386,1233648,1114461,332134373,ransom,
14286960,16575,1199773,1094710,350624115,ransom,
13574373,34972,1598655,1168980,284104245,ransom,
11009448,12593,1039232,939283,273801937,ransom,
14000498,15597,1333134,1213170,349325648,ransom,
9646510,24263,1319222,974500,202452546,ransom,
2517535,6811,874741,676652,74298136,ransom,
5386841,5946,139011,94528,135549857,ransom,
28476432,33417,2088337,1913340,696211215,ransom,
7922468,88632,880581,552856,109879010,ransom,
8289430,14811,1119861,884428,208687974,ransom,
24182506,26911,1952032,1784640,597201857,ransom,
6686427,7828,734172,691864,163139219,ransom,
8009126,26917,1257285,824096,153966835,ransom,
22514649,149582,2113270,1936263,558642846,ransom,
10405595,11444,791982,732865,256194538,ransom,
10924484,22140,930108,810262,239433249,ransom,
7771337,22856,1487404,1086435,175301085,ransom,
1847760,2779,683624,606365,51729036,ransom,
28003300,32137,1674283,1526632,685554615,ransom,
14484181,85180,1366228,950739,265221767,ransom,
2411666,5460,479000,345318,62564826,ransom,
24422166,26858,2039190,1852499,608912384,ransom,
13048516,15417,1152861,1067864,319286967,ransom,
6131832,24158,976144,575172,109094754,ransom,
22658514,25562,1905939,1729922,566430133,ransom,
14417926,16328,1375511,1280033,354073658,ransom,
7109742,12777,690115,531059,134433214,ransom,
19959614,295492,2198856,1808103,492245926,ransom,
13571829,80485,1068901,993033,330750570,ransom,
7955863,69655,484138,373394,160635862,ransom,
4670997,30239,1042697,612959,64118843,ransom,
9676323,10829,741152,676084,238631959,ransom,
6000197,6548,623962,564793,152870557,ransom,
12893369,14581,1000216,927887,302075496,ransom,
7154519,28511,1158966,730182,147443632,ransom,
4777184,5407,386492,353048,117331621,ransom,
7386427,11470,602069,445590,173859401,ransom,
5647793,29896,1209859,564043,81801035,ransom,
12227271,20113,1220029,892923,279550089,ransom,
4126196,11412,373617,220249,73835198,ransom,
11814119,82554,942544,791299,243052813,ransom,
5083068,52493,823687,393900,88522414,ransom,
9387876,11096,886937,806976,231731062,ransom,
2258833,2577,219395,191060,57645461,ransom,
12175974,26454,1260454,953573,263068214,ransom,
6479500,16471,807064,559498,157572415,ransom,
5588705,6783,587829,541275,138438616,ransom,
11438752,12583,834746,763845,282612154,ransom,
10973506,33978,1553321,1056527,234336722,ransom,
9525422,10478,779341,710363,236985091,ransom,
10736474,11631,1168747,1053759,273366337,ransom,
19852904,31284,1677941,1480221,459923676,ransom,
11397595,31903,1522034,1094171,261674673,ransom,
16071166,79145,1326672,1166714,369654787,ransom,
13040209,44441,1282775,1166694,307043461,ransom,
6029209,29777,1021181,571823,92334053,ransom,
1303000,1762,522774,470710,38845233,ransom,
24187490,27229,1545125,1389793,594823934,ransom,
13520910,15632,1191625,1099865,330050484,ransom,
4011808,26838,933522,507941,53078911,ransom,
19158099,21365,1599506,1439346,480231038,ransom,
17801884,20044,1502454,1377844,437458797,ransom,
5737882,19480,800198,524712,96489270,ransom,
14518910,23022,1516530,1275934,362277472,ransom,
20604450,35202,1673128,1513060,502168748,ransom,
8133990,63202,681676,568902,166449489,ransom,
10284188,30780,1389459,935875,212433520,ransom,
17858602,20237,1531165,1405668,442733775,ransom,
9487424,10475,972911,898457,235190829,ransom,
9315280,24659,779244,656722,201625320,ransom,
17249581,37281,1865368,1387094,407703611,ransom,
14829387,16272,1244412,1131549,369397585,ransom,
9255067,10472,880076,799856,232323891,ransom,
12001212,31698,1401175,956877,252289117,ransom,
12635638,14188,1227544,1125227,313919201,ransom,
9835601,10661,926888,856775,244298816,ransom,
16296839,78027,1175993,1009995,347463981,ransom,
17431984,41283,2086238,1536303,394508893,ransom,
11895950,13253,1080174,995997,294399245,ransom,
11305932,12475,982256,895185,278746739,ransom,
17998632,42957,1821061,1405427,396835807,ransom,
14228460,20259,1496029,1269320,350415713,ransom,
10672375,11875,898702,812797,264004160,ransom,
11124126,11953,1060506,952937,279694403,ransom,
16261214,40654,1939457,1416858,347007227,ransom,
9263146,10754,1037612,948733,229698857,ransom,
11072029,12353,1101547,1009250,277368488,ransom,
17502696,111593,1373729,1115158,349359287,ransom,
11860686,30773,1358397,1011566,278700556,ransom,
11998862,13370,1018144,930144,297261296,ransom,
13327909,14090,1185204,1081113,332771610,ransom,
17572966,41978,2023608,1530340,382736107,ransom,
12124879,13278,1089059,992854,301107723,ransom,
11197519,11943,974190,892646,277953084,ransom,
16425567,17847,1311457,1180629,388876760,ransom,
15221748,39173,1831797,1349100,346132548,ransom,
9930595,11056,983952,902129,245938292,ransom,
13603622,14736,1142688,1038438,338098271,ransom,
17778347,111891,1328502,1136563,369325011,ransom,
11453383,33009,1663857,1224061,258710057,ransom,
14292822,15744,1275992,1170017,354189221,ransom,
14473987,15867,1343365,1234660,357907612,ransom,
15917224,36138,1665569,1202868,337601692,ransom,
14820406,16511,1351065,1250237,366507695,ransom,
12672268,13815,1169978,1062929,315139526,ransom,
12147251,13467,1104942,1008309,296451826,ransom,
14851110,41607,1754062,1279283,315355948,ransom,
12517309,13783,1220513,1121129,310755298,ransom,
13488486,15027,1212332,1110617,333374424,ransom,
16403974,87182,1234131,994287,335585929,ransom,
11367388,28381,1588007,1223346,268246671,ransom,
4728788,4802,848915,797978,123412722,ransom,
691885,952,83898,68644,18729221,ransom,
24932632,48889,1966303,1434100,561555754,ransom,
11505836,13248,1134604,1057323,282676745,ransom,
9444266,10195,752401,679880,236561489,ransom,
12059183,13286,1238802,1133020,302071088,ransom,
16764833,41072,1866975,1358341,362565745,ransom,
7602870,8721,818616,760123,188842863,ransom,
13416657,14797,1143384,1055169,331040296,ransom,
20205937,113826,1421953,1174633,418184958,ransom,
9808025,26267,1404405,1048242,225833922,ransom,
8161873,9605,778052,714877,201712287,ransom,
12468275,14223,1209050,1125685,305780628,ransom,
15795189,33721,1804288,1378261,341030845,ransom,
11791349,14024,1046524,960153,288109313,ransom,
13118833,14880,1153744,1060847,323585091,ransom,
14582918,16231,1300454,1200415,342281405,ransom,
16198803,32922,1615183,1197585,369234536,ransom,
8370943,10079,1029837,958328,205765819,ransom,
12173670,13633,1075694,980281,302488221,ransom,
17169102,71759,1340203,1117350,354197256,ransom,
13768207,31582,1608683,1235212,327502631,ransom,
10236258,11275,1039120,954236,256936439,ransom,
14697314,16782,1278290,1166541,364803739,ransom,
13420442,21342,1137131,1038214,318317282,ransom,
12707689,37472,1445758,1131565,272303582,ransom,
15707500,26250,1637946,1364560,382510132,ransom,
13008967,14832,1188518,1093244,320145000,ransom,
11100294,12469,1030685,945594,275996386,ransom,
16562785,36613,1898935,1434867,354474137,ransom,
15067518,24294,1141347,1029572,367438173,ransom,
13297528,69513,935619,789303,296221643,ransom,
11884333,16164,1093935,934803,264936175,ransom,
11520110,28155,1552287,1179116,274801259,ransom,
11564065,12741,960289,856794,290670968,ransom,
10041486,11252,838037,761650,247996117,ransom,
16109879,34658,1717610,1237040,364956970,ransom,
9336975,9981,1004999,918167,237028248,ransom,
11550979,12558,988461,904964,286755383,ransom,
13377279,13710,979060,872590,320930235,ransom,
14972475,34304,1705605,1261873,338396095,ransom,
11659156,12985,970289,882608,289297093,ransom,
14814139,91658,1328270,1160223,328889467,ransom,
14821241,34280,1690338,1272057,323646702,ransom,
10580512,12336,1067275,962071,263656676,ransom,
14216572,15405,1149388,1050538,353953824,ransom,
12932313,14085,1100005,1004864,321239208,ransom,
14440695,34286,1855011,1411303,308739026,ransom,
13839308,15319,1140896,1048075,341117553,ransom,
10032728,10828,1213810,1118155,254775322,ransom,
14777827,25846,1145472,961948,331070992,ransom,
17187831,34355,2080215,1703197,412187982,ransom,
10478010,11569,799700,724912,258698369,ransom,
15859471,80840,1319513,1154710,353566071,ransom,
17460004,38555,1904296,1441687,383093792,ransom,
12209170,13532,1066196,985577,301935363,ransom,
8461568,16791,663279,567954,211220606,ransom,
6460959,20269,560635,415700,163009386,ransom,
15492136,65767,2078530,1445823,342957109,ransom,
33331578,62343,2387337,2140877,811129987,ransom,
1814436,3147,288520,263712,44050219,ransom,
12774224,33538,1521495,1096953,265824360,ransom,
22113637,26632,1916353,1718197,547721611,ransom,
6880421,8501,705840,636643,170799935,ransom,
15223603,19890,1390362,1269388,378555436,ransom,
20035895,103741,1897273,1371866,408116109,ransom,
9214781,10600,874560,785243,231002713,ransom,
10730131,12146,1026427,935213,269242881,ransom,
16299063,18116,1462187,1347302,398451887,ransom,
13450870,43550,1596340,1165878,284913968,ransom,
6360679,7408,749024,692242,159024588,ransom,
16764281,18679,1413707,1287795,416842902,ransom,
17402390,34587,1887659,1511861,381522878,ransom,
2402754,7427,529051,411143,59404128,ransom,
1267760,1633,566881,514544,37706780,ransom,
24907563,27275,1573412,1448945,611172371,ransom,
12287907,91157,1237309,863679,220920526,ransom,
7564867,22689,910370,727050,179720821,ransom,
18210318,22816,1452033,1226919,444204105,ransom,
14453609,18048,1551103,1206759,341198562,ransom,
13988708,41675,1739569,1053552,274446503,ransom,
16128356,23497,1341289,1082817,377616260,ransom,
17621602,19271,1605917,1490580,434045584,ransom,
7747762,10773,645510,548580,167114131,ransom,
13212500,31847,1761455,1346384,310008794,ransom,
15202737,17060,1373755,1262584,376207462,ransom,
9595888,11416,1031375,935575,236683754,ransom,
17269904,119834,1755749,1195346,327010771,ransom,
15657643,17794,1478952,1345930,389205788,ransom,
8933713,10407,676112,617722,217165987,ransom,
13551222,15160,1414222,1288289,339624049,ransom,
19216942,42392,2048717,1530049,422221903,ransom,
10419757,11723,825978,759992,254310410,ransom,
11492348,12616,1096457,1002268,285349041,ransom,
18428376,30329,1822784,1511364,412046688,ransom,
13613595,25675,1457215,1180152,327918041,ransom,
10274366,11756,942914,862398,254237923,ransom,
17841531,44777,1535695,1396099,429053819,ransom,
16551638,95950,1858608,1327936,324539675,ransom,
8867922,10125,767193,694298,219324973,ransom,
19021078,20832,1531879,1396504,470242761,ransom,
13291947,23068,1343929,1209411,298211076,ransom,
10695908,29309,1397397,987215,242563579,ransom,
15459643,17338,1440107,1310931,382973142,ransom,
13003994,15408,1146186,1053295,319960987,ransom,
12851016,31120,1519981,1159022,275890688,ransom,
15942666,22165,1511477,1265522,395561716,ransom,
12657930,63001,1161246,1064454,312187290,ransom,
10934785,12091,1074142,967423,274380133,ransom,
20797648,93275,1662836,1330818,433297873,ransom,
11886886,25103,1495259,1208825,291092279,ransom,
11276440,12979,1051930,935771,283766581,ransom,
13773639,15729,1333947,1224353,339507124,ransom,
13603462,36202,1642550,1192870,285574500,ransom,
11139526,11942,913322,824481,280547875,ransom,
13601963,20589,1350879,1237760,336413437,ransom,
11998357,13167,1102235,998479,289132394,ransom,
15395041,35836,1854920,1404933,347995792,ransom,
13855254,15282,1297699,1174405,346421321,ransom,
14155188,15886,1098381,1004754,347853794,ransom,
14998922,30110,1717528,1332065,327538144,ransom,
14959932,67900,1334249,1106410,334238549,ransom,
16210781,18218,1297066,1184775,398030291,ransom,
10954283,12418,990701,911390,270187375,ransom,
14098202,32426,1626375,1209749,302821972,ransom,
13667864,15580,1243700,1142160,337553338,ransom,
11551121,13519,1053175,961965,286075094,ransom,
11686816,24735,1215588,993990,247660235,ransom,
13374490,25833,1741637,1401422,335106447,ransom,
14826670,15377,1232326,1108229,373931708,ransom,
10429593,11853,820403,740904,255882513,ransom,
14179928,35077,1809159,1323254,310971465,ransom,
22308399,86135,1686183,1479522,510910567,ransom,
9502594,10953,823033,759989,232847999,ransom,
9480790,10922,891872,806933,219744884,ransom,
20899926,43855,2387275,1860640,490804714,ransom,
13014331,14469,1026976,941592,321125923,ransom,
8332758,9452,769026,698837,208047574,ransom,
20372206,42880,2193821,1706056,454750518,ransom,
14023161,16622,1198372,1067879,345355383,ransom,
8915609,10233,806162,732552,221180730,ransom,
16213306,20732,1460197,1333446,397579025,ransom,
17666514,71363,1999409,1451571,374412201,ransom,
10878151,81336,919091,799742,234011726,ransom,
16415762,18694,1406384,1283818,407931921,ransom,
14782215,17332,1237933,1121865,339368160,ransom,
12334895,37607,1632497,1146528,277183401,ransom,
15714855,17193,1343218,1232126,388262493,ransom,
13256147,14660,1216930,1124829,327309963,ransom,
12396340,33590,1412719,1012020,256704584,ransom,
15428604,21911,1444761,1212908,380048187,ransom,
13207639,14620,1197854,1098840,327859362,ransom,
11929279,13247,1075153,987441,294782832,ransom,
19180625,49582,2030747,1478441,428127538,ransom,
15943688,345354,1365677,1201806,350123069,ransom,
10219859,99194,726936,645225,255939842,ransom,
16227315,20464,1458352,1264668,371874406,ransom,
14922909,36607,1734477,1277677,353792718,ransom,
11325340,12692,1039534,953348,279729057,ransom,
10837141,11544,1028287,934514,273699362,ransom,
11493253,34441,1514970,1046919,230754650,ransom,
13582081,14510,1087517,989511,338267703,ransom,
244027,635,149006,139947,5708888,ransom,
7684286,8449,661251,598459,183302880,ransom,
6832694,25619,1137284,707777,145334222,ransom,
10614165,13597,845016,789775,256951981,ransom,
8534978,65149,504099,393763,174953068,ransom,
4973569,24345,1092497,685562,84540451,ransom,
14517225,15419,1193964,1097894,361373564,ransom,
581710,490,106781,91421,18082789,ransom,
12969825,14227,1067066,975745,314691828,ransom,
7092710,26153,1078054,648276,148574869,ransom,
7465702,8564,647891,605989,181424447,ransom,
4105931,4475,315751,270340,105027760,ransom,
4775929,22099,868843,486201,80510768,ransom,
17497772,18997,1406108,1278639,436199607,ransom,
1728000,2398,381831,358412,43876686,ransom,
12279845,73450,898802,762450,263626597,ransom,
5031435,28098,1028194,564615,87504063,ransom,
7902200,8942,545253,511292,190912664,ransom,
5995517,6568,465922,405230,152286153,ransom,
7725403,21896,979456,691170,155842817,ransom,
4647823,10287,524675,332374,120649699,ransom,
5452789,6489,506888,469320,133557756,ransom,
2091746,2132,191143,167148,53926592,ransom,
3375198,24285,777628,391283,50174821,ransom,
1528352,1737,167713,129119,41288598,ransom,
3189222,3822,246268,224537,77855350,ransom,
8822999,86917,869316,523447,157863517,ransom,
3854094,11021,557358,381815,94382783,ransom,
5189359,5285,451144,395262,134377428,ransom,
1297440,1516,85811,74502,32496553,ransom,
6335663,28358,1031682,609517,127316129,ransom,
1392095,1452,116350,100603,36165264,ransom,
4531158,4679,314216,267878,116839590,ransom,
1830129,9859,345583,191018,19891413,ransom,
6710162,19355,828263,544266,166928280,ransom,
273016,466,115332,104394,7617591,ransom,
5402364,16045,350075,281225,134526422,ransom,
7375356,83280,1056030,564991,117482200,ransom,
3534147,3618,305891,266893,91406415,ransom,
3233925,2955,242998,204606,86327616,ransom,
5203013,8975,408819,340224,118926049,ransom,
4757821,24684,901196,515679,101331281,ransom,
3864636,4715,318464,290033,94963045,ransom,
2376504,1872,180357,145196,65551502,ransom,
5473485,27814,984640,588430,101092667,ransom,
1889424,2592,162176,137594,49586379,ransom,
1631244,1964,107159,98632,39346369,ransom,
1165359,430,103280,74062,36434081,ransom,
6373167,98110,849806,396141,81028048,ransom,
2006072,1419,182728,139739,59560983,ransom,
6561140,7761,480244,431539,162632411,ransom,
9561630,126297,679925,581492,250429880,ransom,
3254607,23314,889311,531212,44656627,ransom,
2586180,2810,195551,166748,67174325,ransom,
250776,356,34412,32827,6083872,ransom,
3069308,21582,705085,343580,51870538,ransom,
1038150,1538,83818,68692,27067312,ransom,
3721684,3992,247844,205424,97263013,ransom,
962714,1436,140960,131477,23330361,ransom,
7825921,89108,1019197,554236,127657528,ransom,
104494,707,9560,1087,2597918,ransom,
4423301,4971,373314,335761,112480000,ransom,
3557527,4112,307658,269328,92717709,ransom,
5616742,25978,949889,573724,107023576,ransom,
2364791,2627,237074,197788,63530749,ransom,
3879277,4584,266695,237104,96712666,ransom,
3874563,23023,868144,488767,68144716,ransom,
6952431,8002,525733,465310,175315247,ransom,
852150,1375,142074,132126,21008843,ransom,
4112243,13415,367625,184295,78551184,ransom,
5402358,85630,1037669,383778,61281738,ransom,
7474600,15810,723188,453067,156729747,ransom,
3231293,12696,459512,254587,49043203,ransom,
7149918,8698,507187,464897,175186386,ransom,
4252016,23556,890956,478351,72522024,ransom,
1141527,1651,81367,67284,28397915,ransom,
7288979,8878,670360,597352,183929915,ransom,
4354202,14408,544571,347798,81398806,ransom,
3945966,14794,561567,346227,91289158,ransom,
4096702,4877,360736,331043,100648391,ransom,
7831921,9176,819774,760743,193547383,ransom,
4597105,22887,918337,544967,83976612,ransom,
8623296,69347,592790,457465,176486740,ransom,
4467365,5757,405587,365204,110863597,ransom,
2761720,6879,292731,204828,48288681,ransom,
6983374,24087,1021131,685942,161314933,ransom,
3845554,4587,503422,457093,98580318,ransom,
6673808,7613,411890,371452,163520497,ransom,
4058481,23835,868671,508950,69585558,ransom,
10213794,12527,978926,896281,250846445,ransom,
5543262,6543,625323,557303,141403412,ransom,
9832109,11665,858570,801634,238918786,ransom,
12870673,34863,1485809,1033986,277013509,ransom,
2522298,67425,192928,121910,20535506,ransom,
9492365,70083,869058,796067,234026712,ransom,
9495757,25162,1177796,877805,204191276,ransom,
10048057,17482,1107476,929786,241971536,ransom,
7741199,9183,604556,547017,190467185,ransom,
2303751,2967,279434,250034,58251579,ransom,
10000630,29860,1455742,1056061,207862292,ransom,
12093267,14597,964916,866157,299663751,ransom,
7496326,9499,814319,757937,183230224,ransom,
8652690,13332,724296,625074,190351823,ransom,
4570484,30544,937702,600592,88196447,ransom,
7978514,55086,603636,499624,161170630,ransom,
11584959,13171,938142,858839,287456166,ransom,
3485249,26132,872304,481819,46824119,ransom,
8718558,10825,801007,709065,216877415,ransom,
6708,203,3584,152,44309,ransom,
9031480,12153,769431,677824,211279157,ransom,
2079611,24391,795763,391594,28285039,ransom,
5102528,5930,370667,342107,123877989,ransom,
9517394,11410,830366,739365,239326118,ransom,
7732194,13632,748563,616701,164805051,ransom,
6820031,62038,953740,554873,136879720,ransom,
4337064,54637,329654,268164,76715930,ransom,
8094530,9165,510192,455862,201807229,ransom,
3812332,28646,1049946,633716,54345765,ransom,
7536700,8353,644989,590729,188576679,ransom,
3148904,5289,417801,362678,80596386,ransom,
13211987,22197,1074064,932561,304490333,ransom,
2148227,19839,638538,286237,32404982,ransom,
7195419,9006,674341,617747,177924402,ransom,
2691991,6641,300955,262440,57589329,ransom,
7571725,37960,962678,588786,141635708,ransom,
8579325,15313,662460,526689,212901968,ransom,
6515172,85577,663829,562273,120165713,ransom,
10944705,12262,939070,872283,269459399,ransom,
7575624,47304,1112043,618640,137395131,ransom,
10569100,12023,1012785,932807,262645562,ransom,
1830339,2307,154933,135158,46313878,ransom,
6828158,8194,587486,533057,158999047,ransom,
2377051,27286,809525,397540,29219836,ransom,
3609527,4541,222486,199220,86951750,ransom,
14484990,16834,1182040,1071143,359780639,ransom,
12238001,35872,1609633,1132663,264488238,ransom,
10386679,13024,1028260,950263,253970437,ransom,
4788416,61761,278848,208115,93404061,ransom,
3109914,37671,313920,262668,57296671,ransom,
13184808,36451,1565784,1112674,282591610,ransom,
8587634,9402,587062,518414,216602023,ransom,
7158974,9162,910437,830290,180346044,ransom,
11966707,23687,1149059,902891,256154531,ransom,
9429690,23282,890603,610567,224118690,ransom,
3132727,4064,562236,524502,79841643,ransom,
11262149,12583,940534,867024,277339652,ransom,
5608691,29965,928764,480775,96132293,ransom,
13035899,14926,1221881,1100523,328602732,ransom,
11733851,13022,974401,904254,288978089,ransom,
10719406,102728,862879,722872,203562953,ransom,
9718411,35157,1270975,826287,207866197,ransom,
3266251,3754,320007,281635,84057404,ransom,
8687198,9379,756903,698776,217024662,ransom,
9186015,33690,1333482,874823,183803048,ransom,
13994544,16504,1158336,1059869,344487484,ransom,
2092072,2303,352080,319068,57727309,ransom,
8481966,10339,710904,644674,208837480,ransom,
17981306,41654,1964778,1462718,401484239,ransom,
3305597,3683,234767,202802,83682463,ransom,
7620204,8406,738488,660292,195316747,ransom,
14250176,85929,1146050,986189,297008311,ransom,
10264545,51929,1277168,825218,216896142,ransom,
6577328,7259,612181,551223,165859569,ransom,
3481445,3832,269000,247845,87055955,ransom,
14487168,35353,1638510,1212292,312004894,ransom,
8899650,11786,885358,759578,219622727,ransom,
8963550,10320,738847,667438,223735714,ransom,
4997017,21997,518812,402388,91766440,ransom,
10916312,35293,1321579,856930,210241118,ransom,
13141402,15021,1074831,959534,331945660,ransom,
5115408,5968,556424,505520,130007918,ransom,
11710532,101023,970456,788604,227256751,ransom,
14515977,46464,1454076,1015814,329586331,ransom,
853986,1284,309745,287001,23723183,ransom,
7820683,9672,705214,632774,193281407,ransom,
14430843,37058,1433093,1009990,317542162,ransom,
8894426,9862,844205,774897,221247168,ransom,
6731244,8134,727002,681151,164639755,ransom,
5588900,6112,385236,337460,140755005,ransom,
6510650,25480,1103145,725249,119162079,ransom,
10985914,12353,1016213,937760,272221795,ransom,
8543507,9394,668558,594457,215647628,ransom,
10648579,53799,891867,735199,225241754,ransom,
12008296,43138,1503519,1112243,262985293,ransom,
5238425,6047,564416,499932,132820278,ransom,
7943837,8984,669845,621285,193287531,ransom,
8552043,25403,1139501,763769,172831877,ransom,
277289,668,218114,199052,7981824,ransom,
829692,915,333802,302105,25148224,ransom,
1343015,3998,331894,276218,26433917,ransom,
20941684,36135,1485526,1099862,492628052,ransom,
13633621,15631,1280428,1187097,336126782,ransom,
1064851,1787,264144,249531,25706070,ransom,
7662737,77001,1011640,574226,112376093,ransom,
7102498,7692,620365,545695,182432224,ransom,
9278414,11066,838294,782597,225913517,ransom,
6731840,7533,619536,565042,167526723,ransom,
10126946,28843,1484658,1081344,219275539,ransom,
9003780,10312,598130,552341,219594497,ransom,
13030024,14603,1017853,923038,323974584,ransom,
6107547,22854,1066908,774005,113498984,ransom,
5099176,8249,505387,398633,124162683,ransom,
6564720,7639,587437,532234,163588183,ransom,
5932017,6786,666589,600399,150442036,ransom,
19464493,90022,1793569,1302896,405844687,ransom,
10059734,11442,895189,825602,249184096,ransom,
943176,1333,270489,247781,25970473,ransom,
4232361,5198,314975,287157,101827978,ransom,
15374802,38913,1742135,1294805,342777046,ransom,
12646718,14353,1135374,1031945,315492890,ransom,
5563418,6519,508846,464506,137485567,ransom,
9101147,31348,1105211,809097,177711131,ransom,
8830852,17863,873703,665833,215474249,ransom,
2829529,3125,466173,434246,73541624,ransom,
8691341,10253,725765,659917,212804813,ransom,
19968991,117470,1823088,1401617,409301869,ransom,
7037199,17952,749717,528132,168775315,ransom,
6058658,7309,763790,693832,153866813,ransom,
6638086,7758,564871,531497,160940807,ransom,
9174070,33052,1320285,855224,181062741,ransom,
12803361,14550,1017670,931412,315506084,ransom,
7691992,8587,759428,681992,192371707,ransom,
7054857,11739,688314,575535,146112489,ransom,
10192943,34606,1482102,803751,202404305,ransom,
12847089,22218,1354025,997835,286701473,ransom,
5168808,11765,541548,385117,101930630,ransom,
12426247,59800,1126073,944405,260852433,ransom,
14392046,84237,1510222,1046417,307974249,ransom,
5992467,7106,546321,495484,148923728,ransom,
9883310,11065,658232,588425,245454854,ransom,
6803979,21991,1114630,805620,121721300,ransom,
7328827,14178,1003505,800762,180792415,ransom,
12996581,14938,986125,911561,318437115,ransom,
9272505,10643,728530,664438,229653419,ransom,
6675254,28944,1308787,862252,120223593,ransom,
5493934,6385,414973,379936,135246259,ransom,
10842187,12712,897193,822052,266191679,ransom,
7143952,32350,605672,507833,143829919,ransom,
19356714,119085,1877914,1327328,413066379,ransom,
5981403,6913,596136,550364,148128441,ransom,
11163593,12360,982849,895934,277076030,ransom,
5808518,6876,683369,629662,144498276,ransom,
8471493,32159,1173225,723771,158953175,ransom,
6666051,8166,775206,706039,165127345,ransom,
11297913,12397,1010483,927685,279916236,ransom,
15327680,36178,1596639,1176140,328028654,ransom,
9139151,10595,832724,723758,227468556,ransom,
1903491,2251,221002,199633,47738653,ransom,
12191985,13259,939990,834761,305885677,ransom,
14459897,115148,1482040,1178057,276890771,ransom,
7689790,23514,1047393,722444,181906688,ransom,
8441679,9892,669335,621251,205722959,ransom,
10019509,10979,823064,752827,249009861,ransom,
7189325,36348,1095788,649479,131138511,ransom,
7059673,7508,634303,565304,178956614,ransom,
10695253,11638,880616,815425,264047425,ransom,
10604988,15996,1059147,926393,242337953,ransom,
11206709,31769,1436021,1026878,251872245,ransom,
3446456,4042,346838,302169,88448968,ransom,
6530016,7376,554112,507771,162838454,ransom,
13478238,87667,1118611,946605,282679197,ransom,
17099884,59447,1763817,1288040,386892160,ransom,
2382220,3022,348872,317573,61297318,ransom,
5276827,6170,440169,397466,130188166,ransom,
12711838,48897,1604683,1114551,268098434,ransom,
11050066,13132,866601,766744,273091564,ransom,
7968459,8681,981360,896702,201126497,ransom,
6740467,7537,530803,489574,165880370,ransom,
11948894,35130,1411084,941377,251818333,ransom,
6831946,7725,763396,690692,171864723,ransom,
5920852,6814,530280,477914,146525215,ransom,
13527511,35598,1079222,951728,304070633,ransom,
13062460,101323,1404168,890864,262782830,ransom,
5292594,5872,617610,555737,136280114,ransom,
12677227,14822,1179336,1077496,312579001,ransom,
15386126,17166,1327824,1215528,373259271,ransom,
12913033,44984,1644402,1182807,277664531,ransom,
13684564,15179,1192403,1096207,337979895,ransom,
14742453,15850,1238681,1126854,366528916,ransom,
12169662,26459,1310509,1004611,253634352,ransom,
11406396,33343,1362096,1025109,271246243,ransom,
12880759,28703,1294888,1080061,311485582,ransom,
11264700,23844,1301739,1062288,262466413,ransom,
15938723,77590,1483070,1050536,309098738,ransom,
13633048,47513,1460356,1012330,294206237,ransom,
13587186,16391,1169733,1039624,333299374,ransom,
14515494,15826,1347298,1238982,360166594,ransom,
14683378,45225,1693538,1238658,311727024,ransom,
12840726,14450,1059351,964231,318167533,ransom,
12290753,13486,1169212,1070594,307581993,ransom,
14769496,17279,1255268,1135170,340292192,ransom,
14878596,37960,1922872,1430965,342175308,ransom,
10163712,11915,850397,769376,253100933,ransom,
13267427,15629,1188044,1074676,330557909,ransom,
15378059,84764,1513751,1207180,310404330,ransom,
12869584,59086,1524675,1134459,296476816,ransom,
14368974,16233,1265570,1149597,358222887,ransom,
11136990,12695,1093462,1006617,275846382,ransom,
13612709,34306,1417290,985905,283829191,ransom,
14895209,159051,1502232,1315706,367388867,ransom,
12321080,13219,927003,848869,304937910,ransom,
13094731,15297,1227309,1118200,325463526,ransom,
16970429,157343,1975341,1457216,366475592,ransom,
13027588,15888,1122726,1016767,323840519,ransom,
11513304,12522,1071273,980256,286926164,ransom,
18061097,23511,1541269,1325706,408251954,ransom,
15940162,126645,1759785,1282491,334898744,ransom,
10910022,12400,917000,832227,269987713,ransom,
16555120,19007,1381895,1252266,409976165,ransom,
13408589,14781,1369951,1265927,323103583,ransom,
13416500,37670,1531553,1066058,287474508,ransom,
13802738,16715,1135514,1022288,340543304,ransom,
14723872,16259,1424129,1300346,366275659,ransom,
14605617,36155,1428689,1118795,311336866,ransom,
12578231,27494,1574317,1269791,308275992,ransom,
14239709,15783,1233344,1127039,353019979,ransom,
11882406,18240,1117601,962173,293484009,ransom,
19679749,101479,1760905,1324259,399940804,ransom,
13768145,23966,1531499,1258104,339539403,ransom,
12897128,17283,1145540,994112,317223223,ransom,
11774680,13100,1214597,1111472,292686748,ransom,
15561324,44509,1636578,1220185,325729116,ransom,
12418032,26402,1421143,1102429,296148248,ransom,
11549553,12755,1212267,1098440,289939608,ransom,
11780685,14827,1118563,983972,287619905,ransom,
12750585,36372,1533800,1009089,262313712,ransom,
17994664,25469,1459854,1229362,449676394,ransom,
13065958,42661,1394872,1218962,313168654,ransom,
17145623,103277,1545829,1102073,348073873,ransom,
13135875,23847,1390488,1127737,319076678,ransom,
12528110,14509,1095329,998225,309762727,ransom,
13710605,18247,1219299,1068396,335615382,ransom,
14871544,35456,1839227,1362562,318258907,ransom,
14702009,16392,1316074,1196965,365566481,ransom,
13107182,17288,1225400,1069163,321516753,ransom,
14845353,19930,1377233,1208968,342510616,ransom,
16244855,39535,2045419,1529861,380587909,ransom,
11945324,13795,1052020,956103,293449447,ransom,
12400147,18544,1187243,1034178,306423773,ransom,
18129969,69185,1331595,1105536,377440475,ransom,
11415060,37388,1550360,1133325,254018829,ransom,
15541691,18635,1398692,1196981,391953480,ransom,
16539606,18171,1411277,1288524,409303141,ransom,
9482727,12388,895288,772098,223125845,ransom,
18041380,42440,2036406,1494302,400865216,ransom,
16328908,19148,1493922,1344769,405272513,ransom,
9131188,12820,895399,769642,222322648,ransom,
17114628,31982,1680169,1304154,374621169,ransom,
15476257,24077,1493409,1145794,385394008,ransom,
11081548,14539,991111,854322,270614424,ransom,
14995985,81494,1309592,1136277,329960244,ransom,
18138900,46135,2028864,1453576,399728590,ransom,
11896284,13459,1115108,1022800,294643618,ransom,
10814485,15423,1021655,879709,265666366,ransom,
17192827,20823,1407946,1238772,399175493,ransom,
15916711,37117,1918929,1460516,366056152,ransom,
9547205,12885,887558,761168,234879358,ransom,
11623297,12997,1153425,1049882,291411662,ransom,
18224194,40352,1984492,1472691,398643242,ransom,
12779985,15746,1264992,1099287,316313363,ransom,
12918764,14538,1156492,1047626,322205898,ransom,
18942514,85573,1467131,1230107,419466621,ransom,
15723009,36325,1801931,1359975,343476229,ransom,
9752713,12878,1151896,1004694,240687643,ransom,
16266702,19825,1496060,1332707,397617334,ransom,
14608830,37962,1559304,1194628,312866536,ransom,
14078023,22133,1388713,1151542,341339209,ransom,
12103086,13839,1204673,1113953,298468521,ransom,
14112727,17156,1259902,1121883,342474670,ransom,
14473907,36513,1688611,1208346,300361668,ransom,
14249084,16185,1238756,1140768,348062897,ransom,
11292761,13889,1041415,903720,276502014,ransom,
13064406,26136,1356563,1060555,279051930,ransom,
13572934,84500,1417013,1077742,287663045,ransom,
12859304,16799,1339857,1194418,310889624,ransom,
10588828,22550,1142867,960599,248943614,ransom,
15955239,44985,1807008,1040298,315010885,ransom,
15910320,28173,1497438,1090630,344576743,ransom,
12838741,15830,1154535,1008546,312027838,ransom,
14486787,30446,1276107,1057066,319728138,ransom,
13208091,33482,1541031,1085094,306710606,ransom,
14623413,17032,1430029,1279454,358963680,ransom,
11579054,12981,948481,855746,287740320,ransom,
17021542,42540,2053189,1481252,370977293,ransom,
13103147,74623,1273217,1105988,293712764,ransom,
11619029,43706,915712,784747,270359912,ransom,
14065855,17666,1299486,1143447,317348524,ransom,
16638200,42086,1984590,1471056,383029161,ransom,
12092054,14878,1096855,960738,296320298,ransom,
7659894,10031,766789,671646,184010323,ransom,
13153779,27848,1355137,1022668,276728968,ransom,
11408019,23380,1402694,1078370,274303650,ransom,
8808335,9987,603170,550702,217586735,ransom,
10278256,12364,1090942,945300,254206382,ransom,
13839081,45099,1701564,1146007,285237847,ransom,
11952549,18871,1039270,949863,292083087,ransom,
13625050,104408,942139,750915,290803287,ransom,
7426556,9490,832130,767538,160365462,ransom,
12506293,36094,1652266,1158109,279110418,ransom,
11078459,13109,985876,867468,269939522,ransom,
12198837,12859,1059314,951227,307024126,ransom,
13191741,37787,1677578,1190444,274089190,ransom,
12153956,13934,997511,888223,302192359,ransom,
13461226,16194,1565070,1399953,332582923,ransom,
11002202,13695,1038072,910183,266096025,ransom,
16367608,39706,1704843,1207006,350841763,ransom,
13794207,16306,1398122,1257085,337337948,ransom,
12850696,81330,999708,847917,277942776,ransom,
14281938,48208,1397072,1101827,295205166,ransom,
16059597,30291,1707467,1368823,385546733,ransom,
12141462,13379,1099181,1004964,300632769,ransom,
8986095,11101,840550,722670,221277368,ransom,
14982120,33615,1741013,1262347,326161106,ransom,
10720200,11767,917686,845580,265163936,ransom,
8958419,11078,994454,877168,219829184,ransom,
14597649,21450,1222048,1004399,319284105,ransom,
15985342,30624,1842953,1488085,387147455,ransom,
13068633,14166,1124142,1029059,323611058,ransom,
14144805,48481,1233681,1098876,327652498,ransom,
16403691,56151,1680636,1201918,339915319,ransom,
12238618,13082,994340,894010,306642426,ransom,
11226825,12047,1027551,931827,281363653,ransom,
12306841,19536,1144214,1048959,294330195,ransom,
16103614,37270,1874615,1413974,357936004,ransom,
9906950,11685,1038353,963850,244185248,ransom,
10944409,11459,1027373,915384,277308782,ransom,
16554422,34643,1850668,1457495,358999931,ransom,
12748477,16376,1190931,1029368,316137616,ransom,
12217312,12944,936556,822960,308253070,ransom,
16863967,81891,1349433,1167823,378273087,ransom,
16690792,35069,1783944,1319179,369331215,ransom,
11563340,12348,984477,899690,288238720,ransom,
14259736,14976,1181596,1065930,357477037,ransom,
14669721,29841,1512612,1174907,320188356,ransom,
13195014,20712,1341766,1100565,331558723,ransom,
12726781,13530,1309349,1189157,322125423,ransom,
12183082,12663,973421,875028,306631551,ransom,
15108832,38896,1693932,1202854,326754562,ransom,
10439070,11395,963756,876730,260707142,ransom,
11289650,11798,1152793,1025971,290214766,ransom,
20153354,109211,1614553,1369329,429784402,ransom,
11271277,32397,1399326,988608,254665655,ransom,
11800508,13082,940256,868408,290204608,ransom,
7209625,7506,602801,523974,184491029,ransom,
9578382,30500,1411634,970081,191784751,ransom,
11506929,13535,992050,918640,281207993,ransom,
11225200,11960,907982,830660,278775228,ransom,
5131240,5879,579671,520126,116085000,ransom,
7953224,37850,1117466,689626,159879228,ransom,
11088051,12304,983536,896898,276113931,ransom,
9723238,11270,855819,763444,241890651,ransom,
7569625,85518,635562,486480,126090700,ransom,
11661847,41763,1424166,997746,259470469,ransom,
10366623,11422,800713,730189,256845719,ransom,
4957596,5684,559334,501154,124912761,ransom,
10720775,31862,1345327,935302,217891589,ransom,
11274824,12510,978202,894655,278904564,ransom,
6750054,7702,628753,567419,168597296,ransom,
9050171,10578,811077,738428,207467896,ransom,
11561844,30688,1513306,1111060,258595780,ransom,
13084262,14038,1166075,1063126,326098059,ransom,
13120189,13867,1162741,1063984,326483246,ransom,
18177013,83725,1815943,1375278,365600258,ransom,
13727634,18075,1377517,1188969,339149453,ransom,
12154032,14547,1041306,930743,298922225,ransom,
13246486,15620,1177904,1073555,327210053,ransom,
17573617,38182,1990624,1502999,383776118,ransom,
12386903,13532,1056175,960430,309012419,ransom,
10902737,12291,1007732,922039,270084407,ransom,
17965884,20671,1404847,1263827,414948035,ransom,
12863659,33694,1739681,1264172,292320519,ransom,
4533842,5708,540276,496728,112204839,ransom,
7926591,38547,673216,597860,178006141,ransom,
15963316,74667,1805519,1337313,332876195,ransom,
6441615,8129,628678,546949,156610956,ransom,
11118650,12164,1008716,928246,274639483,ransom,
10966676,12276,1040518,951373,273023951,ransom,
11094218,34125,1413248,960162,229329525,ransom,
10089317,11426,952284,881219,247247781,ransom,
11886848,12887,918106,835782,294081032,ransom,
9546288,28656,1112368,844851,200796065,ransom,
7625857,19043,1067581,832434,183365085,ransom,
11551944,13510,955512,866599,283450601,ransom,
11836898,68732,982461,836589,259567457,ransom,
8749929,39728,1347694,915364,166590422,ransom,
11543762,13232,866904,790199,283194916,ransom,
14274767,16624,1275915,1152153,354671494,ransom,
10533806,11300,922195,830447,245248317,ransom,
13694337,33607,1620287,1178582,318264715,ransom,
14445910,15629,1343676,1206926,364377386,ransom,
9450387,10926,1005374,928134,233855797,ransom,
11831383,29906,1324046,971435,250403796,ransom,
16587050,18817,1642282,1440678,413323533,ransom,
10256879,11666,762797,697304,250353880,ransom,
12961327,267181,1072355,960743,323653718,ransom,
17785741,71152,1955355,1472398,374101726,ransom,
8821725,42010,624072,505915,205103783,ransom,
9375594,9673,929476,825969,240301529,ransom,
13865636,26950,1366884,1106376,299294275,ransom,
12087471,19303,1303677,1052884,300137161,ransom,
5692888,6171,531929,468714,145513497,ransom,
8492216,9548,905833,837851,210636321,ransom,
14014217,33224,1598949,1184304,305041468,ransom,
9760770,10229,773595,694158,244085858,ransom,
10343909,11014,966224,878253,259264496,ransom,
15251652,26308,1406362,1157975,336791899,ransom,
7152771,59577,1176544,883421,146569289,ransom,
10342201,267185,859334,764527,242964595,ransom,
12943635,100489,1068928,978703,320939599,ransom,
17205088,43845,1958078,1473668,375030269,ransom,
15070202,16724,1284116,1165304,373193276,ransom,
11705591,12998,1143619,1044753,290539855,ransom,
13180049,18650,1022570,912844,302985786,ransom,
19735274,39694,2194930,1712379,466506860,ransom,
11605084,12839,1164250,1064152,288622332,ransom,
10381907,11995,870080,781398,256872477,ransom,
21424999,49997,2096524,1659464,477202916,ransom,
14062529,78351,1388519,1156966,306917716,ransom,
9657799,10656,783015,707708,239595022,ransom,
17588414,18856,1500836,1364112,438805853,ransom,
13873070,34900,1724039,1227756,289174499,ransom,
8922192,10461,868762,783717,222318735,ransom,
14639942,16057,1361566,1251512,364574532,ransom,
15019690,25541,1473170,1234649,330343408,ransom,
10887905,24750,1493062,1123357,260062812,ransom,
12571866,14746,1211611,1101612,313354297,ransom,
14292823,15672,1231989,1132713,353529626,ransom,
13626210,36849,1452824,961094,277984419,ransom,
12262853,17222,1232392,999727,292751050,ransom,
18116112,110813,1555808,1153941,385624540,ransom,
15620373,34334,1387950,997834,351121127,ransom,
14667670,38596,1877391,1341974,304174817,ransom,
14784731,16691,1273645,1164500,364641502,ransom,
12864735,14045,1114003,1027127,317642588,ransom,
11274768,27610,1098388,814895,229850020,ransom,
13582390,22924,1345083,1064854,332667262,ransom,
16350892,18695,1558616,1439331,403584673,ransom,
10360236,11611,917336,840947,255487882,ransom,
15797250,37409,1788509,1312548,344879405,ransom,
14213459,15779,1271448,1151432,354772066,ransom,
13115219,42898,1165648,1040657,310252984,ransom,
15193064,64001,1311228,981001,307938248,ransom,
16092348,29794,1749476,1441312,391481556,ransom,
12064510,13487,1044560,948184,299967164,ransom,
14107226,16418,1324831,1225328,347880368,ransom,
14287704,38600,1747894,1240507,301919822,ransom,
11989400,13629,1199698,1099120,297723113,ransom,
15231722,16766,1246206,1143774,375679927,ransom,
11249877,12718,1042783,957580,276949886,ransom,
11341419,34800,1702084,1192133,228556787,ransom,
14840338,16521,1159912,1069587,364971384,ransom,
12853922,79143,1269681,1119171,287148930,ransom,
14199369,56962,1317047,984538,293700591,ransom,
16054924,26051,1617213,1315405,392648622,ransom,
12519752,13022,1139425,1041973,314479336,ransom,
9890357,10059,803418,704253,253066758,ransom,
18840227,104515,2080638,1541262,428485186,ransom,
15540280,86338,1247637,1140542,384886913,ransom,
10298076,11521,978760,891779,256462627,ransom,
15486485,19871,1144442,991057,352642929,ransom,
17378324,34517,2017226,1555773,411264669,ransom,
11367077,12535,1057953,964575,283520685,ransom,
12299386,42624,1048392,926706,293207415,ransom,
21983147,114527,2329019,1737308,457998021,ransom,
10824139,12142,884158,806924,267505183,ransom,
10169976,11940,1068423,964598,253931041,ransom,
16762285,18246,1436150,1328201,395542502,ransom,
12491057,32742,1642952,1198299,274690084,ransom,
9414050,10380,903771,830584,235127577,ransom,
14515210,16564,1368710,1266802,357535429,ransom,
14038392,33590,1415806,1063523,294203240,ransom,
11442113,13080,1115405,950859,285177613,ransom,
16042323,17834,1448570,1343774,393638469,ransom,
12088067,13600,1118327,1027075,297764493,ransom,
13630954,94091,1176542,804699,251008554,ransom,
13818044,19227,1424950,1198756,340943147,ransom,
12814188,13506,1198880,1091643,322158573,ransom,
7588374,8957,868990,809016,187306105,ransom,
10861512,34888,1258016,806522,210705682,ransom,
17628783,19076,1571561,1449220,438478296,ransom,
14557986,14791,1286124,1146435,371687635,ransom,
10109180,14660,778693,657082,217348272,ransom,
7761831,26848,1424098,1014277,179903959,ransom,
16996079,18498,1396715,1289076,418576075,ransom,
11810660,13350,917400,829633,289950218,ransom,
11553255,39854,1405660,932288,235198175,ransom,
15802779,113450,1261274,1049953,349185414,ransom,
12402463,15200,1254983,1132920,309532568,ransom,
10306714,12288,980279,900002,254240254,ransom,
14277550,45297,1861502,1347386,302851207,ransom,
20066213,22824,1513784,1368308,498039521,ransom,
9122146,8809,886145,787865,235570383,ransom,
15967354,34530,1376576,1061948,343235860,ransom,
15471317,40983,1904399,1443757,371961827,ransom,
11667987,14717,1008479,909808,282546131,ransom,
9875763,13568,1014376,896379,239536963,ransom,
18328250,40716,1971687,1497636,399407231,ransom,
14264562,51769,1177700,911457,329077455,ransom,
13023949,56589,1087517,938059,300008544,ransom,
18593700,35364,1786004,1527652,446136258,ransom,
14007200,285692,1723812,1275626,301344542,ransom,
12305479,97166,920057,830333,306332544,ransom,
16625963,18346,1570998,1453754,411010762,ransom,
13608627,21062,1266582,1076320,299154146,ransom,
13749251,28545,1590804,1224544,330011937,ransom,
14585889,15786,1264315,1160892,362671742,ransom,
12222262,13517,1085469,994330,304388179,ransom,
7022677,28311,1186526,791976,131125227,ransom,
8342104,9654,792487,679374,205679859,ransom,
14123911,90652,1038511,882617,304708098,ransom,
7338236,8036,838062,757690,174716101,ransom,
8584812,33337,1115155,673049,173000116,ransom,
11618432,12949,969885,880024,288953707,ransom,
4391566,4728,531133,479735,111910492,ransom,
14466957,31246,1344824,1065279,312538635,ransom,
8544245,17577,1031801,764730,206761635,ransom,
2694678,3473,418494,383342,67555648,ransom,
11613603,12927,988928,909197,286622616,ransom,
16802920,39946,1734382,1255080,372816428,ransom,
2964486,3548,568719,519634,76597136,ransom,
12730349,101677,870145,750516,267495197,ransom,
12029302,25189,1085521,926311,268398654,ransom,
18464025,306513,2120145,1653731,435342315,ransom,
12780625,139195,1152999,1057920,314624644,ransom,
9611922,10925,904163,829783,237848943,ransom,
19169440,42299,2091102,1622663,421546153,ransom,
14077451,16608,1337845,1179754,348186621,ransom,
8744531,10318,797972,730595,215819909,ransom,
17387467,20523,1402773,1269684,409270937,ransom,
16715491,39058,2083237,1583784,385219567,ransom,
8017625,9388,735132,665695,198212244,ransom,
14391358,24100,1153078,1038748,350452353,ransom,
23417658,121910,2363132,1813719,484924922,ransom,
5742634,8273,679391,591973,141649568,ransom,
14376033,16158,1258735,1138928,358871846,ransom,
18459777,20893,1709451,1576998,454088092,ransom,
10282042,31645,1296203,862013,209678731,ransom,
14249141,15433,1152129,1043953,353435721,ransom,
19909190,21609,1875108,1737092,491568722,ransom,
8552975,16603,978569,738999,167661641,ransom,
12456878,26282,1236877,970344,303522685,ransom,
9607458,11865,1194174,1098960,239043530,ransom,
11213495,12577,856631,795621,273648437,ransom,
11659738,76788,1283114,880703,211966776,ransom,
2273255,5691,382132,259584,55552044,ransom,
4476957,5439,346697,322176,108908697,ransom,
5591177,6513,525728,466463,133953371,ransom,
8231581,27648,1210942,817166,171201999,ransom,
5168777,5660,483341,434613,130594447,ransom,
6040477,6801,500433,462578,148303457,ransom,
6361097,18415,856597,595725,129862219,ransom,
4272499,11231,619868,441815,102359046,ransom,
6765583,7853,562765,500337,169465960,ransom,
7391299,59762,637917,531849,143665507,ransom,
8782365,35088,1127526,720132,180562023,ransom,
597522,994,159535,148801,15033319,ransom,
8348284,9177,762223,693521,208167331,ransom,
4177786,9403,447862,298086,75747563,ransom,
5552568,18174,821867,567399,131658669,ransom,
2466811,2913,262716,240011,61631232,ransom,
6687884,7653,558322,511008,165404353,ransom,
5077295,27510,978947,590597,91313784,ransom,
3806414,4551,342325,314941,93853247,ransom,
2832584,33352,217105,168572,50117577,ransom,
9692463,50534,933807,678742,191082183,ransom,
2606568,15779,602958,373932,56832672,ransom,
10489682,11820,971136,892628,259996040,ransom,
2154661,2246,236610,209289,57480765,ransom,
11715631,47756,1420624,962855,243322157,ransom,
8219312,9161,513126,456403,203626782,ransom,
3631052,4566,749223,689648,93734831,ransom,
11240785,12661,952568,872872,277490286,ransom,
17588800,39003,1857519,1404064,394195320,ransom,
10519899,11917,925338,840677,261466866,ransom,
16751302,83688,1407819,1207350,379146216,ransom,
16864306,35500,1802182,1350268,364571204,ransom,
12047720,13384,1051709,962613,298744860,ransom,
13230506,14636,1251010,1148092,329627475,ransom,
14199076,15657,1211427,1109979,349989026,ransom,
13779724,34834,1639992,1210641,296284887,ransom,
15947512,17332,1431503,1321812,394496808,ransom,
12741826,17410,1197533,942324,303021188,ransom,
15066388,36931,1719192,1041973,312535446,ransom,
11419213,19307,1252383,905693,259915591,ransom,
12685743,17972,1128099,960457,300836007,ransom,
13014243,35204,1144129,1029845,312541159,ransom,
13998465,74862,1456396,958359,266920782,ransom,
14898400,16142,1268283,1163125,371285423,ransom,
12877133,13456,1178573,1065902,324720273,ransom,
14563277,28597,1307063,1047854,318011023,ransom,
16251803,28595,1554524,1236437,395798969,ransom,
11421251,11919,1020939,926396,287326865,ransom,
13598825,14885,1292259,1192273,337679702,ransom,
16861000,39813,1843336,1352405,369530910,ransom,
13435937,15396,1131283,1036723,332851313,ransom,
14356666,16159,1429728,1319855,356403250,ransom,
10524721,13740,916366,785291,228237276,ransom,
13873778,102116,1697147,1203639,285211874,ransom,
18077688,40810,1540778,1404332,436906242,ransom,
12509714,13985,1022842,936250,309268376,ransom,
9920624,10979,1046193,963160,248574385,ransom,
16534174,42927,1910952,1378135,364941836,ransom,
13677548,15399,1180655,1078304,340099981,ransom,
16596473,18340,1399228,1288858,411136657,ransom,
12280472,15771,1150702,1035258,303140078,ransom,
16480183,41045,1856598,1346011,348915424,ransom,
11473718,12489,1130702,1030727,289764522,ransom,
16079181,18058,1324740,1209427,397466362,ransom,
12803150,24624,1349241,1084896,276304490,ransom,
13061696,42761,1499558,1200431,309438767,ransom,
16574071,86640,1210561,1061060,371959384,ransom,
9464820,10718,1057667,979574,236502179,ransom,
16641703,43009,1859603,1352874,360097712,ransom,
16106617,17972,1402193,1284949,399440663,ransom,
8939614,10492,959542,884573,220842062,ransom,
14496139,16537,1085833,967964,336049665,ransom,
16866580,36489,2088825,1631124,394051942,ransom,
10742475,11678,934140,861420,265278955,ransom,
11641063,25679,981897,896501,287947006,ransom,
19528126,50098,2058633,1543793,430005914,ransom,
11040315,12158,959077,875618,274390818,ransom,
14083947,75039,1075894,913278,310759349,ransom,
17321150,19560,1376935,1254489,404111881,ransom,
11513973,32094,1603645,1166176,259165170,ransom,
14575903,15912,1239088,1127701,361800081,ransom,
15390108,16828,1474100,1363337,382436074,ransom,
13269228,35172,1522868,1109571,274837086,ransom,
13870939,15923,1318104,1158669,344821287,ransom,
16236787,17641,1409852,1290254,404715525,ransom,
9432680,11217,895327,822679,231944144,ransom,
17667643,39759,1973051,1483784,392054075,ransom,
14877148,16309,1339500,1226680,369516955,ransom,
9882225,11191,900522,817868,246160398,ransom,
21488964,110809,1679474,1298754,440601998,ransom,
14923426,30996,1800901,1467627,362937587,ransom,
9549128,10749,843807,768968,236348779,ransom,
14425018,15967,1205806,1088320,360133213,ransom,
18040471,41138,2058308,1536786,395651835,ransom,
11249425,12938,911031,820685,278751116,ransom,
9741580,10629,911758,825068,245509852,ransom,
14314922,15274,1258291,1155230,341666830,ransom,
10757776,34288,1659411,1191091,229834339,ransom,
10405458,11671,911685,820140,259893436,ransom,
14405713,15592,1372181,1259235,361194252,ransom,
15394657,51887,1319644,982178,321073310,ransom,
16066918,100440,1611912,1278026,352038602,ransom,
12139779,13596,1149296,1058926,301099679,ransom,
14361988,16078,1228181,1128095,354326607,ransom,
14108224,14918,1189479,1084814,324892051,ransom,
14379739,36425,1791609,1359346,328182686,ransom,
14024463,15162,1200321,1087659,348980492,ransom,
13094844,14388,1107368,1022000,322545985,ransom,
14583931,34827,1685325,1280956,308316146,ransom,
14880843,17207,1431736,1280131,369390997,ransom,
12875150,14477,1149813,1060534,317531238,ransom,
9281089,10037,647613,567824,232375423,ransom,
10771607,93663,1354016,947185,182599327,ransom,
10702736,15119,1082581,937382,264187631,ransom,
12699530,13675,988588,897027,315787137,ransom,
9445384,10565,957170,867839,237612235,ransom,
9154876,31422,1290679,851480,177260461,ransom,
9271373,10407,727640,672185,226288532,ransom,
10361922,11007,796494,710490,260182372,ransom,
10817954,25368,1428156,1100388,234911485,ransom,
12891177,22361,1223821,996608,308373234,ransom,
9138913,9926,823154,752266,227040336,ransom,
2232571,2607,348126,308361,58956000,ransom,
19139858,125872,1632511,1203638,382924536,ransom,
15332359,23506,1555752,1328522,375500936,ransom,
11521637,12956,1046678,961109,284544324,ransom,
14827872,16167,1331199,1224701,368788342,ransom,
16102284,38492,1899329,1394500,344769438,ransom,
12669917,13703,1087656,993703,313897546,ransom,
14511201,15929,1181112,1081185,358169749,ransom,
13211351,20469,1202699,1097229,309568973,ransom,
14053454,37153,1747679,1239567,305610206,ransom,
14289500,15850,1387467,1279426,355541527,ransom,
12255025,13304,1080052,983146,305220976,ransom,
15638586,115273,1366050,1061133,300528752,ransom,
14368337,26845,1784524,1471369,351027129,ransom,
13658806,14838,1057835,963175,338629799,ransom,
9877134,11264,1058159,972910,247619341,ransom,
18067259,39238,1973468,1500337,395044172,ransom,
12533007,14686,1237596,1139801,309712611,ransom,
9409893,10906,860772,794735,231341287,ransom,
14379149,18584,1259189,1118288,334696938,ransom,
19548747,38013,2239290,1778486,461157593,ransom,
7766366,9491,770075,700759,193710906,ransom,
13808015,16461,1223359,1102107,343568009,ransom,
19011047,96471,1566296,1202756,384576592,ransom,
8423592,14795,887524,610679,214137279,ransom,
7057895,6529,527562,433241,188865001,ransom,
11991107,12510,1051986,934582,307721754,ransom,
14366933,34587,1554803,1046332,332641576,ransom,
9054285,9361,756224,676888,230680254,ransom,
9032254,9747,770545,679303,230578540,ransom,
12936226,16532,993633,785184,310116830,ransom,
9447935,44909,1227337,837494,225625947,ransom,
11866875,30447,833888,686548,307381688,ransom,
12625756,15976,1172639,984648,324968926,ransom,
13846655,92671,1476539,972668,261565078,ransom,
10317192,11679,820110,652595,268416549,ransom,
10644296,10277,813675,718215,273829557,ransom,
12433381,20893,953278,783969,294603331,ransom,
9519921,28969,1371647,912822,207798272,ransom,
13371161,14998,1109913,1022978,330697630,ransom,
13866775,17288,1375997,1209711,340758500,ransom,
11058926,43262,1387099,1060290,219364302,ransom,
10688982,14240,1009336,794523,260832248,ransom,
11922121,14406,1040259,905785,291819555,ransom,
7999461,9131,764812,693873,199815267,ransom,
14380308,87615,1746841,1169188,269222652,ransom,
11591373,12695,971740,893260,286232085,ransom,
11050366,13306,867870,740202,269696323,ransom,
11230241,20429,1232514,999334,247268189,ransom,
13815494,28671,1659757,1310527,330630690,ransom,
11997459,14586,1033440,902481,292746430,ransom,
10037424,15150,1218364,1118690,250089887,ransom,
17943539,40691,2031642,1496727,388184425,ransom,
12175985,15098,1123701,984938,296834276,ransom,
13001197,14287,1115873,1012898,324543436,ransom,
16501878,20618,1410858,1247249,383017937,ransom,
16218506,98277,1867226,1330650,327868432,ransom,
12991907,116795,1137927,987684,317854171,ransom,
14118067,17114,1243658,1100512,343857927,ransom,
13505390,18690,1037253,911904,302028641,ransom,
13671427,33984,1782687,1308816,317782961,ransom,
15334786,16664,1313159,1209498,379420180,ransom,
12527523,16065,1002894,867942,306507878,ransom,
15925934,44036,1798524,1299046,335082192,ransom,
14700509,17878,1470898,1289407,366408064,ransom,
11427308,15581,1038968,902999,278672914,ransom,
14554950,16223,1237887,1123151,350312126,ransom,
17131646,38407,1895002,1372954,386029311,ransom,
11128391,18135,1084537,832361,258764590,ransom,
12363436,17373,1240697,897106,285930341,ransom,
22287326,108642,2195429,1374159,419938579,ransom,
11490853,15048,1361141,1118120,282818133,ransom,
9085345,11984,1059216,921364,222910759,ransom,
13017733,16545,1229466,1081896,317513015,ransom,
13684039,35169,1571937,1113184,283966329,ransom,
14511952,18444,1231386,1072635,354668991,ransom,
12944868,14484,1137833,1049444,318657546,ransom,
12169244,27993,1226331,843713,254647397,ransom,
6277143,14736,947654,716625,151555416,ransom,
12076675,13979,1118905,1034356,296206483,ransom,
11222742,14021,915221,780909,275133590,ransom,
15329406,102131,1655694,1133237,297697648,ransom,
17006500,22727,1535081,1356526,419693457,ransom,
11384499,15580,1033585,893143,278953568,ransom,
12174151,14479,1014710,906661,274962513,ransom,
15618753,41433,2086847,1496880,358148665,ransom,
12195660,13000,1108923,1014615,304690011,ransom,
9492403,12895,1024854,894789,231903434,ransom,
15405308,37159,1626845,1169088,329528667,ransom,
12245414,20602,1381945,1157175,302152835,ransom,
10855074,14802,825219,677137,269242795,ransom,
15809847,44370,1389984,1261461,377002183,ransom,
19635744,118195,2046922,1434773,395369652,ransom,
6788082,13438,678388,539467,167673028,ransom,
10258828,11749,969254,892232,253248735,ransom,
10034624,23197,901916,699990,213731613,ransom,
15502876,32482,1856365,1451254,365717649,ransom,
13717665,18672,1200311,1055222,333754595,ransom,
9310650,14483,699829,544327,235347574,ransom,
15376060,37625,1999325,1499793,338352442,ransom,
11391828,18714,1247852,1085039,281008573,ransom,
861858,4017,438264,393151,22984317,ransom,
3713689,25183,1229236,1028588,68560888,ransom,
1977340,42000,731812,240674,13534978,ransom,
815583,5880,251109,37309,4070713,ransom,
1234384,12399,352291,53853,5951763,ransom,
2994976,78397,754585,224077,19397033,ransom,
0,0,0,0,0,ransom,
17792840,19442,1610585,1454818,443488740,ransom,
11722728,13280,1029605,930633,290540238,ransom,
15208300,35942,1840424,1378439,330058049,ransom,
14499497,16414,1401987,1279647,359587620,ransom,
10089206,11627,871277,792516,246967678,ransom,
18183741,95651,1427602,1178276,373735161,ransom,
15612461,36365,1954792,1554860,367711635,ransom,
11072129,13246,960164,862650,274667804,ransom,
10712090,11973,1004341,915332,266912313,ransom,
17801480,46943,2024600,1514638,387441736,ransom,
14682880,16550,1295892,1170050,363386464,ransom,
11440941,12513,1018978,922244,285822983,ransom,
12054377,13537,1103483,1016809,292116387,ransom,
12156955,36883,1570658,1146125,253723680,ransom,
8253,242,5257,178,52633,ransom,
10184352,11723,764924,678109,252034931,ransom,
2547455,25261,831413,455087,21472125,ransom,
6494619,7735,599436,539145,161041975,ransom,
7683002,95950,713506,574021,150802735,ransom,
10264735,11553,771017,706548,248806695,ransom,
7618777,31010,1207322,782133,151594033,ransom,
5990007,6972,463538,435727,144672033,ransom,
16374530,70612,834792,738266,324596868,ransom,
3100649,20807,720810,453760,36662853,ransom,
8138046,16279,857507,671673,198148805,ransom,
4940664,6015,597018,527454,127359534,ransom,
14511348,16166,1371979,1241847,363966379,ransom,
18527685,43116,2097816,1621532,408745267,ransom,
6722283,8051,531762,479789,164764653,ransom,
15538965,95034,1236113,1071354,339802515,ransom,
22082956,33830,1967501,1641887,500879882,ransom,
6130573,17874,968378,727298,145170887,ransom,
8440099,10709,903461,819501,209978509,ransom,
14744533,16863,1322116,1206800,363561359,ransom,
14479668,35550,1847946,1401371,314474307,ransom,
10136605,11729,901536,814016,248975109,ransom,
11138984,13300,968501,885272,273008559,ransom,
14318640,15984,1212546,1100110,349935833,ransom,
15243261,40998,1724986,1240914,335631459,ransom,
12902145,14945,1201666,1091374,318973061,ransom,
14820152,66305,1184151,1019879,330707852,ransom,
11919979,31462,1166006,971305,255576815,ransom,
14389427,28452,1785190,1418225,344893603,ransom,
14746086,16826,1379195,1258508,364316189,ransom,
11627423,13322,1049845,960941,285852416,ransom,
15232103,35061,1788850,1335206,324073768,ransom,
15184844,17122,1317786,1197596,377294899,ransom,
11986121,13504,1271186,1158740,297537840,ransom,
14955177,17401,1067057,965413,341969635,ransom,
12206891,33777,1617637,1189968,275384089,ransom,
14229028,60505,1264733,1107127,325694882,ransom,
16654651,38938,1297921,1175823,393949885,ransom,
11363154,33221,1426685,998819,229542060,ransom,
12616235,14492,1061804,958409,311659935,ransom,
14957361,16758,1411317,1285268,370296852,ransom,
12247353,13674,1102738,1007668,279266686,ransom,
14398226,36940,1643241,1180906,328113908,ransom,
13471703,15247,1415045,1303864,332560908,ransom,
9318152,10666,920105,846232,229087871,ransom,
12730209,32937,1494401,1074009,269966288,ransom,
13577526,15551,1264995,1161221,334446622,ransom,
12380035,74611,1124877,968526,266472694,ransom,
11018329,12627,1080120,986724,271504075,ransom,
17930526,47281,2022464,1496163,397487865,ransom,
13734650,13947,1158498,1029957,347480954,ransom,
12819324,13642,1150708,1025528,323245356,ransom,
17000911,34778,1870905,1472764,369536578,ransom,
13689338,21787,1346485,1130452,334180352,ransom,
10930427,116259,1003966,916496,269125891,ransom,
13868076,15270,1282595,1175096,345405896,ransom,
16073212,40363,1785193,1290422,342737611,ransom,
12469269,36425,1189023,1073199,298132015,ransom,
16658745,82110,1301439,1143016,377393420,ransom,
16186660,28593,1550953,1257585,348607535,ransom,
10931917,22734,1369743,1106216,265429343,ransom,
14571495,16785,1128036,1015273,360281697,ransom,
13380701,15389,1252537,1159999,329682886,ransom,
13531656,34287,1710357,1264605,292672275,ransom,
14371476,16114,1226102,1119149,355264462,ransom,
14345878,15853,1296974,1193183,353893040,ransom,
11422532,13032,1078254,988396,273705653,ransom,
12793367,33620,1677618,1216297,274934743,ransom,
15660481,17542,1444670,1327030,387786730,ransom,
13883408,53162,1060902,932417,322083868,ransom,
14781136,67647,1784374,1327519,298755932,ransom,
11976422,13969,1165136,1015761,301552065,ransom,
11432344,12540,1137692,1047549,285219499,ransom,
11636174,12829,811483,743631,285241564,ransom,
18403216,46872,2100600,1590423,408843789,ransom,
13122771,26130,1285808,1174098,329700712,ransom,
11571498,13511,882568,786871,284146272,ransom,
10250408,21979,1332878,1054741,221296397,ransom,
1621628,9118,912418,700283,43875502,ransom,
20705707,22687,413766,343597,507421859,ransom,
18890272,80195,2106292,1895666,428223450,ransom,
9350383,32925,1350766,943929,186711689,ransom,
13050398,15670,1180941,1046361,326409131,ransom,
20601631,22743,1747890,1617704,508511336,ransom,
7612386,10155,707327,639717,162662975,ransom,
11886605,33605,1650336,1179369,271227601,ransom,
17044821,23465,1479641,1330005,424270613,ransom,
9978715,32796,1064815,893623,235390636,ransom,
10009184,30065,1339478,904099,200648881,ransom,
16160898,18122,1389687,1270725,401269207,ransom,
15364726,17330,1278416,1171334,380497438,ransom,
10382582,78508,761011,636645,213613335,ransom,
18295941,55286,2066274,1535431,399668933,ransom,
17453891,19784,1499366,1373133,430649635,ransom,
10989831,13086,1101484,1020567,269226080,ransom,
16143618,293477,1610779,1242652,342525429,ransom,
13250670,21346,1189889,978164,322106067,ransom,
11185320,14076,1344261,1249412,273934828,ransom,
10340677,12442,980318,910466,252466981,ransom,
17133434,45055,1837213,1352843,365286431,ransom,
9128200,11073,870571,803139,222729081,ransom,
14001102,16234,1170087,1068701,343905818,ransom,
20057735,89876,1664986,1446507,425455917,ransom,
4254829,22738,1159821,749780,85578610,ransom,
518629,685,180613,153460,15885660,ransom,
12664211,14454,858803,789237,308601987,ransom,
3026785,20161,1245959,852555,44724484,ransom,
17485174,19948,794625,725956,424367084,ransom,
6985215,8771,812107,756623,170161243,ransom,
9532826,11899,786409,702256,219149591,ransom,
21247641,44223,2272228,1741814,502690042,ransom,
10763453,11836,1039056,945119,269402769,ransom,
8783839,9825,756681,662895,221840940,ransom,
22554622,90037,1851102,1590581,497204949,ransom,
12945553,60024,1581207,1149393,286633569,ransom,
8353411,9583,859423,770340,210210044,ransom,
15602666,17112,1285311,1179950,386696529,ransom,
14829416,27817,1546127,1207381,321680886,ransom,
9733591,19350,1299747,1041026,240601264,ransom,
8573397,8996,1067350,975184,218209021,ransom,
1004731,861,306272,262568,30093723,ransom,
15706756,36287,1279793,766052,345477672,ransom,
26145715,32551,2320392,2074307,627448623,ransom,
1446372,5179,362923,104852,15277603,ransom,
15587798,27737,1583205,1113101,335629521,ransom,
31183925,141517,2856781,2265321,675028772,ransom,
3086623,4341,362689,330072,75080327,ransom,
12454560,13826,1055084,936742,314401100,ransom,
22965500,25151,2066472,1902115,555695474,ransom,
8054758,30483,1183204,732752,149513079,ransom,
2524680,7187,783194,689124,68733511,ransom,
1768526,2907,831260,755542,53317173,ransom,
14167349,27952,548388,328819,319619480,ransom,
29151199,50078,2690878,2279212,695340297,ransom,
1394129,2188,155811,132797,33774536,ransom,
6625580,7045,578896,512356,169170888,ransom,
18590765,87410,1688765,1292194,375293116,ransom,
6032386,29083,822902,556214,137375107,ransom,
8199339,9120,744723,678872,202993263,ransom,
4834489,5533,489584,434945,123262983,ransom,
10646308,31307,1307455,879745,219933206,ransom,
12176830,13238,968999,869007,304851517,ransom,
2106223,2472,289725,268164,53323069,ransom,
11019492,13642,968385,800772,259288381,ransom,
8507534,26488,1131443,800600,183892418,ransom,
9113099,10134,894593,828341,225053627,ransom,
8055114,252199,704012,634774,202280147,ransom,
8486215,171022,1061657,692763,131151917,ransom,
1295729,5375,573637,446953,34242704,ransom,
799887,878,368510,335049,24547801,ransom,
688956,982,297874,267480,19640888,ransom,
4899477,21296,1114793,743071,89309654,ransom,
15137663,17536,122680,61741,367174980,ransom,
21657022,25152,1899209,1788174,527284379,ransom,
5515729,17127,807644,501601,107781143,ransom,
15906838,30479,1529812,1285045,392902574,ransom,
15429728,17845,1437477,1307321,380946551,ransom,
8160488,9590,869250,793660,202327352,ransom,
13990270,86497,1286936,959538,263767777,ransom,
16749391,32856,1684508,1404593,410707705,ransom,
13043398,130296,1073584,970560,321326908,ransom,
8692234,9736,807907,732815,216148249,ransom,
16592006,37251,1884294,1432982,365970423,ransom,
13735966,15131,1221555,1100083,343232893,ransom,
11669478,13161,1040495,938276,289520373,ransom,
8465884,18265,1281069,1079693,176494131,ransom,
2116454,20030,945916,664016,48830300,ransom,
8235374,9424,322681,266001,203624442,ransom,
27424436,30155,2084438,1917798,672102258,ransom,
7673158,87357,876587,532763,100245146,ransom,
12213619,17021,1317811,1091670,306708643,ransom,
19395547,22013,1707136,1551052,476402946,ransom,
8663806,10019,883104,813217,214028772,ransom,
16305126,35262,1880154,1429375,361980262,ransom,
17689416,20522,1478308,1354835,434427218,ransom,
9629368,11561,964816,881206,237323453,ransom,
13656875,16802,1121433,1007379,305693558,ransom,
4555137,21121,1504804,1106344,100994164,ransom,
472410,529,86501,70616,14900044,ransom,
27496345,31067,1465337,1302186,676208851,ransom,
14914458,77015,1577786,1333132,292590389,ransom,
5408094,21965,938153,603443,121873708,ransom,
19364620,21663,1805244,1650157,484381638,ransom,
14014398,15840,1021825,904213,346812246,ransom,
9256161,28948,1622068,1167675,189028478,ransom,
15281458,16310,1148906,1053555,382537326,ransom,
13862047,15967,1302896,1175496,345361876,ransom,
10712377,11782,925828,834847,251175036,ransom,
15988953,36414,1957989,1499105,369619156,ransom,
14699457,16817,1433826,1304272,367155339,ransom,
10651288,13301,765923,687644,258479938,ransom,
16718933,98931,1693391,1220932,327922799,ransom,
15804150,17875,1484633,1305718,396051567,ransom,
6033080,7254,803009,727166,152215519,ransom,
1266417,1265,379395,331912,38943205,ransom,
18948053,42708,1190294,763135,423080403,ransom,
14930418,17640,1709162,1578600,369958902,ransom,
7793439,8912,706474,639239,193952796,ransom,
10786345,17712,1068445,816440,236099969,ransom,
10700693,25621,1421990,1128337,257493322,ransom,
10895900,12693,888577,808618,267592868,ransom,
2400029,3102,272862,235587,61621125,ransom,
14788759,105431,1239392,908284,289670896,ransom,
13352692,28634,1522822,1178640,326421618,ransom,
11644525,12737,981643,898653,290140489,ransom,
8124495,9771,835067,770332,199437755,ransom,
12609279,35543,1431845,966566,260243090,ransom,
9690378,10855,1006199,902787,244378210,ransom,
6610956,7691,612692,563991,162539088,ransom,
14120107,18046,1130559,1001963,344557744,ransom,
14085022,42076,1639931,1130018,299975941,ransom,
13630721,15353,1122346,1005841,339475568,ransom,
13487184,18471,1407904,1258347,332764810,ransom,
12514577,58108,992006,847361,264612010,ransom,
15260716,86346,1738391,1236692,330994334,ransom,
13024023,16059,1154545,1029446,321869249,ransom,
8818174,11894,950403,832644,216953067,ransom,
14060541,16718,1202535,1068512,324569821,ransom,
15570789,39147,1849563,1366524,355293648,ransom,
11563547,13618,1010624,900524,282864407,ransom,
11223204,14854,1027248,894561,274047336,ransom,
21367763,43369,2271368,1689166,474217492,ransom,
10042571,13324,1055864,940381,245731170,ransom,
7294615,9148,556944,483991,177329472,ransom,
8924220,9880,847739,769790,224782988,ransom,
20315233,117612,2290171,1647818,416649248,ransom,
10842751,283337,1151136,902331,256940636,ransom,
13183632,123653,1260048,955633,320800826,ransom,
18040775,19210,1407551,1273918,447814434,ransom,
4773766,25066,1375915,961208,71023691,ransom,
842195,1184,409318,368891,25254823,ransom,
16167342,18420,498530,409462,394698803,ransom,
22439285,33693,2258809,1976466,509960272,ransom,
6352504,23610,1038911,727698,154599413,ransom,
9697189,11862,931362,846984,239742238,ransom,
11403646,13187,1078260,980277,284610579,ransom,
18919665,126042,1975732,1399441,374768804,ransom,
14153613,15938,1227455,1106028,352226730,ransom,
13410333,15386,1233648,1114461,332134373,ransom,
14286960,16575,1199773,1094710,350624115,ransom,
13574373,34972,1598655,1168980,284104245,ransom,
11009448,12593,1039232,939283,273801937,ransom,
14000498,15597,1333134,1213170,349325648,ransom,
9646510,24263,1319222,974500,202452546,ransom,
2517535,6811,874741,676652,74298136,ransom,
5386841,5946,139011,94528,135549857,ransom,
28476432,33417,2088337,1913340,696211215,ransom,
7922468,88632,880581,552856,109879010,ransom,
8289430,14811,1119861,884428,208687974,ransom,
24182506,26911,1952032,1784640,597201857,ransom,
6686427,7828,734172,691864,163139219,ransom,
8009126,26917,1257285,824096,153966835,ransom,
22514649,149582,2113270,1936263,558642846,ransom,
10405595,11444,791982,732865,256194538,ransom,
10924484,22140,930108,810262,239433249,ransom,
7771337,22856,1487404,1086435,175301085,ransom,
1847760,2779,683624,606365,51729036,ransom,
28003300,32137,1674283,1526632,685554615,ransom,
14484181,85180,1366228,950739,265221767,ransom,
2411666,5460,479000,345318,62564826,ransom,
24422166,26858,2039190,1852499,608912384,ransom,
13048516,15417,1152861,1067864,319286967,ransom,
6131832,24158,976144,575172,109094754,ransom,
22658514,25562,1905939,1729922,566430133,ransom,
14417926,16328,1375511,1280033,354073658,ransom,
7109742,12777,690115,531059,134433214,ransom,
19959614,295492,2198856,1808103,492245926,ransom,
13571829,80485,1068901,993033,330750570,ransom,
7955863,69655,484138,373394,160635862,ransom,
4670997,30239,1042697,612959,64118843,ransom,
9676323,10829,741152,676084,238631959,ransom,
6000197,6548,623962,564793,152870557,ransom,
12893369,14581,1000216,927887,302075496,ransom,
7154519,28511,1158966,730182,147443632,ransom,
4777184,5407,386492,353048,117331621,ransom,
7386427,11470,602069,445590,173859401,ransom,
5647793,29896,1209859,564043,81801035,ransom,
12227271,20113,1220029,892923,279550089,ransom,
4126196,11412,373617,220249,73835198,ransom,
11814119,82554,942544,791299,243052813,ransom,
5083068,52493,823687,393900,88522414,ransom,
9387876,11096,886937,806976,231731062,ransom,
2258833,2577,219395,191060,57645461,ransom,
12175974,26454,1260454,953573,263068214,ransom,
6479500,16471,807064,559498,157572415,ransom,
5588705,6783,587829,541275,138438616,ransom,
11438752,12583,834746,763845,282612154,ransom,
10973506,33978,1553321,1056527,234336722,ransom,
9525422,10478,779341,710363,236985091,ransom,
10736474,11631,1168747,1053759,273366337,ransom,
19852904,31284,1677941,1480221,459923676,ransom,
11397595,31903,1522034,1094171,261674673,ransom,
16071166,79145,1326672,1166714,369654787,ransom,
13040209,44441,1282775,1166694,307043461,ransom,
6029209,29777,1021181,571823,92334053,ransom,
1303000,1762,522774,470710,38845233,ransom,
24187490,27229,1545125,1389793,594823934,ransom,
13520910,15632,1191625,1099865,330050484,ransom,
4011808,26838,933522,507941,53078911,ransom,
19158099,21365,1599506,1439346,480231038,ransom,
17801884,20044,1502454,1377844,437458797,ransom,
5737882,19480,800198,524712,96489270,ransom,
14518910,23022,1516530,1275934,362277472,ransom,
20604450,35202,1673128,1513060,502168748,ransom,
8133990,63202,681676,568902,166449489,ransom,
10284188,30780,1389459,935875,212433520,ransom,
17858602,20237,1531165,1405668,442733775,ransom,
9487424,10475,972911,898457,235190829,ransom,
9315280,24659,779244,656722,201625320,ransom,
17249581,37281,1865368,1387094,407703611,ransom,
14829387,16272,1244412,1131549,369397585,ransom,
9255067,10472,880076,799856,232323891,ransom,
12001212,31698,1401175,956877,252289117,ransom,
12635638,14188,1227544,1125227,313919201,ransom,
9835601,10661,926888,856775,244298816,ransom,
16296839,78027,1175993,1009995,347463981,ransom,
17431984,41283,2086238,1536303,394508893,ransom,
11895950,13253,1080174,995997,294399245,ransom,
11305932,12475,982256,895185,278746739,ransom,
17998632,42957,1821061,1405427,396835807,ransom,
14228460,20259,1496029,1269320,350415713,ransom,
10672375,11875,898702,812797,264004160,ransom,
11124126,11953,1060506,952937,279694403,ransom,
16261214,40654,1939457,1416858,347007227,ransom,
9263146,10754,1037612,948733,229698857,ransom,
11072029,12353,1101547,1009250,277368488,ransom,
17502696,111593,1373729,1115158,349359287,ransom,
11860686,30773,1358397,1011566,278700556,ransom,
11998862,13370,1018144,930144,297261296,ransom,
13327909,14090,1185204,1081113,332771610,ransom,
17572966,41978,2023608,1530340,382736107,ransom,
12124879,13278,1089059,992854,301107723,ransom,
11197519,11943,974190,892646,277953084,ransom,
16425567,17847,1311457,1180629,388876760,ransom,
15221748,39173,1831797,1349100,346132548,ransom,
9930595,11056,983952,902129,245938292,ransom,
13603622,14736,1142688,1038438,338098271,ransom,
17778347,111891,1328502,1136563,369325011,ransom,
11453383,33009,1663857,1224061,258710057,ransom,
14292822,15744,1275992,1170017,354189221,ransom,
14473987,15867,1343365,1234660,357907612,ransom,
15917224,36138,1665569,1202868,337601692,ransom,
14820406,16511,1351065,1250237,366507695,ransom,
12672268,13815,1169978,1062929,315139526,ransom,
12147251,13467,1104942,1008309,296451826,ransom,
14851110,41607,1754062,1279283,315355948,ransom,
12517309,13783,1220513,1121129,310755298,ransom,
13488486,15027,1212332,1110617,333374424,ransom,
16403974,87182,1234131,994287,335585929,ransom,
11367388,28381,1588007,1223346,268246671,ransom,
4728788,4802,848915,797978,123412722,ransom,
691885,952,83898,68644,18729221,ransom,
24932632,48889,1966303,1434100,561555754,ransom,
11505836,13248,1134604,1057323,282676745,ransom,
9444266,10195,752401,679880,236561489,ransom,
12059183,13286,1238802,1133020,302071088,ransom,
16764833,41072,1866975,1358341,362565745,ransom,
7602870,8721,818616,760123,188842863,ransom,
13416657,14797,1143384,1055169,331040296,ransom,
20205937,113826,1421953,1174633,418184958,ransom,
9808025,26267,1404405,1048242,225833922,ransom,
8161873,9605,778052,714877,201712287,ransom,
12468275,14223,1209050,1125685,305780628,ransom,
15795189,33721,1804288,1378261,341030845,ransom,
11791349,14024,1046524,960153,288109313,ransom,
13118833,14880,1153744,1060847,323585091,ransom,
14582918,16231,1300454,1200415,342281405,ransom,
16198803,32922,1615183,1197585,369234536,ransom,
8370943,10079,1029837,958328,205765819,ransom,
12173670,13633,1075694,980281,302488221,ransom,
17169102,71759,1340203,1117350,354197256,ransom,
13768207,31582,1608683,1235212,327502631,ransom,
10236258,11275,1039120,954236,256936439,ransom,
14697314,16782,1278290,1166541,364803739,ransom,
13420442,21342,1137131,1038214,318317282,ransom,
12707689,37472,1445758,1131565,272303582,ransom,
15707500,26250,1637946,1364560,382510132,ransom,
13008967,14832,1188518,1093244,320145000,ransom,
11100294,12469,1030685,945594,275996386,ransom,
16562785,36613,1898935,1434867,354474137,ransom,
15067518,24294,1141347,1029572,367438173,ransom,
13297528,69513,935619,789303,296221643,ransom,
11884333,16164,1093935,934803,264936175,ransom,
11520110,28155,1552287,1179116,274801259,ransom,
11564065,12741,960289,856794,290670968,ransom,
10041486,11252,838037,761650,247996117,ransom,
16109879,34658,1717610,1237040,364956970,ransom,
9336975,9981,1004999,918167,237028248,ransom,
11550979,12558,988461,904964,286755383,ransom,
13377279,13710,979060,872590,320930235,ransom,
14972475,34304,1705605,1261873,338396095,ransom,
11659156,12985,970289,882608,289297093,ransom,
14814139,91658,1328270,1160223,328889467,ransom,
14821241,34280,1690338,1272057,323646702,ransom,
10580512,12336,1067275,962071,263656676,ransom,
14216572,15405,1149388,1050538,353953824,ransom,
12932313,14085,1100005,1004864,321239208,ransom,
14440695,34286,1855011,1411303,308739026,ransom,
13839308,15319,1140896,1048075,341117553,ransom,
10032728,10828,1213810,1118155,254775322,ransom,
14777827,25846,1145472,961948,331070992,ransom,
17187831,34355,2080215,1703197,412187982,ransom,
10478010,11569,799700,724912,258698369,ransom,
15859471,80840,1319513,1154710,353566071,ransom,
17460004,38555,1904296,1441687,383093792,ransom,
12209170,13532,1066196,985577,301935363,ransom,
8461568,16791,663279,567954,211220606,ransom,
6460959,20269,560635,415700,163009386,ransom,
15492136,65767,2078530,1445823,342957109,ransom,
33331578,62343,2387337,2140877,811129987,ransom,
1814436,3147,288520,263712,44050219,ransom,
12774224,33538,1521495,1096953,265824360,ransom,
22113637,26632,1916353,1718197,547721611,ransom,
6880421,8501,705840,636643,170799935,ransom,
15223603,19890,1390362,1269388,378555436,ransom,
20035895,103741,1897273,1371866,408116109,ransom,
9214781,10600,874560,785243,231002713,ransom,
10730131,12146,1026427,935213,269242881,ransom,
16299063,18116,1462187,1347302,398451887,ransom,
13450870,43550,1596340,1165878,284913968,ransom,
6360679,7408,749024,692242,159024588,ransom,
16764281,18679,1413707,1287795,416842902,ransom,
17402390,34587,1887659,1511861,381522878,ransom,
2402754,7427,529051,411143,59404128,ransom,
1267760,1633,566881,514544,37706780,ransom,
24907563,27275,1573412,1448945,611172371,ransom,
12287907,91157,1237309,863679,220920526,ransom,
7564867,22689,910370,727050,179720821,ransom,
18210318,22816,1452033,1226919,444204105,ransom,
14453609,18048,1551103,1206759,341198562,ransom,
13988708,41675,1739569,1053552,274446503,ransom,
16128356,23497,1341289,1082817,377616260,ransom,
17621602,19271,1605917,1490580,434045584,ransom,
7747762,10773,645510,548580,167114131,ransom,
13212500,31847,1761455,1346384,310008794,ransom,
15202737,17060,1373755,1262584,376207462,ransom,
9595888,11416,1031375,935575,236683754,ransom,
17269904,119834,1755749,1195346,327010771,ransom,
15657643,17794,1478952,1345930,389205788,ransom,
8933713,10407,676112,617722,217165987,ransom,
13551222,15160,1414222,1288289,339624049,ransom,
19216942,42392,2048717,1530049,422221903,ransom,
10419757,11723,825978,759992,254310410,ransom,
11492348,12616,1096457,1002268,285349041,ransom,
18428376,30329,1822784,1511364,412046688,ransom,
13613595,25675,1457215,1180152,327918041,ransom,
10274366,11756,942914,862398,254237923,ransom,
17841531,44777,1535695,1396099,429053819,ransom,
16551638,95950,1858608,1327936,324539675,ransom,
8867922,10125,767193,694298,219324973,ransom,
19021078,20832,1531879,1396504,470242761,ransom,
13291947,23068,1343929,1209411,298211076,ransom,
10695908,29309,1397397,987215,242563579,ransom,
15459643,17338,1440107,1310931,382973142,ransom,
13003994,15408,1146186,1053295,319960987,ransom,
12851016,31120,1519981,1159022,275890688,ransom,
15942666,22165,1511477,1265522,395561716,ransom,
12657930,63001,1161246,1064454,312187290,ransom,
10934785,12091,1074142,967423,274380133,ransom,
20797648,93275,1662836,1330818,433297873,ransom,
11886886,25103,1495259,1208825,291092279,ransom,
11276440,12979,1051930,935771,283766581,ransom,
13773639,15729,1333947,1224353,339507124,ransom,
13603462,36202,1642550,1192870,285574500,ransom,
11139526,11942,913322,824481,280547875,ransom,
13601963,20589,1350879,1237760,336413437,ransom,
11998357,13167,1102235,998479,289132394,ransom,
15395041,35836,1854920,1404933,347995792,ransom,
13855254,15282,1297699,1174405,346421321,ransom,
14155188,15886,1098381,1004754,347853794,ransom,
14998922,30110,1717528,1332065,327538144,ransom,
14959932,67900,1334249,1106410,334238549,ransom,
16210781,18218,1297066,1184775,398030291,ransom,
10954283,12418,990701,911390,270187375,ransom,
14098202,32426,1626375,1209749,302821972,ransom,
13667864,15580,1243700,1142160,337553338,ransom,
11551121,13519,1053175,961965,286075094,ransom,
11686816,24735,1215588,993990,247660235,ransom,
13374490,25833,1741637,1401422,335106447,ransom,
14826670,15377,1232326,1108229,373931708,ransom,
10429593,11853,820403,740904,255882513,ransom,
14179928,35077,1809159,1323254,310971465,ransom,
22308399,86135,1686183,1479522,510910567,ransom,
9502594,10953,823033,759989,232847999,ransom,
9480790,10922,891872,806933,219744884,ransom,
20899926,43855,2387275,1860640,490804714,ransom,
13014331,14469,1026976,941592,321125923,ransom,
8332758,9452,769026,698837,208047574,ransom,
20372206,42880,2193821,1706056,454750518,ransom,
14023161,16622,1198372,1067879,345355383,ransom,
8915609,10233,806162,732552,221180730,ransom,
16213306,20732,1460197,1333446,397579025,ransom,
17666514,71363,1999409,1451571,374412201,ransom,
10878151,81336,919091,799742,234011726,ransom,
16415762,18694,1406384,1283818,407931921,ransom,
14782215,17332,1237933,1121865,339368160,ransom,
12334895,37607,1632497,1146528,277183401,ransom,
15714855,17193,1343218,1232126,388262493,ransom,
13256147,14660,1216930,1124829,327309963,ransom,
12396340,33590,1412719,1012020,256704584,ransom,
15428604,21911,1444761,1212908,380048187,ransom,
13207639,14620,1197854,1098840,327859362,ransom,
11929279,13247,1075153,987441,294782832,ransom,
19180625,49582,2030747,1478441,428127538,ransom,
15943688,345354,1365677,1201806,350123069,ransom,
10219859,99194,726936,645225,255939842,ransom,
16227315,20464,1458352,1264668,371874406,ransom,
14922909,36607,1734477,1277677,353792718,ransom,
11325340,12692,1039534,953348,279729057,ransom,
10837141,11544,1028287,934514,273699362,ransom,
11493253,34441,1514970,1046919,230754650,ransom,
13582081,14510,1087517,989511,338267703,ransom,
244027,635,149006,139947,5708888,ransom,
7684286,8449,661251,598459,183302880,ransom,
6832694,25619,1137284,707777,145334222,ransom,
10614165,13597,845016,789775,256951981,ransom,
8534978,65149,504099,393763,174953068,ransom,
4973569,24345,1092497,685562,84540451,ransom,
14517225,15419,1193964,1097894,361373564,ransom,
581710,490,106781,91421,18082789,ransom,
12969825,14227,1067066,975745,314691828,ransom,
7092710,26153,1078054,648276,148574869,ransom,
7465702,8564,647891,605989,181424447,ransom,
4105931,4475,315751,270340,105027760,ransom,
4775929,22099,868843,486201,80510768,ransom,
17497772,18997,1406108,1278639,436199607,ransom,
1728000,2398,381831,358412,43876686,ransom,
12279845,73450,898802,762450,263626597,ransom,
5031435,28098,1028194,564615,87504063,ransom,
7902200,8942,545253,511292,190912664,ransom,
5995517,6568,465922,405230,152286153,ransom,
7725403,21896,979456,691170,155842817,ransom,
4647823,10287,524675,332374,120649699,ransom,
5452789,6489,506888,469320,133557756,ransom,
2091746,2132,191143,167148,53926592,ransom,
3375198,24285,777628,391283,50174821,ransom,
1528352,1737,167713,129119,41288598,ransom,
3189222,3822,246268,224537,77855350,ransom,
8822999,86917,869316,523447,157863517,ransom,
3854094,11021,557358,381815,94382783,ransom,
5189359,5285,451144,395262,134377428,ransom,
1297440,1516,85811,74502,32496553,ransom,
6335663,28358,1031682,609517,127316129,ransom,
1392095,1452,116350,100603,36165264,ransom,
4531158,4679,314216,267878,116839590,ransom,
1830129,9859,345583,191018,19891413,ransom,
6710162,19355,828263,544266,166928280,ransom,
273016,466,115332,104394,7617591,ransom,
5402364,16045,350075,281225,134526422,ransom,
7375356,83280,1056030,564991,117482200,ransom,
3534147,3618,305891,266893,91406415,ransom,
3233925,2955,242998,204606,86327616,ransom,
5203013,8975,408819,340224,118926049,ransom,
4757821,24684,901196,515679,101331281,ransom,
3864636,4715,318464,290033,94963045,ransom,
2376504,1872,180357,145196,65551502,ransom,
5473485,27814,984640,588430,101092667,ransom,
1889424,2592,162176,137594,49586379,ransom,
1631244,1964,107159,98632,39346369,ransom,
1165359,430,103280,74062,36434081,ransom,
6373167,98110,849806,396141,81028048,ransom,
2006072,1419,182728,139739,59560983,ransom,
6561140,7761,480244,431539,162632411,ransom,
9561630,126297,679925,581492,250429880,ransom,
3254607,23314,889311,531212,44656627,ransom,
2586180,2810,195551,166748,67174325,ransom,
250776,356,34412,32827,6083872,ransom,
3069308,21582,705085,343580,51870538,ransom,
1038150,1538,83818,68692,27067312,ransom,
3721684,3992,247844,205424,97263013,ransom,
962714,1436,140960,131477,23330361,ransom,
7825921,89108,1019197,554236,127657528,ransom,
104494,707,9560,1087,2597918,ransom,
4423301,4971,373314,335761,112480000,ransom,
3557527,4112,307658,269328,92717709,ransom,
5616742,25978,949889,573724,107023576,ransom,
2364791,2627,237074,197788,63530749,ransom,
3879277,4584,266695,237104,96712666,ransom,
3874563,23023,868144,488767,68144716,ransom,
6952431,8002,525733,465310,175315247,ransom,
852150,1375,142074,132126,21008843,ransom,
4112243,13415,367625,184295,78551184,ransom,
5402358,85630,1037669,383778,61281738,ransom,
7474600,15810,723188,453067,156729747,ransom,
3231293,12696,459512,254587,49043203,ransom,
7149918,8698,507187,464897,175186386,ransom,
4252016,23556,890956,478351,72522024,ransom,
1141527,1651,81367,67284,28397915,ransom,
7288979,8878,670360,597352,183929915,ransom,
4354202,14408,544571,347798,81398806,ransom,
3945966,14794,561567,346227,91289158,ransom,
4096702,4877,360736,331043,100648391,ransom,
7831921,9176,819774,760743,193547383,ransom,
4597105,22887,918337,544967,83976612,ransom,
8623296,69347,592790,457465,176486740,ransom,
4467365,5757,405587,365204,110863597,ransom,
2761720,6879,292731,204828,48288681,ransom,
6983374,24087,1021131,685942,161314933,ransom,
3845554,4587,503422,457093,98580318,ransom,
6673808,7613,411890,371452,163520497,ransom,
4058481,23835,868671,508950,69585558,ransom,
10213794,12527,978926,896281,250846445,ransom,
5543262,6543,625323,557303,141403412,ransom,
9832109,11665,858570,801634,238918786,ransom,
12870673,34863,1485809,1033986,277013509,ransom,
2522298,67425,192928,121910,20535506,ransom,
9492365,70083,869058,796067,234026712,ransom,
9495757,25162,1177796,877805,204191276,ransom,
10048057,17482,1107476,929786,241971536,ransom,
7741199,9183,604556,547017,190467185,ransom,
2303751,2967,279434,250034,58251579,ransom,
10000630,29860,1455742,1056061,207862292,ransom,
12093267,14597,964916,866157,299663751,ransom,
7496326,9499,814319,757937,183230224,ransom,
8652690,13332,724296,625074,190351823,ransom,
4570484,30544,937702,600592,88196447,ransom,
7978514,55086,603636,499624,161170630,ransom,
11584959,13171,938142,858839,287456166,ransom,
3485249,26132,872304,481819,46824119,ransom,
8718558,10825,801007,709065,216877415,ransom,
6708,203,3584,152,44309,ransom,
9031480,12153,769431,677824,211279157,ransom,
2079611,24391,795763,391594,28285039,ransom,
5102528,5930,370667,342107,123877989,ransom,
9517394,11410,830366,739365,239326118,ransom,
7732194,13632,748563,616701,164805051,ransom,
6820031,62038,953740,554873,136879720,ransom,
4337064,54637,329654,268164,76715930,ransom,
8094530,9165,510192,455862,201807229,ransom,
3812332,28646,1049946,633716,54345765,ransom,
7536700,8353,644989,590729,188576679,ransom,
3148904,5289,417801,362678,80596386,ransom,
13211987,22197,1074064,932561,304490333,ransom,
2148227,19839,638538,286237,32404982,ransom,
7195419,9006,674341,617747,177924402,ransom,
2691991,6641,300955,262440,57589329,ransom,
7571725,37960,962678,588786,141635708,ransom,
8579325,15313,662460,526689,212901968,ransom,
6515172,85577,663829,562273,120165713,ransom,
10944705,12262,939070,872283,269459399,ransom,
7575624,47304,1112043,618640,137395131,ransom,
10569100,12023,1012785,932807,262645562,ransom,
1830339,2307,154933,135158,46313878,ransom,
6828158,8194,587486,533057,158999047,ransom,
2377051,27286,809525,397540,29219836,ransom,
3609527,4541,222486,199220,86951750,ransom,
14484990,16834,1182040,1071143,359780639,ransom,
12238001,35872,1609633,1132663,264488238,ransom,
10386679,13024,1028260,950263,253970437,ransom,
4788416,61761,278848,208115,93404061,ransom,
3109914,37671,313920,262668,57296671,ransom,
13184808,36451,1565784,1112674,282591610,ransom,
8587634,9402,587062,518414,216602023,ransom,
7158974,9162,910437,830290,180346044,ransom,
11966707,23687,1149059,902891,256154531,ransom,
9429690,23282,890603,610567,224118690,ransom,
3132727,4064,562236,524502,79841643,ransom,
11262149,12583,940534,867024,277339652,ransom,
5608691,29965,928764,480775,96132293,ransom,
13035899,14926,1221881,1100523,328602732,ransom,
11733851,13022,974401,904254,288978089,ransom,
10719406,102728,862879,722872,203562953,ransom,
9718411,35157,1270975,826287,207866197,ransom,
3266251,3754,320007,281635,84057404,ransom,
8687198,9379,756903,698776,217024662,ransom,
9186015,33690,1333482,874823,183803048,ransom,
13994544,16504,1158336,1059869,344487484,ransom,
2092072,2303,352080,319068,57727309,ransom,
8481966,10339,710904,644674,208837480,ransom,
17981306,41654,1964778,1462718,401484239,ransom,
3305597,3683,234767,202802,83682463,ransom,
7620204,8406,738488,660292,195316747,ransom,
14250176,85929,1146050,986189,297008311,ransom,
10264545,51929,1277168,825218,216896142,ransom,
6577328,7259,612181,551223,165859569,ransom,
3481445,3832,269000,247845,87055955,ransom,
14487168,35353,1638510,1212292,312004894,ransom,
8899650,11786,885358,759578,219622727,ransom,
8963550,10320,738847,667438,223735714,ransom,
4997017,21997,518812,402388,91766440,ransom,
10916312,35293,1321579,856930,210241118,ransom,
13141402,15021,1074831,959534,331945660,ransom,
5115408,5968,556424,505520,130007918,ransom,
11710532,101023,970456,788604,227256751,ransom,
14515977,46464,1454076,1015814,329586331,ransom,
853986,1284,309745,287001,23723183,ransom,
7820683,9672,705214,632774,193281407,ransom,
14430843,37058,1433093,1009990,317542162,ransom,
8894426,9862,844205,774897,221247168,ransom,
6731244,8134,727002,681151,164639755,ransom,
5588900,6112,385236,337460,140755005,ransom,
6510650,25480,1103145,725249,119162079,ransom,
10985914,12353,1016213,937760,272221795,ransom,
8543507,9394,668558,594457,215647628,ransom,
10648579,53799,891867,735199,225241754,ransom,
12008296,43138,1503519,1112243,262985293,ransom,
5238425,6047,564416,499932,132820278,ransom,
7943837,8984,669845,621285,193287531,ransom,
8552043,25403,1139501,763769,172831877,ransom,
277289,668,218114,199052,7981824,ransom,
829692,915,333802,302105,25148224,ransom,
1343015,3998,331894,276218,26433917,ransom,
20941684,36135,1485526,1099862,492628052,ransom,
13633621,15631,1280428,1187097,336126782,ransom,
1064851,1787,264144,249531,25706070,ransom,
7662737,77001,1011640,574226,112376093,ransom,
7102498,7692,620365,545695,182432224,ransom,
9278414,11066,838294,782597,225913517,ransom,
6731840,7533,619536,565042,167526723,ransom,
10126946,28843,1484658,1081344,219275539,ransom,
9003780,10312,598130,552341,219594497,ransom,
13030024,14603,1017853,923038,323974584,ransom,
6107547,22854,1066908,774005,113498984,ransom,
5099176,8249,505387,398633,124162683,ransom,
6564720,7639,587437,532234,163588183,ransom,
5932017,6786,666589,600399,150442036,ransom,
19464493,90022,1793569,1302896,405844687,ransom,
10059734,11442,895189,825602,249184096,ransom,
943176,1333,270489,247781,25970473,ransom,
4232361,5198,314975,287157,101827978,ransom,
15374802,38913,1742135,1294805,342777046,ransom,
12646718,14353,1135374,1031945,315492890,ransom,
5563418,6519,508846,464506,137485567,ransom,
9101147,31348,1105211,809097,177711131,ransom,
8830852,17863,873703,665833,215474249,ransom,
2829529,3125,466173,434246,73541624,ransom,
8691341,10253,725765,659917,212804813,ransom,
19968991,117470,1823088,1401617,409301869,ransom,
7037199,17952,749717,528132,168775315,ransom,
6058658,7309,763790,693832,153866813,ransom,
6638086,7758,564871,531497,160940807,ransom,
9174070,33052,1320285,855224,181062741,ransom,
12803361,14550,1017670,931412,315506084,ransom,
7691992,8587,759428,681992,192371707,ransom,
7054857,11739,688314,575535,146112489,ransom,
10192943,34606,1482102,803751,202404305,ransom,
12847089,22218,1354025,997835,286701473,ransom,
5168808,11765,541548,385117,101930630,ransom,
12426247,59800,1126073,944405,260852433,ransom,
14392046,84237,1510222,1046417,307974249,ransom,
5992467,7106,546321,495484,148923728,ransom,
9883310,11065,658232,588425,245454854,ransom,
6803979,21991,1114630,805620,121721300,ransom,
7328827,14178,1003505,800762,180792415,ransom,
12996581,14938,986125,911561,318437115,ransom,
9272505,10643,728530,664438,229653419,ransom,
6675254,28944,1308787,862252,120223593,ransom,
5493934,6385,414973,379936,135246259,ransom,
10842187,12712,897193,822052,266191679,ransom,
7143952,32350,605672,507833,143829919,ransom,
19356714,119085,1877914,1327328,413066379,ransom,
5981403,6913,596136,550364,148128441,ransom,
11163593,12360,982849,895934,277076030,ransom,
5808518,6876,683369,629662,144498276,ransom,
8471493,32159,1173225,723771,158953175,ransom,
6666051,8166,775206,706039,165127345,ransom,
11297913,12397,1010483,927685,279916236,ransom,
15327680,36178,1596639,1176140,328028654,ransom,
9139151,10595,832724,723758,227468556,ransom,
1903491,2251,221002,199633,47738653,ransom,
12191985,13259,939990,834761,305885677,ransom,
14459897,115148,1482040,1178057,276890771,ransom,
7689790,23514,1047393,722444,181906688,ransom,
8441679,9892,669335,621251,205722959,ransom,
10019509,10979,823064,752827,249009861,ransom,
7189325,36348,1095788,649479,131138511,ransom,
7059673,7508,634303,565304,178956614,ransom,
10695253,11638,880616,815425,264047425,ransom,
10604988,15996,1059147,926393,242337953,ransom,
11206709,31769,1436021,1026878,251872245,ransom,
3446456,4042,346838,302169,88448968,ransom,
6530016,7376,554112,507771,162838454,ransom,
13478238,87667,1118611,946605,282679197,ransom,
17099884,59447,1763817,1288040,386892160,ransom,
2382220,3022,348872,317573,61297318,ransom,
5276827,6170,440169,397466,130188166,ransom,
12711838,48897,1604683,1114551,268098434,ransom,
11050066,13132,866601,766744,273091564,ransom,
7968459,8681,981360,896702,201126497,ransom,
6740467,7537,530803,489574,165880370,ransom,
11948894,35130,1411084,941377,251818333,ransom,
6831946,7725,763396,690692,171864723,ransom,
5920852,6814,530280,477914,146525215,ransom,
13527511,35598,1079222,951728,304070633,ransom,
13062460,101323,1404168,890864,262782830,ransom,
5292594,5872,617610,555737,136280114,ransom,
12677227,14822,1179336,1077496,312579001,ransom,
15386126,17166,1327824,1215528,373259271,ransom,
12913033,44984,1644402,1182807,277664531,ransom,
13684564,15179,1192403,1096207,337979895,ransom,
14742453,15850,1238681,1126854,366528916,ransom,
12169662,26459,1310509,1004611,253634352,ransom,
11406396,33343,1362096,1025109,271246243,ransom,
12880759,28703,1294888,1080061,311485582,ransom,
11264700,23844,1301739,1062288,262466413,ransom,
15938723,77590,1483070,1050536,309098738,ransom,
13633048,47513,1460356,1012330,294206237,ransom,
13587186,16391,1169733,1039624,333299374,ransom,
14515494,15826,1347298,1238982,360166594,ransom,
14683378,45225,1693538,1238658,311727024,ransom,
12840726,14450,1059351,964231,318167533,ransom,
12290753,13486,1169212,1070594,307581993,ransom,
14769496,17279,1255268,1135170,340292192,ransom,
14878596,37960,1922872,1430965,342175308,ransom,
10163712,11915,850397,769376,253100933,ransom,
13267427,15629,1188044,1074676,330557909,ransom,
15378059,84764,1513751,1207180,310404330,ransom,
12869584,59086,1524675,1134459,296476816,ransom,
14368974,16233,1265570,1149597,358222887,ransom,
11136990,12695,1093462,1006617,275846382,ransom,
13612709,34306,1417290,985905,283829191,ransom,
14895209,159051,1502232,1315706,367388867,ransom,
12321080,13219,927003,848869,304937910,ransom,
13094731,15297,1227309,1118200,325463526,ransom,
16970429,157343,1975341,1457216,366475592,ransom,
13027588,15888,1122726,1016767,323840519,ransom,
11513304,12522,1071273,980256,286926164,ransom,
18061097,23511,1541269,1325706,408251954,ransom,
15940162,126645,1759785,1282491,334898744,ransom,
10910022,12400,917000,832227,269987713,ransom,
16555120,19007,1381895,1252266,409976165,ransom,
13408589,14781,1369951,1265927,323103583,ransom,
13416500,37670,1531553,1066058,287474508,ransom,
13802738,16715,1135514,1022288,340543304,ransom,
14723872,16259,1424129,1300346,366275659,ransom,
14605617,36155,1428689,1118795,311336866,ransom,
12578231,27494,1574317,1269791,308275992,ransom,
14239709,15783,1233344,1127039,353019979,ransom,
11882406,18240,1117601,962173,293484009,ransom,
19679749,101479,1760905,1324259,399940804,ransom,
13768145,23966,1531499,1258104,339539403,ransom,
12897128,17283,1145540,994112,317223223,ransom,
11774680,13100,1214597,1111472,292686748,ransom,
15561324,44509,1636578,1220185,325729116,ransom,
12418032,26402,1421143,1102429,296148248,ransom,
11549553,12755,1212267,1098440,289939608,ransom,
11780685,14827,1118563,983972,287619905,ransom,
12750585,36372,1533800,1009089,262313712,ransom,
17994664,25469,1459854,1229362,449676394,ransom,
13065958,42661,1394872,1218962,313168654,ransom,
17145623,103277,1545829,1102073,348073873,ransom,
13135875,23847,1390488,1127737,319076678,ransom,
12528110,14509,1095329,998225,309762727,ransom,
13710605,18247,1219299,1068396,335615382,ransom,
14871544,35456,1839227,1362562,318258907,ransom,
14702009,16392,1316074,1196965,365566481,ransom,
13107182,17288,1225400,1069163,321516753,ransom,
14845353,19930,1377233,1208968,342510616,ransom,
16244855,39535,2045419,1529861,380587909,ransom,
11945324,13795,1052020,956103,293449447,ransom,
12400147,18544,1187243,1034178,306423773,ransom,
18129969,69185,1331595,1105536,377440475,ransom,
11415060,37388,1550360,1133325,254018829,ransom,
15541691,18635,1398692,1196981,391953480,ransom,
16539606,18171,1411277,1288524,409303141,ransom,
9482727,12388,895288,772098,223125845,ransom,
18041380,42440,2036406,1494302,400865216,ransom,
16328908,19148,1493922,1344769,405272513,ransom,
9131188,12820,895399,769642,222322648,ransom,
17114628,31982,1680169,1304154,374621169,ransom,
15476257,24077,1493409,1145794,385394008,ransom,
11081548,14539,991111,854322,270614424,ransom,
14995985,81494,1309592,1136277,329960244,ransom,
18138900,46135,2028864,1453576,399728590,ransom,
11896284,13459,1115108,1022800,294643618,ransom,
10814485,15423,1021655,879709,265666366,ransom,
17192827,20823,1407946,1238772,399175493,ransom,
15916711,37117,1918929,1460516,366056152,ransom,
9547205,12885,887558,761168,234879358,ransom,
11623297,12997,1153425,1049882,291411662,ransom,
18224194,40352,1984492,1472691,398643242,ransom,
12779985,15746,1264992,1099287,316313363,ransom,
12918764,14538,1156492,1047626,322205898,ransom,
18942514,85573,1467131,1230107,419466621,ransom,
15723009,36325,1801931,1359975,343476229,ransom,
9752713,12878,1151896,1004694,240687643,ransom,
16266702,19825,1496060,1332707,397617334,ransom,
14608830,37962,1559304,1194628,312866536,ransom,
14078023,22133,1388713,1151542,341339209,ransom,
12103086,13839,1204673,1113953,298468521,ransom,
14112727,17156,1259902,1121883,342474670,ransom,
14473907,36513,1688611,1208346,300361668,ransom,
14249084,16185,1238756,1140768,348062897,ransom,
11292761,13889,1041415,903720,276502014,ransom,
13064406,26136,1356563,1060555,279051930,ransom,
13572934,84500,1417013,1077742,287663045,ransom,
12859304,16799,1339857,1194418,310889624,ransom,
10588828,22550,1142867,960599,248943614,ransom,
15955239,44985,1807008,1040298,315010885,ransom,
15910320,28173,1497438,1090630,344576743,ransom,
12838741,15830,1154535,1008546,312027838,ransom,
14486787,30446,1276107,1057066,319728138,ransom,
13208091,33482,1541031,1085094,306710606,ransom,
14623413,17032,1430029,1279454,358963680,ransom,
11579054,12981,948481,855746,287740320,ransom,
17021542,42540,2053189,1481252,370977293,ransom,
13103147,74623,1273217,1105988,293712764,ransom,
11619029,43706,915712,784747,270359912,ransom,
14065855,17666,1299486,1143447,317348524,ransom,
16638200,42086,1984590,1471056,383029161,ransom,
12092054,14878,1096855,960738,296320298,ransom,
7659894,10031,766789,671646,184010323,ransom,
13153779,27848,1355137,1022668,276728968,ransom,
11408019,23380,1402694,1078370,274303650,ransom,
8808335,9987,603170,550702,217586735,ransom,
10278256,12364,1090942,945300,254206382,ransom,
13839081,45099,1701564,1146007,285237847,ransom,
11952549,18871,1039270,949863,292083087,ransom,
13625050,104408,942139,750915,290803287,ransom,
7426556,9490,832130,767538,160365462,ransom,
12506293,36094,1652266,1158109,279110418,ransom,
11078459,13109,985876,867468,269939522,ransom,
12198837,12859,1059314,951227,307024126,ransom,
13191741,37787,1677578,1190444,274089190,ransom,
12153956,13934,997511,888223,302192359,ransom,
13461226,16194,1565070,1399953,332582923,ransom,
11002202,13695,1038072,910183,266096025,ransom,
16367608,39706,1704843,1207006,350841763,ransom,
13794207,16306,1398122,1257085,337337948,ransom,
12850696,81330,999708,847917,277942776,ransom,
14281938,48208,1397072,1101827,295205166,ransom,
16059597,30291,1707467,1368823,385546733,ransom,
12141462,13379,1099181,1004964,300632769,ransom,
8986095,11101,840550,722670,221277368,ransom,
14982120,33615,1741013,1262347,326161106,ransom,
10720200,11767,917686,845580,265163936,ransom,
8958419,11078,994454,877168,219829184,ransom,
14597649,21450,1222048,1004399,319284105,ransom,
15985342,30624,1842953,1488085,387147455,ransom,
13068633,14166,1124142,1029059,323611058,ransom,
14144805,48481,1233681,1098876,327652498,ransom,
16403691,56151,1680636,1201918,339915319,ransom,
12238618,13082,994340,894010,306642426,ransom,
11226825,12047,1027551,931827,281363653,ransom,
12306841,19536,1144214,1048959,294330195,ransom,
16103614,37270,1874615,1413974,357936004,ransom,
9906950,11685,1038353,963850,244185248,ransom,
10944409,11459,1027373,915384,277308782,ransom,
16554422,34643,1850668,1457495,358999931,ransom,
12748477,16376,1190931,1029368,316137616,ransom,
12217312,12944,936556,822960,308253070,ransom,
16863967,81891,1349433,1167823,378273087,ransom,
16690792,35069,1783944,1319179,369331215,ransom,
11563340,12348,984477,899690,288238720,ransom,
14259736,14976,1181596,1065930,357477037,ransom,
14669721,29841,1512612,1174907,320188356,ransom,
13195014,20712,1341766,1100565,331558723,ransom,
12726781,13530,1309349,1189157,322125423,ransom,
12183082,12663,973421,875028,306631551,ransom,
15108832,38896,1693932,1202854,326754562,ransom,
10439070,11395,963756,876730,260707142,ransom,
11289650,11798,1152793,1025971,290214766,ransom,
20153354,109211,1614553,1369329,429784402,ransom,
11271277,32397,1399326,988608,254665655,ransom,
11800508,13082,940256,868408,290204608,ransom,
7209625,7506,602801,523974,184491029,ransom,
9578382,30500,1411634,970081,191784751,ransom,
11506929,13535,992050,918640,281207993,ransom,
11225200,11960,907982,830660,278775228,ransom,
5131240,5879,579671,520126,116085000,ransom,
7953224,37850,1117466,689626,159879228,ransom,
11088051,12304,983536,896898,276113931,ransom,
9723238,11270,855819,763444,241890651,ransom,
7569625,85518,635562,486480,126090700,ransom,
11661847,41763,1424166,997746,259470469,ransom,
10366623,11422,800713,730189,256845719,ransom,
4957596,5684,559334,501154,124912761,ransom,
10720775,31862,1345327,935302,217891589,ransom,
11274824,12510,978202,894655,278904564,ransom,
6750054,7702,628753,567419,168597296,ransom,
9050171,10578,811077,738428,207467896,ransom,
11561844,30688,1513306,1111060,258595780,ransom,
13084262,14038,1166075,1063126,326098059,ransom,
13120189,13867,1162741,1063984,326483246,ransom,
18177013,83725,1815943,1375278,365600258,ransom,
13727634,18075,1377517,1188969,339149453,ransom,
12154032,14547,1041306,930743,298922225,ransom,
13246486,15620,1177904,1073555,327210053,ransom,
17573617,38182,1990624,1502999,383776118,ransom,
12386903,13532,1056175,960430,309012419,ransom,
10902737,12291,1007732,922039,270084407,ransom,
17965884,20671,1404847,1263827,414948035,ransom,
12863659,33694,1739681,1264172,292320519,ransom,
4533842,5708,540276,496728,112204839,ransom,
7926591,38547,673216,597860,178006141,ransom,
15963316,74667,1805519,1337313,332876195,ransom,
6441615,8129,628678,546949,156610956,ransom,
11118650,12164,1008716,928246,274639483,ransom,
10966676,12276,1040518,951373,273023951,ransom,
11094218,34125,1413248,960162,229329525,ransom,
10089317,11426,952284,881219,247247781,ransom,
11886848,12887,918106,835782,294081032,ransom,
9546288,28656,1112368,844851,200796065,ransom,
7625857,19043,1067581,832434,183365085,ransom,
11551944,13510,955512,866599,283450601,ransom,
11836898,68732,982461,836589,259567457,ransom,
8749929,39728,1347694,915364,166590422,ransom,
11543762,13232,866904,790199,283194916,ransom,
14274767,16624,1275915,1152153,354671494,ransom,
10533806,11300,922195,830447,245248317,ransom,
13694337,33607,1620287,1178582,318264715,ransom,
14445910,15629,1343676,1206926,364377386,ransom,
9450387,10926,1005374,928134,233855797,ransom,
11831383,29906,1324046,971435,250403796,ransom,
16587050,18817,1642282,1440678,413323533,ransom,
10256879,11666,762797,697304,250353880,ransom,
12961327,267181,1072355,960743,323653718,ransom,
17785741,71152,1955355,1472398,374101726,ransom,
8821725,42010,624072,505915,205103783,ransom,
9375594,9673,929476,825969,240301529,ransom,
13865636,26950,1366884,1106376,299294275,ransom,
12087471,19303,1303677,1052884,300137161,ransom,
5692888,6171,531929,468714,145513497,ransom,
8492216,9548,905833,837851,210636321,ransom,
14014217,33224,1598949,1184304,305041468,ransom,
9760770,10229,773595,694158,244085858,ransom,
10343909,11014,966224,878253,259264496,ransom,
15251652,26308,1406362,1157975,336791899,ransom,
7152771,59577,1176544,883421,146569289,ransom,
10342201,267185,859334,764527,242964595,ransom,
12943635,100489,1068928,978703,320939599,ransom,
17205088,43845,1958078,1473668,375030269,ransom,
15070202,16724,1284116,1165304,373193276,ransom,
11705591,12998,1143619,1044753,290539855,ransom,
13180049,18650,1022570,912844,302985786,ransom,
19735274,39694,2194930,1712379,466506860,ransom,
11605084,12839,1164250,1064152,288622332,ransom,
10381907,11995,870080,781398,256872477,ransom,
21424999,49997,2096524,1659464,477202916,ransom,
14062529,78351,1388519,1156966,306917716,ransom,
9657799,10656,783015,707708,239595022,ransom,
17588414,18856,1500836,1364112,438805853,ransom,
13873070,34900,1724039,1227756,289174499,ransom,
8922192,10461,868762,783717,222318735,ransom,
14639942,16057,1361566,1251512,364574532,ransom,
15019690,25541,1473170,1234649,330343408,ransom,
10887905,24750,1493062,1123357,260062812,ransom,
12571866,14746,1211611,1101612,313354297,ransom,
14292823,15672,1231989,1132713,353529626,ransom,
13626210,36849,1452824,961094,277984419,ransom,
12262853,17222,1232392,999727,292751050,ransom,
18116112,110813,1555808,1153941,385624540,ransom,
15620373,34334,1387950,997834,351121127,ransom,
14667670,38596,1877391,1341974,304174817,ransom,
14784731,16691,1273645,1164500,364641502,ransom,
12864735,14045,1114003,1027127,317642588,ransom,
11274768,27610,1098388,814895,229850020,ransom,
13582390,22924,1345083,1064854,332667262,ransom,
16350892,18695,1558616,1439331,403584673,ransom,
10360236,11611,917336,840947,255487882,ransom,
15797250,37409,1788509,1312548,344879405,ransom,
14213459,15779,1271448,1151432,354772066,ransom,
13115219,42898,1165648,1040657,310252984,ransom,
15193064,64001,1311228,981001,307938248,ransom,
16092348,29794,1749476,1441312,391481556,ransom,
12064510,13487,1044560,948184,299967164,ransom,
14107226,16418,1324831,1225328,347880368,ransom,
14287704,38600,1747894,1240507,301919822,ransom,
11989400,13629,1199698,1099120,297723113,ransom,
15231722,16766,1246206,1143774,375679927,ransom,
11249877,12718,1042783,957580,276949886,ransom,
11341419,34800,1702084,1192133,228556787,ransom,
14840338,16521,1159912,1069587,364971384,ransom,
12853922,79143,1269681,1119171,287148930,ransom,
14199369,56962,1317047,984538,293700591,ransom,
16054924,26051,1617213,1315405,392648622,ransom,
12519752,13022,1139425,1041973,314479336,ransom,
9890357,10059,803418,704253,253066758,ransom,
18840227,104515,2080638,1541262,428485186,ransom,
15540280,86338,1247637,1140542,384886913,ransom,
10298076,11521,978760,891779,256462627,ransom,
15486485,19871,1144442,991057,352642929,ransom,
17378324,34517,2017226,1555773,411264669,ransom,
11367077,12535,1057953,964575,283520685,ransom,
12299386,42624,1048392,926706,293207415,ransom,
21983147,114527,2329019,1737308,457998021,ransom,
10824139,12142,884158,806924,267505183,ransom,
10169976,11940,1068423,964598,253931041,ransom,
16762285,18246,1436150,1328201,395542502,ransom,
12491057,32742,1642952,1198299,274690084,ransom,
9414050,10380,903771,830584,235127577,ransom,
14515210,16564,1368710,1266802,357535429,ransom,
14038392,33590,1415806,1063523,294203240,ransom,
11442113,13080,1115405,950859,285177613,ransom,
16042323,17834,1448570,1343774,393638469,ransom,
12088067,13600,1118327,1027075,297764493,ransom,
13630954,94091,1176542,804699,251008554,ransom,
13818044,19227,1424950,1198756,340943147,ransom,
12814188,13506,1198880,1091643,322158573,ransom,
7588374,8957,868990,809016,187306105,ransom,
10861512,34888,1258016,806522,210705682,ransom,
17628783,19076,1571561,1449220,438478296,ransom,
14557986,14791,1286124,1146435,371687635,ransom,
10109180,14660,778693,657082,217348272,ransom,
7761831,26848,1424098,1014277,179903959,ransom,
16996079,18498,1396715,1289076,418576075,ransom,
11810660,13350,917400,829633,289950218,ransom,
11553255,39854,1405660,932288,235198175,ransom,
15802779,113450,1261274,1049953,349185414,ransom,
12402463,15200,1254983,1132920,309532568,ransom,
10306714,12288,980279,900002,254240254,ransom,
14277550,45297,1861502,1347386,302851207,ransom,
20066213,22824,1513784,1368308,498039521,ransom,
9122146,8809,886145,787865,235570383,ransom,
15967354,34530,1376576,1061948,343235860,ransom,
15471317,40983,1904399,1443757,371961827,ransom,
11667987,14717,1008479,909808,282546131,ransom,
9875763,13568,1014376,896379,239536963,ransom,
18328250,40716,1971687,1497636,399407231,ransom,
14264562,51769,1177700,911457,329077455,ransom,
13023949,56589,1087517,938059,300008544,ransom,
18593700,35364,1786004,1527652,446136258,ransom,
14007200,285692,1723812,1275626,301344542,ransom,
12305479,97166,920057,830333,306332544,ransom,
16625963,18346,1570998,1453754,411010762,ransom,
13608627,21062,1266582,1076320,299154146,ransom,
13749251,28545,1590804,1224544,330011937,ransom,
14585889,15786,1264315,1160892,362671742,ransom,
12222262,13517,1085469,994330,304388179,ransom,
7022677,28311,1186526,791976,131125227,ransom,
8342104,9654,792487,679374,205679859,ransom,
14123911,90652,1038511,882617,304708098,ransom,
7338236,8036,838062,757690,174716101,ransom,
8584812,33337,1115155,673049,173000116,ransom,
11618432,12949,969885,880024,288953707,ransom,
4391566,4728,531133,479735,111910492,ransom,
14466957,31246,1344824,1065279,312538635,ransom,
8544245,17577,1031801,764730,206761635,ransom,
2694678,3473,418494,383342,67555648,ransom,
11613603,12927,988928,909197,286622616,ransom,
16802920,39946,1734382,1255080,372816428,ransom,
2964486,3548,568719,519634,76597136,ransom,
12730349,101677,870145,750516,267495197,ransom,
12029302,25189,1085521,926311,268398654,ransom,
18464025,306513,2120145,1653731,435342315,ransom,
12780625,139195,1152999,1057920,314624644,ransom,
9611922,10925,904163,829783,237848943,ransom,
19169440,42299,2091102,1622663,421546153,ransom,
14077451,16608,1337845,1179754,348186621,ransom,
8744531,10318,797972,730595,215819909,ransom,
17387467,20523,1402773,1269684,409270937,ransom,
16715491,39058,2083237,1583784,385219567,ransom,
8017625,9388,735132,665695,198212244,ransom,
14391358,24100,1153078,1038748,350452353,ransom,
23417658,121910,2363132,1813719,484924922,ransom,
5742634,8273,679391,591973,141649568,ransom,
14376033,16158,1258735,1138928,358871846,ransom,
18459777,20893,1709451,1576998,454088092,ransom,
10282042,31645,1296203,862013,209678731,ransom,
14249141,15433,1152129,1043953,353435721,ransom,
19909190,21609,1875108,1737092,491568722,ransom,
8552975,16603,978569,738999,167661641,ransom,
12456878,26282,1236877,970344,303522685,ransom,
9607458,11865,1194174,1098960,239043530,ransom,
11213495,12577,856631,795621,273648437,ransom,
11659738,76788,1283114,880703,211966776,ransom,
2273255,5691,382132,259584,55552044,ransom,
4476957,5439,346697,322176,108908697,ransom,
5591177,6513,525728,466463,133953371,ransom,
8231581,27648,1210942,817166,171201999,ransom,
5168777,5660,483341,434613,130594447,ransom,
6040477,6801,500433,462578,148303457,ransom,
6361097,18415,856597,595725,129862219,ransom,
4272499,11231,619868,441815,102359046,ransom,
6765583,7853,562765,500337,169465960,ransom,
7391299,59762,637917,531849,143665507,ransom,
8782365,35088,1127526,720132,180562023,ransom,
597522,994,159535,148801,15033319,ransom,
8348284,9177,762223,693521,208167331,ransom,
4177786,9403,447862,298086,75747563,ransom,
5552568,18174,821867,567399,131658669,ransom,
2466811,2913,262716,240011,61631232,ransom,
6687884,7653,558322,511008,165404353,ransom,
5077295,27510,978947,590597,91313784,ransom,
3806414,4551,342325,314941,93853247,ransom,
2832584,33352,217105,168572,50117577,ransom,
9692463,50534,933807,678742,191082183,ransom,
2606568,15779,602958,373932,56832672,ransom,
10489682,11820,971136,892628,259996040,ransom,
2154661,2246,236610,209289,57480765,ransom,
11715631,47756,1420624,962855,243322157,ransom,
8219312,9161,513126,456403,203626782,ransom,
3631052,4566,749223,689648,93734831,ransom,
11240785,12661,952568,872872,277490286,ransom,
17588800,39003,1857519,1404064,394195320,ransom,
10519899,11917,925338,840677,261466866,ransom,
16751302,83688,1407819,1207350,379146216,ransom,
16864306,35500,1802182,1350268,364571204,ransom,
12047720,13384,1051709,962613,298744860,ransom,
13230506,14636,1251010,1148092,329627475,ransom,
14199076,15657,1211427,1109979,349989026,ransom,
13779724,34834,1639992,1210641,296284887,ransom,
15947512,17332,1431503,1321812,394496808,ransom,
12741826,17410,1197533,942324,303021188,ransom,
15066388,36931,1719192,1041973,312535446,ransom,
11419213,19307,1252383,905693,259915591,ransom,
12685743,17972,1128099,960457,300836007,ransom,
13014243,35204,1144129,1029845,312541159,ransom,
13998465,74862,1456396,958359,266920782,ransom,
14898400,16142,1268283,1163125,371285423,ransom,
12877133,13456,1178573,1065902,324720273,ransom,
14563277,28597,1307063,1047854,318011023,ransom,
16251803,28595,1554524,1236437,395798969,ransom,
11421251,11919,1020939,926396,287326865,ransom,
13598825,14885,1292259,1192273,337679702,ransom,
16861000,39813,1843336,1352405,369530910,ransom,
13435937,15396,1131283,1036723,332851313,ransom,
14356666,16159,1429728,1319855,356403250,ransom,
10524721,13740,916366,785291,228237276,ransom,
13873778,102116,1697147,1203639,285211874,ransom,
18077688,40810,1540778,1404332,436906242,ransom,
12509714,13985,1022842,936250,309268376,ransom,
9920624,10979,1046193,963160,248574385,ransom,
16534174,42927,1910952,1378135,364941836,ransom,
13677548,15399,1180655,1078304,340099981,ransom,
16596473,18340,1399228,1288858,411136657,ransom,
12280472,15771,1150702,1035258,303140078,ransom,
16480183,41045,1856598,1346011,348915424,ransom,
11473718,12489,1130702,1030727,289764522,ransom,
16079181,18058,1324740,1209427,397466362,ransom,
12803150,24624,1349241,1084896,276304490,ransom,
13061696,42761,1499558,1200431,309438767,ransom,
16574071,86640,1210561,1061060,371959384,ransom,
9464820,10718,1057667,979574,236502179,ransom,
16641703,43009,1859603,1352874,360097712,ransom,
16106617,17972,1402193,1284949,399440663,ransom,
8939614,10492,959542,884573,220842062,ransom,
14496139,16537,1085833,967964,336049665,ransom,
16866580,36489,2088825,1631124,394051942,ransom,
10742475,11678,934140,861420,265278955,ransom,
11641063,25679,981897,896501,287947006,ransom,
19528126,50098,2058633,1543793,430005914,ransom,
11040315,12158,959077,875618,274390818,ransom,
14083947,75039,1075894,913278,310759349,ransom,
17321150,19560,1376935,1254489,404111881,ransom,
11513973,32094,1603645,1166176,259165170,ransom,
14575903,15912,1239088,1127701,361800081,ransom,
15390108,16828,1474100,1363337,382436074,ransom,
13269228,35172,1522868,1109571,274837086,ransom,
13870939,15923,1318104,1158669,344821287,ransom,
16236787,17641,1409852,1290254,404715525,ransom,
9432680,11217,895327,822679,231944144,ransom,
17667643,39759,1973051,1483784,392054075,ransom,
14877148,16309,1339500,1226680,369516955,ransom,
9882225,11191,900522,817868,246160398,ransom,
21488964,110809,1679474,1298754,440601998,ransom,
14923426,30996,1800901,1467627,362937587,ransom,
9549128,10749,843807,768968,236348779,ransom,
14425018,15967,1205806,1088320,360133213,ransom,
18040471,41138,2058308,1536786,395651835,ransom,
11249425,12938,911031,820685,278751116,ransom,
9741580,10629,911758,825068,245509852,ransom,
14314922,15274,1258291,1155230,341666830,ransom,
10757776,34288,1659411,1191091,229834339,ransom,
10405458,11671,911685,820140,259893436,ransom,
14405713,15592,1372181,1259235,361194252,ransom,
15394657,51887,1319644,982178,321073310,ransom,
16066918,100440,1611912,1278026,352038602,ransom,
12139779,13596,1149296,1058926,301099679,ransom,
14361988,16078,1228181,1128095,354326607,ransom,
14108224,14918,1189479,1084814,324892051,ransom,
14379739,36425,1791609,1359346,328182686,ransom,
14024463,15162,1200321,1087659,348980492,ransom,
13094844,14388,1107368,1022000,322545985,ransom,
14583931,34827,1685325,1280956,308316146,ransom,
14880843,17207,1431736,1280131,369390997,ransom,
12875150,14477,1149813,1060534,317531238,ransom,
9281089,10037,647613,567824,232375423,ransom,
10771607,93663,1354016,947185,182599327,ransom,
10702736,15119,1082581,937382,264187631,ransom,
12699530,13675,988588,897027,315787137,ransom,
9445384,10565,957170,867839,237612235,ransom,
9154876,31422,1290679,851480,177260461,ransom,
9271373,10407,727640,672185,226288532,ransom,
10361922,11007,796494,710490,260182372,ransom,
10817954,25368,1428156,1100388,234911485,ransom,
12891177,22361,1223821,996608,308373234,ransom,
9138913,9926,823154,752266,227040336,ransom,
2232571,2607,348126,308361,58956000,ransom,
19139858,125872,1632511,1203638,382924536,ransom,
15332359,23506,1555752,1328522,375500936,ransom,
11521637,12956,1046678,961109,284544324,ransom,
14827872,16167,1331199,1224701,368788342,ransom,
16102284,38492,1899329,1394500,344769438,ransom,
12669917,13703,1087656,993703,313897546,ransom,
14511201,15929,1181112,1081185,358169749,ransom,
13211351,20469,1202699,1097229,309568973,ransom,
14053454,37153,1747679,1239567,305610206,ransom,
14289500,15850,1387467,1279426,355541527,ransom,
12255025,13304,1080052,983146,305220976,ransom,
15638586,115273,1366050,1061133,300528752,ransom,
14368337,26845,1784524,1471369,351027129,ransom,
13658806,14838,1057835,963175,338629799,ransom,
9877134,11264,1058159,972910,247619341,ransom,
18067259,39238,1973468,1500337,395044172,ransom,
12533007,14686,1237596,1139801,309712611,ransom,
9409893,10906,860772,794735,231341287,ransom,
14379149,18584,1259189,1118288,334696938,ransom,
19548747,38013,2239290,1778486,461157593,ransom,
7766366,9491,770075,700759,193710906,ransom,
13808015,16461,1223359,1102107,343568009,ransom,
19011047,96471,1566296,1202756,384576592,ransom,
8423592,14795,887524,610679,214137279,ransom,
7057895,6529,527562,433241,188865001,ransom,
11991107,12510,1051986,934582,307721754,ransom,
14366933,34587,1554803,1046332,332641576,ransom,
9054285,9361,756224,676888,230680254,ransom,
9032254,9747,770545,679303,230578540,ransom,
12936226,16532,993633,785184,310116830,ransom,
9447935,44909,1227337,837494,225625947,ransom,
11866875,30447,833888,686548,307381688,ransom,
12625756,15976,1172639,984648,324968926,ransom,
13846655,92671,1476539,972668,261565078,ransom,
10317192,11679,820110,652595,268416549,ransom,
10644296,10277,813675,718215,273829557,ransom,
12433381,20893,953278,783969,294603331,ransom,
9519921,28969,1371647,912822,207798272,ransom,
13371161,14998,1109913,1022978,330697630,ransom,
13866775,17288,1375997,1209711,340758500,ransom,
11058926,43262,1387099,1060290,219364302,ransom,
10688982,14240,1009336,794523,260832248,ransom,
11922121,14406,1040259,905785,291819555,ransom,
7999461,9131,764812,693873,199815267,ransom,
14380308,87615,1746841,1169188,269222652,ransom,
11591373,12695,971740,893260,286232085,ransom,
11050366,13306,867870,740202,269696323,ransom,
11230241,20429,1232514,999334,247268189,ransom,
13815494,28671,1659757,1310527,330630690,ransom,
11997459,14586,1033440,902481,292746430,ransom,
10037424,15150,1218364,1118690,250089887,ransom,
17943539,40691,2031642,1496727,388184425,ransom,
12175985,15098,1123701,984938,296834276,ransom,
13001197,14287,1115873,1012898,324543436,ransom,
16501878,20618,1410858,1247249,383017937,ransom,
16218506,98277,1867226,1330650,327868432,ransom,
12991907,116795,1137927,987684,317854171,ransom,
14118067,17114,1243658,1100512,343857927,ransom,
13505390,18690,1037253,911904,302028641,ransom,
13671427,33984,1782687,1308816,317782961,ransom,
15334786,16664,1313159,1209498,379420180,ransom,
12527523,16065,1002894,867942,306507878,ransom,
15925934,44036,1798524,1299046,335082192,ransom,
14700509,17878,1470898,1289407,366408064,ransom,
11427308,15581,1038968,902999,278672914,ransom,
14554950,16223,1237887,1123151,350312126,ransom,
17131646,38407,1895002,1372954,386029311,ransom,
11128391,18135,1084537,832361,258764590,ransom,
12363436,17373,1240697,897106,285930341,ransom,
22287326,108642,2195429,1374159,419938579,ransom,
11490853,15048,1361141,1118120,282818133,ransom,
9085345,11984,1059216,921364,222910759,ransom,
13017733,16545,1229466,1081896,317513015,ransom,
13684039,35169,1571937,1113184,283966329,ransom,
14511952,18444,1231386,1072635,354668991,ransom,
12944868,14484,1137833,1049444,318657546,ransom,
12169244,27993,1226331,843713,254647397,ransom,
6277143,14736,947654,716625,151555416,ransom,
12076675,13979,1118905,1034356,296206483,ransom,
11222742,14021,915221,780909,275133590,ransom,
15329406,102131,1655694,1133237,297697648,ransom,
17006500,22727,1535081,1356526,419693457,ransom,
11384499,15580,1033585,893143,278953568,ransom,
12174151,14479,1014710,906661,274962513,ransom,
15618753,41433,2086847,1496880,358148665,ransom,
12195660,13000,1108923,1014615,304690011,ransom,
9492403,12895,1024854,894789,231903434,ransom,
15405308,37159,1626845,1169088,329528667,ransom,
12245414,20602,1381945,1157175,302152835,ransom,
10855074,14802,825219,677137,269242795,ransom,
15809847,44370,1389984,1261461,377002183,ransom,
19635744,118195,2046922,1434773,395369652,ransom,
6788082,13438,678388,539467,167673028,ransom,
10258828,11749,969254,892232,253248735,ransom,
10034624,23197,901916,699990,213731613,ransom,
15502876,32482,1856365,1451254,365717649,ransom,
13717665,18672,1200311,1055222,333754595,ransom,
9310650,14483,699829,544327,235347574,ransom,
15376060,37625,1999325,1499793,338352442,ransom,
11391828,18714,1247852,1085039,281008573,ransom,
861858,4017,438264,393151,22984317,ransom,
3713689,25183,1229236,1028588,68560888,ransom,
1977340,42000,731812,240674,13534978,ransom,
815583,5880,251109,37309,4070713,ransom,
1234384,12399,352291,53853,5951763,ransom,
2994976,78397,754585,224077,19397033,ransom,
0,0,0,0,0,ransom,
17792840,19442,1610585,1454818,443488740,ransom,
11722728,13280,1029605,930633,290540238,ransom,
15208300,35942,1840424,1378439,330058049,ransom,
14499497,16414,1401987,1279647,359587620,ransom,
10089206,11627,871277,792516,246967678,ransom,
18183741,95651,1427602,1178276,373735161,ransom,
15612461,36365,1954792,1554860,367711635,ransom,
11072129,13246,960164,862650,274667804,ransom,
10712090,11973,1004341,915332,266912313,ransom,
17801480,46943,2024600,1514638,387441736,ransom,
14682880,16550,1295892,1170050,363386464,ransom,
11440941,12513,1018978,922244,285822983,ransom,
12054377,13537,1103483,1016809,292116387,ransom,
12156955,36883,1570658,1146125,253723680,ransom,
8253,242,5257,178,52633,ransom,
10184352,11723,764924,678109,252034931,ransom,
2547455,25261,831413,455087,21472125,ransom,
6494619,7735,599436,539145,161041975,ransom,
7683002,95950,713506,574021,150802735,ransom,
10264735,11553,771017,706548,248806695,ransom,
7618777,31010,1207322,782133,151594033,ransom,
5990007,6972,463538,435727,144672033,ransom,
16374530,70612,834792,738266,324596868,ransom,
3100649,20807,720810,453760,36662853,ransom,
8138046,16279,857507,671673,198148805,ransom,
4940664,6015,597018,527454,127359534,ransom,
14511348,16166,1371979,1241847,363966379,ransom,
18527685,43116,2097816,1621532,408745267,ransom,
6722283,8051,531762,479789,164764653,ransom,
15538965,95034,1236113,1071354,339802515,ransom,
22082956,33830,1967501,1641887,500879882,ransom,
6130573,17874,968378,727298,145170887,ransom,
8440099,10709,903461,819501,209978509,ransom,
14744533,16863,1322116,1206800,363561359,ransom,
14479668,35550,1847946,1401371,314474307,ransom,
10136605,11729,901536,814016,248975109,ransom,
11138984,13300,968501,885272,273008559,ransom,
14318640,15984,1212546,1100110,349935833,ransom,
15243261,40998,1724986,1240914,335631459,ransom,
12902145,14945,1201666,1091374,318973061,ransom,
14820152,66305,1184151,1019879,330707852,ransom,
11919979,31462,1166006,971305,255576815,ransom,
14389427,28452,1785190,1418225,344893603,ransom,
14746086,16826,1379195,1258508,364316189,ransom,
11627423,13322,1049845,960941,285852416,ransom,
15232103,35061,1788850,1335206,324073768,ransom,
15184844,17122,1317786,1197596,377294899,ransom,
11986121,13504,1271186,1158740,297537840,ransom,
14955177,17401,1067057,965413,341969635,ransom,
12206891,33777,1617637,1189968,275384089,ransom,
14229028,60505,1264733,1107127,325694882,ransom,
16654651,38938,1297921,1175823,393949885,ransom,
11363154,33221,1426685,998819,229542060,ransom,
12616235,14492,1061804,958409,311659935,ransom,
14957361,16758,1411317,1285268,370296852,ransom,
12247353,13674,1102738,1007668,279266686,ransom,
14398226,36940,1643241,1180906,328113908,ransom,
13471703,15247,1415045,1303864,332560908,ransom,
9318152,10666,920105,846232,229087871,ransom,
12730209,32937,1494401,1074009,269966288,ransom,
13577526,15551,1264995,1161221,334446622,ransom,
12380035,74611,1124877,968526,266472694,ransom,
11018329,12627,1080120,986724,271504075,ransom,
17930526,47281,2022464,1496163,397487865,ransom,
13734650,13947,1158498,1029957,347480954,ransom,
12819324,13642,1150708,1025528,323245356,ransom,
17000911,34778,1870905,1472764,369536578,ransom,
13689338,21787,1346485,1130452,334180352,ransom,
10930427,116259,1003966,916496,269125891,ransom,
13868076,15270,1282595,1175096,345405896,ransom,
16073212,40363,1785193,1290422,342737611,ransom,
12469269,36425,1189023,1073199,298132015,ransom,
16658745,82110,1301439,1143016,377393420,ransom,
16186660,28593,1550953,1257585,348607535,ransom,
10931917,22734,1369743,1106216,265429343,ransom,
14571495,16785,1128036,1015273,360281697,ransom,
13380701,15389,1252537,1159999,329682886,ransom,
13531656,34287,1710357,1264605,292672275,ransom,
14371476,16114,1226102,1119149,355264462,ransom,
14345878,15853,1296974,1193183,353893040,ransom,
11422532,13032,1078254,988396,273705653,ransom,
12793367,33620,1677618,1216297,274934743,ransom,
15660481,17542,1444670,1327030,387786730,ransom,
13883408,53162,1060902,932417,322083868,ransom,
14781136,67647,1784374,1327519,298755932,ransom,
11976422,13969,1165136,1015761,301552065,ransom,
11432344,12540,1137692,1047549,285219499,ransom,
11636174,12829,811483,743631,285241564,ransom,
18403216,46872,2100600,1590423,408843789,ransom,
13122771,26130,1285808,1174098,329700712,ransom,
11571498,13511,882568,786871,284146272,ransom,
10250408,21979,1332878,1054741,221296397,ransom,
1621628,9118,912418,700283,43875502,ransom,
20705707,22687,413766,343597,507421859,ransom,
18890272,80195,2106292,1895666,428223450,ransom,
9350383,32925,1350766,943929,186711689,ransom,
13050398,15670,1180941,1046361,326409131,ransom,
20601631,22743,1747890,1617704,508511336,ransom,
7612386,10155,707327,639717,162662975,ransom,
11886605,33605,1650336,1179369,271227601,ransom,
17044821,23465,1479641,1330005,424270613,ransom,
9978715,32796,1064815,893623,235390636,ransom,
10009184,30065,1339478,904099,200648881,ransom,
16160898,18122,1389687,1270725,401269207,ransom,
15364726,17330,1278416,1171334,380497438,ransom,
10382582,78508,761011,636645,213613335,ransom,
18295941,55286,2066274,1535431,399668933,ransom,
17453891,19784,1499366,1373133,430649635,ransom,
10989831,13086,1101484,1020567,269226080,ransom,
16143618,293477,1610779,1242652,342525429,ransom,
13250670,21346,1189889,978164,322106067,ransom,
11185320,14076,1344261,1249412,273934828,ransom,
10340677,12442,980318,910466,252466981,ransom,
17133434,45055,1837213,1352843,365286431,ransom,
9128200,11073,870571,803139,222729081,ransom,
14001102,16234,1170087,1068701,343905818,ransom,
20057735,89876,1664986,1446507,425455917,ransom,
4254829,22738,1159821,749780,85578610,ransom,
518629,685,180613,153460,15885660,ransom,
12664211,14454,858803,789237,308601987,ransom,
3026785,20161,1245959,852555,44724484,ransom,
17485174,19948,794625,725956,424367084,ransom,
6985215,8771,812107,756623,170161243,ransom,
9532826,11899,786409,702256,219149591,ransom,
21247641,44223,2272228,1741814,502690042,ransom,
10763453,11836,1039056,945119,269402769,ransom,
8783839,9825,756681,662895,221840940,ransom,
22554622,90037,1851102,1590581,497204949,ransom,
12945553,60024,1581207,1149393,286633569,ransom,
8353411,9583,859423,770340,210210044,ransom,
15602666,17112,1285311,1179950,386696529,ransom,
14829416,27817,1546127,1207381,321680886,ransom,
9733591,19350,1299747,1041026,240601264,ransom,
8573397,8996,1067350,975184,218209021,ransom,
1004731,861,306272,262568,30093723,ransom,
15706756,36287,1279793,766052,345477672,ransom,
26145715,32551,2320392,2074307,627448623,ransom,
1446372,5179,362923,104852,15277603,ransom,
15587798,27737,1583205,1113101,335629521,ransom,
31183925,141517,2856781,2265321,675028772,ransom,
3086623,4341,362689,330072,75080327,ransom,
12454560,13826,1055084,936742,314401100,ransom,
22965500,25151,2066472,1902115,555695474,ransom,
8054758,30483,1183204,732752,149513079,ransom,
2524680,7187,783194,689124,68733511,ransom,
1768526,2907,831260,755542,53317173,ransom,
14167349,27952,548388,328819,319619480,ransom,
29151199,50078,2690878,2279212,695340297,ransom,
1394129,2188,155811,132797,33774536,ransom,
6625580,7045,578896,512356,169170888,ransom,
18590765,87410,1688765,1292194,375293116,ransom,
6032386,29083,822902,556214,137375107,ransom,
8199339,9120,744723,678872,202993263,ransom,
4834489,5533,489584,434945,123262983,ransom,
10646308,31307,1307455,879745,219933206,ransom,
12176830,13238,968999,869007,304851517,ransom,
2106223,2472,289725,268164,53323069,ransom,
11019492,13642,968385,800772,259288381,ransom,
8507534,26488,1131443,800600,183892418,ransom,
9113099,10134,894593,828341,225053627,ransom,
8055114,252199,704012,634774,202280147,ransom,
8486215,171022,1061657,692763,131151917,ransom,
1295729,5375,573637,446953,34242704,ransom,
799887,878,368510,335049,24547801,ransom,
688956,982,297874,267480,19640888,ransom,
4899477,21296,1114793,743071,89309654,ransom,
15137663,17536,122680,61741,367174980,ransom,
21657022,25152,1899209,1788174,527284379,ransom,
5515729,17127,807644,501601,107781143,ransom,
15906838,30479,1529812,1285045,392902574,ransom,
15429728,17845,1437477,1307321,380946551,ransom,
8160488,9590,869250,793660,202327352,ransom,
13990270,86497,1286936,959538,263767777,ransom,
16749391,32856,1684508,1404593,410707705,ransom,
13043398,130296,1073584,970560,321326908,ransom,
8692234,9736,807907,732815,216148249,ransom,
16592006,37251,1884294,1432982,365970423,ransom,
13735966,15131,1221555,1100083,343232893,ransom,
11669478,13161,1040495,938276,289520373,ransom,
8465884,18265,1281069,1079693,176494131,ransom,
2116454,20030,945916,664016,48830300,ransom,
8235374,9424,322681,266001,203624442,ransom,
27424436,30155,2084438,1917798,672102258,ransom,
7673158,87357,876587,532763,100245146,ransom,
12213619,17021,1317811,1091670,306708643,ransom,
19395547,22013,1707136,1551052,476402946,ransom,
8663806,10019,883104,813217,214028772,ransom,
16305126,35262,1880154,1429375,361980262,ransom,
17689416,20522,1478308,1354835,434427218,ransom,
9629368,11561,964816,881206,237323453,ransom,
13656875,16802,1121433,1007379,305693558,ransom,
4555137,21121,1504804,1106344,100994164,ransom,
472410,529,86501,70616,14900044,ransom,
27496345,31067,1465337,1302186,676208851,ransom,
14914458,77015,1577786,1333132,292590389,ransom,
5408094,21965,938153,603443,121873708,ransom,
19364620,21663,1805244,1650157,484381638,ransom,
14014398,15840,1021825,904213,346812246,ransom,
9256161,28948,1622068,1167675,189028478,ransom,
15281458,16310,1148906,1053555,382537326,ransom,
13862047,15967,1302896,1175496,345361876,ransom,
10712377,11782,925828,834847,251175036,ransom,
15988953,36414,1957989,1499105,369619156,ransom,
14699457,16817,1433826,1304272,367155339,ransom,
10651288,13301,765923,687644,258479938,ransom,
16718933,98931,1693391,1220932,327922799,ransom,
15804150,17875,1484633,1305718,396051567,ransom,
6033080,7254,803009,727166,152215519,ransom,
1266417,1265,379395,331912,38943205,ransom,
18948053,42708,1190294,763135,423080403,ransom,
14930418,17640,1709162,1578600,369958902,ransom,
7793439,8912,706474,639239,193952796,ransom,
10786345,17712,1068445,816440,236099969,ransom,
10700693,25621,1421990,1128337,257493322,ransom,
10895900,12693,888577,808618,267592868,ransom,
2400029,3102,272862,235587,61621125,ransom,
14788759,105431,1239392,908284,289670896,ransom,
13352692,28634,1522822,1178640,326421618,ransom,
11644525,12737,981643,898653,290140489,ransom,
8124495,9771,835067,770332,199437755,ransom,
12609279,35543,1431845,966566,260243090,ransom,
9690378,10855,1006199,902787,244378210,ransom,
6610956,7691,612692,563991,162539088,ransom,
14120107,18046,1130559,1001963,344557744,ransom,
14085022,42076,1639931,1130018,299975941,ransom,
13630721,15353,1122346,1005841,339475568,ransom,
13487184,18471,1407904,1258347,332764810,ransom,
12514577,58108,992006,847361,264612010,ransom,
15260716,86346,1738391,1236692,330994334,ransom,
13024023,16059,1154545,1029446,321869249,ransom,
8818174,11894,950403,832644,216953067,ransom,
14060541,16718,1202535,1068512,324569821,ransom,
15570789,39147,1849563,1366524,355293648,ransom,
11563547,13618,1010624,900524,282864407,ransom,
11223204,14854,1027248,894561,274047336,ransom,
21367763,43369,2271368,1689166,474217492,ransom,
10042571,13324,1055864,940381,245731170,ransom,
7294615,9148,556944,483991,177329472,ransom,
8924220,9880,847739,769790,224782988,ransom,
20315233,117612,2290171,1647818,416649248,ransom,
10842751,283337,1151136,902331,256940636,ransom,
13183632,123653,1260048,955633,320800826,ransom,
18040775,19210,1407551,1273918,447814434,ransom,
4773766,25066,1375915,961208,71023691,ransom,
842195,1184,409318,368891,25254823,ransom,
16167342,18420,498530,409462,394698803,ransom,
22439285,33693,2258809,1976466,509960272,ransom,
6352504,23610,1038911,727698,154599413,ransom,
9697189,11862,931362,846984,239742238,ransom,
11403646,13187,1078260,980277,284610579,ransom,
18919665,126042,1975732,1399441,374768804,ransom,
14153613,15938,1227455,1106028,352226730,ransom,
13410333,15386,1233648,1114461,332134373,ransom,
14286960,16575,1199773,1094710,350624115,ransom,
13574373,34972,1598655,1168980,284104245,ransom,
11009448,12593,1039232,939283,273801937,ransom,
14000498,15597,1333134,1213170,349325648,ransom,
9646510,24263,1319222,974500,202452546,ransom,
2517535,6811,874741,676652,74298136,ransom,
5386841,5946,139011,94528,135549857,ransom,
28476432,33417,2088337,1913340,696211215,ransom,
7922468,88632,880581,552856,109879010,ransom,
8289430,14811,1119861,884428,208687974,ransom,
24182506,26911,1952032,1784640,597201857,ransom,
6686427,7828,734172,691864,163139219,ransom,
8009126,26917,1257285,824096,153966835,ransom,
22514649,149582,2113270,1936263,558642846,ransom,
10405595,11444,791982,732865,256194538,ransom,
10924484,22140,930108,810262,239433249,ransom,
7771337,22856,1487404,1086435,175301085,ransom,
1847760,2779,683624,606365,51729036,ransom,
28003300,32137,1674283,1526632,685554615,ransom,
14484181,85180,1366228,950739,265221767,ransom,
2411666,5460,479000,345318,62564826,ransom,
24422166,26858,2039190,1852499,608912384,ransom,
13048516,15417,1152861,1067864,319286967,ransom,
6131832,24158,976144,575172,109094754,ransom,
22658514,25562,1905939,1729922,566430133,ransom,
14417926,16328,1375511,1280033,354073658,ransom,
7109742,12777,690115,531059,134433214,ransom,
19959614,295492,2198856,1808103,492245926,ransom,
13571829,80485,1068901,993033,330750570,ransom,
7955863,69655,484138,373394,160635862,ransom,
4670997,30239,1042697,612959,64118843,ransom,
9676323,10829,741152,676084,238631959,ransom,
6000197,6548,623962,564793,152870557,ransom,
12893369,14581,1000216,927887,302075496,ransom,
7154519,28511,1158966,730182,147443632,ransom,
4777184,5407,386492,353048,117331621,ransom,
7386427,11470,602069,445590,173859401,ransom,
5647793,29896,1209859,564043,81801035,ransom,
12227271,20113,1220029,892923,279550089,ransom,
4126196,11412,373617,220249,73835198,ransom,
11814119,82554,942544,791299,243052813,ransom,
5083068,52493,823687,393900,88522414,ransom,
9387876,11096,886937,806976,231731062,ransom,
2258833,2577,219395,191060,57645461,ransom,
12175974,26454,1260454,953573,263068214,ransom,
6479500,16471,807064,559498,157572415,ransom,
5588705,6783,587829,541275,138438616,ransom,
11438752,12583,834746,763845,282612154,ransom,
10973506,33978,1553321,1056527,234336722,ransom,
9525422,10478,779341,710363,236985091,ransom,
10736474,11631,1168747,1053759,273366337,ransom,
19852904,31284,1677941,1480221,459923676,ransom,
11397595,31903,1522034,1094171,261674673,ransom,
16071166,79145,1326672,1166714,369654787,ransom,
13040209,44441,1282775,1166694,307043461,ransom,
6029209,29777,1021181,571823,92334053,ransom,
1303000,1762,522774,470710,38845233,ransom,
24187490,27229,1545125,1389793,594823934,ransom,
13520910,15632,1191625,1099865,330050484,ransom,
4011808,26838,933522,507941,53078911,ransom,
19158099,21365,1599506,1439346,480231038,ransom,
17801884,20044,1502454,1377844,437458797,ransom,
5737882,19480,800198,524712,96489270,ransom,
14518910,23022,1516530,1275934,362277472,ransom,
20604450,35202,1673128,1513060,502168748,ransom,
8133990,63202,681676,568902,166449489,ransom,
10284188,30780,1389459,935875,212433520,ransom,
17858602,20237,1531165,1405668,442733775,ransom,
9487424,10475,972911,898457,235190829,ransom,
9315280,24659,779244,656722,201625320,ransom,
17249581,37281,1865368,1387094,407703611,ransom,
14829387,16272,1244412,1131549,369397585,ransom,
9255067,10472,880076,799856,232323891,ransom,
12001212,31698,1401175,956877,252289117,ransom,
12635638,14188,1227544,1125227,313919201,ransom,
9835601,10661,926888,856775,244298816,ransom,
16296839,78027,1175993,1009995,347463981,ransom,
17431984,41283,2086238,1536303,394508893,ransom,
11895950,13253,1080174,995997,294399245,ransom,
11305932,12475,982256,895185,278746739,ransom,
17998632,42957,1821061,1405427,396835807,ransom,
14228460,20259,1496029,1269320,350415713,ransom,
10672375,11875,898702,812797,264004160,ransom,
11124126,11953,1060506,952937,279694403,ransom,
16261214,40654,1939457,1416858,347007227,ransom,
9263146,10754,1037612,948733,229698857,ransom,
11072029,12353,1101547,1009250,277368488,ransom,
17502696,111593,1373729,1115158,349359287,ransom,
11860686,30773,1358397,1011566,278700556,ransom,
11998862,13370,1018144,930144,297261296,ransom,
13327909,14090,1185204,1081113,332771610,ransom,
17572966,41978,2023608,1530340,382736107,ransom,
12124879,13278,1089059,992854,301107723,ransom,
11197519,11943,974190,892646,277953084,ransom,
16425567,17847,1311457,1180629,388876760,ransom,
15221748,39173,1831797,1349100,346132548,ransom,
9930595,11056,983952,902129,245938292,ransom,
13603622,14736,1142688,1038438,338098271,ransom,
17778347,111891,1328502,1136563,369325011,ransom,
11453383,33009,1663857,1224061,258710057,ransom,
14292822,15744,1275992,1170017,354189221,ransom,
14473987,15867,1343365,1234660,357907612,ransom,
15917224,36138,1665569,1202868,337601692,ransom,
14820406,16511,1351065,1250237,366507695,ransom,
12672268,13815,1169978,1062929,315139526,ransom,
12147251,13467,1104942,1008309,296451826,ransom,
14851110,41607,1754062,1279283,315355948,ransom,
12517309,13783,1220513,1121129,310755298,ransom,
13488486,15027,1212332,1110617,333374424,ransom,
16403974,87182,1234131,994287,335585929,ransom,
11367388,28381,1588007,1223346,268246671,ransom,
4728788,4802,848915,797978,123412722,ransom,
691885,952,83898,68644,18729221,ransom,
24932632,48889,1966303,1434100,561555754,ransom,
11505836,13248,1134604,1057323,282676745,ransom,
9444266,10195,752401,679880,236561489,ransom,
12059183,13286,1238802,1133020,302071088,ransom,
16764833,41072,1866975,1358341,362565745,ransom,
7602870,8721,818616,760123,188842863,ransom,
13416657,14797,1143384,1055169,331040296,ransom,
20205937,113826,1421953,1174633,418184958,ransom,
9808025,26267,1404405,1048242,225833922,ransom,
8161873,9605,778052,714877,201712287,ransom,
12468275,14223,1209050,1125685,305780628,ransom,
15795189,33721,1804288,1378261,341030845,ransom,
11791349,14024,1046524,960153,288109313,ransom,
13118833,14880,1153744,1060847,323585091,ransom,
14582918,16231,1300454,1200415,342281405,ransom,
16198803,32922,1615183,1197585,369234536,ransom,
8370943,10079,1029837,958328,205765819,ransom,
12173670,13633,1075694,980281,302488221,ransom,
17169102,71759,1340203,1117350,354197256,ransom,
13768207,31582,1608683,1235212,327502631,ransom,
10236258,11275,1039120,954236,256936439,ransom,
14697314,16782,1278290,1166541,364803739,ransom,
13420442,21342,1137131,1038214,318317282,ransom,
12707689,37472,1445758,1131565,272303582,ransom,
15707500,26250,1637946,1364560,382510132,ransom,
13008967,14832,1188518,1093244,320145000,ransom,
11100294,12469,1030685,945594,275996386,ransom,
16562785,36613,1898935,1434867,354474137,ransom,
15067518,24294,1141347,1029572,367438173,ransom,
13297528,69513,935619,789303,296221643,ransom,
11884333,16164,1093935,934803,264936175,ransom,
11520110,28155,1552287,1179116,274801259,ransom,
11564065,12741,960289,856794,290670968,ransom,
10041486,11252,838037,761650,247996117,ransom,
16109879,34658,1717610,1237040,364956970,ransom,
9336975,9981,1004999,918167,237028248,ransom,
11550979,12558,988461,904964,286755383,ransom,
13377279,13710,979060,872590,320930235,ransom,
14972475,34304,1705605,1261873,338396095,ransom,
11659156,12985,970289,882608,289297093,ransom,
14814139,91658,1328270,1160223,328889467,ransom,
14821241,34280,1690338,1272057,323646702,ransom,
10580512,12336,1067275,962071,263656676,ransom,
14216572,15405,1149388,1050538,353953824,ransom,
12932313,14085,1100005,1004864,321239208,ransom,
14440695,34286,1855011,1411303,308739026,ransom,
13839308,15319,1140896,1048075,341117553,ransom,
10032728,10828,1213810,1118155,254775322,ransom,
14777827,25846,1145472,961948,331070992,ransom,
17187831,34355,2080215,1703197,412187982,ransom,
10478010,11569,799700,724912,258698369,ransom,
15859471,80840,1319513,1154710,353566071,ransom,
17460004,38555,1904296,1441687,383093792,ransom,
12209170,13532,1066196,985577,301935363,ransom,
8461568,16791,663279,567954,211220606,ransom,
6460959,20269,560635,415700,163009386,ransom,
15492136,65767,2078530,1445823,342957109,ransom,
33331578,62343,2387337,2140877,811129987,ransom,
1814436,3147,288520,263712,44050219,ransom,
12774224,33538,1521495,1096953,265824360,ransom,
22113637,26632,1916353,1718197,547721611,ransom,
6880421,8501,705840,636643,170799935,ransom,
15223603,19890,1390362,1269388,378555436,ransom,
20035895,103741,1897273,1371866,408116109,ransom,
9214781,10600,874560,785243,231002713,ransom,
10730131,12146,1026427,935213,269242881,ransom,
16299063,18116,1462187,1347302,398451887,ransom,
13450870,43550,1596340,1165878,284913968,ransom,
6360679,7408,749024,692242,159024588,ransom,
16764281,18679,1413707,1287795,416842902,ransom,
17402390,34587,1887659,1511861,381522878,ransom,
2402754,7427,529051,411143,59404128,ransom,
1267760,1633,566881,514544,37706780,ransom,
24907563,27275,1573412,1448945,611172371,ransom,
12287907,91157,1237309,863679,220920526,ransom,
7564867,22689,910370,727050,179720821,ransom,
18210318,22816,1452033,1226919,444204105,ransom,
14453609,18048,1551103,1206759,341198562,ransom,
13988708,41675,1739569,1053552,274446503,ransom,
16128356,23497,1341289,1082817,377616260,ransom,
17621602,19271,1605917,1490580,434045584,ransom,
7747762,10773,645510,548580,167114131,ransom,
13212500,31847,1761455,1346384,310008794,ransom,
15202737,17060,1373755,1262584,376207462,ransom,
9595888,11416,1031375,935575,236683754,ransom,
17269904,119834,1755749,1195346,327010771,ransom,
15657643,17794,1478952,1345930,389205788,ransom,
8933713,10407,676112,617722,217165987,ransom,
13551222,15160,1414222,1288289,339624049,ransom,
19216942,42392,2048717,1530049,422221903,ransom,
10419757,11723,825978,759992,254310410,ransom,
11492348,12616,1096457,1002268,285349041,ransom,
18428376,30329,1822784,1511364,412046688,ransom,
13613595,25675,1457215,1180152,327918041,ransom,
10274366,11756,942914,862398,254237923,ransom,
17841531,44777,1535695,1396099,429053819,ransom,
16551638,95950,1858608,1327936,324539675,ransom,
8867922,10125,767193,694298,219324973,ransom,
19021078,20832,1531879,1396504,470242761,ransom,
13291947,23068,1343929,1209411,298211076,ransom,
10695908,29309,1397397,987215,242563579,ransom,
15459643,17338,1440107,1310931,382973142,ransom,
13003994,15408,1146186,1053295,319960987,ransom,
12851016,31120,1519981,1159022,275890688,ransom,
15942666,22165,1511477,1265522,395561716,ransom,
12657930,63001,1161246,1064454,312187290,ransom,
10934785,12091,1074142,967423,274380133,ransom,
20797648,93275,1662836,1330818,433297873,ransom,
11886886,25103,1495259,1208825,291092279,ransom,
11276440,12979,1051930,935771,283766581,ransom,
13773639,15729,1333947,1224353,339507124,ransom,
13603462,36202,1642550,1192870,285574500,ransom,
11139526,11942,913322,824481,280547875,ransom,
13601963,20589,1350879,1237760,336413437,ransom,
11998357,13167,1102235,998479,289132394,ransom,
15395041,35836,1854920,1404933,347995792,ransom,
13855254,15282,1297699,1174405,346421321,ransom,
14155188,15886,1098381,1004754,347853794,ransom,
14998922,30110,1717528,1332065,327538144,ransom,
14959932,67900,1334249,1106410,334238549,ransom,
16210781,18218,1297066,1184775,398030291,ransom,
10954283,12418,990701,911390,270187375,ransom,
14098202,32426,1626375,1209749,302821972,ransom,
13667864,15580,1243700,1142160,337553338,ransom,
11551121,13519,1053175,961965,286075094,ransom,
11686816,24735,1215588,993990,247660235,ransom,
13374490,25833,1741637,1401422,335106447,ransom,
14826670,15377,1232326,1108229,373931708,ransom,
10429593,11853,820403,740904,255882513,ransom,
14179928,35077,1809159,1323254,310971465,ransom,
22308399,86135,1686183,1479522,510910567,ransom,
9502594,10953,823033,759989,232847999,ransom,
9480790,10922,891872,806933,219744884,ransom,
20899926,43855,2387275,1860640,490804714,ransom,
13014331,14469,1026976,941592,321125923,ransom,
8332758,9452,769026,698837,208047574,ransom,
20372206,42880,2193821,1706056,454750518,ransom,
14023161,16622,1198372,1067879,345355383,ransom,
8915609,10233,806162,732552,221180730,ransom,
16213306,20732,1460197,1333446,397579025,ransom,
17666514,71363,1999409,1451571,374412201,ransom,
10878151,81336,919091,799742,234011726,ransom,
16415762,18694,1406384,1283818,407931921,ransom,
14782215,17332,1237933,1121865,339368160,ransom,
12334895,37607,1632497,1146528,277183401,ransom,
15714855,17193,1343218,1232126,388262493,ransom,
13256147,14660,1216930,1124829,327309963,ransom,
12396340,33590,1412719,1012020,256704584,ransom,
15428604,21911,1444761,1212908,380048187,ransom,
13207639,14620,1197854,1098840,327859362,ransom,
11929279,13247,1075153,987441,294782832,ransom,
19180625,49582,2030747,1478441,428127538,ransom,
15943688,345354,1365677,1201806,350123069,ransom,
10219859,99194,726936,645225,255939842,ransom,
16227315,20464,1458352,1264668,371874406,ransom,
14922909,36607,1734477,1277677,353792718,ransom,
11325340,12692,1039534,953348,279729057,ransom,
10837141,11544,1028287,934514,273699362,ransom,
11493253,34441,1514970,1046919,230754650,ransom,
13582081,14510,1087517,989511,338267703,ransom,
244027,635,149006,139947,5708888,ransom,
7684286,8449,661251,598459,183302880,ransom,
6832694,25619,1137284,707777,145334222,ransom,
10614165,13597,845016,789775,256951981,ransom,
8534978,65149,504099,393763,174953068,ransom,
4973569,24345,1092497,685562,84540451,ransom,
14517225,15419,1193964,1097894,361373564,ransom,
581710,490,106781,91421,18082789,ransom,
12969825,14227,1067066,975745,314691828,ransom,
7092710,26153,1078054,648276,148574869,ransom,
7465702,8564,647891,605989,181424447,ransom,
4105931,4475,315751,270340,105027760,ransom,
4775929,22099,868843,486201,80510768,ransom,
17497772,18997,1406108,1278639,436199607,ransom,
1728000,2398,381831,358412,43876686,ransom,
12279845,73450,898802,762450,263626597,ransom,
5031435,28098,1028194,564615,87504063,ransom,
7902200,8942,545253,511292,190912664,ransom,
5995517,6568,465922,405230,152286153,ransom,
7725403,21896,979456,691170,155842817,ransom,
4647823,10287,524675,332374,120649699,ransom,
5452789,6489,506888,469320,133557756,ransom,
2091746,2132,191143,167148,53926592,ransom,
3375198,24285,777628,391283,50174821,ransom,
1528352,1737,167713,129119,41288598,ransom,
3189222,3822,246268,224537,77855350,ransom,
8822999,86917,869316,523447,157863517,ransom,
3854094,11021,557358,381815,94382783,ransom,
5189359,5285,451144,395262,134377428,ransom,
1297440,1516,85811,74502,32496553,ransom,
6335663,28358,1031682,609517,127316129,ransom,
1392095,1452,116350,100603,36165264,ransom,
4531158,4679,314216,267878,116839590,ransom,
1830129,9859,345583,191018,19891413,ransom,
6710162,19355,828263,544266,166928280,ransom,
273016,466,115332,104394,7617591,ransom,
5402364,16045,350075,281225,134526422,ransom,
7375356,83280,1056030,564991,117482200,ransom,
3534147,3618,305891,266893,91406415,ransom,
3233925,2955,242998,204606,86327616,ransom,
5203013,8975,408819,340224,118926049,ransom,
4757821,24684,901196,515679,101331281,ransom,
3864636,4715,318464,290033,94963045,ransom,
2376504,1872,180357,145196,65551502,ransom,
5473485,27814,984640,588430,101092667,ransom,
1889424,2592,162176,137594,49586379,ransom,
1631244,1964,107159,98632,39346369,ransom,
1165359,430,103280,74062,36434081,ransom,
6373167,98110,849806,396141,81028048,ransom,
2006072,1419,182728,139739,59560983,ransom,
6561140,7761,480244,431539,162632411,ransom,
9561630,126297,679925,581492,250429880,ransom,
3254607,23314,889311,531212,44656627,ransom,
2586180,2810,195551,166748,67174325,ransom,
250776,356,34412,32827,6083872,ransom,
3069308,21582,705085,343580,51870538,ransom,
1038150,1538,83818,68692,27067312,ransom,
3721684,3992,247844,205424,97263013,ransom,
962714,1436,140960,131477,23330361,ransom,
7825921,89108,1019197,554236,127657528,ransom,
104494,707,9560,1087,2597918,ransom,
4423301,4971,373314,335761,112480000,ransom,
3557527,4112,307658,269328,92717709,ransom,
5616742,25978,949889,573724,107023576,ransom,
2364791,2627,237074,197788,63530749,ransom,
3879277,4584,266695,237104,96712666,ransom,
3874563,23023,868144,488767,68144716,ransom,
6952431,8002,525733,465310,175315247,ransom,
852150,1375,142074,132126,21008843,ransom,
4112243,13415,367625,184295,78551184,ransom,
5402358,85630,1037669,383778,61281738,ransom,
7474600,15810,723188,453067,156729747,ransom,
3231293,12696,459512,254587,49043203,ransom,
7149918,8698,507187,464897,175186386,ransom,
4252016,23556,890956,478351,72522024,ransom,
1141527,1651,81367,67284,28397915,ransom,
7288979,8878,670360,597352,183929915,ransom,
4354202,14408,544571,347798,81398806,ransom,
3945966,14794,561567,346227,91289158,ransom,
4096702,4877,360736,331043,100648391,ransom,
7831921,9176,819774,760743,193547383,ransom,
4597105,22887,918337,544967,83976612,ransom,
8623296,69347,592790,457465,176486740,ransom,
4467365,5757,405587,365204,110863597,ransom,
2761720,6879,292731,204828,48288681,ransom,
6983374,24087,1021131,685942,161314933,ransom,
3845554,4587,503422,457093,98580318,ransom,
6673808,7613,411890,371452,163520497,ransom,
4058481,23835,868671,508950,69585558,ransom,
10213794,12527,978926,896281,250846445,ransom,
5543262,6543,625323,557303,141403412,ransom,
9832109,11665,858570,801634,238918786,ransom,
12870673,34863,1485809,1033986,277013509,ransom,
2522298,67425,192928,121910,20535506,ransom,
9492365,70083,869058,796067,234026712,ransom,
9495757,25162,1177796,877805,204191276,ransom,
10048057,17482,1107476,929786,241971536,ransom,
7741199,9183,604556,547017,190467185,ransom,
2303751,2967,279434,250034,58251579,ransom,
10000630,29860,1455742,1056061,207862292,ransom,
12093267,14597,964916,866157,299663751,ransom,
7496326,9499,814319,757937,183230224,ransom,
8652690,13332,724296,625074,190351823,ransom,
4570484,30544,937702,600592,88196447,ransom,
7978514,55086,603636,499624,161170630,ransom,
11584959,13171,938142,858839,287456166,ransom,
3485249,26132,872304,481819,46824119,ransom,
8718558,10825,801007,709065,216877415,ransom,
6708,203,3584,152,44309,ransom,
9031480,12153,769431,677824,211279157,ransom,
2079611,24391,795763,391594,28285039,ransom,
5102528,5930,370667,342107,123877989,ransom,
9517394,11410,830366,739365,239326118,ransom,
7732194,13632,748563,616701,164805051,ransom,
6820031,62038,953740,554873,136879720,ransom,
4337064,54637,329654,268164,76715930,ransom,
8094530,9165,510192,455862,201807229,ransom,
3812332,28646,1049946,633716,54345765,ransom,
7536700,8353,644989,590729,188576679,ransom,
3148904,5289,417801,362678,80596386,ransom,
13211987,22197,1074064,932561,304490333,ransom,
2148227,19839,638538,286237,32404982,ransom,
7195419,9006,674341,617747,177924402,ransom,
2691991,6641,300955,262440,57589329,ransom,
7571725,37960,962678,588786,141635708,ransom,
8579325,15313,662460,526689,212901968,ransom,
6515172,85577,663829,562273,120165713,ransom,
10944705,12262,939070,872283,269459399,ransom,
7575624,47304,1112043,618640,137395131,ransom,
10569100,12023,1012785,932807,262645562,ransom,
1830339,2307,154933,135158,46313878,ransom,
6828158,8194,587486,533057,158999047,ransom,
2377051,27286,809525,397540,29219836,ransom,
3609527,4541,222486,199220,86951750,ransom,
14484990,16834,1182040,1071143,359780639,ransom,
12238001,35872,1609633,1132663,264488238,ransom,
10386679,13024,1028260,950263,253970437,ransom,
4788416,61761,278848,208115,93404061,ransom,
3109914,37671,313920,262668,57296671,ransom,
13184808,36451,1565784,1112674,282591610,ransom,
8587634,9402,587062,518414,216602023,ransom,
7158974,9162,910437,830290,180346044,ransom,
11966707,23687,1149059,902891,256154531,ransom,
9429690,23282,890603,610567,224118690,ransom,
3132727,4064,562236,524502,79841643,ransom,
11262149,12583,940534,867024,277339652,ransom,
5608691,29965,928764,480775,96132293,ransom,
13035899,14926,1221881,1100523,328602732,ransom,
11733851,13022,974401,904254,288978089,ransom,
10719406,102728,862879,722872,203562953,ransom,
9718411,35157,1270975,826287,207866197,ransom,
3266251,3754,320007,281635,84057404,ransom,
8687198,9379,756903,698776,217024662,ransom,
9186015,33690,1333482,874823,183803048,ransom,
13994544,16504,1158336,1059869,344487484,ransom,
2092072,2303,352080,319068,57727309,ransom,
8481966,10339,710904,644674,208837480,ransom,
17981306,41654,1964778,1462718,401484239,ransom,
3305597,3683,234767,202802,83682463,ransom,
7620204,8406,738488,660292,195316747,ransom,
14250176,85929,1146050,986189,297008311,ransom,
10264545,51929,1277168,825218,216896142,ransom,
6577328,7259,612181,551223,165859569,ransom,
3481445,3832,269000,247845,87055955,ransom,
14487168,35353,1638510,1212292,312004894,ransom,
8899650,11786,885358,759578,219622727,ransom,
8963550,10320,738847,667438,223735714,ransom,
4997017,21997,518812,402388,91766440,ransom,
10916312,35293,1321579,856930,210241118,ransom,
13141402,15021,1074831,959534,331945660,ransom,
5115408,5968,556424,505520,130007918,ransom,
11710532,101023,970456,788604,227256751,ransom,
14515977,46464,1454076,1015814,329586331,ransom,
853986,1284,309745,287001,23723183,ransom,
7820683,9672,705214,632774,193281407,ransom,
14430843,37058,1433093,1009990,317542162,ransom,
8894426,9862,844205,774897,221247168,ransom,
6731244,8134,727002,681151,164639755,ransom,
5588900,6112,385236,337460,140755005,ransom,
6510650,25480,1103145,725249,119162079,ransom,
10985914,12353,1016213,937760,272221795,ransom,
8543507,9394,668558,594457,215647628,ransom,
10648579,53799,891867,735199,225241754,ransom,
12008296,43138,1503519,1112243,262985293,ransom,
5238425,6047,564416,499932,132820278,ransom,
7943837,8984,669845,621285,193287531,ransom,
8552043,25403,1139501,763769,172831877,ransom,
277289,668,218114,199052,7981824,ransom,
829692,915,333802,302105,25148224,ransom,
1343015,3998,331894,276218,26433917,ransom,
20941684,36135,1485526,1099862,492628052,ransom,
13633621,15631,1280428,1187097,336126782,ransom,
1064851,1787,264144,249531,25706070,ransom,
7662737,77001,1011640,574226,112376093,ransom,
7102498,7692,620365,545695,182432224,ransom,
9278414,11066,838294,782597,225913517,ransom,
6731840,7533,619536,565042,167526723,ransom,
10126946,28843,1484658,1081344,219275539,ransom,
9003780,10312,598130,552341,219594497,ransom,
13030024,14603,1017853,923038,323974584,ransom,
6107547,22854,1066908,774005,113498984,ransom,
5099176,8249,505387,398633,124162683,ransom,
6564720,7639,587437,532234,163588183,ransom,
5932017,6786,666589,600399,150442036,ransom,
19464493,90022,1793569,1302896,405844687,ransom,
10059734,11442,895189,825602,249184096,ransom,
943176,1333,270489,247781,25970473,ransom,
4232361,5198,314975,287157,101827978,ransom,
15374802,38913,1742135,1294805,342777046,ransom,
12646718,14353,1135374,1031945,315492890,ransom,
5563418,6519,508846,464506,137485567,ransom,
9101147,31348,1105211,809097,177711131,ransom,
8830852,17863,873703,665833,215474249,ransom,
2829529,3125,466173,434246,73541624,ransom,
8691341,10253,725765,659917,212804813,ransom,
19968991,117470,1823088,1401617,409301869,ransom,
7037199,17952,749717,528132,168775315,ransom,
6058658,7309,763790,693832,153866813,ransom,
6638086,7758,564871,531497,160940807,ransom,
9174070,33052,1320285,855224,181062741,ransom,
12803361,14550,1017670,931412,315506084,ransom,
7691992,8587,759428,681992,192371707,ransom,
7054857,11739,688314,575535,146112489,ransom,
10192943,34606,1482102,803751,202404305,ransom,
12847089,22218,1354025,997835,286701473,ransom,
5168808,11765,541548,385117,101930630,ransom,
12426247,59800,1126073,944405,260852433,ransom,
14392046,84237,1510222,1046417,307974249,ransom,
5992467,7106,546321,495484,148923728,ransom,
9883310,11065,658232,588425,245454854,ransom,
6803979,21991,1114630,805620,121721300,ransom,
7328827,14178,1003505,800762,180792415,ransom,
12996581,14938,986125,911561,318437115,ransom,
9272505,10643,728530,664438,229653419,ransom,
6675254,28944,1308787,862252,120223593,ransom,
5493934,6385,414973,379936,135246259,ransom,
10842187,12712,897193,822052,266191679,ransom,
7143952,32350,605672,507833,143829919,ransom,
19356714,119085,1877914,1327328,413066379,ransom,
5981403,6913,596136,550364,148128441,ransom,
11163593,12360,982849,895934,277076030,ransom,
5808518,6876,683369,629662,144498276,ransom,
8471493,32159,1173225,723771,158953175,ransom,
6666051,8166,775206,706039,165127345,ransom,
11297913,12397,1010483,927685,279916236,ransom,
15327680,36178,1596639,1176140,328028654,ransom,
9139151,10595,832724,723758,227468556,ransom,
1903491,2251,221002,199633,47738653,ransom,
12191985,13259,939990,834761,305885677,ransom,
14459897,115148,1482040,1178057,276890771,ransom,
7689790,23514,1047393,722444,181906688,ransom,
8441679,9892,669335,621251,205722959,ransom,
10019509,10979,823064,752827,249009861,ransom,
7189325,36348,1095788,649479,131138511,ransom,
7059673,7508,634303,565304,178956614,ransom,
10695253,11638,880616,815425,264047425,ransom,
10604988,15996,1059147,926393,242337953,ransom,
11206709,31769,1436021,1026878,251872245,ransom,
3446456,4042,346838,302169,88448968,ransom,
6530016,7376,554112,507771,162838454,ransom,
13478238,87667,1118611,946605,282679197,ransom,
17099884,59447,1763817,1288040,386892160,ransom,
2382220,3022,348872,317573,61297318,ransom,
5276827,6170,440169,397466,130188166,ransom,
12711838,48897,1604683,1114551,268098434,ransom,
11050066,13132,866601,766744,273091564,ransom,
7968459,8681,981360,896702,201126497,ransom,
6740467,7537,530803,489574,165880370,ransom,
11948894,35130,1411084,941377,251818333,ransom,
6831946,7725,763396,690692,171864723,ransom,
5920852,6814,530280,477914,146525215,ransom,
13527511,35598,1079222,951728,304070633,ransom,
13062460,101323,1404168,890864,262782830,ransom,
5292594,5872,617610,555737,136280114,ransom,
12677227,14822,1179336,1077496,312579001,ransom,
15386126,17166,1327824,1215528,373259271,ransom,
12913033,44984,1644402,1182807,277664531,ransom,
13684564,15179,1192403,1096207,337979895,ransom,
14742453,15850,1238681,1126854,366528916,ransom,
12169662,26459,1310509,1004611,253634352,ransom,
11406396,33343,1362096,1025109,271246243,ransom,
12880759,28703,1294888,1080061,311485582,ransom,
11264700,23844,1301739,1062288,262466413,ransom,
15938723,77590,1483070,1050536,309098738,ransom,
13633048,47513,1460356,1012330,294206237,ransom,
13587186,16391,1169733,1039624,333299374,ransom,
14515494,15826,1347298,1238982,360166594,ransom,
14683378,45225,1693538,1238658,311727024,ransom,
12840726,14450,1059351,964231,318167533,ransom,
12290753,13486,1169212,1070594,307581993,ransom,
14769496,17279,1255268,1135170,340292192,ransom,
14878596,37960,1922872,1430965,342175308,ransom,
10163712,11915,850397,769376,253100933,ransom,
13267427,15629,1188044,1074676,330557909,ransom,
15378059,84764,1513751,1207180,310404330,ransom,
12869584,59086,1524675,1134459,296476816,ransom,
14368974,16233,1265570,1149597,358222887,ransom,
11136990,12695,1093462,1006617,275846382,ransom,
13612709,34306,1417290,985905,283829191,ransom,
14895209,159051,1502232,1315706,367388867,ransom,
12321080,13219,927003,848869,304937910,ransom,
13094731,15297,1227309,1118200,325463526,ransom,
16970429,157343,1975341,1457216,366475592,ransom,
13027588,15888,1122726,1016767,323840519,ransom,
11513304,12522,1071273,980256,286926164,ransom,
18061097,23511,1541269,1325706,408251954,ransom,
15940162,126645,1759785,1282491,334898744,ransom,
10910022,12400,917000,832227,269987713,ransom,
16555120,19007,1381895,1252266,409976165,ransom,
13408589,14781,1369951,1265927,323103583,ransom,
13416500,37670,1531553,1066058,287474508,ransom,
13802738,16715,1135514,1022288,340543304,ransom,
14723872,16259,1424129,1300346,366275659,ransom,
14605617,36155,1428689,1118795,311336866,ransom,
12578231,27494,1574317,1269791,308275992,ransom,
14239709,15783,1233344,1127039,353019979,ransom,
11882406,18240,1117601,962173,293484009,ransom,
19679749,101479,1760905,1324259,399940804,ransom,
13768145,23966,1531499,1258104,339539403,ransom,
12897128,17283,1145540,994112,317223223,ransom,
11774680,13100,1214597,1111472,292686748,ransom,
15561324,44509,1636578,1220185,325729116,ransom,
12418032,26402,1421143,1102429,296148248,ransom,
11549553,12755,1212267,1098440,289939608,ransom,
11780685,14827,1118563,983972,287619905,ransom,
12750585,36372,1533800,1009089,262313712,ransom,
17994664,25469,1459854,1229362,449676394,ransom,
13065958,42661,1394872,1218962,313168654,ransom,
17145623,103277,1545829,1102073,348073873,ransom,
13135875,23847,1390488,1127737,319076678,ransom,
12528110,14509,1095329,998225,309762727,ransom,
13710605,18247,1219299,1068396,335615382,ransom,
14871544,35456,1839227,1362562,318258907,ransom,
14702009,16392,1316074,1196965,365566481,ransom,
13107182,17288,1225400,1069163,321516753,ransom,
14845353,19930,1377233,1208968,342510616,ransom,
16244855,39535,2045419,1529861,380587909,ransom,
11945324,13795,1052020,956103,293449447,ransom,
12400147,18544,1187243,1034178,306423773,ransom,
18129969,69185,1331595,1105536,377440475,ransom,
11415060,37388,1550360,1133325,254018829,ransom,
15541691,18635,1398692,1196981,391953480,ransom,
16539606,18171,1411277,1288524,409303141,ransom,
9482727,12388,895288,772098,223125845,ransom,
18041380,42440,2036406,1494302,400865216,ransom,
16328908,19148,1493922,1344769,405272513,ransom,
9131188,12820,895399,769642,222322648,ransom,
17114628,31982,1680169,1304154,374621169,ransom,
15476257,24077,1493409,1145794,385394008,ransom,
11081548,14539,991111,854322,270614424,ransom,
14995985,81494,1309592,1136277,329960244,ransom,
18138900,46135,2028864,1453576,399728590,ransom,
11896284,13459,1115108,1022800,294643618,ransom,
10814485,15423,1021655,879709,265666366,ransom,
17192827,20823,1407946,1238772,399175493,ransom,
15916711,37117,1918929,1460516,366056152,ransom,
9547205,12885,887558,761168,234879358,ransom,
11623297,12997,1153425,1049882,291411662,ransom,
18224194,40352,1984492,1472691,398643242,ransom,
12779985,15746,1264992,1099287,316313363,ransom,
12918764,14538,1156492,1047626,322205898,ransom,
18942514,85573,1467131,1230107,419466621,ransom,
15723009,36325,1801931,1359975,343476229,ransom,
9752713,12878,1151896,1004694,240687643,ransom,
16266702,19825,1496060,1332707,397617334,ransom,
14608830,37962,1559304,1194628,312866536,ransom,
14078023,22133,1388713,1151542,341339209,ransom,
12103086,13839,1204673,1113953,298468521,ransom,
14112727,17156,1259902,1121883,342474670,ransom,
14473907,36513,1688611,1208346,300361668,ransom,
14249084,16185,1238756,1140768,348062897,ransom,
11292761,13889,1041415,903720,276502014,ransom,
13064406,26136,1356563,1060555,279051930,ransom,
13572934,84500,1417013,1077742,287663045,ransom,
12859304,16799,1339857,1194418,310889624,ransom,
10588828,22550,1142867,960599,248943614,ransom,
15955239,44985,1807008,1040298,315010885,ransom,
15910320,28173,1497438,1090630,344576743,ransom,
12838741,15830,1154535,1008546,312027838,ransom,
14486787,30446,1276107,1057066,319728138,ransom,
13208091,33482,1541031,1085094,306710606,ransom,
14623413,17032,1430029,1279454,358963680,ransom,
11579054,12981,948481,855746,287740320,ransom,
17021542,42540,2053189,1481252,370977293,ransom,
13103147,74623,1273217,1105988,293712764,ransom,
11619029,43706,915712,784747,270359912,ransom,
14065855,17666,1299486,1143447,317348524,ransom,
16638200,42086,1984590,1471056,383029161,ransom,
12092054,14878,1096855,960738,296320298,ransom,
7659894,10031,766789,671646,184010323,ransom,
13153779,27848,1355137,1022668,276728968,ransom,
11408019,23380,1402694,1078370,274303650,ransom,
8808335,9987,603170,550702,217586735,ransom,
10278256,12364,1090942,945300,254206382,ransom,
13839081,45099,1701564,1146007,285237847,ransom,
11952549,18871,1039270,949863,292083087,ransom,
13625050,104408,942139,750915,290803287,ransom,
7426556,9490,832130,767538,160365462,ransom,
12506293,36094,1652266,1158109,279110418,ransom,
11078459,13109,985876,867468,269939522,ransom,
12198837,12859,1059314,951227,307024126,ransom,
13191741,37787,1677578,1190444,274089190,ransom,
12153956,13934,997511,888223,302192359,ransom,
13461226,16194,1565070,1399953,332582923,ransom,
11002202,13695,1038072,910183,266096025,ransom,
16367608,39706,1704843,1207006,350841763,ransom,
13794207,16306,1398122,1257085,337337948,ransom,
12850696,81330,999708,847917,277942776,ransom,
14281938,48208,1397072,1101827,295205166,ransom,
16059597,30291,1707467,1368823,385546733,ransom,
12141462,13379,1099181,1004964,300632769,ransom,
8986095,11101,840550,722670,221277368,ransom,
14982120,33615,1741013,1262347,326161106,ransom,
10720200,11767,917686,845580,265163936,ransom,
8958419,11078,994454,877168,219829184,ransom,
14597649,21450,1222048,1004399,319284105,ransom,
15985342,30624,1842953,1488085,387147455,ransom,
13068633,14166,1124142,1029059,323611058,ransom,
14144805,48481,1233681,1098876,327652498,ransom,
16403691,56151,1680636,1201918,339915319,ransom,
12238618,13082,994340,894010,306642426,ransom,
11226825,12047,1027551,931827,281363653,ransom,
12306841,19536,1144214,1048959,294330195,ransom,
16103614,37270,1874615,1413974,357936004,ransom,
9906950,11685,1038353,963850,244185248,ransom,
10944409,11459,1027373,915384,277308782,ransom,
16554422,34643,1850668,1457495,358999931,ransom,
12748477,16376,1190931,1029368,316137616,ransom,
12217312,12944,936556,822960,308253070,ransom,
16863967,81891,1349433,1167823,378273087,ransom,
16690792,35069,1783944,1319179,369331215,ransom,
11563340,12348,984477,899690,288238720,ransom,
14259736,14976,1181596,1065930,357477037,ransom,
14669721,29841,1512612,1174907,320188356,ransom,
13195014,20712,1341766,1100565,331558723,ransom,
12726781,13530,1309349,1189157,322125423,ransom,
12183082,12663,973421,875028,306631551,ransom,
15108832,38896,1693932,1202854,326754562,ransom,
10439070,11395,963756,876730,260707142,ransom,
11289650,11798,1152793,1025971,290214766,ransom,
20153354,109211,1614553,1369329,429784402,ransom,
11271277,32397,1399326,988608,254665655,ransom,
11800508,13082,940256,868408,290204608,ransom,
7209625,7506,602801,523974,184491029,ransom,
9578382,30500,1411634,970081,191784751,ransom,
11506929,13535,992050,918640,281207993,ransom,
11225200,11960,907982,830660,278775228,ransom,
5131240,5879,579671,520126,116085000,ransom,
7953224,37850,1117466,689626,159879228,ransom,
11088051,12304,983536,896898,276113931,ransom,
9723238,11270,855819,763444,241890651,ransom,
7569625,85518,635562,486480,126090700,ransom,
11661847,41763,1424166,997746,259470469,ransom,
10366623,11422,800713,730189,256845719,ransom,
4957596,5684,559334,501154,124912761,ransom,
10720775,31862,1345327,935302,217891589,ransom,
11274824,12510,978202,894655,278904564,ransom,
6750054,7702,628753,567419,168597296,ransom,
9050171,10578,811077,738428,207467896,ransom,
11561844,30688,1513306,1111060,258595780,ransom,
13084262,14038,1166075,1063126,326098059,ransom,
13120189,13867,1162741,1063984,326483246,ransom,
18177013,83725,1815943,1375278,365600258,ransom,
13727634,18075,1377517,1188969,339149453,ransom,
12154032,14547,1041306,930743,298922225,ransom,
13246486,15620,1177904,1073555,327210053,ransom,
17573617,38182,1990624,1502999,383776118,ransom,
12386903,13532,1056175,960430,309012419,ransom,
10902737,12291,1007732,922039,270084407,ransom,
17965884,20671,1404847,1263827,414948035,ransom,
12863659,33694,1739681,1264172,292320519,ransom,
4533842,5708,540276,496728,112204839,ransom,
7926591,38547,673216,597860,178006141,ransom,
15963316,74667,1805519,1337313,332876195,ransom,
6441615,8129,628678,546949,156610956,ransom,
11118650,12164,1008716,928246,274639483,ransom,
10966676,12276,1040518,951373,273023951,ransom,
11094218,34125,1413248,960162,229329525,ransom,
10089317,11426,952284,881219,247247781,ransom,
11886848,12887,918106,835782,294081032,ransom,
9546288,28656,1112368,844851,200796065,ransom,
7625857,19043,1067581,832434,183365085,ransom,
11551944,13510,955512,866599,283450601,ransom,
11836898,68732,982461,836589,259567457,ransom,
8749929,39728,1347694,915364,166590422,ransom,
11543762,13232,866904,790199,283194916,ransom,
14274767,16624,1275915,1152153,354671494,ransom,
10533806,11300,922195,830447,245248317,ransom,
13694337,33607,1620287,1178582,318264715,ransom,
14445910,15629,1343676,1206926,364377386,ransom,
9450387,10926,1005374,928134,233855797,ransom,
11831383,29906,1324046,971435,250403796,ransom,
16587050,18817,1642282,1440678,413323533,ransom,
10256879,11666,762797,697304,250353880,ransom,
12961327,267181,1072355,960743,323653718,ransom,
17785741,71152,1955355,1472398,374101726,ransom,
8821725,42010,624072,505915,205103783,ransom,
9375594,9673,929476,825969,240301529,ransom,
13865636,26950,1366884,1106376,299294275,ransom,
12087471,19303,1303677,1052884,300137161,ransom,
5692888,6171,531929,468714,145513497,ransom,
8492216,9548,905833,837851,210636321,ransom,
14014217,33224,1598949,1184304,305041468,ransom,
9760770,10229,773595,694158,244085858,ransom,
10343909,11014,966224,878253,259264496,ransom,
15251652,26308,1406362,1157975,336791899,ransom,
7152771,59577,1176544,883421,146569289,ransom,
10342201,267185,859334,764527,242964595,ransom,
12943635,100489,1068928,978703,320939599,ransom,
17205088,43845,1958078,1473668,375030269,ransom,
15070202,16724,1284116,1165304,373193276,ransom,
11705591,12998,1143619,1044753,290539855,ransom,
13180049,18650,1022570,912844,302985786,ransom,
19735274,39694,2194930,1712379,466506860,ransom,
11605084,12839,1164250,1064152,288622332,ransom,
10381907,11995,870080,781398,256872477,ransom,
21424999,49997,2096524,1659464,477202916,ransom,
14062529,78351,1388519,1156966,306917716,ransom,
9657799,10656,783015,707708,239595022,ransom,
17588414,18856,1500836,1364112,438805853,ransom,
13873070,34900,1724039,1227756,289174499,ransom,
8922192,10461,868762,783717,222318735,ransom,
14639942,16057,1361566,1251512,364574532,ransom,
15019690,25541,1473170,1234649,330343408,ransom,
10887905,24750,1493062,1123357,260062812,ransom,
12571866,14746,1211611,1101612,313354297,ransom,
14292823,15672,1231989,1132713,353529626,ransom,
13626210,36849,1452824,961094,277984419,ransom,
12262853,17222,1232392,999727,292751050,ransom,
18116112,110813,1555808,1153941,385624540,ransom,
15620373,34334,1387950,997834,351121127,ransom,
14667670,38596,1877391,1341974,304174817,ransom,
14784731,16691,1273645,1164500,364641502,ransom,
12864735,14045,1114003,1027127,317642588,ransom,
11274768,27610,1098388,814895,229850020,ransom,
13582390,22924,1345083,1064854,332667262,ransom,
16350892,18695,1558616,1439331,403584673,ransom,
10360236,11611,917336,840947,255487882,ransom,
15797250,37409,1788509,1312548,344879405,ransom,
14213459,15779,1271448,1151432,354772066,ransom,
13115219,42898,1165648,1040657,310252984,ransom,
15193064,64001,1311228,981001,307938248,ransom,
16092348,29794,1749476,1441312,391481556,ransom,
12064510,13487,1044560,948184,299967164,ransom,
14107226,16418,1324831,1225328,347880368,ransom,
14287704,38600,1747894,1240507,301919822,ransom,
11989400,13629,1199698,1099120,297723113,ransom,
15231722,16766,1246206,1143774,375679927,ransom,
11249877,12718,1042783,957580,276949886,ransom,
11341419,34800,1702084,1192133,228556787,ransom,
14840338,16521,1159912,1069587,364971384,ransom,
12853922,79143,1269681,1119171,287148930,ransom,
14199369,56962,1317047,984538,293700591,ransom,
16054924,26051,1617213,1315405,392648622,ransom,
12519752,13022,1139425,1041973,314479336,ransom,
9890357,10059,803418,704253,253066758,ransom,
18840227,104515,2080638,1541262,428485186,ransom,
15540280,86338,1247637,1140542,384886913,ransom,
10298076,11521,978760,891779,256462627,ransom,
15486485,19871,1144442,991057,352642929,ransom,
17378324,34517,2017226,1555773,411264669,ransom,
11367077,12535,1057953,964575,283520685,ransom,
12299386,42624,1048392,926706,293207415,ransom,
21983147,114527,2329019,1737308,457998021,ransom,
10824139,12142,884158,806924,267505183,ransom,
10169976,11940,1068423,964598,253931041,ransom,
16762285,18246,1436150,1328201,395542502,ransom,
12491057,32742,1642952,1198299,274690084,ransom,
9414050,10380,903771,830584,235127577,ransom,
14515210,16564,1368710,1266802,357535429,ransom,
14038392,33590,1415806,1063523,294203240,ransom,
11442113,13080,1115405,950859,285177613,ransom,
16042323,17834,1448570,1343774,393638469,ransom,
12088067,13600,1118327,1027075,297764493,ransom,
13630954,94091,1176542,804699,251008554,ransom,
13818044,19227,1424950,1198756,340943147,ransom,
12814188,13506,1198880,1091643,322158573,ransom,
7588374,8957,868990,809016,187306105,ransom,
10861512,34888,1258016,806522,210705682,ransom,
17628783,19076,1571561,1449220,438478296,ransom,
14557986,14791,1286124,1146435,371687635,ransom,
10109180,14660,778693,657082,217348272,ransom,
7761831,26848,1424098,1014277,179903959,ransom,
16996079,18498,1396715,1289076,418576075,ransom,
11810660,13350,917400,829633,289950218,ransom,
11553255,39854,1405660,932288,235198175,ransom,
15802779,113450,1261274,1049953,349185414,ransom,
12402463,15200,1254983,1132920,309532568,ransom,
10306714,12288,980279,900002,254240254,ransom,
14277550,45297,1861502,1347386,302851207,ransom,
20066213,22824,1513784,1368308,498039521,ransom,
9122146,8809,886145,787865,235570383,ransom,
15967354,34530,1376576,1061948,343235860,ransom,
15471317,40983,1904399,1443757,371961827,ransom,
11667987,14717,1008479,909808,282546131,ransom,
9875763,13568,1014376,896379,239536963,ransom,
18328250,40716,1971687,1497636,399407231,ransom,
14264562,51769,1177700,911457,329077455,ransom,
13023949,56589,1087517,938059,300008544,ransom,
18593700,35364,1786004,1527652,446136258,ransom,
14007200,285692,1723812,1275626,301344542,ransom,
12305479,97166,920057,830333,306332544,ransom,
16625963,18346,1570998,1453754,411010762,ransom,
13608627,21062,1266582,1076320,299154146,ransom,
13749251,28545,1590804,1224544,330011937,ransom,
14585889,15786,1264315,1160892,362671742,ransom,
12222262,13517,1085469,994330,304388179,ransom,
7022677,28311,1186526,791976,131125227,ransom,
8342104,9654,792487,679374,205679859,ransom,
14123911,90652,1038511,882617,304708098,ransom,
7338236,8036,838062,757690,174716101,ransom,
8584812,33337,1115155,673049,173000116,ransom,
11618432,12949,969885,880024,288953707,ransom,
4391566,4728,531133,479735,111910492,ransom,
14466957,31246,1344824,1065279,312538635,ransom,
8544245,17577,1031801,764730,206761635,ransom,
2694678,3473,418494,383342,67555648,ransom,
11613603,12927,988928,909197,286622616,ransom,
16802920,39946,1734382,1255080,372816428,ransom,
2964486,3548,568719,519634,76597136,ransom,
12730349,101677,870145,750516,267495197,ransom,
12029302,25189,1085521,926311,268398654,ransom,
18464025,306513,2120145,1653731,435342315,ransom,
12780625,139195,1152999,1057920,314624644,ransom,
9611922,10925,904163,829783,237848943,ransom,
19169440,42299,2091102,1622663,421546153,ransom,
14077451,16608,1337845,1179754,348186621,ransom,
8744531,10318,797972,730595,215819909,ransom,
17387467,20523,1402773,1269684,409270937,ransom,
16715491,39058,2083237,1583784,385219567,ransom,
8017625,9388,735132,665695,198212244,ransom,
14391358,24100,1153078,1038748,350452353,ransom,
23417658,121910,2363132,1813719,484924922,ransom,
5742634,8273,679391,591973,141649568,ransom,
14376033,16158,1258735,1138928,358871846,ransom,
18459777,20893,1709451,1576998,454088092,ransom,
10282042,31645,1296203,862013,209678731,ransom,
14249141,15433,1152129,1043953,353435721,ransom,
19909190,21609,1875108,1737092,491568722,ransom,
8552975,16603,978569,738999,167661641,ransom,
12456878,26282,1236877,970344,303522685,ransom,
9607458,11865,1194174,1098960,239043530,ransom,
11213495,12577,856631,795621,273648437,ransom,
11659738,76788,1283114,880703,211966776,ransom,
2273255,5691,382132,259584,55552044,ransom,
4476957,5439,346697,322176,108908697,ransom,
5591177,6513,525728,466463,133953371,ransom,
8231581,27648,1210942,817166,171201999,ransom,
5168777,5660,483341,434613,130594447,ransom,
6040477,6801,500433,462578,148303457,ransom,
6361097,18415,856597,595725,129862219,ransom,
4272499,11231,619868,441815,102359046,ransom,
6765583,7853,562765,500337,169465960,ransom,
7391299,59762,637917,531849,143665507,ransom,
8782365,35088,1127526,720132,180562023,ransom,
597522,994,159535,148801,15033319,ransom,
8348284,9177,762223,693521,208167331,ransom,
4177786,9403,447862,298086,75747563,ransom,
5552568,18174,821867,567399,131658669,ransom,
2466811,2913,262716,240011,61631232,ransom,
6687884,7653,558322,511008,165404353,ransom,
5077295,27510,978947,590597,91313784,ransom,
3806414,4551,342325,314941,93853247,ransom,
2832584,33352,217105,168572,50117577,ransom,
9692463,50534,933807,678742,191082183,ransom,
2606568,15779,602958,373932,56832672,ransom,
10489682,11820,971136,892628,259996040,ransom,
2154661,2246,236610,209289,57480765,ransom,
11715631,47756,1420624,962855,243322157,ransom,
8219312,9161,513126,456403,203626782,ransom,
3631052,4566,749223,689648,93734831,ransom,
11240785,12661,952568,872872,277490286,ransom,
17588800,39003,1857519,1404064,394195320,ransom,
10519899,11917,925338,840677,261466866,ransom,
16751302,83688,1407819,1207350,379146216,ransom,
16864306,35500,1802182,1350268,364571204,ransom,
12047720,13384,1051709,962613,298744860,ransom,
13230506,14636,1251010,1148092,329627475,ransom,
14199076,15657,1211427,1109979,349989026,ransom,
13779724,34834,1639992,1210641,296284887,ransom,
15947512,17332,1431503,1321812,394496808,ransom,
12741826,17410,1197533,942324,303021188,ransom,
15066388,36931,1719192,1041973,312535446,ransom,
11419213,19307,1252383,905693,259915591,ransom,
12685743,17972,1128099,960457,300836007,ransom,
13014243,35204,1144129,1029845,312541159,ransom,
13998465,74862,1456396,958359,266920782,ransom,
14898400,16142,1268283,1163125,371285423,ransom,
12877133,13456,1178573,1065902,324720273,ransom,
14563277,28597,1307063,1047854,318011023,ransom,
16251803,28595,1554524,1236437,395798969,ransom,
11421251,11919,1020939,926396,287326865,ransom,
13598825,14885,1292259,1192273,337679702,ransom,
16861000,39813,1843336,1352405,369530910,ransom,
13435937,15396,1131283,1036723,332851313,ransom,
14356666,16159,1429728,1319855,356403250,ransom,
10524721,13740,916366,785291,228237276,ransom,
13873778,102116,1697147,1203639,285211874,ransom,
18077688,40810,1540778,1404332,436906242,ransom,
12509714,13985,1022842,936250,309268376,ransom,
9920624,10979,1046193,963160,248574385,ransom,
16534174,42927,1910952,1378135,364941836,ransom,
13677548,15399,1180655,1078304,340099981,ransom,
16596473,18340,1399228,1288858,411136657,ransom,
12280472,15771,1150702,1035258,303140078,ransom,
16480183,41045,1856598,1346011,348915424,ransom,
11473718,12489,1130702,1030727,289764522,ransom,
16079181,18058,1324740,1209427,397466362,ransom,
12803150,24624,1349241,1084896,276304490,ransom,
13061696,42761,1499558,1200431,309438767,ransom,
16574071,86640,1210561,1061060,371959384,ransom,
9464820,10718,1057667,979574,236502179,ransom,
16641703,43009,1859603,1352874,360097712,ransom,
16106617,17972,1402193,1284949,399440663,ransom,
8939614,10492,959542,884573,220842062,ransom,
14496139,16537,1085833,967964,336049665,ransom,
16866580,36489,2088825,1631124,394051942,ransom,
10742475,11678,934140,861420,265278955,ransom,
11641063,25679,981897,896501,287947006,ransom,
19528126,50098,2058633,1543793,430005914,ransom,
11040315,12158,959077,875618,274390818,ransom,
14083947,75039,1075894,913278,310759349,ransom,
17321150,19560,1376935,1254489,404111881,ransom,
11513973,32094,1603645,1166176,259165170,ransom,
14575903,15912,1239088,1127701,361800081,ransom,
15390108,16828,1474100,1363337,382436074,ransom,
13269228,35172,1522868,1109571,274837086,ransom,
13870939,15923,1318104,1158669,344821287,ransom,
16236787,17641,1409852,1290254,404715525,ransom,
9432680,11217,895327,822679,231944144,ransom,
17667643,39759,1973051,1483784,392054075,ransom,
14877148,16309,1339500,1226680,369516955,ransom,
9882225,11191,900522,817868,246160398,ransom,
21488964,110809,1679474,1298754,440601998,ransom,
14923426,30996,1800901,1467627,362937587,ransom,
9549128,10749,843807,768968,236348779,ransom,
14425018,15967,1205806,1088320,360133213,ransom,
18040471,41138,2058308,1536786,395651835,ransom,
11249425,12938,911031,820685,278751116,ransom,
9741580,10629,911758,825068,245509852,ransom,
14314922,15274,1258291,1155230,341666830,ransom,
10757776,34288,1659411,1191091,229834339,ransom,
10405458,11671,911685,820140,259893436,ransom,
14405713,15592,1372181,1259235,361194252,ransom,
15394657,51887,1319644,982178,321073310,ransom,
16066918,100440,1611912,1278026,352038602,ransom,
12139779,13596,1149296,1058926,301099679,ransom,
14361988,16078,1228181,1128095,354326607,ransom,
14108224,14918,1189479,1084814,324892051,ransom,
14379739,36425,1791609,1359346,328182686,ransom,
14024463,15162,1200321,1087659,348980492,ransom,
13094844,14388,1107368,1022000,322545985,ransom,
14583931,34827,1685325,1280956,308316146,ransom,
14880843,17207,1431736,1280131,369390997,ransom,
12875150,14477,1149813,1060534,317531238,ransom,
9281089,10037,647613,567824,232375423,ransom,
10771607,93663,1354016,947185,182599327,ransom,
10702736,15119,1082581,937382,264187631,ransom,
12699530,13675,988588,897027,315787137,ransom,
9445384,10565,957170,867839,237612235,ransom,
9154876,31422,1290679,851480,177260461,ransom,
9271373,10407,727640,672185,226288532,ransom,
10361922,11007,796494,710490,260182372,ransom,
10817954,25368,1428156,1100388,234911485,ransom,
12891177,22361,1223821,996608,308373234,ransom,
9138913,9926,823154,752266,227040336,ransom,
2232571,2607,348126,308361,58956000,ransom,
19139858,125872,1632511,1203638,382924536,ransom,
15332359,23506,1555752,1328522,375500936,ransom,
11521637,12956,1046678,961109,284544324,ransom,
14827872,16167,1331199,1224701,368788342,ransom,
16102284,38492,1899329,1394500,344769438,ransom,
12669917,13703,1087656,993703,313897546,ransom,
14511201,15929,1181112,1081185,358169749,ransom,
13211351,20469,1202699,1097229,309568973,ransom,
14053454,37153,1747679,1239567,305610206,ransom,
14289500,15850,1387467,1279426,355541527,ransom,
12255025,13304,1080052,983146,305220976,ransom,
15638586,115273,1366050,1061133,300528752,ransom,
14368337,26845,1784524,1471369,351027129,ransom,
13658806,14838,1057835,963175,338629799,ransom,
9877134,11264,1058159,972910,247619341,ransom,
18067259,39238,1973468,1500337,395044172,ransom,
12533007,14686,1237596,1139801,309712611,ransom,
9409893,10906,860772,794735,231341287,ransom,
14379149,18584,1259189,1118288,334696938,ransom,
19548747,38013,2239290,1778486,461157593,ransom,
7766366,9491,770075,700759,193710906,ransom,
13808015,16461,1223359,1102107,343568009,ransom,
19011047,96471,1566296,1202756,384576592,ransom,
8423592,14795,887524,610679,214137279,ransom,
7057895,6529,527562,433241,188865001,ransom,
11991107,12510,1051986,934582,307721754,ransom,
14366933,34587,1554803,1046332,332641576,ransom,
9054285,9361,756224,676888,230680254,ransom,
9032254,9747,770545,679303,230578540,ransom,
12936226,16532,993633,785184,310116830,ransom,
9447935,44909,1227337,837494,225625947,ransom,
11866875,30447,833888,686548,307381688,ransom,
12625756,15976,1172639,984648,324968926,ransom,
13846655,92671,1476539,972668,261565078,ransom,
10317192,11679,820110,652595,268416549,ransom,
10644296,10277,813675,718215,273829557,ransom,
12433381,20893,953278,783969,294603331,ransom,
9519921,28969,1371647,912822,207798272,ransom,
13371161,14998,1109913,1022978,330697630,ransom,
13866775,17288,1375997,1209711,340758500,ransom,
11058926,43262,1387099,1060290,219364302,ransom,
10688982,14240,1009336,794523,260832248,ransom,
11922121,14406,1040259,905785,291819555,ransom,
7999461,9131,764812,693873,199815267,ransom,
14380308,87615,1746841,1169188,269222652,ransom,
11591373,12695,971740,893260,286232085,ransom,
11050366,13306,867870,740202,269696323,ransom,
11230241,20429,1232514,999334,247268189,ransom,
13815494,28671,1659757,1310527,330630690,ransom,
11997459,14586,1033440,902481,292746430,ransom,
10037424,15150,1218364,1118690,250089887,ransom,
17943539,40691,2031642,1496727,388184425,ransom,
12175985,15098,1123701,984938,296834276,ransom,
13001197,14287,1115873,1012898,324543436,ransom,
16501878,20618,1410858,1247249,383017937,ransom,
16218506,98277,1867226,1330650,327868432,ransom,
12991907,116795,1137927,987684,317854171,ransom,
14118067,17114,1243658,1100512,343857927,ransom,
13505390,18690,1037253,911904,302028641,ransom,
13671427,33984,1782687,1308816,317782961,ransom,
15334786,16664,1313159,1209498,379420180,ransom,
12527523,16065,1002894,867942,306507878,ransom,
15925934,44036,1798524,1299046,335082192,ransom,
14700509,17878,1470898,1289407,366408064,ransom,
11427308,15581,1038968,902999,278672914,ransom,
14554950,16223,1237887,1123151,350312126,ransom,
17131646,38407,1895002,1372954,386029311,ransom,
11128391,18135,1084537,832361,258764590,ransom,
12363436,17373,1240697,897106,285930341,ransom,
22287326,108642,2195429,1374159,419938579,ransom,
11490853,15048,1361141,1118120,282818133,ransom,
9085345,11984,1059216,921364,222910759,ransom,
13017733,16545,1229466,1081896,317513015,ransom,
13684039,35169,1571937,1113184,283966329,ransom,
14511952,18444,1231386,1072635,354668991,ransom,
12944868,14484,1137833,1049444,318657546,ransom,
12169244,27993,1226331,843713,254647397,ransom,
6277143,14736,947654,716625,151555416,ransom,
12076675,13979,1118905,1034356,296206483,ransom,
11222742,14021,915221,780909,275133590,ransom,
15329406,102131,1655694,1133237,297697648,ransom,
17006500,22727,1535081,1356526,419693457,ransom,
11384499,15580,1033585,893143,278953568,ransom,
12174151,14479,1014710,906661,274962513,ransom,
15618753,41433,2086847,1496880,358148665,ransom,
12195660,13000,1108923,1014615,304690011,ransom,
9492403,12895,1024854,894789,231903434,ransom,
15405308,37159,1626845,1169088,329528667,ransom,
12245414,20602,1381945,1157175,302152835,ransom,
10855074,14802,825219,677137,269242795,ransom,
15809847,44370,1389984,1261461,377002183,ransom,
19635744,118195,2046922,1434773,395369652,ransom,
6788082,13438,678388,539467,167673028,ransom,
10258828,11749,969254,892232,253248735,ransom,
10034624,23197,901916,699990,213731613,ransom,
15502876,32482,1856365,1451254,365717649,ransom,
13717665,18672,1200311,1055222,333754595,ransom,
9310650,14483,699829,544327,235347574,ransom,
15376060,37625,1999325,1499793,338352442,ransom,
11391828,18714,1247852,1085039,281008573,ransom,
861858,4017,438264,393151,22984317,ransom,
3713689,25183,1229236,1028588,68560888,ransom,
1977340,42000,731812,240674,13534978,ransom,
815583,5880,251109,37309,4070713,ransom,
1234384,12399,352291,53853,5951763,ransom,
2994976,78397,754585,224077,19397033,ransom,
0,0,0,0,0,ransom,
17792840,19442,1610585,1454818,443488740,ransom,
11722728,13280,1029605,930633,290540238,ransom,
15208300,35942,1840424,1378439,330058049,ransom,
14499497,16414,1401987,1279647,359587620,ransom,
10089206,11627,871277,792516,246967678,ransom,
18183741,95651,1427602,1178276,373735161,ransom,
15612461,36365,1954792,1554860,367711635,ransom,
11072129,13246,960164,862650,274667804,ransom,
10712090,11973,1004341,915332,266912313,ransom,
17801480,46943,2024600,1514638,387441736,ransom,
14682880,16550,1295892,1170050,363386464,ransom,
11440941,12513,1018978,922244,285822983,ransom,
12054377,13537,1103483,1016809,292116387,ransom,
12156955,36883,1570658,1146125,253723680,ransom,
8253,242,5257,178,52633,ransom,
10184352,11723,764924,678109,252034931,ransom,
2547455,25261,831413,455087,21472125,ransom,
6494619,7735,599436,539145,161041975,ransom,
7683002,95950,713506,574021,150802735,ransom,
10264735,11553,771017,706548,248806695,ransom,
7618777,31010,1207322,782133,151594033,ransom,
5990007,6972,463538,435727,144672033,ransom,
16374530,70612,834792,738266,324596868,ransom,
3100649,20807,720810,453760,36662853,ransom,
8138046,16279,857507,671673,198148805,ransom,
4940664,6015,597018,527454,127359534,ransom,
14511348,16166,1371979,1241847,363966379,ransom,
18527685,43116,2097816,1621532,408745267,ransom,
6722283,8051,531762,479789,164764653,ransom,
15538965,95034,1236113,1071354,339802515,ransom,
22082956,33830,1967501,1641887,500879882,ransom,
6130573,17874,968378,727298,145170887,ransom,
8440099,10709,903461,819501,209978509,ransom,
14744533,16863,1322116,1206800,363561359,ransom,
14479668,35550,1847946,1401371,314474307,ransom,
10136605,11729,901536,814016,248975109,ransom,
11138984,13300,968501,885272,273008559,ransom,
14318640,15984,1212546,1100110,349935833,ransom,
15243261,40998,1724986,1240914,335631459,ransom,
12902145,14945,1201666,1091374,318973061,ransom,
14820152,66305,1184151,1019879,330707852,ransom,
11919979,31462,1166006,971305,255576815,ransom,
14389427,28452,1785190,1418225,344893603,ransom,
14746086,16826,1379195,1258508,364316189,ransom,
11627423,13322,1049845,960941,285852416,ransom,
15232103,35061,1788850,1335206,324073768,ransom,
15184844,17122,1317786,1197596,377294899,ransom,
11986121,13504,1271186,1158740,297537840,ransom,
14955177,17401,1067057,965413,341969635,ransom,
12206891,33777,1617637,1189968,275384089,ransom,
14229028,60505,1264733,1107127,325694882,ransom,
16654651,38938,1297921,1175823,393949885,ransom,
11363154,33221,1426685,998819,229542060,ransom,
12616235,14492,1061804,958409,311659935,ransom,
14957361,16758,1411317,1285268,370296852,ransom,
12247353,13674,1102738,1007668,279266686,ransom,
14398226,36940,1643241,1180906,328113908,ransom,
13471703,15247,1415045,1303864,332560908,ransom,
9318152,10666,920105,846232,229087871,ransom,
12730209,32937,1494401,1074009,269966288,ransom,
13577526,15551,1264995,1161221,334446622,ransom,
12380035,74611,1124877,968526,266472694,ransom,
11018329,12627,1080120,986724,271504075,ransom,
17930526,47281,2022464,1496163,397487865,ransom,
13734650,13947,1158498,1029957,347480954,ransom,
12819324,13642,1150708,1025528,323245356,ransom,
17000911,34778,1870905,1472764,369536578,ransom,
13689338,21787,1346485,1130452,334180352,ransom,
10930427,116259,1003966,916496,269125891,ransom,
13868076,15270,1282595,1175096,345405896,ransom,
16073212,40363,1785193,1290422,342737611,ransom,
12469269,36425,1189023,1073199,298132015,ransom,
16658745,82110,1301439,1143016,377393420,ransom,
16186660,28593,1550953,1257585,348607535,ransom,
10931917,22734,1369743,1106216,265429343,ransom,
14571495,16785,1128036,1015273,360281697,ransom,
13380701,15389,1252537,1159999,329682886,ransom,
13531656,34287,1710357,1264605,292672275,ransom,
14371476,16114,1226102,1119149,355264462,ransom,
14345878,15853,1296974,1193183,353893040,ransom,
11422532,13032,1078254,988396,273705653,ransom,
12793367,33620,1677618,1216297,274934743,ransom,
15660481,17542,1444670,1327030,387786730,ransom,
13883408,53162,1060902,932417,322083868,ransom,
14781136,67647,1784374,1327519,298755932,ransom,
11976422,13969,1165136,1015761,301552065,ransom,
11432344,12540,1137692,1047549,285219499,ransom,
11636174,12829,811483,743631,285241564,ransom,
18403216,46872,2100600,1590423,408843789,ransom,
13122771,26130,1285808,1174098,329700712,ransom,
11571498,13511,882568,786871,284146272,ransom,
10250408,21979,1332878,1054741,221296397,ransom,
1621628,9118,912418,700283,43875502,ransom,
20705707,22687,413766,343597,507421859,ransom,
18890272,80195,2106292,1895666,428223450,ransom,
9350383,32925,1350766,943929,186711689,ransom,
13050398,15670,1180941,1046361,326409131,ransom,
20601631,22743,1747890,1617704,508511336,ransom,
7612386,10155,707327,639717,162662975,ransom,
11886605,33605,1650336,1179369,271227601,ransom,
17044821,23465,1479641,1330005,424270613,ransom,
9978715,32796,1064815,893623,235390636,ransom,
10009184,30065,1339478,904099,200648881,ransom,
16160898,18122,1389687,1270725,401269207,ransom,
15364726,17330,1278416,1171334,380497438,ransom,
10382582,78508,761011,636645,213613335,ransom,
18295941,55286,2066274,1535431,399668933,ransom,
17453891,19784,1499366,1373133,430649635,ransom,
10989831,13086,1101484,1020567,269226080,ransom,
16143618,293477,1610779,1242652,342525429,ransom,
13250670,21346,1189889,978164,322106067,ransom,
11185320,14076,1344261,1249412,273934828,ransom,
10340677,12442,980318,910466,252466981,ransom,
17133434,45055,1837213,1352843,365286431,ransom,
9128200,11073,870571,803139,222729081,ransom,
14001102,16234,1170087,1068701,343905818,ransom,
20057735,89876,1664986,1446507,425455917,ransom,
4254829,22738,1159821,749780,85578610,ransom,
518629,685,180613,153460,15885660,ransom,
12664211,14454,858803,789237,308601987,ransom,
3026785,20161,1245959,852555,44724484,ransom,
17485174,19948,794625,725956,424367084,ransom,
6985215,8771,812107,756623,170161243,ransom,
9532826,11899,786409,702256,219149591,ransom,
21247641,44223,2272228,1741814,502690042,ransom,
10763453,11836,1039056,945119,269402769,ransom,
8783839,9825,756681,662895,221840940,ransom,
22554622,90037,1851102,1590581,497204949,ransom,
12945553,60024,1581207,1149393,286633569,ransom,
8353411,9583,859423,770340,210210044,ransom,
15602666,17112,1285311,1179950,386696529,ransom,
14829416,27817,1546127,1207381,321680886,ransom,
9733591,19350,1299747,1041026,240601264,ransom,
8573397,8996,1067350,975184,218209021,ransom,
1004731,861,306272,262568,30093723,ransom,
15706756,36287,1279793,766052,345477672,ransom,
26145715,32551,2320392,2074307,627448623,ransom,
1446372,5179,362923,104852,15277603,ransom,
15587798,27737,1583205,1113101,335629521,ransom,
31183925,141517,2856781,2265321,675028772,ransom,
3086623,4341,362689,330072,75080327,ransom,
12454560,13826,1055084,936742,314401100,ransom,
22965500,25151,2066472,1902115,555695474,ransom,
8054758,30483,1183204,732752,149513079,ransom,
2524680,7187,783194,689124,68733511,ransom,
1768526,2907,831260,755542,53317173,ransom,
14167349,27952,548388,328819,319619480,ransom,
29151199,50078,2690878,2279212,695340297,ransom,
1394129,2188,155811,132797,33774536,ransom,
6625580,7045,578896,512356,169170888,ransom,
18590765,87410,1688765,1292194,375293116,ransom,
6032386,29083,822902,556214,137375107,ransom,
8199339,9120,744723,678872,202993263,ransom,
4834489,5533,489584,434945,123262983,ransom,
10646308,31307,1307455,879745,219933206,ransom,
12176830,13238,968999,869007,304851517,ransom,
2106223,2472,289725,268164,53323069,ransom,
11019492,13642,968385,800772,259288381,ransom,
8507534,26488,1131443,800600,183892418,ransom,
9113099,10134,894593,828341,225053627,ransom,
8055114,252199,704012,634774,202280147,ransom,
8486215,171022,1061657,692763,131151917,ransom,
1295729,5375,573637,446953,34242704,ransom,
799887,878,368510,335049,24547801,ransom,
688956,982,297874,267480,19640888,ransom,
4899477,21296,1114793,743071,89309654,ransom,
15137663,17536,122680,61741,367174980,ransom,
21657022,25152,1899209,1788174,527284379,ransom,
5515729,17127,807644,501601,107781143,ransom,
15906838,30479,1529812,1285045,392902574,ransom,
15429728,17845,1437477,1307321,380946551,ransom,
8160488,9590,869250,793660,202327352,ransom,
13990270,86497,1286936,959538,263767777,ransom,
16749391,32856,1684508,1404593,410707705,ransom,
13043398,130296,1073584,970560,321326908,ransom,
8692234,9736,807907,732815,216148249,ransom,
16592006,37251,1884294,1432982,365970423,ransom,
13735966,15131,1221555,1100083,343232893,ransom,
11669478,13161,1040495,938276,289520373,ransom,
8465884,18265,1281069,1079693,176494131,ransom,
2116454,20030,945916,664016,48830300,ransom,
8235374,9424,322681,266001,203624442,ransom,
27424436,30155,2084438,1917798,672102258,ransom,
7673158,87357,876587,532763,100245146,ransom,
12213619,17021,1317811,1091670,306708643,ransom,
19395547,22013,1707136,1551052,476402946,ransom,
8663806,10019,883104,813217,214028772,ransom,
16305126,35262,1880154,1429375,361980262,ransom,
17689416,20522,1478308,1354835,434427218,ransom,
9629368,11561,964816,881206,237323453,ransom,
13656875,16802,1121433,1007379,305693558,ransom,
4555137,21121,1504804,1106344,100994164,ransom,
472410,529,86501,70616,14900044,ransom,
27496345,31067,1465337,1302186,676208851,ransom,
14914458,77015,1577786,1333132,292590389,ransom,
5408094,21965,938153,603443,121873708,ransom,
19364620,21663,1805244,1650157,484381638,ransom,
14014398,15840,1021825,904213,346812246,ransom,
9256161,28948,1622068,1167675,189028478,ransom,
15281458,16310,1148906,1053555,382537326,ransom,
13862047,15967,1302896,1175496,345361876,ransom,
10712377,11782,925828,834847,251175036,ransom,
15988953,36414,1957989,1499105,369619156,ransom,
14699457,16817,1433826,1304272,367155339,ransom,
10651288,13301,765923,687644,258479938,ransom,
16718933,98931,1693391,1220932,327922799,ransom,
15804150,17875,1484633,1305718,396051567,ransom,
6033080,7254,803009,727166,152215519,ransom,
1266417,1265,379395,331912,38943205,ransom,
18948053,42708,1190294,763135,423080403,ransom,
14930418,17640,1709162,1578600,369958902,ransom,
7793439,8912,706474,639239,193952796,ransom,
10786345,17712,1068445,816440,236099969,ransom,
10700693,25621,1421990,1128337,257493322,ransom,
10895900,12693,888577,808618,267592868,ransom,
2400029,3102,272862,235587,61621125,ransom,
14788759,105431,1239392,908284,289670896,ransom,
13352692,28634,1522822,1178640,326421618,ransom,
11644525,12737,981643,898653,290140489,ransom,
8124495,9771,835067,770332,199437755,ransom,
12609279,35543,1431845,966566,260243090,ransom,
9690378,10855,1006199,902787,244378210,ransom,
6610956,7691,612692,563991,162539088,ransom,
14120107,18046,1130559,1001963,344557744,ransom,
14085022,42076,1639931,1130018,299975941,ransom,
13630721,15353,1122346,1005841,339475568,ransom,
13487184,18471,1407904,1258347,332764810,ransom,
12514577,58108,992006,847361,264612010,ransom,
15260716,86346,1738391,1236692,330994334,ransom,
13024023,16059,1154545,1029446,321869249,ransom,
8818174,11894,950403,832644,216953067,ransom,
14060541,16718,1202535,1068512,324569821,ransom,
15570789,39147,1849563,1366524,355293648,ransom,
11563547,13618,1010624,900524,282864407,ransom,
11223204,14854,1027248,894561,274047336,ransom,
21367763,43369,2271368,1689166,474217492,ransom,
10042571,13324,1055864,940381,245731170,ransom,
7294615,9148,556944,483991,177329472,ransom,
8924220,9880,847739,769790,224782988,ransom,
20315233,117612,2290171,1647818,416649248,ransom,
10842751,283337,1151136,902331,256940636,ransom,
13183632,123653,1260048,955633,320800826,ransom,
18040775,19210,1407551,1273918,447814434,ransom,
4773766,25066,1375915,961208,71023691,ransom,
842195,1184,409318,368891,25254823,ransom,
16167342,18420,498530,409462,394698803,ransom,
22439285,33693,2258809,1976466,509960272,ransom,
6352504,23610,1038911,727698,154599413,ransom,
9697189,11862,931362,846984,239742238,ransom,
11403646,13187,1078260,980277,284610579,ransom,
18919665,126042,1975732,1399441,374768804,ransom,
14153613,15938,1227455,1106028,352226730,ransom,
13410333,15386,1233648,1114461,332134373,ransom,
14286960,16575,1199773,1094710,350624115,ransom,
13574373,34972,1598655,1168980,284104245,ransom,
11009448,12593,1039232,939283,273801937,ransom,
14000498,15597,1333134,1213170,349325648,ransom,
9646510,24263,1319222,974500,202452546,ransom,
2517535,6811,874741,676652,74298136,ransom,
5386841,5946,139011,94528,135549857,ransom,
28476432,33417,2088337,1913340,696211215,ransom,
7922468,88632,880581,552856,109879010,ransom,
8289430,14811,1119861,884428,208687974,ransom,
24182506,26911,1952032,1784640,597201857,ransom,
6686427,7828,734172,691864,163139219,ransom,
8009126,26917,1257285,824096,153966835,ransom,
22514649,149582,2113270,1936263,558642846,ransom,
10405595,11444,791982,732865,256194538,ransom,
10924484,22140,930108,810262,239433249,ransom,
7771337,22856,1487404,1086435,175301085,ransom,
1847760,2779,683624,606365,51729036,ransom,
28003300,32137,1674283,1526632,685554615,ransom,
14484181,85180,1366228,950739,265221767,ransom,
2411666,5460,479000,345318,62564826,ransom,
24422166,26858,2039190,1852499,608912384,ransom,
13048516,15417,1152861,1067864,319286967,ransom,
6131832,24158,976144,575172,109094754,ransom,
22658514,25562,1905939,1729922,566430133,ransom,
14417926,16328,1375511,1280033,354073658,ransom,
7109742,12777,690115,531059,134433214,ransom,
19959614,295492,2198856,1808103,492245926,ransom,
13571829,80485,1068901,993033,330750570,ransom,
7955863,69655,484138,373394,160635862,ransom,
4670997,30239,1042697,612959,64118843,ransom,
9676323,10829,741152,676084,238631959,ransom,
6000197,6548,623962,564793,152870557,ransom,
12893369,14581,1000216,927887,302075496,ransom,
7154519,28511,1158966,730182,147443632,ransom,
4777184,5407,386492,353048,117331621,ransom,
7386427,11470,602069,445590,173859401,ransom,
5647793,29896,1209859,564043,81801035,ransom,
12227271,20113,1220029,892923,279550089,ransom,
4126196,11412,373617,220249,73835198,ransom,
11814119,82554,942544,791299,243052813,ransom,
5083068,52493,823687,393900,88522414,ransom,
9387876,11096,886937,806976,231731062,ransom,
2258833,2577,219395,191060,57645461,ransom,
12175974,26454,1260454,953573,263068214,ransom,
6479500,16471,807064,559498,157572415,ransom,
5588705,6783,587829,541275,138438616,ransom,
11438752,12583,834746,763845,282612154,ransom,
10973506,33978,1553321,1056527,234336722,ransom,
9525422,10478,779341,710363,236985091,ransom,
10736474,11631,1168747,1053759,273366337,ransom,
19852904,31284,1677941,1480221,459923676,ransom,
11397595,31903,1522034,1094171,261674673,ransom,
16071166,79145,1326672,1166714,369654787,ransom,
13040209,44441,1282775,1166694,307043461,ransom,
6029209,29777,1021181,571823,92334053,ransom,
1303000,1762,522774,470710,38845233,ransom,
24187490,27229,1545125,1389793,594823934,ransom,
13520910,15632,1191625,1099865,330050484,ransom,
4011808,26838,933522,507941,53078911,ransom,
19158099,21365,1599506,1439346,480231038,ransom,
17801884,20044,1502454,1377844,437458797,ransom,
5737882,19480,800198,524712,96489270,ransom,
14518910,23022,1516530,1275934,362277472,ransom,
20604450,35202,1673128,1513060,502168748,ransom,
8133990,63202,681676,568902,166449489,ransom,
10284188,30780,1389459,935875,212433520,ransom,
17858602,20237,1531165,1405668,442733775,ransom,
9487424,10475,972911,898457,235190829,ransom,
9315280,24659,779244,656722,201625320,ransom,
17249581,37281,1865368,1387094,407703611,ransom,
14829387,16272,1244412,1131549,369397585,ransom,
9255067,10472,880076,799856,232323891,ransom,
12001212,31698,1401175,956877,252289117,ransom,
12635638,14188,1227544,1125227,313919201,ransom,
9835601,10661,926888,856775,244298816,ransom,
16296839,78027,1175993,1009995,347463981,ransom,
17431984,41283,2086238,1536303,394508893,ransom,
11895950,13253,1080174,995997,294399245,ransom,
11305932,12475,982256,895185,278746739,ransom,
17998632,42957,1821061,1405427,396835807,ransom,
14228460,20259,1496029,1269320,350415713,ransom,
10672375,11875,898702,812797,264004160,ransom,
11124126,11953,1060506,952937,279694403,ransom,
16261214,40654,1939457,1416858,347007227,ransom,
9263146,10754,1037612,948733,229698857,ransom,
11072029,12353,1101547,1009250,277368488,ransom,
17502696,111593,1373729,1115158,349359287,ransom,
11860686,30773,1358397,1011566,278700556,ransom,
11998862,13370,1018144,930144,297261296,ransom,
13327909,14090,1185204,1081113,332771610,ransom,
17572966,41978,2023608,1530340,382736107,ransom,
12124879,13278,1089059,992854,301107723,ransom,
11197519,11943,974190,892646,277953084,ransom,
16425567,17847,1311457,1180629,388876760,ransom,
15221748,39173,1831797,1349100,346132548,ransom,
9930595,11056,983952,902129,245938292,ransom,
13603622,14736,1142688,1038438,338098271,ransom,
17778347,111891,1328502,1136563,369325011,ransom,
11453383,33009,1663857,1224061,258710057,ransom,
14292822,15744,1275992,1170017,354189221,ransom,
14473987,15867,1343365,1234660,357907612,ransom,
15917224,36138,1665569,1202868,337601692,ransom,
14820406,16511,1351065,1250237,366507695,ransom,
12672268,13815,1169978,1062929,315139526,ransom,
12147251,13467,1104942,1008309,296451826,ransom,
14851110,41607,1754062,1279283,315355948,ransom,
12517309,13783,1220513,1121129,310755298,ransom,
13488486,15027,1212332,1110617,333374424,ransom,
16403974,87182,1234131,994287,335585929,ransom,
11367388,28381,1588007,1223346,268246671,ransom,
4728788,4802,848915,797978,123412722,ransom,
691885,952,83898,68644,18729221,ransom,
24932632,48889,1966303,1434100,561555754,ransom,
11505836,13248,1134604,1057323,282676745,ransom,
9444266,10195,752401,679880,236561489,ransom,
12059183,13286,1238802,1133020,302071088,ransom,
16764833,41072,1866975,1358341,362565745,ransom,
7602870,8721,818616,760123,188842863,ransom,
13416657,14797,1143384,1055169,331040296,ransom,
20205937,113826,1421953,1174633,418184958,ransom,
9808025,26267,1404405,1048242,225833922,ransom,
8161873,9605,778052,714877,201712287,ransom,
12468275,14223,1209050,1125685,305780628,ransom,
15795189,33721,1804288,1378261,341030845,ransom,
11791349,14024,1046524,960153,288109313,ransom,
13118833,14880,1153744,1060847,323585091,ransom,
14582918,16231,1300454,1200415,342281405,ransom,
16198803,32922,1615183,1197585,369234536,ransom,
8370943,10079,1029837,958328,205765819,ransom,
12173670,13633,1075694,980281,302488221,ransom,
17169102,71759,1340203,1117350,354197256,ransom,
13768207,31582,1608683,1235212,327502631,ransom,
10236258,11275,1039120,954236,256936439,ransom,
14697314,16782,1278290,1166541,364803739,ransom,
13420442,21342,1137131,1038214,318317282,ransom,
12707689,37472,1445758,1131565,272303582,ransom,
15707500,26250,1637946,1364560,382510132,ransom,
13008967,14832,1188518,1093244,320145000,ransom,
11100294,12469,1030685,945594,275996386,ransom,
16562785,36613,1898935,1434867,354474137,ransom,
15067518,24294,1141347,1029572,367438173,ransom,
13297528,69513,935619,789303,296221643,ransom,
11884333,16164,1093935,934803,264936175,ransom,
11520110,28155,1552287,1179116,274801259,ransom,
11564065,12741,960289,856794,290670968,ransom,
10041486,11252,838037,761650,247996117,ransom,
16109879,34658,1717610,1237040,364956970,ransom,
9336975,9981,1004999,918167,237028248,ransom,
11550979,12558,988461,904964,286755383,ransom,
13377279,13710,979060,872590,320930235,ransom,
14972475,34304,1705605,1261873,338396095,ransom,
11659156,12985,970289,882608,289297093,ransom,
14814139,91658,1328270,1160223,328889467,ransom,
14821241,34280,1690338,1272057,323646702,ransom,
10580512,12336,1067275,962071,263656676,ransom,
14216572,15405,1149388,1050538,353953824,ransom,
12932313,14085,1100005,1004864,321239208,ransom,
14440695,34286,1855011,1411303,308739026,ransom,
13839308,15319,1140896,1048075,341117553,ransom,
10032728,10828,1213810,1118155,254775322,ransom,
14777827,25846,1145472,961948,331070992,ransom,
17187831,34355,2080215,1703197,412187982,ransom,
10478010,11569,799700,724912,258698369,ransom,
15859471,80840,1319513,1154710,353566071,ransom,
17460004,38555,1904296,1441687,383093792,ransom,
12209170,13532,1066196,985577,301935363,ransom,
8461568,16791,663279,567954,211220606,ransom,
6460959,20269,560635,415700,163009386,ransom,
15492136,65767,2078530,1445823,342957109,ransom,
33331578,62343,2387337,2140877,811129987,ransom,
1814436,3147,288520,263712,44050219,ransom,
12774224,33538,1521495,1096953,265824360,ransom,
22113637,26632,1916353,1718197,547721611,ransom,
6880421,8501,705840,636643,170799935,ransom,
15223603,19890,1390362,1269388,378555436,ransom,
20035895,103741,1897273,1371866,408116109,ransom,
9214781,10600,874560,785243,231002713,ransom,
10730131,12146,1026427,935213,269242881,ransom,
16299063,18116,1462187,1347302,398451887,ransom,
13450870,43550,1596340,1165878,284913968,ransom,
6360679,7408,749024,692242,159024588,ransom,
16764281,18679,1413707,1287795,416842902,ransom,
17402390,34587,1887659,1511861,381522878,ransom,
2402754,7427,529051,411143,59404128,ransom,
1267760,1633,566881,514544,37706780,ransom,
24907563,27275,1573412,1448945,611172371,ransom,
12287907,91157,1237309,863679,220920526,ransom,
7564867,22689,910370,727050,179720821,ransom,
18210318,22816,1452033,1226919,444204105,ransom,
14453609,18048,1551103,1206759,341198562,ransom,
13988708,41675,1739569,1053552,274446503,ransom,
16128356,23497,1341289,1082817,377616260,ransom,
17621602,19271,1605917,1490580,434045584,ransom,
7747762,10773,645510,548580,167114131,ransom,
13212500,31847,1761455,1346384,310008794,ransom,
15202737,17060,1373755,1262584,376207462,ransom,
9595888,11416,1031375,935575,236683754,ransom,
17269904,119834,1755749,1195346,327010771,ransom,
15657643,17794,1478952,1345930,389205788,ransom,
8933713,10407,676112,617722,217165987,ransom,
13551222,15160,1414222,1288289,339624049,ransom,
19216942,42392,2048717,1530049,422221903,ransom,
10419757,11723,825978,759992,254310410,ransom,
11492348,12616,1096457,1002268,285349041,ransom,
18428376,30329,1822784,1511364,412046688,ransom,
13613595,25675,1457215,1180152,327918041,ransom,
10274366,11756,942914,862398,254237923,ransom,
17841531,44777,1535695,1396099,429053819,ransom,
16551638,95950,1858608,1327936,324539675,ransom,
8867922,10125,767193,694298,219324973,ransom,
19021078,20832,1531879,1396504,470242761,ransom,
13291947,23068,1343929,1209411,298211076,ransom,
10695908,29309,1397397,987215,242563579,ransom,
15459643,17338,1440107,1310931,382973142,ransom,
13003994,15408,1146186,1053295,319960987,ransom,
12851016,31120,1519981,1159022,275890688,ransom,
15942666,22165,1511477,1265522,395561716,ransom,
12657930,63001,1161246,1064454,312187290,ransom,
10934785,12091,1074142,967423,274380133,ransom,
20797648,93275,1662836,1330818,433297873,ransom,
11886886,25103,1495259,1208825,291092279,ransom,
11276440,12979,1051930,935771,283766581,ransom,
13773639,15729,1333947,1224353,339507124,ransom,
13603462,36202,1642550,1192870,285574500,ransom,
11139526,11942,913322,824481,280547875,ransom,
13601963,20589,1350879,1237760,336413437,ransom,
11998357,13167,1102235,998479,289132394,ransom,
15395041,35836,1854920,1404933,347995792,ransom,
13855254,15282,1297699,1174405,346421321,ransom,
14155188,15886,1098381,1004754,347853794,ransom,
14998922,30110,1717528,1332065,327538144,ransom,
14959932,67900,1334249,1106410,334238549,ransom,
16210781,18218,1297066,1184775,398030291,ransom,
10954283,12418,990701,911390,270187375,ransom,
14098202,32426,1626375,1209749,302821972,ransom,
13667864,15580,1243700,1142160,337553338,ransom,
11551121,13519,1053175,961965,286075094,ransom,
11686816,24735,1215588,993990,247660235,ransom,
13374490,25833,1741637,1401422,335106447,ransom,
14826670,15377,1232326,1108229,373931708,ransom,
10429593,11853,820403,740904,255882513,ransom,
14179928,35077,1809159,1323254,310971465,ransom,
22308399,86135,1686183,1479522,510910567,ransom,
9502594,10953,823033,759989,232847999,ransom,
9480790,10922,891872,806933,219744884,ransom,
20899926,43855,2387275,1860640,490804714,ransom,
13014331,14469,1026976,941592,321125923,ransom,
8332758,9452,769026,698837,208047574,ransom,
20372206,42880,2193821,1706056,454750518,ransom,
14023161,16622,1198372,1067879,345355383,ransom,
8915609,10233,806162,732552,221180730,ransom,
16213306,20732,1460197,1333446,397579025,ransom,
17666514,71363,1999409,1451571,374412201,ransom,
10878151,81336,919091,799742,234011726,ransom,
16415762,18694,1406384,1283818,407931921,ransom,
14782215,17332,1237933,1121865,339368160,ransom,
12334895,37607,1632497,1146528,277183401,ransom,
15714855,17193,1343218,1232126,388262493,ransom,
13256147,14660,1216930,1124829,327309963,ransom,
12396340,33590,1412719,1012020,256704584,ransom,
15428604,21911,1444761,1212908,380048187,ransom,
13207639,14620,1197854,1098840,327859362,ransom,
11929279,13247,1075153,987441,294782832,ransom,
19180625,49582,2030747,1478441,428127538,ransom,
15943688,345354,1365677,1201806,350123069,ransom,
10219859,99194,726936,645225,255939842,ransom,
16227315,20464,1458352,1264668,371874406,ransom,
14922909,36607,1734477,1277677,353792718,ransom,
11325340,12692,1039534,953348,279729057,ransom,
10837141,11544,1028287,934514,273699362,ransom,
11493253,34441,1514970,1046919,230754650,ransom,
13582081,14510,1087517,989511,338267703,ransom,
244027,635,149006,139947,5708888,ransom,
7684286,8449,661251,598459,183302880,ransom,
6832694,25619,1137284,707777,145334222,ransom,
10614165,13597,845016,789775,256951981,ransom,
8534978,65149,504099,393763,174953068,ransom,
4973569,24345,1092497,685562,84540451,ransom,
14517225,15419,1193964,1097894,361373564,ransom,
581710,490,106781,91421,18082789,ransom,
12969825,14227,1067066,975745,314691828,ransom,
7092710,26153,1078054,648276,148574869,ransom,
7465702,8564,647891,605989,181424447,ransom,
4105931,4475,315751,270340,105027760,ransom,
4775929,22099,868843,486201,80510768,ransom,
17497772,18997,1406108,1278639,436199607,ransom,
1728000,2398,381831,358412,43876686,ransom,
12279845,73450,898802,762450,263626597,ransom,
5031435,28098,1028194,564615,87504063,ransom,
7902200,8942,545253,511292,190912664,ransom,
5995517,6568,465922,405230,152286153,ransom,
7725403,21896,979456,691170,155842817,ransom,
4647823,10287,524675,332374,120649699,ransom,
5452789,6489,506888,469320,133557756,ransom,
2091746,2132,191143,167148,53926592,ransom,
3375198,24285,777628,391283,50174821,ransom,
1528352,1737,167713,129119,41288598,ransom,
3189222,3822,246268,224537,77855350,ransom,
8822999,86917,869316,523447,157863517,ransom,
3854094,11021,557358,381815,94382783,ransom,
5189359,5285,451144,395262,134377428,ransom,
1297440,1516,85811,74502,32496553,ransom,
6335663,28358,1031682,609517,127316129,ransom,
1392095,1452,116350,100603,36165264,ransom,
4531158,4679,314216,267878,116839590,ransom,
1830129,9859,345583,191018,19891413,ransom,
6710162,19355,828263,544266,166928280,ransom,
273016,466,115332,104394,7617591,ransom,
5402364,16045,350075,281225,134526422,ransom,
7375356,83280,1056030,564991,117482200,ransom,
3534147,3618,305891,266893,91406415,ransom,
3233925,2955,242998,204606,86327616,ransom,
5203013,8975,408819,340224,118926049,ransom,
4757821,24684,901196,515679,101331281,ransom,
3864636,4715,318464,290033,94963045,ransom,
2376504,1872,180357,145196,65551502,ransom,
5473485,27814,984640,588430,101092667,ransom,
1889424,2592,162176,137594,49586379,ransom,
1631244,1964,107159,98632,39346369,ransom,
1165359,430,103280,74062,36434081,ransom,
6373167,98110,849806,396141,81028048,ransom,
2006072,1419,182728,139739,59560983,ransom,
6561140,7761,480244,431539,162632411,ransom,
9561630,126297,679925,581492,250429880,ransom,
3254607,23314,889311,531212,44656627,ransom,
2586180,2810,195551,166748,67174325,ransom,
250776,356,34412,32827,6083872,ransom,
3069308,21582,705085,343580,51870538,ransom,
1038150,1538,83818,68692,27067312,ransom,
3721684,3992,247844,205424,97263013,ransom,
962714,1436,140960,131477,23330361,ransom,
7825921,89108,1019197,554236,127657528,ransom,
104494,707,9560,1087,2597918,ransom,
4423301,4971,373314,335761,112480000,ransom,
3557527,4112,307658,269328,92717709,ransom,
5616742,25978,949889,573724,107023576,ransom,
2364791,2627,237074,197788,63530749,ransom,
3879277,4584,266695,237104,96712666,ransom,
3874563,23023,868144,488767,68144716,ransom,
6952431,8002,525733,465310,175315247,ransom,
852150,1375,142074,132126,21008843,ransom,
4112243,13415,367625,184295,78551184,ransom,
5402358,85630,1037669,383778,61281738,ransom,
7474600,15810,723188,453067,156729747,ransom,
3231293,12696,459512,254587,49043203,ransom,
7149918,8698,507187,464897,175186386,ransom,
4252016,23556,890956,478351,72522024,ransom,
1141527,1651,81367,67284,28397915,ransom,
7288979,8878,670360,597352,183929915,ransom,
4354202,14408,544571,347798,81398806,ransom,
3945966,14794,561567,346227,91289158,ransom,
4096702,4877,360736,331043,100648391,ransom,
7831921,9176,819774,760743,193547383,ransom,
4597105,22887,918337,544967,83976612,ransom,
8623296,69347,592790,457465,176486740,ransom,
4467365,5757,405587,365204,110863597,ransom,
2761720,6879,292731,204828,48288681,ransom,
6983374,24087,1021131,685942,161314933,ransom,
3845554,4587,503422,457093,98580318,ransom,
6673808,7613,411890,371452,163520497,ransom,
4058481,23835,868671,508950,69585558,ransom,
10213794,12527,978926,896281,250846445,ransom,
5543262,6543,625323,557303,141403412,ransom,
9832109,11665,858570,801634,238918786,ransom,
12870673,34863,1485809,1033986,277013509,ransom,
2522298,67425,192928,121910,20535506,ransom,
9492365,70083,869058,796067,234026712,ransom,
9495757,25162,1177796,877805,204191276,ransom,
10048057,17482,1107476,929786,241971536,ransom,
7741199,9183,604556,547017,190467185,ransom,
2303751,2967,279434,250034,58251579,ransom,
10000630,29860,1455742,1056061,207862292,ransom,
12093267,14597,964916,866157,299663751,ransom,
7496326,9499,814319,757937,183230224,ransom,
8652690,13332,724296,625074,190351823,ransom,
4570484,30544,937702,600592,88196447,ransom,
7978514,55086,603636,499624,161170630,ransom,
11584959,13171,938142,858839,287456166,ransom,
3485249,26132,872304,481819,46824119,ransom,
8718558,10825,801007,709065,216877415,ransom,
6708,203,3584,152,44309,ransom,
9031480,12153,769431,677824,211279157,ransom,
2079611,24391,795763,391594,28285039,ransom,
5102528,5930,370667,342107,123877989,ransom,
9517394,11410,830366,739365,239326118,ransom,
7732194,13632,748563,616701,164805051,ransom,
6820031,62038,953740,554873,136879720,ransom,
4337064,54637,329654,268164,76715930,ransom,
8094530,9165,510192,455862,201807229,ransom,
3812332,28646,1049946,633716,54345765,ransom,
7536700,8353,644989,590729,188576679,ransom,
3148904,5289,417801,362678,80596386,ransom,
13211987,22197,1074064,932561,304490333,ransom,
2148227,19839,638538,286237,32404982,ransom,
7195419,9006,674341,617747,177924402,ransom,
2691991,6641,300955,262440,57589329,ransom,
7571725,37960,962678,588786,141635708,ransom,
8579325,15313,662460,526689,212901968,ransom,
6515172,85577,663829,562273,120165713,ransom,
10944705,12262,939070,872283,269459399,ransom,
7575624,47304,1112043,618640,137395131,ransom,
10569100,12023,1012785,932807,262645562,ransom,
1830339,2307,154933,135158,46313878,ransom,
6828158,8194,587486,533057,158999047,ransom,
2377051,27286,809525,397540,29219836,ransom,
3609527,4541,222486,199220,86951750,ransom,
14484990,16834,1182040,1071143,359780639,ransom,
12238001,35872,1609633,1132663,264488238,ransom,
10386679,13024,1028260,950263,253970437,ransom,
4788416,61761,278848,208115,93404061,ransom,
3109914,37671,313920,262668,57296671,ransom,
13184808,36451,1565784,1112674,282591610,ransom,
8587634,9402,587062,518414,216602023,ransom,
7158974,9162,910437,830290,180346044,ransom,
11966707,23687,1149059,902891,256154531,ransom,
9429690,23282,890603,610567,224118690,ransom,
3132727,4064,562236,524502,79841643,ransom,
11262149,12583,940534,867024,277339652,ransom,
5608691,29965,928764,480775,96132293,ransom,
13035899,14926,1221881,1100523,328602732,ransom,
11733851,13022,974401,904254,288978089,ransom,
10719406,102728,862879,722872,203562953,ransom,
9718411,35157,1270975,826287,207866197,ransom,
3266251,3754,320007,281635,84057404,ransom,
8687198,9379,756903,698776,217024662,ransom,
9186015,33690,1333482,874823,183803048,ransom,
13994544,16504,1158336,1059869,344487484,ransom,
2092072,2303,352080,319068,57727309,ransom,
8481966,10339,710904,644674,208837480,ransom,
17981306,41654,1964778,1462718,401484239,ransom,
3305597,3683,234767,202802,83682463,ransom,
7620204,8406,738488,660292,195316747,ransom,
14250176,85929,1146050,986189,297008311,ransom,
10264545,51929,1277168,825218,216896142,ransom,
6577328,7259,612181,551223,165859569,ransom,
3481445,3832,269000,247845,87055955,ransom,
14487168,35353,1638510,1212292,312004894,ransom,
8899650,11786,885358,759578,219622727,ransom,
8963550,10320,738847,667438,223735714,ransom,
4997017,21997,518812,402388,91766440,ransom,
10916312,35293,1321579,856930,210241118,ransom,
13141402,15021,1074831,959534,331945660,ransom,
5115408,5968,556424,505520,130007918,ransom,
11710532,101023,970456,788604,227256751,ransom,
14515977,46464,1454076,1015814,329586331,ransom,
853986,1284,309745,287001,23723183,ransom,
7820683,9672,705214,632774,193281407,ransom,
14430843,37058,1433093,1009990,317542162,ransom,
8894426,9862,844205,774897,221247168,ransom,
6731244,8134,727002,681151,164639755,ransom,
5588900,6112,385236,337460,140755005,ransom,
6510650,25480,1103145,725249,119162079,ransom,
10985914,12353,1016213,937760,272221795,ransom,
8543507,9394,668558,594457,215647628,ransom,
10648579,53799,891867,735199,225241754,ransom,
12008296,43138,1503519,1112243,262985293,ransom,
5238425,6047,564416,499932,132820278,ransom,
7943837,8984,669845,621285,193287531,ransom,
8552043,25403,1139501,763769,172831877,ransom,
277289,668,218114,199052,7981824,ransom,
829692,915,333802,302105,25148224,ransom,
1343015,3998,331894,276218,26433917,ransom,
20941684,36135,1485526,1099862,492628052,ransom,
13633621,15631,1280428,1187097,336126782,ransom,
1064851,1787,264144,249531,25706070,ransom,
7662737,77001,1011640,574226,112376093,ransom,
7102498,7692,620365,545695,182432224,ransom,
9278414,11066,838294,782597,225913517,ransom,
6731840,7533,619536,565042,167526723,ransom,
10126946,28843,1484658,1081344,219275539,ransom,
9003780,10312,598130,552341,219594497,ransom,
13030024,14603,1017853,923038,323974584,ransom,
6107547,22854,1066908,774005,113498984,ransom,
5099176,8249,505387,398633,124162683,ransom,
6564720,7639,587437,532234,163588183,ransom,
5932017,6786,666589,600399,150442036,ransom,
19464493,90022,1793569,1302896,405844687,ransom,
10059734,11442,895189,825602,249184096,ransom,
943176,1333,270489,247781,25970473,ransom,
4232361,5198,314975,287157,101827978,ransom,
15374802,38913,1742135,1294805,342777046,ransom,
12646718,14353,1135374,1031945,315492890,ransom,
5563418,6519,508846,464506,137485567,ransom,
9101147,31348,1105211,809097,177711131,ransom,
8830852,17863,873703,665833,215474249,ransom,
2829529,3125,466173,434246,73541624,ransom,
8691341,10253,725765,659917,212804813,ransom,
19968991,117470,1823088,1401617,409301869,ransom,
7037199,17952,749717,528132,168775315,ransom,
6058658,7309,763790,693832,153866813,ransom,
6638086,7758,564871,531497,160940807,ransom,
9174070,33052,1320285,855224,181062741,ransom,
12803361,14550,1017670,931412,315506084,ransom,
7691992,8587,759428,681992,192371707,ransom,
7054857,11739,688314,575535,146112489,ransom,
10192943,34606,1482102,803751,202404305,ransom,
12847089,22218,1354025,997835,286701473,ransom,
5168808,11765,541548,385117,101930630,ransom,
12426247,59800,1126073,944405,260852433,ransom,
14392046,84237,1510222,1046417,307974249,ransom,
5992467,7106,546321,495484,148923728,ransom,
9883310,11065,658232,588425,245454854,ransom,
6803979,21991,1114630,805620,121721300,ransom,
7328827,14178,1003505,800762,180792415,ransom,
12996581,14938,986125,911561,318437115,ransom,
9272505,10643,728530,664438,229653419,ransom,
6675254,28944,1308787,862252,120223593,ransom,
5493934,6385,414973,379936,135246259,ransom,
10842187,12712,897193,822052,266191679,ransom,
7143952,32350,605672,507833,143829919,ransom,
19356714,119085,1877914,1327328,413066379,ransom,
5981403,6913,596136,550364,148128441,ransom,
11163593,12360,982849,895934,277076030,ransom,
5808518,6876,683369,629662,144498276,ransom,
8471493,32159,1173225,723771,158953175,ransom,
6666051,8166,775206,706039,165127345,ransom,
11297913,12397,1010483,927685,279916236,ransom,
15327680,36178,1596639,1176140,328028654,ransom,
9139151,10595,832724,723758,227468556,ransom,
1903491,2251,221002,199633,47738653,ransom,
12191985,13259,939990,834761,305885677,ransom,
14459897,115148,1482040,1178057,276890771,ransom,
7689790,23514,1047393,722444,181906688,ransom,
8441679,9892,669335,621251,205722959,ransom,
10019509,10979,823064,752827,249009861,ransom,
7189325,36348,1095788,649479,131138511,ransom,
7059673,7508,634303,565304,178956614,ransom,
10695253,11638,880616,815425,264047425,ransom,
10604988,15996,1059147,926393,242337953,ransom,
11206709,31769,1436021,1026878,251872245,ransom,
3446456,4042,346838,302169,88448968,ransom,
6530016,7376,554112,507771,162838454,ransom,
13478238,87667,1118611,946605,282679197,ransom,
17099884,59447,1763817,1288040,386892160,ransom,
2382220,3022,348872,317573,61297318,ransom,
5276827,6170,440169,397466,130188166,ransom,
12711838,48897,1604683,1114551,268098434,ransom,
11050066,13132,866601,766744,273091564,ransom,
7968459,8681,981360,896702,201126497,ransom,
6740467,7537,530803,489574,165880370,ransom,
11948894,35130,1411084,941377,251818333,ransom,
6831946,7725,763396,690692,171864723,ransom,
5920852,6814,530280,477914,146525215,ransom,
13527511,35598,1079222,951728,304070633,ransom,
13062460,101323,1404168,890864,262782830,ransom,
5292594,5872,617610,555737,136280114,ransom,
12677227,14822,1179336,1077496,312579001,ransom,
15386126,17166,1327824,1215528,373259271,ransom,
12913033,44984,1644402,1182807,277664531,ransom,
13684564,15179,1192403,1096207,337979895,ransom,
14742453,15850,1238681,1126854,366528916,ransom,
12169662,26459,1310509,1004611,253634352,ransom,
11406396,33343,1362096,1025109,271246243,ransom,
12880759,28703,1294888,1080061,311485582,ransom,
11264700,23844,1301739,1062288,262466413,ransom,
15938723,77590,1483070,1050536,309098738,ransom,
13633048,47513,1460356,1012330,294206237,ransom,
13587186,16391,1169733,1039624,333299374,ransom,
14515494,15826,1347298,1238982,360166594,ransom,
14683378,45225,1693538,1238658,311727024,ransom,
12840726,14450,1059351,964231,318167533,ransom,
12290753,13486,1169212,1070594,307581993,ransom,
14769496,17279,1255268,1135170,340292192,ransom,
14878596,37960,1922872,1430965,342175308,ransom,
10163712,11915,850397,769376,253100933,ransom,
13267427,15629,1188044,1074676,330557909,ransom,
15378059,84764,1513751,1207180,310404330,ransom,
12869584,59086,1524675,1134459,296476816,ransom,
14368974,16233,1265570,1149597,358222887,ransom,
11136990,12695,1093462,1006617,275846382,ransom,
13612709,34306,1417290,985905,283829191,ransom,
14895209,159051,1502232,1315706,367388867,ransom,
12321080,13219,927003,848869,304937910,ransom,
13094731,15297,1227309,1118200,325463526,ransom,
16970429,157343,1975341,1457216,366475592,ransom,
13027588,15888,1122726,1016767,323840519,ransom,
11513304,12522,1071273,980256,286926164,ransom,
18061097,23511,1541269,1325706,408251954,ransom,
15940162,126645,1759785,1282491,334898744,ransom,
10910022,12400,917000,832227,269987713,ransom,
16555120,19007,1381895,1252266,409976165,ransom,
13408589,14781,1369951,1265927,323103583,ransom,
13416500,37670,1531553,1066058,287474508,ransom,
13802738,16715,1135514,1022288,340543304,ransom,
14723872,16259,1424129,1300346,366275659,ransom,
14605617,36155,1428689,1118795,311336866,ransom,
12578231,27494,1574317,1269791,308275992,ransom,
14239709,15783,1233344,1127039,353019979,ransom,
11882406,18240,1117601,962173,293484009,ransom,
19679749,101479,1760905,1324259,399940804,ransom,
13768145,23966,1531499,1258104,339539403,ransom,
12897128,17283,1145540,994112,317223223,ransom,
11774680,13100,1214597,1111472,292686748,ransom,
15561324,44509,1636578,1220185,325729116,ransom,
12418032,26402,1421143,1102429,296148248,ransom,
11549553,12755,1212267,1098440,289939608,ransom,
11780685,14827,1118563,983972,287619905,ransom,
12750585,36372,1533800,1009089,262313712,ransom,
17994664,25469,1459854,1229362,449676394,ransom,
13065958,42661,1394872,1218962,313168654,ransom,
17145623,103277,1545829,1102073,348073873,ransom,
13135875,23847,1390488,1127737,319076678,ransom,
12528110,14509,1095329,998225,309762727,ransom,
13710605,18247,1219299,1068396,335615382,ransom,
14871544,35456,1839227,1362562,318258907,ransom,
14702009,16392,1316074,1196965,365566481,ransom,
13107182,17288,1225400,1069163,321516753,ransom,
14845353,19930,1377233,1208968,342510616,ransom,
16244855,39535,2045419,1529861,380587909,ransom,
11945324,13795,1052020,956103,293449447,ransom,
12400147,18544,1187243,1034178,306423773,ransom,
18129969,69185,1331595,1105536,377440475,ransom,
11415060,37388,1550360,1133325,254018829,ransom,
15541691,18635,1398692,1196981,391953480,ransom,
16539606,18171,1411277,1288524,409303141,ransom,
9482727,12388,895288,772098,223125845,ransom,
18041380,42440,2036406,1494302,400865216,ransom,
16328908,19148,1493922,1344769,405272513,ransom,
9131188,12820,895399,769642,222322648,ransom,
17114628,31982,1680169,1304154,374621169,ransom,
15476257,24077,1493409,1145794,385394008,ransom,
11081548,14539,991111,854322,270614424,ransom,
14995985,81494,1309592,1136277,329960244,ransom,
18138900,46135,2028864,1453576,399728590,ransom,
11896284,13459,1115108,1022800,294643618,ransom,
10814485,15423,1021655,879709,265666366,ransom,
17192827,20823,1407946,1238772,399175493,ransom,
15916711,37117,1918929,1460516,366056152,ransom,
9547205,12885,887558,761168,234879358,ransom,
11623297,12997,1153425,1049882,291411662,ransom,
18224194,40352,1984492,1472691,398643242,ransom,
12779985,15746,1264992,1099287,316313363,ransom,
12918764,14538,1156492,1047626,322205898,ransom,
18942514,85573,1467131,1230107,419466621,ransom,
15723009,36325,1801931,1359975,343476229,ransom,
9752713,12878,1151896,1004694,240687643,ransom,
16266702,19825,1496060,1332707,397617334,ransom,
14608830,37962,1559304,1194628,312866536,ransom,
14078023,22133,1388713,1151542,341339209,ransom,
12103086,13839,1204673,1113953,298468521,ransom,
14112727,17156,1259902,1121883,342474670,ransom,
14473907,36513,1688611,1208346,300361668,ransom,
14249084,16185,1238756,1140768,348062897,ransom,
11292761,13889,1041415,903720,276502014,ransom,
13064406,26136,1356563,1060555,279051930,ransom,
13572934,84500,1417013,1077742,287663045,ransom,
12859304,16799,1339857,1194418,310889624,ransom,
10588828,22550,1142867,960599,248943614,ransom,
15955239,44985,1807008,1040298,315010885,ransom,
15910320,28173,1497438,1090630,344576743,ransom,
12838741,15830,1154535,1008546,312027838,ransom,
14486787,30446,1276107,1057066,319728138,ransom,
13208091,33482,1541031,1085094,306710606,ransom,
14623413,17032,1430029,1279454,358963680,ransom,
11579054,12981,948481,855746,287740320,ransom,
17021542,42540,2053189,1481252,370977293,ransom,
13103147,74623,1273217,1105988,293712764,ransom,
11619029,43706,915712,784747,270359912,ransom,
14065855,17666,1299486,1143447,317348524,ransom,
16638200,42086,1984590,1471056,383029161,ransom,
12092054,14878,1096855,960738,296320298,ransom,
7659894,10031,766789,671646,184010323,ransom,
13153779,27848,1355137,1022668,276728968,ransom,
11408019,23380,1402694,1078370,274303650,ransom,
8808335,9987,603170,550702,217586735,ransom,
10278256,12364,1090942,945300,254206382,ransom,
13839081,45099,1701564,1146007,285237847,ransom,
11952549,18871,1039270,949863,292083087,ransom,
13625050,104408,942139,750915,290803287,ransom,
7426556,9490,832130,767538,160365462,ransom,
12506293,36094,1652266,1158109,279110418,ransom,
11078459,13109,985876,867468,269939522,ransom,
12198837,12859,1059314,951227,307024126,ransom,
13191741,37787,1677578,1190444,274089190,ransom,
12153956,13934,997511,888223,302192359,ransom,
13461226,16194,1565070,1399953,332582923,ransom,
11002202,13695,1038072,910183,266096025,ransom,
16367608,39706,1704843,1207006,350841763,ransom,
13794207,16306,1398122,1257085,337337948,ransom,
12850696,81330,999708,847917,277942776,ransom,
14281938,48208,1397072,1101827,295205166,ransom,
16059597,30291,1707467,1368823,385546733,ransom,
12141462,13379,1099181,1004964,300632769,ransom,
8986095,11101,840550,722670,221277368,ransom,
14982120,33615,1741013,1262347,326161106,ransom,
10720200,11767,917686,845580,265163936,ransom,
8958419,11078,994454,877168,219829184,ransom,
14597649,21450,1222048,1004399,319284105,ransom,
15985342,30624,1842953,1488085,387147455,ransom,
13068633,14166,1124142,1029059,323611058,ransom,
14144805,48481,1233681,1098876,327652498,ransom,
16403691,56151,1680636,1201918,339915319,ransom,
12238618,13082,994340,894010,306642426,ransom,
11226825,12047,1027551,931827,281363653,ransom,
12306841,19536,1144214,1048959,294330195,ransom,
16103614,37270,1874615,1413974,357936004,ransom,
9906950,11685,1038353,963850,244185248,ransom,
10944409,11459,1027373,915384,277308782,ransom,
16554422,34643,1850668,1457495,358999931,ransom,
12748477,16376,1190931,1029368,316137616,ransom,
12217312,12944,936556,822960,308253070,ransom,
16863967,81891,1349433,1167823,378273087,ransom,
16690792,35069,1783944,1319179,369331215,ransom,
11563340,12348,984477,899690,288238720,ransom,
14259736,14976,1181596,1065930,357477037,ransom,
14669721,29841,1512612,1174907,320188356,ransom,
13195014,20712,1341766,1100565,331558723,ransom,
12726781,13530,1309349,1189157,322125423,ransom,
12183082,12663,973421,875028,306631551,ransom,
15108832,38896,1693932,1202854,326754562,ransom,
10439070,11395,963756,876730,260707142,ransom,
11289650,11798,1152793,1025971,290214766,ransom,
20153354,109211,1614553,1369329,429784402,ransom,
11271277,32397,1399326,988608,254665655,ransom,
11800508,13082,940256,868408,290204608,ransom,
7209625,7506,602801,523974,184491029,ransom,
9578382,30500,1411634,970081,191784751,ransom,
11506929,13535,992050,918640,281207993,ransom,
11225200,11960,907982,830660,278775228,ransom,
5131240,5879,579671,520126,116085000,ransom,
7953224,37850,1117466,689626,159879228,ransom,
11088051,12304,983536,896898,276113931,ransom,
9723238,11270,855819,763444,241890651,ransom,
7569625,85518,635562,486480,126090700,ransom,
11661847,41763,1424166,997746,259470469,ransom,
10366623,11422,800713,730189,256845719,ransom,
4957596,5684,559334,501154,124912761,ransom,
10720775,31862,1345327,935302,217891589,ransom,
11274824,12510,978202,894655,278904564,ransom,
6750054,7702,628753,567419,168597296,ransom,
9050171,10578,811077,738428,207467896,ransom,
11561844,30688,1513306,1111060,258595780,ransom,
13084262,14038,1166075,1063126,326098059,ransom,
13120189,13867,1162741,1063984,326483246,ransom,
18177013,83725,1815943,1375278,365600258,ransom,
13727634,18075,1377517,1188969,339149453,ransom,
12154032,14547,1041306,930743,298922225,ransom,
13246486,15620,1177904,1073555,327210053,ransom,
17573617,38182,1990624,1502999,383776118,ransom,
12386903,13532,1056175,960430,309012419,ransom,
10902737,12291,1007732,922039,270084407,ransom,
17965884,20671,1404847,1263827,414948035,ransom,
12863659,33694,1739681,1264172,292320519,ransom,
4533842,5708,540276,496728,112204839,ransom,
7926591,38547,673216,597860,178006141,ransom,
15963316,74667,1805519,1337313,332876195,ransom,
6441615,8129,628678,546949,156610956,ransom,
11118650,12164,1008716,928246,274639483,ransom,
10966676,12276,1040518,951373,273023951,ransom,
11094218,34125,1413248,960162,229329525,ransom,
10089317,11426,952284,881219,247247781,ransom,
11886848,12887,918106,835782,294081032,ransom,
9546288,28656,1112368,844851,200796065,ransom,
7625857,19043,1067581,832434,183365085,ransom,
11551944,13510,955512,866599,283450601,ransom,
11836898,68732,982461,836589,259567457,ransom,
8749929,39728,1347694,915364,166590422,ransom,
11543762,13232,866904,790199,283194916,ransom,
14274767,16624,1275915,1152153,354671494,ransom,
10533806,11300,922195,830447,245248317,ransom,
13694337,33607,1620287,1178582,318264715,ransom,
14445910,15629,1343676,1206926,364377386,ransom,
9450387,10926,1005374,928134,233855797,ransom,
11831383,29906,1324046,971435,250403796,ransom,
16587050,18817,1642282,1440678,413323533,ransom,
10256879,11666,762797,697304,250353880,ransom,
12961327,267181,1072355,960743,323653718,ransom,
17785741,71152,1955355,1472398,374101726,ransom,
8821725,42010,624072,505915,205103783,ransom,
9375594,9673,929476,825969,240301529,ransom,
13865636,26950,1366884,1106376,299294275,ransom,
12087471,19303,1303677,1052884,300137161,ransom,
5692888,6171,531929,468714,145513497,ransom,
8492216,9548,905833,837851,210636321,ransom,
14014217,33224,1598949,1184304,305041468,ransom,
9760770,10229,773595,694158,244085858,ransom,
10343909,11014,966224,878253,259264496,ransom,
15251652,26308,1406362,1157975,336791899,ransom,
7152771,59577,1176544,883421,146569289,ransom,
10342201,267185,859334,764527,242964595,ransom,
12943635,100489,1068928,978703,320939599,ransom,
17205088,43845,1958078,1473668,375030269,ransom,
15070202,16724,1284116,1165304,373193276,ransom,
11705591,12998,1143619,1044753,290539855,ransom,
13180049,18650,1022570,912844,302985786,ransom,
19735274,39694,2194930,1712379,466506860,ransom,
11605084,12839,1164250,1064152,288622332,ransom,
10381907,11995,870080,781398,256872477,ransom,
21424999,49997,2096524,1659464,477202916,ransom,
14062529,78351,1388519,1156966,306917716,ransom,
9657799,10656,783015,707708,239595022,ransom,
17588414,18856,1500836,1364112,438805853,ransom,
13873070,34900,1724039,1227756,289174499,ransom,
8922192,10461,868762,783717,222318735,ransom,
14639942,16057,1361566,1251512,364574532,ransom,
15019690,25541,1473170,1234649,330343408,ransom,
10887905,24750,1493062,1123357,260062812,ransom,
12571866,14746,1211611,1101612,313354297,ransom,
14292823,15672,1231989,1132713,353529626,ransom,
13626210,36849,1452824,961094,277984419,ransom,
12262853,17222,1232392,999727,292751050,ransom,
18116112,110813,1555808,1153941,385624540,ransom,
15620373,34334,1387950,997834,351121127,ransom,
14667670,38596,1877391,1341974,304174817,ransom,
14784731,16691,1273645,1164500,364641502,ransom,
12864735,14045,1114003,1027127,317642588,ransom,
11274768,27610,1098388,814895,229850020,ransom,
13582390,22924,1345083,1064854,332667262,ransom,
16350892,18695,1558616,1439331,403584673,ransom,
10360236,11611,917336,840947,255487882,ransom,
15797250,37409,1788509,1312548,344879405,ransom,
14213459,15779,1271448,1151432,354772066,ransom,
13115219,42898,1165648,1040657,310252984,ransom,
15193064,64001,1311228,981001,307938248,ransom,
16092348,29794,1749476,1441312,391481556,ransom,
12064510,13487,1044560,948184,299967164,ransom,
14107226,16418,1324831,1225328,347880368,ransom,
14287704,38600,1747894,1240507,301919822,ransom,
11989400,13629,1199698,1099120,297723113,ransom,
15231722,16766,1246206,1143774,375679927,ransom,
11249877,12718,1042783,957580,276949886,ransom,
11341419,34800,1702084,1192133,228556787,ransom,
14840338,16521,1159912,1069587,364971384,ransom,
12853922,79143,1269681,1119171,287148930,ransom,
14199369,56962,1317047,984538,293700591,ransom,
16054924,26051,1617213,1315405,392648622,ransom,
12519752,13022,1139425,1041973,314479336,ransom,
9890357,10059,803418,704253,253066758,ransom,
18840227,104515,2080638,1541262,428485186,ransom,
15540280,86338,1247637,1140542,384886913,ransom,
10298076,11521,978760,891779,256462627,ransom,
15486485,19871,1144442,991057,352642929,ransom,
17378324,34517,2017226,1555773,411264669,ransom,
11367077,12535,1057953,964575,283520685,ransom,
12299386,42624,1048392,926706,293207415,ransom,
21983147,114527,2329019,1737308,457998021,ransom,
10824139,12142,884158,806924,267505183,ransom,
10169976,11940,1068423,964598,253931041,ransom,
16762285,18246,1436150,1328201,395542502,ransom,
12491057,32742,1642952,1198299,274690084,ransom,
9414050,10380,903771,830584,235127577,ransom,
14515210,16564,1368710,1266802,357535429,ransom,
14038392,33590,1415806,1063523,294203240,ransom,
11442113,13080,1115405,950859,285177613,ransom,
16042323,17834,1448570,1343774,393638469,ransom,
12088067,13600,1118327,1027075,297764493,ransom,
13630954,94091,1176542,804699,251008554,ransom,
13818044,19227,1424950,1198756,340943147,ransom,
12814188,13506,1198880,1091643,322158573,ransom,
7588374,8957,868990,809016,187306105,ransom,
10861512,34888,1258016,806522,210705682,ransom,
17628783,19076,1571561,1449220,438478296,ransom,
14557986,14791,1286124,1146435,371687635,ransom,
10109180,14660,778693,657082,217348272,ransom,
7761831,26848,1424098,1014277,179903959,ransom,
16996079,18498,1396715,1289076,418576075,ransom,
11810660,13350,917400,829633,289950218,ransom,
11553255,39854,1405660,932288,235198175,ransom,
15802779,113450,1261274,1049953,349185414,ransom,
12402463,15200,1254983,1132920,309532568,ransom,
10306714,12288,980279,900002,254240254,ransom,
14277550,45297,1861502,1347386,302851207,ransom,
20066213,22824,1513784,1368308,498039521,ransom,
9122146,8809,886145,787865,235570383,ransom,
15967354,34530,1376576,1061948,343235860,ransom,
15471317,40983,1904399,1443757,371961827,ransom,
11667987,14717,1008479,909808,282546131,ransom,
9875763,13568,1014376,896379,239536963,ransom,
18328250,40716,1971687,1497636,399407231,ransom,
14264562,51769,1177700,911457,329077455,ransom,
13023949,56589,1087517,938059,300008544,ransom,
18593700,35364,1786004,1527652,446136258,ransom,
14007200,285692,1723812,1275626,301344542,ransom,
12305479,97166,920057,830333,306332544,ransom,
16625963,18346,1570998,1453754,411010762,ransom,
13608627,21062,1266582,1076320,299154146,ransom,
13749251,28545,1590804,1224544,330011937,ransom,
14585889,15786,1264315,1160892,362671742,ransom,
12222262,13517,1085469,994330,304388179,ransom,
7022677,28311,1186526,791976,131125227,ransom,
8342104,9654,792487,679374,205679859,ransom,
14123911,90652,1038511,882617,304708098,ransom,
7338236,8036,838062,757690,174716101,ransom,
8584812,33337,1115155,673049,173000116,ransom,
11618432,12949,969885,880024,288953707,ransom,
4391566,4728,531133,479735,111910492,ransom,
14466957,31246,1344824,1065279,312538635,ransom,
8544245,17577,1031801,764730,206761635,ransom,
2694678,3473,418494,383342,67555648,ransom,
11613603,12927,988928,909197,286622616,ransom,
16802920,39946,1734382,1255080,372816428,ransom,
2964486,3548,568719,519634,76597136,ransom,
12730349,101677,870145,750516,267495197,ransom,
12029302,25189,1085521,926311,268398654,ransom,
18464025,306513,2120145,1653731,435342315,ransom,
12780625,139195,1152999,1057920,314624644,ransom,
9611922,10925,904163,829783,237848943,ransom,
19169440,42299,2091102,1622663,421546153,ransom,
14077451,16608,1337845,1179754,348186621,ransom,
8744531,10318,797972,730595,215819909,ransom,
17387467,20523,1402773,1269684,409270937,ransom,
16715491,39058,2083237,1583784,385219567,ransom,
8017625,9388,735132,665695,198212244,ransom,
14391358,24100,1153078,1038748,350452353,ransom,
23417658,121910,2363132,1813719,484924922,ransom,
5742634,8273,679391,591973,141649568,ransom,
14376033,16158,1258735,1138928,358871846,ransom,
18459777,20893,1709451,1576998,454088092,ransom,
10282042,31645,1296203,862013,209678731,ransom,
14249141,15433,1152129,1043953,353435721,ransom,
19909190,21609,1875108,1737092,491568722,ransom,
8552975,16603,978569,738999,167661641,ransom,
12456878,26282,1236877,970344,303522685,ransom,
9607458,11865,1194174,1098960,239043530,ransom,
11213495,12577,856631,795621,273648437,ransom,
11659738,76788,1283114,880703,211966776,ransom,
2273255,5691,382132,259584,55552044,ransom,
4476957,5439,346697,322176,108908697,ransom,
5591177,6513,525728,466463,133953371,ransom,
8231581,27648,1210942,817166,171201999,ransom,
5168777,5660,483341,434613,130594447,ransom,
6040477,6801,500433,462578,148303457,ransom,
6361097,18415,856597,595725,129862219,ransom,
4272499,11231,619868,441815,102359046,ransom,
6765583,7853,562765,500337,169465960,ransom,
7391299,59762,637917,531849,143665507,ransom,
8782365,35088,1127526,720132,180562023,ransom,
597522,994,159535,148801,15033319,ransom,
8348284,9177,762223,693521,208167331,ransom,
4177786,9403,447862,298086,75747563,ransom,
5552568,18174,821867,567399,131658669,ransom,
2466811,2913,262716,240011,61631232,ransom,
6687884,7653,558322,511008,165404353,ransom,
5077295,27510,978947,590597,91313784,ransom,
3806414,4551,342325,314941,93853247,ransom,
2832584,33352,217105,168572,50117577,ransom,
9692463,50534,933807,678742,191082183,ransom,
2606568,15779,602958,373932,56832672,ransom,
10489682,11820,971136,892628,259996040,ransom,
2154661,2246,236610,209289,57480765,ransom,
11715631,47756,1420624,962855,243322157,ransom,
8219312,9161,513126,456403,203626782,ransom,
3631052,4566,749223,689648,93734831,ransom,
11240785,12661,952568,872872,277490286,ransom,
17588800,39003,1857519,1404064,394195320,ransom,
10519899,11917,925338,840677,261466866,ransom,
16751302,83688,1407819,1207350,379146216,ransom,
16864306,35500,1802182,1350268,364571204,ransom,
12047720,13384,1051709,962613,298744860,ransom,
13230506,14636,1251010,1148092,329627475,ransom,
14199076,15657,1211427,1109979,349989026,ransom,
13779724,34834,1639992,1210641,296284887,ransom,
15947512,17332,1431503,1321812,394496808,ransom,
12741826,17410,1197533,942324,303021188,ransom,
15066388,36931,1719192,1041973,312535446,ransom,
11419213,19307,1252383,905693,259915591,ransom,
12685743,17972,1128099,960457,300836007,ransom,
13014243,35204,1144129,1029845,312541159,ransom,
13998465,74862,1456396,958359,266920782,ransom,
14898400,16142,1268283,1163125,371285423,ransom,
12877133,13456,1178573,1065902,324720273,ransom,
14563277,28597,1307063,1047854,318011023,ransom,
16251803,28595,1554524,1236437,395798969,ransom,
11421251,11919,1020939,926396,287326865,ransom,
13598825,14885,1292259,1192273,337679702,ransom,
16861000,39813,1843336,1352405,369530910,ransom,
13435937,15396,1131283,1036723,332851313,ransom,
14356666,16159,1429728,1319855,356403250,ransom,
10524721,13740,916366,785291,228237276,ransom,
13873778,102116,1697147,1203639,285211874,ransom,
18077688,40810,1540778,1404332,436906242,ransom,
12509714,13985,1022842,936250,309268376,ransom,
9920624,10979,1046193,963160,248574385,ransom,
16534174,42927,1910952,1378135,364941836,ransom,
13677548,15399,1180655,1078304,340099981,ransom,
16596473,18340,1399228,1288858,411136657,ransom,
12280472,15771,1150702,1035258,303140078,ransom,
16480183,41045,1856598,1346011,348915424,ransom,
11473718,12489,1130702,1030727,289764522,ransom,
16079181,18058,1324740,1209427,397466362,ransom,
12803150,24624,1349241,1084896,276304490,ransom,
13061696,42761,1499558,1200431,309438767,ransom,
16574071,86640,1210561,1061060,371959384,ransom,
9464820,10718,1057667,979574,236502179,ransom,
16641703,43009,1859603,1352874,360097712,ransom,
16106617,17972,1402193,1284949,399440663,ransom,
8939614,10492,959542,884573,220842062,ransom,
14496139,16537,1085833,967964,336049665,ransom,
16866580,36489,2088825,1631124,394051942,ransom,
10742475,11678,934140,861420,265278955,ransom,
11641063,25679,981897,896501,287947006,ransom,
19528126,50098,2058633,1543793,430005914,ransom,
11040315,12158,959077,875618,274390818,ransom,
14083947,75039,1075894,913278,310759349,ransom,
17321150,19560,1376935,1254489,404111881,ransom,
11513973,32094,1603645,1166176,259165170,ransom,
14575903,15912,1239088,1127701,361800081,ransom,
15390108,16828,1474100,1363337,382436074,ransom,
13269228,35172,1522868,1109571,274837086,ransom,
13870939,15923,1318104,1158669,344821287,ransom,
16236787,17641,1409852,1290254,404715525,ransom,
9432680,11217,895327,822679,231944144,ransom,
17667643,39759,1973051,1483784,392054075,ransom,
14877148,16309,1339500,1226680,369516955,ransom,
9882225,11191,900522,817868,246160398,ransom,
21488964,110809,1679474,1298754,440601998,ransom,
14923426,30996,1800901,1467627,362937587,ransom,
9549128,10749,843807,768968,236348779,ransom,
14425018,15967,1205806,1088320,360133213,ransom,
18040471,41138,2058308,1536786,395651835,ransom,
11249425,12938,911031,820685,278751116,ransom,
9741580,10629,911758,825068,245509852,ransom,
14314922,15274,1258291,1155230,341666830,ransom,
10757776,34288,1659411,1191091,229834339,ransom,
10405458,11671,911685,820140,259893436,ransom,
14405713,15592,1372181,1259235,361194252,ransom,
15394657,51887,1319644,982178,321073310,ransom,
16066918,100440,1611912,1278026,352038602,ransom,
12139779,13596,1149296,1058926,301099679,ransom,
14361988,16078,1228181,1128095,354326607,ransom,
14108224,14918,1189479,1084814,324892051,ransom,
14379739,36425,1791609,1359346,328182686,ransom,
14024463,15162,1200321,1087659,348980492,ransom,
13094844,14388,1107368,1022000,322545985,ransom,
14583931,34827,1685325,1280956,308316146,ransom,
14880843,17207,1431736,1280131,369390997,ransom,
12875150,14477,1149813,1060534,317531238,ransom,
9281089,10037,647613,567824,232375423,ransom,
10771607,93663,1354016,947185,182599327,ransom,
10702736,15119,1082581,937382,264187631,ransom,
12699530,13675,988588,897027,315787137,ransom,
9445384,10565,957170,867839,237612235,ransom,
9154876,31422,1290679,851480,177260461,ransom,
9271373,10407,727640,672185,226288532,ransom,
10361922,11007,796494,710490,260182372,ransom,
10817954,25368,1428156,1100388,234911485,ransom,
12891177,22361,1223821,996608,308373234,ransom,
9138913,9926,823154,752266,227040336,ransom,
2232571,2607,348126,308361,58956000,ransom,
19139858,125872,1632511,1203638,382924536,ransom,
15332359,23506,1555752,1328522,375500936,ransom,
11521637,12956,1046678,961109,284544324,ransom,
14827872,16167,1331199,1224701,368788342,ransom,
16102284,38492,1899329,1394500,344769438,ransom,
12669917,13703,1087656,993703,313897546,ransom,
14511201,15929,1181112,1081185,358169749,ransom,
13211351,20469,1202699,1097229,309568973,ransom,
14053454,37153,1747679,1239567,305610206,ransom,
14289500,15850,1387467,1279426,355541527,ransom,
12255025,13304,1080052,983146,305220976,ransom,
15638586,115273,1366050,1061133,300528752,ransom,
14368337,26845,1784524,1471369,351027129,ransom,
13658806,14838,1057835,963175,338629799,ransom,
9877134,11264,1058159,972910,247619341,ransom,
18067259,39238,1973468,1500337,395044172,ransom,
12533007,14686,1237596,1139801,309712611,ransom,
9409893,10906,860772,794735,231341287,ransom,
14379149,18584,1259189,1118288,334696938,ransom,
19548747,38013,2239290,1778486,461157593,ransom,
7766366,9491,770075,700759,193710906,ransom,
13808015,16461,1223359,1102107,343568009,ransom,
19011047,96471,1566296,1202756,384576592,ransom,
8423592,14795,887524,610679,214137279,ransom,
7057895,6529,527562,433241,188865001,ransom,
11991107,12510,1051986,934582,307721754,ransom,
14366933,34587,1554803,1046332,332641576,ransom,
9054285,9361,756224,676888,230680254,ransom,
9032254,9747,770545,679303,230578540,ransom,
12936226,16532,993633,785184,310116830,ransom,
9447935,44909,1227337,837494,225625947,ransom,
11866875,30447,833888,686548,307381688,ransom,
12625756,15976,1172639,984648,324968926,ransom,
13846655,92671,1476539,972668,261565078,ransom,
10317192,11679,820110,652595,268416549,ransom,
10644296,10277,813675,718215,273829557,ransom,
12433381,20893,953278,783969,294603331,ransom,
9519921,28969,1371647,912822,207798272,ransom,
13371161,14998,1109913,1022978,330697630,ransom,
13866775,17288,1375997,1209711,340758500,ransom,
11058926,43262,1387099,1060290,219364302,ransom,
10688982,14240,1009336,794523,260832248,ransom,
11922121,14406,1040259,905785,291819555,ransom,
7999461,9131,764812,693873,199815267,ransom,
14380308,87615,1746841,1169188,269222652,ransom,
11591373,12695,971740,893260,286232085,ransom,
11050366,13306,867870,740202,269696323,ransom,
11230241,20429,1232514,999334,247268189,ransom,
13815494,28671,1659757,1310527,330630690,ransom,
11997459,14586,1033440,902481,292746430,ransom,
10037424,15150,1218364,1118690,250089887,ransom,
17943539,40691,2031642,1496727,388184425,ransom,
12175985,15098,1123701,984938,296834276,ransom,
13001197,14287,1115873,1012898,324543436,ransom,
16501878,20618,1410858,1247249,383017937,ransom,
16218506,98277,1867226,1330650,327868432,ransom,
12991907,116795,1137927,987684,317854171,ransom,
14118067,17114,1243658,1100512,343857927,ransom,
13505390,18690,1037253,911904,302028641,ransom,
13671427,33984,1782687,1308816,317782961,ransom,
15334786,16664,1313159,1209498,379420180,ransom,
12527523,16065,1002894,867942,306507878,ransom,
15925934,44036,1798524,1299046,335082192,ransom,
14700509,17878,1470898,1289407,366408064,ransom,
11427308,15581,1038968,902999,278672914,ransom,
14554950,16223,1237887,1123151,350312126,ransom,
17131646,38407,1895002,1372954,386029311,ransom,
11128391,18135,1084537,832361,258764590,ransom,
12363436,17373,1240697,897106,285930341,ransom,
22287326,108642,2195429,1374159,419938579,ransom,
11490853,15048,1361141,1118120,282818133,ransom,
9085345,11984,1059216,921364,222910759,ransom,
13017733,16545,1229466,1081896,317513015,ransom,
13684039,35169,1571937,1113184,283966329,ransom,
14511952,18444,1231386,1072635,354668991,ransom,
12944868,14484,1137833,1049444,318657546,ransom,
12169244,27993,1226331,843713,254647397,ransom,
6277143,14736,947654,716625,151555416,ransom,
12076675,13979,1118905,1034356,296206483,ransom,
11222742,14021,915221,780909,275133590,ransom,
15329406,102131,1655694,1133237,297697648,ransom,
17006500,22727,1535081,1356526,419693457,ransom,
11384499,15580,1033585,893143,278953568,ransom,
12174151,14479,1014710,906661,274962513,ransom,
15618753,41433,2086847,1496880,358148665,ransom,
12195660,13000,1108923,1014615,304690011,ransom,
9492403,12895,1024854,894789,231903434,ransom,
15405308,37159,1626845,1169088,329528667,ransom,
12245414,20602,1381945,1157175,302152835,ransom,
10855074,14802,825219,677137,269242795,ransom,
15809847,44370,1389984,1261461,377002183,ransom,
19635744,118195,2046922,1434773,395369652,ransom,
6788082,13438,678388,539467,167673028,ransom,
10258828,11749,969254,892232,253248735,ransom,
10034624,23197,901916,699990,213731613,ransom,
15502876,32482,1856365,1451254,365717649,ransom,
13717665,18672,1200311,1055222,333754595,ransom,
9310650,14483,699829,544327,235347574,ransom,
15376060,37625,1999325,1499793,338352442,ransom,
11391828,18714,1247852,1085039,281008573,ransom,
861858,4017,438264,393151,22984317,ransom,
3713689,25183,1229236,1028588,68560888,ransom,
1977340,42000,731812,240674,13534978,ransom,
815583,5880,251109,37309,4070713,ransom,
1234384,12399,352291,53853,5951763,ransom,
2994976,78397,754585,224077,19397033,ransom,
0,0,0,0,0,ransom,
17792840,19442,1610585,1454818,443488740,ransom,
11722728,13280,1029605,930633,290540238,ransom,
15208300,35942,1840424,1378439,330058049,ransom,
14499497,16414,1401987,1279647,359587620,ransom,
10089206,11627,871277,792516,246967678,ransom,
18183741,95651,1427602,1178276,373735161,ransom,
15612461,36365,1954792,1554860,367711635,ransom,
11072129,13246,960164,862650,274667804,ransom,
10712090,11973,1004341,915332,266912313,ransom,
17801480,46943,2024600,1514638,387441736,ransom,
14682880,16550,1295892,1170050,363386464,ransom,
11440941,12513,1018978,922244,285822983,ransom,
12054377,13537,1103483,1016809,292116387,ransom,
12156955,36883,1570658,1146125,253723680,ransom,
8253,242,5257,178,52633,ransom,
10184352,11723,764924,678109,252034931,ransom,
2547455,25261,831413,455087,21472125,ransom,
6494619,7735,599436,539145,161041975,ransom,
7683002,95950,713506,574021,150802735,ransom,
10264735,11553,771017,706548,248806695,ransom,
7618777,31010,1207322,782133,151594033,ransom,
5990007,6972,463538,435727,144672033,ransom,
16374530,70612,834792,738266,324596868,ransom,
3100649,20807,720810,453760,36662853,ransom,
8138046,16279,857507,671673,198148805,ransom,
4940664,6015,597018,527454,127359534,ransom,
14511348,16166,1371979,1241847,363966379,ransom,
18527685,43116,2097816,1621532,408745267,ransom,
6722283,8051,531762,479789,164764653,ransom,
15538965,95034,1236113,1071354,339802515,ransom,
22082956,33830,1967501,1641887,500879882,ransom,
6130573,17874,968378,727298,145170887,ransom,
8440099,10709,903461,819501,209978509,ransom,
14744533,16863,1322116,1206800,363561359,ransom,
14479668,35550,1847946,1401371,314474307,ransom,
10136605,11729,901536,814016,248975109,ransom,
11138984,13300,968501,885272,273008559,ransom,
14318640,15984,1212546,1100110,349935833,ransom,
15243261,40998,1724986,1240914,335631459,ransom,
12902145,14945,1201666,1091374,318973061,ransom,
14820152,66305,1184151,1019879,330707852,ransom,
11919979,31462,1166006,971305,255576815,ransom,
14389427,28452,1785190,1418225,344893603,ransom,
14746086,16826,1379195,1258508,364316189,ransom,
11627423,13322,1049845,960941,285852416,ransom,
15232103,35061,1788850,1335206,324073768,ransom,
15184844,17122,1317786,1197596,377294899,ransom,
11986121,13504,1271186,1158740,297537840,ransom,
14955177,17401,1067057,965413,341969635,ransom,
12206891,33777,1617637,1189968,275384089,ransom,
14229028,60505,1264733,1107127,325694882,ransom,
16654651,38938,1297921,1175823,393949885,ransom,
11363154,33221,1426685,998819,229542060,ransom,
12616235,14492,1061804,958409,311659935,ransom,
14957361,16758,1411317,1285268,370296852,ransom,
12247353,13674,1102738,1007668,279266686,ransom,
14398226,36940,1643241,1180906,328113908,ransom,
13471703,15247,1415045,1303864,332560908,ransom,
9318152,10666,920105,846232,229087871,ransom,
12730209,32937,1494401,1074009,269966288,ransom,
13577526,15551,1264995,1161221,334446622,ransom,
12380035,74611,1124877,968526,266472694,ransom,
11018329,12627,1080120,986724,271504075,ransom,
17930526,47281,2022464,1496163,397487865,ransom,
13734650,13947,1158498,1029957,347480954,ransom,
12819324,13642,1150708,1025528,323245356,ransom,
17000911,34778,1870905,1472764,369536578,ransom,
13689338,21787,1346485,1130452,334180352,ransom,
10930427,116259,1003966,916496,269125891,ransom,
13868076,15270,1282595,1175096,345405896,ransom,
16073212,40363,1785193,1290422,342737611,ransom,
12469269,36425,1189023,1073199,298132015,ransom,
16658745,82110,1301439,1143016,377393420,ransom,
16186660,28593,1550953,1257585,348607535,ransom,
10931917,22734,1369743,1106216,265429343,ransom,
14571495,16785,1128036,1015273,360281697,ransom,
13380701,15389,1252537,1159999,329682886,ransom,
13531656,34287,1710357,1264605,292672275,ransom,
14371476,16114,1226102,1119149,355264462,ransom,
14345878,15853,1296974,1193183,353893040,ransom,
11422532,13032,1078254,988396,273705653,ransom,
12793367,33620,1677618,1216297,274934743,ransom,
15660481,17542,1444670,1327030,387786730,ransom,
13883408,53162,1060902,932417,322083868,ransom,
14781136,67647,1784374,1327519,298755932,ransom,
11976422,13969,1165136,1015761,301552065,ransom,
11432344,12540,1137692,1047549,285219499,ransom,
11636174,12829,811483,743631,285241564,ransom,
18403216,46872,2100600,1590423,408843789,ransom,
13122771,26130,1285808,1174098,329700712,ransom,
11571498,13511,882568,786871,284146272,ransom,
10250408,21979,1332878,1054741,221296397,ransom,
1621628,9118,912418,700283,43875502,ransom,
20705707,22687,413766,343597,507421859,ransom,
18890272,80195,2106292,1895666,428223450,ransom,
9350383,32925,1350766,943929,186711689,ransom,
13050398,15670,1180941,1046361,326409131,ransom,
20601631,22743,1747890,1617704,508511336,ransom,
7612386,10155,707327,639717,162662975,ransom,
11886605,33605,1650336,1179369,271227601,ransom,
17044821,23465,1479641,1330005,424270613,ransom,
9978715,32796,1064815,893623,235390636,ransom,
10009184,30065,1339478,904099,200648881,ransom,
16160898,18122,1389687,1270725,401269207,ransom,
15364726,17330,1278416,1171334,380497438,ransom,
10382582,78508,761011,636645,213613335,ransom,
18295941,55286,2066274,1535431,399668933,ransom,
17453891,19784,1499366,1373133,430649635,ransom,
10989831,13086,1101484,1020567,269226080,ransom,
16143618,293477,1610779,1242652,342525429,ransom,
13250670,21346,1189889,978164,322106067,ransom,
11185320,14076,1344261,1249412,273934828,ransom,
10340677,12442,980318,910466,252466981,ransom,
17133434,45055,1837213,1352843,365286431,ransom,
9128200,11073,870571,803139,222729081,ransom,
14001102,16234,1170087,1068701,343905818,ransom,
20057735,89876,1664986,1446507,425455917,ransom,
4254829,22738,1159821,749780,85578610,ransom,
518629,685,180613,153460,15885660,ransom,
12664211,14454,858803,789237,308601987,ransom,
3026785,20161,1245959,852555,44724484,ransom,
17485174,19948,794625,725956,424367084,ransom,
6985215,8771,812107,756623,170161243,ransom,
9532826,11899,786409,702256,219149591,ransom,
21247641,44223,2272228,1741814,502690042,ransom,
10763453,11836,1039056,945119,269402769,ransom,
8783839,9825,756681,662895,221840940,ransom,
22554622,90037,1851102,1590581,497204949,ransom,
12945553,60024,1581207,1149393,286633569,ransom,
8353411,9583,859423,770340,210210044,ransom,
15602666,17112,1285311,1179950,386696529,ransom,
14829416,27817,1546127,1207381,321680886,ransom,
9733591,19350,1299747,1041026,240601264,ransom,
8573397,8996,1067350,975184,218209021,ransom,
1004731,861,306272,262568,30093723,ransom,
15706756,36287,1279793,766052,345477672,ransom,
26145715,32551,2320392,2074307,627448623,ransom,
1446372,5179,362923,104852,15277603,ransom,
15587798,27737,1583205,1113101,335629521,ransom,
31183925,141517,2856781,2265321,675028772,ransom,
3086623,4341,362689,330072,75080327,ransom,
12454560,13826,1055084,936742,314401100,ransom,
22965500,25151,2066472,1902115,555695474,ransom,
8054758,30483,1183204,732752,149513079,ransom,
2524680,7187,783194,689124,68733511,ransom,
1768526,2907,831260,755542,53317173,ransom,
14167349,27952,548388,328819,319619480,ransom,
29151199,50078,2690878,2279212,695340297,ransom,
1394129,2188,155811,132797,33774536,ransom,
6625580,7045,578896,512356,169170888,ransom,
18590765,87410,1688765,1292194,375293116,ransom,
6032386,29083,822902,556214,137375107,ransom,
8199339,9120,744723,678872,202993263,ransom,
4834489,5533,489584,434945,123262983,ransom,
10646308,31307,1307455,879745,219933206,ransom,
12176830,13238,968999,869007,304851517,ransom,
2106223,2472,289725,268164,53323069,ransom,
11019492,13642,968385,800772,259288381,ransom,
8507534,26488,1131443,800600,183892418,ransom,
9113099,10134,894593,828341,225053627,ransom,
8055114,252199,704012,634774,202280147,ransom,
8486215,171022,1061657,692763,131151917,ransom,
1295729,5375,573637,446953,34242704,ransom,
799887,878,368510,335049,24547801,ransom,
688956,982,297874,267480,19640888,ransom,
4899477,21296,1114793,743071,89309654,ransom,
15137663,17536,122680,61741,367174980,ransom,
21657022,25152,1899209,1788174,527284379,ransom,
5515729,17127,807644,501601,107781143,ransom,
15906838,30479,1529812,1285045,392902574,ransom,
15429728,17845,1437477,1307321,380946551,ransom,
8160488,9590,869250,793660,202327352,ransom,
13990270,86497,1286936,959538,263767777,ransom,
16749391,32856,1684508,1404593,410707705,ransom,
13043398,130296,1073584,970560,321326908,ransom,
8692234,9736,807907,732815,216148249,ransom,
16592006,37251,1884294,1432982,365970423,ransom,
13735966,15131,1221555,1100083,343232893,ransom,
11669478,13161,1040495,938276,289520373,ransom,
8465884,18265,1281069,1079693,176494131,ransom,
2116454,20030,945916,664016,48830300,ransom,
8235374,9424,322681,266001,203624442,ransom,
27424436,30155,2084438,1917798,672102258,ransom,
7673158,87357,876587,532763,100245146,ransom,
12213619,17021,1317811,1091670,306708643,ransom,
19395547,22013,1707136,1551052,476402946,ransom,
8663806,10019,883104,813217,214028772,ransom,
16305126,35262,1880154,1429375,361980262,ransom,
17689416,20522,1478308,1354835,434427218,ransom,
9629368,11561,964816,881206,237323453,ransom,
13656875,16802,1121433,1007379,305693558,ransom,
4555137,21121,1504804,1106344,100994164,ransom,
472410,529,86501,70616,14900044,ransom,
27496345,31067,1465337,1302186,676208851,ransom,
14914458,77015,1577786,1333132,292590389,ransom,
5408094,21965,938153,603443,121873708,ransom,
19364620,21663,1805244,1650157,484381638,ransom,
14014398,15840,1021825,904213,346812246,ransom,
9256161,28948,1622068,1167675,189028478,ransom,
15281458,16310,1148906,1053555,382537326,ransom,
13862047,15967,1302896,1175496,345361876,ransom,
10712377,11782,925828,834847,251175036,ransom,
15988953,36414,1957989,1499105,369619156,ransom,
14699457,16817,1433826,1304272,367155339,ransom,
10651288,13301,765923,687644,258479938,ransom,
16718933,98931,1693391,1220932,327922799,ransom,
15804150,17875,1484633,1305718,396051567,ransom,
6033080,7254,803009,727166,152215519,ransom,
1266417,1265,379395,331912,38943205,ransom,
18948053,42708,1190294,763135,423080403,ransom,
14930418,17640,1709162,1578600,369958902,ransom,
7793439,8912,706474,639239,193952796,ransom,
10786345,17712,1068445,816440,236099969,ransom,
10700693,25621,1421990,1128337,257493322,ransom,
10895900,12693,888577,808618,267592868,ransom,
2400029,3102,272862,235587,61621125,ransom,
14788759,105431,1239392,908284,289670896,ransom,
13352692,28634,1522822,1178640,326421618,ransom,
11644525,12737,981643,898653,290140489,ransom,
8124495,9771,835067,770332,199437755,ransom,
12609279,35543,1431845,966566,260243090,ransom,
9690378,10855,1006199,902787,244378210,ransom,
6610956,7691,612692,563991,162539088,ransom,
14120107,18046,1130559,1001963,344557744,ransom,
14085022,42076,1639931,1130018,299975941,ransom,
13630721,15353,1122346,1005841,339475568,ransom,
13487184,18471,1407904,1258347,332764810,ransom,
12514577,58108,992006,847361,264612010,ransom,
15260716,86346,1738391,1236692,330994334,ransom,
13024023,16059,1154545,1029446,321869249,ransom,
8818174,11894,950403,832644,216953067,ransom,
14060541,16718,1202535,1068512,324569821,ransom,
15570789,39147,1849563,1366524,355293648,ransom,
11563547,13618,1010624,900524,282864407,ransom,
11223204,14854,1027248,894561,274047336,ransom,
21367763,43369,2271368,1689166,474217492,ransom,
10042571,13324,1055864,940381,245731170,ransom,
7294615,9148,556944,483991,177329472,ransom,
8924220,9880,847739,769790,224782988,ransom,
20315233,117612,2290171,1647818,416649248,ransom,
10842751,283337,1151136,902331,256940636,ransom,
13183632,123653,1260048,955633,320800826,ransom,
18040775,19210,1407551,1273918,447814434,ransom,
4773766,25066,1375915,961208,71023691,ransom,
842195,1184,409318,368891,25254823,ransom,
16167342,18420,498530,409462,394698803,ransom,
22439285,33693,2258809,1976466,509960272,ransom,
6352504,23610,1038911,727698,154599413,ransom,
9697189,11862,931362,846984,239742238,ransom,
11403646,13187,1078260,980277,284610579,ransom,
18919665,126042,1975732,1399441,374768804,ransom,
14153613,15938,1227455,1106028,352226730,ransom,
13410333,15386,1233648,1114461,332134373,ransom,
14286960,16575,1199773,1094710,350624115,ransom,
13574373,34972,1598655,1168980,284104245,ransom,
11009448,12593,1039232,939283,273801937,ransom,
14000498,15597,1333134,1213170,349325648,ransom,
9646510,24263,1319222,974500,202452546,ransom,
2517535,6811,874741,676652,74298136,ransom,
5386841,5946,139011,94528,135549857,ransom,
28476432,33417,2088337,1913340,696211215,ransom,
7922468,88632,880581,552856,109879010,ransom,
8289430,14811,1119861,884428,208687974,ransom,
24182506,26911,1952032,1784640,597201857,ransom,
6686427,7828,734172,691864,163139219,ransom,
8009126,26917,1257285,824096,153966835,ransom,
22514649,149582,2113270,1936263,558642846,ransom,
10405595,11444,791982,732865,256194538,ransom,
10924484,22140,930108,810262,239433249,ransom,
7771337,22856,1487404,1086435,175301085,ransom,
1847760,2779,683624,606365,51729036,ransom,
28003300,32137,1674283,1526632,685554615,ransom,
14484181,85180,1366228,950739,265221767,ransom,
2411666,5460,479000,345318,62564826,ransom,
24422166,26858,2039190,1852499,608912384,ransom,
13048516,15417,1152861,1067864,319286967,ransom,
6131832,24158,976144,575172,109094754,ransom,
22658514,25562,1905939,1729922,566430133,ransom,
14417926,16328,1375511,1280033,354073658,ransom,
7109742,12777,690115,531059,134433214,ransom,
19959614,295492,2198856,1808103,492245926,ransom,
13571829,80485,1068901,993033,330750570,ransom,
7955863,69655,484138,373394,160635862,ransom,
4670997,30239,1042697,612959,64118843,ransom,
9676323,10829,741152,676084,238631959,ransom,
6000197,6548,623962,564793,152870557,ransom,
12893369,14581,1000216,927887,302075496,ransom,
7154519,28511,1158966,730182,147443632,ransom,
4777184,5407,386492,353048,117331621,ransom,
7386427,11470,602069,445590,173859401,ransom,
5647793,29896,1209859,564043,81801035,ransom,
12227271,20113,1220029,892923,279550089,ransom,
4126196,11412,373617,220249,73835198,ransom,
11814119,82554,942544,791299,243052813,ransom,
5083068,52493,823687,393900,88522414,ransom,
9387876,11096,886937,806976,231731062,ransom,
2258833,2577,219395,191060,57645461,ransom,
12175974,26454,1260454,953573,263068214,ransom,
6479500,16471,807064,559498,157572415,ransom,
5588705,6783,587829,541275,138438616,ransom,
11438752,12583,834746,763845,282612154,ransom,
10973506,33978,1553321,1056527,234336722,ransom,
9525422,10478,779341,710363,236985091,ransom,
10736474,11631,1168747,1053759,273366337,ransom,
19852904,31284,1677941,1480221,459923676,ransom,
11397595,31903,1522034,1094171,261674673,ransom,
16071166,79145,1326672,1166714,369654787,ransom,
13040209,44441,1282775,1166694,307043461,ransom,
6029209,29777,1021181,571823,92334053,ransom,
1303000,1762,522774,470710,38845233,ransom,
24187490,27229,1545125,1389793,594823934,ransom,
13520910,15632,1191625,1099865,330050484,ransom,
4011808,26838,933522,507941,53078911,ransom,
19158099,21365,1599506,1439346,480231038,ransom,
17801884,20044,1502454,1377844,437458797,ransom,
5737882,19480,800198,524712,96489270,ransom,
14518910,23022,1516530,1275934,362277472,ransom,
20604450,35202,1673128,1513060,502168748,ransom,
8133990,63202,681676,568902,166449489,ransom,
10284188,30780,1389459,935875,212433520,ransom,
17858602,20237,1531165,1405668,442733775,ransom,
9487424,10475,972911,898457,235190829,ransom,
9315280,24659,779244,656722,201625320,ransom,
17249581,37281,1865368,1387094,407703611,ransom,
14829387,16272,1244412,1131549,369397585,ransom,
9255067,10472,880076,799856,232323891,ransom,
12001212,31698,1401175,956877,252289117,ransom,
12635638,14188,1227544,1125227,313919201,ransom,
9835601,10661,926888,856775,244298816,ransom,
16296839,78027,1175993,1009995,347463981,ransom,
17431984,41283,2086238,1536303,394508893,ransom,
11895950,13253,1080174,995997,294399245,ransom,
11305932,12475,982256,895185,278746739,ransom,
17998632,42957,1821061,1405427,396835807,ransom,
14228460,20259,1496029,1269320,350415713,ransom,
10672375,11875,898702,812797,264004160,ransom,
11124126,11953,1060506,952937,279694403,ransom,
16261214,40654,1939457,1416858,347007227,ransom,
9263146,10754,1037612,948733,229698857,ransom,
11072029,12353,1101547,1009250,277368488,ransom,
17502696,111593,1373729,1115158,349359287,ransom,
11860686,30773,1358397,1011566,278700556,ransom,
11998862,13370,1018144,930144,297261296,ransom,
13327909,14090,1185204,1081113,332771610,ransom,
17572966,41978,2023608,1530340,382736107,ransom,
12124879,13278,1089059,992854,301107723,ransom,
11197519,11943,974190,892646,277953084,ransom,
16425567,17847,1311457,1180629,388876760,ransom,
15221748,39173,1831797,1349100,346132548,ransom,
9930595,11056,983952,902129,245938292,ransom,
13603622,14736,1142688,1038438,338098271,ransom,
17778347,111891,1328502,1136563,369325011,ransom,
11453383,33009,1663857,1224061,258710057,ransom,
14292822,15744,1275992,1170017,354189221,ransom,
14473987,15867,1343365,1234660,357907612,ransom,
15917224,36138,1665569,1202868,337601692,ransom,
14820406,16511,1351065,1250237,366507695,ransom,
12672268,13815,1169978,1062929,315139526,ransom,
12147251,13467,1104942,1008309,296451826,ransom,
14851110,41607,1754062,1279283,315355948,ransom,
12517309,13783,1220513,1121129,310755298,ransom,
13488486,15027,1212332,1110617,333374424,ransom,
16403974,87182,1234131,994287,335585929,ransom,
11367388,28381,1588007,1223346,268246671,ransom,
4728788,4802,848915,797978,123412722,ransom,
691885,952,83898,68644,18729221,ransom,
24932632,48889,1966303,1434100,561555754,ransom,
11505836,13248,1134604,1057323,282676745,ransom,
9444266,10195,752401,679880,236561489,ransom,
12059183,13286,1238802,1133020,302071088,ransom,
16764833,41072,1866975,1358341,362565745,ransom,
7602870,8721,818616,760123,188842863,ransom,
13416657,14797,1143384,1055169,331040296,ransom,
20205937,113826,1421953,1174633,418184958,ransom,
9808025,26267,1404405,1048242,225833922,ransom,
8161873,9605,778052,714877,201712287,ransom,
12468275,14223,1209050,1125685,305780628,ransom,
15795189,33721,1804288,1378261,341030845,ransom,
11791349,14024,1046524,960153,288109313,ransom,
13118833,14880,1153744,1060847,323585091,ransom,
14582918,16231,1300454,1200415,342281405,ransom,
16198803,32922,1615183,1197585,369234536,ransom,
8370943,10079,1029837,958328,205765819,ransom,
12173670,13633,1075694,980281,302488221,ransom,
17169102,71759,1340203,1117350,354197256,ransom,
13768207,31582,1608683,1235212,327502631,ransom,
10236258,11275,1039120,954236,256936439,ransom,
14697314,16782,1278290,1166541,364803739,ransom,
13420442,21342,1137131,1038214,318317282,ransom,
12707689,37472,1445758,1131565,272303582,ransom,
15707500,26250,1637946,1364560,382510132,ransom,
13008967,14832,1188518,1093244,320145000,ransom,
11100294,12469,1030685,945594,275996386,ransom,
16562785,36613,1898935,1434867,354474137,ransom,
15067518,24294,1141347,1029572,367438173,ransom,
13297528,69513,935619,789303,296221643,ransom,
11884333,16164,1093935,934803,264936175,ransom,
11520110,28155,1552287,1179116,274801259,ransom,
11564065,12741,960289,856794,290670968,ransom,
10041486,11252,838037,761650,247996117,ransom,
16109879,34658,1717610,1237040,364956970,ransom,
9336975,9981,1004999,918167,237028248,ransom,
11550979,12558,988461,904964,286755383,ransom,
13377279,13710,979060,872590,320930235,ransom,
14972475,34304,1705605,1261873,338396095,ransom,
11659156,12985,970289,882608,289297093,ransom,
14814139,91658,1328270,1160223,328889467,ransom,
14821241,34280,1690338,1272057,323646702,ransom,
10580512,12336,1067275,962071,263656676,ransom,
14216572,15405,1149388,1050538,353953824,ransom,
12932313,14085,1100005,1004864,321239208,ransom,
14440695,34286,1855011,1411303,308739026,ransom,
13839308,15319,1140896,1048075,341117553,ransom,
10032728,10828,1213810,1118155,254775322,ransom,
14777827,25846,1145472,961948,331070992,ransom,
17187831,34355,2080215,1703197,412187982,ransom,
10478010,11569,799700,724912,258698369,ransom,
15859471,80840,1319513,1154710,353566071,ransom,
17460004,38555,1904296,1441687,383093792,ransom,
12209170,13532,1066196,985577,301935363,ransom,
8461568,16791,663279,567954,211220606,ransom,
6460959,20269,560635,415700,163009386,ransom,
15492136,65767,2078530,1445823,342957109,ransom,
33331578,62343,2387337,2140877,811129987,ransom,
1814436,3147,288520,263712,44050219,ransom,
12774224,33538,1521495,1096953,265824360,ransom,
22113637,26632,1916353,1718197,547721611,ransom,
6880421,8501,705840,636643,170799935,ransom,
15223603,19890,1390362,1269388,378555436,ransom,
20035895,103741,1897273,1371866,408116109,ransom,
9214781,10600,874560,785243,231002713,ransom,
10730131,12146,1026427,935213,269242881,ransom,
16299063,18116,1462187,1347302,398451887,ransom,
13450870,43550,1596340,1165878,284913968,ransom,
6360679,7408,749024,692242,159024588,ransom,
16764281,18679,1413707,1287795,416842902,ransom,
17402390,34587,1887659,1511861,381522878,ransom,
2402754,7427,529051,411143,59404128,ransom,
1267760,1633,566881,514544,37706780,ransom,
24907563,27275,1573412,1448945,611172371,ransom,
12287907,91157,1237309,863679,220920526,ransom,
7564867,22689,910370,727050,179720821,ransom,
18210318,22816,1452033,1226919,444204105,ransom,
14453609,18048,1551103,1206759,341198562,ransom,
13988708,41675,1739569,1053552,274446503,ransom,
16128356,23497,1341289,1082817,377616260,ransom,
17621602,19271,1605917,1490580,434045584,ransom,
7747762,10773,645510,548580,167114131,ransom,
13212500,31847,1761455,1346384,310008794,ransom,
15202737,17060,1373755,1262584,376207462,ransom,
9595888,11416,1031375,935575,236683754,ransom,
17269904,119834,1755749,1195346,327010771,ransom,
15657643,17794,1478952,1345930,389205788,ransom,
8933713,10407,676112,617722,217165987,ransom,
13551222,15160,1414222,1288289,339624049,ransom,
19216942,42392,2048717,1530049,422221903,ransom,
10419757,11723,825978,759992,254310410,ransom,
11492348,12616,1096457,1002268,285349041,ransom,
18428376,30329,1822784,1511364,412046688,ransom,
13613595,25675,1457215,1180152,327918041,ransom,
10274366,11756,942914,862398,254237923,ransom,
17841531,44777,1535695,1396099,429053819,ransom,
16551638,95950,1858608,1327936,324539675,ransom,
8867922,10125,767193,694298,219324973,ransom,
19021078,20832,1531879,1396504,470242761,ransom,
13291947,23068,1343929,1209411,298211076,ransom,
10695908,29309,1397397,987215,242563579,ransom,
15459643,17338,1440107,1310931,382973142,ransom,
13003994,15408,1146186,1053295,319960987,ransom,
12851016,31120,1519981,1159022,275890688,ransom,
15942666,22165,1511477,1265522,395561716,ransom,
12657930,63001,1161246,1064454,312187290,ransom,
10934785,12091,1074142,967423,274380133,ransom,
20797648,93275,1662836,1330818,433297873,ransom,
11886886,25103,1495259,1208825,291092279,ransom,
11276440,12979,1051930,935771,283766581,ransom,
13773639,15729,1333947,1224353,339507124,ransom,
13603462,36202,1642550,1192870,285574500,ransom,
11139526,11942,913322,824481,280547875,ransom,
13601963,20589,1350879,1237760,336413437,ransom,
11998357,13167,1102235,998479,289132394,ransom,
15395041,35836,1854920,1404933,347995792,ransom,
13855254,15282,1297699,1174405,346421321,ransom,
14155188,15886,1098381,1004754,347853794,ransom,
14998922,30110,1717528,1332065,327538144,ransom,
14959932,67900,1334249,1106410,334238549,ransom,
16210781,18218,1297066,1184775,398030291,ransom,
10954283,12418,990701,911390,270187375,ransom,
14098202,32426,1626375,1209749,302821972,ransom,
13667864,15580,1243700,1142160,337553338,ransom,
11551121,13519,1053175,961965,286075094,ransom,
11686816,24735,1215588,993990,247660235,ransom,
13374490,25833,1741637,1401422,335106447,ransom,
14826670,15377,1232326,1108229,373931708,ransom,
10429593,11853,820403,740904,255882513,ransom,
14179928,35077,1809159,1323254,310971465,ransom,
22308399,86135,1686183,1479522,510910567,ransom,
9502594,10953,823033,759989,232847999,ransom,
9480790,10922,891872,806933,219744884,ransom,
20899926,43855,2387275,1860640,490804714,ransom,
13014331,14469,1026976,941592,321125923,ransom,
8332758,9452,769026,698837,208047574,ransom,
20372206,42880,2193821,1706056,454750518,ransom,
14023161,16622,1198372,1067879,345355383,ransom,
8915609,10233,806162,732552,221180730,ransom,
16213306,20732,1460197,1333446,397579025,ransom,
17666514,71363,1999409,1451571,374412201,ransom,
10878151,81336,919091,799742,234011726,ransom,
16415762,18694,1406384,1283818,407931921,ransom,
14782215,17332,1237933,1121865,339368160,ransom,
12334895,37607,1632497,1146528,277183401,ransom,
15714855,17193,1343218,1232126,388262493,ransom,
13256147,14660,1216930,1124829,327309963,ransom,
12396340,33590,1412719,1012020,256704584,ransom,
15428604,21911,1444761,1212908,380048187,ransom,
13207639,14620,1197854,1098840,327859362,ransom,
11929279,13247,1075153,987441,294782832,ransom,
19180625,49582,2030747,1478441,428127538,ransom,
15943688,345354,1365677,1201806,350123069,ransom,
10219859,99194,726936,645225,255939842,ransom,
16227315,20464,1458352,1264668,371874406,ransom,
14922909,36607,1734477,1277677,353792718,ransom,
11325340,12692,1039534,953348,279729057,ransom,
10837141,11544,1028287,934514,273699362,ransom,
11493253,34441,1514970,1046919,230754650,ransom,
13582081,14510,1087517,989511,338267703,ransom,
244027,635,149006,139947,5708888,ransom,
7684286,8449,661251,598459,183302880,ransom,
6832694,25619,1137284,707777,145334222,ransom,
10614165,13597,845016,789775,256951981,ransom,
8534978,65149,504099,393763,174953068,ransom,
4973569,24345,1092497,685562,84540451,ransom,
14517225,15419,1193964,1097894,361373564,ransom,
581710,490,106781,91421,18082789,ransom,
12969825,14227,1067066,975745,314691828,ransom,
7092710,26153,1078054,648276,148574869,ransom,
7465702,8564,647891,605989,181424447,ransom,
4105931,4475,315751,270340,105027760,ransom,
4775929,22099,868843,486201,80510768,ransom,
17497772,18997,1406108,1278639,436199607,ransom,
1728000,2398,381831,358412,43876686,ransom,
12279845,73450,898802,762450,263626597,ransom,
5031435,28098,1028194,564615,87504063,ransom,
7902200,8942,545253,511292,190912664,ransom,
5995517,6568,465922,405230,152286153,ransom,
7725403,21896,979456,691170,155842817,ransom,
4647823,10287,524675,332374,120649699,ransom,
5452789,6489,506888,469320,133557756,ransom,
2091746,2132,191143,167148,53926592,ransom,
3375198,24285,777628,391283,50174821,ransom,
1528352,1737,167713,129119,41288598,ransom,
3189222,3822,246268,224537,77855350,ransom,
8822999,86917,869316,523447,157863517,ransom,
3854094,11021,557358,381815,94382783,ransom,
5189359,5285,451144,395262,134377428,ransom,
1297440,1516,85811,74502,32496553,ransom,
6335663,28358,1031682,609517,127316129,ransom,
1392095,1452,116350,100603,36165264,ransom,
4531158,4679,314216,267878,116839590,ransom,
1830129,9859,345583,191018,19891413,ransom,
6710162,19355,828263,544266,166928280,ransom,
273016,466,115332,104394,7617591,ransom,
5402364,16045,350075,281225,134526422,ransom,
7375356,83280,1056030,564991,117482200,ransom,
3534147,3618,305891,266893,91406415,ransom,
3233925,2955,242998,204606,86327616,ransom,
5203013,8975,408819,340224,118926049,ransom,
4757821,24684,901196,515679,101331281,ransom,
3864636,4715,318464,290033,94963045,ransom,
2376504,1872,180357,145196,65551502,ransom,
5473485,27814,984640,588430,101092667,ransom,
1889424,2592,162176,137594,49586379,ransom,
1631244,1964,107159,98632,39346369,ransom,
1165359,430,103280,74062,36434081,ransom,
6373167,98110,849806,396141,81028048,ransom,
2006072,1419,182728,139739,59560983,ransom,
6561140,7761,480244,431539,162632411,ransom,
9561630,126297,679925,581492,250429880,ransom,
3254607,23314,889311,531212,44656627,ransom,
2586180,2810,195551,166748,67174325,ransom,
250776,356,34412,32827,6083872,ransom,
3069308,21582,705085,343580,51870538,ransom,
1038150,1538,83818,68692,27067312,ransom,
3721684,3992,247844,205424,97263013,ransom,
962714,1436,140960,131477,23330361,ransom,
7825921,89108,1019197,554236,127657528,ransom,
104494,707,9560,1087,2597918,ransom,
4423301,4971,373314,335761,112480000,ransom,
3557527,4112,307658,269328,92717709,ransom,
5616742,25978,949889,573724,107023576,ransom,
2364791,2627,237074,197788,63530749,ransom,
3879277,4584,266695,237104,96712666,ransom,
3874563,23023,868144,488767,68144716,ransom,
6952431,8002,525733,465310,175315247,ransom,
852150,1375,142074,132126,21008843,ransom,
4112243,13415,367625,184295,78551184,ransom,
5402358,85630,1037669,383778,61281738,ransom,
7474600,15810,723188,453067,156729747,ransom,
3231293,12696,459512,254587,49043203,ransom,
7149918,8698,507187,464897,175186386,ransom,
4252016,23556,890956,478351,72522024,ransom,
1141527,1651,81367,67284,28397915,ransom,
7288979,8878,670360,597352,183929915,ransom,
4354202,14408,544571,347798,81398806,ransom,
3945966,14794,561567,346227,91289158,ransom,
4096702,4877,360736,331043,100648391,ransom,
7831921,9176,819774,760743,193547383,ransom,
4597105,22887,918337,544967,83976612,ransom,
8623296,69347,592790,457465,176486740,ransom,
4467365,5757,405587,365204,110863597,ransom,
2761720,6879,292731,204828,48288681,ransom,
6983374,24087,1021131,685942,161314933,ransom,
3845554,4587,503422,457093,98580318,ransom,
6673808,7613,411890,371452,163520497,ransom,
4058481,23835,868671,508950,69585558,ransom,
10213794,12527,978926,896281,250846445,ransom,
5543262,6543,625323,557303,141403412,ransom,
9832109,11665,858570,801634,238918786,ransom,
12870673,34863,1485809,1033986,277013509,ransom,
2522298,67425,192928,121910,20535506,ransom,
9492365,70083,869058,796067,234026712,ransom,
9495757,25162,1177796,877805,204191276,ransom,
10048057,17482,1107476,929786,241971536,ransom,
7741199,9183,604556,547017,190467185,ransom,
2303751,2967,279434,250034,58251579,ransom,
10000630,29860,1455742,1056061,207862292,ransom,
12093267,14597,964916,866157,299663751,ransom,
7496326,9499,814319,757937,183230224,ransom,
8652690,13332,724296,625074,190351823,ransom,
4570484,30544,937702,600592,88196447,ransom,
7978514,55086,603636,499624,161170630,ransom,
11584959,13171,938142,858839,287456166,ransom,
3485249,26132,872304,481819,46824119,ransom,
8718558,10825,801007,709065,216877415,ransom,
6708,203,3584,152,44309,ransom,
9031480,12153,769431,677824,211279157,ransom,
2079611,24391,795763,391594,28285039,ransom,
5102528,5930,370667,342107,123877989,ransom,
9517394,11410,830366,739365,239326118,ransom,
7732194,13632,748563,616701,164805051,ransom,
6820031,62038,953740,554873,136879720,ransom,
4337064,54637,329654,268164,76715930,ransom,
8094530,9165,510192,455862,201807229,ransom,
3812332,28646,1049946,633716,54345765,ransom,
7536700,8353,644989,590729,188576679,ransom,
3148904,5289,417801,362678,80596386,ransom,
13211987,22197,1074064,932561,304490333,ransom,
2148227,19839,638538,286237,32404982,ransom,
7195419,9006,674341,617747,177924402,ransom,
2691991,6641,300955,262440,57589329,ransom,
7571725,37960,962678,588786,141635708,ransom,
8579325,15313,662460,526689,212901968,ransom,
6515172,85577,663829,562273,120165713,ransom,
10944705,12262,939070,872283,269459399,ransom,
7575624,47304,1112043,618640,137395131,ransom,
10569100,12023,1012785,932807,262645562,ransom,
1830339,2307,154933,135158,46313878,ransom,
6828158,8194,587486,533057,158999047,ransom,
2377051,27286,809525,397540,29219836,ransom,
3609527,4541,222486,199220,86951750,ransom,
14484990,16834,1182040,1071143,359780639,ransom,
12238001,35872,1609633,1132663,264488238,ransom,
10386679,13024,1028260,950263,253970437,ransom,
4788416,61761,278848,208115,93404061,ransom,
3109914,37671,313920,262668,57296671,ransom,
13184808,36451,1565784,1112674,282591610,ransom,
8587634,9402,587062,518414,216602023,ransom,
7158974,9162,910437,830290,180346044,ransom,
11966707,23687,1149059,902891,256154531,ransom,
9429690,23282,890603,610567,224118690,ransom,
3132727,4064,562236,524502,79841643,ransom,
11262149,12583,940534,867024,277339652,ransom,
5608691,29965,928764,480775,96132293,ransom,
13035899,14926,1221881,1100523,328602732,ransom,
11733851,13022,974401,904254,288978089,ransom,
10719406,102728,862879,722872,203562953,ransom,
9718411,35157,1270975,826287,207866197,ransom,
3266251,3754,320007,281635,84057404,ransom,
8687198,9379,756903,698776,217024662,ransom,
9186015,33690,1333482,874823,183803048,ransom,
13994544,16504,1158336,1059869,344487484,ransom,
2092072,2303,352080,319068,57727309,ransom,
8481966,10339,710904,644674,208837480,ransom,
17981306,41654,1964778,1462718,401484239,ransom,
3305597,3683,234767,202802,83682463,ransom,
7620204,8406,738488,660292,195316747,ransom,
14250176,85929,1146050,986189,297008311,ransom,
10264545,51929,1277168,825218,216896142,ransom,
6577328,7259,612181,551223,165859569,ransom,
3481445,3832,269000,247845,87055955,ransom,
14487168,35353,1638510,1212292,312004894,ransom,
8899650,11786,885358,759578,219622727,ransom,
8963550,10320,738847,667438,223735714,ransom,
4997017,21997,518812,402388,91766440,ransom,
10916312,35293,1321579,856930,210241118,ransom,
13141402,15021,1074831,959534,331945660,ransom,
5115408,5968,556424,505520,130007918,ransom,
11710532,101023,970456,788604,227256751,ransom,
14515977,46464,1454076,1015814,329586331,ransom,
853986,1284,309745,287001,23723183,ransom,
7820683,9672,705214,632774,193281407,ransom,
14430843,37058,1433093,1009990,317542162,ransom,
8894426,9862,844205,774897,221247168,ransom,
6731244,8134,727002,681151,164639755,ransom,
5588900,6112,385236,337460,140755005,ransom,
6510650,25480,1103145,725249,119162079,ransom,
10985914,12353,1016213,937760,272221795,ransom,
8543507,9394,668558,594457,215647628,ransom,
10648579,53799,891867,735199,225241754,ransom,
12008296,43138,1503519,1112243,262985293,ransom,
5238425,6047,564416,499932,132820278,ransom,
7943837,8984,669845,621285,193287531,ransom,
8552043,25403,1139501,763769,172831877,ransom,
277289,668,218114,199052,7981824,ransom,
829692,915,333802,302105,25148224,ransom,
1343015,3998,331894,276218,26433917,ransom,
20941684,36135,1485526,1099862,492628052,ransom,
13633621,15631,1280428,1187097,336126782,ransom,
1064851,1787,264144,249531,25706070,ransom,
7662737,77001,1011640,574226,112376093,ransom,
7102498,7692,620365,545695,182432224,ransom,
9278414,11066,838294,782597,225913517,ransom,
6731840,7533,619536,565042,167526723,ransom,
10126946,28843,1484658,1081344,219275539,ransom,
9003780,10312,598130,552341,219594497,ransom,
13030024,14603,1017853,923038,323974584,ransom,
6107547,22854,1066908,774005,113498984,ransom,
5099176,8249,505387,398633,124162683,ransom,
6564720,7639,587437,532234,163588183,ransom,
5932017,6786,666589,600399,150442036,ransom,
19464493,90022,1793569,1302896,405844687,ransom,
10059734,11442,895189,825602,249184096,ransom,
943176,1333,270489,247781,25970473,ransom,
4232361,5198,314975,287157,101827978,ransom,
15374802,38913,1742135,1294805,342777046,ransom,
12646718,14353,1135374,1031945,315492890,ransom,
5563418,6519,508846,464506,137485567,ransom,
9101147,31348,1105211,809097,177711131,ransom,
8830852,17863,873703,665833,215474249,ransom,
2829529,3125,466173,434246,73541624,ransom,
8691341,10253,725765,659917,212804813,ransom,
19968991,117470,1823088,1401617,409301869,ransom,
7037199,17952,749717,528132,168775315,ransom,
6058658,7309,763790,693832,153866813,ransom,
6638086,7758,564871,531497,160940807,ransom,
9174070,33052,1320285,855224,181062741,ransom,
12803361,14550,1017670,931412,315506084,ransom,
7691992,8587,759428,681992,192371707,ransom,
7054857,11739,688314,575535,146112489,ransom,
10192943,34606,1482102,803751,202404305,ransom,
12847089,22218,1354025,997835,286701473,ransom,
5168808,11765,541548,385117,101930630,ransom,
12426247,59800,1126073,944405,260852433,ransom,
14392046,84237,1510222,1046417,307974249,ransom,
5992467,7106,546321,495484,148923728,ransom,
9883310,11065,658232,588425,245454854,ransom,
6803979,21991,1114630,805620,121721300,ransom,
7328827,14178,1003505,800762,180792415,ransom,
12996581,14938,986125,911561,318437115,ransom,
9272505,10643,728530,664438,229653419,ransom,
6675254,28944,1308787,862252,120223593,ransom,
5493934,6385,414973,379936,135246259,ransom,
10842187,12712,897193,822052,266191679,ransom,
7143952,32350,605672,507833,143829919,ransom,
19356714,119085,1877914,1327328,413066379,ransom,
5981403,6913,596136,550364,148128441,ransom,
11163593,12360,982849,895934,277076030,ransom,
5808518,6876,683369,629662,144498276,ransom,
8471493,32159,1173225,723771,158953175,ransom,
6666051,8166,775206,706039,165127345,ransom,
11297913,12397,1010483,927685,279916236,ransom,
15327680,36178,1596639,1176140,328028654,ransom,
9139151,10595,832724,723758,227468556,ransom,
1903491,2251,221002,199633,47738653,ransom,
12191985,13259,939990,834761,305885677,ransom,
14459897,115148,1482040,1178057,276890771,ransom,
7689790,23514,1047393,722444,181906688,ransom,
8441679,9892,669335,621251,205722959,ransom,
10019509,10979,823064,752827,249009861,ransom,
7189325,36348,1095788,649479,131138511,ransom,
7059673,7508,634303,565304,178956614,ransom,
10695253,11638,880616,815425,264047425,ransom,
10604988,15996,1059147,926393,242337953,ransom,
11206709,31769,1436021,1026878,251872245,ransom,
3446456,4042,346838,302169,88448968,ransom,
6530016,7376,554112,507771,162838454,ransom,
13478238,87667,1118611,946605,282679197,ransom,
17099884,59447,1763817,1288040,386892160,ransom,
2382220,3022,348872,317573,61297318,ransom,
5276827,6170,440169,397466,130188166,ransom,
12711838,48897,1604683,1114551,268098434,ransom,
11050066,13132,866601,766744,273091564,ransom,
7968459,8681,981360,896702,201126497,ransom,
6740467,7537,530803,489574,165880370,ransom,
11948894,35130,1411084,941377,251818333,ransom,
6831946,7725,763396,690692,171864723,ransom,
5920852,6814,530280,477914,146525215,ransom,
13527511,35598,1079222,951728,304070633,ransom,
13062460,101323,1404168,890864,262782830,ransom,
5292594,5872,617610,555737,136280114,ransom,
12677227,14822,1179336,1077496,312579001,ransom,
15386126,17166,1327824,1215528,373259271,ransom,
12913033,44984,1644402,1182807,277664531,ransom,
13684564,15179,1192403,1096207,337979895,ransom,
14742453,15850,1238681,1126854,366528916,ransom,
12169662,26459,1310509,1004611,253634352,ransom,
11406396,33343,1362096,1025109,271246243,ransom,
12880759,28703,1294888,1080061,311485582,ransom,
11264700,23844,1301739,1062288,262466413,ransom,
15938723,77590,1483070,1050536,309098738,ransom,
13633048,47513,1460356,1012330,294206237,ransom,
13587186,16391,1169733,1039624,333299374,ransom,
14515494,15826,1347298,1238982,360166594,ransom,
14683378,45225,1693538,1238658,311727024,ransom,
12840726,14450,1059351,964231,318167533,ransom,
12290753,13486,1169212,1070594,307581993,ransom,
14769496,17279,1255268,1135170,340292192,ransom,
14878596,37960,1922872,1430965,342175308,ransom,
10163712,11915,850397,769376,253100933,ransom,
13267427,15629,1188044,1074676,330557909,ransom,
15378059,84764,1513751,1207180,310404330,ransom,
12869584,59086,1524675,1134459,296476816,ransom,
14368974,16233,1265570,1149597,358222887,ransom,
11136990,12695,1093462,1006617,275846382,ransom,
13612709,34306,1417290,985905,283829191,ransom,
14895209,159051,1502232,1315706,367388867,ransom,
12321080,13219,927003,848869,304937910,ransom,
13094731,15297,1227309,1118200,325463526,ransom,
16970429,157343,1975341,1457216,366475592,ransom,
13027588,15888,1122726,1016767,323840519,ransom,
11513304,12522,1071273,980256,286926164,ransom,
18061097,23511,1541269,1325706,408251954,ransom,
15940162,126645,1759785,1282491,334898744,ransom,
10910022,12400,917000,832227,269987713,ransom,
16555120,19007,1381895,1252266,409976165,ransom,
13408589,14781,1369951,1265927,323103583,ransom,
13416500,37670,1531553,1066058,287474508,ransom,
13802738,16715,1135514,1022288,340543304,ransom,
14723872,16259,1424129,1300346,366275659,ransom,
14605617,36155,1428689,1118795,311336866,ransom,
12578231,27494,1574317,1269791,308275992,ransom,
14239709,15783,1233344,1127039,353019979,ransom,
11882406,18240,1117601,962173,293484009,ransom,
19679749,101479,1760905,1324259,399940804,ransom,
13768145,23966,1531499,1258104,339539403,ransom,
12897128,17283,1145540,994112,317223223,ransom,
11774680,13100,1214597,1111472,292686748,ransom,
15561324,44509,1636578,1220185,325729116,ransom,
12418032,26402,1421143,1102429,296148248,ransom,
11549553,12755,1212267,1098440,289939608,ransom,
11780685,14827,1118563,983972,287619905,ransom,
12750585,36372,1533800,1009089,262313712,ransom,
17994664,25469,1459854,1229362,449676394,ransom,
13065958,42661,1394872,1218962,313168654,ransom,
17145623,103277,1545829,1102073,348073873,ransom,
13135875,23847,1390488,1127737,319076678,ransom,
12528110,14509,1095329,998225,309762727,ransom,
13710605,18247,1219299,1068396,335615382,ransom,
14871544,35456,1839227,1362562,318258907,ransom,
14702009,16392,1316074,1196965,365566481,ransom,
13107182,17288,1225400,1069163,321516753,ransom,
14845353,19930,1377233,1208968,342510616,ransom,
16244855,39535,2045419,1529861,380587909,ransom,
11945324,13795,1052020,956103,293449447,ransom,
12400147,18544,1187243,1034178,306423773,ransom,
18129969,69185,1331595,1105536,377440475,ransom,
11415060,37388,1550360,1133325,254018829,ransom,
15541691,18635,1398692,1196981,391953480,ransom,
16539606,18171,1411277,1288524,409303141,ransom,
9482727,12388,895288,772098,223125845,ransom,
18041380,42440,2036406,1494302,400865216,ransom,
16328908,19148,1493922,1344769,405272513,ransom,
9131188,12820,895399,769642,222322648,ransom,
17114628,31982,1680169,1304154,374621169,ransom,
15476257,24077,1493409,1145794,385394008,ransom,
11081548,14539,991111,854322,270614424,ransom,
14995985,81494,1309592,1136277,329960244,ransom,
18138900,46135,2028864,1453576,399728590,ransom,
11896284,13459,1115108,1022800,294643618,ransom,
10814485,15423,1021655,879709,265666366,ransom,
17192827,20823,1407946,1238772,399175493,ransom,
15916711,37117,1918929,1460516,366056152,ransom,
9547205,12885,887558,761168,234879358,ransom,
11623297,12997,1153425,1049882,291411662,ransom,
18224194,40352,1984492,1472691,398643242,ransom,
12779985,15746,1264992,1099287,316313363,ransom,
12918764,14538,1156492,1047626,322205898,ransom,
18942514,85573,1467131,1230107,419466621,ransom,
15723009,36325,1801931,1359975,343476229,ransom,
9752713,12878,1151896,1004694,240687643,ransom,
16266702,19825,1496060,1332707,397617334,ransom,
14608830,37962,1559304,1194628,312866536,ransom,
14078023,22133,1388713,1151542,341339209,ransom,
12103086,13839,1204673,1113953,298468521,ransom,
14112727,17156,1259902,1121883,342474670,ransom,
14473907,36513,1688611,1208346,300361668,ransom,
14249084,16185,1238756,1140768,348062897,ransom,
11292761,13889,1041415,903720,276502014,ransom,
13064406,26136,1356563,1060555,279051930,ransom,
13572934,84500,1417013,1077742,287663045,ransom,
12859304,16799,1339857,1194418,310889624,ransom,
10588828,22550,1142867,960599,248943614,ransom,
15955239,44985,1807008,1040298,315010885,ransom,
15910320,28173,1497438,1090630,344576743,ransom,
12838741,15830,1154535,1008546,312027838,ransom,
14486787,30446,1276107,1057066,319728138,ransom,
13208091,33482,1541031,1085094,306710606,ransom,
14623413,17032,1430029,1279454,358963680,ransom,
11579054,12981,948481,855746,287740320,ransom,
17021542,42540,2053189,1481252,370977293,ransom,
13103147,74623,1273217,1105988,293712764,ransom,
11619029,43706,915712,784747,270359912,ransom,
14065855,17666,1299486,1143447,317348524,ransom,
16638200,42086,1984590,1471056,383029161,ransom,
12092054,14878,1096855,960738,296320298,ransom,
7659894,10031,766789,671646,184010323,ransom,
13153779,27848,1355137,1022668,276728968,ransom,
11408019,23380,1402694,1078370,274303650,ransom,
8808335,9987,603170,550702,217586735,ransom,
10278256,12364,1090942,945300,254206382,ransom,
13839081,45099,1701564,1146007,285237847,ransom,
11952549,18871,1039270,949863,292083087,ransom,
13625050,104408,942139,750915,290803287,ransom,
7426556,9490,832130,767538,160365462,ransom,
12506293,36094,1652266,1158109,279110418,ransom,
11078459,13109,985876,867468,269939522,ransom,
12198837,12859,1059314,951227,307024126,ransom,
13191741,37787,1677578,1190444,274089190,ransom,
12153956,13934,997511,888223,302192359,ransom,
13461226,16194,1565070,1399953,332582923,ransom,
11002202,13695,1038072,910183,266096025,ransom,
16367608,39706,1704843,1207006,350841763,ransom,
13794207,16306,1398122,1257085,337337948,ransom,
12850696,81330,999708,847917,277942776,ransom,
14281938,48208,1397072,1101827,295205166,ransom,
16059597,30291,1707467,1368823,385546733,ransom,
12141462,13379,1099181,1004964,300632769,ransom,
8986095,11101,840550,722670,221277368,ransom,
14982120,33615,1741013,1262347,326161106,ransom,
10720200,11767,917686,845580,265163936,ransom,
8958419,11078,994454,877168,219829184,ransom,
14597649,21450,1222048,1004399,319284105,ransom,
15985342,30624,1842953,1488085,387147455,ransom,
13068633,14166,1124142,1029059,323611058,ransom,
14144805,48481,1233681,1098876,327652498,ransom,
16403691,56151,1680636,1201918,339915319,ransom,
12238618,13082,994340,894010,306642426,ransom,
11226825,12047,1027551,931827,281363653,ransom,
12306841,19536,1144214,1048959,294330195,ransom,
16103614,37270,1874615,1413974,357936004,ransom,
9906950,11685,1038353,963850,244185248,ransom,
10944409,11459,1027373,915384,277308782,ransom,
16554422,34643,1850668,1457495,358999931,ransom,
12748477,16376,1190931,1029368,316137616,ransom,
12217312,12944,936556,822960,308253070,ransom,
16863967,81891,1349433,1167823,378273087,ransom,
16690792,35069,1783944,1319179,369331215,ransom,
11563340,12348,984477,899690,288238720,ransom,
14259736,14976,1181596,1065930,357477037,ransom,
14669721,29841,1512612,1174907,320188356,ransom,
13195014,20712,1341766,1100565,331558723,ransom,
12726781,13530,1309349,1189157,322125423,ransom,
12183082,12663,973421,875028,306631551,ransom,
15108832,38896,1693932,1202854,326754562,ransom,
10439070,11395,963756,876730,260707142,ransom,
11289650,11798,1152793,1025971,290214766,ransom,
20153354,109211,1614553,1369329,429784402,ransom,
11271277,32397,1399326,988608,254665655,ransom,
11800508,13082,940256,868408,290204608,ransom,
7209625,7506,602801,523974,184491029,ransom,
9578382,30500,1411634,970081,191784751,ransom,
11506929,13535,992050,918640,281207993,ransom,
11225200,11960,907982,830660,278775228,ransom,
5131240,5879,579671,520126,116085000,ransom,
7953224,37850,1117466,689626,159879228,ransom,
11088051,12304,983536,896898,276113931,ransom,
9723238,11270,855819,763444,241890651,ransom,
7569625,85518,635562,486480,126090700,ransom,
11661847,41763,1424166,997746,259470469,ransom,
10366623,11422,800713,730189,256845719,ransom,
4957596,5684,559334,501154,124912761,ransom,
10720775,31862,1345327,935302,217891589,ransom,
11274824,12510,978202,894655,278904564,ransom,
6750054,7702,628753,567419,168597296,ransom,
9050171,10578,811077,738428,207467896,ransom,
11561844,30688,1513306,1111060,258595780,ransom,
13084262,14038,1166075,1063126,326098059,ransom,
13120189,13867,1162741,1063984,326483246,ransom,
18177013,83725,1815943,1375278,365600258,ransom,
13727634,18075,1377517,1188969,339149453,ransom,
12154032,14547,1041306,930743,298922225,ransom,
13246486,15620,1177904,1073555,327210053,ransom,
17573617,38182,1990624,1502999,383776118,ransom,
12386903,13532,1056175,960430,309012419,ransom,
10902737,12291,1007732,922039,270084407,ransom,
17965884,20671,1404847,1263827,414948035,ransom,
12863659,33694,1739681,1264172,292320519,ransom,
4533842,5708,540276,496728,112204839,ransom,
7926591,38547,673216,597860,178006141,ransom,
15963316,74667,1805519,1337313,332876195,ransom,
6441615,8129,628678,546949,156610956,ransom,
11118650,12164,1008716,928246,274639483,ransom,
10966676,12276,1040518,951373,273023951,ransom,
11094218,34125,1413248,960162,229329525,ransom,
10089317,11426,952284,881219,247247781,ransom,
11886848,12887,918106,835782,294081032,ransom,
9546288,28656,1112368,844851,200796065,ransom,
7625857,19043,1067581,832434,183365085,ransom,
11551944,13510,955512,866599,283450601,ransom,
11836898,68732,982461,836589,259567457,ransom,
8749929,39728,1347694,915364,166590422,ransom,
11543762,13232,866904,790199,283194916,ransom,
14274767,16624,1275915,1152153,354671494,ransom,
10533806,11300,922195,830447,245248317,ransom,
13694337,33607,1620287,1178582,318264715,ransom,
14445910,15629,1343676,1206926,364377386,ransom,
9450387,10926,1005374,928134,233855797,ransom,
11831383,29906,1324046,971435,250403796,ransom,
16587050,18817,1642282,1440678,413323533,ransom,
10256879,11666,762797,697304,250353880,ransom,
12961327,267181,1072355,960743,323653718,ransom,
17785741,71152,1955355,1472398,374101726,ransom,
8821725,42010,624072,505915,205103783,ransom,
9375594,9673,929476,825969,240301529,ransom,
13865636,26950,1366884,1106376,299294275,ransom,
12087471,19303,1303677,1052884,300137161,ransom,
5692888,6171,531929,468714,145513497,ransom,
8492216,9548,905833,837851,210636321,ransom,
14014217,33224,1598949,1184304,305041468,ransom,
9760770,10229,773595,694158,244085858,ransom,
10343909,11014,966224,878253,259264496,ransom,
15251652,26308,1406362,1157975,336791899,ransom,
7152771,59577,1176544,883421,146569289,ransom,
10342201,267185,859334,764527,242964595,ransom,
12943635,100489,1068928,978703,320939599,ransom,
17205088,43845,1958078,1473668,375030269,ransom,
15070202,16724,1284116,1165304,373193276,ransom,
11705591,12998,1143619,1044753,290539855,ransom,
13180049,18650,1022570,912844,302985786,ransom,
19735274,39694,2194930,1712379,466506860,ransom,
11605084,12839,1164250,1064152,288622332,ransom,
10381907,11995,870080,781398,256872477,ransom,
21424999,49997,2096524,1659464,477202916,ransom,
14062529,78351,1388519,1156966,306917716,ransom,
9657799,10656,783015,707708,239595022,ransom,
17588414,18856,1500836,1364112,438805853,ransom,
13873070,34900,1724039,1227756,289174499,ransom,
8922192,10461,868762,783717,222318735,ransom,
14639942,16057,1361566,1251512,364574532,ransom,
15019690,25541,1473170,1234649,330343408,ransom,
10887905,24750,1493062,1123357,260062812,ransom,
12571866,14746,1211611,1101612,313354297,ransom,
14292823,15672,1231989,1132713,353529626,ransom,
13626210,36849,1452824,961094,277984419,ransom,
12262853,17222,1232392,999727,292751050,ransom,
18116112,110813,1555808,1153941,385624540,ransom,
15620373,34334,1387950,997834,351121127,ransom,
14667670,38596,1877391,1341974,304174817,ransom,
14784731,16691,1273645,1164500,364641502,ransom,
12864735,14045,1114003,1027127,317642588,ransom,
11274768,27610,1098388,814895,229850020,ransom,
13582390,22924,1345083,1064854,332667262,ransom,
16350892,18695,1558616,1439331,403584673,ransom,
10360236,11611,917336,840947,255487882,ransom,
15797250,37409,1788509,1312548,344879405,ransom,
14213459,15779,1271448,1151432,354772066,ransom,
13115219,42898,1165648,1040657,310252984,ransom,
15193064,64001,1311228,981001,307938248,ransom,
16092348,29794,1749476,1441312,391481556,ransom,
12064510,13487,1044560,948184,299967164,ransom,
14107226,16418,1324831,1225328,347880368,ransom,
14287704,38600,1747894,1240507,301919822,ransom,
11989400,13629,1199698,1099120,297723113,ransom,
15231722,16766,1246206,1143774,375679927,ransom,
11249877,12718,1042783,957580,276949886,ransom,
11341419,34800,1702084,1192133,228556787,ransom,
14840338,16521,1159912,1069587,364971384,ransom,
12853922,79143,1269681,1119171,287148930,ransom,
14199369,56962,1317047,984538,293700591,ransom,
16054924,26051,1617213,1315405,392648622,ransom,
12519752,13022,1139425,1041973,314479336,ransom,
9890357,10059,803418,704253,253066758,ransom,
18840227,104515,2080638,1541262,428485186,ransom,
15540280,86338,1247637,1140542,384886913,ransom,
10298076,11521,978760,891779,256462627,ransom,
15486485,19871,1144442,991057,352642929,ransom,
17378324,34517,2017226,1555773,411264669,ransom,
11367077,12535,1057953,964575,283520685,ransom,
12299386,42624,1048392,926706,293207415,ransom,
21983147,114527,2329019,1737308,457998021,ransom,
10824139,12142,884158,806924,267505183,ransom,
10169976,11940,1068423,964598,253931041,ransom,
16762285,18246,1436150,1328201,395542502,ransom,
12491057,32742,1642952,1198299,274690084,ransom,
9414050,10380,903771,830584,235127577,ransom,
14515210,16564,1368710,1266802,357535429,ransom,
14038392,33590,1415806,1063523,294203240,ransom,
11442113,13080,1115405,950859,285177613,ransom,
16042323,17834,1448570,1343774,393638469,ransom,
12088067,13600,1118327,1027075,297764493,ransom,
13630954,94091,1176542,804699,251008554,ransom,
13818044,19227,1424950,1198756,340943147,ransom,
12814188,13506,1198880,1091643,322158573,ransom,
7588374,8957,868990,809016,187306105,ransom,
10861512,34888,1258016,806522,210705682,ransom,
17628783,19076,1571561,1449220,438478296,ransom,
14557986,14791,1286124,1146435,371687635,ransom,
10109180,14660,778693,657082,217348272,ransom,
7761831,26848,1424098,1014277,179903959,ransom,
16996079,18498,1396715,1289076,418576075,ransom,
11810660,13350,917400,829633,289950218,ransom,
11553255,39854,1405660,932288,235198175,ransom,
15802779,113450,1261274,1049953,349185414,ransom,
12402463,15200,1254983,1132920,309532568,ransom,
10306714,12288,980279,900002,254240254,ransom,
14277550,45297,1861502,1347386,302851207,ransom,
20066213,22824,1513784,1368308,498039521,ransom,
9122146,8809,886145,787865,235570383,ransom,
15967354,34530,1376576,1061948,343235860,ransom,
15471317,40983,1904399,1443757,371961827,ransom,
11667987,14717,1008479,909808,282546131,ransom,
9875763,13568,1014376,896379,239536963,ransom,
18328250,40716,1971687,1497636,399407231,ransom,
14264562,51769,1177700,911457,329077455,ransom,
13023949,56589,1087517,938059,300008544,ransom,
18593700,35364,1786004,1527652,446136258,ransom,
14007200,285692,1723812,1275626,301344542,ransom,
12305479,97166,920057,830333,306332544,ransom,
16625963,18346,1570998,1453754,411010762,ransom,
13608627,21062,1266582,1076320,299154146,ransom,
13749251,28545,1590804,1224544,330011937,ransom,
14585889,15786,1264315,1160892,362671742,ransom,
12222262,13517,1085469,994330,304388179,ransom,
7022677,28311,1186526,791976,131125227,ransom,
8342104,9654,792487,679374,205679859,ransom,
14123911,90652,1038511,882617,304708098,ransom,
7338236,8036,838062,757690,174716101,ransom,
8584812,33337,1115155,673049,173000116,ransom,
11618432,12949,969885,880024,288953707,ransom,
4391566,4728,531133,479735,111910492,ransom,
14466957,31246,1344824,1065279,312538635,ransom,
8544245,17577,1031801,764730,206761635,ransom,
2694678,3473,418494,383342,67555648,ransom,
11613603,12927,988928,909197,286622616,ransom,
16802920,39946,1734382,1255080,372816428,ransom,
2964486,3548,568719,519634,76597136,ransom,
12730349,101677,870145,750516,267495197,ransom,
12029302,25189,1085521,926311,268398654,ransom,
18464025,306513,2120145,1653731,435342315,ransom,
12780625,139195,1152999,1057920,314624644,ransom,
9611922,10925,904163,829783,237848943,ransom,
19169440,42299,2091102,1622663,421546153,ransom,
14077451,16608,1337845,1179754,348186621,ransom,
8744531,10318,797972,730595,215819909,ransom,
17387467,20523,1402773,1269684,409270937,ransom,
16715491,39058,2083237,1583784,385219567,ransom,
8017625,9388,735132,665695,198212244,ransom,
14391358,24100,1153078,1038748,350452353,ransom,
23417658,121910,2363132,1813719,484924922,ransom,
5742634,8273,679391,591973,141649568,ransom,
14376033,16158,1258735,1138928,358871846,ransom,
18459777,20893,1709451,1576998,454088092,ransom,
10282042,31645,1296203,862013,209678731,ransom,
14249141,15433,1152129,1043953,353435721,ransom,
19909190,21609,1875108,1737092,491568722,ransom,
8552975,16603,978569,738999,167661641,ransom,
12456878,26282,1236877,970344,303522685,ransom,
9607458,11865,1194174,1098960,239043530,ransom,
11213495,12577,856631,795621,273648437,ransom,
11659738,76788,1283114,880703,211966776,ransom,
2273255,5691,382132,259584,55552044,ransom,
4476957,5439,346697,322176,108908697,ransom,
5591177,6513,525728,466463,133953371,ransom,
8231581,27648,1210942,817166,171201999,ransom,
5168777,5660,483341,434613,130594447,ransom,
6040477,6801,500433,462578,148303457,ransom,
6361097,18415,856597,595725,129862219,ransom,
4272499,11231,619868,441815,102359046,ransom,
6765583,7853,562765,500337,169465960,ransom,
7391299,59762,637917,531849,143665507,ransom,
8782365,35088,1127526,720132,180562023,ransom,
597522,994,159535,148801,15033319,ransom,
8348284,9177,762223,693521,208167331,ransom,
4177786,9403,447862,298086,75747563,ransom,
5552568,18174,821867,567399,131658669,ransom,
2466811,2913,262716,240011,61631232,ransom,
6687884,7653,558322,511008,165404353,ransom,
5077295,27510,978947,590597,91313784,ransom,
3806414,4551,342325,314941,93853247,ransom,
2832584,33352,217105,168572,50117577,ransom,
9692463,50534,933807,678742,191082183,ransom,
2606568,15779,602958,373932,56832672,ransom,
10489682,11820,971136,892628,259996040,ransom,
2154661,2246,236610,209289,57480765,ransom,
11715631,47756,1420624,962855,243322157,ransom,
8219312,9161,513126,456403,203626782,ransom,
3631052,4566,749223,689648,93734831,ransom,
11240785,12661,952568,872872,277490286,ransom,
17588800,39003,1857519,1404064,394195320,ransom,
10519899,11917,925338,840677,261466866,ransom,
16751302,83688,1407819,1207350,379146216,ransom,
16864306,35500,1802182,1350268,364571204,ransom,
12047720,13384,1051709,962613,298744860,ransom,
13230506,14636,1251010,1148092,329627475,ransom,
14199076,15657,1211427,1109979,349989026,ransom,
13779724,34834,1639992,1210641,296284887,ransom,
15947512,17332,1431503,1321812,394496808,ransom,
12741826,17410,1197533,942324,303021188,ransom,
15066388,36931,1719192,1041973,312535446,ransom,
11419213,19307,1252383,905693,259915591,ransom,
12685743,17972,1128099,960457,300836007,ransom,
13014243,35204,1144129,1029845,312541159,ransom,
13998465,74862,1456396,958359,266920782,ransom,
14898400,16142,1268283,1163125,371285423,ransom,
12877133,13456,1178573,1065902,324720273,ransom,
14563277,28597,1307063,1047854,318011023,ransom,
16251803,28595,1554524,1236437,395798969,ransom,
11421251,11919,1020939,926396,287326865,ransom,
13598825,14885,1292259,1192273,337679702,ransom,
16861000,39813,1843336,1352405,369530910,ransom,
13435937,15396,1131283,1036723,332851313,ransom,
14356666,16159,1429728,1319855,356403250,ransom,
10524721,13740,916366,785291,228237276,ransom,
13873778,102116,1697147,1203639,285211874,ransom,
18077688,40810,1540778,1404332,436906242,ransom,
12509714,13985,1022842,936250,309268376,ransom,
9920624,10979,1046193,963160,248574385,ransom,
16534174,42927,1910952,1378135,364941836,ransom,
13677548,15399,1180655,1078304,340099981,ransom,
16596473,18340,1399228,1288858,411136657,ransom,
12280472,15771,1150702,1035258,303140078,ransom,
16480183,41045,1856598,1346011,348915424,ransom,
11473718,12489,1130702,1030727,289764522,ransom,
16079181,18058,1324740,1209427,397466362,ransom,
12803150,24624,1349241,1084896,276304490,ransom,
13061696,42761,1499558,1200431,309438767,ransom,
16574071,86640,1210561,1061060,371959384,ransom,
9464820,10718,1057667,979574,236502179,ransom,
16641703,43009,1859603,1352874,360097712,ransom,
16106617,17972,1402193,1284949,399440663,ransom,
8939614,10492,959542,884573,220842062,ransom,
14496139,16537,1085833,967964,336049665,ransom,
16866580,36489,2088825,1631124,394051942,ransom,
10742475,11678,934140,861420,265278955,ransom,
11641063,25679,981897,896501,287947006,ransom,
19528126,50098,2058633,1543793,430005914,ransom,
11040315,12158,959077,875618,274390818,ransom,
14083947,75039,1075894,913278,310759349,ransom,
17321150,19560,1376935,1254489,404111881,ransom,
11513973,32094,1603645,1166176,259165170,ransom,
14575903,15912,1239088,1127701,361800081,ransom,
15390108,16828,1474100,1363337,382436074,ransom,
13269228,35172,1522868,1109571,274837086,ransom,
13870939,15923,1318104,1158669,344821287,ransom,
16236787,17641,1409852,1290254,404715525,ransom,
9432680,11217,895327,822679,231944144,ransom,
17667643,39759,1973051,1483784,392054075,ransom,
14877148,16309,1339500,1226680,369516955,ransom,
9882225,11191,900522,817868,246160398,ransom,
21488964,110809,1679474,1298754,440601998,ransom,
14923426,30996,1800901,1467627,362937587,ransom,
9549128,10749,843807,768968,236348779,ransom,
14425018,15967,1205806,1088320,360133213,ransom,
18040471,41138,2058308,1536786,395651835,ransom,
11249425,12938,911031,820685,278751116,ransom,
9741580,10629,911758,825068,245509852,ransom,
14314922,15274,1258291,1155230,341666830,ransom,
10757776,34288,1659411,1191091,229834339,ransom,
10405458,11671,911685,820140,259893436,ransom,
14405713,15592,1372181,1259235,361194252,ransom,
15394657,51887,1319644,982178,321073310,ransom,
16066918,100440,1611912,1278026,352038602,ransom,
12139779,13596,1149296,1058926,301099679,ransom,
14361988,16078,1228181,1128095,354326607,ransom,
14108224,14918,1189479,1084814,324892051,ransom,
14379739,36425,1791609,1359346,328182686,ransom,
14024463,15162,1200321,1087659,348980492,ransom,
13094844,14388,1107368,1022000,322545985,ransom,
14583931,34827,1685325,1280956,308316146,ransom,
14880843,17207,1431736,1280131,369390997,ransom,
12875150,14477,1149813,1060534,317531238,ransom,
9281089,10037,647613,567824,232375423,ransom,
10771607,93663,1354016,947185,182599327,ransom,
10702736,15119,1082581,937382,264187631,ransom,
12699530,13675,988588,897027,315787137,ransom,
9445384,10565,957170,867839,237612235,ransom,
9154876,31422,1290679,851480,177260461,ransom,
9271373,10407,727640,672185,226288532,ransom,
10361922,11007,796494,710490,260182372,ransom,
10817954,25368,1428156,1100388,234911485,ransom,
12891177,22361,1223821,996608,308373234,ransom,
9138913,9926,823154,752266,227040336,ransom,
2232571,2607,348126,308361,58956000,ransom,
19139858,125872,1632511,1203638,382924536,ransom,
15332359,23506,1555752,1328522,375500936,ransom,
11521637,12956,1046678,961109,284544324,ransom,
14827872,16167,1331199,1224701,368788342,ransom,
16102284,38492,1899329,1394500,344769438,ransom,
12669917,13703,1087656,993703,313897546,ransom,
14511201,15929,1181112,1081185,358169749,ransom,
13211351,20469,1202699,1097229,309568973,ransom,
14053454,37153,1747679,1239567,305610206,ransom,
14289500,15850,1387467,1279426,355541527,ransom,
12255025,13304,1080052,983146,305220976,ransom,
15638586,115273,1366050,1061133,300528752,ransom,
14368337,26845,1784524,1471369,351027129,ransom,
13658806,14838,1057835,963175,338629799,ransom,
9877134,11264,1058159,972910,247619341,ransom,
18067259,39238,1973468,1500337,395044172,ransom,
12533007,14686,1237596,1139801,309712611,ransom,
9409893,10906,860772,794735,231341287,ransom,
14379149,18584,1259189,1118288,334696938,ransom,
19548747,38013,2239290,1778486,461157593,ransom,
7766366,9491,770075,700759,193710906,ransom,
13808015,16461,1223359,1102107,343568009,ransom,
19011047,96471,1566296,1202756,384576592,ransom,
8423592,14795,887524,610679,214137279,ransom,
7057895,6529,527562,433241,188865001,ransom,
11991107,12510,1051986,934582,307721754,ransom,
14366933,34587,1554803,1046332,332641576,ransom,
9054285,9361,756224,676888,230680254,ransom,
9032254,9747,770545,679303,230578540,ransom,
12936226,16532,993633,785184,310116830,ransom,
9447935,44909,1227337,837494,225625947,ransom,
11866875,30447,833888,686548,307381688,ransom,
12625756,15976,1172639,984648,324968926,ransom,
13846655,92671,1476539,972668,261565078,ransom,
10317192,11679,820110,652595,268416549,ransom,
10644296,10277,813675,718215,273829557,ransom,
12433381,20893,953278,783969,294603331,ransom,
9519921,28969,1371647,912822,207798272,ransom,
13371161,14998,1109913,1022978,330697630,ransom,
13866775,17288,1375997,1209711,340758500,ransom,
11058926,43262,1387099,1060290,219364302,ransom,
10688982,14240,1009336,794523,260832248,ransom,
11922121,14406,1040259,905785,291819555,ransom,
7999461,9131,764812,693873,199815267,ransom,
14380308,87615,1746841,1169188,269222652,ransom,
11591373,12695,971740,893260,286232085,ransom,
11050366,13306,867870,740202,269696323,ransom,
11230241,20429,1232514,999334,247268189,ransom,
13815494,28671,1659757,1310527,330630690,ransom,
11997459,14586,1033440,902481,292746430,ransom,
10037424,15150,1218364,1118690,250089887,ransom,
17943539,40691,2031642,1496727,388184425,ransom,
12175985,15098,1123701,984938,296834276,ransom,
13001197,14287,1115873,1012898,324543436,ransom,
16501878,20618,1410858,1247249,383017937,ransom,
16218506,98277,1867226,1330650,327868432,ransom,
12991907,116795,1137927,987684,317854171,ransom,
14118067,17114,1243658,1100512,343857927,ransom,
13505390,18690,1037253,911904,302028641,ransom,
13671427,33984,1782687,1308816,317782961,ransom,
15334786,16664,1313159,1209498,379420180,ransom,
12527523,16065,1002894,867942,306507878,ransom,
15925934,44036,1798524,1299046,335082192,ransom,
14700509,17878,1470898,1289407,366408064,ransom,
11427308,15581,1038968,902999,278672914,ransom,
14554950,16223,1237887,1123151,350312126,ransom,
17131646,38407,1895002,1372954,386029311,ransom,
11128391,18135,1084537,832361,258764590,ransom,
12363436,17373,1240697,897106,285930341,ransom,
22287326,108642,2195429,1374159,419938579,ransom,
11490853,15048,1361141,1118120,282818133,ransom,
9085345,11984,1059216,921364,222910759,ransom,
13017733,16545,1229466,1081896,317513015,ransom,
13684039,35169,1571937,1113184,283966329,ransom,
14511952,18444,1231386,1072635,354668991,ransom,
12944868,14484,1137833,1049444,318657546,ransom,
12169244,27993,1226331,843713,254647397,ransom,
6277143,14736,947654,716625,151555416,ransom,
12076675,13979,1118905,1034356,296206483,ransom,
11222742,14021,915221,780909,275133590,ransom,
15329406,102131,1655694,1133237,297697648,ransom,
17006500,22727,1535081,1356526,419693457,ransom,
11384499,15580,1033585,893143,278953568,ransom,
12174151,14479,1014710,906661,274962513,ransom,
15618753,41433,2086847,1496880,358148665,ransom,
12195660,13000,1108923,1014615,304690011,ransom,
9492403,12895,1024854,894789,231903434,ransom,
15405308,37159,1626845,1169088,329528667,ransom,
12245414,20602,1381945,1157175,302152835,ransom,
10855074,14802,825219,677137,269242795,ransom,
15809847,44370,1389984,1261461,377002183,ransom,
19635744,118195,2046922,1434773,395369652,ransom,
6788082,13438,678388,539467,167673028,ransom,
10258828,11749,969254,892232,253248735,ransom,
10034624,23197,901916,699990,213731613,ransom,
15502876,32482,1856365,1451254,365717649,ransom,
13717665,18672,1200311,1055222,333754595,ransom,
9310650,14483,699829,544327,235347574,ransom,
15376060,37625,1999325,1499793,338352442,ransom,
11391828,18714,1247852,1085039,281008573,ransom,
861858,4017,438264,393151,22984317,ransom,
3713689,25183,1229236,1028588,68560888,ransom,
1977340,42000,731812,240674,13534978,ransom,
815583,5880,251109,37309,4070713,ransom,
1234384,12399,352291,53853,5951763,ransom,
2994976,78397,754585,224077,19397033,ransom,
0,0,0,0,0,ransom,
17792840,19442,1610585,1454818,443488740,ransom,
11722728,13280,1029605,930633,290540238,ransom,
15208300,35942,1840424,1378439,330058049,ransom,
14499497,16414,1401987,1279647,359587620,ransom,
10089206,11627,871277,792516,246967678,ransom,
18183741,95651,1427602,1178276,373735161,ransom,
15612461,36365,1954792,1554860,367711635,ransom,
11072129,13246,960164,862650,274667804,ransom,
10712090,11973,1004341,915332,266912313,ransom,
17801480,46943,2024600,1514638,387441736,ransom,
14682880,16550,1295892,1170050,363386464,ransom,
11440941,12513,1018978,922244,285822983,ransom,
12054377,13537,1103483,1016809,292116387,ransom,
12156955,36883,1570658,1146125,253723680,ransom,
8253,242,5257,178,52633,ransom,
10184352,11723,764924,678109,252034931,ransom,
2547455,25261,831413,455087,21472125,ransom,
6494619,7735,599436,539145,161041975,ransom,
7683002,95950,713506,574021,150802735,ransom,
10264735,11553,771017,706548,248806695,ransom,
7618777,31010,1207322,782133,151594033,ransom,
5990007,6972,463538,435727,144672033,ransom,
16374530,70612,834792,738266,324596868,ransom,
3100649,20807,720810,453760,36662853,ransom,
8138046,16279,857507,671673,198148805,ransom,
4940664,6015,597018,527454,127359534,ransom,
14511348,16166,1371979,1241847,363966379,ransom,
18527685,43116,2097816,1621532,408745267,ransom,
6722283,8051,531762,479789,164764653,ransom,
15538965,95034,1236113,1071354,339802515,ransom,
22082956,33830,1967501,1641887,500879882,ransom,
6130573,17874,968378,727298,145170887,ransom,
8440099,10709,903461,819501,209978509,ransom,
14744533,16863,1322116,1206800,363561359,ransom,
14479668,35550,1847946,1401371,314474307,ransom,
10136605,11729,901536,814016,248975109,ransom,
11138984,13300,968501,885272,273008559,ransom,
14318640,15984,1212546,1100110,349935833,ransom,
15243261,40998,1724986,1240914,335631459,ransom,
12902145,14945,1201666,1091374,318973061,ransom,
14820152,66305,1184151,1019879,330707852,ransom,
11919979,31462,1166006,971305,255576815,ransom,
14389427,28452,1785190,1418225,344893603,ransom,
14746086,16826,1379195,1258508,364316189,ransom,
11627423,13322,1049845,960941,285852416,ransom,
15232103,35061,1788850,1335206,324073768,ransom,
15184844,17122,1317786,1197596,377294899,ransom,
11986121,13504,1271186,1158740,297537840,ransom,
14955177,17401,1067057,965413,341969635,ransom,
12206891,33777,1617637,1189968,275384089,ransom,
14229028,60505,1264733,1107127,325694882,ransom,
16654651,38938,1297921,1175823,393949885,ransom,
11363154,33221,1426685,998819,229542060,ransom,
12616235,14492,1061804,958409,311659935,ransom,
14957361,16758,1411317,1285268,370296852,ransom,
12247353,13674,1102738,1007668,279266686,ransom,
14398226,36940,1643241,1180906,328113908,ransom,
13471703,15247,1415045,1303864,332560908,ransom,
9318152,10666,920105,846232,229087871,ransom,
12730209,32937,1494401,1074009,269966288,ransom,
13577526,15551,1264995,1161221,334446622,ransom,
12380035,74611,1124877,968526,266472694,ransom,
11018329,12627,1080120,986724,271504075,ransom,
17930526,47281,2022464,1496163,397487865,ransom,
13734650,13947,1158498,1029957,347480954,ransom,
12819324,13642,1150708,1025528,323245356,ransom,
17000911,34778,1870905,1472764,369536578,ransom,
13689338,21787,1346485,1130452,334180352,ransom,
10930427,116259,1003966,916496,269125891,ransom,
13868076,15270,1282595,1175096,345405896,ransom,
16073212,40363,1785193,1290422,342737611,ransom,
12469269,36425,1189023,1073199,298132015,ransom,
16658745,82110,1301439,1143016,377393420,ransom,
16186660,28593,1550953,1257585,348607535,ransom,
10931917,22734,1369743,1106216,265429343,ransom,
14571495,16785,1128036,1015273,360281697,ransom,
13380701,15389,1252537,1159999,329682886,ransom,
13531656,34287,1710357,1264605,292672275,ransom,
14371476,16114,1226102,1119149,355264462,ransom,
14345878,15853,1296974,1193183,353893040,ransom,
11422532,13032,1078254,988396,273705653,ransom,
12793367,33620,1677618,1216297,274934743,ransom,
15660481,17542,1444670,1327030,387786730,ransom,
13883408,53162,1060902,932417,322083868,ransom,
14781136,67647,1784374,1327519,298755932,ransom,
11976422,13969,1165136,1015761,301552065,ransom,
11432344,12540,1137692,1047549,285219499,ransom,
11636174,12829,811483,743631,285241564,ransom,
18403216,46872,2100600,1590423,408843789,ransom,
13122771,26130,1285808,1174098,329700712,ransom,
11571498,13511,882568,786871,284146272,ransom,
10250408,21979,1332878,1054741,221296397,ransom,
1621628,9118,912418,700283,43875502,ransom,
20705707,22687,413766,343597,507421859,ransom,
18890272,80195,2106292,1895666,428223450,ransom,
9350383,32925,1350766,943929,186711689,ransom,
13050398,15670,1180941,1046361,326409131,ransom,
20601631,22743,1747890,1617704,508511336,ransom,
7612386,10155,707327,639717,162662975,ransom,
11886605,33605,1650336,1179369,271227601,ransom,
17044821,23465,1479641,1330005,424270613,ransom,
9978715,32796,1064815,893623,235390636,ransom,
10009184,30065,1339478,904099,200648881,ransom,
16160898,18122,1389687,1270725,401269207,ransom,
15364726,17330,1278416,1171334,380497438,ransom,
10382582,78508,761011,636645,213613335,ransom,
18295941,55286,2066274,1535431,399668933,ransom,
17453891,19784,1499366,1373133,430649635,ransom,
10989831,13086,1101484,1020567,269226080,ransom,
16143618,293477,1610779,1242652,342525429,ransom,
13250670,21346,1189889,978164,322106067,ransom,
11185320,14076,1344261,1249412,273934828,ransom,
10340677,12442,980318,910466,252466981,ransom,
17133434,45055,1837213,1352843,365286431,ransom,
9128200,11073,870571,803139,222729081,ransom,
14001102,16234,1170087,1068701,343905818,ransom,
20057735,89876,1664986,1446507,425455917,ransom,
4254829,22738,1159821,749780,85578610,ransom,
518629,685,180613,153460,15885660,ransom,
12664211,14454,858803,789237,308601987,ransom,
3026785,20161,1245959,852555,44724484,ransom,
17485174,19948,794625,725956,424367084,ransom,
6985215,8771,812107,756623,170161243,ransom,
9532826,11899,786409,702256,219149591,ransom,
21247641,44223,2272228,1741814,502690042,ransom,
10763453,11836,1039056,945119,269402769,ransom,
8783839,9825,756681,662895,221840940,ransom,
22554622,90037,1851102,1590581,497204949,ransom,
12945553,60024,1581207,1149393,286633569,ransom,
8353411,9583,859423,770340,210210044,ransom,
15602666,17112,1285311,1179950,386696529,ransom,
14829416,27817,1546127,1207381,321680886,ransom,
9733591,19350,1299747,1041026,240601264,ransom,
8573397,8996,1067350,975184,218209021,ransom,
1004731,861,306272,262568,30093723,ransom,
15706756,36287,1279793,766052,345477672,ransom,
26145715,32551,2320392,2074307,627448623,ransom,
1446372,5179,362923,104852,15277603,ransom,
15587798,27737,1583205,1113101,335629521,ransom,
31183925,141517,2856781,2265321,675028772,ransom,
3086623,4341,362689,330072,75080327,ransom,
12454560,13826,1055084,936742,314401100,ransom,
22965500,25151,2066472,1902115,555695474,ransom,
8054758,30483,1183204,732752,149513079,ransom,
2524680,7187,783194,689124,68733511,ransom,
1768526,2907,831260,755542,53317173,ransom,
14167349,27952,548388,328819,319619480,ransom,
29151199,50078,2690878,2279212,695340297,ransom,
1394129,2188,155811,132797,33774536,ransom,
6625580,7045,578896,512356,169170888,ransom,
18590765,87410,1688765,1292194,375293116,ransom,
6032386,29083,822902,556214,137375107,ransom,
8199339,9120,744723,678872,202993263,ransom,
4834489,5533,489584,434945,123262983,ransom,
10646308,31307,1307455,879745,219933206,ransom,
12176830,13238,968999,869007,304851517,ransom,
2106223,2472,289725,268164,53323069,ransom,
11019492,13642,968385,800772,259288381,ransom,
8507534,26488,1131443,800600,183892418,ransom,
9113099,10134,894593,828341,225053627,ransom,
8055114,252199,704012,634774,202280147,ransom,
8486215,171022,1061657,692763,131151917,ransom,
1295729,5375,573637,446953,34242704,ransom,
799887,878,368510,335049,24547801,ransom,
688956,982,297874,267480,19640888,ransom,
4899477,21296,1114793,743071,89309654,ransom,
15137663,17536,122680,61741,367174980,ransom,
21657022,25152,1899209,1788174,527284379,ransom,
5515729,17127,807644,501601,107781143,ransom,
15906838,30479,1529812,1285045,392902574,ransom,
15429728,17845,1437477,1307321,380946551,ransom,
8160488,9590,869250,793660,202327352,ransom,
13990270,86497,1286936,959538,263767777,ransom,
16749391,32856,1684508,1404593,410707705,ransom,
13043398,130296,1073584,970560,321326908,ransom,
8692234,9736,807907,732815,216148249,ransom,
16592006,37251,1884294,1432982,365970423,ransom,
13735966,15131,1221555,1100083,343232893,ransom,
11669478,13161,1040495,938276,289520373,ransom,
8465884,18265,1281069,1079693,176494131,ransom,
2116454,20030,945916,664016,48830300,ransom,
8235374,9424,322681,266001,203624442,ransom,
27424436,30155,2084438,1917798,672102258,ransom,
7673158,87357,876587,532763,100245146,ransom,
12213619,17021,1317811,1091670,306708643,ransom,
19395547,22013,1707136,1551052,476402946,ransom,
8663806,10019,883104,813217,214028772,ransom,
16305126,35262,1880154,1429375,361980262,ransom,
17689416,20522,1478308,1354835,434427218,ransom,
9629368,11561,964816,881206,237323453,ransom,
13656875,16802,1121433,1007379,305693558,ransom,
4555137,21121,1504804,1106344,100994164,ransom,
472410,529,86501,70616,14900044,ransom,
27496345,31067,1465337,1302186,676208851,ransom,
14914458,77015,1577786,1333132,292590389,ransom,
5408094,21965,938153,603443,121873708,ransom,
19364620,21663,1805244,1650157,484381638,ransom,
14014398,15840,1021825,904213,346812246,ransom,
9256161,28948,1622068,1167675,189028478,ransom,
15281458,16310,1148906,1053555,382537326,ransom,
13862047,15967,1302896,1175496,345361876,ransom,
10712377,11782,925828,834847,251175036,ransom,
15988953,36414,1957989,1499105,369619156,ransom,
14699457,16817,1433826,1304272,367155339,ransom,
10651288,13301,765923,687644,258479938,ransom,
16718933,98931,1693391,1220932,327922799,ransom,
15804150,17875,1484633,1305718,396051567,ransom,
6033080,7254,803009,727166,152215519,ransom,
1266417,1265,379395,331912,38943205,ransom,
18948053,42708,1190294,763135,423080403,ransom,
14930418,17640,1709162,1578600,369958902,ransom,
7793439,8912,706474,639239,193952796,ransom,
10786345,17712,1068445,816440,236099969,ransom,
10700693,25621,1421990,1128337,257493322,ransom,
10895900,12693,888577,808618,267592868,ransom,
2400029,3102,272862,235587,61621125,ransom,
14788759,105431,1239392,908284,289670896,ransom,
13352692,28634,1522822,1178640,326421618,ransom,
11644525,12737,981643,898653,290140489,ransom,
8124495,9771,835067,770332,199437755,ransom,
12609279,35543,1431845,966566,260243090,ransom,
9690378,10855,1006199,902787,244378210,ransom,
6610956,7691,612692,563991,162539088,ransom,
14120107,18046,1130559,1001963,344557744,ransom,
14085022,42076,1639931,1130018,299975941,ransom,
13630721,15353,1122346,1005841,339475568,ransom,
13487184,18471,1407904,1258347,332764810,ransom,
12514577,58108,992006,847361,264612010,ransom,
15260716,86346,1738391,1236692,330994334,ransom,
13024023,16059,1154545,1029446,321869249,ransom,
8818174,11894,950403,832644,216953067,ransom,
14060541,16718,1202535,1068512,324569821,ransom,
15570789,39147,1849563,1366524,355293648,ransom,
11563547,13618,1010624,900524,282864407,ransom,
11223204,14854,1027248,894561,274047336,ransom,
21367763,43369,2271368,1689166,474217492,ransom,
10042571,13324,1055864,940381,245731170,ransom,
7294615,9148,556944,483991,177329472,ransom,
8924220,9880,847739,769790,224782988,ransom,
20315233,117612,2290171,1647818,416649248,ransom,
10842751,283337,1151136,902331,256940636,ransom,
13183632,123653,1260048,955633,320800826,ransom,
18040775,19210,1407551,1273918,447814434,ransom,
4773766,25066,1375915,961208,71023691,ransom,
842195,1184,409318,368891,25254823,ransom,
16167342,18420,498530,409462,394698803,ransom,
22439285,33693,2258809,1976466,509960272,ransom,
6352504,23610,1038911,727698,154599413,ransom,
9697189,11862,931362,846984,239742238,ransom,
11403646,13187,1078260,980277,284610579,ransom,
18919665,126042,1975732,1399441,374768804,ransom,
14153613,15938,1227455,1106028,352226730,ransom,
13410333,15386,1233648,1114461,332134373,ransom,
14286960,16575,1199773,1094710,350624115,ransom,
13574373,34972,1598655,1168980,284104245,ransom,
11009448,12593,1039232,939283,273801937,ransom,
14000498,15597,1333134,1213170,349325648,ransom,
9646510,24263,1319222,974500,202452546,ransom,
2517535,6811,874741,676652,74298136,ransom,
5386841,5946,139011,94528,135549857,ransom,
28476432,33417,2088337,1913340,696211215,ransom,
7922468,88632,880581,552856,109879010,ransom,
8289430,14811,1119861,884428,208687974,ransom,
24182506,26911,1952032,1784640,597201857,ransom,
6686427,7828,734172,691864,163139219,ransom,
8009126,26917,1257285,824096,153966835,ransom,
22514649,149582,2113270,1936263,558642846,ransom,
10405595,11444,791982,732865,256194538,ransom,
10924484,22140,930108,810262,239433249,ransom,
7771337,22856,1487404,1086435,175301085,ransom,
1847760,2779,683624,606365,51729036,ransom,
28003300,32137,1674283,1526632,685554615,ransom,
14484181,85180,1366228,950739,265221767,ransom,
2411666,5460,479000,345318,62564826,ransom,
24422166,26858,2039190,1852499,608912384,ransom,
13048516,15417,1152861,1067864,319286967,ransom,
6131832,24158,976144,575172,109094754,ransom,
22658514,25562,1905939,1729922,566430133,ransom,
14417926,16328,1375511,1280033,354073658,ransom,
7109742,12777,690115,531059,134433214,ransom,
19959614,295492,2198856,1808103,492245926,ransom,
13571829,80485,1068901,993033,330750570,ransom,
7955863,69655,484138,373394,160635862,ransom,
4670997,30239,1042697,612959,64118843,ransom,
9676323,10829,741152,676084,238631959,ransom,
6000197,6548,623962,564793,152870557,ransom,
12893369,14581,1000216,927887,302075496,ransom,
7154519,28511,1158966,730182,147443632,ransom,
4777184,5407,386492,353048,117331621,ransom,
7386427,11470,602069,445590,173859401,ransom,
5647793,29896,1209859,564043,81801035,ransom,
12227271,20113,1220029,892923,279550089,ransom,
4126196,11412,373617,220249,73835198,ransom,
11814119,82554,942544,791299,243052813,ransom,
5083068,52493,823687,393900,88522414,ransom,
9387876,11096,886937,806976,231731062,ransom,
2258833,2577,219395,191060,57645461,ransom,
12175974,26454,1260454,953573,263068214,ransom,
6479500,16471,807064,559498,157572415,ransom,
5588705,6783,587829,541275,138438616,ransom,
11438752,12583,834746,763845,282612154,ransom,
10973506,33978,1553321,1056527,234336722,ransom,
9525422,10478,779341,710363,236985091,ransom,
10736474,11631,1168747,1053759,273366337,ransom,
19852904,31284,1677941,1480221,459923676,ransom,
11397595,31903,1522034,1094171,261674673,ransom,
16071166,79145,1326672,1166714,369654787,ransom,
13040209,44441,1282775,1166694,307043461,ransom,
6029209,29777,1021181,571823,92334053,ransom,
1303000,1762,522774,470710,38845233,ransom,
24187490,27229,1545125,1389793,594823934,ransom,
13520910,15632,1191625,1099865,330050484,ransom,
4011808,26838,933522,507941,53078911,ransom,
19158099,21365,1599506,1439346,480231038,ransom,
17801884,20044,1502454,1377844,437458797,ransom,
5737882,19480,800198,524712,96489270,ransom,
14518910,23022,1516530,1275934,362277472,ransom,
20604450,35202,1673128,1513060,502168748,ransom,
8133990,63202,681676,568902,166449489,ransom,
10284188,30780,1389459,935875,212433520,ransom,
17858602,20237,1531165,1405668,442733775,ransom,
9487424,10475,972911,898457,235190829,ransom,
9315280,24659,779244,656722,201625320,ransom,
17249581,37281,1865368,1387094,407703611,ransom,
14829387,16272,1244412,1131549,369397585,ransom,
9255067,10472,880076,799856,232323891,ransom,
12001212,31698,1401175,956877,252289117,ransom,
12635638,14188,1227544,1125227,313919201,ransom,
9835601,10661,926888,856775,244298816,ransom,
16296839,78027,1175993,1009995,347463981,ransom,
17431984,41283,2086238,1536303,394508893,ransom,
11895950,13253,1080174,995997,294399245,ransom,
11305932,12475,982256,895185,278746739,ransom,
17998632,42957,1821061,1405427,396835807,ransom,
14228460,20259,1496029,1269320,350415713,ransom,
10672375,11875,898702,812797,264004160,ransom,
11124126,11953,1060506,952937,279694403,ransom,
16261214,40654,1939457,1416858,347007227,ransom,
9263146,10754,1037612,948733,229698857,ransom,
11072029,12353,1101547,1009250,277368488,ransom,
17502696,111593,1373729,1115158,349359287,ransom,
11860686,30773,1358397,1011566,278700556,ransom,
11998862,13370,1018144,930144,297261296,ransom,
13327909,14090,1185204,1081113,332771610,ransom,
17572966,41978,2023608,1530340,382736107,ransom,
12124879,13278,1089059,992854,301107723,ransom,
11197519,11943,974190,892646,277953084,ransom,
16425567,17847,1311457,1180629,388876760,ransom,
15221748,39173,1831797,1349100,346132548,ransom,
9930595,11056,983952,902129,245938292,ransom,
13603622,14736,1142688,1038438,338098271,ransom,
17778347,111891,1328502,1136563,369325011,ransom,
11453383,33009,1663857,1224061,258710057,ransom,
14292822,15744,1275992,1170017,354189221,ransom,
14473987,15867,1343365,1234660,357907612,ransom,
15917224,36138,1665569,1202868,337601692,ransom,
14820406,16511,1351065,1250237,366507695,ransom,
12672268,13815,1169978,1062929,315139526,ransom,
12147251,13467,1104942,1008309,296451826,ransom,
14851110,41607,1754062,1279283,315355948,ransom,
12517309,13783,1220513,1121129,310755298,ransom,
13488486,15027,1212332,1110617,333374424,ransom,
16403974,87182,1234131,994287,335585929,ransom,
11367388,28381,1588007,1223346,268246671,ransom,
4728788,4802,848915,797978,123412722,ransom,
691885,952,83898,68644,18729221,ransom,
24932632,48889,1966303,1434100,561555754,ransom,
11505836,13248,1134604,1057323,282676745,ransom,
9444266,10195,752401,679880,236561489,ransom,
12059183,13286,1238802,1133020,302071088,ransom,
16764833,41072,1866975,1358341,362565745,ransom,
7602870,8721,818616,760123,188842863,ransom,
13416657,14797,1143384,1055169,331040296,ransom,
20205937,113826,1421953,1174633,418184958,ransom,
9808025,26267,1404405,1048242,225833922,ransom,
8161873,9605,778052,714877,201712287,ransom,
12468275,14223,1209050,1125685,305780628,ransom,
15795189,33721,1804288,1378261,341030845,ransom,
11791349,14024,1046524,960153,288109313,ransom,
13118833,14880,1153744,1060847,323585091,ransom,
14582918,16231,1300454,1200415,342281405,ransom,
16198803,32922,1615183,1197585,369234536,ransom,
8370943,10079,1029837,958328,205765819,ransom,
12173670,13633,1075694,980281,302488221,ransom,
17169102,71759,1340203,1117350,354197256,ransom,
13768207,31582,1608683,1235212,327502631,ransom,
10236258,11275,1039120,954236,256936439,ransom,
14697314,16782,1278290,1166541,364803739,ransom,
13420442,21342,1137131,1038214,318317282,ransom,
12707689,37472,1445758,1131565,272303582,ransom,
15707500,26250,1637946,1364560,382510132,ransom,
13008967,14832,1188518,1093244,320145000,ransom,
11100294,12469,1030685,945594,275996386,ransom,
16562785,36613,1898935,1434867,354474137,ransom,
15067518,24294,1141347,1029572,367438173,ransom,
13297528,69513,935619,789303,296221643,ransom,
11884333,16164,1093935,934803,264936175,ransom,
11520110,28155,1552287,1179116,274801259,ransom,
11564065,12741,960289,856794,290670968,ransom,
10041486,11252,838037,761650,247996117,ransom,
16109879,34658,1717610,1237040,364956970,ransom,
9336975,9981,1004999,918167,237028248,ransom,
11550979,12558,988461,904964,286755383,ransom,
13377279,13710,979060,872590,320930235,ransom,
14972475,34304,1705605,1261873,338396095,ransom,
11659156,12985,970289,882608,289297093,ransom,
14814139,91658,1328270,1160223,328889467,ransom,
14821241,34280,1690338,1272057,323646702,ransom,
10580512,12336,1067275,962071,263656676,ransom,
14216572,15405,1149388,1050538,353953824,ransom,
12932313,14085,1100005,1004864,321239208,ransom,
14440695,34286,1855011,1411303,308739026,ransom,
13839308,15319,1140896,1048075,341117553,ransom,
10032728,10828,1213810,1118155,254775322,ransom,
14777827,25846,1145472,961948,331070992,ransom,
17187831,34355,2080215,1703197,412187982,ransom,
10478010,11569,799700,724912,258698369,ransom,
15859471,80840,1319513,1154710,353566071,ransom,
17460004,38555,1904296,1441687,383093792,ransom,
12209170,13532,1066196,985577,301935363,ransom,
8461568,16791,663279,567954,211220606,ransom,
6460959,20269,560635,415700,163009386,ransom,
15492136,65767,2078530,1445823,342957109,ransom,
33331578,62343,2387337,2140877,811129987,ransom,
1814436,3147,288520,263712,44050219,ransom,
12774224,33538,1521495,1096953,265824360,ransom,
22113637,26632,1916353,1718197,547721611,ransom,
6880421,8501,705840,636643,170799935,ransom,
15223603,19890,1390362,1269388,378555436,ransom,
20035895,103741,1897273,1371866,408116109,ransom,
9214781,10600,874560,785243,231002713,ransom,
10730131,12146,1026427,935213,269242881,ransom,
16299063,18116,1462187,1347302,398451887,ransom,
13450870,43550,1596340,1165878,284913968,ransom,
6360679,7408,749024,692242,159024588,ransom,
16764281,18679,1413707,1287795,416842902,ransom,
17402390,34587,1887659,1511861,381522878,ransom,
2402754,7427,529051,411143,59404128,ransom,
1267760,1633,566881,514544,37706780,ransom,
24907563,27275,1573412,1448945,611172371,ransom,
12287907,91157,1237309,863679,220920526,ransom,
7564867,22689,910370,727050,179720821,ransom,
18210318,22816,1452033,1226919,444204105,ransom,
14453609,18048,1551103,1206759,341198562,ransom,
13988708,41675,1739569,1053552,274446503,ransom,
16128356,23497,1341289,1082817,377616260,ransom,
17621602,19271,1605917,1490580,434045584,ransom,
7747762,10773,645510,548580,167114131,ransom,
13212500,31847,1761455,1346384,310008794,ransom,
15202737,17060,1373755,1262584,376207462,ransom,
9595888,11416,1031375,935575,236683754,ransom,
17269904,119834,1755749,1195346,327010771,ransom,
15657643,17794,1478952,1345930,389205788,ransom,
8933713,10407,676112,617722,217165987,ransom,
13551222,15160,1414222,1288289,339624049,ransom,
19216942,42392,2048717,1530049,422221903,ransom,
10419757,11723,825978,759992,254310410,ransom,
11492348,12616,1096457,1002268,285349041,ransom,
18428376,30329,1822784,1511364,412046688,ransom,
13613595,25675,1457215,1180152,327918041,ransom,
10274366,11756,942914,862398,254237923,ransom,
17841531,44777,1535695,1396099,429053819,ransom,
16551638,95950,1858608,1327936,324539675,ransom,
8867922,10125,767193,694298,219324973,ransom,
19021078,20832,1531879,1396504,470242761,ransom,
13291947,23068,1343929,1209411,298211076,ransom,
10695908,29309,1397397,987215,242563579,ransom,
15459643,17338,1440107,1310931,382973142,ransom,
13003994,15408,1146186,1053295,319960987,ransom,
12851016,31120,1519981,1159022,275890688,ransom,
15942666,22165,1511477,1265522,395561716,ransom,
12657930,63001,1161246,1064454,312187290,ransom,
10934785,12091,1074142,967423,274380133,ransom,
20797648,93275,1662836,1330818,433297873,ransom,
11886886,25103,1495259,1208825,291092279,ransom,
11276440,12979,1051930,935771,283766581,ransom,
13773639,15729,1333947,1224353,339507124,ransom,
13603462,36202,1642550,1192870,285574500,ransom,
11139526,11942,913322,824481,280547875,ransom,
13601963,20589,1350879,1237760,336413437,ransom,
11998357,13167,1102235,998479,289132394,ransom,
15395041,35836,1854920,1404933,347995792,ransom,
13855254,15282,1297699,1174405,346421321,ransom,
14155188,15886,1098381,1004754,347853794,ransom,
14998922,30110,1717528,1332065,327538144,ransom,
14959932,67900,1334249,1106410,334238549,ransom,
16210781,18218,1297066,1184775,398030291,ransom,
10954283,12418,990701,911390,270187375,ransom,
14098202,32426,1626375,1209749,302821972,ransom,
13667864,15580,1243700,1142160,337553338,ransom,
11551121,13519,1053175,961965,286075094,ransom,
11686816,24735,1215588,993990,247660235,ransom,
13374490,25833,1741637,1401422,335106447,ransom,
14826670,15377,1232326,1108229,373931708,ransom,
10429593,11853,820403,740904,255882513,ransom,
14179928,35077,1809159,1323254,310971465,ransom,
22308399,86135,1686183,1479522,510910567,ransom,
9502594,10953,823033,759989,232847999,ransom,
9480790,10922,891872,806933,219744884,ransom,
20899926,43855,2387275,1860640,490804714,ransom,
13014331,14469,1026976,941592,321125923,ransom,
8332758,9452,769026,698837,208047574,ransom,
20372206,42880,2193821,1706056,454750518,ransom,
14023161,16622,1198372,1067879,345355383,ransom,
8915609,10233,806162,732552,221180730,ransom,
16213306,20732,1460197,1333446,397579025,ransom,
17666514,71363,1999409,1451571,374412201,ransom,
10878151,81336,919091,799742,234011726,ransom,
16415762,18694,1406384,1283818,407931921,ransom,
14782215,17332,1237933,1121865,339368160,ransom,
12334895,37607,1632497,1146528,277183401,ransom,
15714855,17193,1343218,1232126,388262493,ransom,
13256147,14660,1216930,1124829,327309963,ransom,
12396340,33590,1412719,1012020,256704584,ransom,
15428604,21911,1444761,1212908,380048187,ransom,
13207639,14620,1197854,1098840,327859362,ransom,
11929279,13247,1075153,987441,294782832,ransom,
19180625,49582,2030747,1478441,428127538,ransom,
15943688,345354,1365677,1201806,350123069,ransom,
10219859,99194,726936,645225,255939842,ransom,
16227315,20464,1458352,1264668,371874406,ransom,
14922909,36607,1734477,1277677,353792718,ransom,
11325340,12692,1039534,953348,279729057,ransom,
10837141,11544,1028287,934514,273699362,ransom,
11493253,34441,1514970,1046919,230754650,ransom,
13582081,14510,1087517,989511,338267703,ransom,
244027,635,149006,139947,5708888,ransom,
7684286,8449,661251,598459,183302880,ransom,
6832694,25619,1137284,707777,145334222,ransom,
10614165,13597,845016,789775,256951981,ransom,
8534978,65149,504099,393763,174953068,ransom,
4973569,24345,1092497,685562,84540451,ransom,
14517225,15419,1193964,1097894,361373564,ransom,
581710,490,106781,91421,18082789,ransom,
12969825,14227,1067066,975745,314691828,ransom,
7092710,26153,1078054,648276,148574869,ransom,
7465702,8564,647891,605989,181424447,ransom,
4105931,4475,315751,270340,105027760,ransom,
4775929,22099,868843,486201,80510768,ransom,
17497772,18997,1406108,1278639,436199607,ransom,
1728000,2398,381831,358412,43876686,ransom,
12279845,73450,898802,762450,263626597,ransom,
5031435,28098,1028194,564615,87504063,ransom,
7902200,8942,545253,511292,190912664,ransom,
5995517,6568,465922,405230,152286153,ransom,
7725403,21896,979456,691170,155842817,ransom,
4647823,10287,524675,332374,120649699,ransom,
5452789,6489,506888,469320,133557756,ransom,
2091746,2132,191143,167148,53926592,ransom,
3375198,24285,777628,391283,50174821,ransom,
1528352,1737,167713,129119,41288598,ransom,
3189222,3822,246268,224537,77855350,ransom,
8822999,86917,869316,523447,157863517,ransom,
3854094,11021,557358,381815,94382783,ransom,
5189359,5285,451144,395262,134377428,ransom,
1297440,1516,85811,74502,32496553,ransom,
6335663,28358,1031682,609517,127316129,ransom,
1392095,1452,116350,100603,36165264,ransom,
4531158,4679,314216,267878,116839590,ransom,
1830129,9859,345583,191018,19891413,ransom,
6710162,19355,828263,544266,166928280,ransom,
273016,466,115332,104394,7617591,ransom,
5402364,16045,350075,281225,134526422,ransom,
7375356,83280,1056030,564991,117482200,ransom,
3534147,3618,305891,266893,91406415,ransom,
3233925,2955,242998,204606,86327616,ransom,
5203013,8975,408819,340224,118926049,ransom,
4757821,24684,901196,515679,101331281,ransom,
3864636,4715,318464,290033,94963045,ransom,
2376504,1872,180357,145196,65551502,ransom,
5473485,27814,984640,588430,101092667,ransom,
1889424,2592,162176,137594,49586379,ransom,
1631244,1964,107159,98632,39346369,ransom,
1165359,430,103280,74062,36434081,ransom,
6373167,98110,849806,396141,81028048,ransom,
2006072,1419,182728,139739,59560983,ransom,
6561140,7761,480244,431539,162632411,ransom,
9561630,126297,679925,581492,250429880,ransom,
3254607,23314,889311,531212,44656627,ransom,
2586180,2810,195551,166748,67174325,ransom,
250776,356,34412,32827,6083872,ransom,
3069308,21582,705085,343580,51870538,ransom,
1038150,1538,83818,68692,27067312,ransom,
3721684,3992,247844,205424,97263013,ransom,
962714,1436,140960,131477,23330361,ransom,
7825921,89108,1019197,554236,127657528,ransom,
104494,707,9560,1087,2597918,ransom,
4423301,4971,373314,335761,112480000,ransom,
3557527,4112,307658,269328,92717709,ransom,
5616742,25978,949889,573724,107023576,ransom,
2364791,2627,237074,197788,63530749,ransom,
3879277,4584,266695,237104,96712666,ransom,
3874563,23023,868144,488767,68144716,ransom,
6952431,8002,525733,465310,175315247,ransom,
852150,1375,142074,132126,21008843,ransom,
4112243,13415,367625,184295,78551184,ransom,
5402358,85630,1037669,383778,61281738,ransom,
7474600,15810,723188,453067,156729747,ransom,
3231293,12696,459512,254587,49043203,ransom,
7149918,8698,507187,464897,175186386,ransom,
4252016,23556,890956,478351,72522024,ransom,
1141527,1651,81367,67284,28397915,ransom,
7288979,8878,670360,597352,183929915,ransom,
4354202,14408,544571,347798,81398806,ransom,
3945966,14794,561567,346227,91289158,ransom,
4096702,4877,360736,331043,100648391,ransom,
7831921,9176,819774,760743,193547383,ransom,
4597105,22887,918337,544967,83976612,ransom,
8623296,69347,592790,457465,176486740,ransom,
4467365,5757,405587,365204,110863597,ransom,
2761720,6879,292731,204828,48288681,ransom,
6983374,24087,1021131,685942,161314933,ransom,
3845554,4587,503422,457093,98580318,ransom,
6673808,7613,411890,371452,163520497,ransom,
4058481,23835,868671,508950,69585558,ransom,
10213794,12527,978926,896281,250846445,ransom,
5543262,6543,625323,557303,141403412,ransom,
9832109,11665,858570,801634,238918786,ransom,
12870673,34863,1485809,1033986,277013509,ransom,
2522298,67425,192928,121910,20535506,ransom,
9492365,70083,869058,796067,234026712,ransom,
9495757,25162,1177796,877805,204191276,ransom,
10048057,17482,1107476,929786,241971536,ransom,
7741199,9183,604556,547017,190467185,ransom,
2303751,2967,279434,250034,58251579,ransom,
10000630,29860,1455742,1056061,207862292,ransom,
12093267,14597,964916,866157,299663751,ransom,
7496326,9499,814319,757937,183230224,ransom,
8652690,13332,724296,625074,190351823,ransom,
4570484,30544,937702,600592,88196447,ransom,
7978514,55086,603636,499624,161170630,ransom,
11584959,13171,938142,858839,287456166,ransom,
3485249,26132,872304,481819,46824119,ransom,
8718558,10825,801007,709065,216877415,ransom,
6708,203,3584,152,44309,ransom,
9031480,12153,769431,677824,211279157,ransom,
2079611,24391,795763,391594,28285039,ransom,
5102528,5930,370667,342107,123877989,ransom,
9517394,11410,830366,739365,239326118,ransom,
7732194,13632,748563,616701,164805051,ransom,
6820031,62038,953740,554873,136879720,ransom,
4337064,54637,329654,268164,76715930,ransom,
8094530,9165,510192,455862,201807229,ransom,
3812332,28646,1049946,633716,54345765,ransom,
7536700,8353,644989,590729,188576679,ransom,
3148904,5289,417801,362678,80596386,ransom,
13211987,22197,1074064,932561,304490333,ransom,
2148227,19839,638538,286237,32404982,ransom,
7195419,9006,674341,617747,177924402,ransom,
2691991,6641,300955,262440,57589329,ransom,
7571725,37960,962678,588786,141635708,ransom,
8579325,15313,662460,526689,212901968,ransom,
6515172,85577,663829,562273,120165713,ransom,
10944705,12262,939070,872283,269459399,ransom,
7575624,47304,1112043,618640,137395131,ransom,
10569100,12023,1012785,932807,262645562,ransom,
1830339,2307,154933,135158,46313878,ransom,
6828158,8194,587486,533057,158999047,ransom,
2377051,27286,809525,397540,29219836,ransom,
3609527,4541,222486,199220,86951750,ransom,
14484990,16834,1182040,1071143,359780639,ransom,
12238001,35872,1609633,1132663,264488238,ransom,
10386679,13024,1028260,950263,253970437,ransom,
4788416,61761,278848,208115,93404061,ransom,
3109914,37671,313920,262668,57296671,ransom,
13184808,36451,1565784,1112674,282591610,ransom,
8587634,9402,587062,518414,216602023,ransom,
7158974,9162,910437,830290,180346044,ransom,
11966707,23687,1149059,902891,256154531,ransom,
9429690,23282,890603,610567,224118690,ransom,
3132727,4064,562236,524502,79841643,ransom,
11262149,12583,940534,867024,277339652,ransom,
5608691,29965,928764,480775,96132293,ransom,
13035899,14926,1221881,1100523,328602732,ransom,
11733851,13022,974401,904254,288978089,ransom,
10719406,102728,862879,722872,203562953,ransom,
9718411,35157,1270975,826287,207866197,ransom,
3266251,3754,320007,281635,84057404,ransom,
8687198,9379,756903,698776,217024662,ransom,
9186015,33690,1333482,874823,183803048,ransom,
13994544,16504,1158336,1059869,344487484,ransom,
2092072,2303,352080,319068,57727309,ransom,
8481966,10339,710904,644674,208837480,ransom,
17981306,41654,1964778,1462718,401484239,ransom,
3305597,3683,234767,202802,83682463,ransom,
7620204,8406,738488,660292,195316747,ransom,
14250176,85929,1146050,986189,297008311,ransom,
10264545,51929,1277168,825218,216896142,ransom,
6577328,7259,612181,551223,165859569,ransom,
3481445,3832,269000,247845,87055955,ransom,
14487168,35353,1638510,1212292,312004894,ransom,
8899650,11786,885358,759578,219622727,ransom,
8963550,10320,738847,667438,223735714,ransom,
4997017,21997,518812,402388,91766440,ransom,
10916312,35293,1321579,856930,210241118,ransom,
13141402,15021,1074831,959534,331945660,ransom,
5115408,5968,556424,505520,130007918,ransom,
11710532,101023,970456,788604,227256751,ransom,
14515977,46464,1454076,1015814,329586331,ransom,
853986,1284,309745,287001,23723183,ransom,
7820683,9672,705214,632774,193281407,ransom,
14430843,37058,1433093,1009990,317542162,ransom,
8894426,9862,844205,774897,221247168,ransom,
6731244,8134,727002,681151,164639755,ransom,
5588900,6112,385236,337460,140755005,ransom,
6510650,25480,1103145,725249,119162079,ransom,
10985914,12353,1016213,937760,272221795,ransom,
8543507,9394,668558,594457,215647628,ransom,
10648579,53799,891867,735199,225241754,ransom,
12008296,43138,1503519,1112243,262985293,ransom,
5238425,6047,564416,499932,132820278,ransom,
7943837,8984,669845,621285,193287531,ransom,
8552043,25403,1139501,763769,172831877,ransom,
277289,668,218114,199052,7981824,ransom,
829692,915,333802,302105,25148224,ransom,
1343015,3998,331894,276218,26433917,ransom,
20941684,36135,1485526,1099862,492628052,ransom,
13633621,15631,1280428,1187097,336126782,ransom,
1064851,1787,264144,249531,25706070,ransom,
7662737,77001,1011640,574226,112376093,ransom,
7102498,7692,620365,545695,182432224,ransom,
9278414,11066,838294,782597,225913517,ransom,
6731840,7533,619536,565042,167526723,ransom,
10126946,28843,1484658,1081344,219275539,ransom,
9003780,10312,598130,552341,219594497,ransom,
13030024,14603,1017853,923038,323974584,ransom,
6107547,22854,1066908,774005,113498984,ransom,
5099176,8249,505387,398633,124162683,ransom,
6564720,7639,587437,532234,163588183,ransom,
5932017,6786,666589,600399,150442036,ransom,
19464493,90022,1793569,1302896,405844687,ransom,
10059734,11442,895189,825602,249184096,ransom,
943176,1333,270489,247781,25970473,ransom,
4232361,5198,314975,287157,101827978,ransom,
15374802,38913,1742135,1294805,342777046,ransom,
12646718,14353,1135374,1031945,315492890,ransom,
5563418,6519,508846,464506,137485567,ransom,
9101147,31348,1105211,809097,177711131,ransom,
8830852,17863,873703,665833,215474249,ransom,
2829529,3125,466173,434246,73541624,ransom,
8691341,10253,725765,659917,212804813,ransom,
19968991,117470,1823088,1401617,409301869,ransom,
7037199,17952,749717,528132,168775315,ransom,
6058658,7309,763790,693832,153866813,ransom,
6638086,7758,564871,531497,160940807,ransom,
9174070,33052,1320285,855224,181062741,ransom,
12803361,14550,1017670,931412,315506084,ransom,
7691992,8587,759428,681992,192371707,ransom,
7054857,11739,688314,575535,146112489,ransom,
10192943,34606,1482102,803751,202404305,ransom,
12847089,22218,1354025,997835,286701473,ransom,
5168808,11765,541548,385117,101930630,ransom,
12426247,59800,1126073,944405,260852433,ransom,
14392046,84237,1510222,1046417,307974249,ransom,
5992467,7106,546321,495484,148923728,ransom,
9883310,11065,658232,588425,245454854,ransom,
6803979,21991,1114630,805620,121721300,ransom,
7328827,14178,1003505,800762,180792415,ransom,
12996581,14938,986125,911561,318437115,ransom,
9272505,10643,728530,664438,229653419,ransom,
6675254,28944,1308787,862252,120223593,ransom,
5493934,6385,414973,379936,135246259,ransom,
10842187,12712,897193,822052,266191679,ransom,
7143952,32350,605672,507833,143829919,ransom,
19356714,119085,1877914,1327328,413066379,ransom,
5981403,6913,596136,550364,148128441,ransom,
11163593,12360,982849,895934,277076030,ransom,
5808518,6876,683369,629662,144498276,ransom,
8471493,32159,1173225,723771,158953175,ransom,
6666051,8166,775206,706039,165127345,ransom,
11297913,12397,1010483,927685,279916236,ransom,
15327680,36178,1596639,1176140,328028654,ransom,
9139151,10595,832724,723758,227468556,ransom,
1903491,2251,221002,199633,47738653,ransom,
12191985,13259,939990,834761,305885677,ransom,
14459897,115148,1482040,1178057,276890771,ransom,
7689790,23514,1047393,722444,181906688,ransom,
8441679,9892,669335,621251,205722959,ransom,
10019509,10979,823064,752827,249009861,ransom,
7189325,36348,1095788,649479,131138511,ransom,
7059673,7508,634303,565304,178956614,ransom,
10695253,11638,880616,815425,264047425,ransom,
10604988,15996,1059147,926393,242337953,ransom,
11206709,31769,1436021,1026878,251872245,ransom,
3446456,4042,346838,302169,88448968,ransom,
6530016,7376,554112,507771,162838454,ransom,
13478238,87667,1118611,946605,282679197,ransom,
17099884,59447,1763817,1288040,386892160,ransom,
2382220,3022,348872,317573,61297318,ransom,
5276827,6170,440169,397466,130188166,ransom,
12711838,48897,1604683,1114551,268098434,ransom,
11050066,13132,866601,766744,273091564,ransom,
7968459,8681,981360,896702,201126497,ransom,
6740467,7537,530803,489574,165880370,ransom,
11948894,35130,1411084,941377,251818333,ransom,
6831946,7725,763396,690692,171864723,ransom,
5920852,6814,530280,477914,146525215,ransom,
13527511,35598,1079222,951728,304070633,ransom,
13062460,101323,1404168,890864,262782830,ransom,
5292594,5872,617610,555737,136280114,ransom,
12677227,14822,1179336,1077496,312579001,ransom,
15386126,17166,1327824,1215528,373259271,ransom,
12913033,44984,1644402,1182807,277664531,ransom,
13684564,15179,1192403,1096207,337979895,ransom,
14742453,15850,1238681,1126854,366528916,ransom,
12169662,26459,1310509,1004611,253634352,ransom,
11406396,33343,1362096,1025109,271246243,ransom,
12880759,28703,1294888,1080061,311485582,ransom,
11264700,23844,1301739,1062288,262466413,ransom,
15938723,77590,1483070,1050536,309098738,ransom,
13633048,47513,1460356,1012330,294206237,ransom,
13587186,16391,1169733,1039624,333299374,ransom,
14515494,15826,1347298,1238982,360166594,ransom,
14683378,45225,1693538,1238658,311727024,ransom,
12840726,14450,1059351,964231,318167533,ransom,
12290753,13486,1169212,1070594,307581993,ransom,
14769496,17279,1255268,1135170,340292192,ransom,
14878596,37960,1922872,1430965,342175308,ransom,
10163712,11915,850397,769376,253100933,ransom,
13267427,15629,1188044,1074676,330557909,ransom,
15378059,84764,1513751,1207180,310404330,ransom,
12869584,59086,1524675,1134459,296476816,ransom,
14368974,16233,1265570,1149597,358222887,ransom,
11136990,12695,1093462,1006617,275846382,ransom,
13612709,34306,1417290,985905,283829191,ransom,
14895209,159051,1502232,1315706,367388867,ransom,
12321080,13219,927003,848869,304937910,ransom,
13094731,15297,1227309,1118200,325463526,ransom,
16970429,157343,1975341,1457216,366475592,ransom,
13027588,15888,1122726,1016767,323840519,ransom,
11513304,12522,1071273,980256,286926164,ransom,
18061097,23511,1541269,1325706,408251954,ransom,
15940162,126645,1759785,1282491,334898744,ransom,
10910022,12400,917000,832227,269987713,ransom,
16555120,19007,1381895,1252266,409976165,ransom,
13408589,14781,1369951,1265927,323103583,ransom,
13416500,37670,1531553,1066058,287474508,ransom,
13802738,16715,1135514,1022288,340543304,ransom,
14723872,16259,1424129,1300346,366275659,ransom,
14605617,36155,1428689,1118795,311336866,ransom,
12578231,27494,1574317,1269791,308275992,ransom,
14239709,15783,1233344,1127039,353019979,ransom,
11882406,18240,1117601,962173,293484009,ransom,
19679749,101479,1760905,1324259,399940804,ransom,
13768145,23966,1531499,1258104,339539403,ransom,
12897128,17283,1145540,994112,317223223,ransom,
11774680,13100,1214597,1111472,292686748,ransom,
15561324,44509,1636578,1220185,325729116,ransom,
12418032,26402,1421143,1102429,296148248,ransom,
11549553,12755,1212267,1098440,289939608,ransom,
11780685,14827,1118563,983972,287619905,ransom,
12750585,36372,1533800,1009089,262313712,ransom,
17994664,25469,1459854,1229362,449676394,ransom,
13065958,42661,1394872,1218962,313168654,ransom,
17145623,103277,1545829,1102073,348073873,ransom,
13135875,23847,1390488,1127737,319076678,ransom,
12528110,14509,1095329,998225,309762727,ransom,
13710605,18247,1219299,1068396,335615382,ransom,
14871544,35456,1839227,1362562,318258907,ransom,
14702009,16392,1316074,1196965,365566481,ransom,
13107182,17288,1225400,1069163,321516753,ransom,
14845353,19930,1377233,1208968,342510616,ransom,
16244855,39535,2045419,1529861,380587909,ransom,
11945324,13795,1052020,956103,293449447,ransom,
12400147,18544,1187243,1034178,306423773,ransom,
18129969,69185,1331595,1105536,377440475,ransom,
11415060,37388,1550360,1133325,254018829,ransom,
15541691,18635,1398692,1196981,391953480,ransom,
16539606,18171,1411277,1288524,409303141,ransom,
9482727,12388,895288,772098,223125845,ransom,
18041380,42440,2036406,1494302,400865216,ransom,
16328908,19148,1493922,1344769,405272513,ransom,
9131188,12820,895399,769642,222322648,ransom,
17114628,31982,1680169,1304154,374621169,ransom,
15476257,24077,1493409,1145794,385394008,ransom,
11081548,14539,991111,854322,270614424,ransom,
14995985,81494,1309592,1136277,329960244,ransom,
18138900,46135,2028864,1453576,399728590,ransom,
11896284,13459,1115108,1022800,294643618,ransom,
10814485,15423,1021655,879709,265666366,ransom,
17192827,20823,1407946,1238772,399175493,ransom,
15916711,37117,1918929,1460516,366056152,ransom,
9547205,12885,887558,761168,234879358,ransom,
11623297,12997,1153425,1049882,291411662,ransom,
18224194,40352,1984492,1472691,398643242,ransom,
12779985,15746,1264992,1099287,316313363,ransom,
12918764,14538,1156492,1047626,322205898,ransom,
18942514,85573,1467131,1230107,419466621,ransom,
15723009,36325,1801931,1359975,343476229,ransom,
9752713,12878,1151896,1004694,240687643,ransom,
16266702,19825,1496060,1332707,397617334,ransom,
14608830,37962,1559304,1194628,312866536,ransom,
14078023,22133,1388713,1151542,341339209,ransom,
12103086,13839,1204673,1113953,298468521,ransom,
14112727,17156,1259902,1121883,342474670,ransom,
14473907,36513,1688611,1208346,300361668,ransom,
14249084,16185,1238756,1140768,348062897,ransom,
11292761,13889,1041415,903720,276502014,ransom,
13064406,26136,1356563,1060555,279051930,ransom,
13572934,84500,1417013,1077742,287663045,ransom,
12859304,16799,1339857,1194418,310889624,ransom,
10588828,22550,1142867,960599,248943614,ransom,
15955239,44985,1807008,1040298,315010885,ransom,
15910320,28173,1497438,1090630,344576743,ransom,
12838741,15830,1154535,1008546,312027838,ransom,
14486787,30446,1276107,1057066,319728138,ransom,
13208091,33482,1541031,1085094,306710606,ransom,
14623413,17032,1430029,1279454,358963680,ransom,
11579054,12981,948481,855746,287740320,ransom,
17021542,42540,2053189,1481252,370977293,ransom,
13103147,74623,1273217,1105988,293712764,ransom,
11619029,43706,915712,784747,270359912,ransom,
14065855,17666,1299486,1143447,317348524,ransom,
16638200,42086,1984590,1471056,383029161,ransom,
12092054,14878,1096855,960738,296320298,ransom,
7659894,10031,766789,671646,184010323,ransom,
13153779,27848,1355137,1022668,276728968,ransom,
11408019,23380,1402694,1078370,274303650,ransom,
8808335,9987,603170,550702,217586735,ransom,
10278256,12364,1090942,945300,254206382,ransom,
13839081,45099,1701564,1146007,285237847,ransom,
11952549,18871,1039270,949863,292083087,ransom,
13625050,104408,942139,750915,290803287,ransom,
7426556,9490,832130,767538,160365462,ransom,
12506293,36094,1652266,1158109,279110418,ransom,
11078459,13109,985876,867468,269939522,ransom,
12198837,12859,1059314,951227,307024126,ransom,
13191741,37787,1677578,1190444,274089190,ransom,
12153956,13934,997511,888223,302192359,ransom,
13461226,16194,1565070,1399953,332582923,ransom,
11002202,13695,1038072,910183,266096025,ransom,
16367608,39706,1704843,1207006,350841763,ransom,
13794207,16306,1398122,1257085,337337948,ransom,
12850696,81330,999708,847917,277942776,ransom,
14281938,48208,1397072,1101827,295205166,ransom,
16059597,30291,1707467,1368823,385546733,ransom,
12141462,13379,1099181,1004964,300632769,ransom,
8986095,11101,840550,722670,221277368,ransom,
14982120,33615,1741013,1262347,326161106,ransom,
10720200,11767,917686,845580,265163936,ransom,
8958419,11078,994454,877168,219829184,ransom,
14597649,21450,1222048,1004399,319284105,ransom,
15985342,30624,1842953,1488085,387147455,ransom,
13068633,14166,1124142,1029059,323611058,ransom,
14144805,48481,1233681,1098876,327652498,ransom,
16403691,56151,1680636,1201918,339915319,ransom,
12238618,13082,994340,894010,306642426,ransom,
11226825,12047,1027551,931827,281363653,ransom,
12306841,19536,1144214,1048959,294330195,ransom,
16103614,37270,1874615,1413974,357936004,ransom,
9906950,11685,1038353,963850,244185248,ransom,
10944409,11459,1027373,915384,277308782,ransom,
16554422,34643,1850668,1457495,358999931,ransom,
12748477,16376,1190931,1029368,316137616,ransom,
12217312,12944,936556,822960,308253070,ransom,
16863967,81891,1349433,1167823,378273087,ransom,
16690792,35069,1783944,1319179,369331215,ransom,
11563340,12348,984477,899690,288238720,ransom,
14259736,14976,1181596,1065930,357477037,ransom,
14669721,29841,1512612,1174907,320188356,ransom,
13195014,20712,1341766,1100565,331558723,ransom,
12726781,13530,1309349,1189157,322125423,ransom,
12183082,12663,973421,875028,306631551,ransom,
15108832,38896,1693932,1202854,326754562,ransom,
10439070,11395,963756,876730,260707142,ransom,
11289650,11798,1152793,1025971,290214766,ransom,
20153354,109211,1614553,1369329,429784402,ransom,
11271277,32397,1399326,988608,254665655,ransom,
11800508,13082,940256,868408,290204608,ransom,
7209625,7506,602801,523974,184491029,ransom,
9578382,30500,1411634,970081,191784751,ransom,
11506929,13535,992050,918640,281207993,ransom,
11225200,11960,907982,830660,278775228,ransom,
5131240,5879,579671,520126,116085000,ransom,
7953224,37850,1117466,689626,159879228,ransom,
11088051,12304,983536,896898,276113931,ransom,
9723238,11270,855819,763444,241890651,ransom,
7569625,85518,635562,486480,126090700,ransom,
11661847,41763,1424166,997746,259470469,ransom,
10366623,11422,800713,730189,256845719,ransom,
4957596,5684,559334,501154,124912761,ransom,
10720775,31862,1345327,935302,217891589,ransom,
11274824,12510,978202,894655,278904564,ransom,
6750054,7702,628753,567419,168597296,ransom,
9050171,10578,811077,738428,207467896,ransom,
11561844,30688,1513306,1111060,258595780,ransom,
13084262,14038,1166075,1063126,326098059,ransom,
13120189,13867,1162741,1063984,326483246,ransom,
18177013,83725,1815943,1375278,365600258,ransom,
13727634,18075,1377517,1188969,339149453,ransom,
12154032,14547,1041306,930743,298922225,ransom,
13246486,15620,1177904,1073555,327210053,ransom,
17573617,38182,1990624,1502999,383776118,ransom,
12386903,13532,1056175,960430,309012419,ransom,
10902737,12291,1007732,922039,270084407,ransom,
17965884,20671,1404847,1263827,414948035,ransom,
12863659,33694,1739681,1264172,292320519,ransom,
4533842,5708,540276,496728,112204839,ransom,
7926591,38547,673216,597860,178006141,ransom,
15963316,74667,1805519,1337313,332876195,ransom,
6441615,8129,628678,546949,156610956,ransom,
11118650,12164,1008716,928246,274639483,ransom,
10966676,12276,1040518,951373,273023951,ransom,
11094218,34125,1413248,960162,229329525,ransom,
10089317,11426,952284,881219,247247781,ransom,
11886848,12887,918106,835782,294081032,ransom,
9546288,28656,1112368,844851,200796065,ransom,
7625857,19043,1067581,832434,183365085,ransom,
11551944,13510,955512,866599,283450601,ransom,
11836898,68732,982461,836589,259567457,ransom,
8749929,39728,1347694,915364,166590422,ransom,
11543762,13232,866904,790199,283194916,ransom,
14274767,16624,1275915,1152153,354671494,ransom,
10533806,11300,922195,830447,245248317,ransom,
13694337,33607,1620287,1178582,318264715,ransom,
14445910,15629,1343676,1206926,364377386,ransom,
9450387,10926,1005374,928134,233855797,ransom,
11831383,29906,1324046,971435,250403796,ransom,
16587050,18817,1642282,1440678,413323533,ransom,
10256879,11666,762797,697304,250353880,ransom,
12961327,267181,1072355,960743,323653718,ransom,
17785741,71152,1955355,1472398,374101726,ransom,
8821725,42010,624072,505915,205103783,ransom,
9375594,9673,929476,825969,240301529,ransom,
13865636,26950,1366884,1106376,299294275,ransom,
12087471,19303,1303677,1052884,300137161,ransom,
5692888,6171,531929,468714,145513497,ransom,
8492216,9548,905833,837851,210636321,ransom,
14014217,33224,1598949,1184304,305041468,ransom,
9760770,10229,773595,694158,244085858,ransom,
10343909,11014,966224,878253,259264496,ransom,
15251652,26308,1406362,1157975,336791899,ransom,
7152771,59577,1176544,883421,146569289,ransom,
10342201,267185,859334,764527,242964595,ransom,
12943635,100489,1068928,978703,320939599,ransom,
17205088,43845,1958078,1473668,375030269,ransom,
15070202,16724,1284116,1165304,373193276,ransom,
11705591,12998,1143619,1044753,290539855,ransom,
13180049,18650,1022570,912844,302985786,ransom,
19735274,39694,2194930,1712379,466506860,ransom,
11605084,12839,1164250,1064152,288622332,ransom,
10381907,11995,870080,781398,256872477,ransom,
21424999,49997,2096524,1659464,477202916,ransom,
14062529,78351,1388519,1156966,306917716,ransom,
9657799,10656,783015,707708,239595022,ransom,
17588414,18856,1500836,1364112,438805853,ransom,
13873070,34900,1724039,1227756,289174499,ransom,
8922192,10461,868762,783717,222318735,ransom,
14639942,16057,1361566,1251512,364574532,ransom,
15019690,25541,1473170,1234649,330343408,ransom,
10887905,24750,1493062,1123357,260062812,ransom,
12571866,14746,1211611,1101612,313354297,ransom,
14292823,15672,1231989,1132713,353529626,ransom,
13626210,36849,1452824,961094,277984419,ransom,
12262853,17222,1232392,999727,292751050,ransom,
18116112,110813,1555808,1153941,385624540,ransom,
15620373,34334,1387950,997834,351121127,ransom,
14667670,38596,1877391,1341974,304174817,ransom,
14784731,16691,1273645,1164500,364641502,ransom,
12864735,14045,1114003,1027127,317642588,ransom,
11274768,27610,1098388,814895,229850020,ransom,
13582390,22924,1345083,1064854,332667262,ransom,
16350892,18695,1558616,1439331,403584673,ransom,
10360236,11611,917336,840947,255487882,ransom,
15797250,37409,1788509,1312548,344879405,ransom,
14213459,15779,1271448,1151432,354772066,ransom,
13115219,42898,1165648,1040657,310252984,ransom,
15193064,64001,1311228,981001,307938248,ransom,
16092348,29794,1749476,1441312,391481556,ransom,
12064510,13487,1044560,948184,299967164,ransom,
14107226,16418,1324831,1225328,347880368,ransom,
14287704,38600,1747894,1240507,301919822,ransom,
11989400,13629,1199698,1099120,297723113,ransom,
15231722,16766,1246206,1143774,375679927,ransom,
11249877,12718,1042783,957580,276949886,ransom,
11341419,34800,1702084,1192133,228556787,ransom,
14840338,16521,1159912,1069587,364971384,ransom,
12853922,79143,1269681,1119171,287148930,ransom,
14199369,56962,1317047,984538,293700591,ransom,
16054924,26051,1617213,1315405,392648622,ransom,
12519752,13022,1139425,1041973,314479336,ransom,
9890357,10059,803418,704253,253066758,ransom,
18840227,104515,2080638,1541262,428485186,ransom,
15540280,86338,1247637,1140542,384886913,ransom,
10298076,11521,978760,891779,256462627,ransom,
15486485,19871,1144442,991057,352642929,ransom,
17378324,34517,2017226,1555773,411264669,ransom,
11367077,12535,1057953,964575,283520685,ransom,
12299386,42624,1048392,926706,293207415,ransom,
21983147,114527,2329019,1737308,457998021,ransom,
10824139,12142,884158,806924,267505183,ransom,
10169976,11940,1068423,964598,253931041,ransom,
16762285,18246,1436150,1328201,395542502,ransom,
12491057,32742,1642952,1198299,274690084,ransom,
9414050,10380,903771,830584,235127577,ransom,
14515210,16564,1368710,1266802,357535429,ransom,
14038392,33590,1415806,1063523,294203240,ransom,
11442113,13080,1115405,950859,285177613,ransom,
16042323,17834,1448570,1343774,393638469,ransom,
12088067,13600,1118327,1027075,297764493,ransom,
13630954,94091,1176542,804699,251008554,ransom,
13818044,19227,1424950,1198756,340943147,ransom,
12814188,13506,1198880,1091643,322158573,ransom,
7588374,8957,868990,809016,187306105,ransom,
10861512,34888,1258016,806522,210705682,ransom,
17628783,19076,1571561,1449220,438478296,ransom,
14557986,14791,1286124,1146435,371687635,ransom,
10109180,14660,778693,657082,217348272,ransom,
7761831,26848,1424098,1014277,179903959,ransom,
16996079,18498,1396715,1289076,418576075,ransom,
11810660,13350,917400,829633,289950218,ransom,
11553255,39854,1405660,932288,235198175,ransom,
15802779,113450,1261274,1049953,349185414,ransom,
12402463,15200,1254983,1132920,309532568,ransom,
10306714,12288,980279,900002,254240254,ransom,
14277550,45297,1861502,1347386,302851207,ransom,
20066213,22824,1513784,1368308,498039521,ransom,
9122146,8809,886145,787865,235570383,ransom,
15967354,34530,1376576,1061948,343235860,ransom,
15471317,40983,1904399,1443757,371961827,ransom,
11667987,14717,1008479,909808,282546131,ransom,
9875763,13568,1014376,896379,239536963,ransom,
18328250,40716,1971687,1497636,399407231,ransom,
14264562,51769,1177700,911457,329077455,ransom,
13023949,56589,1087517,938059,300008544,ransom,
18593700,35364,1786004,1527652,446136258,ransom,
14007200,285692,1723812,1275626,301344542,ransom,
12305479,97166,920057,830333,306332544,ransom,
16625963,18346,1570998,1453754,411010762,ransom,
13608627,21062,1266582,1076320,299154146,ransom,
13749251,28545,1590804,1224544,330011937,ransom,
14585889,15786,1264315,1160892,362671742,ransom,
12222262,13517,1085469,994330,304388179,ransom,
7022677,28311,1186526,791976,131125227,ransom,
8342104,9654,792487,679374,205679859,ransom,
14123911,90652,1038511,882617,304708098,ransom,
7338236,8036,838062,757690,174716101,ransom,
8584812,33337,1115155,673049,173000116,ransom,
11618432,12949,969885,880024,288953707,ransom,
4391566,4728,531133,479735,111910492,ransom,
14466957,31246,1344824,1065279,312538635,ransom,
8544245,17577,1031801,764730,206761635,ransom,
2694678,3473,418494,383342,67555648,ransom,
11613603,12927,988928,909197,286622616,ransom,
16802920,39946,1734382,1255080,372816428,ransom,
2964486,3548,568719,519634,76597136,ransom,
12730349,101677,870145,750516,267495197,ransom,
12029302,25189,1085521,926311,268398654,ransom,
18464025,306513,2120145,1653731,435342315,ransom,
12780625,139195,1152999,1057920,314624644,ransom,
9611922,10925,904163,829783,237848943,ransom,
19169440,42299,2091102,1622663,421546153,ransom,
14077451,16608,1337845,1179754,348186621,ransom,
8744531,10318,797972,730595,215819909,ransom,
17387467,20523,1402773,1269684,409270937,ransom,
16715491,39058,2083237,1583784,385219567,ransom,
8017625,9388,735132,665695,198212244,ransom,
14391358,24100,1153078,1038748,350452353,ransom,
23417658,121910,2363132,1813719,484924922,ransom,
5742634,8273,679391,591973,141649568,ransom,
14376033,16158,1258735,1138928,358871846,ransom,
18459777,20893,1709451,1576998,454088092,ransom,
10282042,31645,1296203,862013,209678731,ransom,
14249141,15433,1152129,1043953,353435721,ransom,
19909190,21609,1875108,1737092,491568722,ransom,
8552975,16603,978569,738999,167661641,ransom,
12456878,26282,1236877,970344,303522685,ransom,
9607458,11865,1194174,1098960,239043530,ransom,
11213495,12577,856631,795621,273648437,ransom,
11659738,76788,1283114,880703,211966776,ransom,
2273255,5691,382132,259584,55552044,ransom,
4476957,5439,346697,322176,108908697,ransom,
5591177,6513,525728,466463,133953371,ransom,
8231581,27648,1210942,817166,171201999,ransom,
5168777,5660,483341,434613,130594447,ransom,
6040477,6801,500433,462578,148303457,ransom,
6361097,18415,856597,595725,129862219,ransom,
4272499,11231,619868,441815,102359046,ransom,
6765583,7853,562765,500337,169465960,ransom,
7391299,59762,637917,531849,143665507,ransom,
8782365,35088,1127526,720132,180562023,ransom,
597522,994,159535,148801,15033319,ransom,
8348284,9177,762223,693521,208167331,ransom,
4177786,9403,447862,298086,75747563,ransom,
5552568,18174,821867,567399,131658669,ransom,
2466811,2913,262716,240011,61631232,ransom,
6687884,7653,558322,511008,165404353,ransom,
5077295,27510,978947,590597,91313784,ransom,
3806414,4551,342325,314941,93853247,ransom,
2832584,33352,217105,168572,50117577,ransom,
9692463,50534,933807,678742,191082183,ransom,
2606568,15779,602958,373932,56832672,ransom,
10489682,11820,971136,892628,259996040,ransom,
2154661,2246,236610,209289,57480765,ransom,
11715631,47756,1420624,962855,243322157,ransom,
8219312,9161,513126,456403,203626782,ransom,
3631052,4566,749223,689648,93734831,ransom,
11240785,12661,952568,872872,277490286,ransom,
17588800,39003,1857519,1404064,394195320,ransom,
10519899,11917,925338,840677,261466866,ransom,
16751302,83688,1407819,1207350,379146216,ransom,
16864306,35500,1802182,1350268,364571204,ransom,
12047720,13384,1051709,962613,298744860,ransom,
13230506,14636,1251010,1148092,329627475,ransom,
14199076,15657,1211427,1109979,349989026,ransom,
13779724,34834,1639992,1210641,296284887,ransom,
15947512,17332,1431503,1321812,394496808,ransom,
12741826,17410,1197533,942324,303021188,ransom,
15066388,36931,1719192,1041973,312535446,ransom,
11419213,19307,1252383,905693,259915591,ransom,
12685743,17972,1128099,960457,300836007,ransom,
13014243,35204,1144129,1029845,312541159,ransom,
13998465,74862,1456396,958359,266920782,ransom,
14898400,16142,1268283,1163125,371285423,ransom,
12877133,13456,1178573,1065902,324720273,ransom,
14563277,28597,1307063,1047854,318011023,ransom,
16251803,28595,1554524,1236437,395798969,ransom,
11421251,11919,1020939,926396,287326865,ransom,
13598825,14885,1292259,1192273,337679702,ransom,
16861000,39813,1843336,1352405,369530910,ransom,
13435937,15396,1131283,1036723,332851313,ransom,
14356666,16159,1429728,1319855,356403250,ransom,
10524721,13740,916366,785291,228237276,ransom,
13873778,102116,1697147,1203639,285211874,ransom,
18077688,40810,1540778,1404332,436906242,ransom,
12509714,13985,1022842,936250,309268376,ransom,
9920624,10979,1046193,963160,248574385,ransom,
16534174,42927,1910952,1378135,364941836,ransom,
13677548,15399,1180655,1078304,340099981,ransom,
16596473,18340,1399228,1288858,411136657,ransom,
12280472,15771,1150702,1035258,303140078,ransom,
16480183,41045,1856598,1346011,348915424,ransom,
11473718,12489,1130702,1030727,289764522,ransom,
16079181,18058,1324740,1209427,397466362,ransom,
12803150,24624,1349241,1084896,276304490,ransom,
13061696,42761,1499558,1200431,309438767,ransom,
16574071,86640,1210561,1061060,371959384,ransom,
9464820,10718,1057667,979574,236502179,ransom,
16641703,43009,1859603,1352874,360097712,ransom,
16106617,17972,1402193,1284949,399440663,ransom,
8939614,10492,959542,884573,220842062,ransom,
14496139,16537,1085833,967964,336049665,ransom,
16866580,36489,2088825,1631124,394051942,ransom,
10742475,11678,934140,861420,265278955,ransom,
11641063,25679,981897,896501,287947006,ransom,
19528126,50098,2058633,1543793,430005914,ransom,
11040315,12158,959077,875618,274390818,ransom,
14083947,75039,1075894,913278,310759349,ransom,
17321150,19560,1376935,1254489,404111881,ransom,
11513973,32094,1603645,1166176,259165170,ransom,
14575903,15912,1239088,1127701,361800081,ransom,
15390108,16828,1474100,1363337,382436074,ransom,
13269228,35172,1522868,1109571,274837086,ransom,
13870939,15923,1318104,1158669,344821287,ransom,
16236787,17641,1409852,1290254,404715525,ransom,
9432680,11217,895327,822679,231944144,ransom,
17667643,39759,1973051,1483784,392054075,ransom,
14877148,16309,1339500,1226680,369516955,ransom,
9882225,11191,900522,817868,246160398,ransom,
21488964,110809,1679474,1298754,440601998,ransom,
14923426,30996,1800901,1467627,362937587,ransom,
9549128,10749,843807,768968,236348779,ransom,
14425018,15967,1205806,1088320,360133213,ransom,
18040471,41138,2058308,1536786,395651835,ransom,
11249425,12938,911031,820685,278751116,ransom,
9741580,10629,911758,825068,245509852,ransom,
14314922,15274,1258291,1155230,341666830,ransom,
10757776,34288,1659411,1191091,229834339,ransom,
10405458,11671,911685,820140,259893436,ransom,
14405713,15592,1372181,1259235,361194252,ransom,
15394657,51887,1319644,982178,321073310,ransom,
16066918,100440,1611912,1278026,352038602,ransom,
12139779,13596,1149296,1058926,301099679,ransom,
14361988,16078,1228181,1128095,354326607,ransom,
14108224,14918,1189479,1084814,324892051,ransom,
14379739,36425,1791609,1359346,328182686,ransom,
14024463,15162,1200321,1087659,348980492,ransom,
13094844,14388,1107368,1022000,322545985,ransom,
14583931,34827,1685325,1280956,308316146,ransom,
14880843,17207,1431736,1280131,369390997,ransom,
12875150,14477,1149813,1060534,317531238,ransom,
9281089,10037,647613,567824,232375423,ransom,
10771607,93663,1354016,947185,182599327,ransom,
10702736,15119,1082581,937382,264187631,ransom,
12699530,13675,988588,897027,315787137,ransom,
9445384,10565,957170,867839,237612235,ransom,
9154876,31422,1290679,851480,177260461,ransom,
9271373,10407,727640,672185,226288532,ransom,
10361922,11007,796494,710490,260182372,ransom,
10817954,25368,1428156,1100388,234911485,ransom,
12891177,22361,1223821,996608,308373234,ransom,
9138913,9926,823154,752266,227040336,ransom,
2232571,2607,348126,308361,58956000,ransom,
19139858,125872,1632511,1203638,382924536,ransom,
15332359,23506,1555752,1328522,375500936,ransom,
11521637,12956,1046678,961109,284544324,ransom,
14827872,16167,1331199,1224701,368788342,ransom,
16102284,38492,1899329,1394500,344769438,ransom,
12669917,13703,1087656,993703,313897546,ransom,
14511201,15929,1181112,1081185,358169749,ransom,
13211351,20469,1202699,1097229,309568973,ransom,
14053454,37153,1747679,1239567,305610206,ransom,
14289500,15850,1387467,1279426,355541527,ransom,
12255025,13304,1080052,983146,305220976,ransom,
15638586,115273,1366050,1061133,300528752,ransom,
14368337,26845,1784524,1471369,351027129,ransom,
13658806,14838,1057835,963175,338629799,ransom,
9877134,11264,1058159,972910,247619341,ransom,
18067259,39238,1973468,1500337,395044172,ransom,
12533007,14686,1237596,1139801,309712611,ransom,
9409893,10906,860772,794735,231341287,ransom,
14379149,18584,1259189,1118288,334696938,ransom,
19548747,38013,2239290,1778486,461157593,ransom,
7766366,9491,770075,700759,193710906,ransom,
13808015,16461,1223359,1102107,343568009,ransom,
19011047,96471,1566296,1202756,384576592,ransom,
8423592,14795,887524,610679,214137279,ransom,
7057895,6529,527562,433241,188865001,ransom,
11991107,12510,1051986,934582,307721754,ransom,
14366933,34587,1554803,1046332,332641576,ransom,
9054285,9361,756224,676888,230680254,ransom,
9032254,9747,770545,679303,230578540,ransom,
12936226,16532,993633,785184,310116830,ransom,
9447935,44909,1227337,837494,225625947,ransom,
11866875,30447,833888,686548,307381688,ransom,
12625756,15976,1172639,984648,324968926,ransom,
13846655,92671,1476539,972668,261565078,ransom,
10317192,11679,820110,652595,268416549,ransom,
10644296,10277,813675,718215,273829557,ransom,
12433381,20893,953278,783969,294603331,ransom,
9519921,28969,1371647,912822,207798272,ransom,
13371161,14998,1109913,1022978,330697630,ransom,
13866775,17288,1375997,1209711,340758500,ransom,
11058926,43262,1387099,1060290,219364302,ransom,
10688982,14240,1009336,794523,260832248,ransom,
11922121,14406,1040259,905785,291819555,ransom,
7999461,9131,764812,693873,199815267,ransom,
14380308,87615,1746841,1169188,269222652,ransom,
11591373,12695,971740,893260,286232085,ransom,
11050366,13306,867870,740202,269696323,ransom,
11230241,20429,1232514,999334,247268189,ransom,
13815494,28671,1659757,1310527,330630690,ransom,
11997459,14586,1033440,902481,292746430,ransom,
10037424,15150,1218364,1118690,250089887,ransom,
17943539,40691,2031642,1496727,388184425,ransom,
12175985,15098,1123701,984938,296834276,ransom,
13001197,14287,1115873,1012898,324543436,ransom,
16501878,20618,1410858,1247249,383017937,ransom,
16218506,98277,1867226,1330650,327868432,ransom,
12991907,116795,1137927,987684,317854171,ransom,
14118067,17114,1243658,1100512,343857927,ransom,
13505390,18690,1037253,911904,302028641,ransom,
13671427,33984,1782687,1308816,317782961,ransom,
15334786,16664,1313159,1209498,379420180,ransom,
12527523,16065,1002894,867942,306507878,ransom,
15925934,44036,1798524,1299046,335082192,ransom,
14700509,17878,1470898,1289407,366408064,ransom,
11427308,15581,1038968,902999,278672914,ransom,
14554950,16223,1237887,1123151,350312126,ransom,
17131646,38407,1895002,1372954,386029311,ransom,
11128391,18135,1084537,832361,258764590,ransom,
12363436,17373,1240697,897106,285930341,ransom,
22287326,108642,2195429,1374159,419938579,ransom,
11490853,15048,1361141,1118120,282818133,ransom,
9085345,11984,1059216,921364,222910759,ransom,
13017733,16545,1229466,1081896,317513015,ransom,
13684039,35169,1571937,1113184,283966329,ransom,
14511952,18444,1231386,1072635,354668991,ransom,
12944868,14484,1137833,1049444,318657546,ransom,
12169244,27993,1226331,843713,254647397,ransom,
6277143,14736,947654,716625,151555416,ransom,
12076675,13979,1118905,1034356,296206483,ransom,
11222742,14021,915221,780909,275133590,ransom,
15329406,102131,1655694,1133237,297697648,ransom,
17006500,22727,1535081,1356526,419693457,ransom,
11384499,15580,1033585,893143,278953568,ransom,
12174151,14479,1014710,906661,274962513,ransom,
15618753,41433,2086847,1496880,358148665,ransom,
12195660,13000,1108923,1014615,304690011,ransom,
9492403,12895,1024854,894789,231903434,ransom,
15405308,37159,1626845,1169088,329528667,ransom,
12245414,20602,1381945,1157175,302152835,ransom,
10855074,14802,825219,677137,269242795,ransom,
15809847,44370,1389984,1261461,377002183,ransom,
19635744,118195,2046922,1434773,395369652,ransom,
6788082,13438,678388,539467,167673028,ransom,
10258828,11749,969254,892232,253248735,ransom,
10034624,23197,901916,699990,213731613,ransom,
15502876,32482,1856365,1451254,365717649,ransom,
13717665,18672,1200311,1055222,333754595,ransom,
9310650,14483,699829,544327,235347574,ransom,
15376060,37625,1999325,1499793,338352442,ransom,
11391828,18714,1247852,1085039,281008573,ransom,
861858,4017,438264,393151,22984317,ransom,
3713689,25183,1229236,1028588,68560888,ransom,
1977340,42000,731812,240674,13534978,ransom,
815583,5880,251109,37309,4070713,ransom,
1234384,12399,352291,53853,5951763,ransom,
2994976,78397,754585,224077,19397033,ransom,
0,0,0,0,0,ransom,
17792840,19442,1610585,1454818,443488740,ransom,
11722728,13280,1029605,930633,290540238,ransom,
15208300,35942,1840424,1378439,330058049,ransom,
14499497,16414,1401987,1279647,359587620,ransom,
10089206,11627,871277,792516,246967678,ransom,
18183741,95651,1427602,1178276,373735161,ransom,
15612461,36365,1954792,1554860,367711635,ransom,
11072129,13246,960164,862650,274667804,ransom,
10712090,11973,1004341,915332,266912313,ransom,
17801480,46943,2024600,1514638,387441736,ransom,
14682880,16550,1295892,1170050,363386464,ransom,
11440941,12513,1018978,922244,285822983,ransom,
12054377,13537,1103483,1016809,292116387,ransom,
12156955,36883,1570658,1146125,253723680,ransom,
8253,242,5257,178,52633,ransom,
10184352,11723,764924,678109,252034931,ransom,
2547455,25261,831413,455087,21472125,ransom,
6494619,7735,599436,539145,161041975,ransom,
7683002,95950,713506,574021,150802735,ransom,
10264735,11553,771017,706548,248806695,ransom,
7618777,31010,1207322,782133,151594033,ransom,
5990007,6972,463538,435727,144672033,ransom,
16374530,70612,834792,738266,324596868,ransom,
3100649,20807,720810,453760,36662853,ransom,
8138046,16279,857507,671673,198148805,ransom,
4940664,6015,597018,527454,127359534,ransom,
14511348,16166,1371979,1241847,363966379,ransom,
18527685,43116,2097816,1621532,408745267,ransom,
6722283,8051,531762,479789,164764653,ransom,
15538965,95034,1236113,1071354,339802515,ransom,
22082956,33830,1967501,1641887,500879882,ransom,
6130573,17874,968378,727298,145170887,ransom,
8440099,10709,903461,819501,209978509,ransom,
14744533,16863,1322116,1206800,363561359,ransom,
14479668,35550,1847946,1401371,314474307,ransom,
10136605,11729,901536,814016,248975109,ransom,
11138984,13300,968501,885272,273008559,ransom,
14318640,15984,1212546,1100110,349935833,ransom,
15243261,40998,1724986,1240914,335631459,ransom,
12902145,14945,1201666,1091374,318973061,ransom,
14820152,66305,1184151,1019879,330707852,ransom,
11919979,31462,1166006,971305,255576815,ransom,
14389427,28452,1785190,1418225,344893603,ransom,
14746086,16826,1379195,1258508,364316189,ransom,
11627423,13322,1049845,960941,285852416,ransom,
15232103,35061,1788850,1335206,324073768,ransom,
15184844,17122,1317786,1197596,377294899,ransom,
11986121,13504,1271186,1158740,297537840,ransom,
14955177,17401,1067057,965413,341969635,ransom,
12206891,33777,1617637,1189968,275384089,ransom,
14229028,60505,1264733,1107127,325694882,ransom,
16654651,38938,1297921,1175823,393949885,ransom,
11363154,33221,1426685,998819,229542060,ransom,
12616235,14492,1061804,958409,311659935,ransom,
14957361,16758,1411317,1285268,370296852,ransom,
12247353,13674,1102738,1007668,279266686,ransom,
14398226,36940,1643241,1180906,328113908,ransom,
13471703,15247,1415045,1303864,332560908,ransom,
9318152,10666,920105,846232,229087871,ransom,
12730209,32937,1494401,1074009,269966288,ransom,
13577526,15551,1264995,1161221,334446622,ransom,
12380035,74611,1124877,968526,266472694,ransom,
11018329,12627,1080120,986724,271504075,ransom,
17930526,47281,2022464,1496163,397487865,ransom,
13734650,13947,1158498,1029957,347480954,ransom,
12819324,13642,1150708,1025528,323245356,ransom,
17000911,34778,1870905,1472764,369536578,ransom,
13689338,21787,1346485,1130452,334180352,ransom,
10930427,116259,1003966,916496,269125891,ransom,
13868076,15270,1282595,1175096,345405896,ransom,
16073212,40363,1785193,1290422,342737611,ransom,
12469269,36425,1189023,1073199,298132015,ransom,
16658745,82110,1301439,1143016,377393420,ransom,
16186660,28593,1550953,1257585,348607535,ransom,
10931917,22734,1369743,1106216,265429343,ransom,
14571495,16785,1128036,1015273,360281697,ransom,
13380701,15389,1252537,1159999,329682886,ransom,
13531656,34287,1710357,1264605,292672275,ransom,
14371476,16114,1226102,1119149,355264462,ransom,
14345878,15853,1296974,1193183,353893040,ransom,
11422532,13032,1078254,988396,273705653,ransom,
12793367,33620,1677618,1216297,274934743,ransom,
15660481,17542,1444670,1327030,387786730,ransom,
13883408,53162,1060902,932417,322083868,ransom,
14781136,67647,1784374,1327519,298755932,ransom,
11976422,13969,1165136,1015761,301552065,ransom,
11432344,12540,1137692,1047549,285219499,ransom,
11636174,12829,811483,743631,285241564,ransom,
18403216,46872,2100600,1590423,408843789,ransom,
13122771,26130,1285808,1174098,329700712,ransom,
11571498,13511,882568,786871,284146272,ransom,
10250408,21979,1332878,1054741,221296397,ransom,
1621628,9118,912418,700283,43875502,ransom,
20705707,22687,413766,343597,507421859,ransom,
18890272,80195,2106292,1895666,428223450,ransom,
9350383,32925,1350766,943929,186711689,ransom,
13050398,15670,1180941,1046361,326409131,ransom,
20601631,22743,1747890,1617704,508511336,ransom,
7612386,10155,707327,639717,162662975,ransom,
11886605,33605,1650336,1179369,271227601,ransom,
17044821,23465,1479641,1330005,424270613,ransom,
9978715,32796,1064815,893623,235390636,ransom,
10009184,30065,1339478,904099,200648881,ransom,
16160898,18122,1389687,1270725,401269207,ransom,
15364726,17330,1278416,1171334,380497438,ransom,
10382582,78508,761011,636645,213613335,ransom,
18295941,55286,2066274,1535431,399668933,ransom,
17453891,19784,1499366,1373133,430649635,ransom,
10989831,13086,1101484,1020567,269226080,ransom,
16143618,293477,1610779,1242652,342525429,ransom,
13250670,21346,1189889,978164,322106067,ransom,
11185320,14076,1344261,1249412,273934828,ransom,
10340677,12442,980318,910466,252466981,ransom,
17133434,45055,1837213,1352843,365286431,ransom,
9128200,11073,870571,803139,222729081,ransom,
14001102,16234,1170087,1068701,343905818,ransom,
20057735,89876,1664986,1446507,425455917,ransom,
4254829,22738,1159821,749780,85578610,ransom,
518629,685,180613,153460,15885660,ransom,
12664211,14454,858803,789237,308601987,ransom,
3026785,20161,1245959,852555,44724484,ransom,
17485174,19948,794625,725956,424367084,ransom,
6985215,8771,812107,756623,170161243,ransom,
9532826,11899,786409,702256,219149591,ransom,
21247641,44223,2272228,1741814,502690042,ransom,
10763453,11836,1039056,945119,269402769,ransom,
8783839,9825,756681,662895,221840940,ransom,
22554622,90037,1851102,1590581,497204949,ransom,
12945553,60024,1581207,1149393,286633569,ransom,
8353411,9583,859423,770340,210210044,ransom,
15602666,17112,1285311,1179950,386696529,ransom,
14829416,27817,1546127,1207381,321680886,ransom,
9733591,19350,1299747,1041026,240601264,ransom,
8573397,8996,1067350,975184,218209021,ransom,
1004731,861,306272,262568,30093723,ransom,
15706756,36287,1279793,766052,345477672,ransom,
26145715,32551,2320392,2074307,627448623,ransom,
1446372,5179,362923,104852,15277603,ransom,
15587798,27737,1583205,1113101,335629521,ransom,
31183925,141517,2856781,2265321,675028772,ransom,
3086623,4341,362689,330072,75080327,ransom,
12454560,13826,1055084,936742,314401100,ransom,
22965500,25151,2066472,1902115,555695474,ransom,
8054758,30483,1183204,732752,149513079,ransom,
2524680,7187,783194,689124,68733511,ransom,
1768526,2907,831260,755542,53317173,ransom,
14167349,27952,548388,328819,319619480,ransom,
29151199,50078,2690878,2279212,695340297,ransom,
1394129,2188,155811,132797,33774536,ransom,
6625580,7045,578896,512356,169170888,ransom,
18590765,87410,1688765,1292194,375293116,ransom,
6032386,29083,822902,556214,137375107,ransom,
8199339,9120,744723,678872,202993263,ransom,
4834489,5533,489584,434945,123262983,ransom,
10646308,31307,1307455,879745,219933206,ransom,
12176830,13238,968999,869007,304851517,ransom,
2106223,2472,289725,268164,53323069,ransom,
11019492,13642,968385,800772,259288381,ransom,
8507534,26488,1131443,800600,183892418,ransom,
9113099,10134,894593,828341,225053627,ransom,
8055114,252199,704012,634774,202280147,ransom,
8486215,171022,1061657,692763,131151917,ransom,
1295729,5375,573637,446953,34242704,ransom,
799887,878,368510,335049,24547801,ransom,
688956,982,297874,267480,19640888,ransom,
4899477,21296,1114793,743071,89309654,ransom,
15137663,17536,122680,61741,367174980,ransom,
21657022,25152,1899209,1788174,527284379,ransom,
5515729,17127,807644,501601,107781143,ransom,
15906838,30479,1529812,1285045,392902574,ransom,
15429728,17845,1437477,1307321,380946551,ransom,
8160488,9590,869250,793660,202327352,ransom,
13990270,86497,1286936,959538,263767777,ransom,
16749391,32856,1684508,1404593,410707705,ransom,
13043398,130296,1073584,970560,321326908,ransom,
8692234,9736,807907,732815,216148249,ransom,
16592006,37251,1884294,1432982,365970423,ransom,
13735966,15131,1221555,1100083,343232893,ransom,
11669478,13161,1040495,938276,289520373,ransom,
8465884,18265,1281069,1079693,176494131,ransom,
2116454,20030,945916,664016,48830300,ransom,
8235374,9424,322681,266001,203624442,ransom,
27424436,30155,2084438,1917798,672102258,ransom,
7673158,87357,876587,532763,100245146,ransom,
12213619,17021,1317811,1091670,306708643,ransom,
19395547,22013,1707136,1551052,476402946,ransom,
8663806,10019,883104,813217,214028772,ransom,
16305126,35262,1880154,1429375,361980262,ransom,
17689416,20522,1478308,1354835,434427218,ransom,
9629368,11561,964816,881206,237323453,ransom,
13656875,16802,1121433,1007379,305693558,ransom,
4555137,21121,1504804,1106344,100994164,ransom,
472410,529,86501,70616,14900044,ransom,
27496345,31067,1465337,1302186,676208851,ransom,
14914458,77015,1577786,1333132,292590389,ransom,
5408094,21965,938153,603443,121873708,ransom,
19364620,21663,1805244,1650157,484381638,ransom,
14014398,15840,1021825,904213,346812246,ransom,
9256161,28948,1622068,1167675,189028478,ransom,
15281458,16310,1148906,1053555,382537326,ransom,
13862047,15967,1302896,1175496,345361876,ransom,
10712377,11782,925828,834847,251175036,ransom,
15988953,36414,1957989,1499105,369619156,ransom,
14699457,16817,1433826,1304272,367155339,ransom,
10651288,13301,765923,687644,258479938,ransom,
16718933,98931,1693391,1220932,327922799,ransom,
15804150,17875,1484633,1305718,396051567,ransom,
6033080,7254,803009,727166,152215519,ransom,
1266417,1265,379395,331912,38943205,ransom,
18948053,42708,1190294,763135,423080403,ransom,
14930418,17640,1709162,1578600,369958902,ransom,
7793439,8912,706474,639239,193952796,ransom,
10786345,17712,1068445,816440,236099969,ransom,
10700693,25621,1421990,1128337,257493322,ransom,
10895900,12693,888577,808618,267592868,ransom,
2400029,3102,272862,235587,61621125,ransom,
14788759,105431,1239392,908284,289670896,ransom,
13352692,28634,1522822,1178640,326421618,ransom,
11644525,12737,981643,898653,290140489,ransom,
8124495,9771,835067,770332,199437755,ransom,
12609279,35543,1431845,966566,260243090,ransom,
9690378,10855,1006199,902787,244378210,ransom,
6610956,7691,612692,563991,162539088,ransom,
14120107,18046,1130559,1001963,344557744,ransom,
14085022,42076,1639931,1130018,299975941,ransom,
13630721,15353,1122346,1005841,339475568,ransom,
13487184,18471,1407904,1258347,332764810,ransom,
12514577,58108,992006,847361,264612010,ransom,
15260716,86346,1738391,1236692,330994334,ransom,
13024023,16059,1154545,1029446,321869249,ransom,
8818174,11894,950403,832644,216953067,ransom,
14060541,16718,1202535,1068512,324569821,ransom,
15570789,39147,1849563,1366524,355293648,ransom,
11563547,13618,1010624,900524,282864407,ransom,
11223204,14854,1027248,894561,274047336,ransom,
21367763,43369,2271368,1689166,474217492,ransom,
10042571,13324,1055864,940381,245731170,ransom,
7294615,9148,556944,483991,177329472,ransom,
8924220,9880,847739,769790,224782988,ransom,
20315233,117612,2290171,1647818,416649248,ransom,
10842751,283337,1151136,902331,256940636,ransom,
13183632,123653,1260048,955633,320800826,ransom,
18040775,19210,1407551,1273918,447814434,ransom,
4773766,25066,1375915,961208,71023691,ransom,
842195,1184,409318,368891,25254823,ransom,
16167342,18420,498530,409462,394698803,ransom,
22439285,33693,2258809,1976466,509960272,ransom,
6352504,23610,1038911,727698,154599413,ransom,
9697189,11862,931362,846984,239742238,ransom,
11403646,13187,1078260,980277,284610579,ransom,
18919665,126042,1975732,1399441,374768804,ransom,
14153613,15938,1227455,1106028,352226730,ransom,
13410333,15386,1233648,1114461,332134373,ransom,
14286960,16575,1199773,1094710,350624115,ransom,
13574373,34972,1598655,1168980,284104245,ransom,
11009448,12593,1039232,939283,273801937,ransom,
14000498,15597,1333134,1213170,349325648,ransom,
9646510,24263,1319222,974500,202452546,ransom,
2517535,6811,874741,676652,74298136,ransom,
5386841,5946,139011,94528,135549857,ransom,
28476432,33417,2088337,1913340,696211215,ransom,
7922468,88632,880581,552856,109879010,ransom,
8289430,14811,1119861,884428,208687974,ransom,
24182506,26911,1952032,1784640,597201857,ransom,
6686427,7828,734172,691864,163139219,ransom,
8009126,26917,1257285,824096,153966835,ransom,
22514649,149582,2113270,1936263,558642846,ransom,
10405595,11444,791982,732865,256194538,ransom,
10924484,22140,930108,810262,239433249,ransom,
7771337,22856,1487404,1086435,175301085,ransom,
1847760,2779,683624,606365,51729036,ransom,
28003300,32137,1674283,1526632,685554615,ransom,
14484181,85180,1366228,950739,265221767,ransom,
2411666,5460,479000,345318,62564826,ransom,
24422166,26858,2039190,1852499,608912384,ransom,
13048516,15417,1152861,1067864,319286967,ransom,
6131832,24158,976144,575172,109094754,ransom,
22658514,25562,1905939,1729922,566430133,ransom,
14417926,16328,1375511,1280033,354073658,ransom,
7109742,12777,690115,531059,134433214,ransom,
19959614,295492,2198856,1808103,492245926,ransom,
13571829,80485,1068901,993033,330750570,ransom,
7955863,69655,484138,373394,160635862,ransom,
4670997,30239,1042697,612959,64118843,ransom,
9676323,10829,741152,676084,238631959,ransom,
6000197,6548,623962,564793,152870557,ransom,
12893369,14581,1000216,927887,302075496,ransom,
7154519,28511,1158966,730182,147443632,ransom,
4777184,5407,386492,353048,117331621,ransom,
7386427,11470,602069,445590,173859401,ransom,
5647793,29896,1209859,564043,81801035,ransom,
12227271,20113,1220029,892923,279550089,ransom,
4126196,11412,373617,220249,73835198,ransom,
11814119,82554,942544,791299,243052813,ransom,
5083068,52493,823687,393900,88522414,ransom,
9387876,11096,886937,806976,231731062,ransom,
2258833,2577,219395,191060,57645461,ransom,
12175974,26454,1260454,953573,263068214,ransom,
6479500,16471,807064,559498,157572415,ransom,
5588705,6783,587829,541275,138438616,ransom,
11438752,12583,834746,763845,282612154,ransom,
10973506,33978,1553321,1056527,234336722,ransom,
9525422,10478,779341,710363,236985091,ransom,
10736474,11631,1168747,1053759,273366337,ransom,
19852904,31284,1677941,1480221,459923676,ransom,
11397595,31903,1522034,1094171,261674673,ransom,
16071166,79145,1326672,1166714,369654787,ransom,
13040209,44441,1282775,1166694,307043461,ransom,
6029209,29777,1021181,571823,92334053,ransom,
1303000,1762,522774,470710,38845233,ransom,
24187490,27229,1545125,1389793,594823934,ransom,
13520910,15632,1191625,1099865,330050484,ransom,
4011808,26838,933522,507941,53078911,ransom,
19158099,21365,1599506,1439346,480231038,ransom,
17801884,20044,1502454,1377844,437458797,ransom,
5737882,19480,800198,524712,96489270,ransom,
14518910,23022,1516530,1275934,362277472,ransom,
20604450,35202,1673128,1513060,502168748,ransom,
8133990,63202,681676,568902,166449489,ransom,
10284188,30780,1389459,935875,212433520,ransom,
17858602,20237,1531165,1405668,442733775,ransom,
9487424,10475,972911,898457,235190829,ransom,
9315280,24659,779244,656722,201625320,ransom,
17249581,37281,1865368,1387094,407703611,ransom,
14829387,16272,1244412,1131549,369397585,ransom,
9255067,10472,880076,799856,232323891,ransom,
12001212,31698,1401175,956877,252289117,ransom,
12635638,14188,1227544,1125227,313919201,ransom,
9835601,10661,926888,856775,244298816,ransom,
16296839,78027,1175993,1009995,347463981,ransom,
17431984,41283,2086238,1536303,394508893,ransom,
11895950,13253,1080174,995997,294399245,ransom,
11305932,12475,982256,895185,278746739,ransom,
17998632,42957,1821061,1405427,396835807,ransom,
14228460,20259,1496029,1269320,350415713,ransom,
10672375,11875,898702,812797,264004160,ransom,
11124126,11953,1060506,952937,279694403,ransom,
16261214,40654,1939457,1416858,347007227,ransom,
9263146,10754,1037612,948733,229698857,ransom,
11072029,12353,1101547,1009250,277368488,ransom,
17502696,111593,1373729,1115158,349359287,ransom,
11860686,30773,1358397,1011566,278700556,ransom,
11998862,13370,1018144,930144,297261296,ransom,
13327909,14090,1185204,1081113,332771610,ransom,
17572966,41978,2023608,1530340,382736107,ransom,
12124879,13278,1089059,992854,301107723,ransom,
11197519,11943,974190,892646,277953084,ransom,
16425567,17847,1311457,1180629,388876760,ransom,
15221748,39173,1831797,1349100,346132548,ransom,
9930595,11056,983952,902129,245938292,ransom,
13603622,14736,1142688,1038438,338098271,ransom,
17778347,111891,1328502,1136563,369325011,ransom,
11453383,33009,1663857,1224061,258710057,ransom,
14292822,15744,1275992,1170017,354189221,ransom,
14473987,15867,1343365,1234660,357907612,ransom,
15917224,36138,1665569,1202868,337601692,ransom,
14820406,16511,1351065,1250237,366507695,ransom,
12672268,13815,1169978,1062929,315139526,ransom,
12147251,13467,1104942,1008309,296451826,ransom,
14851110,41607,1754062,1279283,315355948,ransom,
12517309,13783,1220513,1121129,310755298,ransom,
13488486,15027,1212332,1110617,333374424,ransom,
16403974,87182,1234131,994287,335585929,ransom,
11367388,28381,1588007,1223346,268246671,ransom,
4728788,4802,848915,797978,123412722,ransom,
691885,952,83898,68644,18729221,ransom,
24932632,48889,1966303,1434100,561555754,ransom,
11505836,13248,1134604,1057323,282676745,ransom,
9444266,10195,752401,679880,236561489,ransom,
12059183,13286,1238802,1133020,302071088,ransom,
16764833,41072,1866975,1358341,362565745,ransom,
7602870,8721,818616,760123,188842863,ransom,
13416657,14797,1143384,1055169,331040296,ransom,
20205937,113826,1421953,1174633,418184958,ransom,
9808025,26267,1404405,1048242,225833922,ransom,
8161873,9605,778052,714877,201712287,ransom,
12468275,14223,1209050,1125685,305780628,ransom,
15795189,33721,1804288,1378261,341030845,ransom,
11791349,14024,1046524,960153,288109313,ransom,
13118833,14880,1153744,1060847,323585091,ransom,
14582918,16231,1300454,1200415,342281405,ransom,
16198803,32922,1615183,1197585,369234536,ransom,
8370943,10079,1029837,958328,205765819,ransom,
12173670,13633,1075694,980281,302488221,ransom,
17169102,71759,1340203,1117350,354197256,ransom,
13768207,31582,1608683,1235212,327502631,ransom,
10236258,11275,1039120,954236,256936439,ransom,
14697314,16782,1278290,1166541,364803739,ransom,
13420442,21342,1137131,1038214,318317282,ransom,
12707689,37472,1445758,1131565,272303582,ransom,
15707500,26250,1637946,1364560,382510132,ransom,
13008967,14832,1188518,1093244,320145000,ransom,
11100294,12469,1030685,945594,275996386,ransom,
16562785,36613,1898935,1434867,354474137,ransom,
15067518,24294,1141347,1029572,367438173,ransom,
13297528,69513,935619,789303,296221643,ransom,
11884333,16164,1093935,934803,264936175,ransom,
11520110,28155,1552287,1179116,274801259,ransom,
11564065,12741,960289,856794,290670968,ransom,
10041486,11252,838037,761650,247996117,ransom,
16109879,34658,1717610,1237040,364956970,ransom,
9336975,9981,1004999,918167,237028248,ransom,
11550979,12558,988461,904964,286755383,ransom,
13377279,13710,979060,872590,320930235,ransom,
14972475,34304,1705605,1261873,338396095,ransom,
11659156,12985,970289,882608,289297093,ransom,
14814139,91658,1328270,1160223,328889467,ransom,
14821241,34280,1690338,1272057,323646702,ransom,
10580512,12336,1067275,962071,263656676,ransom,
14216572,15405,1149388,1050538,353953824,ransom,
12932313,14085,1100005,1004864,321239208,ransom,
14440695,34286,1855011,1411303,308739026,ransom,
13839308,15319,1140896,1048075,341117553,ransom,
10032728,10828,1213810,1118155,254775322,ransom,
14777827,25846,1145472,961948,331070992,ransom,
17187831,34355,2080215,1703197,412187982,ransom,
10478010,11569,799700,724912,258698369,ransom,
15859471,80840,1319513,1154710,353566071,ransom,
17460004,38555,1904296,1441687,383093792,ransom,
12209170,13532,1066196,985577,301935363,ransom,
8461568,16791,663279,567954,211220606,ransom,
6460959,20269,560635,415700,163009386,ransom,
15492136,65767,2078530,1445823,342957109,ransom,
33331578,62343,2387337,2140877,811129987,ransom,
1814436,3147,288520,263712,44050219,ransom,
12774224,33538,1521495,1096953,265824360,ransom,
22113637,26632,1916353,1718197,547721611,ransom,
6880421,8501,705840,636643,170799935,ransom,
15223603,19890,1390362,1269388,378555436,ransom,
20035895,103741,1897273,1371866,408116109,ransom,
9214781,10600,874560,785243,231002713,ransom,
10730131,12146,1026427,935213,269242881,ransom,
16299063,18116,1462187,1347302,398451887,ransom,
13450870,43550,1596340,1165878,284913968,ransom,
6360679,7408,749024,692242,159024588,ransom,
16764281,18679,1413707,1287795,416842902,ransom,
17402390,34587,1887659,1511861,381522878,ransom,
2402754,7427,529051,411143,59404128,ransom,
1267760,1633,566881,514544,37706780,ransom,
24907563,27275,1573412,1448945,611172371,ransom,
12287907,91157,1237309,863679,220920526,ransom,
7564867,22689,910370,727050,179720821,ransom,
18210318,22816,1452033,1226919,444204105,ransom,
14453609,18048,1551103,1206759,341198562,ransom,
13988708,41675,1739569,1053552,274446503,ransom,
16128356,23497,1341289,1082817,377616260,ransom,
17621602,19271,1605917,1490580,434045584,ransom,
7747762,10773,645510,548580,167114131,ransom,
13212500,31847,1761455,1346384,310008794,ransom,
15202737,17060,1373755,1262584,376207462,ransom,
9595888,11416,1031375,935575,236683754,ransom,
17269904,119834,1755749,1195346,327010771,ransom,
15657643,17794,1478952,1345930,389205788,ransom,
8933713,10407,676112,617722,217165987,ransom,
13551222,15160,1414222,1288289,339624049,ransom,
19216942,42392,2048717,1530049,422221903,ransom,
10419757,11723,825978,759992,254310410,ransom,
11492348,12616,1096457,1002268,285349041,ransom,
18428376,30329,1822784,1511364,412046688,ransom,
13613595,25675,1457215,1180152,327918041,ransom,
10274366,11756,942914,862398,254237923,ransom,
17841531,44777,1535695,1396099,429053819,ransom,
16551638,95950,1858608,1327936,324539675,ransom,
8867922,10125,767193,694298,219324973,ransom,
19021078,20832,1531879,1396504,470242761,ransom,
13291947,23068,1343929,1209411,298211076,ransom,
10695908,29309,1397397,987215,242563579,ransom,
15459643,17338,1440107,1310931,382973142,ransom,
13003994,15408,1146186,1053295,319960987,ransom,
12851016,31120,1519981,1159022,275890688,ransom,
15942666,22165,1511477,1265522,395561716,ransom,
12657930,63001,1161246,1064454,312187290,ransom,
10934785,12091,1074142,967423,274380133,ransom,
20797648,93275,1662836,1330818,433297873,ransom,
11886886,25103,1495259,1208825,291092279,ransom,
11276440,12979,1051930,935771,283766581,ransom,
13773639,15729,1333947,1224353,339507124,ransom,
13603462,36202,1642550,1192870,285574500,ransom,
11139526,11942,913322,824481,280547875,ransom,
13601963,20589,1350879,1237760,336413437,ransom,
11998357,13167,1102235,998479,289132394,ransom,
15395041,35836,1854920,1404933,347995792,ransom,
13855254,15282,1297699,1174405,346421321,ransom,
14155188,15886,1098381,1004754,347853794,ransom,
14998922,30110,1717528,1332065,327538144,ransom,
14959932,67900,1334249,1106410,334238549,ransom,
16210781,18218,1297066,1184775,398030291,ransom,
10954283,12418,990701,911390,270187375,ransom,
14098202,32426,1626375,1209749,302821972,ransom,
13667864,15580,1243700,1142160,337553338,ransom,
11551121,13519,1053175,961965,286075094,ransom,
11686816,24735,1215588,993990,247660235,ransom,
13374490,25833,1741637,1401422,335106447,ransom,
14826670,15377,1232326,1108229,373931708,ransom,
10429593,11853,820403,740904,255882513,ransom,
14179928,35077,1809159,1323254,310971465,ransom,
22308399,86135,1686183,1479522,510910567,ransom,
9502594,10953,823033,759989,232847999,ransom,
9480790,10922,891872,806933,219744884,ransom,
20899926,43855,2387275,1860640,490804714,ransom,
13014331,14469,1026976,941592,321125923,ransom,
8332758,9452,769026,698837,208047574,ransom,
20372206,42880,2193821,1706056,454750518,ransom,
14023161,16622,1198372,1067879,345355383,ransom,
8915609,10233,806162,732552,221180730,ransom,
16213306,20732,1460197,1333446,397579025,ransom,
17666514,71363,1999409,1451571,374412201,ransom,
10878151,81336,919091,799742,234011726,ransom,
16415762,18694,1406384,1283818,407931921,ransom,
14782215,17332,1237933,1121865,339368160,ransom,
12334895,37607,1632497,1146528,277183401,ransom,
15714855,17193,1343218,1232126,388262493,ransom,
13256147,14660,1216930,1124829,327309963,ransom,
12396340,33590,1412719,1012020,256704584,ransom,
15428604,21911,1444761,1212908,380048187,ransom,
13207639,14620,1197854,1098840,327859362,ransom,
11929279,13247,1075153,987441,294782832,ransom,
19180625,49582,2030747,1478441,428127538,ransom,
15943688,345354,1365677,1201806,350123069,ransom,
10219859,99194,726936,645225,255939842,ransom,
16227315,20464,1458352,1264668,371874406,ransom,
14922909,36607,1734477,1277677,353792718,ransom,
11325340,12692,1039534,953348,279729057,ransom,
10837141,11544,1028287,934514,273699362,ransom,
11493253,34441,1514970,1046919,230754650,ransom,
13582081,14510,1087517,989511,338267703,ransom,
244027,635,149006,139947,5708888,ransom,
7684286,8449,661251,598459,183302880,ransom,
6832694,25619,1137284,707777,145334222,ransom,
10614165,13597,845016,789775,256951981,ransom,
8534978,65149,504099,393763,174953068,ransom,
4973569,24345,1092497,685562,84540451,ransom,
14517225,15419,1193964,1097894,361373564,ransom,
581710,490,106781,91421,18082789,ransom,
12969825,14227,1067066,975745,314691828,ransom,
7092710,26153,1078054,648276,148574869,ransom,
7465702,8564,647891,605989,181424447,ransom,
4105931,4475,315751,270340,105027760,ransom,
4775929,22099,868843,486201,80510768,ransom,
17497772,18997,1406108,1278639,436199607,ransom,
1728000,2398,381831,358412,43876686,ransom,
12279845,73450,898802,762450,263626597,ransom,
5031435,28098,1028194,564615,87504063,ransom,
7902200,8942,545253,511292,190912664,ransom,
5995517,6568,465922,405230,152286153,ransom,
7725403,21896,979456,691170,155842817,ransom,
4647823,10287,524675,332374,120649699,ransom,
5452789,6489,506888,469320,133557756,ransom,
2091746,2132,191143,167148,53926592,ransom,
3375198,24285,777628,391283,50174821,ransom,
1528352,1737,167713,129119,41288598,ransom,
3189222,3822,246268,224537,77855350,ransom,
8822999,86917,869316,523447,157863517,ransom,
3854094,11021,557358,381815,94382783,ransom,
5189359,5285,451144,395262,134377428,ransom,
1297440,1516,85811,74502,32496553,ransom,
6335663,28358,1031682,609517,127316129,ransom,
1392095,1452,116350,100603,36165264,ransom,
4531158,4679,314216,267878,116839590,ransom,
1830129,9859,345583,191018,19891413,ransom,
6710162,19355,828263,544266,166928280,ransom,
273016,466,115332,104394,7617591,ransom,
5402364,16045,350075,281225,134526422,ransom,
7375356,83280,1056030,564991,117482200,ransom,
3534147,3618,305891,266893,91406415,ransom,
3233925,2955,242998,204606,86327616,ransom,
5203013,8975,408819,340224,118926049,ransom,
4757821,24684,901196,515679,101331281,ransom,
3864636,4715,318464,290033,94963045,ransom,
2376504,1872,180357,145196,65551502,ransom,
5473485,27814,984640,588430,101092667,ransom,
1889424,2592,162176,137594,49586379,ransom,
1631244,1964,107159,98632,39346369,ransom,
1165359,430,103280,74062,36434081,ransom,
6373167,98110,849806,396141,81028048,ransom,
2006072,1419,182728,139739,59560983,ransom,
6561140,7761,480244,431539,162632411,ransom,
9561630,126297,679925,581492,250429880,ransom,
3254607,23314,889311,531212,44656627,ransom,
2586180,2810,195551,166748,67174325,ransom,
250776,356,34412,32827,6083872,ransom,
3069308,21582,705085,343580,51870538,ransom,
1038150,1538,83818,68692,27067312,ransom,
3721684,3992,247844,205424,97263013,ransom,
962714,1436,140960,131477,23330361,ransom,
7825921,89108,1019197,554236,127657528,ransom,
104494,707,9560,1087,2597918,ransom,
4423301,4971,373314,335761,112480000,ransom,
3557527,4112,307658,269328,92717709,ransom,
5616742,25978,949889,573724,107023576,ransom,
2364791,2627,237074,197788,63530749,ransom,
3879277,4584,266695,237104,96712666,ransom,
3874563,23023,868144,488767,68144716,ransom,
6952431,8002,525733,465310,175315247,ransom,
852150,1375,142074,132126,21008843,ransom,
4112243,13415,367625,184295,78551184,ransom,
5402358,85630,1037669,383778,61281738,ransom,
7474600,15810,723188,453067,156729747,ransom,
3231293,12696,459512,254587,49043203,ransom,
7149918,8698,507187,464897,175186386,ransom,
4252016,23556,890956,478351,72522024,ransom,
1141527,1651,81367,67284,28397915,ransom,
7288979,8878,670360,597352,183929915,ransom,
4354202,14408,544571,347798,81398806,ransom,
3945966,14794,561567,346227,91289158,ransom,
4096702,4877,360736,331043,100648391,ransom,
7831921,9176,819774,760743,193547383,ransom,
4597105,22887,918337,544967,83976612,ransom,
8623296,69347,592790,457465,176486740,ransom,
4467365,5757,405587,365204,110863597,ransom,
2761720,6879,292731,204828,48288681,ransom,
6983374,24087,1021131,685942,161314933,ransom,
3845554,4587,503422,457093,98580318,ransom,
6673808,7613,411890,371452,163520497,ransom,
4058481,23835,868671,508950,69585558,ransom,
10213794,12527,978926,896281,250846445,ransom,
5543262,6543,625323,557303,141403412,ransom,
9832109,11665,858570,801634,238918786,ransom,
12870673,34863,1485809,1033986,277013509,ransom,
2522298,67425,192928,121910,20535506,ransom,
9492365,70083,869058,796067,234026712,ransom,
9495757,25162,1177796,877805,204191276,ransom,
10048057,17482,1107476,929786,241971536,ransom,
7741199,9183,604556,547017,190467185,ransom,
2303751,2967,279434,250034,58251579,ransom,
10000630,29860,1455742,1056061,207862292,ransom,
12093267,14597,964916,866157,299663751,ransom,
7496326,9499,814319,757937,183230224,ransom,
8652690,13332,724296,625074,190351823,ransom,
4570484,30544,937702,600592,88196447,ransom,
7978514,55086,603636,499624,161170630,ransom,
11584959,13171,938142,858839,287456166,ransom,
3485249,26132,872304,481819,46824119,ransom,
8718558,10825,801007,709065,216877415,ransom,
6708,203,3584,152,44309,ransom,
9031480,12153,769431,677824,211279157,ransom,
2079611,24391,795763,391594,28285039,ransom,
5102528,5930,370667,342107,123877989,ransom,
9517394,11410,830366,739365,239326118,ransom,
7732194,13632,748563,616701,164805051,ransom,
6820031,62038,953740,554873,136879720,ransom,
4337064,54637,329654,268164,76715930,ransom,
8094530,9165,510192,455862,201807229,ransom,
3812332,28646,1049946,633716,54345765,ransom,
7536700,8353,644989,590729,188576679,ransom,
3148904,5289,417801,362678,80596386,ransom,
13211987,22197,1074064,932561,304490333,ransom,
2148227,19839,638538,286237,32404982,ransom,
7195419,9006,674341,617747,177924402,ransom,
2691991,6641,300955,262440,57589329,ransom,
7571725,37960,962678,588786,141635708,ransom,
8579325,15313,662460,526689,212901968,ransom,
6515172,85577,663829,562273,120165713,ransom,
10944705,12262,939070,872283,269459399,ransom,
7575624,47304,1112043,618640,137395131,ransom,
10569100,12023,1012785,932807,262645562,ransom,
1830339,2307,154933,135158,46313878,ransom,
6828158,8194,587486,533057,158999047,ransom,
2377051,27286,809525,397540,29219836,ransom,
3609527,4541,222486,199220,86951750,ransom,
14484990,16834,1182040,1071143,359780639,ransom,
12238001,35872,1609633,1132663,264488238,ransom,
10386679,13024,1028260,950263,253970437,ransom,
4788416,61761,278848,208115,93404061,ransom,
3109914,37671,313920,262668,57296671,ransom,
13184808,36451,1565784,1112674,282591610,ransom,
8587634,9402,587062,518414,216602023,ransom,
7158974,9162,910437,830290,180346044,ransom,
11966707,23687,1149059,902891,256154531,ransom,
9429690,23282,890603,610567,224118690,ransom,
3132727,4064,562236,524502,79841643,ransom,
11262149,12583,940534,867024,277339652,ransom,
5608691,29965,928764,480775,96132293,ransom,
13035899,14926,1221881,1100523,328602732,ransom,
11733851,13022,974401,904254,288978089,ransom,
10719406,102728,862879,722872,203562953,ransom,
9718411,35157,1270975,826287,207866197,ransom,
3266251,3754,320007,281635,84057404,ransom,
8687198,9379,756903,698776,217024662,ransom,
9186015,33690,1333482,874823,183803048,ransom,
13994544,16504,1158336,1059869,344487484,ransom,
2092072,2303,352080,319068,57727309,ransom,
8481966,10339,710904,644674,208837480,ransom,
17981306,41654,1964778,1462718,401484239,ransom,
3305597,3683,234767,202802,83682463,ransom,
7620204,8406,738488,660292,195316747,ransom,
14250176,85929,1146050,986189,297008311,ransom,
10264545,51929,1277168,825218,216896142,ransom,
6577328,7259,612181,551223,165859569,ransom,
3481445,3832,269000,247845,87055955,ransom,
14487168,35353,1638510,1212292,312004894,ransom,
8899650,11786,885358,759578,219622727,ransom,
8963550,10320,738847,667438,223735714,ransom,
4997017,21997,518812,402388,91766440,ransom,
10916312,35293,1321579,856930,210241118,ransom,
13141402,15021,1074831,959534,331945660,ransom,
5115408,5968,556424,505520,130007918,ransom,
11710532,101023,970456,788604,227256751,ransom,
14515977,46464,1454076,1015814,329586331,ransom,
853986,1284,309745,287001,23723183,ransom,
7820683,9672,705214,632774,193281407,ransom,
14430843,37058,1433093,1009990,317542162,ransom,
8894426,9862,844205,774897,221247168,ransom,
6731244,8134,727002,681151,164639755,ransom,
5588900,6112,385236,337460,140755005,ransom,
6510650,25480,1103145,725249,119162079,ransom,
10985914,12353,1016213,937760,272221795,ransom,
8543507,9394,668558,594457,215647628,ransom,
10648579,53799,891867,735199,225241754,ransom,
12008296,43138,1503519,1112243,262985293,ransom,
5238425,6047,564416,499932,132820278,ransom,
7943837,8984,669845,621285,193287531,ransom,
8552043,25403,1139501,763769,172831877,ransom,
277289,668,218114,199052,7981824,ransom,
829692,915,333802,302105,25148224,ransom,
1343015,3998,331894,276218,26433917,ransom,
20941684,36135,1485526,1099862,492628052,ransom,
13633621,15631,1280428,1187097,336126782,ransom,
1064851,1787,264144,249531,25706070,ransom,
7662737,77001,1011640,574226,112376093,ransom,
7102498,7692,620365,545695,182432224,ransom,
9278414,11066,838294,782597,225913517,ransom,
6731840,7533,619536,565042,167526723,ransom,
10126946,28843,1484658,1081344,219275539,ransom,
9003780,10312,598130,552341,219594497,ransom,
13030024,14603,1017853,923038,323974584,ransom,
6107547,22854,1066908,774005,113498984,ransom,
5099176,8249,505387,398633,124162683,ransom,
6564720,7639,587437,532234,163588183,ransom,
5932017,6786,666589,600399,150442036,ransom,
19464493,90022,1793569,1302896,405844687,ransom,
10059734,11442,895189,825602,249184096,ransom,
943176,1333,270489,247781,25970473,ransom,
4232361,5198,314975,287157,101827978,ransom,
15374802,38913,1742135,1294805,342777046,ransom,
12646718,14353,1135374,1031945,315492890,ransom,
5563418,6519,508846,464506,137485567,ransom,
9101147,31348,1105211,809097,177711131,ransom,
8830852,17863,873703,665833,215474249,ransom,
2829529,3125,466173,434246,73541624,ransom,
8691341,10253,725765,659917,212804813,ransom,
19968991,117470,1823088,1401617,409301869,ransom,
7037199,17952,749717,528132,168775315,ransom,
6058658,7309,763790,693832,153866813,ransom,
6638086,7758,564871,531497,160940807,ransom,
9174070,33052,1320285,855224,181062741,ransom,
12803361,14550,1017670,931412,315506084,ransom,
7691992,8587,759428,681992,192371707,ransom,
7054857,11739,688314,575535,146112489,ransom,
10192943,34606,1482102,803751,202404305,ransom,
12847089,22218,1354025,997835,286701473,ransom,
5168808,11765,541548,385117,101930630,ransom,
12426247,59800,1126073,944405,260852433,ransom,
14392046,84237,1510222,1046417,307974249,ransom,
5992467,7106,546321,495484,148923728,ransom,
9883310,11065,658232,588425,245454854,ransom,
6803979,21991,1114630,805620,121721300,ransom,
7328827,14178,1003505,800762,180792415,ransom,
12996581,14938,986125,911561,318437115,ransom,
9272505,10643,728530,664438,229653419,ransom,
6675254,28944,1308787,862252,120223593,ransom,
5493934,6385,414973,379936,135246259,ransom,
10842187,12712,897193,822052,266191679,ransom,
7143952,32350,605672,507833,143829919,ransom,
19356714,119085,1877914,1327328,413066379,ransom,
5981403,6913,596136,550364,148128441,ransom,
11163593,12360,982849,895934,277076030,ransom,
5808518,6876,683369,629662,144498276,ransom,
8471493,32159,1173225,723771,158953175,ransom,
6666051,8166,775206,706039,165127345,ransom,
11297913,12397,1010483,927685,279916236,ransom,
15327680,36178,1596639,1176140,328028654,ransom,
9139151,10595,832724,723758,227468556,ransom,
1903491,2251,221002,199633,47738653,ransom,
12191985,13259,939990,834761,305885677,ransom,
14459897,115148,1482040,1178057,276890771,ransom,
7689790,23514,1047393,722444,181906688,ransom,
8441679,9892,669335,621251,205722959,ransom,
10019509,10979,823064,752827,249009861,ransom,
7189325,36348,1095788,649479,131138511,ransom,
7059673,7508,634303,565304,178956614,ransom,
10695253,11638,880616,815425,264047425,ransom,
10604988,15996,1059147,926393,242337953,ransom,
11206709,31769,1436021,1026878,251872245,ransom,
3446456,4042,346838,302169,88448968,ransom,
6530016,7376,554112,507771,162838454,ransom,
13478238,87667,1118611,946605,282679197,ransom,
17099884,59447,1763817,1288040,386892160,ransom,
2382220,3022,348872,317573,61297318,ransom,
5276827,6170,440169,397466,130188166,ransom,
12711838,48897,1604683,1114551,268098434,ransom,
11050066,13132,866601,766744,273091564,ransom,
7968459,8681,981360,896702,201126497,ransom,
6740467,7537,530803,489574,165880370,ransom,
11948894,35130,1411084,941377,251818333,ransom,
6831946,7725,763396,690692,171864723,ransom,
5920852,6814,530280,477914,146525215,ransom,
13527511,35598,1079222,951728,304070633,ransom,
13062460,101323,1404168,890864,262782830,ransom,
5292594,5872,617610,555737,136280114,ransom,
12677227,14822,1179336,1077496,312579001,ransom,
15386126,17166,1327824,1215528,373259271,ransom,
12913033,44984,1644402,1182807,277664531,ransom,
13684564,15179,1192403,1096207,337979895,ransom,
14742453,15850,1238681,1126854,366528916,ransom,
12169662,26459,1310509,1004611,253634352,ransom,
11406396,33343,1362096,1025109,271246243,ransom,
12880759,28703,1294888,1080061,311485582,ransom,
11264700,23844,1301739,1062288,262466413,ransom,
15938723,77590,1483070,1050536,309098738,ransom,
13633048,47513,1460356,1012330,294206237,ransom,
13587186,16391,1169733,1039624,333299374,ransom,
14515494,15826,1347298,1238982,360166594,ransom,
14683378,45225,1693538,1238658,311727024,ransom,
12840726,14450,1059351,964231,318167533,ransom,
12290753,13486,1169212,1070594,307581993,ransom,
14769496,17279,1255268,1135170,340292192,ransom,
14878596,37960,1922872,1430965,342175308,ransom,
10163712,11915,850397,769376,253100933,ransom,
13267427,15629,1188044,1074676,330557909,ransom,
15378059,84764,1513751,1207180,310404330,ransom,
12869584,59086,1524675,1134459,296476816,ransom,
14368974,16233,1265570,1149597,358222887,ransom,
11136990,12695,1093462,1006617,275846382,ransom,
13612709,34306,1417290,985905,283829191,ransom,
14895209,159051,1502232,1315706,367388867,ransom,
12321080,13219,927003,848869,304937910,ransom,
13094731,15297,1227309,1118200,325463526,ransom,
16970429,157343,1975341,1457216,366475592,ransom,
13027588,15888,1122726,1016767,323840519,ransom,
11513304,12522,1071273,980256,286926164,ransom,
18061097,23511,1541269,1325706,408251954,ransom,
15940162,126645,1759785,1282491,334898744,ransom,
10910022,12400,917000,832227,269987713,ransom,
16555120,19007,1381895,1252266,409976165,ransom,
13408589,14781,1369951,1265927,323103583,ransom,
13416500,37670,1531553,1066058,287474508,ransom,
13802738,16715,1135514,1022288,340543304,ransom,
14723872,16259,1424129,1300346,366275659,ransom,
14605617,36155,1428689,1118795,311336866,ransom,
12578231,27494,1574317,1269791,308275992,ransom,
14239709,15783,1233344,1127039,353019979,ransom,
11882406,18240,1117601,962173,293484009,ransom,
19679749,101479,1760905,1324259,399940804,ransom,
13768145,23966,1531499,1258104,339539403,ransom,
12897128,17283,1145540,994112,317223223,ransom,
11774680,13100,1214597,1111472,292686748,ransom,
15561324,44509,1636578,1220185,325729116,ransom,
12418032,26402,1421143,1102429,296148248,ransom,
11549553,12755,1212267,1098440,289939608,ransom,
11780685,14827,1118563,983972,287619905,ransom,
12750585,36372,1533800,1009089,262313712,ransom,
17994664,25469,1459854,1229362,449676394,ransom,
13065958,42661,1394872,1218962,313168654,ransom,
17145623,103277,1545829,1102073,348073873,ransom,
13135875,23847,1390488,1127737,319076678,ransom,
12528110,14509,1095329,998225,309762727,ransom,
13710605,18247,1219299,1068396,335615382,ransom,
14871544,35456,1839227,1362562,318258907,ransom,
14702009,16392,1316074,1196965,365566481,ransom,
13107182,17288,1225400,1069163,321516753,ransom,
14845353,19930,1377233,1208968,342510616,ransom,
16244855,39535,2045419,1529861,380587909,ransom,
11945324,13795,1052020,956103,293449447,ransom,
12400147,18544,1187243,1034178,306423773,ransom,
18129969,69185,1331595,1105536,377440475,ransom,
11415060,37388,1550360,1133325,254018829,ransom,
15541691,18635,1398692,1196981,391953480,ransom,
16539606,18171,1411277,1288524,409303141,ransom,
9482727,12388,895288,772098,223125845,ransom,
18041380,42440,2036406,1494302,400865216,ransom,
16328908,19148,1493922,1344769,405272513,ransom,
9131188,12820,895399,769642,222322648,ransom,
17114628,31982,1680169,1304154,374621169,ransom,
15476257,24077,1493409,1145794,385394008,ransom,
11081548,14539,991111,854322,270614424,ransom,
14995985,81494,1309592,1136277,329960244,ransom,
18138900,46135,2028864,1453576,399728590,ransom,
11896284,13459,1115108,1022800,294643618,ransom,
10814485,15423,1021655,879709,265666366,ransom,
17192827,20823,1407946,1238772,399175493,ransom,
15916711,37117,1918929,1460516,366056152,ransom,
9547205,12885,887558,761168,234879358,ransom,
11623297,12997,1153425,1049882,291411662,ransom,
18224194,40352,1984492,1472691,398643242,ransom,
12779985,15746,1264992,1099287,316313363,ransom,
12918764,14538,1156492,1047626,322205898,ransom,
18942514,85573,1467131,1230107,419466621,ransom,
15723009,36325,1801931,1359975,343476229,ransom,
9752713,12878,1151896,1004694,240687643,ransom,
16266702,19825,1496060,1332707,397617334,ransom,
14608830,37962,1559304,1194628,312866536,ransom,
14078023,22133,1388713,1151542,341339209,ransom,
12103086,13839,1204673,1113953,298468521,ransom,
14112727,17156,1259902,1121883,342474670,ransom,
14473907,36513,1688611,1208346,300361668,ransom,
14249084,16185,1238756,1140768,348062897,ransom,
11292761,13889,1041415,903720,276502014,ransom,
13064406,26136,1356563,1060555,279051930,ransom,
13572934,84500,1417013,1077742,287663045,ransom,
12859304,16799,1339857,1194418,310889624,ransom,
10588828,22550,1142867,960599,248943614,ransom,
15955239,44985,1807008,1040298,315010885,ransom,
15910320,28173,1497438,1090630,344576743,ransom,
12838741,15830,1154535,1008546,312027838,ransom,
14486787,30446,1276107,1057066,319728138,ransom,
13208091,33482,1541031,1085094,306710606,ransom,
14623413,17032,1430029,1279454,358963680,ransom,
11579054,12981,948481,855746,287740320,ransom,
17021542,42540,2053189,1481252,370977293,ransom,
13103147,74623,1273217,1105988,293712764,ransom,
11619029,43706,915712,784747,270359912,ransom,
14065855,17666,1299486,1143447,317348524,ransom,
16638200,42086,1984590,1471056,383029161,ransom,
12092054,14878,1096855,960738,296320298,ransom,
7659894,10031,766789,671646,184010323,ransom,
13153779,27848,1355137,1022668,276728968,ransom,
11408019,23380,1402694,1078370,274303650,ransom,
8808335,9987,603170,550702,217586735,ransom,
10278256,12364,1090942,945300,254206382,ransom,
13839081,45099,1701564,1146007,285237847,ransom,
11952549,18871,1039270,949863,292083087,ransom,
13625050,104408,942139,750915,290803287,ransom,
7426556,9490,832130,767538,160365462,ransom,
12506293,36094,1652266,1158109,279110418,ransom,
11078459,13109,985876,867468,269939522,ransom,
12198837,12859,1059314,951227,307024126,ransom,
13191741,37787,1677578,1190444,274089190,ransom,
12153956,13934,997511,888223,302192359,ransom,
13461226,16194,1565070,1399953,332582923,ransom,
11002202,13695,1038072,910183,266096025,ransom,
16367608,39706,1704843,1207006,350841763,ransom,
13794207,16306,1398122,1257085,337337948,ransom,
12850696,81330,999708,847917,277942776,ransom,
14281938,48208,1397072,1101827,295205166,ransom,
16059597,30291,1707467,1368823,385546733,ransom,
12141462,13379,1099181,1004964,300632769,ransom,
8986095,11101,840550,722670,221277368,ransom,
14982120,33615,1741013,1262347,326161106,ransom,
10720200,11767,917686,845580,265163936,ransom,
8958419,11078,994454,877168,219829184,ransom,
14597649,21450,1222048,1004399,319284105,ransom,
15985342,30624,1842953,1488085,387147455,ransom,
13068633,14166,1124142,1029059,323611058,ransom,
14144805,48481,1233681,1098876,327652498,ransom,
16403691,56151,1680636,1201918,339915319,ransom,
12238618,13082,994340,894010,306642426,ransom,
11226825,12047,1027551,931827,281363653,ransom,
12306841,19536,1144214,1048959,294330195,ransom,
16103614,37270,1874615,1413974,357936004,ransom,
9906950,11685,1038353,963850,244185248,ransom,
10944409,11459,1027373,915384,277308782,ransom,
16554422,34643,1850668,1457495,358999931,ransom,
12748477,16376,1190931,1029368,316137616,ransom,
12217312,12944,936556,822960,308253070,ransom,
16863967,81891,1349433,1167823,378273087,ransom,
16690792,35069,1783944,1319179,369331215,ransom,
11563340,12348,984477,899690,288238720,ransom,
14259736,14976,1181596,1065930,357477037,ransom,
14669721,29841,1512612,1174907,320188356,ransom,
13195014,20712,1341766,1100565,331558723,ransom,
12726781,13530,1309349,1189157,322125423,ransom,
12183082,12663,973421,875028,306631551,ransom,
15108832,38896,1693932,1202854,326754562,ransom,
10439070,11395,963756,876730,260707142,ransom,
11289650,11798,1152793,1025971,290214766,ransom,
20153354,109211,1614553,1369329,429784402,ransom,
11271277,32397,1399326,988608,254665655,ransom,
11800508,13082,940256,868408,290204608,ransom,
7209625,7506,602801,523974,184491029,ransom,
9578382,30500,1411634,970081,191784751,ransom,
11506929,13535,992050,918640,281207993,ransom,
11225200,11960,907982,830660,278775228,ransom,
5131240,5879,579671,520126,116085000,ransom,
7953224,37850,1117466,689626,159879228,ransom,
11088051,12304,983536,896898,276113931,ransom,
9723238,11270,855819,763444,241890651,ransom,
7569625,85518,635562,486480,126090700,ransom,
11661847,41763,1424166,997746,259470469,ransom,
10366623,11422,800713,730189,256845719,ransom,
4957596,5684,559334,501154,124912761,ransom,
10720775,31862,1345327,935302,217891589,ransom,
11274824,12510,978202,894655,278904564,ransom,
6750054,7702,628753,567419,168597296,ransom,
9050171,10578,811077,738428,207467896,ransom,
11561844,30688,1513306,1111060,258595780,ransom,
13084262,14038,1166075,1063126,326098059,ransom,
13120189,13867,1162741,1063984,326483246,ransom,
18177013,83725,1815943,1375278,365600258,ransom,
13727634,18075,1377517,1188969,339149453,ransom,
12154032,14547,1041306,930743,298922225,ransom,
13246486,15620,1177904,1073555,327210053,ransom,
17573617,38182,1990624,1502999,383776118,ransom,
12386903,13532,1056175,960430,309012419,ransom,
10902737,12291,1007732,922039,270084407,ransom,
17965884,20671,1404847,1263827,414948035,ransom,
12863659,33694,1739681,1264172,292320519,ransom,
4533842,5708,540276,496728,112204839,ransom,
7926591,38547,673216,597860,178006141,ransom,
15963316,74667,1805519,1337313,332876195,ransom,
6441615,8129,628678,546949,156610956,ransom,
11118650,12164,1008716,928246,274639483,ransom,
10966676,12276,1040518,951373,273023951,ransom,
11094218,34125,1413248,960162,229329525,ransom,
10089317,11426,952284,881219,247247781,ransom,
11886848,12887,918106,835782,294081032,ransom,
9546288,28656,1112368,844851,200796065,ransom,
7625857,19043,1067581,832434,183365085,ransom,
11551944,13510,955512,866599,283450601,ransom,
11836898,68732,982461,836589,259567457,ransom,
8749929,39728,1347694,915364,166590422,ransom,
11543762,13232,866904,790199,283194916,ransom,
14274767,16624,1275915,1152153,354671494,ransom,
10533806,11300,922195,830447,245248317,ransom,
13694337,33607,1620287,1178582,318264715,ransom,
14445910,15629,1343676,1206926,364377386,ransom,
9450387,10926,1005374,928134,233855797,ransom,
11831383,29906,1324046,971435,250403796,ransom,
16587050,18817,1642282,1440678,413323533,ransom,
10256879,11666,762797,697304,250353880,ransom,
12961327,267181,1072355,960743,323653718,ransom,
17785741,71152,1955355,1472398,374101726,ransom,
8821725,42010,624072,505915,205103783,ransom,
9375594,9673,929476,825969,240301529,ransom,
13865636,26950,1366884,1106376,299294275,ransom,
12087471,19303,1303677,1052884,300137161,ransom,
5692888,6171,531929,468714,145513497,ransom,
8492216,9548,905833,837851,210636321,ransom,
14014217,33224,1598949,1184304,305041468,ransom,
9760770,10229,773595,694158,244085858,ransom,
10343909,11014,966224,878253,259264496,ransom,
15251652,26308,1406362,1157975,336791899,ransom,
7152771,59577,1176544,883421,146569289,ransom,
10342201,267185,859334,764527,242964595,ransom,
12943635,100489,1068928,978703,320939599,ransom,
17205088,43845,1958078,1473668,375030269,ransom,
15070202,16724,1284116,1165304,373193276,ransom,
11705591,12998,1143619,1044753,290539855,ransom,
13180049,18650,1022570,912844,302985786,ransom,
19735274,39694,2194930,1712379,466506860,ransom,
11605084,12839,1164250,1064152,288622332,ransom,
10381907,11995,870080,781398,256872477,ransom,
21424999,49997,2096524,1659464,477202916,ransom,
14062529,78351,1388519,1156966,306917716,ransom,
9657799,10656,783015,707708,239595022,ransom,
17588414,18856,1500836,1364112,438805853,ransom,
13873070,34900,1724039,1227756,289174499,ransom,
8922192,10461,868762,783717,222318735,ransom,
14639942,16057,1361566,1251512,364574532,ransom,
15019690,25541,1473170,1234649,330343408,ransom,
10887905,24750,1493062,1123357,260062812,ransom,
12571866,14746,1211611,1101612,313354297,ransom,
14292823,15672,1231989,1132713,353529626,ransom,
13626210,36849,1452824,961094,277984419,ransom,
12262853,17222,1232392,999727,292751050,ransom,
18116112,110813,1555808,1153941,385624540,ransom,
15620373,34334,1387950,997834,351121127,ransom,
14667670,38596,1877391,1341974,304174817,ransom,
14784731,16691,1273645,1164500,364641502,ransom,
12864735,14045,1114003,1027127,317642588,ransom,
11274768,27610,1098388,814895,229850020,ransom,
13582390,22924,1345083,1064854,332667262,ransom,
16350892,18695,1558616,1439331,403584673,ransom,
10360236,11611,917336,840947,255487882,ransom,
15797250,37409,1788509,1312548,344879405,ransom,
14213459,15779,1271448,1151432,354772066,ransom,
13115219,42898,1165648,1040657,310252984,ransom,
15193064,64001,1311228,981001,307938248,ransom,
16092348,29794,1749476,1441312,391481556,ransom,
12064510,13487,1044560,948184,299967164,ransom,
14107226,16418,1324831,1225328,347880368,ransom,
14287704,38600,1747894,1240507,301919822,ransom,
11989400,13629,1199698,1099120,297723113,ransom,
15231722,16766,1246206,1143774,375679927,ransom,
11249877,12718,1042783,957580,276949886,ransom,
11341419,34800,1702084,1192133,228556787,ransom,
14840338,16521,1159912,1069587,364971384,ransom,
12853922,79143,1269681,1119171,287148930,ransom,
14199369,56962,1317047,984538,293700591,ransom,
16054924,26051,1617213,1315405,392648622,ransom,
12519752,13022,1139425,1041973,314479336,ransom,
9890357,10059,803418,704253,253066758,ransom,
18840227,104515,2080638,1541262,428485186,ransom,
15540280,86338,1247637,1140542,384886913,ransom,
10298076,11521,978760,891779,256462627,ransom,
15486485,19871,1144442,991057,352642929,ransom,
17378324,34517,2017226,1555773,411264669,ransom,
11367077,12535,1057953,964575,283520685,ransom,
12299386,42624,1048392,926706,293207415,ransom,
21983147,114527,2329019,1737308,457998021,ransom,
10824139,12142,884158,806924,267505183,ransom,
10169976,11940,1068423,964598,253931041,ransom,
16762285,18246,1436150,1328201,395542502,ransom,
12491057,32742,1642952,1198299,274690084,ransom,
9414050,10380,903771,830584,235127577,ransom,
14515210,16564,1368710,1266802,357535429,ransom,
14038392,33590,1415806,1063523,294203240,ransom,
11442113,13080,1115405,950859,285177613,ransom,
16042323,17834,1448570,1343774,393638469,ransom,
12088067,13600,1118327,1027075,297764493,ransom,
13630954,94091,1176542,804699,251008554,ransom,
13818044,19227,1424950,1198756,340943147,ransom,
12814188,13506,1198880,1091643,322158573,ransom,
7588374,8957,868990,809016,187306105,ransom,
10861512,34888,1258016,806522,210705682,ransom,
17628783,19076,1571561,1449220,438478296,ransom,
14557986,14791,1286124,1146435,371687635,ransom,
10109180,14660,778693,657082,217348272,ransom,
7761831,26848,1424098,1014277,179903959,ransom,
16996079,18498,1396715,1289076,418576075,ransom,
11810660,13350,917400,829633,289950218,ransom,
11553255,39854,1405660,932288,235198175,ransom,
15802779,113450,1261274,1049953,349185414,ransom,
12402463,15200,1254983,1132920,309532568,ransom,
10306714,12288,980279,900002,254240254,ransom,
14277550,45297,1861502,1347386,302851207,ransom,
20066213,22824,1513784,1368308,498039521,ransom,
9122146,8809,886145,787865,235570383,ransom,
15967354,34530,1376576,1061948,343235860,ransom,
15471317,40983,1904399,1443757,371961827,ransom,
11667987,14717,1008479,909808,282546131,ransom,
9875763,13568,1014376,896379,239536963,ransom,
18328250,40716,1971687,1497636,399407231,ransom,
14264562,51769,1177700,911457,329077455,ransom,
13023949,56589,1087517,938059,300008544,ransom,
18593700,35364,1786004,1527652,446136258,ransom,
14007200,285692,1723812,1275626,301344542,ransom,
12305479,97166,920057,830333,306332544,ransom,
16625963,18346,1570998,1453754,411010762,ransom,
13608627,21062,1266582,1076320,299154146,ransom,
13749251,28545,1590804,1224544,330011937,ransom,
14585889,15786,1264315,1160892,362671742,ransom,
12222262,13517,1085469,994330,304388179,ransom,
7022677,28311,1186526,791976,131125227,ransom,
8342104,9654,792487,679374,205679859,ransom,
14123911,90652,1038511,882617,304708098,ransom,
7338236,8036,838062,757690,174716101,ransom,
8584812,33337,1115155,673049,173000116,ransom,
11618432,12949,969885,880024,288953707,ransom,
4391566,4728,531133,479735,111910492,ransom,
14466957,31246,1344824,1065279,312538635,ransom,
8544245,17577,1031801,764730,206761635,ransom,
2694678,3473,418494,383342,67555648,ransom,
11613603,12927,988928,909197,286622616,ransom,
16802920,39946,1734382,1255080,372816428,ransom,
2964486,3548,568719,519634,76597136,ransom,
12730349,101677,870145,750516,267495197,ransom,
12029302,25189,1085521,926311,268398654,ransom,
18464025,306513,2120145,1653731,435342315,ransom,
12780625,139195,1152999,1057920,314624644,ransom,
9611922,10925,904163,829783,237848943,ransom,
19169440,42299,2091102,1622663,421546153,ransom,
14077451,16608,1337845,1179754,348186621,ransom,
8744531,10318,797972,730595,215819909,ransom,
17387467,20523,1402773,1269684,409270937,ransom,
16715491,39058,2083237,1583784,385219567,ransom,
8017625,9388,735132,665695,198212244,ransom,
14391358,24100,1153078,1038748,350452353,ransom,
23417658,121910,2363132,1813719,484924922,ransom,
5742634,8273,679391,591973,141649568,ransom,
14376033,16158,1258735,1138928,358871846,ransom,
18459777,20893,1709451,1576998,454088092,ransom,
10282042,31645,1296203,862013,209678731,ransom,
14249141,15433,1152129,1043953,353435721,ransom,
19909190,21609,1875108,1737092,491568722,ransom,
8552975,16603,978569,738999,167661641,ransom,
12456878,26282,1236877,970344,303522685,ransom,
9607458,11865,1194174,1098960,239043530,ransom,
11213495,12577,856631,795621,273648437,ransom,
11659738,76788,1283114,880703,211966776,ransom,
2273255,5691,382132,259584,55552044,ransom,
4476957,5439,346697,322176,108908697,ransom,
5591177,6513,525728,466463,133953371,ransom,
8231581,27648,1210942,817166,171201999,ransom,
5168777,5660,483341,434613,130594447,ransom,
6040477,6801,500433,462578,148303457,ransom,
6361097,18415,856597,595725,129862219,ransom,
4272499,11231,619868,441815,102359046,ransom,
6765583,7853,562765,500337,169465960,ransom,
7391299,59762,637917,531849,143665507,ransom,
8782365,35088,1127526,720132,180562023,ransom,
597522,994,159535,148801,15033319,ransom,
8348284,9177,762223,693521,208167331,ransom,
4177786,9403,447862,298086,75747563,ransom,
5552568,18174,821867,567399,131658669,ransom,
2466811,2913,262716,240011,61631232,ransom,
6687884,7653,558322,511008,165404353,ransom,
5077295,27510,978947,590597,91313784,ransom,
3806414,4551,342325,314941,93853247,ransom,
2832584,33352,217105,168572,50117577,ransom,
9692463,50534,933807,678742,191082183,ransom,
2606568,15779,602958,373932,56832672,ransom,
10489682,11820,971136,892628,259996040,ransom,
2154661,2246,236610,209289,57480765,ransom,
11715631,47756,1420624,962855,243322157,ransom,
8219312,9161,513126,456403,203626782,ransom,
3631052,4566,749223,689648,93734831,ransom,
11240785,12661,952568,872872,277490286,ransom,
17588800,39003,1857519,1404064,394195320,ransom,
10519899,11917,925338,840677,261466866,ransom,
16751302,83688,1407819,1207350,379146216,ransom,
16864306,35500,1802182,1350268,364571204,ransom,
12047720,13384,1051709,962613,298744860,ransom,
13230506,14636,1251010,1148092,329627475,ransom,
14199076,15657,1211427,1109979,349989026,ransom,
13779724,34834,1639992,1210641,296284887,ransom,
15947512,17332,1431503,1321812,394496808,ransom,
12741826,17410,1197533,942324,303021188,ransom,
15066388,36931,1719192,1041973,312535446,ransom,
11419213,19307,1252383,905693,259915591,ransom,
12685743,17972,1128099,960457,300836007,ransom,
13014243,35204,1144129,1029845,312541159,ransom,
13998465,74862,1456396,958359,266920782,ransom,
14898400,16142,1268283,1163125,371285423,ransom,
12877133,13456,1178573,1065902,324720273,ransom,
14563277,28597,1307063,1047854,318011023,ransom,
16251803,28595,1554524,1236437,395798969,ransom,
11421251,11919,1020939,926396,287326865,ransom,
13598825,14885,1292259,1192273,337679702,ransom,
16861000,39813,1843336,1352405,369530910,ransom,
13435937,15396,1131283,1036723,332851313,ransom,
14356666,16159,1429728,1319855,356403250,ransom,
10524721,13740,916366,785291,228237276,ransom,
13873778,102116,1697147,1203639,285211874,ransom,
18077688,40810,1540778,1404332,436906242,ransom,
12509714,13985,1022842,936250,309268376,ransom,
9920624,10979,1046193,963160,248574385,ransom,
16534174,42927,1910952,1378135,364941836,ransom,
13677548,15399,1180655,1078304,340099981,ransom,
16596473,18340,1399228,1288858,411136657,ransom,
12280472,15771,1150702,1035258,303140078,ransom,
16480183,41045,1856598,1346011,348915424,ransom,
11473718,12489,1130702,1030727,289764522,ransom,
16079181,18058,1324740,1209427,397466362,ransom,
12803150,24624,1349241,1084896,276304490,ransom,
13061696,42761,1499558,1200431,309438767,ransom,
16574071,86640,1210561,1061060,371959384,ransom,
9464820,10718,1057667,979574,236502179,ransom,
16641703,43009,1859603,1352874,360097712,ransom,
16106617,17972,1402193,1284949,399440663,ransom,
8939614,10492,959542,884573,220842062,ransom,
14496139,16537,1085833,967964,336049665,ransom,
16866580,36489,2088825,1631124,394051942,ransom,
10742475,11678,934140,861420,265278955,ransom,
11641063,25679,981897,896501,287947006,ransom,
19528126,50098,2058633,1543793,430005914,ransom,
11040315,12158,959077,875618,274390818,ransom,
14083947,75039,1075894,913278,310759349,ransom,
17321150,19560,1376935,1254489,404111881,ransom,
11513973,32094,1603645,1166176,259165170,ransom,
14575903,15912,1239088,1127701,361800081,ransom,
15390108,16828,1474100,1363337,382436074,ransom,
13269228,35172,1522868,1109571,274837086,ransom,
13870939,15923,1318104,1158669,344821287,ransom,
16236787,17641,1409852,1290254,404715525,ransom,
9432680,11217,895327,822679,231944144,ransom,
17667643,39759,1973051,1483784,392054075,ransom,
14877148,16309,1339500,1226680,369516955,ransom,
9882225,11191,900522,817868,246160398,ransom,
21488964,110809,1679474,1298754,440601998,ransom,
14923426,30996,1800901,1467627,362937587,ransom,
9549128,10749,843807,768968,236348779,ransom,
14425018,15967,1205806,1088320,360133213,ransom,
18040471,41138,2058308,1536786,395651835,ransom,
11249425,12938,911031,820685,278751116,ransom,
9741580,10629,911758,825068,245509852,ransom,
14314922,15274,1258291,1155230,341666830,ransom,
10757776,34288,1659411,1191091,229834339,ransom,
10405458,11671,911685,820140,259893436,ransom,
14405713,15592,1372181,1259235,361194252,ransom,
15394657,51887,1319644,982178,321073310,ransom,
16066918,100440,1611912,1278026,352038602,ransom,
12139779,13596,1149296,1058926,301099679,ransom,
14361988,16078,1228181,1128095,354326607,ransom,
14108224,14918,1189479,1084814,324892051,ransom,
14379739,36425,1791609,1359346,328182686,ransom,
14024463,15162,1200321,1087659,348980492,ransom,
13094844,14388,1107368,1022000,322545985,ransom,
14583931,34827,1685325,1280956,308316146,ransom,
14880843,17207,1431736,1280131,369390997,ransom,
12875150,14477,1149813,1060534,317531238,ransom,
9281089,10037,647613,567824,232375423,ransom,
10771607,93663,1354016,947185,182599327,ransom,
10702736,15119,1082581,937382,264187631,ransom,
12699530,13675,988588,897027,315787137,ransom,
9445384,10565,957170,867839,237612235,ransom,
9154876,31422,1290679,851480,177260461,ransom,
9271373,10407,727640,672185,226288532,ransom,
10361922,11007,796494,710490,260182372,ransom,
10817954,25368,1428156,1100388,234911485,ransom,
12891177,22361,1223821,996608,308373234,ransom,
9138913,9926,823154,752266,227040336,ransom,
2232571,2607,348126,308361,58956000,ransom,
19139858,125872,1632511,1203638,382924536,ransom,
15332359,23506,1555752,1328522,375500936,ransom,
11521637,12956,1046678,961109,284544324,ransom,
14827872,16167,1331199,1224701,368788342,ransom,
16102284,38492,1899329,1394500,344769438,ransom,
12669917,13703,1087656,993703,313897546,ransom,
14511201,15929,1181112,1081185,358169749,ransom,
13211351,20469,1202699,1097229,309568973,ransom,
14053454,37153,1747679,1239567,305610206,ransom,
14289500,15850,1387467,1279426,355541527,ransom,
12255025,13304,1080052,983146,305220976,ransom,
15638586,115273,1366050,1061133,300528752,ransom,
14368337,26845,1784524,1471369,351027129,ransom,
13658806,14838,1057835,963175,338629799,ransom,
9877134,11264,1058159,972910,247619341,ransom,
18067259,39238,1973468,1500337,395044172,ransom,
12533007,14686,1237596,1139801,309712611,ransom,
9409893,10906,860772,794735,231341287,ransom,
14379149,18584,1259189,1118288,334696938,ransom,
19548747,38013,2239290,1778486,461157593,ransom,
7766366,9491,770075,700759,193710906,ransom,
13808015,16461,1223359,1102107,343568009,ransom,
19011047,96471,1566296,1202756,384576592,ransom,
8423592,14795,887524,610679,214137279,ransom,
7057895,6529,527562,433241,188865001,ransom,
11991107,12510,1051986,934582,307721754,ransom,
14366933,34587,1554803,1046332,332641576,ransom,
9054285,9361,756224,676888,230680254,ransom,
9032254,9747,770545,679303,230578540,ransom,
12936226,16532,993633,785184,310116830,ransom,
9447935,44909,1227337,837494,225625947,ransom,
11866875,30447,833888,686548,307381688,ransom,
12625756,15976,1172639,984648,324968926,ransom,
13846655,92671,1476539,972668,261565078,ransom,
10317192,11679,820110,652595,268416549,ransom,
10644296,10277,813675,718215,273829557,ransom,
12433381,20893,953278,783969,294603331,ransom,
9519921,28969,1371647,912822,207798272,ransom,
13371161,14998,1109913,1022978,330697630,ransom,
13866775,17288,1375997,1209711,340758500,ransom,
11058926,43262,1387099,1060290,219364302,ransom,
10688982,14240,1009336,794523,260832248,ransom,
11922121,14406,1040259,905785,291819555,ransom,
7999461,9131,764812,693873,199815267,ransom,
14380308,87615,1746841,1169188,269222652,ransom,
11591373,12695,971740,893260,286232085,ransom,
11050366,13306,867870,740202,269696323,ransom,
11230241,20429,1232514,999334,247268189,ransom,
13815494,28671,1659757,1310527,330630690,ransom,
11997459,14586,1033440,902481,292746430,ransom,
10037424,15150,1218364,1118690,250089887,ransom,
17943539,40691,2031642,1496727,388184425,ransom,
12175985,15098,1123701,984938,296834276,ransom,
13001197,14287,1115873,1012898,324543436,ransom,
16501878,20618,1410858,1247249,383017937,ransom,
16218506,98277,1867226,1330650,327868432,ransom,
12991907,116795,1137927,987684,317854171,ransom,
14118067,17114,1243658,1100512,343857927,ransom,
13505390,18690,1037253,911904,302028641,ransom,
13671427,33984,1782687,1308816,317782961,ransom,
15334786,16664,1313159,1209498,379420180,ransom,
12527523,16065,1002894,867942,306507878,ransom,
15925934,44036,1798524,1299046,335082192,ransom,
14700509,17878,1470898,1289407,366408064,ransom,
11427308,15581,1038968,902999,278672914,ransom,
14554950,16223,1237887,1123151,350312126,ransom,
17131646,38407,1895002,1372954,386029311,ransom,
11128391,18135,1084537,832361,258764590,ransom,
12363436,17373,1240697,897106,285930341,ransom,
22287326,108642,2195429,1374159,419938579,ransom,
11490853,15048,1361141,1118120,282818133,ransom,
9085345,11984,1059216,921364,222910759,ransom,
13017733,16545,1229466,1081896,317513015,ransom,
13684039,35169,1571937,1113184,283966329,ransom,
14511952,18444,1231386,1072635,354668991,ransom,
12944868,14484,1137833,1049444,318657546,ransom,
12169244,27993,1226331,843713,254647397,ransom,
6277143,14736,947654,716625,151555416,ransom,
12076675,13979,1118905,1034356,296206483,ransom,
11222742,14021,915221,780909,275133590,ransom,
15329406,102131,1655694,1133237,297697648,ransom,
17006500,22727,1535081,1356526,419693457,ransom,
11384499,15580,1033585,893143,278953568,ransom,
12174151,14479,1014710,906661,274962513,ransom,
15618753,41433,2086847,1496880,358148665,ransom,
12195660,13000,1108923,1014615,304690011,ransom,
9492403,12895,1024854,894789,231903434,ransom,
15405308,37159,1626845,1169088,329528667,ransom,
12245414,20602,1381945,1157175,302152835,ransom,
10855074,14802,825219,677137,269242795,ransom,
15809847,44370,1389984,1261461,377002183,ransom,
19635744,118195,2046922,1434773,395369652,ransom,
6788082,13438,678388,539467,167673028,ransom,
10258828,11749,969254,892232,253248735,ransom,
10034624,23197,901916,699990,213731613,ransom,
15502876,32482,1856365,1451254,365717649,ransom,
13717665,18672,1200311,1055222,333754595,ransom,
9310650,14483,699829,544327,235347574,ransom,
15376060,37625,1999325,1499793,338352442,ransom,
11391828,18714,1247852,1085039,281008573,ransom,
861858,4017,438264,393151,22984317,ransom,
3713689,25183,1229236,1028588,68560888,ransom,
1977340,42000,731812,240674,13534978,ransom,
815583,5880,251109,37309,4070713,ransom,
1234384,12399,352291,53853,5951763,ransom,
2994976,78397,754585,224077,19397033,ransom,
0,0,0,0,0,ransom,
17792840,19442,1610585,1454818,443488740,ransom,
11722728,13280,1029605,930633,290540238,ransom,
15208300,35942,1840424,1378439,330058049,ransom,
14499497,16414,1401987,1279647,359587620,ransom,
10089206,11627,871277,792516,246967678,ransom,
18183741,95651,1427602,1178276,373735161,ransom,
15612461,36365,1954792,1554860,367711635,ransom,
11072129,13246,960164,862650,274667804,ransom,
10712090,11973,1004341,915332,266912313,ransom,
17801480,46943,2024600,1514638,387441736,ransom,
14682880,16550,1295892,1170050,363386464,ransom,
11440941,12513,1018978,922244,285822983,ransom,
12054377,13537,1103483,1016809,292116387,ransom,
12156955,36883,1570658,1146125,253723680,ransom,
8253,242,5257,178,52633,ransom,
10184352,11723,764924,678109,252034931,ransom,
2547455,25261,831413,455087,21472125,ransom,
6494619,7735,599436,539145,161041975,ransom,
7683002,95950,713506,574021,150802735,ransom,
10264735,11553,771017,706548,248806695,ransom,
7618777,31010,1207322,782133,151594033,ransom,
5990007,6972,463538,435727,144672033,ransom,
16374530,70612,834792,738266,324596868,ransom,
3100649,20807,720810,453760,36662853,ransom,
8138046,16279,857507,671673,198148805,ransom,
4940664,6015,597018,527454,127359534,ransom,
14511348,16166,1371979,1241847,363966379,ransom,
18527685,43116,2097816,1621532,408745267,ransom,
6722283,8051,531762,479789,164764653,ransom,
15538965,95034,1236113,1071354,339802515,ransom,
22082956,33830,1967501,1641887,500879882,ransom,
6130573,17874,968378,727298,145170887,ransom,
8440099,10709,903461,819501,209978509,ransom,
14744533,16863,1322116,1206800,363561359,ransom,
14479668,35550,1847946,1401371,314474307,ransom,
10136605,11729,901536,814016,248975109,ransom,
11138984,13300,968501,885272,273008559,ransom,
14318640,15984,1212546,1100110,349935833,ransom,
15243261,40998,1724986,1240914,335631459,ransom,
12902145,14945,1201666,1091374,318973061,ransom,
14820152,66305,1184151,1019879,330707852,ransom,
11919979,31462,1166006,971305,255576815,ransom,
14389427,28452,1785190,1418225,344893603,ransom,
14746086,16826,1379195,1258508,364316189,ransom,
11627423,13322,1049845,960941,285852416,ransom,
15232103,35061,1788850,1335206,324073768,ransom,
15184844,17122,1317786,1197596,377294899,ransom,
11986121,13504,1271186,1158740,297537840,ransom,
14955177,17401,1067057,965413,341969635,ransom,
12206891,33777,1617637,1189968,275384089,ransom,
14229028,60505,1264733,1107127,325694882,ransom,
16654651,38938,1297921,1175823,393949885,ransom,
11363154,33221,1426685,998819,229542060,ransom,
12616235,14492,1061804,958409,311659935,ransom,
14957361,16758,1411317,1285268,370296852,ransom,
12247353,13674,1102738,1007668,279266686,ransom,
14398226,36940,1643241,1180906,328113908,ransom,
13471703,15247,1415045,1303864,332560908,ransom,
9318152,10666,920105,846232,229087871,ransom,
12730209,32937,1494401,1074009,269966288,ransom,
13577526,15551,1264995,1161221,334446622,ransom,
12380035,74611,1124877,968526,266472694,ransom,
11018329,12627,1080120,986724,271504075,ransom,
17930526,47281,2022464,1496163,397487865,ransom,
13734650,13947,1158498,1029957,347480954,ransom,
12819324,13642,1150708,1025528,323245356,ransom,
17000911,34778,1870905,1472764,369536578,ransom,
13689338,21787,1346485,1130452,334180352,ransom,
10930427,116259,1003966,916496,269125891,ransom,
13868076,15270,1282595,1175096,345405896,ransom,
16073212,40363,1785193,1290422,342737611,ransom,
12469269,36425,1189023,1073199,298132015,ransom,
16658745,82110,1301439,1143016,377393420,ransom,
16186660,28593,1550953,1257585,348607535,ransom,
10931917,22734,1369743,1106216,265429343,ransom,
14571495,16785,1128036,1015273,360281697,ransom,
13380701,15389,1252537,1159999,329682886,ransom,
13531656,34287,1710357,1264605,292672275,ransom,
14371476,16114,1226102,1119149,355264462,ransom,
14345878,15853,1296974,1193183,353893040,ransom,
11422532,13032,1078254,988396,273705653,ransom,
12793367,33620,1677618,1216297,274934743,ransom,
15660481,17542,1444670,1327030,387786730,ransom,
13883408,53162,1060902,932417,322083868,ransom,
14781136,67647,1784374,1327519,298755932,ransom,
11976422,13969,1165136,1015761,301552065,ransom,
11432344,12540,1137692,1047549,285219499,ransom,
11636174,12829,811483,743631,285241564,ransom,
18403216,46872,2100600,1590423,408843789,ransom,
13122771,26130,1285808,1174098,329700712,ransom,
11571498,13511,882568,786871,284146272,ransom,
10250408,21979,1332878,1054741,221296397,ransom,
1621628,9118,912418,700283,43875502,ransom,
20705707,22687,413766,343597,507421859,ransom,
18890272,80195,2106292,1895666,428223450,ransom,
9350383,32925,1350766,943929,186711689,ransom,
13050398,15670,1180941,1046361,326409131,ransom,
20601631,22743,1747890,1617704,508511336,ransom,
7612386,10155,707327,639717,162662975,ransom,
11886605,33605,1650336,1179369,271227601,ransom,
17044821,23465,1479641,1330005,424270613,ransom,
9978715,32796,1064815,893623,235390636,ransom,
10009184,30065,1339478,904099,200648881,ransom,
16160898,18122,1389687,1270725,401269207,ransom,
15364726,17330,1278416,1171334,380497438,ransom,
10382582,78508,761011,636645,213613335,ransom,
18295941,55286,2066274,1535431,399668933,ransom,
17453891,19784,1499366,1373133,430649635,ransom,
10989831,13086,1101484,1020567,269226080,ransom,
16143618,293477,1610779,1242652,342525429,ransom,
13250670,21346,1189889,978164,322106067,ransom,
11185320,14076,1344261,1249412,273934828,ransom,
10340677,12442,980318,910466,252466981,ransom,
17133434,45055,1837213,1352843,365286431,ransom,
9128200,11073,870571,803139,222729081,ransom,
14001102,16234,1170087,1068701,343905818,ransom,
20057735,89876,1664986,1446507,425455917,ransom,
4254829,22738,1159821,749780,85578610,ransom,
518629,685,180613,153460,15885660,ransom,
12664211,14454,858803,789237,308601987,ransom,
3026785,20161,1245959,852555,44724484,ransom,
17485174,19948,794625,725956,424367084,ransom,
6985215,8771,812107,756623,170161243,ransom,
9532826,11899,786409,702256,219149591,ransom,
21247641,44223,2272228,1741814,502690042,ransom,
10763453,11836,1039056,945119,269402769,ransom,
8783839,9825,756681,662895,221840940,ransom,
22554622,90037,1851102,1590581,497204949,ransom,
12945553,60024,1581207,1149393,286633569,ransom,
8353411,9583,859423,770340,210210044,ransom,
15602666,17112,1285311,1179950,386696529,ransom,
14829416,27817,1546127,1207381,321680886,ransom,
9733591,19350,1299747,1041026,240601264,ransom,
8573397,8996,1067350,975184,218209021,ransom,
1004731,861,306272,262568,30093723,ransom,
15706756,36287,1279793,766052,345477672,ransom,
26145715,32551,2320392,2074307,627448623,ransom,
1446372,5179,362923,104852,15277603,ransom,
15587798,27737,1583205,1113101,335629521,ransom,
31183925,141517,2856781,2265321,675028772,ransom,
3086623,4341,362689,330072,75080327,ransom,
12454560,13826,1055084,936742,314401100,ransom,
22965500,25151,2066472,1902115,555695474,ransom,
8054758,30483,1183204,732752,149513079,ransom,
2524680,7187,783194,689124,68733511,ransom,
1768526,2907,831260,755542,53317173,ransom,
14167349,27952,548388,328819,319619480,ransom,
29151199,50078,2690878,2279212,695340297,ransom,
1394129,2188,155811,132797,33774536,ransom,
6625580,7045,578896,512356,169170888,ransom,
18590765,87410,1688765,1292194,375293116,ransom,
6032386,29083,822902,556214,137375107,ransom,
8199339,9120,744723,678872,202993263,ransom,
4834489,5533,489584,434945,123262983,ransom,
10646308,31307,1307455,879745,219933206,ransom,
12176830,13238,968999,869007,304851517,ransom,
2106223,2472,289725,268164,53323069,ransom,
11019492,13642,968385,800772,259288381,ransom,
8507534,26488,1131443,800600,183892418,ransom,
9113099,10134,894593,828341,225053627,ransom,
8055114,252199,704012,634774,202280147,ransom,
8486215,171022,1061657,692763,131151917,ransom,
1295729,5375,573637,446953,34242704,ransom,
799887,878,368510,335049,24547801,ransom,
688956,982,297874,267480,19640888,ransom,
4899477,21296,1114793,743071,89309654,ransom,
15137663,17536,122680,61741,367174980,ransom,
21657022,25152,1899209,1788174,527284379,ransom,
5515729,17127,807644,501601,107781143,ransom,
15906838,30479,1529812,1285045,392902574,ransom,
15429728,17845,1437477,1307321,380946551,ransom,
8160488,9590,869250,793660,202327352,ransom,
13990270,86497,1286936,959538,263767777,ransom,
16749391,32856,1684508,1404593,410707705,ransom,
13043398,130296,1073584,970560,321326908,ransom,
8692234,9736,807907,732815,216148249,ransom,
16592006,37251,1884294,1432982,365970423,ransom,
13735966,15131,1221555,1100083,343232893,ransom,
11669478,13161,1040495,938276,289520373,ransom,
8465884,18265,1281069,1079693,176494131,ransom,
2116454,20030,945916,664016,48830300,ransom,
8235374,9424,322681,266001,203624442,ransom,
27424436,30155,2084438,1917798,672102258,ransom,
7673158,87357,876587,532763,100245146,ransom,
12213619,17021,1317811,1091670,306708643,ransom,
19395547,22013,1707136,1551052,476402946,ransom,
8663806,10019,883104,813217,214028772,ransom,
16305126,35262,1880154,1429375,361980262,ransom,
17689416,20522,1478308,1354835,434427218,ransom,
9629368,11561,964816,881206,237323453,ransom,
13656875,16802,1121433,1007379,305693558,ransom,
4555137,21121,1504804,1106344,100994164,ransom,
472410,529,86501,70616,14900044,ransom,
27496345,31067,1465337,1302186,676208851,ransom,
14914458,77015,1577786,1333132,292590389,ransom,
5408094,21965,938153,603443,121873708,ransom,
19364620,21663,1805244,1650157,484381638,ransom,
14014398,15840,1021825,904213,346812246,ransom,
9256161,28948,1622068,1167675,189028478,ransom,
15281458,16310,1148906,1053555,382537326,ransom,
13862047,15967,1302896,1175496,345361876,ransom,
10712377,11782,925828,834847,251175036,ransom,
15988953,36414,1957989,1499105,369619156,ransom,
14699457,16817,1433826,1304272,367155339,ransom,
10651288,13301,765923,687644,258479938,ransom,
16718933,98931,1693391,1220932,327922799,ransom,
15804150,17875,1484633,1305718,396051567,ransom,
6033080,7254,803009,727166,152215519,ransom,
1266417,1265,379395,331912,38943205,ransom,
18948053,42708,1190294,763135,423080403,ransom,
14930418,17640,1709162,1578600,369958902,ransom,
7793439,8912,706474,639239,193952796,ransom,
10786345,17712,1068445,816440,236099969,ransom,
10700693,25621,1421990,1128337,257493322,ransom,
10895900,12693,888577,808618,267592868,ransom,
2400029,3102,272862,235587,61621125,ransom,
14788759,105431,1239392,908284,289670896,ransom,
13352692,28634,1522822,1178640,326421618,ransom,
11644525,12737,981643,898653,290140489,ransom,
8124495,9771,835067,770332,199437755,ransom,
12609279,35543,1431845,966566,260243090,ransom,
9690378,10855,1006199,902787,244378210,ransom,
6610956,7691,612692,563991,162539088,ransom,
14120107,18046,1130559,1001963,344557744,ransom,
14085022,42076,1639931,1130018,299975941,ransom,
13630721,15353,1122346,1005841,339475568,ransom,
13487184,18471,1407904,1258347,332764810,ransom,
12514577,58108,992006,847361,264612010,ransom,
15260716,86346,1738391,1236692,330994334,ransom,
13024023,16059,1154545,1029446,321869249,ransom,
8818174,11894,950403,832644,216953067,ransom,
14060541,16718,1202535,1068512,324569821,ransom,
15570789,39147,1849563,1366524,355293648,ransom,
11563547,13618,1010624,900524,282864407,ransom,
11223204,14854,1027248,894561,274047336,ransom,
21367763,43369,2271368,1689166,474217492,ransom,
10042571,13324,1055864,940381,245731170,ransom,
7294615,9148,556944,483991,177329472,ransom,
8924220,9880,847739,769790,224782988,ransom,
20315233,117612,2290171,1647818,416649248,ransom,
10842751,283337,1151136,902331,256940636,ransom,
13183632,123653,1260048,955633,320800826,ransom,
18040775,19210,1407551,1273918,447814434,ransom,
4773766,25066,1375915,961208,71023691,ransom,
842195,1184,409318,368891,25254823,ransom,
16167342,18420,498530,409462,394698803,ransom,
22439285,33693,2258809,1976466,509960272,ransom,
6352504,23610,1038911,727698,154599413,ransom,
9697189,11862,931362,846984,239742238,ransom,
11403646,13187,1078260,980277,284610579,ransom,
18919665,126042,1975732,1399441,374768804,ransom,
14153613,15938,1227455,1106028,352226730,ransom,
13410333,15386,1233648,1114461,332134373,ransom,
14286960,16575,1199773,1094710,350624115,ransom,
13574373,34972,1598655,1168980,284104245,ransom,
11009448,12593,1039232,939283,273801937,ransom,
14000498,15597,1333134,1213170,349325648,ransom,
9646510,24263,1319222,974500,202452546,ransom,
2517535,6811,874741,676652,74298136,ransom,
5386841,5946,139011,94528,135549857,ransom,
28476432,33417,2088337,1913340,696211215,ransom,
7922468,88632,880581,552856,109879010,ransom,
8289430,14811,1119861,884428,208687974,ransom,
24182506,26911,1952032,1784640,597201857,ransom,
6686427,7828,734172,691864,163139219,ransom,
8009126,26917,1257285,824096,153966835,ransom,
22514649,149582,2113270,1936263,558642846,ransom,
10405595,11444,791982,732865,256194538,ransom,
10924484,22140,930108,810262,239433249,ransom,
7771337,22856,1487404,1086435,175301085,ransom,
1847760,2779,683624,606365,51729036,ransom,
28003300,32137,1674283,1526632,685554615,ransom,
14484181,85180,1366228,950739,265221767,ransom,
2411666,5460,479000,345318,62564826,ransom,
24422166,26858,2039190,1852499,608912384,ransom,
13048516,15417,1152861,1067864,319286967,ransom,
6131832,24158,976144,575172,109094754,ransom,
22658514,25562,1905939,1729922,566430133,ransom,
14417926,16328,1375511,1280033,354073658,ransom,
7109742,12777,690115,531059,134433214,ransom,
19959614,295492,2198856,1808103,492245926,ransom,
13571829,80485,1068901,993033,330750570,ransom,
7955863,69655,484138,373394,160635862,ransom,
4670997,30239,1042697,612959,64118843,ransom,
9676323,10829,741152,676084,238631959,ransom,
6000197,6548,623962,564793,152870557,ransom,
12893369,14581,1000216,927887,302075496,ransom,
7154519,28511,1158966,730182,147443632,ransom,
4777184,5407,386492,353048,117331621,ransom,
7386427,11470,602069,445590,173859401,ransom,
5647793,29896,1209859,564043,81801035,ransom,
12227271,20113,1220029,892923,279550089,ransom,
4126196,11412,373617,220249,73835198,ransom,
11814119,82554,942544,791299,243052813,ransom,
5083068,52493,823687,393900,88522414,ransom,
9387876,11096,886937,806976,231731062,ransom,
2258833,2577,219395,191060,57645461,ransom,
12175974,26454,1260454,953573,263068214,ransom,
6479500,16471,807064,559498,157572415,ransom,
5588705,6783,587829,541275,138438616,ransom,
11438752,12583,834746,763845,282612154,ransom,
10973506,33978,1553321,1056527,234336722,ransom,
9525422,10478,779341,710363,236985091,ransom,
10736474,11631,1168747,1053759,273366337,ransom,
19852904,31284,1677941,1480221,459923676,ransom,
11397595,31903,1522034,1094171,261674673,ransom,
16071166,79145,1326672,1166714,369654787,ransom,
13040209,44441,1282775,1166694,307043461,ransom,
6029209,29777,1021181,571823,92334053,ransom,
1303000,1762,522774,470710,38845233,ransom,
24187490,27229,1545125,1389793,594823934,ransom,
13520910,15632,1191625,1099865,330050484,ransom,
4011808,26838,933522,507941,53078911,ransom,
19158099,21365,1599506,1439346,480231038,ransom,
17801884,20044,1502454,1377844,437458797,ransom,
5737882,19480,800198,524712,96489270,ransom,
14518910,23022,1516530,1275934,362277472,ransom,
20604450,35202,1673128,1513060,502168748,ransom,
8133990,63202,681676,568902,166449489,ransom,
10284188,30780,1389459,935875,212433520,ransom,
17858602,20237,1531165,1405668,442733775,ransom,
9487424,10475,972911,898457,235190829,ransom,
9315280,24659,779244,656722,201625320,ransom,
17249581,37281,1865368,1387094,407703611,ransom,
14829387,16272,1244412,1131549,369397585,ransom,
9255067,10472,880076,799856,232323891,ransom,
12001212,31698,1401175,956877,252289117,ransom,
12635638,14188,1227544,1125227,313919201,ransom,
9835601,10661,926888,856775,244298816,ransom,
16296839,78027,1175993,1009995,347463981,ransom,
17431984,41283,2086238,1536303,394508893,ransom,
11895950,13253,1080174,995997,294399245,ransom,
11305932,12475,982256,895185,278746739,ransom,
17998632,42957,1821061,1405427,396835807,ransom,
14228460,20259,1496029,1269320,350415713,ransom,
10672375,11875,898702,812797,264004160,ransom,
11124126,11953,1060506,952937,279694403,ransom,
16261214,40654,1939457,1416858,347007227,ransom,
9263146,10754,1037612,948733,229698857,ransom,
11072029,12353,1101547,1009250,277368488,ransom,
17502696,111593,1373729,1115158,349359287,ransom,
11860686,30773,1358397,1011566,278700556,ransom,
11998862,13370,1018144,930144,297261296,ransom,
13327909,14090,1185204,1081113,332771610,ransom,
17572966,41978,2023608,1530340,382736107,ransom,
12124879,13278,1089059,992854,301107723,ransom,
11197519,11943,974190,892646,277953084,ransom,
16425567,17847,1311457,1180629,388876760,ransom,
15221748,39173,1831797,1349100,346132548,ransom,
9930595,11056,983952,902129,245938292,ransom,
13603622,14736,1142688,1038438,338098271,ransom,
17778347,111891,1328502,1136563,369325011,ransom,
11453383,33009,1663857,1224061,258710057,ransom,
14292822,15744,1275992,1170017,354189221,ransom,
14473987,15867,1343365,1234660,357907612,ransom,
15917224,36138,1665569,1202868,337601692,ransom,
14820406,16511,1351065,1250237,366507695,ransom,
12672268,13815,1169978,1062929,315139526,ransom,
12147251,13467,1104942,1008309,296451826,ransom,
14851110,41607,1754062,1279283,315355948,ransom,
12517309,13783,1220513,1121129,310755298,ransom,
13488486,15027,1212332,1110617,333374424,ransom,
16403974,87182,1234131,994287,335585929,ransom,
11367388,28381,1588007,1223346,268246671,ransom,
4728788,4802,848915,797978,123412722,ransom,
691885,952,83898,68644,18729221,ransom,
24932632,48889,1966303,1434100,561555754,ransom,
11505836,13248,1134604,1057323,282676745,ransom,
9444266,10195,752401,679880,236561489,ransom,
12059183,13286,1238802,1133020,302071088,ransom,
16764833,41072,1866975,1358341,362565745,ransom,
7602870,8721,818616,760123,188842863,ransom,
13416657,14797,1143384,1055169,331040296,ransom,
20205937,113826,1421953,1174633,418184958,ransom,
9808025,26267,1404405,1048242,225833922,ransom,
8161873,9605,778052,714877,201712287,ransom,
12468275,14223,1209050,1125685,305780628,ransom,
15795189,33721,1804288,1378261,341030845,ransom,
11791349,14024,1046524,960153,288109313,ransom,
13118833,14880,1153744,1060847,323585091,ransom,
14582918,16231,1300454,1200415,342281405,ransom,
16198803,32922,1615183,1197585,369234536,ransom,
8370943,10079,1029837,958328,205765819,ransom,
12173670,13633,1075694,980281,302488221,ransom,
17169102,71759,1340203,1117350,354197256,ransom,
13768207,31582,1608683,1235212,327502631,ransom,
10236258,11275,1039120,954236,256936439,ransom,
14697314,16782,1278290,1166541,364803739,ransom,
13420442,21342,1137131,1038214,318317282,ransom,
12707689,37472,1445758,1131565,272303582,ransom,
15707500,26250,1637946,1364560,382510132,ransom,
13008967,14832,1188518,1093244,320145000,ransom,
11100294,12469,1030685,945594,275996386,ransom,
16562785,36613,1898935,1434867,354474137,ransom,
15067518,24294,1141347,1029572,367438173,ransom,
13297528,69513,935619,789303,296221643,ransom,
11884333,16164,1093935,934803,264936175,ransom,
11520110,28155,1552287,1179116,274801259,ransom,
11564065,12741,960289,856794,290670968,ransom,
10041486,11252,838037,761650,247996117,ransom,
16109879,34658,1717610,1237040,364956970,ransom,
9336975,9981,1004999,918167,237028248,ransom,
11550979,12558,988461,904964,286755383,ransom,
13377279,13710,979060,872590,320930235,ransom,
14972475,34304,1705605,1261873,338396095,ransom,
11659156,12985,970289,882608,289297093,ransom,
14814139,91658,1328270,1160223,328889467,ransom,
14821241,34280,1690338,1272057,323646702,ransom,
10580512,12336,1067275,962071,263656676,ransom,
14216572,15405,1149388,1050538,353953824,ransom,
12932313,14085,1100005,1004864,321239208,ransom,
14440695,34286,1855011,1411303,308739026,ransom,
13839308,15319,1140896,1048075,341117553,ransom,
10032728,10828,1213810,1118155,254775322,ransom,
14777827,25846,1145472,961948,331070992,ransom,
17187831,34355,2080215,1703197,412187982,ransom,
10478010,11569,799700,724912,258698369,ransom,
15859471,80840,1319513,1154710,353566071,ransom,
17460004,38555,1904296,1441687,383093792,ransom,
12209170,13532,1066196,985577,301935363,ransom,
8461568,16791,663279,567954,211220606,ransom,
6460959,20269,560635,415700,163009386,ransom,
15492136,65767,2078530,1445823,342957109,ransom,
33331578,62343,2387337,2140877,811129987,ransom,
1814436,3147,288520,263712,44050219,ransom,
12774224,33538,1521495,1096953,265824360,ransom,
22113637,26632,1916353,1718197,547721611,ransom,
6880421,8501,705840,636643,170799935,ransom,
15223603,19890,1390362,1269388,378555436,ransom,
20035895,103741,1897273,1371866,408116109,ransom,
9214781,10600,874560,785243,231002713,ransom,
10730131,12146,1026427,935213,269242881,ransom,
16299063,18116,1462187,1347302,398451887,ransom,
13450870,43550,1596340,1165878,284913968,ransom,
6360679,7408,749024,692242,159024588,ransom,
16764281,18679,1413707,1287795,416842902,ransom,
17402390,34587,1887659,1511861,381522878,ransom,
2402754,7427,529051,411143,59404128,ransom,
1267760,1633,566881,514544,37706780,ransom,
24907563,27275,1573412,1448945,611172371,ransom,
12287907,91157,1237309,863679,220920526,ransom,
7564867,22689,910370,727050,179720821,ransom,
18210318,22816,1452033,1226919,444204105,ransom,
14453609,18048,1551103,1206759,341198562,ransom,
13988708,41675,1739569,1053552,274446503,ransom,
16128356,23497,1341289,1082817,377616260,ransom,
17621602,19271,1605917,1490580,434045584,ransom,
7747762,10773,645510,548580,167114131,ransom,
13212500,31847,1761455,1346384,310008794,ransom,
15202737,17060,1373755,1262584,376207462,ransom,
9595888,11416,1031375,935575,236683754,ransom,
17269904,119834,1755749,1195346,327010771,ransom,
15657643,17794,1478952,1345930,389205788,ransom,
8933713,10407,676112,617722,217165987,ransom,
13551222,15160,1414222,1288289,339624049,ransom,
19216942,42392,2048717,1530049,422221903,ransom,
10419757,11723,825978,759992,254310410,ransom,
11492348,12616,1096457,1002268,285349041,ransom,
18428376,30329,1822784,1511364,412046688,ransom,
13613595,25675,1457215,1180152,327918041,ransom,
10274366,11756,942914,862398,254237923,ransom,
17841531,44777,1535695,1396099,429053819,ransom,
16551638,95950,1858608,1327936,324539675,ransom,
8867922,10125,767193,694298,219324973,ransom,
19021078,20832,1531879,1396504,470242761,ransom,
13291947,23068,1343929,1209411,298211076,ransom,
10695908,29309,1397397,987215,242563579,ransom,
15459643,17338,1440107,1310931,382973142,ransom,
13003994,15408,1146186,1053295,319960987,ransom,
12851016,31120,1519981,1159022,275890688,ransom,
15942666,22165,1511477,1265522,395561716,ransom,
12657930,63001,1161246,1064454,312187290,ransom,
10934785,12091,1074142,967423,274380133,ransom,
20797648,93275,1662836,1330818,433297873,ransom,
11886886,25103,1495259,1208825,291092279,ransom,
11276440,12979,1051930,935771,283766581,ransom,
13773639,15729,1333947,1224353,339507124,ransom,
13603462,36202,1642550,1192870,285574500,ransom,
11139526,11942,913322,824481,280547875,ransom,
13601963,20589,1350879,1237760,336413437,ransom,
11998357,13167,1102235,998479,289132394,ransom,
15395041,35836,1854920,1404933,347995792,ransom,
13855254,15282,1297699,1174405,346421321,ransom,
14155188,15886,1098381,1004754,347853794,ransom,
14998922,30110,1717528,1332065,327538144,ransom,
14959932,67900,1334249,1106410,334238549,ransom,
16210781,18218,1297066,1184775,398030291,ransom,
10954283,12418,990701,911390,270187375,ransom,
14098202,32426,1626375,1209749,302821972,ransom,
13667864,15580,1243700,1142160,337553338,ransom,
11551121,13519,1053175,961965,286075094,ransom,
11686816,24735,1215588,993990,247660235,ransom,
13374490,25833,1741637,1401422,335106447,ransom,
14826670,15377,1232326,1108229,373931708,ransom,
10429593,11853,820403,740904,255882513,ransom,
14179928,35077,1809159,1323254,310971465,ransom,
22308399,86135,1686183,1479522,510910567,ransom,
9502594,10953,823033,759989,232847999,ransom,
9480790,10922,891872,806933,219744884,ransom,
20899926,43855,2387275,1860640,490804714,ransom,
13014331,14469,1026976,941592,321125923,ransom,
8332758,9452,769026,698837,208047574,ransom,
20372206,42880,2193821,1706056,454750518,ransom,
14023161,16622,1198372,1067879,345355383,ransom,
8915609,10233,806162,732552,221180730,ransom,
16213306,20732,1460197,1333446,397579025,ransom,
17666514,71363,1999409,1451571,374412201,ransom,
10878151,81336,919091,799742,234011726,ransom,
16415762,18694,1406384,1283818,407931921,ransom,
14782215,17332,1237933,1121865,339368160,ransom,
12334895,37607,1632497,1146528,277183401,ransom,
15714855,17193,1343218,1232126,388262493,ransom,
13256147,14660,1216930,1124829,327309963,ransom,
12396340,33590,1412719,1012020,256704584,ransom,
15428604,21911,1444761,1212908,380048187,ransom,
13207639,14620,1197854,1098840,327859362,ransom,
11929279,13247,1075153,987441,294782832,ransom,
19180625,49582,2030747,1478441,428127538,ransom,
15943688,345354,1365677,1201806,350123069,ransom,
10219859,99194,726936,645225,255939842,ransom,
16227315,20464,1458352,1264668,371874406,ransom,
14922909,36607,1734477,1277677,353792718,ransom,
11325340,12692,1039534,953348,279729057,ransom,
10837141,11544,1028287,934514,273699362,ransom,
11493253,34441,1514970,1046919,230754650,ransom,
13582081,14510,1087517,989511,338267703,ransom,
244027,635,149006,139947,5708888,ransom,
7684286,8449,661251,598459,183302880,ransom,
6832694,25619,1137284,707777,145334222,ransom,
10614165,13597,845016,789775,256951981,ransom,
8534978,65149,504099,393763,174953068,ransom,
4973569,24345,1092497,685562,84540451,ransom,
14517225,15419,1193964,1097894,361373564,ransom,
581710,490,106781,91421,18082789,ransom,
12969825,14227,1067066,975745,314691828,ransom,
7092710,26153,1078054,648276,148574869,ransom,
7465702,8564,647891,605989,181424447,ransom,
4105931,4475,315751,270340,105027760,ransom,
4775929,22099,868843,486201,80510768,ransom,
17497772,18997,1406108,1278639,436199607,ransom,
1728000,2398,381831,358412,43876686,ransom,
12279845,73450,898802,762450,263626597,ransom,
5031435,28098,1028194,564615,87504063,ransom,
7902200,8942,545253,511292,190912664,ransom,
5995517,6568,465922,405230,152286153,ransom,
7725403,21896,979456,691170,155842817,ransom,
4647823,10287,524675,332374,120649699,ransom,
5452789,6489,506888,469320,133557756,ransom,
2091746,2132,191143,167148,53926592,ransom,
3375198,24285,777628,391283,50174821,ransom,
1528352,1737,167713,129119,41288598,ransom,
3189222,3822,246268,224537,77855350,ransom,
8822999,86917,869316,523447,157863517,ransom,
3854094,11021,557358,381815,94382783,ransom,
5189359,5285,451144,395262,134377428,ransom,
1297440,1516,85811,74502,32496553,ransom,
6335663,28358,1031682,609517,127316129,ransom,
1392095,1452,116350,100603,36165264,ransom,
4531158,4679,314216,267878,116839590,ransom,
1830129,9859,345583,191018,19891413,ransom,
6710162,19355,828263,544266,166928280,ransom,
273016,466,115332,104394,7617591,ransom,
5402364,16045,350075,281225,134526422,ransom,
7375356,83280,1056030,564991,117482200,ransom,
3534147,3618,305891,266893,91406415,ransom,
3233925,2955,242998,204606,86327616,ransom,
5203013,8975,408819,340224,118926049,ransom,
4757821,24684,901196,515679,101331281,ransom,
3864636,4715,318464,290033,94963045,ransom,
2376504,1872,180357,145196,65551502,ransom,
5473485,27814,984640,588430,101092667,ransom,
1889424,2592,162176,137594,49586379,ransom,
1631244,1964,107159,98632,39346369,ransom,
1165359,430,103280,74062,36434081,ransom,
6373167,98110,849806,396141,81028048,ransom,
2006072,1419,182728,139739,59560983,ransom,
6561140,7761,480244,431539,162632411,ransom,
9561630,126297,679925,581492,250429880,ransom,
3254607,23314,889311,531212,44656627,ransom,
2586180,2810,195551,166748,67174325,ransom,
250776,356,34412,32827,6083872,ransom,
3069308,21582,705085,343580,51870538,ransom,
1038150,1538,83818,68692,27067312,ransom,
3721684,3992,247844,205424,97263013,ransom,
962714,1436,140960,131477,23330361,ransom,
7825921,89108,1019197,554236,127657528,ransom,
104494,707,9560,1087,2597918,ransom,
4423301,4971,373314,335761,112480000,ransom,
3557527,4112,307658,269328,92717709,ransom,
5616742,25978,949889,573724,107023576,ransom,
2364791,2627,237074,197788,63530749,ransom,
3879277,4584,266695,237104,96712666,ransom,
3874563,23023,868144,488767,68144716,ransom,
6952431,8002,525733,465310,175315247,ransom,
852150,1375,142074,132126,21008843,ransom,
4112243,13415,367625,184295,78551184,ransom,
5402358,85630,1037669,383778,61281738,ransom,
7474600,15810,723188,453067,156729747,ransom,
3231293,12696,459512,254587,49043203,ransom,
7149918,8698,507187,464897,175186386,ransom,
4252016,23556,890956,478351,72522024,ransom,
1141527,1651,81367,67284,28397915,ransom,
7288979,8878,670360,597352,183929915,ransom,
4354202,14408,544571,347798,81398806,ransom,
3945966,14794,561567,346227,91289158,ransom,
4096702,4877,360736,331043,100648391,ransom,
7831921,9176,819774,760743,193547383,ransom,
4597105,22887,918337,544967,83976612,ransom,
8623296,69347,592790,457465,176486740,ransom,
4467365,5757,405587,365204,110863597,ransom,
2761720,6879,292731,204828,48288681,ransom,
6983374,24087,1021131,685942,161314933,ransom,
3845554,4587,503422,457093,98580318,ransom,
6673808,7613,411890,371452,163520497,ransom,
4058481,23835,868671,508950,69585558,ransom,
10213794,12527,978926,896281,250846445,ransom,
5543262,6543,625323,557303,141403412,ransom,
9832109,11665,858570,801634,238918786,ransom,
12870673,34863,1485809,1033986,277013509,ransom,
2522298,67425,192928,121910,20535506,ransom,
9492365,70083,869058,796067,234026712,ransom,
9495757,25162,1177796,877805,204191276,ransom,
10048057,17482,1107476,929786,241971536,ransom,
7741199,9183,604556,547017,190467185,ransom,
2303751,2967,279434,250034,58251579,ransom,
10000630,29860,1455742,1056061,207862292,ransom,
12093267,14597,964916,866157,299663751,ransom,
7496326,9499,814319,757937,183230224,ransom,
8652690,13332,724296,625074,190351823,ransom,
4570484,30544,937702,600592,88196447,ransom,
7978514,55086,603636,499624,161170630,ransom,
11584959,13171,938142,858839,287456166,ransom,
3485249,26132,872304,481819,46824119,ransom,
8718558,10825,801007,709065,216877415,ransom,
6708,203,3584,152,44309,ransom,
9031480,12153,769431,677824,211279157,ransom,
2079611,24391,795763,391594,28285039,ransom,
5102528,5930,370667,342107,123877989,ransom,
9517394,11410,830366,739365,239326118,ransom,
7732194,13632,748563,616701,164805051,ransom,
6820031,62038,953740,554873,136879720,ransom,
4337064,54637,329654,268164,76715930,ransom,
8094530,9165,510192,455862,201807229,ransom,
3812332,28646,1049946,633716,54345765,ransom,
7536700,8353,644989,590729,188576679,ransom,
3148904,5289,417801,362678,80596386,ransom,
13211987,22197,1074064,932561,304490333,ransom,
2148227,19839,638538,286237,32404982,ransom,
7195419,9006,674341,617747,177924402,ransom,
2691991,6641,300955,262440,57589329,ransom,
7571725,37960,962678,588786,141635708,ransom,
8579325,15313,662460,526689,212901968,ransom,
6515172,85577,663829,562273,120165713,ransom,
10944705,12262,939070,872283,269459399,ransom,
7575624,47304,1112043,618640,137395131,ransom,
10569100,12023,1012785,932807,262645562,ransom,
1830339,2307,154933,135158,46313878,ransom,
6828158,8194,587486,533057,158999047,ransom,
2377051,27286,809525,397540,29219836,ransom,
3609527,4541,222486,199220,86951750,ransom,
14484990,16834,1182040,1071143,359780639,ransom,
12238001,35872,1609633,1132663,264488238,ransom,
10386679,13024,1028260,950263,253970437,ransom,
4788416,61761,278848,208115,93404061,ransom,
3109914,37671,313920,262668,57296671,ransom,
13184808,36451,1565784,1112674,282591610,ransom,
8587634,9402,587062,518414,216602023,ransom,
7158974,9162,910437,830290,180346044,ransom,
11966707,23687,1149059,902891,256154531,ransom,
9429690,23282,890603,610567,224118690,ransom,
3132727,4064,562236,524502,79841643,ransom,
11262149,12583,940534,867024,277339652,ransom,
5608691,29965,928764,480775,96132293,ransom,
13035899,14926,1221881,1100523,328602732,ransom,
11733851,13022,974401,904254,288978089,ransom,
10719406,102728,862879,722872,203562953,ransom,
9718411,35157,1270975,826287,207866197,ransom,
3266251,3754,320007,281635,84057404,ransom,
8687198,9379,756903,698776,217024662,ransom,
9186015,33690,1333482,874823,183803048,ransom,
13994544,16504,1158336,1059869,344487484,ransom,
2092072,2303,352080,319068,57727309,ransom,
8481966,10339,710904,644674,208837480,ransom,
17981306,41654,1964778,1462718,401484239,ransom,
3305597,3683,234767,202802,83682463,ransom,
7620204,8406,738488,660292,195316747,ransom,
14250176,85929,1146050,986189,297008311,ransom,
10264545,51929,1277168,825218,216896142,ransom,
6577328,7259,612181,551223,165859569,ransom,
3481445,3832,269000,247845,87055955,ransom,
14487168,35353,1638510,1212292,312004894,ransom,
8899650,11786,885358,759578,219622727,ransom,
8963550,10320,738847,667438,223735714,ransom,
4997017,21997,518812,402388,91766440,ransom,
10916312,35293,1321579,856930,210241118,ransom,
13141402,15021,1074831,959534,331945660,ransom,
5115408,5968,556424,505520,130007918,ransom,
11710532,101023,970456,788604,227256751,ransom,
14515977,46464,1454076,1015814,329586331,ransom,
853986,1284,309745,287001,23723183,ransom,
7820683,9672,705214,632774,193281407,ransom,
14430843,37058,1433093,1009990,317542162,ransom,
8894426,9862,844205,774897,221247168,ransom,
6731244,8134,727002,681151,164639755,ransom,
5588900,6112,385236,337460,140755005,ransom,
6510650,25480,1103145,725249,119162079,ransom,
10985914,12353,1016213,937760,272221795,ransom,
8543507,9394,668558,594457,215647628,ransom,
10648579,53799,891867,735199,225241754,ransom,
12008296,43138,1503519,1112243,262985293,ransom,
5238425,6047,564416,499932,132820278,ransom,
7943837,8984,669845,621285,193287531,ransom,
8552043,25403,1139501,763769,172831877,ransom,
277289,668,218114,199052,7981824,ransom,
829692,915,333802,302105,25148224,ransom,
1343015,3998,331894,276218,26433917,ransom,
20941684,36135,1485526,1099862,492628052,ransom,
13633621,15631,1280428,1187097,336126782,ransom,
1064851,1787,264144,249531,25706070,ransom,
7662737,77001,1011640,574226,112376093,ransom,
7102498,7692,620365,545695,182432224,ransom,
9278414,11066,838294,782597,225913517,ransom,
6731840,7533,619536,565042,167526723,ransom,
10126946,28843,1484658,1081344,219275539,ransom,
9003780,10312,598130,552341,219594497,ransom,
13030024,14603,1017853,923038,323974584,ransom,
6107547,22854,1066908,774005,113498984,ransom,
5099176,8249,505387,398633,124162683,ransom,
6564720,7639,587437,532234,163588183,ransom,
5932017,6786,666589,600399,150442036,ransom,
19464493,90022,1793569,1302896,405844687,ransom,
10059734,11442,895189,825602,249184096,ransom,
943176,1333,270489,247781,25970473,ransom,
4232361,5198,314975,287157,101827978,ransom,
15374802,38913,1742135,1294805,342777046,ransom,
12646718,14353,1135374,1031945,315492890,ransom,
5563418,6519,508846,464506,137485567,ransom,
9101147,31348,1105211,809097,177711131,ransom,
8830852,17863,873703,665833,215474249,ransom,
2829529,3125,466173,434246,73541624,ransom,
8691341,10253,725765,659917,212804813,ransom,
19968991,117470,1823088,1401617,409301869,ransom,
7037199,17952,749717,528132,168775315,ransom,
6058658,7309,763790,693832,153866813,ransom,
6638086,7758,564871,531497,160940807,ransom,
9174070,33052,1320285,855224,181062741,ransom,
12803361,14550,1017670,931412,315506084,ransom,
7691992,8587,759428,681992,192371707,ransom,
7054857,11739,688314,575535,146112489,ransom,
10192943,34606,1482102,803751,202404305,ransom,
12847089,22218,1354025,997835,286701473,ransom,
5168808,11765,541548,385117,101930630,ransom,
12426247,59800,1126073,944405,260852433,ransom,
14392046,84237,1510222,1046417,307974249,ransom,
5992467,7106,546321,495484,148923728,ransom,
9883310,11065,658232,588425,245454854,ransom,
6803979,21991,1114630,805620,121721300,ransom,
7328827,14178,1003505,800762,180792415,ransom,
12996581,14938,986125,911561,318437115,ransom,
9272505,10643,728530,664438,229653419,ransom,
6675254,28944,1308787,862252,120223593,ransom,
5493934,6385,414973,379936,135246259,ransom,
10842187,12712,897193,822052,266191679,ransom,
7143952,32350,605672,507833,143829919,ransom,
19356714,119085,1877914,1327328,413066379,ransom,
5981403,6913,596136,550364,148128441,ransom,
11163593,12360,982849,895934,277076030,ransom,
5808518,6876,683369,629662,144498276,ransom,
8471493,32159,1173225,723771,158953175,ransom,
6666051,8166,775206,706039,165127345,ransom,
11297913,12397,1010483,927685,279916236,ransom,
15327680,36178,1596639,1176140,328028654,ransom,
9139151,10595,832724,723758,227468556,ransom,
1903491,2251,221002,199633,47738653,ransom,
12191985,13259,939990,834761,305885677,ransom,
14459897,115148,1482040,1178057,276890771,ransom,
7689790,23514,1047393,722444,181906688,ransom,
8441679,9892,669335,621251,205722959,ransom,
10019509,10979,823064,752827,249009861,ransom,
7189325,36348,1095788,649479,131138511,ransom,
7059673,7508,634303,565304,178956614,ransom,
10695253,11638,880616,815425,264047425,ransom,
10604988,15996,1059147,926393,242337953,ransom,
11206709,31769,1436021,1026878,251872245,ransom,
3446456,4042,346838,302169,88448968,ransom,
6530016,7376,554112,507771,162838454,ransom,
13478238,87667,1118611,946605,282679197,ransom,
17099884,59447,1763817,1288040,386892160,ransom,
2382220,3022,348872,317573,61297318,ransom,
5276827,6170,440169,397466,130188166,ransom,
12711838,48897,1604683,1114551,268098434,ransom,
11050066,13132,866601,766744,273091564,ransom,
7968459,8681,981360,896702,201126497,ransom,
6740467,7537,530803,489574,165880370,ransom,
11948894,35130,1411084,941377,251818333,ransom,
6831946,7725,763396,690692,171864723,ransom,
5920852,6814,530280,477914,146525215,ransom,
13527511,35598,1079222,951728,304070633,ransom,
13062460,101323,1404168,890864,262782830,ransom,
5292594,5872,617610,555737,136280114,ransom,
12677227,14822,1179336,1077496,312579001,ransom,
15386126,17166,1327824,1215528,373259271,ransom,
12913033,44984,1644402,1182807,277664531,ransom,
13684564,15179,1192403,1096207,337979895,ransom,
14742453,15850,1238681,1126854,366528916,ransom,
12169662,26459,1310509,1004611,253634352,ransom,
11406396,33343,1362096,1025109,271246243,ransom,
12880759,28703,1294888,1080061,311485582,ransom,
11264700,23844,1301739,1062288,262466413,ransom,
15938723,77590,1483070,1050536,309098738,ransom,
13633048,47513,1460356,1012330,294206237,ransom,
13587186,16391,1169733,1039624,333299374,ransom,
14515494,15826,1347298,1238982,360166594,ransom,
14683378,45225,1693538,1238658,311727024,ransom,
12840726,14450,1059351,964231,318167533,ransom,
12290753,13486,1169212,1070594,307581993,ransom,
14769496,17279,1255268,1135170,340292192,ransom,
14878596,37960,1922872,1430965,342175308,ransom,
10163712,11915,850397,769376,253100933,ransom,
13267427,15629,1188044,1074676,330557909,ransom,
15378059,84764,1513751,1207180,310404330,ransom,
12869584,59086,1524675,1134459,296476816,ransom,
14368974,16233,1265570,1149597,358222887,ransom,
11136990,12695,1093462,1006617,275846382,ransom,
13612709,34306,1417290,985905,283829191,ransom,
14895209,159051,1502232,1315706,367388867,ransom,
12321080,13219,927003,848869,304937910,ransom,
13094731,15297,1227309,1118200,325463526,ransom,
16970429,157343,1975341,1457216,366475592,ransom,
13027588,15888,1122726,1016767,323840519,ransom,
11513304,12522,1071273,980256,286926164,ransom,
18061097,23511,1541269,1325706,408251954,ransom,
15940162,126645,1759785,1282491,334898744,ransom,
10910022,12400,917000,832227,269987713,ransom,
16555120,19007,1381895,1252266,409976165,ransom,
13408589,14781,1369951,1265927,323103583,ransom,
13416500,37670,1531553,1066058,287474508,ransom,
13802738,16715,1135514,1022288,340543304,ransom,
14723872,16259,1424129,1300346,366275659,ransom,
14605617,36155,1428689,1118795,311336866,ransom,
12578231,27494,1574317,1269791,308275992,ransom,
14239709,15783,1233344,1127039,353019979,ransom,
11882406,18240,1117601,962173,293484009,ransom,
19679749,101479,1760905,1324259,399940804,ransom,
13768145,23966,1531499,1258104,339539403,ransom,
12897128,17283,1145540,994112,317223223,ransom,
11774680,13100,1214597,1111472,292686748,ransom,
15561324,44509,1636578,1220185,325729116,ransom,
12418032,26402,1421143,1102429,296148248,ransom,
11549553,12755,1212267,1098440,289939608,ransom,
11780685,14827,1118563,983972,287619905,ransom,
12750585,36372,1533800,1009089,262313712,ransom,
17994664,25469,1459854,1229362,449676394,ransom,
13065958,42661,1394872,1218962,313168654,ransom,
17145623,103277,1545829,1102073,348073873,ransom,
13135875,23847,1390488,1127737,319076678,ransom,
12528110,14509,1095329,998225,309762727,ransom,
13710605,18247,1219299,1068396,335615382,ransom,
14871544,35456,1839227,1362562,318258907,ransom,
14702009,16392,1316074,1196965,365566481,ransom,
13107182,17288,1225400,1069163,321516753,ransom,
14845353,19930,1377233,1208968,342510616,ransom,
16244855,39535,2045419,1529861,380587909,ransom,
11945324,13795,1052020,956103,293449447,ransom,
12400147,18544,1187243,1034178,306423773,ransom,
18129969,69185,1331595,1105536,377440475,ransom,
11415060,37388,1550360,1133325,254018829,ransom,
15541691,18635,1398692,1196981,391953480,ransom,
16539606,18171,1411277,1288524,409303141,ransom,
9482727,12388,895288,772098,223125845,ransom,
18041380,42440,2036406,1494302,400865216,ransom,
16328908,19148,1493922,1344769,405272513,ransom,
9131188,12820,895399,769642,222322648,ransom,
17114628,31982,1680169,1304154,374621169,ransom,
15476257,24077,1493409,1145794,385394008,ransom,
11081548,14539,991111,854322,270614424,ransom,
14995985,81494,1309592,1136277,329960244,ransom,
18138900,46135,2028864,1453576,399728590,ransom,
11896284,13459,1115108,1022800,294643618,ransom,
10814485,15423,1021655,879709,265666366,ransom,
17192827,20823,1407946,1238772,399175493,ransom,
15916711,37117,1918929,1460516,366056152,ransom,
9547205,12885,887558,761168,234879358,ransom,
11623297,12997,1153425,1049882,291411662,ransom,
18224194,40352,1984492,1472691,398643242,ransom,
12779985,15746,1264992,1099287,316313363,ransom,
12918764,14538,1156492,1047626,322205898,ransom,
18942514,85573,1467131,1230107,419466621,ransom,
15723009,36325,1801931,1359975,343476229,ransom,
9752713,12878,1151896,1004694,240687643,ransom,
16266702,19825,1496060,1332707,397617334,ransom,
14608830,37962,1559304,1194628,312866536,ransom,
14078023,22133,1388713,1151542,341339209,ransom,
12103086,13839,1204673,1113953,298468521,ransom,
14112727,17156,1259902,1121883,342474670,ransom,
14473907,36513,1688611,1208346,300361668,ransom,
14249084,16185,1238756,1140768,348062897,ransom,
11292761,13889,1041415,903720,276502014,ransom,
13064406,26136,1356563,1060555,279051930,ransom,
13572934,84500,1417013,1077742,287663045,ransom,
12859304,16799,1339857,1194418,310889624,ransom,
10588828,22550,1142867,960599,248943614,ransom,
15955239,44985,1807008,1040298,315010885,ransom,
15910320,28173,1497438,1090630,344576743,ransom,
12838741,15830,1154535,1008546,312027838,ransom,
14486787,30446,1276107,1057066,319728138,ransom,
13208091,33482,1541031,1085094,306710606,ransom,
14623413,17032,1430029,1279454,358963680,ransom,
11579054,12981,948481,855746,287740320,ransom,
17021542,42540,2053189,1481252,370977293,ransom,
13103147,74623,1273217,1105988,293712764,ransom,
11619029,43706,915712,784747,270359912,ransom,
14065855,17666,1299486,1143447,317348524,ransom,
16638200,42086,1984590,1471056,383029161,ransom,
12092054,14878,1096855,960738,296320298,ransom,
7659894,10031,766789,671646,184010323,ransom,
13153779,27848,1355137,1022668,276728968,ransom,
11408019,23380,1402694,1078370,274303650,ransom,
8808335,9987,603170,550702,217586735,ransom,
10278256,12364,1090942,945300,254206382,ransom,
13839081,45099,1701564,1146007,285237847,ransom,
11952549,18871,1039270,949863,292083087,ransom,
13625050,104408,942139,750915,290803287,ransom,
7426556,9490,832130,767538,160365462,ransom,
12506293,36094,1652266,1158109,279110418,ransom,
11078459,13109,985876,867468,269939522,ransom,
12198837,12859,1059314,951227,307024126,ransom,
13191741,37787,1677578,1190444,274089190,ransom,
12153956,13934,997511,888223,302192359,ransom,
13461226,16194,1565070,1399953,332582923,ransom,
11002202,13695,1038072,910183,266096025,ransom,
16367608,39706,1704843,1207006,350841763,ransom,
13794207,16306,1398122,1257085,337337948,ransom,
12850696,81330,999708,847917,277942776,ransom,
14281938,48208,1397072,1101827,295205166,ransom,
16059597,30291,1707467,1368823,385546733,ransom,
12141462,13379,1099181,1004964,300632769,ransom,
8986095,11101,840550,722670,221277368,ransom,
14982120,33615,1741013,1262347,326161106,ransom,
10720200,11767,917686,845580,265163936,ransom,
8958419,11078,994454,877168,219829184,ransom,
14597649,21450,1222048,1004399,319284105,ransom,
15985342,30624,1842953,1488085,387147455,ransom,
13068633,14166,1124142,1029059,323611058,ransom,
14144805,48481,1233681,1098876,327652498,ransom,
16403691,56151,1680636,1201918,339915319,ransom,
12238618,13082,994340,894010,306642426,ransom,
11226825,12047,1027551,931827,281363653,ransom,
12306841,19536,1144214,1048959,294330195,ransom,
16103614,37270,1874615,1413974,357936004,ransom,
9906950,11685,1038353,963850,244185248,ransom,
10944409,11459,1027373,915384,277308782,ransom,
16554422,34643,1850668,1457495,358999931,ransom,
12748477,16376,1190931,1029368,316137616,ransom,
12217312,12944,936556,822960,308253070,ransom,
16863967,81891,1349433,1167823,378273087,ransom,
16690792,35069,1783944,1319179,369331215,ransom,
11563340,12348,984477,899690,288238720,ransom,
14259736,14976,1181596,1065930,357477037,ransom,
14669721,29841,1512612,1174907,320188356,ransom,
13195014,20712,1341766,1100565,331558723,ransom,
12726781,13530,1309349,1189157,322125423,ransom,
12183082,12663,973421,875028,306631551,ransom,
15108832,38896,1693932,1202854,326754562,ransom,
10439070,11395,963756,876730,260707142,ransom,
11289650,11798,1152793,1025971,290214766,ransom,
20153354,109211,1614553,1369329,429784402,ransom,
11271277,32397,1399326,988608,254665655,ransom,
11800508,13082,940256,868408,290204608,ransom,
7209625,7506,602801,523974,184491029,ransom,
9578382,30500,1411634,970081,191784751,ransom,
11506929,13535,992050,918640,281207993,ransom,
11225200,11960,907982,830660,278775228,ransom,
5131240,5879,579671,520126,116085000,ransom,
7953224,37850,1117466,689626,159879228,ransom,
11088051,12304,983536,896898,276113931,ransom,
9723238,11270,855819,763444,241890651,ransom,
7569625,85518,635562,486480,126090700,ransom,
11661847,41763,1424166,997746,259470469,ransom,
10366623,11422,800713,730189,256845719,ransom,
4957596,5684,559334,501154,124912761,ransom,
10720775,31862,1345327,935302,217891589,ransom,
11274824,12510,978202,894655,278904564,ransom,
6750054,7702,628753,567419,168597296,ransom,
9050171,10578,811077,738428,207467896,ransom,
11561844,30688,1513306,1111060,258595780,ransom,
13084262,14038,1166075,1063126,326098059,ransom,
13120189,13867,1162741,1063984,326483246,ransom,
18177013,83725,1815943,1375278,365600258,ransom,
13727634,18075,1377517,1188969,339149453,ransom,
12154032,14547,1041306,930743,298922225,ransom,
13246486,15620,1177904,1073555,327210053,ransom,
17573617,38182,1990624,1502999,383776118,ransom,
12386903,13532,1056175,960430,309012419,ransom,
10902737,12291,1007732,922039,270084407,ransom,
17965884,20671,1404847,1263827,414948035,ransom,
12863659,33694,1739681,1264172,292320519,ransom,
4533842,5708,540276,496728,112204839,ransom,
7926591,38547,673216,597860,178006141,ransom,
15963316,74667,1805519,1337313,332876195,ransom,
6441615,8129,628678,546949,156610956,ransom,
11118650,12164,1008716,928246,274639483,ransom,
10966676,12276,1040518,951373,273023951,ransom,
11094218,34125,1413248,960162,229329525,ransom,
10089317,11426,952284,881219,247247781,ransom,
11886848,12887,918106,835782,294081032,ransom,
9546288,28656,1112368,844851,200796065,ransom,
7625857,19043,1067581,832434,183365085,ransom,
11551944,13510,955512,866599,283450601,ransom,
11836898,68732,982461,836589,259567457,ransom,
8749929,39728,1347694,915364,166590422,ransom,
11543762,13232,866904,790199,283194916,ransom,
14274767,16624,1275915,1152153,354671494,ransom,
10533806,11300,922195,830447,245248317,ransom,
13694337,33607,1620287,1178582,318264715,ransom,
14445910,15629,1343676,1206926,364377386,ransom,
9450387,10926,1005374,928134,233855797,ransom,
11831383,29906,1324046,971435,250403796,ransom,
16587050,18817,1642282,1440678,413323533,ransom,
10256879,11666,762797,697304,250353880,ransom,
12961327,267181,1072355,960743,323653718,ransom,
17785741,71152,1955355,1472398,374101726,ransom,
8821725,42010,624072,505915,205103783,ransom,
9375594,9673,929476,825969,240301529,ransom,
13865636,26950,1366884,1106376,299294275,ransom,
12087471,19303,1303677,1052884,300137161,ransom,
5692888,6171,531929,468714,145513497,ransom,
8492216,9548,905833,837851,210636321,ransom,
14014217,33224,1598949,1184304,305041468,ransom,
9760770,10229,773595,694158,244085858,ransom,
10343909,11014,966224,878253,259264496,ransom,
15251652,26308,1406362,1157975,336791899,ransom,
7152771,59577,1176544,883421,146569289,ransom,
10342201,267185,859334,764527,242964595,ransom,
12943635,100489,1068928,978703,320939599,ransom,
17205088,43845,1958078,1473668,375030269,ransom,
15070202,16724,1284116,1165304,373193276,ransom,
11705591,12998,1143619,1044753,290539855,ransom,
13180049,18650,1022570,912844,302985786,ransom,
19735274,39694,2194930,1712379,466506860,ransom,
11605084,12839,1164250,1064152,288622332,ransom,
10381907,11995,870080,781398,256872477,ransom,
21424999,49997,2096524,1659464,477202916,ransom,
14062529,78351,1388519,1156966,306917716,ransom,
9657799,10656,783015,707708,239595022,ransom,
17588414,18856,1500836,1364112,438805853,ransom,
13873070,34900,1724039,1227756,289174499,ransom,
8922192,10461,868762,783717,222318735,ransom,
14639942,16057,1361566,1251512,364574532,ransom,
15019690,25541,1473170,1234649,330343408,ransom,
10887905,24750,1493062,1123357,260062812,ransom,
12571866,14746,1211611,1101612,313354297,ransom,
14292823,15672,1231989,1132713,353529626,ransom,
13626210,36849,1452824,961094,277984419,ransom,
12262853,17222,1232392,999727,292751050,ransom,
18116112,110813,1555808,1153941,385624540,ransom,
15620373,34334,1387950,997834,351121127,ransom,
14667670,38596,1877391,1341974,304174817,ransom,
14784731,16691,1273645,1164500,364641502,ransom,
12864735,14045,1114003,1027127,317642588,ransom,
11274768,27610,1098388,814895,229850020,ransom,
13582390,22924,1345083,1064854,332667262,ransom,
16350892,18695,1558616,1439331,403584673,ransom,
10360236,11611,917336,840947,255487882,ransom,
15797250,37409,1788509,1312548,344879405,ransom,
14213459,15779,1271448,1151432,354772066,ransom,
13115219,42898,1165648,1040657,310252984,ransom,
15193064,64001,1311228,981001,307938248,ransom,
16092348,29794,1749476,1441312,391481556,ransom,
12064510,13487,1044560,948184,299967164,ransom,
14107226,16418,1324831,1225328,347880368,ransom,
14287704,38600,1747894,1240507,301919822,ransom,
11989400,13629,1199698,1099120,297723113,ransom,
15231722,16766,1246206,1143774,375679927,ransom,
11249877,12718,1042783,957580,276949886,ransom,
11341419,34800,1702084,1192133,228556787,ransom,
14840338,16521,1159912,1069587,364971384,ransom,
12853922,79143,1269681,1119171,287148930,ransom,
14199369,56962,1317047,984538,293700591,ransom,
16054924,26051,1617213,1315405,392648622,ransom,
12519752,13022,1139425,1041973,314479336,ransom,
9890357,10059,803418,704253,253066758,ransom,
18840227,104515,2080638,1541262,428485186,ransom,
15540280,86338,1247637,1140542,384886913,ransom,
10298076,11521,978760,891779,256462627,ransom,
15486485,19871,1144442,991057,352642929,ransom,
17378324,34517,2017226,1555773,411264669,ransom,
11367077,12535,1057953,964575,283520685,ransom,
12299386,42624,1048392,926706,293207415,ransom,
21983147,114527,2329019,1737308,457998021,ransom,
10824139,12142,884158,806924,267505183,ransom,
10169976,11940,1068423,964598,253931041,ransom,
16762285,18246,1436150,1328201,395542502,ransom,
12491057,32742,1642952,1198299,274690084,ransom,
9414050,10380,903771,830584,235127577,ransom,
14515210,16564,1368710,1266802,357535429,ransom,
14038392,33590,1415806,1063523,294203240,ransom,
11442113,13080,1115405,950859,285177613,ransom,
16042323,17834,1448570,1343774,393638469,ransom,
12088067,13600,1118327,1027075,297764493,ransom,
13630954,94091,1176542,804699,251008554,ransom,
13818044,19227,1424950,1198756,340943147,ransom,
12814188,13506,1198880,1091643,322158573,ransom,
7588374,8957,868990,809016,187306105,ransom,
10861512,34888,1258016,806522,210705682,ransom,
17628783,19076,1571561,1449220,438478296,ransom,
14557986,14791,1286124,1146435,371687635,ransom,
10109180,14660,778693,657082,217348272,ransom,
7761831,26848,1424098,1014277,179903959,ransom,
16996079,18498,1396715,1289076,418576075,ransom,
11810660,13350,917400,829633,289950218,ransom,
11553255,39854,1405660,932288,235198175,ransom,
15802779,113450,1261274,1049953,349185414,ransom,
12402463,15200,1254983,1132920,309532568,ransom,
10306714,12288,980279,900002,254240254,ransom,
14277550,45297,1861502,1347386,302851207,ransom,
20066213,22824,1513784,1368308,498039521,ransom,
9122146,8809,886145,787865,235570383,ransom,
15967354,34530,1376576,1061948,343235860,ransom,
15471317,40983,1904399,1443757,371961827,ransom,
11667987,14717,1008479,909808,282546131,ransom,
9875763,13568,1014376,896379,239536963,ransom,
18328250,40716,1971687,1497636,399407231,ransom,
14264562,51769,1177700,911457,329077455,ransom,
13023949,56589,1087517,938059,300008544,ransom,
18593700,35364,1786004,1527652,446136258,ransom,
14007200,285692,1723812,1275626,301344542,ransom,
12305479,97166,920057,830333,306332544,ransom,
16625963,18346,1570998,1453754,411010762,ransom,
13608627,21062,1266582,1076320,299154146,ransom,
13749251,28545,1590804,1224544,330011937,ransom,
14585889,15786,1264315,1160892,362671742,ransom,
12222262,13517,1085469,994330,304388179,ransom,
7022677,28311,1186526,791976,131125227,ransom,
8342104,9654,792487,679374,205679859,ransom,
14123911,90652,1038511,882617,304708098,ransom,
7338236,8036,838062,757690,174716101,ransom,
8584812,33337,1115155,673049,173000116,ransom,
11618432,12949,969885,880024,288953707,ransom,
4391566,4728,531133,479735,111910492,ransom,
14466957,31246,1344824,1065279,312538635,ransom,
8544245,17577,1031801,764730,206761635,ransom,
2694678,3473,418494,383342,67555648,ransom,
11613603,12927,988928,909197,286622616,ransom,
16802920,39946,1734382,1255080,372816428,ransom,
2964486,3548,568719,519634,76597136,ransom,
12730349,101677,870145,750516,267495197,ransom,
12029302,25189,1085521,926311,268398654,ransom,
18464025,306513,2120145,1653731,435342315,ransom,
12780625,139195,1152999,1057920,314624644,ransom,
9611922,10925,904163,829783,237848943,ransom,
19169440,42299,2091102,1622663,421546153,ransom,
14077451,16608,1337845,1179754,348186621,ransom,
8744531,10318,797972,730595,215819909,ransom,
17387467,20523,1402773,1269684,409270937,ransom,
16715491,39058,2083237,1583784,385219567,ransom,
8017625,9388,735132,665695,198212244,ransom,
14391358,24100,1153078,1038748,350452353,ransom,
23417658,121910,2363132,1813719,484924922,ransom,
5742634,8273,679391,591973,141649568,ransom,
14376033,16158,1258735,1138928,358871846,ransom,
18459777,20893,1709451,1576998,454088092,ransom,
10282042,31645,1296203,862013,209678731,ransom,
14249141,15433,1152129,1043953,353435721,ransom,
19909190,21609,1875108,1737092,491568722,ransom,
8552975,16603,978569,738999,167661641,ransom,
12456878,26282,1236877,970344,303522685,ransom,
9607458,11865,1194174,1098960,239043530,ransom,
11213495,12577,856631,795621,273648437,ransom,
11659738,76788,1283114,880703,211966776,ransom,
2273255,5691,382132,259584,55552044,ransom,
4476957,5439,346697,322176,108908697,ransom,
5591177,6513,525728,466463,133953371,ransom,
8231581,27648,1210942,817166,171201999,ransom,
5168777,5660,483341,434613,130594447,ransom,
6040477,6801,500433,462578,148303457,ransom,
6361097,18415,856597,595725,129862219,ransom,
4272499,11231,619868,441815,102359046,ransom,
6765583,7853,562765,500337,169465960,ransom,
7391299,59762,637917,531849,143665507,ransom,
8782365,35088,1127526,720132,180562023,ransom,
597522,994,159535,148801,15033319,ransom,
8348284,9177,762223,693521,208167331,ransom,
4177786,9403,447862,298086,75747563,ransom,
5552568,18174,821867,567399,131658669,ransom,
2466811,2913,262716,240011,61631232,ransom,
6687884,7653,558322,511008,165404353,ransom,
5077295,27510,978947,590597,91313784,ransom,
3806414,4551,342325,314941,93853247,ransom,
2832584,33352,217105,168572,50117577,ransom,
9692463,50534,933807,678742,191082183,ransom,
2606568,15779,602958,373932,56832672,ransom,
10489682,11820,971136,892628,259996040,ransom,
2154661,2246,236610,209289,57480765,ransom,
11715631,47756,1420624,962855,243322157,ransom,
8219312,9161,513126,456403,203626782,ransom,
3631052,4566,749223,689648,93734831,ransom,
11240785,12661,952568,872872,277490286,ransom,
17588800,39003,1857519,1404064,394195320,ransom,
10519899,11917,925338,840677,261466866,ransom,
16751302,83688,1407819,1207350,379146216,ransom,
16864306,35500,1802182,1350268,364571204,ransom,
12047720,13384,1051709,962613,298744860,ransom,
13230506,14636,1251010,1148092,329627475,ransom,
14199076,15657,1211427,1109979,349989026,ransom,
13779724,34834,1639992,1210641,296284887,ransom,
15947512,17332,1431503,1321812,394496808,ransom,
12741826,17410,1197533,942324,303021188,ransom,
15066388,36931,1719192,1041973,312535446,ransom,
11419213,19307,1252383,905693,259915591,ransom,
12685743,17972,1128099,960457,300836007,ransom,
13014243,35204,1144129,1029845,312541159,ransom,
13998465,74862,1456396,958359,266920782,ransom,
14898400,16142,1268283,1163125,371285423,ransom,
12877133,13456,1178573,1065902,324720273,ransom,
14563277,28597,1307063,1047854,318011023,ransom,
16251803,28595,1554524,1236437,395798969,ransom,
11421251,11919,1020939,926396,287326865,ransom,
13598825,14885,1292259,1192273,337679702,ransom,
16861000,39813,1843336,1352405,369530910,ransom,
13435937,15396,1131283,1036723,332851313,ransom,
14356666,16159,1429728,1319855,356403250,ransom,
10524721,13740,916366,785291,228237276,ransom,
13873778,102116,1697147,1203639,285211874,ransom,
18077688,40810,1540778,1404332,436906242,ransom,
12509714,13985,1022842,936250,309268376,ransom,
9920624,10979,1046193,963160,248574385,ransom,
16534174,42927,1910952,1378135,364941836,ransom,
13677548,15399,1180655,1078304,340099981,ransom,
16596473,18340,1399228,1288858,411136657,ransom,
12280472,15771,1150702,1035258,303140078,ransom,
16480183,41045,1856598,1346011,348915424,ransom,
11473718,12489,1130702,1030727,289764522,ransom,
16079181,18058,1324740,1209427,397466362,ransom,
12803150,24624,1349241,1084896,276304490,ransom,
13061696,42761,1499558,1200431,309438767,ransom,
16574071,86640,1210561,1061060,371959384,ransom,
9464820,10718,1057667,979574,236502179,ransom,
16641703,43009,1859603,1352874,360097712,ransom,
16106617,17972,1402193,1284949,399440663,ransom,
8939614,10492,959542,884573,220842062,ransom,
14496139,16537,1085833,967964,336049665,ransom,
16866580,36489,2088825,1631124,394051942,ransom,
10742475,11678,934140,861420,265278955,ransom,
11641063,25679,981897,896501,287947006,ransom,
19528126,50098,2058633,1543793,430005914,ransom,
11040315,12158,959077,875618,274390818,ransom,
14083947,75039,1075894,913278,310759349,ransom,
17321150,19560,1376935,1254489,404111881,ransom,
11513973,32094,1603645,1166176,259165170,ransom,
14575903,15912,1239088,1127701,361800081,ransom,
15390108,16828,1474100,1363337,382436074,ransom,
13269228,35172,1522868,1109571,274837086,ransom,
13870939,15923,1318104,1158669,344821287,ransom,
16236787,17641,1409852,1290254,404715525,ransom,
9432680,11217,895327,822679,231944144,ransom,
17667643,39759,1973051,1483784,392054075,ransom,
14877148,16309,1339500,1226680,369516955,ransom,
9882225,11191,900522,817868,246160398,ransom,
21488964,110809,1679474,1298754,440601998,ransom,
14923426,30996,1800901,1467627,362937587,ransom,
9549128,10749,843807,768968,236348779,ransom,
14425018,15967,1205806,1088320,360133213,ransom,
18040471,41138,2058308,1536786,395651835,ransom,
11249425,12938,911031,820685,278751116,ransom,
9741580,10629,911758,825068,245509852,ransom,
14314922,15274,1258291,1155230,341666830,ransom,
10757776,34288,1659411,1191091,229834339,ransom,
10405458,11671,911685,820140,259893436,ransom,
14405713,15592,1372181,1259235,361194252,ransom,
15394657,51887,1319644,982178,321073310,ransom,
16066918,100440,1611912,1278026,352038602,ransom,
12139779,13596,1149296,1058926,301099679,ransom,
14361988,16078,1228181,1128095,354326607,ransom,
14108224,14918,1189479,1084814,324892051,ransom,
14379739,36425,1791609,1359346,328182686,ransom,
14024463,15162,1200321,1087659,348980492,ransom,
13094844,14388,1107368,1022000,322545985,ransom,
14583931,34827,1685325,1280956,308316146,ransom,
14880843,17207,1431736,1280131,369390997,ransom,
12875150,14477,1149813,1060534,317531238,ransom,
9281089,10037,647613,567824,232375423,ransom,
10771607,93663,1354016,947185,182599327,ransom,
10702736,15119,1082581,937382,264187631,ransom,
12699530,13675,988588,897027,315787137,ransom,
9445384,10565,957170,867839,237612235,ransom,
9154876,31422,1290679,851480,177260461,ransom,
9271373,10407,727640,672185,226288532,ransom,
10361922,11007,796494,710490,260182372,ransom,
10817954,25368,1428156,1100388,234911485,ransom,
12891177,22361,1223821,996608,308373234,ransom,
9138913,9926,823154,752266,227040336,ransom,
2232571,2607,348126,308361,58956000,ransom,
19139858,125872,1632511,1203638,382924536,ransom,
15332359,23506,1555752,1328522,375500936,ransom,
11521637,12956,1046678,961109,284544324,ransom,
14827872,16167,1331199,1224701,368788342,ransom,
16102284,38492,1899329,1394500,344769438,ransom,
12669917,13703,1087656,993703,313897546,ransom,
14511201,15929,1181112,1081185,358169749,ransom,
13211351,20469,1202699,1097229,309568973,ransom,
14053454,37153,1747679,1239567,305610206,ransom,
14289500,15850,1387467,1279426,355541527,ransom,
12255025,13304,1080052,983146,305220976,ransom,
15638586,115273,1366050,1061133,300528752,ransom,
14368337,26845,1784524,1471369,351027129,ransom,
13658806,14838,1057835,963175,338629799,ransom,
9877134,11264,1058159,972910,247619341,ransom,
18067259,39238,1973468,1500337,395044172,ransom,
12533007,14686,1237596,1139801,309712611,ransom,
9409893,10906,860772,794735,231341287,ransom,
14379149,18584,1259189,1118288,334696938,ransom,
19548747,38013,2239290,1778486,461157593,ransom,
7766366,9491,770075,700759,193710906,ransom,
13808015,16461,1223359,1102107,343568009,ransom,
19011047,96471,1566296,1202756,384576592,ransom,
8423592,14795,887524,610679,214137279,ransom,
7057895,6529,527562,433241,188865001,ransom,
11991107,12510,1051986,934582,307721754,ransom,
14366933,34587,1554803,1046332,332641576,ransom,
9054285,9361,756224,676888,230680254,ransom,
9032254,9747,770545,679303,230578540,ransom,
12936226,16532,993633,785184,310116830,ransom,
9447935,44909,1227337,837494,225625947,ransom,
11866875,30447,833888,686548,307381688,ransom,
12625756,15976,1172639,984648,324968926,ransom,
13846655,92671,1476539,972668,261565078,ransom,
10317192,11679,820110,652595,268416549,ransom,
10644296,10277,813675,718215,273829557,ransom,
12433381,20893,953278,783969,294603331,ransom,
9519921,28969,1371647,912822,207798272,ransom,
13371161,14998,1109913,1022978,330697630,ransom,
13866775,17288,1375997,1209711,340758500,ransom,
11058926,43262,1387099,1060290,219364302,ransom,
10688982,14240,1009336,794523,260832248,ransom,
11922121,14406,1040259,905785,291819555,ransom,
7999461,9131,764812,693873,199815267,ransom,
14380308,87615,1746841,1169188,269222652,ransom,
11591373,12695,971740,893260,286232085,ransom,
11050366,13306,867870,740202,269696323,ransom,
11230241,20429,1232514,999334,247268189,ransom,
13815494,28671,1659757,1310527,330630690,ransom,
11997459,14586,1033440,902481,292746430,ransom,
10037424,15150,1218364,1118690,250089887,ransom,
17943539,40691,2031642,1496727,388184425,ransom,
12175985,15098,1123701,984938,296834276,ransom,
13001197,14287,1115873,1012898,324543436,ransom,
16501878,20618,1410858,1247249,383017937,ransom,
16218506,98277,1867226,1330650,327868432,ransom,
12991907,116795,1137927,987684,317854171,ransom,
14118067,17114,1243658,1100512,343857927,ransom,
13505390,18690,1037253,911904,302028641,ransom,
13671427,33984,1782687,1308816,317782961,ransom,
15334786,16664,1313159,1209498,379420180,ransom,
12527523,16065,1002894,867942,306507878,ransom,
15925934,44036,1798524,1299046,335082192,ransom,
14700509,17878,1470898,1289407,366408064,ransom,
11427308,15581,1038968,902999,278672914,ransom,
14554950,16223,1237887,1123151,350312126,ransom,
17131646,38407,1895002,1372954,386029311,ransom,
11128391,18135,1084537,832361,258764590,ransom,
12363436,17373,1240697,897106,285930341,ransom,
22287326,108642,2195429,1374159,419938579,ransom,
11490853,15048,1361141,1118120,282818133,ransom,
9085345,11984,1059216,921364,222910759,ransom,
13017733,16545,1229466,1081896,317513015,ransom,
13684039,35169,1571937,1113184,283966329,ransom,
14511952,18444,1231386,1072635,354668991,ransom,
12944868,14484,1137833,1049444,318657546,ransom,
12169244,27993,1226331,843713,254647397,ransom,
6277143,14736,947654,716625,151555416,ransom,
12076675,13979,1118905,1034356,296206483,ransom,
11222742,14021,915221,780909,275133590,ransom,
15329406,102131,1655694,1133237,297697648,ransom,
17006500,22727,1535081,1356526,419693457,ransom,
11384499,15580,1033585,893143,278953568,ransom,
12174151,14479,1014710,906661,274962513,ransom,
15618753,41433,2086847,1496880,358148665,ransom,
12195660,13000,1108923,1014615,304690011,ransom,
9492403,12895,1024854,894789,231903434,ransom,
15405308,37159,1626845,1169088,329528667,ransom,
12245414,20602,1381945,1157175,302152835,ransom,
10855074,14802,825219,677137,269242795,ransom,
15809847,44370,1389984,1261461,377002183,ransom,
19635744,118195,2046922,1434773,395369652,ransom,
6788082,13438,678388,539467,167673028,ransom,
10258828,11749,969254,892232,253248735,ransom,
10034624,23197,901916,699990,213731613,ransom,
15502876,32482,1856365,1451254,365717649,ransom,
13717665,18672,1200311,1055222,333754595,ransom,
9310650,14483,699829,544327,235347574,ransom,
15376060,37625,1999325,1499793,338352442,ransom,
11391828,18714,1247852,1085039,281008573,ransom,
861858,4017,438264,393151,22984317,ransom,
3713689,25183,1229236,1028588,68560888,ransom,
1977340,42000,731812,240674,13534978,ransom,
815583,5880,251109,37309,4070713,ransom,
1234384,12399,352291,53853,5951763,ransom,
2994976,78397,754585,224077,19397033,ransom,
0,0,0,0,0,ransom,
17792840,19442,1610585,1454818,443488740,ransom,
11722728,13280,1029605,930633,290540238,ransom,
15208300,35942,1840424,1378439,330058049,ransom,
14499497,16414,1401987,1279647,359587620,ransom,
10089206,11627,871277,792516,246967678,ransom,
18183741,95651,1427602,1178276,373735161,ransom,
15612461,36365,1954792,1554860,367711635,ransom,
11072129,13246,960164,862650,274667804,ransom,
10712090,11973,1004341,915332,266912313,ransom,
17801480,46943,2024600,1514638,387441736,ransom,
14682880,16550,1295892,1170050,363386464,ransom,
11440941,12513,1018978,922244,285822983,ransom,
12054377,13537,1103483,1016809,292116387,ransom,
12156955,36883,1570658,1146125,253723680,ransom,
8253,242,5257,178,52633,ransom,
10184352,11723,764924,678109,252034931,ransom,
2547455,25261,831413,455087,21472125,ransom,
6494619,7735,599436,539145,161041975,ransom,
7683002,95950,713506,574021,150802735,ransom,
10264735,11553,771017,706548,248806695,ransom,
7618777,31010,1207322,782133,151594033,ransom,
5990007,6972,463538,435727,144672033,ransom,
16374530,70612,834792,738266,324596868,ransom,
3100649,20807,720810,453760,36662853,ransom,
8138046,16279,857507,671673,198148805,ransom,
4940664,6015,597018,527454,127359534,ransom,
14511348,16166,1371979,1241847,363966379,ransom,
18527685,43116,2097816,1621532,408745267,ransom,
6722283,8051,531762,479789,164764653,ransom,
15538965,95034,1236113,1071354,339802515,ransom,
22082956,33830,1967501,1641887,500879882,ransom,
6130573,17874,968378,727298,145170887,ransom,
8440099,10709,903461,819501,209978509,ransom,
14744533,16863,1322116,1206800,363561359,ransom,
14479668,35550,1847946,1401371,314474307,ransom,
10136605,11729,901536,814016,248975109,ransom,
11138984,13300,968501,885272,273008559,ransom,
14318640,15984,1212546,1100110,349935833,ransom,
15243261,40998,1724986,1240914,335631459,ransom,
12902145,14945,1201666,1091374,318973061,ransom,
14820152,66305,1184151,1019879,330707852,ransom,
11919979,31462,1166006,971305,255576815,ransom,
14389427,28452,1785190,1418225,344893603,ransom,
14746086,16826,1379195,1258508,364316189,ransom,
11627423,13322,1049845,960941,285852416,ransom,
15232103,35061,1788850,1335206,324073768,ransom,
15184844,17122,1317786,1197596,377294899,ransom,
11986121,13504,1271186,1158740,297537840,ransom,
14955177,17401,1067057,965413,341969635,ransom,
12206891,33777,1617637,1189968,275384089,ransom,
14229028,60505,1264733,1107127,325694882,ransom,
16654651,38938,1297921,1175823,393949885,ransom,
11363154,33221,1426685,998819,229542060,ransom,
12616235,14492,1061804,958409,311659935,ransom,
14957361,16758,1411317,1285268,370296852,ransom,
12247353,13674,1102738,1007668,279266686,ransom,
14398226,36940,1643241,1180906,328113908,ransom,
13471703,15247,1415045,1303864,332560908,ransom,
9318152,10666,920105,846232,229087871,ransom,
12730209,32937,1494401,1074009,269966288,ransom,
13577526,15551,1264995,1161221,334446622,ransom,
12380035,74611,1124877,968526,266472694,ransom,
11018329,12627,1080120,986724,271504075,ransom,
17930526,47281,2022464,1496163,397487865,ransom,
13734650,13947,1158498,1029957,347480954,ransom,
12819324,13642,1150708,1025528,323245356,ransom,
17000911,34778,1870905,1472764,369536578,ransom,
13689338,21787,1346485,1130452,334180352,ransom,
10930427,116259,1003966,916496,269125891,ransom,
13868076,15270,1282595,1175096,345405896,ransom,
16073212,40363,1785193,1290422,342737611,ransom,
12469269,36425,1189023,1073199,298132015,ransom,
16658745,82110,1301439,1143016,377393420,ransom,
16186660,28593,1550953,1257585,348607535,ransom,
10931917,22734,1369743,1106216,265429343,ransom,
14571495,16785,1128036,1015273,360281697,ransom,
13380701,15389,1252537,1159999,329682886,ransom,
13531656,34287,1710357,1264605,292672275,ransom,
14371476,16114,1226102,1119149,355264462,ransom,
14345878,15853,1296974,1193183,353893040,ransom,
11422532,13032,1078254,988396,273705653,ransom,
12793367,33620,1677618,1216297,274934743,ransom,
15660481,17542,1444670,1327030,387786730,ransom,
13883408,53162,1060902,932417,322083868,ransom,
14781136,67647,1784374,1327519,298755932,ransom,
11976422,13969,1165136,1015761,301552065,ransom,
11432344,12540,1137692,1047549,285219499,ransom,
11636174,12829,811483,743631,285241564,ransom,
18403216,46872,2100600,1590423,408843789,ransom,
13122771,26130,1285808,1174098,329700712,ransom,
11571498,13511,882568,786871,284146272,ransom,
10250408,21979,1332878,1054741,221296397,ransom,
1621628,9118,912418,700283,43875502,ransom,
20705707,22687,413766,343597,507421859,ransom,
18890272,80195,2106292,1895666,428223450,ransom,
9350383,32925,1350766,943929,186711689,ransom,
13050398,15670,1180941,1046361,326409131,ransom,
20601631,22743,1747890,1617704,508511336,ransom,
7612386,10155,707327,639717,162662975,ransom,
11886605,33605,1650336,1179369,271227601,ransom,
17044821,23465,1479641,1330005,424270613,ransom,
9978715,32796,1064815,893623,235390636,ransom,
10009184,30065,1339478,904099,200648881,ransom,
16160898,18122,1389687,1270725,401269207,ransom,
15364726,17330,1278416,1171334,380497438,ransom,
10382582,78508,761011,636645,213613335,ransom,
18295941,55286,2066274,1535431,399668933,ransom,
17453891,19784,1499366,1373133,430649635,ransom,
10989831,13086,1101484,1020567,269226080,ransom,
16143618,293477,1610779,1242652,342525429,ransom,
13250670,21346,1189889,978164,322106067,ransom,
11185320,14076,1344261,1249412,273934828,ransom,
10340677,12442,980318,910466,252466981,ransom,
17133434,45055,1837213,1352843,365286431,ransom,
9128200,11073,870571,803139,222729081,ransom,
14001102,16234,1170087,1068701,343905818,ransom,
20057735,89876,1664986,1446507,425455917,ransom,
4254829,22738,1159821,749780,85578610,ransom,
518629,685,180613,153460,15885660,ransom,
12664211,14454,858803,789237,308601987,ransom,
3026785,20161,1245959,852555,44724484,ransom,
17485174,19948,794625,725956,424367084,ransom,
6985215,8771,812107,756623,170161243,ransom,
9532826,11899,786409,702256,219149591,ransom,
21247641,44223,2272228,1741814,502690042,ransom,
10763453,11836,1039056,945119,269402769,ransom,
8783839,9825,756681,662895,221840940,ransom,
22554622,90037,1851102,1590581,497204949,ransom,
12945553,60024,1581207,1149393,286633569,ransom,
8353411,9583,859423,770340,210210044,ransom,
15602666,17112,1285311,1179950,386696529,ransom,
14829416,27817,1546127,1207381,321680886,ransom,
9733591,19350,1299747,1041026,240601264,ransom,
8573397,8996,1067350,975184,218209021,ransom,
1004731,861,306272,262568,30093723,ransom,
15706756,36287,1279793,766052,345477672,ransom,
26145715,32551,2320392,2074307,627448623,ransom,
1446372,5179,362923,104852,15277603,ransom,
15587798,27737,1583205,1113101,335629521,ransom,
31183925,141517,2856781,2265321,675028772,ransom,
3086623,4341,362689,330072,75080327,ransom,
12454560,13826,1055084,936742,314401100,ransom,
22965500,25151,2066472,1902115,555695474,ransom,
8054758,30483,1183204,732752,149513079,ransom,
2524680,7187,783194,689124,68733511,ransom,
1768526,2907,831260,755542,53317173,ransom,
14167349,27952,548388,328819,319619480,ransom,
29151199,50078,2690878,2279212,695340297,ransom,
1394129,2188,155811,132797,33774536,ransom,
6625580,7045,578896,512356,169170888,ransom,
18590765,87410,1688765,1292194,375293116,ransom,
6032386,29083,822902,556214,137375107,ransom,
8199339,9120,744723,678872,202993263,ransom,
4834489,5533,489584,434945,123262983,ransom,
10646308,31307,1307455,879745,219933206,ransom,
12176830,13238,968999,869007,304851517,ransom,
2106223,2472,289725,268164,53323069,ransom,
11019492,13642,968385,800772,259288381,ransom,
8507534,26488,1131443,800600,183892418,ransom,
9113099,10134,894593,828341,225053627,ransom,
8055114,252199,704012,634774,202280147,ransom,
8486215,171022,1061657,692763,131151917,ransom,
1295729,5375,573637,446953,34242704,ransom,
799887,878,368510,335049,24547801,ransom,
688956,982,297874,267480,19640888,ransom,
4899477,21296,1114793,743071,89309654,ransom,
15137663,17536,122680,61741,367174980,ransom,
21657022,25152,1899209,1788174,527284379,ransom,
5515729,17127,807644,501601,107781143,ransom,
15906838,30479,1529812,1285045,392902574,ransom,
15429728,17845,1437477,1307321,380946551,ransom,
8160488,9590,869250,793660,202327352,ransom,
13990270,86497,1286936,959538,263767777,ransom,
16749391,32856,1684508,1404593,410707705,ransom,
13043398,130296,1073584,970560,321326908,ransom,
8692234,9736,807907,732815,216148249,ransom,
16592006,37251,1884294,1432982,365970423,ransom,
13735966,15131,1221555,1100083,343232893,ransom,
11669478,13161,1040495,938276,289520373,ransom,
8465884,18265,1281069,1079693,176494131,ransom,
2116454,20030,945916,664016,48830300,ransom,
8235374,9424,322681,266001,203624442,ransom,
27424436,30155,2084438,1917798,672102258,ransom,
7673158,87357,876587,532763,100245146,ransom,
12213619,17021,1317811,1091670,306708643,ransom,
19395547,22013,1707136,1551052,476402946,ransom,
8663806,10019,883104,813217,214028772,ransom,
16305126,35262,1880154,1429375,361980262,ransom,
17689416,20522,1478308,1354835,434427218,ransom,
9629368,11561,964816,881206,237323453,ransom,
13656875,16802,1121433,1007379,305693558,ransom,
4555137,21121,1504804,1106344,100994164,ransom,
472410,529,86501,70616,14900044,ransom,
27496345,31067,1465337,1302186,676208851,ransom,
14914458,77015,1577786,1333132,292590389,ransom,
5408094,21965,938153,603443,121873708,ransom,
19364620,21663,1805244,1650157,484381638,ransom,
14014398,15840,1021825,904213,346812246,ransom,
9256161,28948,1622068,1167675,189028478,ransom,
15281458,16310,1148906,1053555,382537326,ransom,
13862047,15967,1302896,1175496,345361876,ransom,
10712377,11782,925828,834847,251175036,ransom,
15988953,36414,1957989,1499105,369619156,ransom,
14699457,16817,1433826,1304272,367155339,ransom,
10651288,13301,765923,687644,258479938,ransom,
16718933,98931,1693391,1220932,327922799,ransom,
15804150,17875,1484633,1305718,396051567,ransom,
6033080,7254,803009,727166,152215519,ransom,
1266417,1265,379395,331912,38943205,ransom,
18948053,42708,1190294,763135,423080403,ransom,
14930418,17640,1709162,1578600,369958902,ransom,
7793439,8912,706474,639239,193952796,ransom,
10786345,17712,1068445,816440,236099969,ransom,
10700693,25621,1421990,1128337,257493322,ransom,
10895900,12693,888577,808618,267592868,ransom,
2400029,3102,272862,235587,61621125,ransom,
14788759,105431,1239392,908284,289670896,ransom,
13352692,28634,1522822,1178640,326421618,ransom,
11644525,12737,981643,898653,290140489,ransom,
8124495,9771,835067,770332,199437755,ransom,
12609279,35543,1431845,966566,260243090,ransom,
9690378,10855,1006199,902787,244378210,ransom,
6610956,7691,612692,563991,162539088,ransom,
14120107,18046,1130559,1001963,344557744,ransom,
14085022,42076,1639931,1130018,299975941,ransom,
13630721,15353,1122346,1005841,339475568,ransom,
13487184,18471,1407904,1258347,332764810,ransom,
12514577,58108,992006,847361,264612010,ransom,
15260716,86346,1738391,1236692,330994334,ransom,
13024023,16059,1154545,1029446,321869249,ransom,
8818174,11894,950403,832644,216953067,ransom,
14060541,16718,1202535,1068512,324569821,ransom,
15570789,39147,1849563,1366524,355293648,ransom,
11563547,13618,1010624,900524,282864407,ransom,
11223204,14854,1027248,894561,274047336,ransom,
21367763,43369,2271368,1689166,474217492,ransom,
10042571,13324,1055864,940381,245731170,ransom,
7294615,9148,556944,483991,177329472,ransom,
8924220,9880,847739,769790,224782988,ransom,
20315233,117612,2290171,1647818,416649248,ransom,
10842751,283337,1151136,902331,256940636,ransom,
13183632,123653,1260048,955633,320800826,ransom,
18040775,19210,1407551,1273918,447814434,ransom,
4773766,25066,1375915,961208,71023691,ransom,
842195,1184,409318,368891,25254823,ransom,
16167342,18420,498530,409462,394698803,ransom,
22439285,33693,2258809,1976466,509960272,ransom,
6352504,23610,1038911,727698,154599413,ransom,
9697189,11862,931362,846984,239742238,ransom,
11403646,13187,1078260,980277,284610579,ransom,
18919665,126042,1975732,1399441,374768804,ransom,
14153613,15938,1227455,1106028,352226730,ransom,
13410333,15386,1233648,1114461,332134373,ransom,
14286960,16575,1199773,1094710,350624115,ransom,
13574373,34972,1598655,1168980,284104245,ransom,
11009448,12593,1039232,939283,273801937,ransom,
14000498,15597,1333134,1213170,349325648,ransom,
9646510,24263,1319222,974500,202452546,ransom,
2517535,6811,874741,676652,74298136,ransom,
5386841,5946,139011,94528,135549857,ransom,
28476432,33417,2088337,1913340,696211215,ransom,
7922468,88632,880581,552856,109879010,ransom,
8289430,14811,1119861,884428,208687974,ransom,
24182506,26911,1952032,1784640,597201857,ransom,
6686427,7828,734172,691864,163139219,ransom,
8009126,26917,1257285,824096,153966835,ransom,
22514649,149582,2113270,1936263,558642846,ransom,
10405595,11444,791982,732865,256194538,ransom,
10924484,22140,930108,810262,239433249,ransom,
7771337,22856,1487404,1086435,175301085,ransom,
1847760,2779,683624,606365,51729036,ransom,
28003300,32137,1674283,1526632,685554615,ransom,
14484181,85180,1366228,950739,265221767,ransom,
2411666,5460,479000,345318,62564826,ransom,
24422166,26858,2039190,1852499,608912384,ransom,
13048516,15417,1152861,1067864,319286967,ransom,
6131832,24158,976144,575172,109094754,ransom,
22658514,25562,1905939,1729922,566430133,ransom,
14417926,16328,1375511,1280033,354073658,ransom,
7109742,12777,690115,531059,134433214,ransom,
19959614,295492,2198856,1808103,492245926,ransom,
13571829,80485,1068901,993033,330750570,ransom,
7955863,69655,484138,373394,160635862,ransom,
4670997,30239,1042697,612959,64118843,ransom,
9676323,10829,741152,676084,238631959,ransom,
6000197,6548,623962,564793,152870557,ransom,
12893369,14581,1000216,927887,302075496,ransom,
7154519,28511,1158966,730182,147443632,ransom,
4777184,5407,386492,353048,117331621,ransom,
7386427,11470,602069,445590,173859401,ransom,
5647793,29896,1209859,564043,81801035,ransom,
12227271,20113,1220029,892923,279550089,ransom,
4126196,11412,373617,220249,73835198,ransom,
11814119,82554,942544,791299,243052813,ransom,
5083068,52493,823687,393900,88522414,ransom,
9387876,11096,886937,806976,231731062,ransom,
2258833,2577,219395,191060,57645461,ransom,
12175974,26454,1260454,953573,263068214,ransom,
6479500,16471,807064,559498,157572415,ransom,
5588705,6783,587829,541275,138438616,ransom,
11438752,12583,834746,763845,282612154,ransom,
10973506,33978,1553321,1056527,234336722,ransom,
9525422,10478,779341,710363,236985091,ransom,
10736474,11631,1168747,1053759,273366337,ransom,
19852904,31284,1677941,1480221,459923676,ransom,
11397595,31903,1522034,1094171,261674673,ransom,
16071166,79145,1326672,1166714,369654787,ransom,
13040209,44441,1282775,1166694,307043461,ransom,
6029209,29777,1021181,571823,92334053,ransom,
1303000,1762,522774,470710,38845233,ransom,
24187490,27229,1545125,1389793,594823934,ransom,
13520910,15632,1191625,1099865,330050484,ransom,
4011808,26838,933522,507941,53078911,ransom,
19158099,21365,1599506,1439346,480231038,ransom,
17801884,20044,1502454,1377844,437458797,ransom,
5737882,19480,800198,524712,96489270,ransom,
14518910,23022,1516530,1275934,362277472,ransom,
20604450,35202,1673128,1513060,502168748,ransom,
8133990,63202,681676,568902,166449489,ransom,
10284188,30780,1389459,935875,212433520,ransom,
17858602,20237,1531165,1405668,442733775,ransom,
9487424,10475,972911,898457,235190829,ransom,
9315280,24659,779244,656722,201625320,ransom,
17249581,37281,1865368,1387094,407703611,ransom,
14829387,16272,1244412,1131549,369397585,ransom,
9255067,10472,880076,799856,232323891,ransom,
12001212,31698,1401175,956877,252289117,ransom,
12635638,14188,1227544,1125227,313919201,ransom,
9835601,10661,926888,856775,244298816,ransom,
16296839,78027,1175993,1009995,347463981,ransom,
17431984,41283,2086238,1536303,394508893,ransom,
11895950,13253,1080174,995997,294399245,ransom,
11305932,12475,982256,895185,278746739,ransom,
17998632,42957,1821061,1405427,396835807,ransom,
14228460,20259,1496029,1269320,350415713,ransom,
10672375,11875,898702,812797,264004160,ransom,
11124126,11953,1060506,952937,279694403,ransom,
16261214,40654,1939457,1416858,347007227,ransom,
9263146,10754,1037612,948733,229698857,ransom,
11072029,12353,1101547,1009250,277368488,ransom,
17502696,111593,1373729,1115158,349359287,ransom,
11860686,30773,1358397,1011566,278700556,ransom,
11998862,13370,1018144,930144,297261296,ransom,
13327909,14090,1185204,1081113,332771610,ransom,
17572966,41978,2023608,1530340,382736107,ransom,
12124879,13278,1089059,992854,301107723,ransom,
11197519,11943,974190,892646,277953084,ransom,
16425567,17847,1311457,1180629,388876760,ransom,
15221748,39173,1831797,1349100,346132548,ransom,
9930595,11056,983952,902129,245938292,ransom,
13603622,14736,1142688,1038438,338098271,ransom,
17778347,111891,1328502,1136563,369325011,ransom,
11453383,33009,1663857,1224061,258710057,ransom,
14292822,15744,1275992,1170017,354189221,ransom,
14473987,15867,1343365,1234660,357907612,ransom,
15917224,36138,1665569,1202868,337601692,ransom,
14820406,16511,1351065,1250237,366507695,ransom,
12672268,13815,1169978,1062929,315139526,ransom,
12147251,13467,1104942,1008309,296451826,ransom,
14851110,41607,1754062,1279283,315355948,ransom,
12517309,13783,1220513,1121129,310755298,ransom,
13488486,15027,1212332,1110617,333374424,ransom,
16403974,87182,1234131,994287,335585929,ransom,
11367388,28381,1588007,1223346,268246671,ransom,
4728788,4802,848915,797978,123412722,ransom,
691885,952,83898,68644,18729221,ransom,
24932632,48889,1966303,1434100,561555754,ransom,
11505836,13248,1134604,1057323,282676745,ransom,
9444266,10195,752401,679880,236561489,ransom,
12059183,13286,1238802,1133020,302071088,ransom,
16764833,41072,1866975,1358341,362565745,ransom,
7602870,8721,818616,760123,188842863,ransom,
13416657,14797,1143384,1055169,331040296,ransom,
20205937,113826,1421953,1174633,418184958,ransom,
9808025,26267,1404405,1048242,225833922,ransom,
8161873,9605,778052,714877,201712287,ransom,
12468275,14223,1209050,1125685,305780628,ransom,
15795189,33721,1804288,1378261,341030845,ransom,
11791349,14024,1046524,960153,288109313,ransom,
13118833,14880,1153744,1060847,323585091,ransom,
14582918,16231,1300454,1200415,342281405,ransom,
16198803,32922,1615183,1197585,369234536,ransom,
8370943,10079,1029837,958328,205765819,ransom,
12173670,13633,1075694,980281,302488221,ransom,
17169102,71759,1340203,1117350,354197256,ransom,
13768207,31582,1608683,1235212,327502631,ransom,
10236258,11275,1039120,954236,256936439,ransom,
14697314,16782,1278290,1166541,364803739,ransom,
13420442,21342,1137131,1038214,318317282,ransom,
12707689,37472,1445758,1131565,272303582,ransom,
15707500,26250,1637946,1364560,382510132,ransom,
13008967,14832,1188518,1093244,320145000,ransom,
11100294,12469,1030685,945594,275996386,ransom,
16562785,36613,1898935,1434867,354474137,ransom,
15067518,24294,1141347,1029572,367438173,ransom,
13297528,69513,935619,789303,296221643,ransom,
11884333,16164,1093935,934803,264936175,ransom,
11520110,28155,1552287,1179116,274801259,ransom,
11564065,12741,960289,856794,290670968,ransom,
10041486,11252,838037,761650,247996117,ransom,
16109879,34658,1717610,1237040,364956970,ransom,
9336975,9981,1004999,918167,237028248,ransom,
11550979,12558,988461,904964,286755383,ransom,
13377279,13710,979060,872590,320930235,ransom,
14972475,34304,1705605,1261873,338396095,ransom,
11659156,12985,970289,882608,289297093,ransom,
14814139,91658,1328270,1160223,328889467,ransom,
14821241,34280,1690338,1272057,323646702,ransom,
10580512,12336,1067275,962071,263656676,ransom,
14216572,15405,1149388,1050538,353953824,ransom,
12932313,14085,1100005,1004864,321239208,ransom,
14440695,34286,1855011,1411303,308739026,ransom,
13839308,15319,1140896,1048075,341117553,ransom,
10032728,10828,1213810,1118155,254775322,ransom,
14777827,25846,1145472,961948,331070992,ransom,
17187831,34355,2080215,1703197,412187982,ransom,
10478010,11569,799700,724912,258698369,ransom,
15859471,80840,1319513,1154710,353566071,ransom,
17460004,38555,1904296,1441687,383093792,ransom,
12209170,13532,1066196,985577,301935363,ransom,
8461568,16791,663279,567954,211220606,ransom,
6460959,20269,560635,415700,163009386,ransom,
15492136,65767,2078530,1445823,342957109,ransom,
33331578,62343,2387337,2140877,811129987,ransom,
1814436,3147,288520,263712,44050219,ransom,
12774224,33538,1521495,1096953,265824360,ransom,
22113637,26632,1916353,1718197,547721611,ransom,
6880421,8501,705840,636643,170799935,ransom,
15223603,19890,1390362,1269388,378555436,ransom,
20035895,103741,1897273,1371866,408116109,ransom,
9214781,10600,874560,785243,231002713,ransom,
10730131,12146,1026427,935213,269242881,ransom,
16299063,18116,1462187,1347302,398451887,ransom,
13450870,43550,1596340,1165878,284913968,ransom,
6360679,7408,749024,692242,159024588,ransom,
16764281,18679,1413707,1287795,416842902,ransom,
17402390,34587,1887659,1511861,381522878,ransom,
2402754,7427,529051,411143,59404128,ransom,
1267760,1633,566881,514544,37706780,ransom,
24907563,27275,1573412,1448945,611172371,ransom,
12287907,91157,1237309,863679,220920526,ransom,
7564867,22689,910370,727050,179720821,ransom,
18210318,22816,1452033,1226919,444204105,ransom,
14453609,18048,1551103,1206759,341198562,ransom,
13988708,41675,1739569,1053552,274446503,ransom,
16128356,23497,1341289,1082817,377616260,ransom,
17621602,19271,1605917,1490580,434045584,ransom,
7747762,10773,645510,548580,167114131,ransom,
13212500,31847,1761455,1346384,310008794,ransom,
15202737,17060,1373755,1262584,376207462,ransom,
9595888,11416,1031375,935575,236683754,ransom,
17269904,119834,1755749,1195346,327010771,ransom,
15657643,17794,1478952,1345930,389205788,ransom,
8933713,10407,676112,617722,217165987,ransom,
13551222,15160,1414222,1288289,339624049,ransom,
19216942,42392,2048717,1530049,422221903,ransom,
10419757,11723,825978,759992,254310410,ransom,
11492348,12616,1096457,1002268,285349041,ransom,
18428376,30329,1822784,1511364,412046688,ransom,
13613595,25675,1457215,1180152,327918041,ransom,
10274366,11756,942914,862398,254237923,ransom,
17841531,44777,1535695,1396099,429053819,ransom,
16551638,95950,1858608,1327936,324539675,ransom,
8867922,10125,767193,694298,219324973,ransom,
19021078,20832,1531879,1396504,470242761,ransom,
13291947,23068,1343929,1209411,298211076,ransom,
10695908,29309,1397397,987215,242563579,ransom,
15459643,17338,1440107,1310931,382973142,ransom,
13003994,15408,1146186,1053295,319960987,ransom,
12851016,31120,1519981,1159022,275890688,ransom,
15942666,22165,1511477,1265522,395561716,ransom,
12657930,63001,1161246,1064454,312187290,ransom,
10934785,12091,1074142,967423,274380133,ransom,
20797648,93275,1662836,1330818,433297873,ransom,
11886886,25103,1495259,1208825,291092279,ransom,
11276440,12979,1051930,935771,283766581,ransom,
13773639,15729,1333947,1224353,339507124,ransom,
13603462,36202,1642550,1192870,285574500,ransom,
11139526,11942,913322,824481,280547875,ransom,
13601963,20589,1350879,1237760,336413437,ransom,
11998357,13167,1102235,998479,289132394,ransom,
15395041,35836,1854920,1404933,347995792,ransom,
13855254,15282,1297699,1174405,346421321,ransom,
14155188,15886,1098381,1004754,347853794,ransom,
14998922,30110,1717528,1332065,327538144,ransom,
14959932,67900,1334249,1106410,334238549,ransom,
16210781,18218,1297066,1184775,398030291,ransom,
10954283,12418,990701,911390,270187375,ransom,
14098202,32426,1626375,1209749,302821972,ransom,
13667864,15580,1243700,1142160,337553338,ransom,
11551121,13519,1053175,961965,286075094,ransom,
11686816,24735,1215588,993990,247660235,ransom,
13374490,25833,1741637,1401422,335106447,ransom,
14826670,15377,1232326,1108229,373931708,ransom,
10429593,11853,820403,740904,255882513,ransom,
14179928,35077,1809159,1323254,310971465,ransom,
22308399,86135,1686183,1479522,510910567,ransom,
9502594,10953,823033,759989,232847999,ransom,
9480790,10922,891872,806933,219744884,ransom,
20899926,43855,2387275,1860640,490804714,ransom,
13014331,14469,1026976,941592,321125923,ransom,
8332758,9452,769026,698837,208047574,ransom,
20372206,42880,2193821,1706056,454750518,ransom,
14023161,16622,1198372,1067879,345355383,ransom,
8915609,10233,806162,732552,221180730,ransom,
16213306,20732,1460197,1333446,397579025,ransom,
17666514,71363,1999409,1451571,374412201,ransom,
10878151,81336,919091,799742,234011726,ransom,
16415762,18694,1406384,1283818,407931921,ransom,
14782215,17332,1237933,1121865,339368160,ransom,
12334895,37607,1632497,1146528,277183401,ransom,
15714855,17193,1343218,1232126,388262493,ransom,
13256147,14660,1216930,1124829,327309963,ransom,
12396340,33590,1412719,1012020,256704584,ransom,
15428604,21911,1444761,1212908,380048187,ransom,
13207639,14620,1197854,1098840,327859362,ransom,
11929279,13247,1075153,987441,294782832,ransom,
19180625,49582,2030747,1478441,428127538,ransom,
15943688,345354,1365677,1201806,350123069,ransom,
10219859,99194,726936,645225,255939842,ransom,
16227315,20464,1458352,1264668,371874406,ransom,
14922909,36607,1734477,1277677,353792718,ransom,
11325340,12692,1039534,953348,279729057,ransom,
10837141,11544,1028287,934514,273699362,ransom,
11493253,34441,1514970,1046919,230754650,ransom,
13582081,14510,1087517,989511,338267703,ransom,
244027,635,149006,139947,5708888,ransom,
7684286,8449,661251,598459,183302880,ransom,
6832694,25619,1137284,707777,145334222,ransom,
10614165,13597,845016,789775,256951981,ransom,
8534978,65149,504099,393763,174953068,ransom,
4973569,24345,1092497,685562,84540451,ransom,
14517225,15419,1193964,1097894,361373564,ransom,
581710,490,106781,91421,18082789,ransom,
12969825,14227,1067066,975745,314691828,ransom,
7092710,26153,1078054,648276,148574869,ransom,
7465702,8564,647891,605989,181424447,ransom,
4105931,4475,315751,270340,105027760,ransom,
4775929,22099,868843,486201,80510768,ransom,
17497772,18997,1406108,1278639,436199607,ransom,
1728000,2398,381831,358412,43876686,ransom,
12279845,73450,898802,762450,263626597,ransom,
5031435,28098,1028194,564615,87504063,ransom,
7902200,8942,545253,511292,190912664,ransom,
5995517,6568,465922,405230,152286153,ransom,
7725403,21896,979456,691170,155842817,ransom,
4647823,10287,524675,332374,120649699,ransom,
5452789,6489,506888,469320,133557756,ransom,
2091746,2132,191143,167148,53926592,ransom,
3375198,24285,777628,391283,50174821,ransom,
1528352,1737,167713,129119,41288598,ransom,
3189222,3822,246268,224537,77855350,ransom,
8822999,86917,869316,523447,157863517,ransom,
3854094,11021,557358,381815,94382783,ransom,
5189359,5285,451144,395262,134377428,ransom,
1297440,1516,85811,74502,32496553,ransom,
6335663,28358,1031682,609517,127316129,ransom,
1392095,1452,116350,100603,36165264,ransom,
4531158,4679,314216,267878,116839590,ransom,
1830129,9859,345583,191018,19891413,ransom,
6710162,19355,828263,544266,166928280,ransom,
273016,466,115332,104394,7617591,ransom,
5402364,16045,350075,281225,134526422,ransom,
7375356,83280,1056030,564991,117482200,ransom,
3534147,3618,305891,266893,91406415,ransom,
3233925,2955,242998,204606,86327616,ransom,
5203013,8975,408819,340224,118926049,ransom,
4757821,24684,901196,515679,101331281,ransom,
3864636,4715,318464,290033,94963045,ransom,
2376504,1872,180357,145196,65551502,ransom,
5473485,27814,984640,588430,101092667,ransom,
1889424,2592,162176,137594,49586379,ransom,
1631244,1964,107159,98632,39346369,ransom,
1165359,430,103280,74062,36434081,ransom,
6373167,98110,849806,396141,81028048,ransom,
2006072,1419,182728,139739,59560983,ransom,
6561140,7761,480244,431539,162632411,ransom,
9561630,126297,679925,581492,250429880,ransom,
3254607,23314,889311,531212,44656627,ransom,
2586180,2810,195551,166748,67174325,ransom,
250776,356,34412,32827,6083872,ransom,
3069308,21582,705085,343580,51870538,ransom,
1038150,1538,83818,68692,27067312,ransom,
3721684,3992,247844,205424,97263013,ransom,
962714,1436,140960,131477,23330361,ransom,
7825921,89108,1019197,554236,127657528,ransom,
104494,707,9560,1087,2597918,ransom,
4423301,4971,373314,335761,112480000,ransom,
3557527,4112,307658,269328,92717709,ransom,
5616742,25978,949889,573724,107023576,ransom,
2364791,2627,237074,197788,63530749,ransom,
3879277,4584,266695,237104,96712666,ransom,
3874563,23023,868144,488767,68144716,ransom,
6952431,8002,525733,465310,175315247,ransom,
852150,1375,142074,132126,21008843,ransom,
4112243,13415,367625,184295,78551184,ransom,
5402358,85630,1037669,383778,61281738,ransom,
7474600,15810,723188,453067,156729747,ransom,
3231293,12696,459512,254587,49043203,ransom,
7149918,8698,507187,464897,175186386,ransom,
4252016,23556,890956,478351,72522024,ransom,
1141527,1651,81367,67284,28397915,ransom,
7288979,8878,670360,597352,183929915,ransom,
4354202,14408,544571,347798,81398806,ransom,
3945966,14794,561567,346227,91289158,ransom,
4096702,4877,360736,331043,100648391,ransom,
7831921,9176,819774,760743,193547383,ransom,
4597105,22887,918337,544967,83976612,ransom,
8623296,69347,592790,457465,176486740,ransom,
4467365,5757,405587,365204,110863597,ransom,
2761720,6879,292731,204828,48288681,ransom,
6983374,24087,1021131,685942,161314933,ransom,
3845554,4587,503422,457093,98580318,ransom,
6673808,7613,411890,371452,163520497,ransom,
4058481,23835,868671,508950,69585558,ransom,
10213794,12527,978926,896281,250846445,ransom,
5543262,6543,625323,557303,141403412,ransom,
9832109,11665,858570,801634,238918786,ransom,
12870673,34863,1485809,1033986,277013509,ransom,
2522298,67425,192928,121910,20535506,ransom,
9492365,70083,869058,796067,234026712,ransom,
9495757,25162,1177796,877805,204191276,ransom,
10048057,17482,1107476,929786,241971536,ransom,
7741199,9183,604556,547017,190467185,ransom,
2303751,2967,279434,250034,58251579,ransom,
10000630,29860,1455742,1056061,207862292,ransom,
12093267,14597,964916,866157,299663751,ransom,
7496326,9499,814319,757937,183230224,ransom,
8652690,13332,724296,625074,190351823,ransom,
4570484,30544,937702,600592,88196447,ransom,
7978514,55086,603636,499624,161170630,ransom,
11584959,13171,938142,858839,287456166,ransom,
3485249,26132,872304,481819,46824119,ransom,
8718558,10825,801007,709065,216877415,ransom,
6708,203,3584,152,44309,ransom,
9031480,12153,769431,677824,211279157,ransom,
2079611,24391,795763,391594,28285039,ransom,
5102528,5930,370667,342107,123877989,ransom,
9517394,11410,830366,739365,239326118,ransom,
7732194,13632,748563,616701,164805051,ransom,
6820031,62038,953740,554873,136879720,ransom,
4337064,54637,329654,268164,76715930,ransom,
8094530,9165,510192,455862,201807229,ransom,
3812332,28646,1049946,633716,54345765,ransom,
7536700,8353,644989,590729,188576679,ransom,
3148904,5289,417801,362678,80596386,ransom,
13211987,22197,1074064,932561,304490333,ransom,
2148227,19839,638538,286237,32404982,ransom,
7195419,9006,674341,617747,177924402,ransom,
2691991,6641,300955,262440,57589329,ransom,
7571725,37960,962678,588786,141635708,ransom,
8579325,15313,662460,526689,212901968,ransom,
6515172,85577,663829,562273,120165713,ransom,
10944705,12262,939070,872283,269459399,ransom,
7575624,47304,1112043,618640,137395131,ransom,
10569100,12023,1012785,932807,262645562,ransom,
1830339,2307,154933,135158,46313878,ransom,
6828158,8194,587486,533057,158999047,ransom,
2377051,27286,809525,397540,29219836,ransom,
3609527,4541,222486,199220,86951750,ransom,
14484990,16834,1182040,1071143,359780639,ransom,
12238001,35872,1609633,1132663,264488238,ransom,
10386679,13024,1028260,950263,253970437,ransom,
4788416,61761,278848,208115,93404061,ransom,
3109914,37671,313920,262668,57296671,ransom,
13184808,36451,1565784,1112674,282591610,ransom,
8587634,9402,587062,518414,216602023,ransom,
7158974,9162,910437,830290,180346044,ransom,
11966707,23687,1149059,902891,256154531,ransom,
9429690,23282,890603,610567,224118690,ransom,
3132727,4064,562236,524502,79841643,ransom,
11262149,12583,940534,867024,277339652,ransom,
5608691,29965,928764,480775,96132293,ransom,
13035899,14926,1221881,1100523,328602732,ransom,
11733851,13022,974401,904254,288978089,ransom,
10719406,102728,862879,722872,203562953,ransom,
9718411,35157,1270975,826287,207866197,ransom,
3266251,3754,320007,281635,84057404,ransom,
8687198,9379,756903,698776,217024662,ransom,
9186015,33690,1333482,874823,183803048,ransom,
13994544,16504,1158336,1059869,344487484,ransom,
2092072,2303,352080,319068,57727309,ransom,
8481966,10339,710904,644674,208837480,ransom,
17981306,41654,1964778,1462718,401484239,ransom,
3305597,3683,234767,202802,83682463,ransom,
7620204,8406,738488,660292,195316747,ransom,
14250176,85929,1146050,986189,297008311,ransom,
10264545,51929,1277168,825218,216896142,ransom,
6577328,7259,612181,551223,165859569,ransom,
3481445,3832,269000,247845,87055955,ransom,
14487168,35353,1638510,1212292,312004894,ransom,
8899650,11786,885358,759578,219622727,ransom,
8963550,10320,738847,667438,223735714,ransom,
4997017,21997,518812,402388,91766440,ransom,
10916312,35293,1321579,856930,210241118,ransom,
13141402,15021,1074831,959534,331945660,ransom,
5115408,5968,556424,505520,130007918,ransom,
11710532,101023,970456,788604,227256751,ransom,
14515977,46464,1454076,1015814,329586331,ransom,
853986,1284,309745,287001,23723183,ransom,
7820683,9672,705214,632774,193281407,ransom,
14430843,37058,1433093,1009990,317542162,ransom,
8894426,9862,844205,774897,221247168,ransom,
6731244,8134,727002,681151,164639755,ransom,
5588900,6112,385236,337460,140755005,ransom,
6510650,25480,1103145,725249,119162079,ransom,
10985914,12353,1016213,937760,272221795,ransom,
8543507,9394,668558,594457,215647628,ransom,
10648579,53799,891867,735199,225241754,ransom,
12008296,43138,1503519,1112243,262985293,ransom,
5238425,6047,564416,499932,132820278,ransom,
7943837,8984,669845,621285,193287531,ransom,
8552043,25403,1139501,763769,172831877,ransom,
277289,668,218114,199052,7981824,ransom,
829692,915,333802,302105,25148224,ransom,
1343015,3998,331894,276218,26433917,ransom,
20941684,36135,1485526,1099862,492628052,ransom,
13633621,15631,1280428,1187097,336126782,ransom,
1064851,1787,264144,249531,25706070,ransom,
7662737,77001,1011640,574226,112376093,ransom,
7102498,7692,620365,545695,182432224,ransom,
9278414,11066,838294,782597,225913517,ransom,
6731840,7533,619536,565042,167526723,ransom,
10126946,28843,1484658,1081344,219275539,ransom,
9003780,10312,598130,552341,219594497,ransom,
13030024,14603,1017853,923038,323974584,ransom,
6107547,22854,1066908,774005,113498984,ransom,
5099176,8249,505387,398633,124162683,ransom,
6564720,7639,587437,532234,163588183,ransom,
5932017,6786,666589,600399,150442036,ransom,
19464493,90022,1793569,1302896,405844687,ransom,
10059734,11442,895189,825602,249184096,ransom,
943176,1333,270489,247781,25970473,ransom,
4232361,5198,314975,287157,101827978,ransom,
15374802,38913,1742135,1294805,342777046,ransom,
12646718,14353,1135374,1031945,315492890,ransom,
5563418,6519,508846,464506,137485567,ransom,
9101147,31348,1105211,809097,177711131,ransom,
8830852,17863,873703,665833,215474249,ransom,
2829529,3125,466173,434246,73541624,ransom,
8691341,10253,725765,659917,212804813,ransom,
19968991,117470,1823088,1401617,409301869,ransom,
7037199,17952,749717,528132,168775315,ransom,
6058658,7309,763790,693832,153866813,ransom,
6638086,7758,564871,531497,160940807,ransom,
9174070,33052,1320285,855224,181062741,ransom,
12803361,14550,1017670,931412,315506084,ransom,
7691992,8587,759428,681992,192371707,ransom,
7054857,11739,688314,575535,146112489,ransom,
10192943,34606,1482102,803751,202404305,ransom,
12847089,22218,1354025,997835,286701473,ransom,
5168808,11765,541548,385117,101930630,ransom,
12426247,59800,1126073,944405,260852433,ransom,
14392046,84237,1510222,1046417,307974249,ransom,
5992467,7106,546321,495484,148923728,ransom,
9883310,11065,658232,588425,245454854,ransom,
6803979,21991,1114630,805620,121721300,ransom,
7328827,14178,1003505,800762,180792415,ransom,
12996581,14938,986125,911561,318437115,ransom,
9272505,10643,728530,664438,229653419,ransom,
6675254,28944,1308787,862252,120223593,ransom,
5493934,6385,414973,379936,135246259,ransom,
10842187,12712,897193,822052,266191679,ransom,
7143952,32350,605672,507833,143829919,ransom,
19356714,119085,1877914,1327328,413066379,ransom,
5981403,6913,596136,550364,148128441,ransom,
11163593,12360,982849,895934,277076030,ransom,
5808518,6876,683369,629662,144498276,ransom,
8471493,32159,1173225,723771,158953175,ransom,
6666051,8166,775206,706039,165127345,ransom,
11297913,12397,1010483,927685,279916236,ransom,
15327680,36178,1596639,1176140,328028654,ransom,
9139151,10595,832724,723758,227468556,ransom,
1903491,2251,221002,199633,47738653,ransom,
12191985,13259,939990,834761,305885677,ransom,
14459897,115148,1482040,1178057,276890771,ransom,
7689790,23514,1047393,722444,181906688,ransom,
8441679,9892,669335,621251,205722959,ransom,
10019509,10979,823064,752827,249009861,ransom,
7189325,36348,1095788,649479,131138511,ransom,
7059673,7508,634303,565304,178956614,ransom,
10695253,11638,880616,815425,264047425,ransom,
10604988,15996,1059147,926393,242337953,ransom,
11206709,31769,1436021,1026878,251872245,ransom,
3446456,4042,346838,302169,88448968,ransom,
6530016,7376,554112,507771,162838454,ransom,
13478238,87667,1118611,946605,282679197,ransom,
17099884,59447,1763817,1288040,386892160,ransom,
2382220,3022,348872,317573,61297318,ransom,
5276827,6170,440169,397466,130188166,ransom,
12711838,48897,1604683,1114551,268098434,ransom,
11050066,13132,866601,766744,273091564,ransom,
7968459,8681,981360,896702,201126497,ransom,
6740467,7537,530803,489574,165880370,ransom,
11948894,35130,1411084,941377,251818333,ransom,
6831946,7725,763396,690692,171864723,ransom,
5920852,6814,530280,477914,146525215,ransom,
13527511,35598,1079222,951728,304070633,ransom,
13062460,101323,1404168,890864,262782830,ransom,
5292594,5872,617610,555737,136280114,ransom,
12677227,14822,1179336,1077496,312579001,ransom,
15386126,17166,1327824,1215528,373259271,ransom,
12913033,44984,1644402,1182807,277664531,ransom,
13684564,15179,1192403,1096207,337979895,ransom,
14742453,15850,1238681,1126854,366528916,ransom,
12169662,26459,1310509,1004611,253634352,ransom,
11406396,33343,1362096,1025109,271246243,ransom,
12880759,28703,1294888,1080061,311485582,ransom,
11264700,23844,1301739,1062288,262466413,ransom,
15938723,77590,1483070,1050536,309098738,ransom,
13633048,47513,1460356,1012330,294206237,ransom,
13587186,16391,1169733,1039624,333299374,ransom,
14515494,15826,1347298,1238982,360166594,ransom,
14683378,45225,1693538,1238658,311727024,ransom,
12840726,14450,1059351,964231,318167533,ransom,
12290753,13486,1169212,1070594,307581993,ransom,
14769496,17279,1255268,1135170,340292192,ransom,
14878596,37960,1922872,1430965,342175308,ransom,
10163712,11915,850397,769376,253100933,ransom,
13267427,15629,1188044,1074676,330557909,ransom,
15378059,84764,1513751,1207180,310404330,ransom,
12869584,59086,1524675,1134459,296476816,ransom,
14368974,16233,1265570,1149597,358222887,ransom,
11136990,12695,1093462,1006617,275846382,ransom,
13612709,34306,1417290,985905,283829191,ransom,
14895209,159051,1502232,1315706,367388867,ransom,
12321080,13219,927003,848869,304937910,ransom,
13094731,15297,1227309,1118200,325463526,ransom,
16970429,157343,1975341,1457216,366475592,ransom,
13027588,15888,1122726,1016767,323840519,ransom,
11513304,12522,1071273,980256,286926164,ransom,
18061097,23511,1541269,1325706,408251954,ransom,
15940162,126645,1759785,1282491,334898744,ransom,
10910022,12400,917000,832227,269987713,ransom,
16555120,19007,1381895,1252266,409976165,ransom,
13408589,14781,1369951,1265927,323103583,ransom,
13416500,37670,1531553,1066058,287474508,ransom,
13802738,16715,1135514,1022288,340543304,ransom,
14723872,16259,1424129,1300346,366275659,ransom,
14605617,36155,1428689,1118795,311336866,ransom,
12578231,27494,1574317,1269791,308275992,ransom,
14239709,15783,1233344,1127039,353019979,ransom,
11882406,18240,1117601,962173,293484009,ransom,
19679749,101479,1760905,1324259,399940804,ransom,
13768145,23966,1531499,1258104,339539403,ransom,
12897128,17283,1145540,994112,317223223,ransom,
11774680,13100,1214597,1111472,292686748,ransom,
15561324,44509,1636578,1220185,325729116,ransom,
12418032,26402,1421143,1102429,296148248,ransom,
11549553,12755,1212267,1098440,289939608,ransom,
11780685,14827,1118563,983972,287619905,ransom,
12750585,36372,1533800,1009089,262313712,ransom,
17994664,25469,1459854,1229362,449676394,ransom,
13065958,42661,1394872,1218962,313168654,ransom,
17145623,103277,1545829,1102073,348073873,ransom,
13135875,23847,1390488,1127737,319076678,ransom,
12528110,14509,1095329,998225,309762727,ransom,
13710605,18247,1219299,1068396,335615382,ransom,
14871544,35456,1839227,1362562,318258907,ransom,
14702009,16392,1316074,1196965,365566481,ransom,
13107182,17288,1225400,1069163,321516753,ransom,
14845353,19930,1377233,1208968,342510616,ransom,
16244855,39535,2045419,1529861,380587909,ransom,
11945324,13795,1052020,956103,293449447,ransom,
12400147,18544,1187243,1034178,306423773,ransom,
18129969,69185,1331595,1105536,377440475,ransom,
11415060,37388,1550360,1133325,254018829,ransom,
15541691,18635,1398692,1196981,391953480,ransom,
16539606,18171,1411277,1288524,409303141,ransom,
9482727,12388,895288,772098,223125845,ransom,
18041380,42440,2036406,1494302,400865216,ransom,
16328908,19148,1493922,1344769,405272513,ransom,
9131188,12820,895399,769642,222322648,ransom,
17114628,31982,1680169,1304154,374621169,ransom,
15476257,24077,1493409,1145794,385394008,ransom,
11081548,14539,991111,854322,270614424,ransom,
14995985,81494,1309592,1136277,329960244,ransom,
18138900,46135,2028864,1453576,399728590,ransom,
11896284,13459,1115108,1022800,294643618,ransom,
10814485,15423,1021655,879709,265666366,ransom,
17192827,20823,1407946,1238772,399175493,ransom,
15916711,37117,1918929,1460516,366056152,ransom,
9547205,12885,887558,761168,234879358,ransom,
11623297,12997,1153425,1049882,291411662,ransom,
18224194,40352,1984492,1472691,398643242,ransom,
12779985,15746,1264992,1099287,316313363,ransom,
12918764,14538,1156492,1047626,322205898,ransom,
18942514,85573,1467131,1230107,419466621,ransom,
15723009,36325,1801931,1359975,343476229,ransom,
9752713,12878,1151896,1004694,240687643,ransom,
16266702,19825,1496060,1332707,397617334,ransom,
14608830,37962,1559304,1194628,312866536,ransom,
14078023,22133,1388713,1151542,341339209,ransom,
12103086,13839,1204673,1113953,298468521,ransom,
14112727,17156,1259902,1121883,342474670,ransom,
14473907,36513,1688611,1208346,300361668,ransom,
14249084,16185,1238756,1140768,348062897,ransom,
11292761,13889,1041415,903720,276502014,ransom,
13064406,26136,1356563,1060555,279051930,ransom,
13572934,84500,1417013,1077742,287663045,ransom,
12859304,16799,1339857,1194418,310889624,ransom,
10588828,22550,1142867,960599,248943614,ransom,
15955239,44985,1807008,1040298,315010885,ransom,
15910320,28173,1497438,1090630,344576743,ransom,
12838741,15830,1154535,1008546,312027838,ransom,
14486787,30446,1276107,1057066,319728138,ransom,
13208091,33482,1541031,1085094,306710606,ransom,
14623413,17032,1430029,1279454,358963680,ransom,
11579054,12981,948481,855746,287740320,ransom,
17021542,42540,2053189,1481252,370977293,ransom,
13103147,74623,1273217,1105988,293712764,ransom,
11619029,43706,915712,784747,270359912,ransom,
14065855,17666,1299486,1143447,317348524,ransom,
16638200,42086,1984590,1471056,383029161,ransom,
12092054,14878,1096855,960738,296320298,ransom,
7659894,10031,766789,671646,184010323,ransom,
13153779,27848,1355137,1022668,276728968,ransom,
11408019,23380,1402694,1078370,274303650,ransom,
8808335,9987,603170,550702,217586735,ransom,
10278256,12364,1090942,945300,254206382,ransom,
13839081,45099,1701564,1146007,285237847,ransom,
11952549,18871,1039270,949863,292083087,ransom,
13625050,104408,942139,750915,290803287,ransom,
7426556,9490,832130,767538,160365462,ransom,
12506293,36094,1652266,1158109,279110418,ransom,
11078459,13109,985876,867468,269939522,ransom,
12198837,12859,1059314,951227,307024126,ransom,
13191741,37787,1677578,1190444,274089190,ransom,
12153956,13934,997511,888223,302192359,ransom,
13461226,16194,1565070,1399953,332582923,ransom,
11002202,13695,1038072,910183,266096025,ransom,
16367608,39706,1704843,1207006,350841763,ransom,
13794207,16306,1398122,1257085,337337948,ransom,
12850696,81330,999708,847917,277942776,ransom,
14281938,48208,1397072,1101827,295205166,ransom,
16059597,30291,1707467,1368823,385546733,ransom,
12141462,13379,1099181,1004964,300632769,ransom,
8986095,11101,840550,722670,221277368,ransom,
14982120,33615,1741013,1262347,326161106,ransom,
10720200,11767,917686,845580,265163936,ransom,
8958419,11078,994454,877168,219829184,ransom,
14597649,21450,1222048,1004399,319284105,ransom,
15985342,30624,1842953,1488085,387147455,ransom,
13068633,14166,1124142,1029059,323611058,ransom,
14144805,48481,1233681,1098876,327652498,ransom,
16403691,56151,1680636,1201918,339915319,ransom,
12238618,13082,994340,894010,306642426,ransom,
11226825,12047,1027551,931827,281363653,ransom,
12306841,19536,1144214,1048959,294330195,ransom,
16103614,37270,1874615,1413974,357936004,ransom,
9906950,11685,1038353,963850,244185248,ransom,
10944409,11459,1027373,915384,277308782,ransom,
16554422,34643,1850668,1457495,358999931,ransom,
12748477,16376,1190931,1029368,316137616,ransom,
12217312,12944,936556,822960,308253070,ransom,
16863967,81891,1349433,1167823,378273087,ransom,
16690792,35069,1783944,1319179,369331215,ransom,
11563340,12348,984477,899690,288238720,ransom,
14259736,14976,1181596,1065930,357477037,ransom,
14669721,29841,1512612,1174907,320188356,ransom,
13195014,20712,1341766,1100565,331558723,ransom,
12726781,13530,1309349,1189157,322125423,ransom,
12183082,12663,973421,875028,306631551,ransom,
15108832,38896,1693932,1202854,326754562,ransom,
10439070,11395,963756,876730,260707142,ransom,
11289650,11798,1152793,1025971,290214766,ransom,
20153354,109211,1614553,1369329,429784402,ransom,
11271277,32397,1399326,988608,254665655,ransom,
11800508,13082,940256,868408,290204608,ransom,
7209625,7506,602801,523974,184491029,ransom,
9578382,30500,1411634,970081,191784751,ransom,
11506929,13535,992050,918640,281207993,ransom,
11225200,11960,907982,830660,278775228,ransom,
5131240,5879,579671,520126,116085000,ransom,
7953224,37850,1117466,689626,159879228,ransom,
11088051,12304,983536,896898,276113931,ransom,
9723238,11270,855819,763444,241890651,ransom,
7569625,85518,635562,486480,126090700,ransom,
11661847,41763,1424166,997746,259470469,ransom,
10366623,11422,800713,730189,256845719,ransom,
4957596,5684,559334,501154,124912761,ransom,
10720775,31862,1345327,935302,217891589,ransom,
11274824,12510,978202,894655,278904564,ransom,
6750054,7702,628753,567419,168597296,ransom,
9050171,10578,811077,738428,207467896,ransom,
11561844,30688,1513306,1111060,258595780,ransom,
13084262,14038,1166075,1063126,326098059,ransom,
13120189,13867,1162741,1063984,326483246,ransom,
18177013,83725,1815943,1375278,365600258,ransom,
13727634,18075,1377517,1188969,339149453,ransom,
12154032,14547,1041306,930743,298922225,ransom,
13246486,15620,1177904,1073555,327210053,ransom,
17573617,38182,1990624,1502999,383776118,ransom,
12386903,13532,1056175,960430,309012419,ransom,
10902737,12291,1007732,922039,270084407,ransom,
17965884,20671,1404847,1263827,414948035,ransom,
12863659,33694,1739681,1264172,292320519,ransom,
4533842,5708,540276,496728,112204839,ransom,
7926591,38547,673216,597860,178006141,ransom,
15963316,74667,1805519,1337313,332876195,ransom,
6441615,8129,628678,546949,156610956,ransom,
11118650,12164,1008716,928246,274639483,ransom,
10966676,12276,1040518,951373,273023951,ransom,
11094218,34125,1413248,960162,229329525,ransom,
10089317,11426,952284,881219,247247781,ransom,
11886848,12887,918106,835782,294081032,ransom,
9546288,28656,1112368,844851,200796065,ransom,
7625857,19043,1067581,832434,183365085,ransom,
11551944,13510,955512,866599,283450601,ransom,
11836898,68732,982461,836589,259567457,ransom,
8749929,39728,1347694,915364,166590422,ransom,
11543762,13232,866904,790199,283194916,ransom,
14274767,16624,1275915,1152153,354671494,ransom,
10533806,11300,922195,830447,245248317,ransom,
13694337,33607,1620287,1178582,318264715,ransom,
14445910,15629,1343676,1206926,364377386,ransom,
9450387,10926,1005374,928134,233855797,ransom,
11831383,29906,1324046,971435,250403796,ransom,
16587050,18817,1642282,1440678,413323533,ransom,
10256879,11666,762797,697304,250353880,ransom,
12961327,267181,1072355,960743,323653718,ransom,
17785741,71152,1955355,1472398,374101726,ransom,
8821725,42010,624072,505915,205103783,ransom,
9375594,9673,929476,825969,240301529,ransom,
13865636,26950,1366884,1106376,299294275,ransom,
12087471,19303,1303677,1052884,300137161,ransom,
5692888,6171,531929,468714,145513497,ransom,
8492216,9548,905833,837851,210636321,ransom,
14014217,33224,1598949,1184304,305041468,ransom,
9760770,10229,773595,694158,244085858,ransom,
10343909,11014,966224,878253,259264496,ransom,
15251652,26308,1406362,1157975,336791899,ransom,
7152771,59577,1176544,883421,146569289,ransom,
10342201,267185,859334,764527,242964595,ransom,
12943635,100489,1068928,978703,320939599,ransom,
17205088,43845,1958078,1473668,375030269,ransom,
15070202,16724,1284116,1165304,373193276,ransom,
11705591,12998,1143619,1044753,290539855,ransom,
13180049,18650,1022570,912844,302985786,ransom,
19735274,39694,2194930,1712379,466506860,ransom,
11605084,12839,1164250,1064152,288622332,ransom,
10381907,11995,870080,781398,256872477,ransom,
21424999,49997,2096524,1659464,477202916,ransom,
14062529,78351,1388519,1156966,306917716,ransom,
9657799,10656,783015,707708,239595022,ransom,
17588414,18856,1500836,1364112,438805853,ransom,
13873070,34900,1724039,1227756,289174499,ransom,
8922192,10461,868762,783717,222318735,ransom,
14639942,16057,1361566,1251512,364574532,ransom,
15019690,25541,1473170,1234649,330343408,ransom,
10887905,24750,1493062,1123357,260062812,ransom,
12571866,14746,1211611,1101612,313354297,ransom,
14292823,15672,1231989,1132713,353529626,ransom,
13626210,36849,1452824,961094,277984419,ransom,
12262853,17222,1232392,999727,292751050,ransom,
18116112,110813,1555808,1153941,385624540,ransom,
15620373,34334,1387950,997834,351121127,ransom,
14667670,38596,1877391,1341974,304174817,ransom,
14784731,16691,1273645,1164500,364641502,ransom,
12864735,14045,1114003,1027127,317642588,ransom,
11274768,27610,1098388,814895,229850020,ransom,
13582390,22924,1345083,1064854,332667262,ransom,
16350892,18695,1558616,1439331,403584673,ransom,
10360236,11611,917336,840947,255487882,ransom,
15797250,37409,1788509,1312548,344879405,ransom,
14213459,15779,1271448,1151432,354772066,ransom,
13115219,42898,1165648,1040657,310252984,ransom,
15193064,64001,1311228,981001,307938248,ransom,
16092348,29794,1749476,1441312,391481556,ransom,
12064510,13487,1044560,948184,299967164,ransom,
14107226,16418,1324831,1225328,347880368,ransom,
14287704,38600,1747894,1240507,301919822,ransom,
11989400,13629,1199698,1099120,297723113,ransom,
15231722,16766,1246206,1143774,375679927,ransom,
11249877,12718,1042783,957580,276949886,ransom,
11341419,34800,1702084,1192133,228556787,ransom,
14840338,16521,1159912,1069587,364971384,ransom,
12853922,79143,1269681,1119171,287148930,ransom,
14199369,56962,1317047,984538,293700591,ransom,
16054924,26051,1617213,1315405,392648622,ransom,
12519752,13022,1139425,1041973,314479336,ransom,
9890357,10059,803418,704253,253066758,ransom,
18840227,104515,2080638,1541262,428485186,ransom,
15540280,86338,1247637,1140542,384886913,ransom,
10298076,11521,978760,891779,256462627,ransom,
15486485,19871,1144442,991057,352642929,ransom,
17378324,34517,2017226,1555773,411264669,ransom,
11367077,12535,1057953,964575,283520685,ransom,
12299386,42624,1048392,926706,293207415,ransom,
21983147,114527,2329019,1737308,457998021,ransom,
10824139,12142,884158,806924,267505183,ransom,
10169976,11940,1068423,964598,253931041,ransom,
16762285,18246,1436150,1328201,395542502,ransom,
12491057,32742,1642952,1198299,274690084,ransom,
9414050,10380,903771,830584,235127577,ransom,
14515210,16564,1368710,1266802,357535429,ransom,
14038392,33590,1415806,1063523,294203240,ransom,
11442113,13080,1115405,950859,285177613,ransom,
16042323,17834,1448570,1343774,393638469,ransom,
12088067,13600,1118327,1027075,297764493,ransom,
13630954,94091,1176542,804699,251008554,ransom,
13818044,19227,1424950,1198756,340943147,ransom,
12814188,13506,1198880,1091643,322158573,ransom,
7588374,8957,868990,809016,187306105,ransom,
10861512,34888,1258016,806522,210705682,ransom,
17628783,19076,1571561,1449220,438478296,ransom,
14557986,14791,1286124,1146435,371687635,ransom,
10109180,14660,778693,657082,217348272,ransom,
7761831,26848,1424098,1014277,179903959,ransom,
16996079,18498,1396715,1289076,418576075,ransom,
11810660,13350,917400,829633,289950218,ransom,
11553255,39854,1405660,932288,235198175,ransom,
15802779,113450,1261274,1049953,349185414,ransom,
12402463,15200,1254983,1132920,309532568,ransom,
10306714,12288,980279,900002,254240254,ransom,
14277550,45297,1861502,1347386,302851207,ransom,
20066213,22824,1513784,1368308,498039521,ransom,
9122146,8809,886145,787865,235570383,ransom,
15967354,34530,1376576,1061948,343235860,ransom,
15471317,40983,1904399,1443757,371961827,ransom,
11667987,14717,1008479,909808,282546131,ransom,
9875763,13568,1014376,896379,239536963,ransom,
18328250,40716,1971687,1497636,399407231,ransom,
14264562,51769,1177700,911457,329077455,ransom,
13023949,56589,1087517,938059,300008544,ransom,
18593700,35364,1786004,1527652,446136258,ransom,
14007200,285692,1723812,1275626,301344542,ransom,
12305479,97166,920057,830333,306332544,ransom,
16625963,18346,1570998,1453754,411010762,ransom,
13608627,21062,1266582,1076320,299154146,ransom,
13749251,28545,1590804,1224544,330011937,ransom,
14585889,15786,1264315,1160892,362671742,ransom,
12222262,13517,1085469,994330,304388179,ransom,
7022677,28311,1186526,791976,131125227,ransom,
8342104,9654,792487,679374,205679859,ransom,
14123911,90652,1038511,882617,304708098,ransom,
7338236,8036,838062,757690,174716101,ransom,
8584812,33337,1115155,673049,173000116,ransom,
11618432,12949,969885,880024,288953707,ransom,
4391566,4728,531133,479735,111910492,ransom,
14466957,31246,1344824,1065279,312538635,ransom,
8544245,17577,1031801,764730,206761635,ransom,
2694678,3473,418494,383342,67555648,ransom,
11613603,12927,988928,909197,286622616,ransom,
16802920,39946,1734382,1255080,372816428,ransom,
2964486,3548,568719,519634,76597136,ransom,
12730349,101677,870145,750516,267495197,ransom,
12029302,25189,1085521,926311,268398654,ransom,
18464025,306513,2120145,1653731,435342315,ransom,
12780625,139195,1152999,1057920,314624644,ransom,
9611922,10925,904163,829783,237848943,ransom,
19169440,42299,2091102,1622663,421546153,ransom,
14077451,16608,1337845,1179754,348186621,ransom,
8744531,10318,797972,730595,215819909,ransom,
17387467,20523,1402773,1269684,409270937,ransom,
16715491,39058,2083237,1583784,385219567,ransom,
8017625,9388,735132,665695,198212244,ransom,
14391358,24100,1153078,1038748,350452353,ransom,
23417658,121910,2363132,1813719,484924922,ransom,
5742634,8273,679391,591973,141649568,ransom,
14376033,16158,1258735,1138928,358871846,ransom,
18459777,20893,1709451,1576998,454088092,ransom,
10282042,31645,1296203,862013,209678731,ransom,
14249141,15433,1152129,1043953,353435721,ransom,
19909190,21609,1875108,1737092,491568722,ransom,
8552975,16603,978569,738999,167661641,ransom,
12456878,26282,1236877,970344,303522685,ransom,
9607458,11865,1194174,1098960,239043530,ransom,
11213495,12577,856631,795621,273648437,ransom,
11659738,76788,1283114,880703,211966776,ransom,
2273255,5691,382132,259584,55552044,ransom,
4476957,5439,346697,322176,108908697,ransom,
5591177,6513,525728,466463,133953371,ransom,
8231581,27648,1210942,817166,171201999,ransom,
5168777,5660,483341,434613,130594447,ransom,
6040477,6801,500433,462578,148303457,ransom,
6361097,18415,856597,595725,129862219,ransom,
4272499,11231,619868,441815,102359046,ransom,
6765583,7853,562765,500337,169465960,ransom,
7391299,59762,637917,531849,143665507,ransom,
8782365,35088,1127526,720132,180562023,ransom,
597522,994,159535,148801,15033319,ransom,
8348284,9177,762223,693521,208167331,ransom,
4177786,9403,447862,298086,75747563,ransom,
5552568,18174,821867,567399,131658669,ransom,
2466811,2913,262716,240011,61631232,ransom,
6687884,7653,558322,511008,165404353,ransom,
5077295,27510,978947,590597,91313784,ransom,
3806414,4551,342325,314941,93853247,ransom,
2832584,33352,217105,168572,50117577,ransom,
9692463,50534,933807,678742,191082183,ransom,
2606568,15779,602958,373932,56832672,ransom,
10489682,11820,971136,892628,259996040,ransom,
2154661,2246,236610,209289,57480765,ransom,
11715631,47756,1420624,962855,243322157,ransom,
8219312,9161,513126,456403,203626782,ransom,
3631052,4566,749223,689648,93734831,ransom,
11240785,12661,952568,872872,277490286,ransom,
17588800,39003,1857519,1404064,394195320,ransom,
10519899,11917,925338,840677,261466866,ransom,
16751302,83688,1407819,1207350,379146216,ransom,
16864306,35500,1802182,1350268,364571204,ransom,
12047720,13384,1051709,962613,298744860,ransom,
13230506,14636,1251010,1148092,329627475,ransom,
14199076,15657,1211427,1109979,349989026,ransom,
13779724,34834,1639992,1210641,296284887,ransom,
15947512,17332,1431503,1321812,394496808,ransom,
12741826,17410,1197533,942324,303021188,ransom,
15066388,36931,1719192,1041973,312535446,ransom,
11419213,19307,1252383,905693,259915591,ransom,
12685743,17972,1128099,960457,300836007,ransom,
13014243,35204,1144129,1029845,312541159,ransom,
13998465,74862,1456396,958359,266920782,ransom,
14898400,16142,1268283,1163125,371285423,ransom,
12877133,13456,1178573,1065902,324720273,ransom,
14563277,28597,1307063,1047854,318011023,ransom,
16251803,28595,1554524,1236437,395798969,ransom,
11421251,11919,1020939,926396,287326865,ransom,
13598825,14885,1292259,1192273,337679702,ransom,
16861000,39813,1843336,1352405,369530910,ransom,
13435937,15396,1131283,1036723,332851313,ransom,
14356666,16159,1429728,1319855,356403250,ransom,
10524721,13740,916366,785291,228237276,ransom,
13873778,102116,1697147,1203639,285211874,ransom,
18077688,40810,1540778,1404332,436906242,ransom,
12509714,13985,1022842,936250,309268376,ransom,
9920624,10979,1046193,963160,248574385,ransom,
16534174,42927,1910952,1378135,364941836,ransom,
13677548,15399,1180655,1078304,340099981,ransom,
16596473,18340,1399228,1288858,411136657,ransom,
12280472,15771,1150702,1035258,303140078,ransom,
16480183,41045,1856598,1346011,348915424,ransom,
11473718,12489,1130702,1030727,289764522,ransom,
16079181,18058,1324740,1209427,397466362,ransom,
12803150,24624,1349241,1084896,276304490,ransom,
13061696,42761,1499558,1200431,309438767,ransom,
16574071,86640,1210561,1061060,371959384,ransom,
9464820,10718,1057667,979574,236502179,ransom,
16641703,43009,1859603,1352874,360097712,ransom,
16106617,17972,1402193,1284949,399440663,ransom,
8939614,10492,959542,884573,220842062,ransom,
14496139,16537,1085833,967964,336049665,ransom,
16866580,36489,2088825,1631124,394051942,ransom,
10742475,11678,934140,861420,265278955,ransom,
11641063,25679,981897,896501,287947006,ransom,
19528126,50098,2058633,1543793,430005914,ransom,
11040315,12158,959077,875618,274390818,ransom,
14083947,75039,1075894,913278,310759349,ransom,
17321150,19560,1376935,1254489,404111881,ransom,
11513973,32094,1603645,1166176,259165170,ransom,
14575903,15912,1239088,1127701,361800081,ransom,
15390108,16828,1474100,1363337,382436074,ransom,
13269228,35172,1522868,1109571,274837086,ransom,
13870939,15923,1318104,1158669,344821287,ransom,
16236787,17641,1409852,1290254,404715525,ransom,
9432680,11217,895327,822679,231944144,ransom,
17667643,39759,1973051,1483784,392054075,ransom,
14877148,16309,1339500,1226680,369516955,ransom,
9882225,11191,900522,817868,246160398,ransom,
21488964,110809,1679474,1298754,440601998,ransom,
14923426,30996,1800901,1467627,362937587,ransom,
9549128,10749,843807,768968,236348779,ransom,
14425018,15967,1205806,1088320,360133213,ransom,
18040471,41138,2058308,1536786,395651835,ransom,
11249425,12938,911031,820685,278751116,ransom,
9741580,10629,911758,825068,245509852,ransom,
14314922,15274,1258291,1155230,341666830,ransom,
10757776,34288,1659411,1191091,229834339,ransom,
10405458,11671,911685,820140,259893436,ransom,
14405713,15592,1372181,1259235,361194252,ransom,
15394657,51887,1319644,982178,321073310,ransom,
16066918,100440,1611912,1278026,352038602,ransom,
12139779,13596,1149296,1058926,301099679,ransom,
14361988,16078,1228181,1128095,354326607,ransom,
14108224,14918,1189479,1084814,324892051,ransom,
14379739,36425,1791609,1359346,328182686,ransom,
14024463,15162,1200321,1087659,348980492,ransom,
13094844,14388,1107368,1022000,322545985,ransom,
14583931,34827,1685325,1280956,308316146,ransom,
14880843,17207,1431736,1280131,369390997,ransom,
12875150,14477,1149813,1060534,317531238,ransom,
9281089,10037,647613,567824,232375423,ransom,
10771607,93663,1354016,947185,182599327,ransom,
10702736,15119,1082581,937382,264187631,ransom,
12699530,13675,988588,897027,315787137,ransom,
9445384,10565,957170,867839,237612235,ransom,
9154876,31422,1290679,851480,177260461,ransom,
9271373,10407,727640,672185,226288532,ransom,
10361922,11007,796494,710490,260182372,ransom,
10817954,25368,1428156,1100388,234911485,ransom,
12891177,22361,1223821,996608,308373234,ransom,
9138913,9926,823154,752266,227040336,ransom,
2232571,2607,348126,308361,58956000,ransom,
19139858,125872,1632511,1203638,382924536,ransom,
15332359,23506,1555752,1328522,375500936,ransom,
11521637,12956,1046678,961109,284544324,ransom,
14827872,16167,1331199,1224701,368788342,ransom,
16102284,38492,1899329,1394500,344769438,ransom,
12669917,13703,1087656,993703,313897546,ransom,
14511201,15929,1181112,1081185,358169749,ransom,
13211351,20469,1202699,1097229,309568973,ransom,
14053454,37153,1747679,1239567,305610206,ransom,
14289500,15850,1387467,1279426,355541527,ransom,
12255025,13304,1080052,983146,305220976,ransom,
15638586,115273,1366050,1061133,300528752,ransom,
14368337,26845,1784524,1471369,351027129,ransom,
13658806,14838,1057835,963175,338629799,ransom,
9877134,11264,1058159,972910,247619341,ransom,
18067259,39238,1973468,1500337,395044172,ransom,
12533007,14686,1237596,1139801,309712611,ransom,
9409893,10906,860772,794735,231341287,ransom,
14379149,18584,1259189,1118288,334696938,ransom,
19548747,38013,2239290,1778486,461157593,ransom,
7766366,9491,770075,700759,193710906,ransom,
13808015,16461,1223359,1102107,343568009,ransom,
19011047,96471,1566296,1202756,384576592,ransom,
8423592,14795,887524,610679,214137279,ransom,
7057895,6529,527562,433241,188865001,ransom,
11991107,12510,1051986,934582,307721754,ransom,
14366933,34587,1554803,1046332,332641576,ransom,
9054285,9361,756224,676888,230680254,ransom,
9032254,9747,770545,679303,230578540,ransom,
12936226,16532,993633,785184,310116830,ransom,
9447935,44909,1227337,837494,225625947,ransom,
11866875,30447,833888,686548,307381688,ransom,
12625756,15976,1172639,984648,324968926,ransom,
13846655,92671,1476539,972668,261565078,ransom,
10317192,11679,820110,652595,268416549,ransom,
10644296,10277,813675,718215,273829557,ransom,
12433381,20893,953278,783969,294603331,ransom,
9519921,28969,1371647,912822,207798272,ransom,
13371161,14998,1109913,1022978,330697630,ransom,
13866775,17288,1375997,1209711,340758500,ransom,
11058926,43262,1387099,1060290,219364302,ransom,
10688982,14240,1009336,794523,260832248,ransom,
11922121,14406,1040259,905785,291819555,ransom,
7999461,9131,764812,693873,199815267,ransom,
14380308,87615,1746841,1169188,269222652,ransom,
11591373,12695,971740,893260,286232085,ransom,
11050366,13306,867870,740202,269696323,ransom,
11230241,20429,1232514,999334,247268189,ransom,
13815494,28671,1659757,1310527,330630690,ransom,
11997459,14586,1033440,902481,292746430,ransom,
10037424,15150,1218364,1118690,250089887,ransom,
17943539,40691,2031642,1496727,388184425,ransom,
12175985,15098,1123701,984938,296834276,ransom,
13001197,14287,1115873,1012898,324543436,ransom,
16501878,20618,1410858,1247249,383017937,ransom,
16218506,98277,1867226,1330650,327868432,ransom,
12991907,116795,1137927,987684,317854171,ransom,
14118067,17114,1243658,1100512,343857927,ransom,
13505390,18690,1037253,911904,302028641,ransom,
13671427,33984,1782687,1308816,317782961,ransom,
15334786,16664,1313159,1209498,379420180,ransom,
12527523,16065,1002894,867942,306507878,ransom,
15925934,44036,1798524,1299046,335082192,ransom,
14700509,17878,1470898,1289407,366408064,ransom,
11427308,15581,1038968,902999,278672914,ransom,
14554950,16223,1237887,1123151,350312126,ransom,
17131646,38407,1895002,1372954,386029311,ransom,
11128391,18135,1084537,832361,258764590,ransom,
12363436,17373,1240697,897106,285930341,ransom,
22287326,108642,2195429,1374159,419938579,ransom,
11490853,15048,1361141,1118120,282818133,ransom,
9085345,11984,1059216,921364,222910759,ransom,
13017733,16545,1229466,1081896,317513015,ransom,
13684039,35169,1571937,1113184,283966329,ransom,
14511952,18444,1231386,1072635,354668991,ransom,
12944868,14484,1137833,1049444,318657546,ransom,
12169244,27993,1226331,843713,254647397,ransom,
6277143,14736,947654,716625,151555416,ransom,
12076675,13979,1118905,1034356,296206483,ransom,
11222742,14021,915221,780909,275133590,ransom,
15329406,102131,1655694,1133237,297697648,ransom,
17006500,22727,1535081,1356526,419693457,ransom,
11384499,15580,1033585,893143,278953568,ransom,
12174151,14479,1014710,906661,274962513,ransom,
15618753,41433,2086847,1496880,358148665,ransom,
12195660,13000,1108923,1014615,304690011,ransom,
9492403,12895,1024854,894789,231903434,ransom,
15405308,37159,1626845,1169088,329528667,ransom,
12245414,20602,1381945,1157175,302152835,ransom,
10855074,14802,825219,677137,269242795,ransom,
15809847,44370,1389984,1261461,377002183,ransom,
19635744,118195,2046922,1434773,395369652,ransom,
6788082,13438,678388,539467,167673028,ransom,
10258828,11749,969254,892232,253248735,ransom,
10034624,23197,901916,699990,213731613,ransom,
15502876,32482,1856365,1451254,365717649,ransom,
13717665,18672,1200311,1055222,333754595,ransom,
9310650,14483,699829,544327,235347574,ransom,
15376060,37625,1999325,1499793,338352442,ransom,
11391828,18714,1247852,1085039,281008573,ransom,
861858,4017,438264,393151,22984317,ransom,
3713689,25183,1229236,1028588,68560888,ransom,
1977340,42000,731812,240674,13534978,ransom,
815583,5880,251109,37309,4070713,ransom,
1234384,12399,352291,53853,5951763,ransom,
2994976,78397,754585,224077,19397033,ransom,
0,0,0,0,0,ransom,
17792840,19442,1610585,1454818,443488740,ransom,
11722728,13280,1029605,930633,290540238,ransom,
15208300,35942,1840424,1378439,330058049,ransom,
14499497,16414,1401987,1279647,359587620,ransom,
10089206,11627,871277,792516,246967678,ransom,
18183741,95651,1427602,1178276,373735161,ransom,
15612461,36365,1954792,1554860,367711635,ransom,
11072129,13246,960164,862650,274667804,ransom,
10712090,11973,1004341,915332,266912313,ransom,
17801480,46943,2024600,1514638,387441736,ransom,
14682880,16550,1295892,1170050,363386464,ransom,
11440941,12513,1018978,922244,285822983,ransom,
12054377,13537,1103483,1016809,292116387,ransom,
12156955,36883,1570658,1146125,253723680,ransom,
8253,242,5257,178,52633,ransom,
10184352,11723,764924,678109,252034931,ransom,
2547455,25261,831413,455087,21472125,ransom,
6494619,7735,599436,539145,161041975,ransom,
7683002,95950,713506,574021,150802735,ransom,
10264735,11553,771017,706548,248806695,ransom,
7618777,31010,1207322,782133,151594033,ransom,
5990007,6972,463538,435727,144672033,ransom,
16374530,70612,834792,738266,324596868,ransom,
3100649,20807,720810,453760,36662853,ransom,
8138046,16279,857507,671673,198148805,ransom,
4940664,6015,597018,527454,127359534,ransom,
14511348,16166,1371979,1241847,363966379,ransom,
18527685,43116,2097816,1621532,408745267,ransom,
6722283,8051,531762,479789,164764653,ransom,
15538965,95034,1236113,1071354,339802515,ransom,
22082956,33830,1967501,1641887,500879882,ransom,
6130573,17874,968378,727298,145170887,ransom,
8440099,10709,903461,819501,209978509,ransom,
14744533,16863,1322116,1206800,363561359,ransom,
14479668,35550,1847946,1401371,314474307,ransom,
10136605,11729,901536,814016,248975109,ransom,
11138984,13300,968501,885272,273008559,ransom,
14318640,15984,1212546,1100110,349935833,ransom,
15243261,40998,1724986,1240914,335631459,ransom,
12902145,14945,1201666,1091374,318973061,ransom,
14820152,66305,1184151,1019879,330707852,ransom,
11919979,31462,1166006,971305,255576815,ransom,
14389427,28452,1785190,1418225,344893603,ransom,
14746086,16826,1379195,1258508,364316189,ransom,
11627423,13322,1049845,960941,285852416,ransom,
15232103,35061,1788850,1335206,324073768,ransom,
15184844,17122,1317786,1197596,377294899,ransom,
11986121,13504,1271186,1158740,297537840,ransom,
14955177,17401,1067057,965413,341969635,ransom,
12206891,33777,1617637,1189968,275384089,ransom,
14229028,60505,1264733,1107127,325694882,ransom,
16654651,38938,1297921,1175823,393949885,ransom,
11363154,33221,1426685,998819,229542060,ransom,
12616235,14492,1061804,958409,311659935,ransom,
14957361,16758,1411317,1285268,370296852,ransom,
12247353,13674,1102738,1007668,279266686,ransom,
14398226,36940,1643241,1180906,328113908,ransom,
13471703,15247,1415045,1303864,332560908,ransom,
9318152,10666,920105,846232,229087871,ransom,
12730209,32937,1494401,1074009,269966288,ransom,
13577526,15551,1264995,1161221,334446622,ransom,
12380035,74611,1124877,968526,266472694,ransom,
11018329,12627,1080120,986724,271504075,ransom,
17930526,47281,2022464,1496163,397487865,ransom,
13734650,13947,1158498,1029957,347480954,ransom,
12819324,13642,1150708,1025528,323245356,ransom,
17000911,34778,1870905,1472764,369536578,ransom,
13689338,21787,1346485,1130452,334180352,ransom,
10930427,116259,1003966,916496,269125891,ransom,
13868076,15270,1282595,1175096,345405896,ransom,
16073212,40363,1785193,1290422,342737611,ransom,
12469269,36425,1189023,1073199,298132015,ransom,
16658745,82110,1301439,1143016,377393420,ransom,
16186660,28593,1550953,1257585,348607535,ransom,
10931917,22734,1369743,1106216,265429343,ransom,
14571495,16785,1128036,1015273,360281697,ransom,
13380701,15389,1252537,1159999,329682886,ransom,
13531656,34287,1710357,1264605,292672275,ransom,
14371476,16114,1226102,1119149,355264462,ransom,
14345878,15853,1296974,1193183,353893040,ransom,
11422532,13032,1078254,988396,273705653,ransom,
12793367,33620,1677618,1216297,274934743,ransom,
15660481,17542,1444670,1327030,387786730,ransom,
13883408,53162,1060902,932417,322083868,ransom,
14781136,67647,1784374,1327519,298755932,ransom,
11976422,13969,1165136,1015761,301552065,ransom,
11432344,12540,1137692,1047549,285219499,ransom,
11636174,12829,811483,743631,285241564,ransom,
18403216,46872,2100600,1590423,408843789,ransom,
13122771,26130,1285808,1174098,329700712,ransom,
11571498,13511,882568,786871,284146272,ransom,
10250408,21979,1332878,1054741,221296397,ransom,
1621628,9118,912418,700283,43875502,ransom,
20705707,22687,413766,343597,507421859,ransom,
18890272,80195,2106292,1895666,428223450,ransom,
9350383,32925,1350766,943929,186711689,ransom,
13050398,15670,1180941,1046361,326409131,ransom,
20601631,22743,1747890,1617704,508511336,ransom,
7612386,10155,707327,639717,162662975,ransom,
11886605,33605,1650336,1179369,271227601,ransom,
17044821,23465,1479641,1330005,424270613,ransom,
9978715,32796,1064815,893623,235390636,ransom,
10009184,30065,1339478,904099,200648881,ransom,
16160898,18122,1389687,1270725,401269207,ransom,
15364726,17330,1278416,1171334,380497438,ransom,
10382582,78508,761011,636645,213613335,ransom,
18295941,55286,2066274,1535431,399668933,ransom,
17453891,19784,1499366,1373133,430649635,ransom,
10989831,13086,1101484,1020567,269226080,ransom,
16143618,293477,1610779,1242652,342525429,ransom,
13250670,21346,1189889,978164,322106067,ransom,
11185320,14076,1344261,1249412,273934828,ransom,
10340677,12442,980318,910466,252466981,ransom,
17133434,45055,1837213,1352843,365286431,ransom,
9128200,11073,870571,803139,222729081,ransom,
14001102,16234,1170087,1068701,343905818,ransom,
20057735,89876,1664986,1446507,425455917,ransom,
4254829,22738,1159821,749780,85578610,ransom,
518629,685,180613,153460,15885660,ransom,
12664211,14454,858803,789237,308601987,ransom,
3026785,20161,1245959,852555,44724484,ransom,
17485174,19948,794625,725956,424367084,ransom,
6985215,8771,812107,756623,170161243,ransom,
9532826,11899,786409,702256,219149591,ransom,
21247641,44223,2272228,1741814,502690042,ransom,
10763453,11836,1039056,945119,269402769,ransom,
8783839,9825,756681,662895,221840940,ransom,
22554622,90037,1851102,1590581,497204949,ransom,
12945553,60024,1581207,1149393,286633569,ransom,
8353411,9583,859423,770340,210210044,ransom,
15602666,17112,1285311,1179950,386696529,ransom,
14829416,27817,1546127,1207381,321680886,ransom,
9733591,19350,1299747,1041026,240601264,ransom,
8573397,8996,1067350,975184,218209021,ransom,
1004731,861,306272,262568,30093723,ransom,
15706756,36287,1279793,766052,345477672,ransom,
26145715,32551,2320392,2074307,627448623,ransom,
1446372,5179,362923,104852,15277603,ransom,
15587798,27737,1583205,1113101,335629521,ransom,
31183925,141517,2856781,2265321,675028772,ransom,
3086623,4341,362689,330072,75080327,ransom,
12454560,13826,1055084,936742,314401100,ransom,
22965500,25151,2066472,1902115,555695474,ransom,
8054758,30483,1183204,732752,149513079,ransom,
2524680,7187,783194,689124,68733511,ransom,
1768526,2907,831260,755542,53317173,ransom,
14167349,27952,548388,328819,319619480,ransom,
29151199,50078,2690878,2279212,695340297,ransom,
1394129,2188,155811,132797,33774536,ransom,
6625580,7045,578896,512356,169170888,ransom,
18590765,87410,1688765,1292194,375293116,ransom,
6032386,29083,822902,556214,137375107,ransom,
8199339,9120,744723,678872,202993263,ransom,
4834489,5533,489584,434945,123262983,ransom,
10646308,31307,1307455,879745,219933206,ransom,
12176830,13238,968999,869007,304851517,ransom,
2106223,2472,289725,268164,53323069,ransom,
11019492,13642,968385,800772,259288381,ransom,
8507534,26488,1131443,800600,183892418,ransom,
9113099,10134,894593,828341,225053627,ransom,
8055114,252199,704012,634774,202280147,ransom,
8486215,171022,1061657,692763,131151917,ransom,
1295729,5375,573637,446953,34242704,ransom,
799887,878,368510,335049,24547801,ransom,
688956,982,297874,267480,19640888,ransom,
4899477,21296,1114793,743071,89309654,ransom,
15137663,17536,122680,61741,367174980,ransom,
21657022,25152,1899209,1788174,527284379,ransom,
5515729,17127,807644,501601,107781143,ransom,
15906838,30479,1529812,1285045,392902574,ransom,
15429728,17845,1437477,1307321,380946551,ransom,
8160488,9590,869250,793660,202327352,ransom,
13990270,86497,1286936,959538,263767777,ransom,
16749391,32856,1684508,1404593,410707705,ransom,
13043398,130296,1073584,970560,321326908,ransom,
8692234,9736,807907,732815,216148249,ransom,
16592006,37251,1884294,1432982,365970423,ransom,
13735966,15131,1221555,1100083,343232893,ransom,
11669478,13161,1040495,938276,289520373,ransom,
8465884,18265,1281069,1079693,176494131,ransom,
2116454,20030,945916,664016,48830300,ransom,
8235374,9424,322681,266001,203624442,ransom,
27424436,30155,2084438,1917798,672102258,ransom,
7673158,87357,876587,532763,100245146,ransom,
12213619,17021,1317811,1091670,306708643,ransom,
19395547,22013,1707136,1551052,476402946,ransom,
8663806,10019,883104,813217,214028772,ransom,
16305126,35262,1880154,1429375,361980262,ransom,
17689416,20522,1478308,1354835,434427218,ransom,
9629368,11561,964816,881206,237323453,ransom,
13656875,16802,1121433,1007379,305693558,ransom,
4555137,21121,1504804,1106344,100994164,ransom,
472410,529,86501,70616,14900044,ransom,
27496345,31067,1465337,1302186,676208851,ransom,
14914458,77015,1577786,1333132,292590389,ransom,
5408094,21965,938153,603443,121873708,ransom,
19364620,21663,1805244,1650157,484381638,ransom,
14014398,15840,1021825,904213,346812246,ransom,
9256161,28948,1622068,1167675,189028478,ransom,
15281458,16310,1148906,1053555,382537326,ransom,
13862047,15967,1302896,1175496,345361876,ransom,
10712377,11782,925828,834847,251175036,ransom,
15988953,36414,1957989,1499105,369619156,ransom,
14699457,16817,1433826,1304272,367155339,ransom,
10651288,13301,765923,687644,258479938,ransom,
16718933,98931,1693391,1220932,327922799,ransom,
15804150,17875,1484633,1305718,396051567,ransom,
6033080,7254,803009,727166,152215519,ransom,
1266417,1265,379395,331912,38943205,ransom,
18948053,42708,1190294,763135,423080403,ransom,
14930418,17640,1709162,1578600,369958902,ransom,
7793439,8912,706474,639239,193952796,ransom,
10786345,17712,1068445,816440,236099969,ransom,
10700693,25621,1421990,1128337,257493322,ransom,
10895900,12693,888577,808618,267592868,ransom,
2400029,3102,272862,235587,61621125,ransom,
14788759,105431,1239392,908284,289670896,ransom,
13352692,28634,1522822,1178640,326421618,ransom,
11644525,12737,981643,898653,290140489,ransom,
8124495,9771,835067,770332,199437755,ransom,
12609279,35543,1431845,966566,260243090,ransom,
9690378,10855,1006199,902787,244378210,ransom,
6610956,7691,612692,563991,162539088,ransom,
14120107,18046,1130559,1001963,344557744,ransom,
14085022,42076,1639931,1130018,299975941,ransom,
13630721,15353,1122346,1005841,339475568,ransom,
13487184,18471,1407904,1258347,332764810,ransom,
12514577,58108,992006,847361,264612010,ransom,
15260716,86346,1738391,1236692,330994334,ransom,
13024023,16059,1154545,1029446,321869249,ransom,
8818174,11894,950403,832644,216953067,ransom,
14060541,16718,1202535,1068512,324569821,ransom,
15570789,39147,1849563,1366524,355293648,ransom,
11563547,13618,1010624,900524,282864407,ransom,
11223204,14854,1027248,894561,274047336,ransom,
21367763,43369,2271368,1689166,474217492,ransom,
10042571,13324,1055864,940381,245731170,ransom,
7294615,9148,556944,483991,177329472,ransom,
8924220,9880,847739,769790,224782988,ransom,
20315233,117612,2290171,1647818,416649248,ransom,
10842751,283337,1151136,902331,256940636,ransom,
13183632,123653,1260048,955633,320800826,ransom,
18040775,19210,1407551,1273918,447814434,ransom,
4773766,25066,1375915,961208,71023691,ransom,
842195,1184,409318,368891,25254823,ransom,
16167342,18420,498530,409462,394698803,ransom,
22439285,33693,2258809,1976466,509960272,ransom,
6352504,23610,1038911,727698,154599413,ransom,
9697189,11862,931362,846984,239742238,ransom,
11403646,13187,1078260,980277,284610579,ransom,
18919665,126042,1975732,1399441,374768804,ransom,
14153613,15938,1227455,1106028,352226730,ransom,
13410333,15386,1233648,1114461,332134373,ransom,
14286960,16575,1199773,1094710,350624115,ransom,
13574373,34972,1598655,1168980,284104245,ransom,
11009448,12593,1039232,939283,273801937,ransom,
14000498,15597,1333134,1213170,349325648,ransom,
9646510,24263,1319222,974500,202452546,ransom,
2517535,6811,874741,676652,74298136,ransom,
5386841,5946,139011,94528,135549857,ransom,
28476432,33417,2088337,1913340,696211215,ransom,
7922468,88632,880581,552856,109879010,ransom,
8289430,14811,1119861,884428,208687974,ransom,
24182506,26911,1952032,1784640,597201857,ransom,
6686427,7828,734172,691864,163139219,ransom,
8009126,26917,1257285,824096,153966835,ransom,
22514649,149582,2113270,1936263,558642846,ransom,
10405595,11444,791982,732865,256194538,ransom,
10924484,22140,930108,810262,239433249,ransom,
7771337,22856,1487404,1086435,175301085,ransom,
1847760,2779,683624,606365,51729036,ransom,
28003300,32137,1674283,1526632,685554615,ransom,
14484181,85180,1366228,950739,265221767,ransom,
2411666,5460,479000,345318,62564826,ransom,
24422166,26858,2039190,1852499,608912384,ransom,
13048516,15417,1152861,1067864,319286967,ransom,
6131832,24158,976144,575172,109094754,ransom,
22658514,25562,1905939,1729922,566430133,ransom,
14417926,16328,1375511,1280033,354073658,ransom,
7109742,12777,690115,531059,134433214,ransom,
19959614,295492,2198856,1808103,492245926,ransom,
13571829,80485,1068901,993033,330750570,ransom,
7955863,69655,484138,373394,160635862,ransom,
4670997,30239,1042697,612959,64118843,ransom,
9676323,10829,741152,676084,238631959,ransom,
6000197,6548,623962,564793,152870557,ransom,
12893369,14581,1000216,927887,302075496,ransom,
7154519,28511,1158966,730182,147443632,ransom,
4777184,5407,386492,353048,117331621,ransom,
7386427,11470,602069,445590,173859401,ransom,
5647793,29896,1209859,564043,81801035,ransom,
12227271,20113,1220029,892923,279550089,ransom,
4126196,11412,373617,220249,73835198,ransom,
11814119,82554,942544,791299,243052813,ransom,
5083068,52493,823687,393900,88522414,ransom,
9387876,11096,886937,806976,231731062,ransom,
2258833,2577,219395,191060,57645461,ransom,
12175974,26454,1260454,953573,263068214,ransom,
6479500,16471,807064,559498,157572415,ransom,
5588705,6783,587829,541275,138438616,ransom,
11438752,12583,834746,763845,282612154,ransom,
10973506,33978,1553321,1056527,234336722,ransom,
9525422,10478,779341,710363,236985091,ransom,
10736474,11631,1168747,1053759,273366337,ransom,
19852904,31284,1677941,1480221,459923676,ransom,
11397595,31903,1522034,1094171,261674673,ransom,
16071166,79145,1326672,1166714,369654787,ransom,
13040209,44441,1282775,1166694,307043461,ransom,
6029209,29777,1021181,571823,92334053,ransom,
1303000,1762,522774,470710,38845233,ransom,
24187490,27229,1545125,1389793,594823934,ransom,
13520910,15632,1191625,1099865,330050484,ransom,
4011808,26838,933522,507941,53078911,ransom,
19158099,21365,1599506,1439346,480231038,ransom,
17801884,20044,1502454,1377844,437458797,ransom,
5737882,19480,800198,524712,96489270,ransom,
14518910,23022,1516530,1275934,362277472,ransom,
20604450,35202,1673128,1513060,502168748,ransom,
8133990,63202,681676,568902,166449489,ransom,
10284188,30780,1389459,935875,212433520,ransom,
17858602,20237,1531165,1405668,442733775,ransom,
9487424,10475,972911,898457,235190829,ransom,
9315280,24659,779244,656722,201625320,ransom,
17249581,37281,1865368,1387094,407703611,ransom,
14829387,16272,1244412,1131549,369397585,ransom,
9255067,10472,880076,799856,232323891,ransom,
12001212,31698,1401175,956877,252289117,ransom,
12635638,14188,1227544,1125227,313919201,ransom,
9835601,10661,926888,856775,244298816,ransom,
16296839,78027,1175993,1009995,347463981,ransom,
17431984,41283,2086238,1536303,394508893,ransom,
11895950,13253,1080174,995997,294399245,ransom,
11305932,12475,982256,895185,278746739,ransom,
17998632,42957,1821061,1405427,396835807,ransom,
14228460,20259,1496029,1269320,350415713,ransom,
10672375,11875,898702,812797,264004160,ransom,
11124126,11953,1060506,952937,279694403,ransom,
16261214,40654,1939457,1416858,347007227,ransom,
9263146,10754,1037612,948733,229698857,ransom,
11072029,12353,1101547,1009250,277368488,ransom,
17502696,111593,1373729,1115158,349359287,ransom,
11860686,30773,1358397,1011566,278700556,ransom,
11998862,13370,1018144,930144,297261296,ransom,
13327909,14090,1185204,1081113,332771610,ransom,
17572966,41978,2023608,1530340,382736107,ransom,
12124879,13278,1089059,992854,301107723,ransom,
11197519,11943,974190,892646,277953084,ransom,
16425567,17847,1311457,1180629,388876760,ransom,
15221748,39173,1831797,1349100,346132548,ransom,
9930595,11056,983952,902129,245938292,ransom,
13603622,14736,1142688,1038438,338098271,ransom,
17778347,111891,1328502,1136563,369325011,ransom,
11453383,33009,1663857,1224061,258710057,ransom,
14292822,15744,1275992,1170017,354189221,ransom,
14473987,15867,1343365,1234660,357907612,ransom,
15917224,36138,1665569,1202868,337601692,ransom,
14820406,16511,1351065,1250237,366507695,ransom,
12672268,13815,1169978,1062929,315139526,ransom,
12147251,13467,1104942,1008309,296451826,ransom,
14851110,41607,1754062,1279283,315355948,ransom,
12517309,13783,1220513,1121129,310755298,ransom,
13488486,15027,1212332,1110617,333374424,ransom,
16403974,87182,1234131,994287,335585929,ransom,
11367388,28381,1588007,1223346,268246671,ransom,
4728788,4802,848915,797978,123412722,ransom,
691885,952,83898,68644,18729221,ransom,
24932632,48889,1966303,1434100,561555754,ransom,
11505836,13248,1134604,1057323,282676745,ransom,
9444266,10195,752401,679880,236561489,ransom,
12059183,13286,1238802,1133020,302071088,ransom,
16764833,41072,1866975,1358341,362565745,ransom,
7602870,8721,818616,760123,188842863,ransom,
13416657,14797,1143384,1055169,331040296,ransom,
20205937,113826,1421953,1174633,418184958,ransom,
9808025,26267,1404405,1048242,225833922,ransom,
8161873,9605,778052,714877,201712287,ransom,
12468275,14223,1209050,1125685,305780628,ransom,
15795189,33721,1804288,1378261,341030845,ransom,
11791349,14024,1046524,960153,288109313,ransom,
13118833,14880,1153744,1060847,323585091,ransom,
14582918,16231,1300454,1200415,342281405,ransom,
16198803,32922,1615183,1197585,369234536,ransom,
8370943,10079,1029837,958328,205765819,ransom,
12173670,13633,1075694,980281,302488221,ransom,
17169102,71759,1340203,1117350,354197256,ransom,
13768207,31582,1608683,1235212,327502631,ransom,
10236258,11275,1039120,954236,256936439,ransom,
14697314,16782,1278290,1166541,364803739,ransom,
13420442,21342,1137131,1038214,318317282,ransom,
12707689,37472,1445758,1131565,272303582,ransom,
15707500,26250,1637946,1364560,382510132,ransom,
13008967,14832,1188518,1093244,320145000,ransom,
11100294,12469,1030685,945594,275996386,ransom,
16562785,36613,1898935,1434867,354474137,ransom,
15067518,24294,1141347,1029572,367438173,ransom,
13297528,69513,935619,789303,296221643,ransom,
11884333,16164,1093935,934803,264936175,ransom,
11520110,28155,1552287,1179116,274801259,ransom,
11564065,12741,960289,856794,290670968,ransom,
10041486,11252,838037,761650,247996117,ransom,
16109879,34658,1717610,1237040,364956970,ransom,
9336975,9981,1004999,918167,237028248,ransom,
11550979,12558,988461,904964,286755383,ransom,
13377279,13710,979060,872590,320930235,ransom,
14972475,34304,1705605,1261873,338396095,ransom,
11659156,12985,970289,882608,289297093,ransom,
14814139,91658,1328270,1160223,328889467,ransom,
14821241,34280,1690338,1272057,323646702,ransom,
10580512,12336,1067275,962071,263656676,ransom,
14216572,15405,1149388,1050538,353953824,ransom,
12932313,14085,1100005,1004864,321239208,ransom,
14440695,34286,1855011,1411303,308739026,ransom,
13839308,15319,1140896,1048075,341117553,ransom,
10032728,10828,1213810,1118155,254775322,ransom,
14777827,25846,1145472,961948,331070992,ransom,
17187831,34355,2080215,1703197,412187982,ransom,
10478010,11569,799700,724912,258698369,ransom,
15859471,80840,1319513,1154710,353566071,ransom,
17460004,38555,1904296,1441687,383093792,ransom,
12209170,13532,1066196,985577,301935363,ransom,
8461568,16791,663279,567954,211220606,ransom,
6460959,20269,560635,415700,163009386,ransom,
15492136,65767,2078530,1445823,342957109,ransom,
33331578,62343,2387337,2140877,811129987,ransom,
1814436,3147,288520,263712,44050219,ransom,
12774224,33538,1521495,1096953,265824360,ransom,
22113637,26632,1916353,1718197,547721611,ransom,
6880421,8501,705840,636643,170799935,ransom,
15223603,19890,1390362,1269388,378555436,ransom,
20035895,103741,1897273,1371866,408116109,ransom,
9214781,10600,874560,785243,231002713,ransom,
10730131,12146,1026427,935213,269242881,ransom,
16299063,18116,1462187,1347302,398451887,ransom,
13450870,43550,1596340,1165878,284913968,ransom,
6360679,7408,749024,692242,159024588,ransom,
16764281,18679,1413707,1287795,416842902,ransom,
17402390,34587,1887659,1511861,381522878,ransom,
2402754,7427,529051,411143,59404128,ransom,
1267760,1633,566881,514544,37706780,ransom,
24907563,27275,1573412,1448945,611172371,ransom,
12287907,91157,1237309,863679,220920526,ransom,
7564867,22689,910370,727050,179720821,ransom,
18210318,22816,1452033,1226919,444204105,ransom,
14453609,18048,1551103,1206759,341198562,ransom,
13988708,41675,1739569,1053552,274446503,ransom,
16128356,23497,1341289,1082817,377616260,ransom,
17621602,19271,1605917,1490580,434045584,ransom,
7747762,10773,645510,548580,167114131,ransom,
13212500,31847,1761455,1346384,310008794,ransom,
15202737,17060,1373755,1262584,376207462,ransom,
9595888,11416,1031375,935575,236683754,ransom,
17269904,119834,1755749,1195346,327010771,ransom,
15657643,17794,1478952,1345930,389205788,ransom,
8933713,10407,676112,617722,217165987,ransom,
13551222,15160,1414222,1288289,339624049,ransom,
19216942,42392,2048717,1530049,422221903,ransom,
10419757,11723,825978,759992,254310410,ransom,
11492348,12616,1096457,1002268,285349041,ransom,
18428376,30329,1822784,1511364,412046688,ransom,
13613595,25675,1457215,1180152,327918041,ransom,
10274366,11756,942914,862398,254237923,ransom,
17841531,44777,1535695,1396099,429053819,ransom,
16551638,95950,1858608,1327936,324539675,ransom,
8867922,10125,767193,694298,219324973,ransom,
19021078,20832,1531879,1396504,470242761,ransom,
13291947,23068,1343929,1209411,298211076,ransom,
10695908,29309,1397397,987215,242563579,ransom,
15459643,17338,1440107,1310931,382973142,ransom,
13003994,15408,1146186,1053295,319960987,ransom,
12851016,31120,1519981,1159022,275890688,ransom,
15942666,22165,1511477,1265522,395561716,ransom,
12657930,63001,1161246,1064454,312187290,ransom,
10934785,12091,1074142,967423,274380133,ransom,
20797648,93275,1662836,1330818,433297873,ransom,
11886886,25103,1495259,1208825,291092279,ransom,
11276440,12979,1051930,935771,283766581,ransom,
13773639,15729,1333947,1224353,339507124,ransom,
13603462,36202,1642550,1192870,285574500,ransom,
11139526,11942,913322,824481,280547875,ransom,
13601963,20589,1350879,1237760,336413437,ransom,
11998357,13167,1102235,998479,289132394,ransom,
15395041,35836,1854920,1404933,347995792,ransom,
13855254,15282,1297699,1174405,346421321,ransom,
14155188,15886,1098381,1004754,347853794,ransom,
14998922,30110,1717528,1332065,327538144,ransom,
14959932,67900,1334249,1106410,334238549,ransom,
16210781,18218,1297066,1184775,398030291,ransom,
10954283,12418,990701,911390,270187375,ransom,
14098202,32426,1626375,1209749,302821972,ransom,
13667864,15580,1243700,1142160,337553338,ransom,
11551121,13519,1053175,961965,286075094,ransom,
11686816,24735,1215588,993990,247660235,ransom,
13374490,25833,1741637,1401422,335106447,ransom,
14826670,15377,1232326,1108229,373931708,ransom,
10429593,11853,820403,740904,255882513,ransom,
14179928,35077,1809159,1323254,310971465,ransom,
22308399,86135,1686183,1479522,510910567,ransom,
9502594,10953,823033,759989,232847999,ransom,
9480790,10922,891872,806933,219744884,ransom,
20899926,43855,2387275,1860640,490804714,ransom,
13014331,14469,1026976,941592,321125923,ransom,
8332758,9452,769026,698837,208047574,ransom,
20372206,42880,2193821,1706056,454750518,ransom,
14023161,16622,1198372,1067879,345355383,ransom,
8915609,10233,806162,732552,221180730,ransom,
16213306,20732,1460197,1333446,397579025,ransom,
17666514,71363,1999409,1451571,374412201,ransom,
10878151,81336,919091,799742,234011726,ransom,
16415762,18694,1406384,1283818,407931921,ransom,
14782215,17332,1237933,1121865,339368160,ransom,
12334895,37607,1632497,1146528,277183401,ransom,
15714855,17193,1343218,1232126,388262493,ransom,
13256147,14660,1216930,1124829,327309963,ransom,
12396340,33590,1412719,1012020,256704584,ransom,
15428604,21911,1444761,1212908,380048187,ransom,
13207639,14620,1197854,1098840,327859362,ransom,
11929279,13247,1075153,987441,294782832,ransom,
19180625,49582,2030747,1478441,428127538,ransom,
15943688,345354,1365677,1201806,350123069,ransom,
10219859,99194,726936,645225,255939842,ransom,
16227315,20464,1458352,1264668,371874406,ransom,
14922909,36607,1734477,1277677,353792718,ransom,
11325340,12692,1039534,953348,279729057,ransom,
10837141,11544,1028287,934514,273699362,ransom,
11493253,34441,1514970,1046919,230754650,ransom,
13582081,14510,1087517,989511,338267703,ransom,
244027,635,149006,139947,5708888,ransom,
7684286,8449,661251,598459,183302880,ransom,
6832694,25619,1137284,707777,145334222,ransom,
10614165,13597,845016,789775,256951981,ransom,
8534978,65149,504099,393763,174953068,ransom,
4973569,24345,1092497,685562,84540451,ransom,
14517225,15419,1193964,1097894,361373564,ransom,
581710,490,106781,91421,18082789,ransom,
12969825,14227,1067066,975745,314691828,ransom,
7092710,26153,1078054,648276,148574869,ransom,
7465702,8564,647891,605989,181424447,ransom,
4105931,4475,315751,270340,105027760,ransom,
4775929,22099,868843,486201,80510768,ransom,
17497772,18997,1406108,1278639,436199607,ransom,
1728000,2398,381831,358412,43876686,ransom,
12279845,73450,898802,762450,263626597,ransom,
5031435,28098,1028194,564615,87504063,ransom,
7902200,8942,545253,511292,190912664,ransom,
5995517,6568,465922,405230,152286153,ransom,
7725403,21896,979456,691170,155842817,ransom,
4647823,10287,524675,332374,120649699,ransom,
5452789,6489,506888,469320,133557756,ransom,
2091746,2132,191143,167148,53926592,ransom,
3375198,24285,777628,391283,50174821,ransom,
1528352,1737,167713,129119,41288598,ransom,
3189222,3822,246268,224537,77855350,ransom,
8822999,86917,869316,523447,157863517,ransom,
3854094,11021,557358,381815,94382783,ransom,
5189359,5285,451144,395262,134377428,ransom,
1297440,1516,85811,74502,32496553,ransom,
6335663,28358,1031682,609517,127316129,ransom,
1392095,1452,116350,100603,36165264,ransom,
4531158,4679,314216,267878,116839590,ransom,
1830129,9859,345583,191018,19891413,ransom,
6710162,19355,828263,544266,166928280,ransom,
273016,466,115332,104394,7617591,ransom,
5402364,16045,350075,281225,134526422,ransom,
7375356,83280,1056030,564991,117482200,ransom,
3534147,3618,305891,266893,91406415,ransom,
3233925,2955,242998,204606,86327616,ransom,
5203013,8975,408819,340224,118926049,ransom,
4757821,24684,901196,515679,101331281,ransom,
3864636,4715,318464,290033,94963045,ransom,
2376504,1872,180357,145196,65551502,ransom,
5473485,27814,984640,588430,101092667,ransom,
1889424,2592,162176,137594,49586379,ransom,
1631244,1964,107159,98632,39346369,ransom,
1165359,430,103280,74062,36434081,ransom,
6373167,98110,849806,396141,81028048,ransom,
2006072,1419,182728,139739,59560983,ransom,
6561140,7761,480244,431539,162632411,ransom,
9561630,126297,679925,581492,250429880,ransom,
3254607,23314,889311,531212,44656627,ransom,
2586180,2810,195551,166748,67174325,ransom,
250776,356,34412,32827,6083872,ransom,
3069308,21582,705085,343580,51870538,ransom,
1038150,1538,83818,68692,27067312,ransom,
3721684,3992,247844,205424,97263013,ransom,
962714,1436,140960,131477,23330361,ransom,
7825921,89108,1019197,554236,127657528,ransom,
104494,707,9560,1087,2597918,ransom,
4423301,4971,373314,335761,112480000,ransom,
3557527,4112,307658,269328,92717709,ransom,
5616742,25978,949889,573724,107023576,ransom,
2364791,2627,237074,197788,63530749,ransom,
3879277,4584,266695,237104,96712666,ransom,
3874563,23023,868144,488767,68144716,ransom,
6952431,8002,525733,465310,175315247,ransom,
852150,1375,142074,132126,21008843,ransom,
4112243,13415,367625,184295,78551184,ransom,
5402358,85630,1037669,383778,61281738,ransom,
7474600,15810,723188,453067,156729747,ransom,
3231293,12696,459512,254587,49043203,ransom,
7149918,8698,507187,464897,175186386,ransom,
4252016,23556,890956,478351,72522024,ransom,
1141527,1651,81367,67284,28397915,ransom,
7288979,8878,670360,597352,183929915,ransom,
4354202,14408,544571,347798,81398806,ransom,
3945966,14794,561567,346227,91289158,ransom,
4096702,4877,360736,331043,100648391,ransom,
7831921,9176,819774,760743,193547383,ransom,
4597105,22887,918337,544967,83976612,ransom,
8623296,69347,592790,457465,176486740,ransom,
4467365,5757,405587,365204,110863597,ransom,
2761720,6879,292731,204828,48288681,ransom,
6983374,24087,1021131,685942,161314933,ransom,
3845554,4587,503422,457093,98580318,ransom,
6673808,7613,411890,371452,163520497,ransom,
4058481,23835,868671,508950,69585558,ransom,
10213794,12527,978926,896281,250846445,ransom,
5543262,6543,625323,557303,141403412,ransom,
9832109,11665,858570,801634,238918786,ransom,
12870673,34863,1485809,1033986,277013509,ransom,
2522298,67425,192928,121910,20535506,ransom,
9492365,70083,869058,796067,234026712,ransom,
9495757,25162,1177796,877805,204191276,ransom,
10048057,17482,1107476,929786,241971536,ransom,
7741199,9183,604556,547017,190467185,ransom,
2303751,2967,279434,250034,58251579,ransom,
10000630,29860,1455742,1056061,207862292,ransom,
12093267,14597,964916,866157,299663751,ransom,
7496326,9499,814319,757937,183230224,ransom,
8652690,13332,724296,625074,190351823,ransom,
4570484,30544,937702,600592,88196447,ransom,
7978514,55086,603636,499624,161170630,ransom,
11584959,13171,938142,858839,287456166,ransom,
3485249,26132,872304,481819,46824119,ransom,
8718558,10825,801007,709065,216877415,ransom,
6708,203,3584,152,44309,ransom,
9031480,12153,769431,677824,211279157,ransom,
2079611,24391,795763,391594,28285039,ransom,
5102528,5930,370667,342107,123877989,ransom,
9517394,11410,830366,739365,239326118,ransom,
7732194,13632,748563,616701,164805051,ransom,
6820031,62038,953740,554873,136879720,ransom,
4337064,54637,329654,268164,76715930,ransom,
8094530,9165,510192,455862,201807229,ransom,
3812332,28646,1049946,633716,54345765,ransom,
7536700,8353,644989,590729,188576679,ransom,
3148904,5289,417801,362678,80596386,ransom,
13211987,22197,1074064,932561,304490333,ransom,
2148227,19839,638538,286237,32404982,ransom,
7195419,9006,674341,617747,177924402,ransom,
2691991,6641,300955,262440,57589329,ransom,
7571725,37960,962678,588786,141635708,ransom,
8579325,15313,662460,526689,212901968,ransom,
6515172,85577,663829,562273,120165713,ransom,
10944705,12262,939070,872283,269459399,ransom,
7575624,47304,1112043,618640,137395131,ransom,
10569100,12023,1012785,932807,262645562,ransom,
1830339,2307,154933,135158,46313878,ransom,
6828158,8194,587486,533057,158999047,ransom,
2377051,27286,809525,397540,29219836,ransom,
3609527,4541,222486,199220,86951750,ransom,
14484990,16834,1182040,1071143,359780639,ransom,
12238001,35872,1609633,1132663,264488238,ransom,
10386679,13024,1028260,950263,253970437,ransom,
4788416,61761,278848,208115,93404061,ransom,
3109914,37671,313920,262668,57296671,ransom,
13184808,36451,1565784,1112674,282591610,ransom,
8587634,9402,587062,518414,216602023,ransom,
7158974,9162,910437,830290,180346044,ransom,
11966707,23687,1149059,902891,256154531,ransom,
9429690,23282,890603,610567,224118690,ransom,
3132727,4064,562236,524502,79841643,ransom,
11262149,12583,940534,867024,277339652,ransom,
5608691,29965,928764,480775,96132293,ransom,
13035899,14926,1221881,1100523,328602732,ransom,
11733851,13022,974401,904254,288978089,ransom,
10719406,102728,862879,722872,203562953,ransom,
9718411,35157,1270975,826287,207866197,ransom,
3266251,3754,320007,281635,84057404,ransom,
8687198,9379,756903,698776,217024662,ransom,
9186015,33690,1333482,874823,183803048,ransom,
13994544,16504,1158336,1059869,344487484,ransom,
2092072,2303,352080,319068,57727309,ransom,
8481966,10339,710904,644674,208837480,ransom,
17981306,41654,1964778,1462718,401484239,ransom,
3305597,3683,234767,202802,83682463,ransom,
7620204,8406,738488,660292,195316747,ransom,
14250176,85929,1146050,986189,297008311,ransom,
10264545,51929,1277168,825218,216896142,ransom,
6577328,7259,612181,551223,165859569,ransom,
3481445,3832,269000,247845,87055955,ransom,
14487168,35353,1638510,1212292,312004894,ransom,
8899650,11786,885358,759578,219622727,ransom,
8963550,10320,738847,667438,223735714,ransom,
4997017,21997,518812,402388,91766440,ransom,
10916312,35293,1321579,856930,210241118,ransom,
13141402,15021,1074831,959534,331945660,ransom,
5115408,5968,556424,505520,130007918,ransom,
11710532,101023,970456,788604,227256751,ransom,
14515977,46464,1454076,1015814,329586331,ransom,
853986,1284,309745,287001,23723183,ransom,
7820683,9672,705214,632774,193281407,ransom,
14430843,37058,1433093,1009990,317542162,ransom,
8894426,9862,844205,774897,221247168,ransom,
6731244,8134,727002,681151,164639755,ransom,
5588900,6112,385236,337460,140755005,ransom,
6510650,25480,1103145,725249,119162079,ransom,
10985914,12353,1016213,937760,272221795,ransom,
8543507,9394,668558,594457,215647628,ransom,
10648579,53799,891867,735199,225241754,ransom,
12008296,43138,1503519,1112243,262985293,ransom,
5238425,6047,564416,499932,132820278,ransom,
7943837,8984,669845,621285,193287531,ransom,
8552043,25403,1139501,763769,172831877,ransom,
277289,668,218114,199052,7981824,ransom,
829692,915,333802,302105,25148224,ransom,
1343015,3998,331894,276218,26433917,ransom,
20941684,36135,1485526,1099862,492628052,ransom,
13633621,15631,1280428,1187097,336126782,ransom,
1064851,1787,264144,249531,25706070,ransom,
7662737,77001,1011640,574226,112376093,ransom,
7102498,7692,620365,545695,182432224,ransom,
9278414,11066,838294,782597,225913517,ransom,
6731840,7533,619536,565042,167526723,ransom,
10126946,28843,1484658,1081344,219275539,ransom,
9003780,10312,598130,552341,219594497,ransom,
13030024,14603,1017853,923038,323974584,ransom,
6107547,22854,1066908,774005,113498984,ransom,
5099176,8249,505387,398633,124162683,ransom,
6564720,7639,587437,532234,163588183,ransom,
5932017,6786,666589,600399,150442036,ransom,
19464493,90022,1793569,1302896,405844687,ransom,
10059734,11442,895189,825602,249184096,ransom,
943176,1333,270489,247781,25970473,ransom,
4232361,5198,314975,287157,101827978,ransom,
15374802,38913,1742135,1294805,342777046,ransom,
12646718,14353,1135374,1031945,315492890,ransom,
5563418,6519,508846,464506,137485567,ransom,
9101147,31348,1105211,809097,177711131,ransom,
8830852,17863,873703,665833,215474249,ransom,
2829529,3125,466173,434246,73541624,ransom,
8691341,10253,725765,659917,212804813,ransom,
19968991,117470,1823088,1401617,409301869,ransom,
7037199,17952,749717,528132,168775315,ransom,
6058658,7309,763790,693832,153866813,ransom,
6638086,7758,564871,531497,160940807,ransom,
9174070,33052,1320285,855224,181062741,ransom,
12803361,14550,1017670,931412,315506084,ransom,
7691992,8587,759428,681992,192371707,ransom,
7054857,11739,688314,575535,146112489,ransom,
10192943,34606,1482102,803751,202404305,ransom,
12847089,22218,1354025,997835,286701473,ransom,
5168808,11765,541548,385117,101930630,ransom,
12426247,59800,1126073,944405,260852433,ransom,
14392046,84237,1510222,1046417,307974249,ransom,
5992467,7106,546321,495484,148923728,ransom,
9883310,11065,658232,588425,245454854,ransom,
6803979,21991,1114630,805620,121721300,ransom,
7328827,14178,1003505,800762,180792415,ransom,
12996581,14938,986125,911561,318437115,ransom,
9272505,10643,728530,664438,229653419,ransom,
6675254,28944,1308787,862252,120223593,ransom,
5493934,6385,414973,379936,135246259,ransom,
10842187,12712,897193,822052,266191679,ransom,
7143952,32350,605672,507833,143829919,ransom,
19356714,119085,1877914,1327328,413066379,ransom,
5981403,6913,596136,550364,148128441,ransom,
11163593,12360,982849,895934,277076030,ransom,
5808518,6876,683369,629662,144498276,ransom,
8471493,32159,1173225,723771,158953175,ransom,
6666051,8166,775206,706039,165127345,ransom,
11297913,12397,1010483,927685,279916236,ransom,
15327680,36178,1596639,1176140,328028654,ransom,
9139151,10595,832724,723758,227468556,ransom,
1903491,2251,221002,199633,47738653,ransom,
12191985,13259,939990,834761,305885677,ransom,
14459897,115148,1482040,1178057,276890771,ransom,
7689790,23514,1047393,722444,181906688,ransom,
8441679,9892,669335,621251,205722959,ransom,
10019509,10979,823064,752827,249009861,ransom,
7189325,36348,1095788,649479,131138511,ransom,
7059673,7508,634303,565304,178956614,ransom,
10695253,11638,880616,815425,264047425,ransom,
10604988,15996,1059147,926393,242337953,ransom,
11206709,31769,1436021,1026878,251872245,ransom,
3446456,4042,346838,302169,88448968,ransom,
6530016,7376,554112,507771,162838454,ransom,
13478238,87667,1118611,946605,282679197,ransom,
17099884,59447,1763817,1288040,386892160,ransom,
2382220,3022,348872,317573,61297318,ransom,
5276827,6170,440169,397466,130188166,ransom,
12711838,48897,1604683,1114551,268098434,ransom,
11050066,13132,866601,766744,273091564,ransom,
7968459,8681,981360,896702,201126497,ransom,
6740467,7537,530803,489574,165880370,ransom,
11948894,35130,1411084,941377,251818333,ransom,
6831946,7725,763396,690692,171864723,ransom,
5920852,6814,530280,477914,146525215,ransom,
13527511,35598,1079222,951728,304070633,ransom,
13062460,101323,1404168,890864,262782830,ransom,
5292594,5872,617610,555737,136280114,ransom,
12677227,14822,1179336,1077496,312579001,ransom,
15386126,17166,1327824,1215528,373259271,ransom,
12913033,44984,1644402,1182807,277664531,ransom,
13684564,15179,1192403,1096207,337979895,ransom,
14742453,15850,1238681,1126854,366528916,ransom,
12169662,26459,1310509,1004611,253634352,ransom,
11406396,33343,1362096,1025109,271246243,ransom,
12880759,28703,1294888,1080061,311485582,ransom,
11264700,23844,1301739,1062288,262466413,ransom,
15938723,77590,1483070,1050536,309098738,ransom,
13633048,47513,1460356,1012330,294206237,ransom,
13587186,16391,1169733,1039624,333299374,ransom,
14515494,15826,1347298,1238982,360166594,ransom,
14683378,45225,1693538,1238658,311727024,ransom,
12840726,14450,1059351,964231,318167533,ransom,
12290753,13486,1169212,1070594,307581993,ransom,
14769496,17279,1255268,1135170,340292192,ransom,
14878596,37960,1922872,1430965,342175308,ransom,
10163712,11915,850397,769376,253100933,ransom,
13267427,15629,1188044,1074676,330557909,ransom,
15378059,84764,1513751,1207180,310404330,ransom,
12869584,59086,1524675,1134459,296476816,ransom,
14368974,16233,1265570,1149597,358222887,ransom,
11136990,12695,1093462,1006617,275846382,ransom,
13612709,34306,1417290,985905,283829191,ransom,
14895209,159051,1502232,1315706,367388867,ransom,
12321080,13219,927003,848869,304937910,ransom,
13094731,15297,1227309,1118200,325463526,ransom,
16970429,157343,1975341,1457216,366475592,ransom,
13027588,15888,1122726,1016767,323840519,ransom,
11513304,12522,1071273,980256,286926164,ransom,
18061097,23511,1541269,1325706,408251954,ransom,
15940162,126645,1759785,1282491,334898744,ransom,
10910022,12400,917000,832227,269987713,ransom,
16555120,19007,1381895,1252266,409976165,ransom,
13408589,14781,1369951,1265927,323103583,ransom,
13416500,37670,1531553,1066058,287474508,ransom,
13802738,16715,1135514,1022288,340543304,ransom,
14723872,16259,1424129,1300346,366275659,ransom,
14605617,36155,1428689,1118795,311336866,ransom,
12578231,27494,1574317,1269791,308275992,ransom,
14239709,15783,1233344,1127039,353019979,ransom,
11882406,18240,1117601,962173,293484009,ransom,
19679749,101479,1760905,1324259,399940804,ransom,
13768145,23966,1531499,1258104,339539403,ransom,
12897128,17283,1145540,994112,317223223,ransom,
11774680,13100,1214597,1111472,292686748,ransom,
15561324,44509,1636578,1220185,325729116,ransom,
12418032,26402,1421143,1102429,296148248,ransom,
11549553,12755,1212267,1098440,289939608,ransom,
11780685,14827,1118563,983972,287619905,ransom,
12750585,36372,1533800,1009089,262313712,ransom,
17994664,25469,1459854,1229362,449676394,ransom,
13065958,42661,1394872,1218962,313168654,ransom,
17145623,103277,1545829,1102073,348073873,ransom,
13135875,23847,1390488,1127737,319076678,ransom,
12528110,14509,1095329,998225,309762727,ransom,
13710605,18247,1219299,1068396,335615382,ransom,
14871544,35456,1839227,1362562,318258907,ransom,
14702009,16392,1316074,1196965,365566481,ransom,
13107182,17288,1225400,1069163,321516753,ransom,
14845353,19930,1377233,1208968,342510616,ransom,
16244855,39535,2045419,1529861,380587909,ransom,
11945324,13795,1052020,956103,293449447,ransom,
12400147,18544,1187243,1034178,306423773,ransom,
18129969,69185,1331595,1105536,377440475,ransom,
11415060,37388,1550360,1133325,254018829,ransom,
15541691,18635,1398692,1196981,391953480,ransom,
16539606,18171,1411277,1288524,409303141,ransom,
9482727,12388,895288,772098,223125845,ransom,
18041380,42440,2036406,1494302,400865216,ransom,
16328908,19148,1493922,1344769,405272513,ransom,
9131188,12820,895399,769642,222322648,ransom,
17114628,31982,1680169,1304154,374621169,ransom,
15476257,24077,1493409,1145794,385394008,ransom,
11081548,14539,991111,854322,270614424,ransom,
14995985,81494,1309592,1136277,329960244,ransom,
18138900,46135,2028864,1453576,399728590,ransom,
11896284,13459,1115108,1022800,294643618,ransom,
10814485,15423,1021655,879709,265666366,ransom,
17192827,20823,1407946,1238772,399175493,ransom,
15916711,37117,1918929,1460516,366056152,ransom,
9547205,12885,887558,761168,234879358,ransom,
11623297,12997,1153425,1049882,291411662,ransom,
18224194,40352,1984492,1472691,398643242,ransom,
12779985,15746,1264992,1099287,316313363,ransom,
12918764,14538,1156492,1047626,322205898,ransom,
18942514,85573,1467131,1230107,419466621,ransom,
15723009,36325,1801931,1359975,343476229,ransom,
9752713,12878,1151896,1004694,240687643,ransom,
16266702,19825,1496060,1332707,397617334,ransom,
14608830,37962,1559304,1194628,312866536,ransom,
14078023,22133,1388713,1151542,341339209,ransom,
12103086,13839,1204673,1113953,298468521,ransom,
14112727,17156,1259902,1121883,342474670,ransom,
14473907,36513,1688611,1208346,300361668,ransom,
14249084,16185,1238756,1140768,348062897,ransom,
11292761,13889,1041415,903720,276502014,ransom,
13064406,26136,1356563,1060555,279051930,ransom,
13572934,84500,1417013,1077742,287663045,ransom,
12859304,16799,1339857,1194418,310889624,ransom,
10588828,22550,1142867,960599,248943614,ransom,
15955239,44985,1807008,1040298,315010885,ransom,
15910320,28173,1497438,1090630,344576743,ransom,
12838741,15830,1154535,1008546,312027838,ransom,
14486787,30446,1276107,1057066,319728138,ransom,
13208091,33482,1541031,1085094,306710606,ransom,
14623413,17032,1430029,1279454,358963680,ransom,
11579054,12981,948481,855746,287740320,ransom,
17021542,42540,2053189,1481252,370977293,ransom,
13103147,74623,1273217,1105988,293712764,ransom,
11619029,43706,915712,784747,270359912,ransom,
14065855,17666,1299486,1143447,317348524,ransom,
16638200,42086,1984590,1471056,383029161,ransom,
12092054,14878,1096855,960738,296320298,ransom,
7659894,10031,766789,671646,184010323,ransom,
13153779,27848,1355137,1022668,276728968,ransom,
11408019,23380,1402694,1078370,274303650,ransom,
8808335,9987,603170,550702,217586735,ransom,
10278256,12364,1090942,945300,254206382,ransom,
13839081,45099,1701564,1146007,285237847,ransom,
11952549,18871,1039270,949863,292083087,ransom,
13625050,104408,942139,750915,290803287,ransom,
7426556,9490,832130,767538,160365462,ransom,
12506293,36094,1652266,1158109,279110418,ransom,
11078459,13109,985876,867468,269939522,ransom,
12198837,12859,1059314,951227,307024126,ransom,
13191741,37787,1677578,1190444,274089190,ransom,
12153956,13934,997511,888223,302192359,ransom,
13461226,16194,1565070,1399953,332582923,ransom,
11002202,13695,1038072,910183,266096025,ransom,
16367608,39706,1704843,1207006,350841763,ransom,
13794207,16306,1398122,1257085,337337948,ransom,
12850696,81330,999708,847917,277942776,ransom,
14281938,48208,1397072,1101827,295205166,ransom,
16059597,30291,1707467,1368823,385546733,ransom,
12141462,13379,1099181,1004964,300632769,ransom,
8986095,11101,840550,722670,221277368,ransom,
14982120,33615,1741013,1262347,326161106,ransom,
10720200,11767,917686,845580,265163936,ransom,
8958419,11078,994454,877168,219829184,ransom,
14597649,21450,1222048,1004399,319284105,ransom,
15985342,30624,1842953,1488085,387147455,ransom,
13068633,14166,1124142,1029059,323611058,ransom,
14144805,48481,1233681,1098876,327652498,ransom,
16403691,56151,1680636,1201918,339915319,ransom,
12238618,13082,994340,894010,306642426,ransom,
11226825,12047,1027551,931827,281363653,ransom,
12306841,19536,1144214,1048959,294330195,ransom,
16103614,37270,1874615,1413974,357936004,ransom,
9906950,11685,1038353,963850,244185248,ransom,
10944409,11459,1027373,915384,277308782,ransom,
16554422,34643,1850668,1457495,358999931,ransom,
12748477,16376,1190931,1029368,316137616,ransom,
12217312,12944,936556,822960,308253070,ransom,
16863967,81891,1349433,1167823,378273087,ransom,
16690792,35069,1783944,1319179,369331215,ransom,
11563340,12348,984477,899690,288238720,ransom,
14259736,14976,1181596,1065930,357477037,ransom,
14669721,29841,1512612,1174907,320188356,ransom,
13195014,20712,1341766,1100565,331558723,ransom,
12726781,13530,1309349,1189157,322125423,ransom,
12183082,12663,973421,875028,306631551,ransom,
15108832,38896,1693932,1202854,326754562,ransom,
10439070,11395,963756,876730,260707142,ransom,
11289650,11798,1152793,1025971,290214766,ransom,
20153354,109211,1614553,1369329,429784402,ransom,
11271277,32397,1399326,988608,254665655,ransom,
11800508,13082,940256,868408,290204608,ransom,
7209625,7506,602801,523974,184491029,ransom,
9578382,30500,1411634,970081,191784751,ransom,
11506929,13535,992050,918640,281207993,ransom,
11225200,11960,907982,830660,278775228,ransom,
5131240,5879,579671,520126,116085000,ransom,
7953224,37850,1117466,689626,159879228,ransom,
11088051,12304,983536,896898,276113931,ransom,
9723238,11270,855819,763444,241890651,ransom,
7569625,85518,635562,486480,126090700,ransom,
11661847,41763,1424166,997746,259470469,ransom,
10366623,11422,800713,730189,256845719,ransom,
4957596,5684,559334,501154,124912761,ransom,
10720775,31862,1345327,935302,217891589,ransom,
11274824,12510,978202,894655,278904564,ransom,
6750054,7702,628753,567419,168597296,ransom,
9050171,10578,811077,738428,207467896,ransom,
11561844,30688,1513306,1111060,258595780,ransom,
13084262,14038,1166075,1063126,326098059,ransom,
13120189,13867,1162741,1063984,326483246,ransom,
18177013,83725,1815943,1375278,365600258,ransom,
13727634,18075,1377517,1188969,339149453,ransom,
12154032,14547,1041306,930743,298922225,ransom,
13246486,15620,1177904,1073555,327210053,ransom,
17573617,38182,1990624,1502999,383776118,ransom,
12386903,13532,1056175,960430,309012419,ransom,
10902737,12291,1007732,922039,270084407,ransom,
17965884,20671,1404847,1263827,414948035,ransom,
12863659,33694,1739681,1264172,292320519,ransom,
4533842,5708,540276,496728,112204839,ransom,
7926591,38547,673216,597860,178006141,ransom,
15963316,74667,1805519,1337313,332876195,ransom,
6441615,8129,628678,546949,156610956,ransom,
11118650,12164,1008716,928246,274639483,ransom,
10966676,12276,1040518,951373,273023951,ransom,
11094218,34125,1413248,960162,229329525,ransom,
10089317,11426,952284,881219,247247781,ransom,
11886848,12887,918106,835782,294081032,ransom,
9546288,28656,1112368,844851,200796065,ransom,
7625857,19043,1067581,832434,183365085,ransom,
11551944,13510,955512,866599,283450601,ransom,
11836898,68732,982461,836589,259567457,ransom,
8749929,39728,1347694,915364,166590422,ransom,
11543762,13232,866904,790199,283194916,ransom,
14274767,16624,1275915,1152153,354671494,ransom,
10533806,11300,922195,830447,245248317,ransom,
13694337,33607,1620287,1178582,318264715,ransom,
14445910,15629,1343676,1206926,364377386,ransom,
9450387,10926,1005374,928134,233855797,ransom,
11831383,29906,1324046,971435,250403796,ransom,
16587050,18817,1642282,1440678,413323533,ransom,
10256879,11666,762797,697304,250353880,ransom,
12961327,267181,1072355,960743,323653718,ransom,
17785741,71152,1955355,1472398,374101726,ransom,
8821725,42010,624072,505915,205103783,ransom,
9375594,9673,929476,825969,240301529,ransom,
13865636,26950,1366884,1106376,299294275,ransom,
12087471,19303,1303677,1052884,300137161,ransom,
5692888,6171,531929,468714,145513497,ransom,
8492216,9548,905833,837851,210636321,ransom,
14014217,33224,1598949,1184304,305041468,ransom,
9760770,10229,773595,694158,244085858,ransom,
10343909,11014,966224,878253,259264496,ransom,
15251652,26308,1406362,1157975,336791899,ransom,
7152771,59577,1176544,883421,146569289,ransom,
10342201,267185,859334,764527,242964595,ransom,
12943635,100489,1068928,978703,320939599,ransom,
17205088,43845,1958078,1473668,375030269,ransom,
15070202,16724,1284116,1165304,373193276,ransom,
11705591,12998,1143619,1044753,290539855,ransom,
13180049,18650,1022570,912844,302985786,ransom,
19735274,39694,2194930,1712379,466506860,ransom,
11605084,12839,1164250,1064152,288622332,ransom,
10381907,11995,870080,781398,256872477,ransom,
21424999,49997,2096524,1659464,477202916,ransom,
14062529,78351,1388519,1156966,306917716,ransom,
9657799,10656,783015,707708,239595022,ransom,
17588414,18856,1500836,1364112,438805853,ransom,
13873070,34900,1724039,1227756,289174499,ransom,
8922192,10461,868762,783717,222318735,ransom,
14639942,16057,1361566,1251512,364574532,ransom,
15019690,25541,1473170,1234649,330343408,ransom,
10887905,24750,1493062,1123357,260062812,ransom,
12571866,14746,1211611,1101612,313354297,ransom,
14292823,15672,1231989,1132713,353529626,ransom,
13626210,36849,1452824,961094,277984419,ransom,
12262853,17222,1232392,999727,292751050,ransom,
18116112,110813,1555808,1153941,385624540,ransom,
15620373,34334,1387950,997834,351121127,ransom,
14667670,38596,1877391,1341974,304174817,ransom,
14784731,16691,1273645,1164500,364641502,ransom,
12864735,14045,1114003,1027127,317642588,ransom,
11274768,27610,1098388,814895,229850020,ransom,
13582390,22924,1345083,1064854,332667262,ransom,
16350892,18695,1558616,1439331,403584673,ransom,
10360236,11611,917336,840947,255487882,ransom,
15797250,37409,1788509,1312548,344879405,ransom,
14213459,15779,1271448,1151432,354772066,ransom,
13115219,42898,1165648,1040657,310252984,ransom,
15193064,64001,1311228,981001,307938248,ransom,
16092348,29794,1749476,1441312,391481556,ransom,
12064510,13487,1044560,948184,299967164,ransom,
14107226,16418,1324831,1225328,347880368,ransom,
14287704,38600,1747894,1240507,301919822,ransom,
11989400,13629,1199698,1099120,297723113,ransom,
15231722,16766,1246206,1143774,375679927,ransom,
11249877,12718,1042783,957580,276949886,ransom,
11341419,34800,1702084,1192133,228556787,ransom,
14840338,16521,1159912,1069587,364971384,ransom,
12853922,79143,1269681,1119171,287148930,ransom,
14199369,56962,1317047,984538,293700591,ransom,
16054924,26051,1617213,1315405,392648622,ransom,
12519752,13022,1139425,1041973,314479336,ransom,
9890357,10059,803418,704253,253066758,ransom,
18840227,104515,2080638,1541262,428485186,ransom,
15540280,86338,1247637,1140542,384886913,ransom,
10298076,11521,978760,891779,256462627,ransom,
15486485,19871,1144442,991057,352642929,ransom,
17378324,34517,2017226,1555773,411264669,ransom,
11367077,12535,1057953,964575,283520685,ransom,
12299386,42624,1048392,926706,293207415,ransom,
21983147,114527,2329019,1737308,457998021,ransom,
10824139,12142,884158,806924,267505183,ransom,
10169976,11940,1068423,964598,253931041,ransom,
16762285,18246,1436150,1328201,395542502,ransom,
12491057,32742,1642952,1198299,274690084,ransom,
9414050,10380,903771,830584,235127577,ransom,
14515210,16564,1368710,1266802,357535429,ransom,
14038392,33590,1415806,1063523,294203240,ransom,
11442113,13080,1115405,950859,285177613,ransom,
16042323,17834,1448570,1343774,393638469,ransom,
12088067,13600,1118327,1027075,297764493,ransom,
13630954,94091,1176542,804699,251008554,ransom,
13818044,19227,1424950,1198756,340943147,ransom,
12814188,13506,1198880,1091643,322158573,ransom,
7588374,8957,868990,809016,187306105,ransom,
10861512,34888,1258016,806522,210705682,ransom,
17628783,19076,1571561,1449220,438478296,ransom,
14557986,14791,1286124,1146435,371687635,ransom,
10109180,14660,778693,657082,217348272,ransom,
7761831,26848,1424098,1014277,179903959,ransom,
16996079,18498,1396715,1289076,418576075,ransom,
11810660,13350,917400,829633,289950218,ransom,
11553255,39854,1405660,932288,235198175,ransom,
15802779,113450,1261274,1049953,349185414,ransom,
12402463,15200,1254983,1132920,309532568,ransom,
10306714,12288,980279,900002,254240254,ransom,
14277550,45297,1861502,1347386,302851207,ransom,
20066213,22824,1513784,1368308,498039521,ransom,
9122146,8809,886145,787865,235570383,ransom,
15967354,34530,1376576,1061948,343235860,ransom,
15471317,40983,1904399,1443757,371961827,ransom,
11667987,14717,1008479,909808,282546131,ransom,
9875763,13568,1014376,896379,239536963,ransom,
18328250,40716,1971687,1497636,399407231,ransom,
14264562,51769,1177700,911457,329077455,ransom,
13023949,56589,1087517,938059,300008544,ransom,
18593700,35364,1786004,1527652,446136258,ransom,
14007200,285692,1723812,1275626,301344542,ransom,
12305479,97166,920057,830333,306332544,ransom,
16625963,18346,1570998,1453754,411010762,ransom,
13608627,21062,1266582,1076320,299154146,ransom,
13749251,28545,1590804,1224544,330011937,ransom,
14585889,15786,1264315,1160892,362671742,ransom,
12222262,13517,1085469,994330,304388179,ransom,
7022677,28311,1186526,791976,131125227,ransom,
8342104,9654,792487,679374,205679859,ransom,
14123911,90652,1038511,882617,304708098,ransom,
7338236,8036,838062,757690,174716101,ransom,
8584812,33337,1115155,673049,173000116,ransom,
11618432,12949,969885,880024,288953707,ransom,
4391566,4728,531133,479735,111910492,ransom,
14466957,31246,1344824,1065279,312538635,ransom,
8544245,17577,1031801,764730,206761635,ransom,
2694678,3473,418494,383342,67555648,ransom,
11613603,12927,988928,909197,286622616,ransom,
16802920,39946,1734382,1255080,372816428,ransom,
2964486,3548,568719,519634,76597136,ransom,
12730349,101677,870145,750516,267495197,ransom,
12029302,25189,1085521,926311,268398654,ransom,
18464025,306513,2120145,1653731,435342315,ransom,
12780625,139195,1152999,1057920,314624644,ransom,
9611922,10925,904163,829783,237848943,ransom,
19169440,42299,2091102,1622663,421546153,ransom,
14077451,16608,1337845,1179754,348186621,ransom,
8744531,10318,797972,730595,215819909,ransom,
17387467,20523,1402773,1269684,409270937,ransom,
16715491,39058,2083237,1583784,385219567,ransom,
8017625,9388,735132,665695,198212244,ransom,
14391358,24100,1153078,1038748,350452353,ransom,
23417658,121910,2363132,1813719,484924922,ransom,
5742634,8273,679391,591973,141649568,ransom,
14376033,16158,1258735,1138928,358871846,ransom,
18459777,20893,1709451,1576998,454088092,ransom,
10282042,31645,1296203,862013,209678731,ransom,
14249141,15433,1152129,1043953,353435721,ransom,
19909190,21609,1875108,1737092,491568722,ransom,
8552975,16603,978569,738999,167661641,ransom,
12456878,26282,1236877,970344,303522685,ransom,
9607458,11865,1194174,1098960,239043530,ransom,
11213495,12577,856631,795621,273648437,ransom,
11659738,76788,1283114,880703,211966776,ransom,
2273255,5691,382132,259584,55552044,ransom,
4476957,5439,346697,322176,108908697,ransom,
5591177,6513,525728,466463,133953371,ransom,
8231581,27648,1210942,817166,171201999,ransom,
5168777,5660,483341,434613,130594447,ransom,
6040477,6801,500433,462578,148303457,ransom,
6361097,18415,856597,595725,129862219,ransom,
4272499,11231,619868,441815,102359046,ransom,
6765583,7853,562765,500337,169465960,ransom,
7391299,59762,637917,531849,143665507,ransom,
8782365,35088,1127526,720132,180562023,ransom,
597522,994,159535,148801,15033319,ransom,
8348284,9177,762223,693521,208167331,ransom,
4177786,9403,447862,298086,75747563,ransom,
5552568,18174,821867,567399,131658669,ransom,
2466811,2913,262716,240011,61631232,ransom,
6687884,7653,558322,511008,165404353,ransom,
5077295,27510,978947,590597,91313784,ransom,
3806414,4551,342325,314941,93853247,ransom,
2832584,33352,217105,168572,50117577,ransom,
9692463,50534,933807,678742,191082183,ransom,
2606568,15779,602958,373932,56832672,ransom,
10489682,11820,971136,892628,259996040,ransom,
2154661,2246,236610,209289,57480765,ransom,
11715631,47756,1420624,962855,243322157,ransom,
8219312,9161,513126,456403,203626782,ransom,
3631052,4566,749223,689648,93734831,ransom,
11240785,12661,952568,872872,277490286,ransom,
17588800,39003,1857519,1404064,394195320,ransom,
10519899,11917,925338,840677,261466866,ransom,
16751302,83688,1407819,1207350,379146216,ransom,
16864306,35500,1802182,1350268,364571204,ransom,
12047720,13384,1051709,962613,298744860,ransom,
13230506,14636,1251010,1148092,329627475,ransom,
14199076,15657,1211427,1109979,349989026,ransom,
13779724,34834,1639992,1210641,296284887,ransom,
15947512,17332,1431503,1321812,394496808,ransom,
12741826,17410,1197533,942324,303021188,ransom,
15066388,36931,1719192,1041973,312535446,ransom,
11419213,19307,1252383,905693,259915591,ransom,
12685743,17972,1128099,960457,300836007,ransom,
13014243,35204,1144129,1029845,312541159,ransom,
13998465,74862,1456396,958359,266920782,ransom,
14898400,16142,1268283,1163125,371285423,ransom,
12877133,13456,1178573,1065902,324720273,ransom,
14563277,28597,1307063,1047854,318011023,ransom,
16251803,28595,1554524,1236437,395798969,ransom,
11421251,11919,1020939,926396,287326865,ransom,
13598825,14885,1292259,1192273,337679702,ransom,
16861000,39813,1843336,1352405,369530910,ransom,
13435937,15396,1131283,1036723,332851313,ransom,
14356666,16159,1429728,1319855,356403250,ransom,
10524721,13740,916366,785291,228237276,ransom,
13873778,102116,1697147,1203639,285211874,ransom,
18077688,40810,1540778,1404332,436906242,ransom,
12509714,13985,1022842,936250,309268376,ransom,
9920624,10979,1046193,963160,248574385,ransom,
16534174,42927,1910952,1378135,364941836,ransom,
13677548,15399,1180655,1078304,340099981,ransom,
16596473,18340,1399228,1288858,411136657,ransom,
12280472,15771,1150702,1035258,303140078,ransom,
16480183,41045,1856598,1346011,348915424,ransom,
11473718,12489,1130702,1030727,289764522,ransom,
16079181,18058,1324740,1209427,397466362,ransom,
12803150,24624,1349241,1084896,276304490,ransom,
13061696,42761,1499558,1200431,309438767,ransom,
16574071,86640,1210561,1061060,371959384,ransom,
9464820,10718,1057667,979574,236502179,ransom,
16641703,43009,1859603,1352874,360097712,ransom,
16106617,17972,1402193,1284949,399440663,ransom,
8939614,10492,959542,884573,220842062,ransom,
14496139,16537,1085833,967964,336049665,ransom,
16866580,36489,2088825,1631124,394051942,ransom,
10742475,11678,934140,861420,265278955,ransom,
11641063,25679,981897,896501,287947006,ransom,
19528126,50098,2058633,1543793,430005914,ransom,
11040315,12158,959077,875618,274390818,ransom,
14083947,75039,1075894,913278,310759349,ransom,
17321150,19560,1376935,1254489,404111881,ransom,
11513973,32094,1603645,1166176,259165170,ransom,
14575903,15912,1239088,1127701,361800081,ransom,
15390108,16828,1474100,1363337,382436074,ransom,
13269228,35172,1522868,1109571,274837086,ransom,
13870939,15923,1318104,1158669,344821287,ransom,
16236787,17641,1409852,1290254,404715525,ransom,
9432680,11217,895327,822679,231944144,ransom,
17667643,39759,1973051,1483784,392054075,ransom,
14877148,16309,1339500,1226680,369516955,ransom,
9882225,11191,900522,817868,246160398,ransom,
21488964,110809,1679474,1298754,440601998,ransom,
14923426,30996,1800901,1467627,362937587,ransom,
9549128,10749,843807,768968,236348779,ransom,
14425018,15967,1205806,1088320,360133213,ransom,
18040471,41138,2058308,1536786,395651835,ransom,
11249425,12938,911031,820685,278751116,ransom,
9741580,10629,911758,825068,245509852,ransom,
14314922,15274,1258291,1155230,341666830,ransom,
10757776,34288,1659411,1191091,229834339,ransom,
10405458,11671,911685,820140,259893436,ransom,
14405713,15592,1372181,1259235,361194252,ransom,
15394657,51887,1319644,982178,321073310,ransom,
16066918,100440,1611912,1278026,352038602,ransom,
12139779,13596,1149296,1058926,301099679,ransom,
14361988,16078,1228181,1128095,354326607,ransom,
14108224,14918,1189479,1084814,324892051,ransom,
14379739,36425,1791609,1359346,328182686,ransom,
14024463,15162,1200321,1087659,348980492,ransom,
13094844,14388,1107368,1022000,322545985,ransom,
14583931,34827,1685325,1280956,308316146,ransom,
14880843,17207,1431736,1280131,369390997,ransom,
12875150,14477,1149813,1060534,317531238,ransom,
9281089,10037,647613,567824,232375423,ransom,
10771607,93663,1354016,947185,182599327,ransom,
10702736,15119,1082581,937382,264187631,ransom,
12699530,13675,988588,897027,315787137,ransom,
9445384,10565,957170,867839,237612235,ransom,
9154876,31422,1290679,851480,177260461,ransom,
9271373,10407,727640,672185,226288532,ransom,
10361922,11007,796494,710490,260182372,ransom,
10817954,25368,1428156,1100388,234911485,ransom,
12891177,22361,1223821,996608,308373234,ransom,
9138913,9926,823154,752266,227040336,ransom,
2232571,2607,348126,308361,58956000,ransom,
19139858,125872,1632511,1203638,382924536,ransom,
15332359,23506,1555752,1328522,375500936,ransom,
11521637,12956,1046678,961109,284544324,ransom,
14827872,16167,1331199,1224701,368788342,ransom,
16102284,38492,1899329,1394500,344769438,ransom,
12669917,13703,1087656,993703,313897546,ransom,
14511201,15929,1181112,1081185,358169749,ransom,
13211351,20469,1202699,1097229,309568973,ransom,
14053454,37153,1747679,1239567,305610206,ransom,
14289500,15850,1387467,1279426,355541527,ransom,
12255025,13304,1080052,983146,305220976,ransom,
15638586,115273,1366050,1061133,300528752,ransom,
14368337,26845,1784524,1471369,351027129,ransom,
13658806,14838,1057835,963175,338629799,ransom,
9877134,11264,1058159,972910,247619341,ransom,
18067259,39238,1973468,1500337,395044172,ransom,
12533007,14686,1237596,1139801,309712611,ransom,
9409893,10906,860772,794735,231341287,ransom,
14379149,18584,1259189,1118288,334696938,ransom,
19548747,38013,2239290,1778486,461157593,ransom,
7766366,9491,770075,700759,193710906,ransom,
13808015,16461,1223359,1102107,343568009,ransom,
19011047,96471,1566296,1202756,384576592,ransom,
8423592,14795,887524,610679,214137279,ransom,
7057895,6529,527562,433241,188865001,ransom,
11991107,12510,1051986,934582,307721754,ransom,
14366933,34587,1554803,1046332,332641576,ransom,
9054285,9361,756224,676888,230680254,ransom,
9032254,9747,770545,679303,230578540,ransom,
12936226,16532,993633,785184,310116830,ransom,
9447935,44909,1227337,837494,225625947,ransom,
11866875,30447,833888,686548,307381688,ransom,
12625756,15976,1172639,984648,324968926,ransom,
13846655,92671,1476539,972668,261565078,ransom,
10317192,11679,820110,652595,268416549,ransom,
10644296,10277,813675,718215,273829557,ransom,
12433381,20893,953278,783969,294603331,ransom,
9519921,28969,1371647,912822,207798272,ransom,
13371161,14998,1109913,1022978,330697630,ransom,
13866775,17288,1375997,1209711,340758500,ransom,
11058926,43262,1387099,1060290,219364302,ransom,
10688982,14240,1009336,794523,260832248,ransom,
11922121,14406,1040259,905785,291819555,ransom,
7999461,9131,764812,693873,199815267,ransom,
14380308,87615,1746841,1169188,269222652,ransom,
11591373,12695,971740,893260,286232085,ransom,
11050366,13306,867870,740202,269696323,ransom,
11230241,20429,1232514,999334,247268189,ransom,
13815494,28671,1659757,1310527,330630690,ransom,
11997459,14586,1033440,902481,292746430,ransom,
10037424,15150,1218364,1118690,250089887,ransom,
17943539,40691,2031642,1496727,388184425,ransom,
12175985,15098,1123701,984938,296834276,ransom,
13001197,14287,1115873,1012898,324543436,ransom,
16501878,20618,1410858,1247249,383017937,ransom,
16218506,98277,1867226,1330650,327868432,ransom,
12991907,116795,1137927,987684,317854171,ransom,
14118067,17114,1243658,1100512,343857927,ransom,
13505390,18690,1037253,911904,302028641,ransom,
13671427,33984,1782687,1308816,317782961,ransom,
15334786,16664,1313159,1209498,379420180,ransom,
12527523,16065,1002894,867942,306507878,ransom,
15925934,44036,1798524,1299046,335082192,ransom,
14700509,17878,1470898,1289407,366408064,ransom,
11427308,15581,1038968,902999,278672914,ransom,
14554950,16223,1237887,1123151,350312126,ransom,
17131646,38407,1895002,1372954,386029311,ransom,
11128391,18135,1084537,832361,258764590,ransom,
12363436,17373,1240697,897106,285930341,ransom,
22287326,108642,2195429,1374159,419938579,ransom,
11490853,15048,1361141,1118120,282818133,ransom,
9085345,11984,1059216,921364,222910759,ransom,
13017733,16545,1229466,1081896,317513015,ransom,
13684039,35169,1571937,1113184,283966329,ransom,
14511952,18444,1231386,1072635,354668991,ransom,
12944868,14484,1137833,1049444,318657546,ransom,
12169244,27993,1226331,843713,254647397,ransom,
6277143,14736,947654,716625,151555416,ransom,
12076675,13979,1118905,1034356,296206483,ransom,
11222742,14021,915221,780909,275133590,ransom,
15329406,102131,1655694,1133237,297697648,ransom,
17006500,22727,1535081,1356526,419693457,ransom,
11384499,15580,1033585,893143,278953568,ransom,
12174151,14479,1014710,906661,274962513,ransom,
15618753,41433,2086847,1496880,358148665,ransom,
12195660,13000,1108923,1014615,304690011,ransom,
9492403,12895,1024854,894789,231903434,ransom,
15405308,37159,1626845,1169088,329528667,ransom,
12245414,20602,1381945,1157175,302152835,ransom,
10855074,14802,825219,677137,269242795,ransom,
15809847,44370,1389984,1261461,377002183,ransom,
19635744,118195,2046922,1434773,395369652,ransom,
6788082,13438,678388,539467,167673028,ransom,
10258828,11749,969254,892232,253248735,ransom,
10034624,23197,901916,699990,213731613,ransom,
15502876,32482,1856365,1451254,365717649,ransom,
13717665,18672,1200311,1055222,333754595,ransom,
9310650,14483,699829,544327,235347574,ransom,
15376060,37625,1999325,1499793,338352442,ransom,
11391828,18714,1247852,1085039,281008573,ransom,
861858,4017,438264,393151,22984317,ransom,
3713689,25183,1229236,1028588,68560888,ransom,
1977340,42000,731812,240674,13534978,ransom,
815583,5880,251109,37309,4070713,ransom,
1234384,12399,352291,53853,5951763,ransom,
2994976,78397,754585,224077,19397033,ransom,
0,0,0,0,0,ransom,
17792840,19442,1610585,1454818,443488740,ransom,
11722728,13280,1029605,930633,290540238,ransom,
15208300,35942,1840424,1378439,330058049,ransom,
14499497,16414,1401987,1279647,359587620,ransom,
10089206,11627,871277,792516,246967678,ransom,
18183741,95651,1427602,1178276,373735161,ransom,
15612461,36365,1954792,1554860,367711635,ransom,
11072129,13246,960164,862650,274667804,ransom,
10712090,11973,1004341,915332,266912313,ransom,
17801480,46943,2024600,1514638,387441736,ransom,
14682880,16550,1295892,1170050,363386464,ransom,
11440941,12513,1018978,922244,285822983,ransom,
12054377,13537,1103483,1016809,292116387,ransom,
12156955,36883,1570658,1146125,253723680,ransom,
8253,242,5257,178,52633,ransom,
10184352,11723,764924,678109,252034931,ransom,
2547455,25261,831413,455087,21472125,ransom,
6494619,7735,599436,539145,161041975,ransom,
7683002,95950,713506,574021,150802735,ransom,
10264735,11553,771017,706548,248806695,ransom,
7618777,31010,1207322,782133,151594033,ransom,
5990007,6972,463538,435727,144672033,ransom,
16374530,70612,834792,738266,324596868,ransom,
3100649,20807,720810,453760,36662853,ransom,
8138046,16279,857507,671673,198148805,ransom,
4940664,6015,597018,527454,127359534,ransom,
14511348,16166,1371979,1241847,363966379,ransom,
18527685,43116,2097816,1621532,408745267,ransom,
6722283,8051,531762,479789,164764653,ransom,
15538965,95034,1236113,1071354,339802515,ransom,
22082956,33830,1967501,1641887,500879882,ransom,
6130573,17874,968378,727298,145170887,ransom,
8440099,10709,903461,819501,209978509,ransom,
14744533,16863,1322116,1206800,363561359,ransom,
14479668,35550,1847946,1401371,314474307,ransom,
10136605,11729,901536,814016,248975109,ransom,
11138984,13300,968501,885272,273008559,ransom,
14318640,15984,1212546,1100110,349935833,ransom,
15243261,40998,1724986,1240914,335631459,ransom,
12902145,14945,1201666,1091374,318973061,ransom,
14820152,66305,1184151,1019879,330707852,ransom,
11919979,31462,1166006,971305,255576815,ransom,
14389427,28452,1785190,1418225,344893603,ransom,
14746086,16826,1379195,1258508,364316189,ransom,
11627423,13322,1049845,960941,285852416,ransom,
15232103,35061,1788850,1335206,324073768,ransom,
15184844,17122,1317786,1197596,377294899,ransom,
11986121,13504,1271186,1158740,297537840,ransom,
14955177,17401,1067057,965413,341969635,ransom,
12206891,33777,1617637,1189968,275384089,ransom,
14229028,60505,1264733,1107127,325694882,ransom,
16654651,38938,1297921,1175823,393949885,ransom,
11363154,33221,1426685,998819,229542060,ransom,
12616235,14492,1061804,958409,311659935,ransom,
14957361,16758,1411317,1285268,370296852,ransom,
12247353,13674,1102738,1007668,279266686,ransom,
14398226,36940,1643241,1180906,328113908,ransom,
13471703,15247,1415045,1303864,332560908,ransom,
9318152,10666,920105,846232,229087871,ransom,
12730209,32937,1494401,1074009,269966288,ransom,
13577526,15551,1264995,1161221,334446622,ransom,
12380035,74611,1124877,968526,266472694,ransom,
11018329,12627,1080120,986724,271504075,ransom,
17930526,47281,2022464,1496163,397487865,ransom,
13734650,13947,1158498,1029957,347480954,ransom,
12819324,13642,1150708,1025528,323245356,ransom,
17000911,34778,1870905,1472764,369536578,ransom,
13689338,21787,1346485,1130452,334180352,ransom,
10930427,116259,1003966,916496,269125891,ransom,
13868076,15270,1282595,1175096,345405896,ransom,
16073212,40363,1785193,1290422,342737611,ransom,
12469269,36425,1189023,1073199,298132015,ransom,
16658745,82110,1301439,1143016,377393420,ransom,
16186660,28593,1550953,1257585,348607535,ransom,
10931917,22734,1369743,1106216,265429343,ransom,
14571495,16785,1128036,1015273,360281697,ransom,
13380701,15389,1252537,1159999,329682886,ransom,
13531656,34287,1710357,1264605,292672275,ransom,
14371476,16114,1226102,1119149,355264462,ransom,
14345878,15853,1296974,1193183,353893040,ransom,
11422532,13032,1078254,988396,273705653,ransom,
12793367,33620,1677618,1216297,274934743,ransom,
15660481,17542,1444670,1327030,387786730,ransom,
13883408,53162,1060902,932417,322083868,ransom,
14781136,67647,1784374,1327519,298755932,ransom,
11976422,13969,1165136,1015761,301552065,ransom,
11432344,12540,1137692,1047549,285219499,ransom,
11636174,12829,811483,743631,285241564,ransom,
18403216,46872,2100600,1590423,408843789,ransom,
13122771,26130,1285808,1174098,329700712,ransom,
11571498,13511,882568,786871,284146272,ransom,
10250408,21979,1332878,1054741,221296397,ransom,
1621628,9118,912418,700283,43875502,ransom,
20705707,22687,413766,343597,507421859,ransom,
18890272,80195,2106292,1895666,428223450,ransom,
9350383,32925,1350766,943929,186711689,ransom,
13050398,15670,1180941,1046361,326409131,ransom,
20601631,22743,1747890,1617704,508511336,ransom,
7612386,10155,707327,639717,162662975,ransom,
11886605,33605,1650336,1179369,271227601,ransom,
17044821,23465,1479641,1330005,424270613,ransom,
9978715,32796,1064815,893623,235390636,ransom,
10009184,30065,1339478,904099,200648881,ransom,
16160898,18122,1389687,1270725,401269207,ransom,
15364726,17330,1278416,1171334,380497438,ransom,
10382582,78508,761011,636645,213613335,ransom,
18295941,55286,2066274,1535431,399668933,ransom,
17453891,19784,1499366,1373133,430649635,ransom,
10989831,13086,1101484,1020567,269226080,ransom,
16143618,293477,1610779,1242652,342525429,ransom,
13250670,21346,1189889,978164,322106067,ransom,
11185320,14076,1344261,1249412,273934828,ransom,
10340677,12442,980318,910466,252466981,ransom,
17133434,45055,1837213,1352843,365286431,ransom,
9128200,11073,870571,803139,222729081,ransom,
14001102,16234,1170087,1068701,343905818,ransom,
20057735,89876,1664986,1446507,425455917,ransom,
4254829,22738,1159821,749780,85578610,ransom,
518629,685,180613,153460,15885660,ransom,
12664211,14454,858803,789237,308601987,ransom,
3026785,20161,1245959,852555,44724484,ransom,
17485174,19948,794625,725956,424367084,ransom,
6985215,8771,812107,756623,170161243,ransom,
9532826,11899,786409,702256,219149591,ransom,
21247641,44223,2272228,1741814,502690042,ransom,
10763453,11836,1039056,945119,269402769,ransom,
8783839,9825,756681,662895,221840940,ransom,
22554622,90037,1851102,1590581,497204949,ransom,
12945553,60024,1581207,1149393,286633569,ransom,
8353411,9583,859423,770340,210210044,ransom,
15602666,17112,1285311,1179950,386696529,ransom,
14829416,27817,1546127,1207381,321680886,ransom,
9733591,19350,1299747,1041026,240601264,ransom,
8573397,8996,1067350,975184,218209021,ransom,
1004731,861,306272,262568,30093723,ransom,
15706756,36287,1279793,766052,345477672,ransom,
26145715,32551,2320392,2074307,627448623,ransom,
1446372,5179,362923,104852,15277603,ransom,
15587798,27737,1583205,1113101,335629521,ransom,
31183925,141517,2856781,2265321,675028772,ransom,
3086623,4341,362689,330072,75080327,ransom,
12454560,13826,1055084,936742,314401100,ransom,
22965500,25151,2066472,1902115,555695474,ransom,
8054758,30483,1183204,732752,149513079,ransom,
2524680,7187,783194,689124,68733511,ransom,
1768526,2907,831260,755542,53317173,ransom,
14167349,27952,548388,328819,319619480,ransom,
29151199,50078,2690878,2279212,695340297,ransom,
1394129,2188,155811,132797,33774536,ransom,
6625580,7045,578896,512356,169170888,ransom,
18590765,87410,1688765,1292194,375293116,ransom,
6032386,29083,822902,556214,137375107,ransom,
8199339,9120,744723,678872,202993263,ransom,
4834489,5533,489584,434945,123262983,ransom,
10646308,31307,1307455,879745,219933206,ransom,
12176830,13238,968999,869007,304851517,ransom,
2106223,2472,289725,268164,53323069,ransom,
11019492,13642,968385,800772,259288381,ransom,
8507534,26488,1131443,800600,183892418,ransom,
9113099,10134,894593,828341,225053627,ransom,
8055114,252199,704012,634774,202280147,ransom,
8486215,171022,1061657,692763,131151917,ransom,
1295729,5375,573637,446953,34242704,ransom,
799887,878,368510,335049,24547801,ransom,
688956,982,297874,267480,19640888,ransom,
4899477,21296,1114793,743071,89309654,ransom,
15137663,17536,122680,61741,367174980,ransom,
21657022,25152,1899209,1788174,527284379,ransom,
5515729,17127,807644,501601,107781143,ransom,
15906838,30479,1529812,1285045,392902574,ransom,
15429728,17845,1437477,1307321,380946551,ransom,
8160488,9590,869250,793660,202327352,ransom,
13990270,86497,1286936,959538,263767777,ransom,
16749391,32856,1684508,1404593,410707705,ransom,
13043398,130296,1073584,970560,321326908,ransom,
8692234,9736,807907,732815,216148249,ransom,
16592006,37251,1884294,1432982,365970423,ransom,
13735966,15131,1221555,1100083,343232893,ransom,
11669478,13161,1040495,938276,289520373,ransom,
8465884,18265,1281069,1079693,176494131,ransom,
2116454,20030,945916,664016,48830300,ransom,
8235374,9424,322681,266001,203624442,ransom,
27424436,30155,2084438,1917798,672102258,ransom,
7673158,87357,876587,532763,100245146,ransom,
12213619,17021,1317811,1091670,306708643,ransom,
19395547,22013,1707136,1551052,476402946,ransom,
8663806,10019,883104,813217,214028772,ransom,
16305126,35262,1880154,1429375,361980262,ransom,
17689416,20522,1478308,1354835,434427218,ransom,
9629368,11561,964816,881206,237323453,ransom,
13656875,16802,1121433,1007379,305693558,ransom,
4555137,21121,1504804,1106344,100994164,ransom,
472410,529,86501,70616,14900044,ransom,
27496345,31067,1465337,1302186,676208851,ransom,
14914458,77015,1577786,1333132,292590389,ransom,
5408094,21965,938153,603443,121873708,ransom,
19364620,21663,1805244,1650157,484381638,ransom,
14014398,15840,1021825,904213,346812246,ransom,
9256161,28948,1622068,1167675,189028478,ransom,
15281458,16310,1148906,1053555,382537326,ransom,
13862047,15967,1302896,1175496,345361876,ransom,
10712377,11782,925828,834847,251175036,ransom,
15988953,36414,1957989,1499105,369619156,ransom,
14699457,16817,1433826,1304272,367155339,ransom,
10651288,13301,765923,687644,258479938,ransom,
16718933,98931,1693391,1220932,327922799,ransom,
15804150,17875,1484633,1305718,396051567,ransom,
6033080,7254,803009,727166,152215519,ransom,
1266417,1265,379395,331912,38943205,ransom,
18948053,42708,1190294,763135,423080403,ransom,
14930418,17640,1709162,1578600,369958902,ransom,
7793439,8912,706474,639239,193952796,ransom,
10786345,17712,1068445,816440,236099969,ransom,
10700693,25621,1421990,1128337,257493322,ransom,
10895900,12693,888577,808618,267592868,ransom,
2400029,3102,272862,235587,61621125,ransom,
14788759,105431,1239392,908284,289670896,ransom,
13352692,28634,1522822,1178640,326421618,ransom,
11644525,12737,981643,898653,290140489,ransom,
8124495,9771,835067,770332,199437755,ransom,
12609279,35543,1431845,966566,260243090,ransom,
9690378,10855,1006199,902787,244378210,ransom,
6610956,7691,612692,563991,162539088,ransom,
14120107,18046,1130559,1001963,344557744,ransom,
14085022,42076,1639931,1130018,299975941,ransom,
13630721,15353,1122346,1005841,339475568,ransom,
13487184,18471,1407904,1258347,332764810,ransom,
12514577,58108,992006,847361,264612010,ransom,
15260716,86346,1738391,1236692,330994334,ransom,
13024023,16059,1154545,1029446,321869249,ransom,
8818174,11894,950403,832644,216953067,ransom,
14060541,16718,1202535,1068512,324569821,ransom,
15570789,39147,1849563,1366524,355293648,ransom,
11563547,13618,1010624,900524,282864407,ransom,
11223204,14854,1027248,894561,274047336,ransom,
21367763,43369,2271368,1689166,474217492,ransom,
10042571,13324,1055864,940381,245731170,ransom,
7294615,9148,556944,483991,177329472,ransom,
8924220,9880,847739,769790,224782988,ransom,
20315233,117612,2290171,1647818,416649248,ransom,
10842751,283337,1151136,902331,256940636,ransom,
13183632,123653,1260048,955633,320800826,ransom,
18040775,19210,1407551,1273918,447814434,ransom,
4773766,25066,1375915,961208,71023691,ransom,
842195,1184,409318,368891,25254823,ransom,
16167342,18420,498530,409462,394698803,ransom,
22439285,33693,2258809,1976466,509960272,ransom,
6352504,23610,1038911,727698,154599413,ransom,
9697189,11862,931362,846984,239742238,ransom,
11403646,13187,1078260,980277,284610579,ransom,
18919665,126042,1975732,1399441,374768804,ransom,
14153613,15938,1227455,1106028,352226730,ransom,
13410333,15386,1233648,1114461,332134373,ransom,
14286960,16575,1199773,1094710,350624115,ransom,
13574373,34972,1598655,1168980,284104245,ransom,
11009448,12593,1039232,939283,273801937,ransom,
14000498,15597,1333134,1213170,349325648,ransom,
9646510,24263,1319222,974500,202452546,ransom,
2517535,6811,874741,676652,74298136,ransom,
5386841,5946,139011,94528,135549857,ransom,
28476432,33417,2088337,1913340,696211215,ransom,
7922468,88632,880581,552856,109879010,ransom,
8289430,14811,1119861,884428,208687974,ransom,
24182506,26911,1952032,1784640,597201857,ransom,
6686427,7828,734172,691864,163139219,ransom,
8009126,26917,1257285,824096,153966835,ransom,
22514649,149582,2113270,1936263,558642846,ransom,
10405595,11444,791982,732865,256194538,ransom,
10924484,22140,930108,810262,239433249,ransom,
7771337,22856,1487404,1086435,175301085,ransom,
1847760,2779,683624,606365,51729036,ransom,
28003300,32137,1674283,1526632,685554615,ransom,
14484181,85180,1366228,950739,265221767,ransom,
2411666,5460,479000,345318,62564826,ransom,
24422166,26858,2039190,1852499,608912384,ransom,
13048516,15417,1152861,1067864,319286967,ransom,
6131832,24158,976144,575172,109094754,ransom,
22658514,25562,1905939,1729922,566430133,ransom,
14417926,16328,1375511,1280033,354073658,ransom,
7109742,12777,690115,531059,134433214,ransom,
19959614,295492,2198856,1808103,492245926,ransom,
13571829,80485,1068901,993033,330750570,ransom,
7955863,69655,484138,373394,160635862,ransom,
4670997,30239,1042697,612959,64118843,ransom,
9676323,10829,741152,676084,238631959,ransom,
6000197,6548,623962,564793,152870557,ransom,
12893369,14581,1000216,927887,302075496,ransom,
7154519,28511,1158966,730182,147443632,ransom,
4777184,5407,386492,353048,117331621,ransom,
7386427,11470,602069,445590,173859401,ransom,
5647793,29896,1209859,564043,81801035,ransom,
12227271,20113,1220029,892923,279550089,ransom,
4126196,11412,373617,220249,73835198,ransom,
11814119,82554,942544,791299,243052813,ransom,
5083068,52493,823687,393900,88522414,ransom,
9387876,11096,886937,806976,231731062,ransom,
2258833,2577,219395,191060,57645461,ransom,
12175974,26454,1260454,953573,263068214,ransom,
6479500,16471,807064,559498,157572415,ransom,
5588705,6783,587829,541275,138438616,ransom,
11438752,12583,834746,763845,282612154,ransom,
10973506,33978,1553321,1056527,234336722,ransom,
9525422,10478,779341,710363,236985091,ransom,
10736474,11631,1168747,1053759,273366337,ransom,
19852904,31284,1677941,1480221,459923676,ransom,
11397595,31903,1522034,1094171,261674673,ransom,
16071166,79145,1326672,1166714,369654787,ransom,
13040209,44441,1282775,1166694,307043461,ransom,
6029209,29777,1021181,571823,92334053,ransom,
1303000,1762,522774,470710,38845233,ransom,
24187490,27229,1545125,1389793,594823934,ransom,
13520910,15632,1191625,1099865,330050484,ransom,
4011808,26838,933522,507941,53078911,ransom,
19158099,21365,1599506,1439346,480231038,ransom,
17801884,20044,1502454,1377844,437458797,ransom,
5737882,19480,800198,524712,96489270,ransom,
14518910,23022,1516530,1275934,362277472,ransom,
20604450,35202,1673128,1513060,502168748,ransom,
8133990,63202,681676,568902,166449489,ransom,
10284188,30780,1389459,935875,212433520,ransom,
17858602,20237,1531165,1405668,442733775,ransom,
9487424,10475,972911,898457,235190829,ransom,
9315280,24659,779244,656722,201625320,ransom,
17249581,37281,1865368,1387094,407703611,ransom,
14829387,16272,1244412,1131549,369397585,ransom,
9255067,10472,880076,799856,232323891,ransom,
12001212,31698,1401175,956877,252289117,ransom,
12635638,14188,1227544,1125227,313919201,ransom,
9835601,10661,926888,856775,244298816,ransom,
16296839,78027,1175993,1009995,347463981,ransom,
17431984,41283,2086238,1536303,394508893,ransom,
11895950,13253,1080174,995997,294399245,ransom,
11305932,12475,982256,895185,278746739,ransom,
17998632,42957,1821061,1405427,396835807,ransom,
14228460,20259,1496029,1269320,350415713,ransom,
10672375,11875,898702,812797,264004160,ransom,
11124126,11953,1060506,952937,279694403,ransom,
16261214,40654,1939457,1416858,347007227,ransom,
9263146,10754,1037612,948733,229698857,ransom,
11072029,12353,1101547,1009250,277368488,ransom,
17502696,111593,1373729,1115158,349359287,ransom,
11860686,30773,1358397,1011566,278700556,ransom,
11998862,13370,1018144,930144,297261296,ransom,
13327909,14090,1185204,1081113,332771610,ransom,
17572966,41978,2023608,1530340,382736107,ransom,
12124879,13278,1089059,992854,301107723,ransom,
11197519,11943,974190,892646,277953084,ransom,
16425567,17847,1311457,1180629,388876760,ransom,
15221748,39173,1831797,1349100,346132548,ransom,
9930595,11056,983952,902129,245938292,ransom,
13603622,14736,1142688,1038438,338098271,ransom,
17778347,111891,1328502,1136563,369325011,ransom,
11453383,33009,1663857,1224061,258710057,ransom,
14292822,15744,1275992,1170017,354189221,ransom,
14473987,15867,1343365,1234660,357907612,ransom,
15917224,36138,1665569,1202868,337601692,ransom,
14820406,16511,1351065,1250237,366507695,ransom,
12672268,13815,1169978,1062929,315139526,ransom,
12147251,13467,1104942,1008309,296451826,ransom,
14851110,41607,1754062,1279283,315355948,ransom,
12517309,13783,1220513,1121129,310755298,ransom,
13488486,15027,1212332,1110617,333374424,ransom,
16403974,87182,1234131,994287,335585929,ransom,
11367388,28381,1588007,1223346,268246671,ransom,
4728788,4802,848915,797978,123412722,ransom,
691885,952,83898,68644,18729221,ransom,
24932632,48889,1966303,1434100,561555754,ransom,
11505836,13248,1134604,1057323,282676745,ransom,
9444266,10195,752401,679880,236561489,ransom,
12059183,13286,1238802,1133020,302071088,ransom,
16764833,41072,1866975,1358341,362565745,ransom,
7602870,8721,818616,760123,188842863,ransom,
13416657,14797,1143384,1055169,331040296,ransom,
20205937,113826,1421953,1174633,418184958,ransom,
9808025,26267,1404405,1048242,225833922,ransom,
8161873,9605,778052,714877,201712287,ransom,
12468275,14223,1209050,1125685,305780628,ransom,
15795189,33721,1804288,1378261,341030845,ransom,
11791349,14024,1046524,960153,288109313,ransom,
13118833,14880,1153744,1060847,323585091,ransom,
14582918,16231,1300454,1200415,342281405,ransom,
16198803,32922,1615183,1197585,369234536,ransom,
8370943,10079,1029837,958328,205765819,ransom,
12173670,13633,1075694,980281,302488221,ransom,
17169102,71759,1340203,1117350,354197256,ransom,
13768207,31582,1608683,1235212,327502631,ransom,
10236258,11275,1039120,954236,256936439,ransom,
14697314,16782,1278290,1166541,364803739,ransom,
13420442,21342,1137131,1038214,318317282,ransom,
12707689,37472,1445758,1131565,272303582,ransom,
15707500,26250,1637946,1364560,382510132,ransom,
13008967,14832,1188518,1093244,320145000,ransom,
11100294,12469,1030685,945594,275996386,ransom,
16562785,36613,1898935,1434867,354474137,ransom,
15067518,24294,1141347,1029572,367438173,ransom,
13297528,69513,935619,789303,296221643,ransom,
11884333,16164,1093935,934803,264936175,ransom,
11520110,28155,1552287,1179116,274801259,ransom,
11564065,12741,960289,856794,290670968,ransom,
10041486,11252,838037,761650,247996117,ransom,
16109879,34658,1717610,1237040,364956970,ransom,
9336975,9981,1004999,918167,237028248,ransom,
11550979,12558,988461,904964,286755383,ransom,
13377279,13710,979060,872590,320930235,ransom,
14972475,34304,1705605,1261873,338396095,ransom,
11659156,12985,970289,882608,289297093,ransom,
14814139,91658,1328270,1160223,328889467,ransom,
14821241,34280,1690338,1272057,323646702,ransom,
10580512,12336,1067275,962071,263656676,ransom,
14216572,15405,1149388,1050538,353953824,ransom,
12932313,14085,1100005,1004864,321239208,ransom,
14440695,34286,1855011,1411303,308739026,ransom,
13839308,15319,1140896,1048075,341117553,ransom,
10032728,10828,1213810,1118155,254775322,ransom,
14777827,25846,1145472,961948,331070992,ransom,
17187831,34355,2080215,1703197,412187982,ransom,
10478010,11569,799700,724912,258698369,ransom,
15859471,80840,1319513,1154710,353566071,ransom,
17460004,38555,1904296,1441687,383093792,ransom,
12209170,13532,1066196,985577,301935363,ransom,
8461568,16791,663279,567954,211220606,ransom,
6460959,20269,560635,415700,163009386,ransom,
15492136,65767,2078530,1445823,342957109,ransom,
33331578,62343,2387337,2140877,811129987,ransom,
1814436,3147,288520,263712,44050219,ransom,
12774224,33538,1521495,1096953,265824360,ransom,
22113637,26632,1916353,1718197,547721611,ransom,
6880421,8501,705840,636643,170799935,ransom,
15223603,19890,1390362,1269388,378555436,ransom,
20035895,103741,1897273,1371866,408116109,ransom,
9214781,10600,874560,785243,231002713,ransom,
10730131,12146,1026427,935213,269242881,ransom,
16299063,18116,1462187,1347302,398451887,ransom,
13450870,43550,1596340,1165878,284913968,ransom,
6360679,7408,749024,692242,159024588,ransom,
16764281,18679,1413707,1287795,416842902,ransom,
17402390,34587,1887659,1511861,381522878,ransom,
2402754,7427,529051,411143,59404128,ransom,
1267760,1633,566881,514544,37706780,ransom,
24907563,27275,1573412,1448945,611172371,ransom,
12287907,91157,1237309,863679,220920526,ransom,
7564867,22689,910370,727050,179720821,ransom,
18210318,22816,1452033,1226919,444204105,ransom,
14453609,18048,1551103,1206759,341198562,ransom,
13988708,41675,1739569,1053552,274446503,ransom,
16128356,23497,1341289,1082817,377616260,ransom,
17621602,19271,1605917,1490580,434045584,ransom,
7747762,10773,645510,548580,167114131,ransom,
13212500,31847,1761455,1346384,310008794,ransom,
15202737,17060,1373755,1262584,376207462,ransom,
9595888,11416,1031375,935575,236683754,ransom,
17269904,119834,1755749,1195346,327010771,ransom,
15657643,17794,1478952,1345930,389205788,ransom,
8933713,10407,676112,617722,217165987,ransom,
13551222,15160,1414222,1288289,339624049,ransom,
19216942,42392,2048717,1530049,422221903,ransom,
10419757,11723,825978,759992,254310410,ransom,
11492348,12616,1096457,1002268,285349041,ransom,
18428376,30329,1822784,1511364,412046688,ransom,
13613595,25675,1457215,1180152,327918041,ransom,
10274366,11756,942914,862398,254237923,ransom,
17841531,44777,1535695,1396099,429053819,ransom,
16551638,95950,1858608,1327936,324539675,ransom,
8867922,10125,767193,694298,219324973,ransom,
19021078,20832,1531879,1396504,470242761,ransom,
13291947,23068,1343929,1209411,298211076,ransom,
10695908,29309,1397397,987215,242563579,ransom,
15459643,17338,1440107,1310931,382973142,ransom,
13003994,15408,1146186,1053295,319960987,ransom,
12851016,31120,1519981,1159022,275890688,ransom,
15942666,22165,1511477,1265522,395561716,ransom,
12657930,63001,1161246,1064454,312187290,ransom,
10934785,12091,1074142,967423,274380133,ransom,
20797648,93275,1662836,1330818,433297873,ransom,
11886886,25103,1495259,1208825,291092279,ransom,
11276440,12979,1051930,935771,283766581,ransom,
13773639,15729,1333947,1224353,339507124,ransom,
13603462,36202,1642550,1192870,285574500,ransom,
11139526,11942,913322,824481,280547875,ransom,
13601963,20589,1350879,1237760,336413437,ransom,
11998357,13167,1102235,998479,289132394,ransom,
15395041,35836,1854920,1404933,347995792,ransom,
13855254,15282,1297699,1174405,346421321,ransom,
14155188,15886,1098381,1004754,347853794,ransom,
14998922,30110,1717528,1332065,327538144,ransom,
14959932,67900,1334249,1106410,334238549,ransom,
16210781,18218,1297066,1184775,398030291,ransom,
10954283,12418,990701,911390,270187375,ransom,
14098202,32426,1626375,1209749,302821972,ransom,
13667864,15580,1243700,1142160,337553338,ransom,
11551121,13519,1053175,961965,286075094,ransom,
11686816,24735,1215588,993990,247660235,ransom,
13374490,25833,1741637,1401422,335106447,ransom,
14826670,15377,1232326,1108229,373931708,ransom,
10429593,11853,820403,740904,255882513,ransom,
14179928,35077,1809159,1323254,310971465,ransom,
22308399,86135,1686183,1479522,510910567,ransom,
9502594,10953,823033,759989,232847999,ransom,
9480790,10922,891872,806933,219744884,ransom,
20899926,43855,2387275,1860640,490804714,ransom,
13014331,14469,1026976,941592,321125923,ransom,
8332758,9452,769026,698837,208047574,ransom,
20372206,42880,2193821,1706056,454750518,ransom,
14023161,16622,1198372,1067879,345355383,ransom,
8915609,10233,806162,732552,221180730,ransom,
16213306,20732,1460197,1333446,397579025,ransom,
17666514,71363,1999409,1451571,374412201,ransom,
10878151,81336,919091,799742,234011726,ransom,
16415762,18694,1406384,1283818,407931921,ransom,
14782215,17332,1237933,1121865,339368160,ransom,
12334895,37607,1632497,1146528,277183401,ransom,
15714855,17193,1343218,1232126,388262493,ransom,
13256147,14660,1216930,1124829,327309963,ransom,
12396340,33590,1412719,1012020,256704584,ransom,
15428604,21911,1444761,1212908,380048187,ransom,
13207639,14620,1197854,1098840,327859362,ransom,
11929279,13247,1075153,987441,294782832,ransom,
19180625,49582,2030747,1478441,428127538,ransom,
15943688,345354,1365677,1201806,350123069,ransom,
10219859,99194,726936,645225,255939842,ransom,
16227315,20464,1458352,1264668,371874406,ransom,
14922909,36607,1734477,1277677,353792718,ransom,
11325340,12692,1039534,953348,279729057,ransom,
10837141,11544,1028287,934514,273699362,ransom,
11493253,34441,1514970,1046919,230754650,ransom,
13582081,14510,1087517,989511,338267703,ransom,
244027,635,149006,139947,5708888,ransom,
7684286,8449,661251,598459,183302880,ransom,
6832694,25619,1137284,707777,145334222,ransom,
10614165,13597,845016,789775,256951981,ransom,
8534978,65149,504099,393763,174953068,ransom,
4973569,24345,1092497,685562,84540451,ransom,
14517225,15419,1193964,1097894,361373564,ransom,
581710,490,106781,91421,18082789,ransom,
12969825,14227,1067066,975745,314691828,ransom,
7092710,26153,1078054,648276,148574869,ransom,
7465702,8564,647891,605989,181424447,ransom,
4105931,4475,315751,270340,105027760,ransom,
4775929,22099,868843,486201,80510768,ransom,
17497772,18997,1406108,1278639,436199607,ransom,
1728000,2398,381831,358412,43876686,ransom,
12279845,73450,898802,762450,263626597,ransom,
5031435,28098,1028194,564615,87504063,ransom,
7902200,8942,545253,511292,190912664,ransom,
5995517,6568,465922,405230,152286153,ransom,
7725403,21896,979456,691170,155842817,ransom,
4647823,10287,524675,332374,120649699,ransom,
5452789,6489,506888,469320,133557756,ransom,
2091746,2132,191143,167148,53926592,ransom,
3375198,24285,777628,391283,50174821,ransom,
1528352,1737,167713,129119,41288598,ransom,
3189222,3822,246268,224537,77855350,ransom,
8822999,86917,869316,523447,157863517,ransom,
3854094,11021,557358,381815,94382783,ransom,
5189359,5285,451144,395262,134377428,ransom,
1297440,1516,85811,74502,32496553,ransom,
6335663,28358,1031682,609517,127316129,ransom,
1392095,1452,116350,100603,36165264,ransom,
4531158,4679,314216,267878,116839590,ransom,
1830129,9859,345583,191018,19891413,ransom,
6710162,19355,828263,544266,166928280,ransom,
273016,466,115332,104394,7617591,ransom,
5402364,16045,350075,281225,134526422,ransom,
7375356,83280,1056030,564991,117482200,ransom,
3534147,3618,305891,266893,91406415,ransom,
3233925,2955,242998,204606,86327616,ransom,
5203013,8975,408819,340224,118926049,ransom,
4757821,24684,901196,515679,101331281,ransom,
3864636,4715,318464,290033,94963045,ransom,
2376504,1872,180357,145196,65551502,ransom,
5473485,27814,984640,588430,101092667,ransom,
1889424,2592,162176,137594,49586379,ransom,
1631244,1964,107159,98632,39346369,ransom,
1165359,430,103280,74062,36434081,ransom,
6373167,98110,849806,396141,81028048,ransom,
2006072,1419,182728,139739,59560983,ransom,
6561140,7761,480244,431539,162632411,ransom,
9561630,126297,679925,581492,250429880,ransom,
3254607,23314,889311,531212,44656627,ransom,
2586180,2810,195551,166748,67174325,ransom,
250776,356,34412,32827,6083872,ransom,
3069308,21582,705085,343580,51870538,ransom,
1038150,1538,83818,68692,27067312,ransom,
3721684,3992,247844,205424,97263013,ransom,
962714,1436,140960,131477,23330361,ransom,
7825921,89108,1019197,554236,127657528,ransom,
104494,707,9560,1087,2597918,ransom,
4423301,4971,373314,335761,112480000,ransom,
3557527,4112,307658,269328,92717709,ransom,
5616742,25978,949889,573724,107023576,ransom,
2364791,2627,237074,197788,63530749,ransom,
3879277,4584,266695,237104,96712666,ransom,
3874563,23023,868144,488767,68144716,ransom,
6952431,8002,525733,465310,175315247,ransom,
852150,1375,142074,132126,21008843,ransom,
4112243,13415,367625,184295,78551184,ransom,
5402358,85630,1037669,383778,61281738,ransom,
7474600,15810,723188,453067,156729747,ransom,
3231293,12696,459512,254587,49043203,ransom,
7149918,8698,507187,464897,175186386,ransom,
4252016,23556,890956,478351,72522024,ransom,
1141527,1651,81367,67284,28397915,ransom,
7288979,8878,670360,597352,183929915,ransom,
4354202,14408,544571,347798,81398806,ransom,
3945966,14794,561567,346227,91289158,ransom,
4096702,4877,360736,331043,100648391,ransom,
7831921,9176,819774,760743,193547383,ransom,
4597105,22887,918337,544967,83976612,ransom,
8623296,69347,592790,457465,176486740,ransom,
4467365,5757,405587,365204,110863597,ransom,
2761720,6879,292731,204828,48288681,ransom,
6983374,24087,1021131,685942,161314933,ransom,
3845554,4587,503422,457093,98580318,ransom,
6673808,7613,411890,371452,163520497,ransom,
4058481,23835,868671,508950,69585558,ransom,
10213794,12527,978926,896281,250846445,ransom,
5543262,6543,625323,557303,141403412,ransom,
9832109,11665,858570,801634,238918786,ransom,
12870673,34863,1485809,1033986,277013509,ransom,
2522298,67425,192928,121910,20535506,ransom,
9492365,70083,869058,796067,234026712,ransom,
9495757,25162,1177796,877805,204191276,ransom,
10048057,17482,1107476,929786,241971536,ransom,
7741199,9183,604556,547017,190467185,ransom,
2303751,2967,279434,250034,58251579,ransom,
10000630,29860,1455742,1056061,207862292,ransom,
12093267,14597,964916,866157,299663751,ransom,
7496326,9499,814319,757937,183230224,ransom,
8652690,13332,724296,625074,190351823,ransom,
4570484,30544,937702,600592,88196447,ransom,
7978514,55086,603636,499624,161170630,ransom,
11584959,13171,938142,858839,287456166,ransom,
3485249,26132,872304,481819,46824119,ransom,
8718558,10825,801007,709065,216877415,ransom,
6708,203,3584,152,44309,ransom,
9031480,12153,769431,677824,211279157,ransom,
2079611,24391,795763,391594,28285039,ransom,
5102528,5930,370667,342107,123877989,ransom,
9517394,11410,830366,739365,239326118,ransom,
7732194,13632,748563,616701,164805051,ransom,
6820031,62038,953740,554873,136879720,ransom,
4337064,54637,329654,268164,76715930,ransom,
8094530,9165,510192,455862,201807229,ransom,
3812332,28646,1049946,633716,54345765,ransom,
7536700,8353,644989,590729,188576679,ransom,
3148904,5289,417801,362678,80596386,ransom,
13211987,22197,1074064,932561,304490333,ransom,
2148227,19839,638538,286237,32404982,ransom,
7195419,9006,674341,617747,177924402,ransom,
2691991,6641,300955,262440,57589329,ransom,
7571725,37960,962678,588786,141635708,ransom,
8579325,15313,662460,526689,212901968,ransom,
6515172,85577,663829,562273,120165713,ransom,
10944705,12262,939070,872283,269459399,ransom,
7575624,47304,1112043,618640,137395131,ransom,
10569100,12023,1012785,932807,262645562,ransom,
1830339,2307,154933,135158,46313878,ransom,
6828158,8194,587486,533057,158999047,ransom,
2377051,27286,809525,397540,29219836,ransom,
3609527,4541,222486,199220,86951750,ransom,
14484990,16834,1182040,1071143,359780639,ransom,
12238001,35872,1609633,1132663,264488238,ransom,
10386679,13024,1028260,950263,253970437,ransom,
4788416,61761,278848,208115,93404061,ransom,
3109914,37671,313920,262668,57296671,ransom,
13184808,36451,1565784,1112674,282591610,ransom,
8587634,9402,587062,518414,216602023,ransom,
7158974,9162,910437,830290,180346044,ransom,
11966707,23687,1149059,902891,256154531,ransom,
9429690,23282,890603,610567,224118690,ransom,
3132727,4064,562236,524502,79841643,ransom,
11262149,12583,940534,867024,277339652,ransom,
5608691,29965,928764,480775,96132293,ransom,
13035899,14926,1221881,1100523,328602732,ransom,
11733851,13022,974401,904254,288978089,ransom,
10719406,102728,862879,722872,203562953,ransom,
9718411,35157,1270975,826287,207866197,ransom,
3266251,3754,320007,281635,84057404,ransom,
8687198,9379,756903,698776,217024662,ransom,
9186015,33690,1333482,874823,183803048,ransom,
13994544,16504,1158336,1059869,344487484,ransom,
2092072,2303,352080,319068,57727309,ransom,
8481966,10339,710904,644674,208837480,ransom,
17981306,41654,1964778,1462718,401484239,ransom,
3305597,3683,234767,202802,83682463,ransom,
7620204,8406,738488,660292,195316747,ransom,
14250176,85929,1146050,986189,297008311,ransom,
10264545,51929,1277168,825218,216896142,ransom,
6577328,7259,612181,551223,165859569,ransom,
3481445,3832,269000,247845,87055955,ransom,
14487168,35353,1638510,1212292,312004894,ransom,
8899650,11786,885358,759578,219622727,ransom,
8963550,10320,738847,667438,223735714,ransom,
4997017,21997,518812,402388,91766440,ransom,
10916312,35293,1321579,856930,210241118,ransom,
13141402,15021,1074831,959534,331945660,ransom,
5115408,5968,556424,505520,130007918,ransom,
11710532,101023,970456,788604,227256751,ransom,
14515977,46464,1454076,1015814,329586331,ransom,
853986,1284,309745,287001,23723183,ransom,
7820683,9672,705214,632774,193281407,ransom,
14430843,37058,1433093,1009990,317542162,ransom,
8894426,9862,844205,774897,221247168,ransom,
6731244,8134,727002,681151,164639755,ransom,
5588900,6112,385236,337460,140755005,ransom,
6510650,25480,1103145,725249,119162079,ransom,
10985914,12353,1016213,937760,272221795,ransom,
8543507,9394,668558,594457,215647628,ransom,
10648579,53799,891867,735199,225241754,ransom,
12008296,43138,1503519,1112243,262985293,ransom,
5238425,6047,564416,499932,132820278,ransom,
7943837,8984,669845,621285,193287531,ransom,
8552043,25403,1139501,763769,172831877,ransom,
277289,668,218114,199052,7981824,ransom,
829692,915,333802,302105,25148224,ransom,
1343015,3998,331894,276218,26433917,ransom,
20941684,36135,1485526,1099862,492628052,ransom,
13633621,15631,1280428,1187097,336126782,ransom,
1064851,1787,264144,249531,25706070,ransom,
7662737,77001,1011640,574226,112376093,ransom,
7102498,7692,620365,545695,182432224,ransom,
9278414,11066,838294,782597,225913517,ransom,
6731840,7533,619536,565042,167526723,ransom,
10126946,28843,1484658,1081344,219275539,ransom,
9003780,10312,598130,552341,219594497,ransom,
13030024,14603,1017853,923038,323974584,ransom,
6107547,22854,1066908,774005,113498984,ransom,
5099176,8249,505387,398633,124162683,ransom,
6564720,7639,587437,532234,163588183,ransom,
5932017,6786,666589,600399,150442036,ransom,
19464493,90022,1793569,1302896,405844687,ransom,
10059734,11442,895189,825602,249184096,ransom,
943176,1333,270489,247781,25970473,ransom,
4232361,5198,314975,287157,101827978,ransom,
15374802,38913,1742135,1294805,342777046,ransom,
12646718,14353,1135374,1031945,315492890,ransom,
5563418,6519,508846,464506,137485567,ransom,
9101147,31348,1105211,809097,177711131,ransom,
8830852,17863,873703,665833,215474249,ransom,
2829529,3125,466173,434246,73541624,ransom,
8691341,10253,725765,659917,212804813,ransom,
19968991,117470,1823088,1401617,409301869,ransom,
7037199,17952,749717,528132,168775315,ransom,
6058658,7309,763790,693832,153866813,ransom,
6638086,7758,564871,531497,160940807,ransom,
9174070,33052,1320285,855224,181062741,ransom,
12803361,14550,1017670,931412,315506084,ransom,
7691992,8587,759428,681992,192371707,ransom,
7054857,11739,688314,575535,146112489,ransom,
10192943,34606,1482102,803751,202404305,ransom,
12847089,22218,1354025,997835,286701473,ransom,
5168808,11765,541548,385117,101930630,ransom,
12426247,59800,1126073,944405,260852433,ransom,
14392046,84237,1510222,1046417,307974249,ransom,
5992467,7106,546321,495484,148923728,ransom,
9883310,11065,658232,588425,245454854,ransom,
6803979,21991,1114630,805620,121721300,ransom,
7328827,14178,1003505,800762,180792415,ransom,
12996581,14938,986125,911561,318437115,ransom,
9272505,10643,728530,664438,229653419,ransom,
6675254,28944,1308787,862252,120223593,ransom,
5493934,6385,414973,379936,135246259,ransom,
10842187,12712,897193,822052,266191679,ransom,
7143952,32350,605672,507833,143829919,ransom,
19356714,119085,1877914,1327328,413066379,ransom,
5981403,6913,596136,550364,148128441,ransom,
11163593,12360,982849,895934,277076030,ransom,
5808518,6876,683369,629662,144498276,ransom,
8471493,32159,1173225,723771,158953175,ransom,
6666051,8166,775206,706039,165127345,ransom,
11297913,12397,1010483,927685,279916236,ransom,
15327680,36178,1596639,1176140,328028654,ransom,
9139151,10595,832724,723758,227468556,ransom,
1903491,2251,221002,199633,47738653,ransom,
12191985,13259,939990,834761,305885677,ransom,
14459897,115148,1482040,1178057,276890771,ransom,
7689790,23514,1047393,722444,181906688,ransom,
8441679,9892,669335,621251,205722959,ransom,
10019509,10979,823064,752827,249009861,ransom,
7189325,36348,1095788,649479,131138511,ransom,
7059673,7508,634303,565304,178956614,ransom,
10695253,11638,880616,815425,264047425,ransom,
10604988,15996,1059147,926393,242337953,ransom,
11206709,31769,1436021,1026878,251872245,ransom,
3446456,4042,346838,302169,88448968,ransom,
6530016,7376,554112,507771,162838454,ransom,
13478238,87667,1118611,946605,282679197,ransom,
17099884,59447,1763817,1288040,386892160,ransom,
2382220,3022,348872,317573,61297318,ransom,
5276827,6170,440169,397466,130188166,ransom,
12711838,48897,1604683,1114551,268098434,ransom,
11050066,13132,866601,766744,273091564,ransom,
7968459,8681,981360,896702,201126497,ransom,
6740467,7537,530803,489574,165880370,ransom,
11948894,35130,1411084,941377,251818333,ransom,
6831946,7725,763396,690692,171864723,ransom,
5920852,6814,530280,477914,146525215,ransom,
13527511,35598,1079222,951728,304070633,ransom,
13062460,101323,1404168,890864,262782830,ransom,
5292594,5872,617610,555737,136280114,ransom,
12677227,14822,1179336,1077496,312579001,ransom,
15386126,17166,1327824,1215528,373259271,ransom,
12913033,44984,1644402,1182807,277664531,ransom,
13684564,15179,1192403,1096207,337979895,ransom,
14742453,15850,1238681,1126854,366528916,ransom,
12169662,26459,1310509,1004611,253634352,ransom,
11406396,33343,1362096,1025109,271246243,ransom,
12880759,28703,1294888,1080061,311485582,ransom,
11264700,23844,1301739,1062288,262466413,ransom,
15938723,77590,1483070,1050536,309098738,ransom,
13633048,47513,1460356,1012330,294206237,ransom,
13587186,16391,1169733,1039624,333299374,ransom,
14515494,15826,1347298,1238982,360166594,ransom,
14683378,45225,1693538,1238658,311727024,ransom,
12840726,14450,1059351,964231,318167533,ransom,
12290753,13486,1169212,1070594,307581993,ransom,
14769496,17279,1255268,1135170,340292192,ransom,
14878596,37960,1922872,1430965,342175308,ransom,
10163712,11915,850397,769376,253100933,ransom,
13267427,15629,1188044,1074676,330557909,ransom,
15378059,84764,1513751,1207180,310404330,ransom,
12869584,59086,1524675,1134459,296476816,ransom,
14368974,16233,1265570,1149597,358222887,ransom,
11136990,12695,1093462,1006617,275846382,ransom,
13612709,34306,1417290,985905,283829191,ransom,
14895209,159051,1502232,1315706,367388867,ransom,
12321080,13219,927003,848869,304937910,ransom,
13094731,15297,1227309,1118200,325463526,ransom,
16970429,157343,1975341,1457216,366475592,ransom,
13027588,15888,1122726,1016767,323840519,ransom,
11513304,12522,1071273,980256,286926164,ransom,
18061097,23511,1541269,1325706,408251954,ransom,
15940162,126645,1759785,1282491,334898744,ransom,
10910022,12400,917000,832227,269987713,ransom,
16555120,19007,1381895,1252266,409976165,ransom,
13408589,14781,1369951,1265927,323103583,ransom,
13416500,37670,1531553,1066058,287474508,ransom,
13802738,16715,1135514,1022288,340543304,ransom,
14723872,16259,1424129,1300346,366275659,ransom,
14605617,36155,1428689,1118795,311336866,ransom,
12578231,27494,1574317,1269791,308275992,ransom,
14239709,15783,1233344,1127039,353019979,ransom,
11882406,18240,1117601,962173,293484009,ransom,
19679749,101479,1760905,1324259,399940804,ransom,
13768145,23966,1531499,1258104,339539403,ransom,
12897128,17283,1145540,994112,317223223,ransom,
11774680,13100,1214597,1111472,292686748,ransom,
15561324,44509,1636578,1220185,325729116,ransom,
12418032,26402,1421143,1102429,296148248,ransom,
11549553,12755,1212267,1098440,289939608,ransom,
11780685,14827,1118563,983972,287619905,ransom,
12750585,36372,1533800,1009089,262313712,ransom,
17994664,25469,1459854,1229362,449676394,ransom,
13065958,42661,1394872,1218962,313168654,ransom,
17145623,103277,1545829,1102073,348073873,ransom,
13135875,23847,1390488,1127737,319076678,ransom,
12528110,14509,1095329,998225,309762727,ransom,
13710605,18247,1219299,1068396,335615382,ransom,
14871544,35456,1839227,1362562,318258907,ransom,
14702009,16392,1316074,1196965,365566481,ransom,
13107182,17288,1225400,1069163,321516753,ransom,
14845353,19930,1377233,1208968,342510616,ransom,
16244855,39535,2045419,1529861,380587909,ransom,
11945324,13795,1052020,956103,293449447,ransom,
12400147,18544,1187243,1034178,306423773,ransom,
18129969,69185,1331595,1105536,377440475,ransom,
11415060,37388,1550360,1133325,254018829,ransom,
15541691,18635,1398692,1196981,391953480,ransom,
16539606,18171,1411277,1288524,409303141,ransom,
9482727,12388,895288,772098,223125845,ransom,
18041380,42440,2036406,1494302,400865216,ransom,
16328908,19148,1493922,1344769,405272513,ransom,
9131188,12820,895399,769642,222322648,ransom,
17114628,31982,1680169,1304154,374621169,ransom,
15476257,24077,1493409,1145794,385394008,ransom,
11081548,14539,991111,854322,270614424,ransom,
14995985,81494,1309592,1136277,329960244,ransom,
18138900,46135,2028864,1453576,399728590,ransom,
11896284,13459,1115108,1022800,294643618,ransom,
10814485,15423,1021655,879709,265666366,ransom,
17192827,20823,1407946,1238772,399175493,ransom,
15916711,37117,1918929,1460516,366056152,ransom,
9547205,12885,887558,761168,234879358,ransom,
11623297,12997,1153425,1049882,291411662,ransom,
18224194,40352,1984492,1472691,398643242,ransom,
12779985,15746,1264992,1099287,316313363,ransom,
12918764,14538,1156492,1047626,322205898,ransom,
18942514,85573,1467131,1230107,419466621,ransom,
15723009,36325,1801931,1359975,343476229,ransom,
9752713,12878,1151896,1004694,240687643,ransom,
16266702,19825,1496060,1332707,397617334,ransom,
14608830,37962,1559304,1194628,312866536,ransom,
14078023,22133,1388713,1151542,341339209,ransom,
12103086,13839,1204673,1113953,298468521,ransom,
14112727,17156,1259902,1121883,342474670,ransom,
14473907,36513,1688611,1208346,300361668,ransom,
14249084,16185,1238756,1140768,348062897,ransom,
11292761,13889,1041415,903720,276502014,ransom,
13064406,26136,1356563,1060555,279051930,ransom,
13572934,84500,1417013,1077742,287663045,ransom,
12859304,16799,1339857,1194418,310889624,ransom,
10588828,22550,1142867,960599,248943614,ransom,
15955239,44985,1807008,1040298,315010885,ransom,
15910320,28173,1497438,1090630,344576743,ransom,
12838741,15830,1154535,1008546,312027838,ransom,
14486787,30446,1276107,1057066,319728138,ransom,
13208091,33482,1541031,1085094,306710606,ransom,
14623413,17032,1430029,1279454,358963680,ransom,
11579054,12981,948481,855746,287740320,ransom,
17021542,42540,2053189,1481252,370977293,ransom,
13103147,74623,1273217,1105988,293712764,ransom,
11619029,43706,915712,784747,270359912,ransom,
14065855,17666,1299486,1143447,317348524,ransom,
16638200,42086,1984590,1471056,383029161,ransom,
12092054,14878,1096855,960738,296320298,ransom,
7659894,10031,766789,671646,184010323,ransom,
13153779,27848,1355137,1022668,276728968,ransom,
11408019,23380,1402694,1078370,274303650,ransom,
8808335,9987,603170,550702,217586735,ransom,
10278256,12364,1090942,945300,254206382,ransom,
13839081,45099,1701564,1146007,285237847,ransom,
11952549,18871,1039270,949863,292083087,ransom,
13625050,104408,942139,750915,290803287,ransom,
7426556,9490,832130,767538,160365462,ransom,
12506293,36094,1652266,1158109,279110418,ransom,
11078459,13109,985876,867468,269939522,ransom,
12198837,12859,1059314,951227,307024126,ransom,
13191741,37787,1677578,1190444,274089190,ransom,
12153956,13934,997511,888223,302192359,ransom,
13461226,16194,1565070,1399953,332582923,ransom,
11002202,13695,1038072,910183,266096025,ransom,
16367608,39706,1704843,1207006,350841763,ransom,
13794207,16306,1398122,1257085,337337948,ransom,
12850696,81330,999708,847917,277942776,ransom,
14281938,48208,1397072,1101827,295205166,ransom,
16059597,30291,1707467,1368823,385546733,ransom,
12141462,13379,1099181,1004964,300632769,ransom,
8986095,11101,840550,722670,221277368,ransom,
14982120,33615,1741013,1262347,326161106,ransom,
10720200,11767,917686,845580,265163936,ransom,
8958419,11078,994454,877168,219829184,ransom,
14597649,21450,1222048,1004399,319284105,ransom,
15985342,30624,1842953,1488085,387147455,ransom,
13068633,14166,1124142,1029059,323611058,ransom,
14144805,48481,1233681,1098876,327652498,ransom,
16403691,56151,1680636,1201918,339915319,ransom,
12238618,13082,994340,894010,306642426,ransom,
11226825,12047,1027551,931827,281363653,ransom,
12306841,19536,1144214,1048959,294330195,ransom,
16103614,37270,1874615,1413974,357936004,ransom,
9906950,11685,1038353,963850,244185248,ransom,
10944409,11459,1027373,915384,277308782,ransom,
16554422,34643,1850668,1457495,358999931,ransom,
12748477,16376,1190931,1029368,316137616,ransom,
12217312,12944,936556,822960,308253070,ransom,
16863967,81891,1349433,1167823,378273087,ransom,
16690792,35069,1783944,1319179,369331215,ransom,
11563340,12348,984477,899690,288238720,ransom,
14259736,14976,1181596,1065930,357477037,ransom,
14669721,29841,1512612,1174907,320188356,ransom,
13195014,20712,1341766,1100565,331558723,ransom,
12726781,13530,1309349,1189157,322125423,ransom,
12183082,12663,973421,875028,306631551,ransom,
15108832,38896,1693932,1202854,326754562,ransom,
10439070,11395,963756,876730,260707142,ransom,
11289650,11798,1152793,1025971,290214766,ransom,
20153354,109211,1614553,1369329,429784402,ransom,
11271277,32397,1399326,988608,254665655,ransom,
11800508,13082,940256,868408,290204608,ransom,
7209625,7506,602801,523974,184491029,ransom,
9578382,30500,1411634,970081,191784751,ransom,
11506929,13535,992050,918640,281207993,ransom,
11225200,11960,907982,830660,278775228,ransom,
5131240,5879,579671,520126,116085000,ransom,
7953224,37850,1117466,689626,159879228,ransom,
11088051,12304,983536,896898,276113931,ransom,
9723238,11270,855819,763444,241890651,ransom,
7569625,85518,635562,486480,126090700,ransom,
11661847,41763,1424166,997746,259470469,ransom,
10366623,11422,800713,730189,256845719,ransom,
4957596,5684,559334,501154,124912761,ransom,
10720775,31862,1345327,935302,217891589,ransom,
11274824,12510,978202,894655,278904564,ransom,
6750054,7702,628753,567419,168597296,ransom,
9050171,10578,811077,738428,207467896,ransom,
11561844,30688,1513306,1111060,258595780,ransom,
13084262,14038,1166075,1063126,326098059,ransom,
13120189,13867,1162741,1063984,326483246,ransom,
18177013,83725,1815943,1375278,365600258,ransom,
13727634,18075,1377517,1188969,339149453,ransom,
12154032,14547,1041306,930743,298922225,ransom,
13246486,15620,1177904,1073555,327210053,ransom,
17573617,38182,1990624,1502999,383776118,ransom,
12386903,13532,1056175,960430,309012419,ransom,
10902737,12291,1007732,922039,270084407,ransom,
17965884,20671,1404847,1263827,414948035,ransom,
12863659,33694,1739681,1264172,292320519,ransom,
4533842,5708,540276,496728,112204839,ransom,
7926591,38547,673216,597860,178006141,ransom,
15963316,74667,1805519,1337313,332876195,ransom,
6441615,8129,628678,546949,156610956,ransom,
11118650,12164,1008716,928246,274639483,ransom,
10966676,12276,1040518,951373,273023951,ransom,
11094218,34125,1413248,960162,229329525,ransom,
10089317,11426,952284,881219,247247781,ransom,
11886848,12887,918106,835782,294081032,ransom,
9546288,28656,1112368,844851,200796065,ransom,
7625857,19043,1067581,832434,183365085,ransom,
11551944,13510,955512,866599,283450601,ransom,
11836898,68732,982461,836589,259567457,ransom,
8749929,39728,1347694,915364,166590422,ransom,
11543762,13232,866904,790199,283194916,ransom,
14274767,16624,1275915,1152153,354671494,ransom,
10533806,11300,922195,830447,245248317,ransom,
13694337,33607,1620287,1178582,318264715,ransom,
14445910,15629,1343676,1206926,364377386,ransom,
9450387,10926,1005374,928134,233855797,ransom,
11831383,29906,1324046,971435,250403796,ransom,
16587050,18817,1642282,1440678,413323533,ransom,
10256879,11666,762797,697304,250353880,ransom,
12961327,267181,1072355,960743,323653718,ransom,
17785741,71152,1955355,1472398,374101726,ransom,
8821725,42010,624072,505915,205103783,ransom,
9375594,9673,929476,825969,240301529,ransom,
13865636,26950,1366884,1106376,299294275,ransom,
12087471,19303,1303677,1052884,300137161,ransom,
5692888,6171,531929,468714,145513497,ransom,
8492216,9548,905833,837851,210636321,ransom,
14014217,33224,1598949,1184304,305041468,ransom,
9760770,10229,773595,694158,244085858,ransom,
10343909,11014,966224,878253,259264496,ransom,
15251652,26308,1406362,1157975,336791899,ransom,
7152771,59577,1176544,883421,146569289,ransom,
10342201,267185,859334,764527,242964595,ransom,
12943635,100489,1068928,978703,320939599,ransom,
17205088,43845,1958078,1473668,375030269,ransom,
15070202,16724,1284116,1165304,373193276,ransom,
11705591,12998,1143619,1044753,290539855,ransom,
13180049,18650,1022570,912844,302985786,ransom,
19735274,39694,2194930,1712379,466506860,ransom,
11605084,12839,1164250,1064152,288622332,ransom,
10381907,11995,870080,781398,256872477,ransom,
21424999,49997,2096524,1659464,477202916,ransom,
14062529,78351,1388519,1156966,306917716,ransom,
9657799,10656,783015,707708,239595022,ransom,
17588414,18856,1500836,1364112,438805853,ransom,
13873070,34900,1724039,1227756,289174499,ransom,
8922192,10461,868762,783717,222318735,ransom,
14639942,16057,1361566,1251512,364574532,ransom,
15019690,25541,1473170,1234649,330343408,ransom,
10887905,24750,1493062,1123357,260062812,ransom,
12571866,14746,1211611,1101612,313354297,ransom,
14292823,15672,1231989,1132713,353529626,ransom,
13626210,36849,1452824,961094,277984419,ransom,
12262853,17222,1232392,999727,292751050,ransom,
18116112,110813,1555808,1153941,385624540,ransom,
15620373,34334,1387950,997834,351121127,ransom,
14667670,38596,1877391,1341974,304174817,ransom,
14784731,16691,1273645,1164500,364641502,ransom,
12864735,14045,1114003,1027127,317642588,ransom,
11274768,27610,1098388,814895,229850020,ransom,
13582390,22924,1345083,1064854,332667262,ransom,
16350892,18695,1558616,1439331,403584673,ransom,
10360236,11611,917336,840947,255487882,ransom,
15797250,37409,1788509,1312548,344879405,ransom,
14213459,15779,1271448,1151432,354772066,ransom,
13115219,42898,1165648,1040657,310252984,ransom,
15193064,64001,1311228,981001,307938248,ransom,
16092348,29794,1749476,1441312,391481556,ransom,
12064510,13487,1044560,948184,299967164,ransom,
14107226,16418,1324831,1225328,347880368,ransom,
14287704,38600,1747894,1240507,301919822,ransom,
11989400,13629,1199698,1099120,297723113,ransom,
15231722,16766,1246206,1143774,375679927,ransom,
11249877,12718,1042783,957580,276949886,ransom,
11341419,34800,1702084,1192133,228556787,ransom,
14840338,16521,1159912,1069587,364971384,ransom,
12853922,79143,1269681,1119171,287148930,ransom,
14199369,56962,1317047,984538,293700591,ransom,
16054924,26051,1617213,1315405,392648622,ransom,
12519752,13022,1139425,1041973,314479336,ransom,
9890357,10059,803418,704253,253066758,ransom,
18840227,104515,2080638,1541262,428485186,ransom,
15540280,86338,1247637,1140542,384886913,ransom,
10298076,11521,978760,891779,256462627,ransom,
15486485,19871,1144442,991057,352642929,ransom,
17378324,34517,2017226,1555773,411264669,ransom,
11367077,12535,1057953,964575,283520685,ransom,
12299386,42624,1048392,926706,293207415,ransom,
21983147,114527,2329019,1737308,457998021,ransom,
10824139,12142,884158,806924,267505183,ransom,
10169976,11940,1068423,964598,253931041,ransom,
16762285,18246,1436150,1328201,395542502,ransom,
12491057,32742,1642952,1198299,274690084,ransom,
9414050,10380,903771,830584,235127577,ransom,
14515210,16564,1368710,1266802,357535429,ransom,
14038392,33590,1415806,1063523,294203240,ransom,
11442113,13080,1115405,950859,285177613,ransom,
16042323,17834,1448570,1343774,393638469,ransom,
12088067,13600,1118327,1027075,297764493,ransom,
13630954,94091,1176542,804699,251008554,ransom,
13818044,19227,1424950,1198756,340943147,ransom,
12814188,13506,1198880,1091643,322158573,ransom,
7588374,8957,868990,809016,187306105,ransom,
10861512,34888,1258016,806522,210705682,ransom,
17628783,19076,1571561,1449220,438478296,ransom,
14557986,14791,1286124,1146435,371687635,ransom,
10109180,14660,778693,657082,217348272,ransom,
7761831,26848,1424098,1014277,179903959,ransom,
16996079,18498,1396715,1289076,418576075,ransom,
11810660,13350,917400,829633,289950218,ransom,
11553255,39854,1405660,932288,235198175,ransom,
15802779,113450,1261274,1049953,349185414,ransom,
12402463,15200,1254983,1132920,309532568,ransom,
10306714,12288,980279,900002,254240254,ransom,
14277550,45297,1861502,1347386,302851207,ransom,
20066213,22824,1513784,1368308,498039521,ransom,
9122146,8809,886145,787865,235570383,ransom,
15967354,34530,1376576,1061948,343235860,ransom,
15471317,40983,1904399,1443757,371961827,ransom,
11667987,14717,1008479,909808,282546131,ransom,
9875763,13568,1014376,896379,239536963,ransom,
18328250,40716,1971687,1497636,399407231,ransom,
14264562,51769,1177700,911457,329077455,ransom,
13023949,56589,1087517,938059,300008544,ransom,
18593700,35364,1786004,1527652,446136258,ransom,
14007200,285692,1723812,1275626,301344542,ransom,
12305479,97166,920057,830333,306332544,ransom,
16625963,18346,1570998,1453754,411010762,ransom,
13608627,21062,1266582,1076320,299154146,ransom,
13749251,28545,1590804,1224544,330011937,ransom,
14585889,15786,1264315,1160892,362671742,ransom,
12222262,13517,1085469,994330,304388179,ransom,
7022677,28311,1186526,791976,131125227,ransom,
8342104,9654,792487,679374,205679859,ransom,
14123911,90652,1038511,882617,304708098,ransom,
7338236,8036,838062,757690,174716101,ransom,
8584812,33337,1115155,673049,173000116,ransom,
11618432,12949,969885,880024,288953707,ransom,
4391566,4728,531133,479735,111910492,ransom,
14466957,31246,1344824,1065279,312538635,ransom,
8544245,17577,1031801,764730,206761635,ransom,
2694678,3473,418494,383342,67555648,ransom,
11613603,12927,988928,909197,286622616,ransom,
16802920,39946,1734382,1255080,372816428,ransom,
2964486,3548,568719,519634,76597136,ransom,
12730349,101677,870145,750516,267495197,ransom,
12029302,25189,1085521,926311,268398654,ransom,
18464025,306513,2120145,1653731,435342315,ransom,
12780625,139195,1152999,1057920,314624644,ransom,
9611922,10925,904163,829783,237848943,ransom,
19169440,42299,2091102,1622663,421546153,ransom,
14077451,16608,1337845,1179754,348186621,ransom,
8744531,10318,797972,730595,215819909,ransom,
17387467,20523,1402773,1269684,409270937,ransom,
16715491,39058,2083237,1583784,385219567,ransom,
8017625,9388,735132,665695,198212244,ransom,
14391358,24100,1153078,1038748,350452353,ransom,
23417658,121910,2363132,1813719,484924922,ransom,
5742634,8273,679391,591973,141649568,ransom,
14376033,16158,1258735,1138928,358871846,ransom,
18459777,20893,1709451,1576998,454088092,ransom,
10282042,31645,1296203,862013,209678731,ransom,
14249141,15433,1152129,1043953,353435721,ransom,
19909190,21609,1875108,1737092,491568722,ransom,
8552975,16603,978569,738999,167661641,ransom,
12456878,26282,1236877,970344,303522685,ransom,
9607458,11865,1194174,1098960,239043530,ransom,
11213495,12577,856631,795621,273648437,ransom,
11659738,76788,1283114,880703,211966776,ransom,
2273255,5691,382132,259584,55552044,ransom,
4476957,5439,346697,322176,108908697,ransom,
5591177,6513,525728,466463,133953371,ransom,
8231581,27648,1210942,817166,171201999,ransom,
5168777,5660,483341,434613,130594447,ransom,
6040477,6801,500433,462578,148303457,ransom,
6361097,18415,856597,595725,129862219,ransom,
4272499,11231,619868,441815,102359046,ransom,
6765583,7853,562765,500337,169465960,ransom,
7391299,59762,637917,531849,143665507,ransom,
8782365,35088,1127526,720132,180562023,ransom,
597522,994,159535,148801,15033319,ransom,
8348284,9177,762223,693521,208167331,ransom,
4177786,9403,447862,298086,75747563,ransom,
5552568,18174,821867,567399,131658669,ransom,
2466811,2913,262716,240011,61631232,ransom,
6687884,7653,558322,511008,165404353,ransom,
5077295,27510,978947,590597,91313784,ransom,
3806414,4551,342325,314941,93853247,ransom,
2832584,33352,217105,168572,50117577,ransom,
9692463,50534,933807,678742,191082183,ransom,
2606568,15779,602958,373932,56832672,ransom,
10489682,11820,971136,892628,259996040,ransom,
2154661,2246,236610,209289,57480765,ransom,
11715631,47756,1420624,962855,243322157,ransom,
8219312,9161,513126,456403,203626782,ransom,
3631052,4566,749223,689648,93734831,ransom,
11240785,12661,952568,872872,277490286,ransom,
17588800,39003,1857519,1404064,394195320,ransom,
10519899,11917,925338,840677,261466866,ransom,
16751302,83688,1407819,1207350,379146216,ransom,
16864306,35500,1802182,1350268,364571204,ransom,
12047720,13384,1051709,962613,298744860,ransom,
13230506,14636,1251010,1148092,329627475,ransom,
14199076,15657,1211427,1109979,349989026,ransom,
13779724,34834,1639992,1210641,296284887,ransom,
15947512,17332,1431503,1321812,394496808,ransom,
12741826,17410,1197533,942324,303021188,ransom,
15066388,36931,1719192,1041973,312535446,ransom,
11419213,19307,1252383,905693,259915591,ransom,
12685743,17972,1128099,960457,300836007,ransom,
13014243,35204,1144129,1029845,312541159,ransom,
13998465,74862,1456396,958359,266920782,ransom,
14898400,16142,1268283,1163125,371285423,ransom,
12877133,13456,1178573,1065902,324720273,ransom,
14563277,28597,1307063,1047854,318011023,ransom,
16251803,28595,1554524,1236437,395798969,ransom,
11421251,11919,1020939,926396,287326865,ransom,
13598825,14885,1292259,1192273,337679702,ransom,
16861000,39813,1843336,1352405,369530910,ransom,
13435937,15396,1131283,1036723,332851313,ransom,
14356666,16159,1429728,1319855,356403250,ransom,
10524721,13740,916366,785291,228237276,ransom,
13873778,102116,1697147,1203639,285211874,ransom,
18077688,40810,1540778,1404332,436906242,ransom,
12509714,13985,1022842,936250,309268376,ransom,
9920624,10979,1046193,963160,248574385,ransom,
16534174,42927,1910952,1378135,364941836,ransom,
13677548,15399,1180655,1078304,340099981,ransom,
16596473,18340,1399228,1288858,411136657,ransom,
12280472,15771,1150702,1035258,303140078,ransom,
16480183,41045,1856598,1346011,348915424,ransom,
11473718,12489,1130702,1030727,289764522,ransom,
16079181,18058,1324740,1209427,397466362,ransom,
12803150,24624,1349241,1084896,276304490,ransom,
13061696,42761,1499558,1200431,309438767,ransom,
16574071,86640,1210561,1061060,371959384,ransom,
9464820,10718,1057667,979574,236502179,ransom,
16641703,43009,1859603,1352874,360097712,ransom,
16106617,17972,1402193,1284949,399440663,ransom,
8939614,10492,959542,884573,220842062,ransom,
14496139,16537,1085833,967964,336049665,ransom,
16866580,36489,2088825,1631124,394051942,ransom,
10742475,11678,934140,861420,265278955,ransom,
11641063,25679,981897,896501,287947006,ransom,
19528126,50098,2058633,1543793,430005914,ransom,
11040315,12158,959077,875618,274390818,ransom,
14083947,75039,1075894,913278,310759349,ransom,
17321150,19560,1376935,1254489,404111881,ransom,
11513973,32094,1603645,1166176,259165170,ransom,
14575903,15912,1239088,1127701,361800081,ransom,
15390108,16828,1474100,1363337,382436074,ransom,
13269228,35172,1522868,1109571,274837086,ransom,
13870939,15923,1318104,1158669,344821287,ransom,
16236787,17641,1409852,1290254,404715525,ransom,
9432680,11217,895327,822679,231944144,ransom,
17667643,39759,1973051,1483784,392054075,ransom,
14877148,16309,1339500,1226680,369516955,ransom,
9882225,11191,900522,817868,246160398,ransom,
21488964,110809,1679474,1298754,440601998,ransom,
14923426,30996,1800901,1467627,362937587,ransom,
9549128,10749,843807,768968,236348779,ransom,
14425018,15967,1205806,1088320,360133213,ransom,
18040471,41138,2058308,1536786,395651835,ransom,
11249425,12938,911031,820685,278751116,ransom,
9741580,10629,911758,825068,245509852,ransom,
14314922,15274,1258291,1155230,341666830,ransom,
10757776,34288,1659411,1191091,229834339,ransom,
10405458,11671,911685,820140,259893436,ransom,
14405713,15592,1372181,1259235,361194252,ransom,
15394657,51887,1319644,982178,321073310,ransom,
16066918,100440,1611912,1278026,352038602,ransom,
12139779,13596,1149296,1058926,301099679,ransom,
14361988,16078,1228181,1128095,354326607,ransom,
14108224,14918,1189479,1084814,324892051,ransom,
14379739,36425,1791609,1359346,328182686,ransom,
14024463,15162,1200321,1087659,348980492,ransom,
13094844,14388,1107368,1022000,322545985,ransom,
14583931,34827,1685325,1280956,308316146,ransom,
14880843,17207,1431736,1280131,369390997,ransom,
12875150,14477,1149813,1060534,317531238,ransom,
9281089,10037,647613,567824,232375423,ransom,
10771607,93663,1354016,947185,182599327,ransom,
10702736,15119,1082581,937382,264187631,ransom,
12699530,13675,988588,897027,315787137,ransom,
9445384,10565,957170,867839,237612235,ransom,
9154876,31422,1290679,851480,177260461,ransom,
9271373,10407,727640,672185,226288532,ransom,
10361922,11007,796494,710490,260182372,ransom,
10817954,25368,1428156,1100388,234911485,ransom,
12891177,22361,1223821,996608,308373234,ransom,
9138913,9926,823154,752266,227040336,ransom,
2232571,2607,348126,308361,58956000,ransom,
19139858,125872,1632511,1203638,382924536,ransom,
15332359,23506,1555752,1328522,375500936,ransom,
11521637,12956,1046678,961109,284544324,ransom,
14827872,16167,1331199,1224701,368788342,ransom,
16102284,38492,1899329,1394500,344769438,ransom,
12669917,13703,1087656,993703,313897546,ransom,
14511201,15929,1181112,1081185,358169749,ransom,
13211351,20469,1202699,1097229,309568973,ransom,
14053454,37153,1747679,1239567,305610206,ransom,
14289500,15850,1387467,1279426,355541527,ransom,
12255025,13304,1080052,983146,305220976,ransom,
15638586,115273,1366050,1061133,300528752,ransom,
14368337,26845,1784524,1471369,351027129,ransom,
13658806,14838,1057835,963175,338629799,ransom,
9877134,11264,1058159,972910,247619341,ransom,
18067259,39238,1973468,1500337,395044172,ransom,
12533007,14686,1237596,1139801,309712611,ransom,
9409893,10906,860772,794735,231341287,ransom,
14379149,18584,1259189,1118288,334696938,ransom,
19548747,38013,2239290,1778486,461157593,ransom,
7766366,9491,770075,700759,193710906,ransom,
13808015,16461,1223359,1102107,343568009,ransom,
19011047,96471,1566296,1202756,384576592,ransom,
8423592,14795,887524,610679,214137279,ransom,
7057895,6529,527562,433241,188865001,ransom,
11991107,12510,1051986,934582,307721754,ransom,
14366933,34587,1554803,1046332,332641576,ransom,
9054285,9361,756224,676888,230680254,ransom,
9032254,9747,770545,679303,230578540,ransom,
12936226,16532,993633,785184,310116830,ransom,
9447935,44909,1227337,837494,225625947,ransom,
11866875,30447,833888,686548,307381688,ransom,
12625756,15976,1172639,984648,324968926,ransom,
13846655,92671,1476539,972668,261565078,ransom,
10317192,11679,820110,652595,268416549,ransom,
10644296,10277,813675,718215,273829557,ransom,
12433381,20893,953278,783969,294603331,ransom,
9519921,28969,1371647,912822,207798272,ransom,
13371161,14998,1109913,1022978,330697630,ransom,
13866775,17288,1375997,1209711,340758500,ransom,
11058926,43262,1387099,1060290,219364302,ransom,
10688982,14240,1009336,794523,260832248,ransom,
11922121,14406,1040259,905785,291819555,ransom,
7999461,9131,764812,693873,199815267,ransom,
14380308,87615,1746841,1169188,269222652,ransom,
11591373,12695,971740,893260,286232085,ransom,
11050366,13306,867870,740202,269696323,ransom,
11230241,20429,1232514,999334,247268189,ransom,
13815494,28671,1659757,1310527,330630690,ransom,
11997459,14586,1033440,902481,292746430,ransom,
10037424,15150,1218364,1118690,250089887,ransom,
17943539,40691,2031642,1496727,388184425,ransom,
12175985,15098,1123701,984938,296834276,ransom,
13001197,14287,1115873,1012898,324543436,ransom,
16501878,20618,1410858,1247249,383017937,ransom,
16218506,98277,1867226,1330650,327868432,ransom,
12991907,116795,1137927,987684,317854171,ransom,
14118067,17114,1243658,1100512,343857927,ransom,
13505390,18690,1037253,911904,302028641,ransom,
13671427,33984,1782687,1308816,317782961,ransom,
15334786,16664,1313159,1209498,379420180,ransom,
12527523,16065,1002894,867942,306507878,ransom,
15925934,44036,1798524,1299046,335082192,ransom,
14700509,17878,1470898,1289407,366408064,ransom,
11427308,15581,1038968,902999,278672914,ransom,
14554950,16223,1237887,1123151,350312126,ransom,
17131646,38407,1895002,1372954,386029311,ransom,
11128391,18135,1084537,832361,258764590,ransom,
12363436,17373,1240697,897106,285930341,ransom,
22287326,108642,2195429,1374159,419938579,ransom,
11490853,15048,1361141,1118120,282818133,ransom,
9085345,11984,1059216,921364,222910759,ransom,
13017733,16545,1229466,1081896,317513015,ransom,
13684039,35169,1571937,1113184,283966329,ransom,
14511952,18444,1231386,1072635,354668991,ransom,
12944868,14484,1137833,1049444,318657546,ransom,
12169244,27993,1226331,843713,254647397,ransom,
6277143,14736,947654,716625,151555416,ransom,
12076675,13979,1118905,1034356,296206483,ransom,
11222742,14021,915221,780909,275133590,ransom,
15329406,102131,1655694,1133237,297697648,ransom,
17006500,22727,1535081,1356526,419693457,ransom,
11384499,15580,1033585,893143,278953568,ransom,
12174151,14479,1014710,906661,274962513,ransom,
15618753,41433,2086847,1496880,358148665,ransom,
12195660,13000,1108923,1014615,304690011,ransom,
9492403,12895,1024854,894789,231903434,ransom,
15405308,37159,1626845,1169088,329528667,ransom,
12245414,20602,1381945,1157175,302152835,ransom,
10855074,14802,825219,677137,269242795,ransom,
15809847,44370,1389984,1261461,377002183,ransom,
19635744,118195,2046922,1434773,395369652,ransom,
6788082,13438,678388,539467,167673028,ransom,
10258828,11749,969254,892232,253248735,ransom,
10034624,23197,901916,699990,213731613,ransom,
15502876,32482,1856365,1451254,365717649,ransom,
13717665,18672,1200311,1055222,333754595,ransom,
9310650,14483,699829,544327,235347574,ransom,
15376060,37625,1999325,1499793,338352442,ransom,
11391828,18714,1247852,1085039,281008573,ransom,
861858,4017,438264,393151,22984317,ransom,
3713689,25183,1229236,1028588,68560888,ransom,
1977340,42000,731812,240674,13534978,ransom,
815583,5880,251109,37309,4070713,ransom,
1234384,12399,352291,53853,5951763,ransom,
2994976,78397,754585,224077,19397033,ransom,
0,0,0,0,0,ransom,
